<root name="Unit26HorisontDeath_mc" isGlobal="0" frameRate="30" version="3.0">
 <armature name="Unit26HorisontDeath_mc">
  <skin name="default">
   <slot name="Layer 1" z="0" parent="Layer 1">
    <display name="Shape/shape 10577" type="image">
     <transform scX="1" x="0" scY="1" y="0" pX="40" pY="57" skX="0" skY="0"/>
    </display>
    <display name="Shape/shape 10579" type="image">
     <transform scX="1" x="0" scY="1" y="0" pX="40" pY="57" skX="0" skY="0"/>
    </display>
    <display name="Shape/shape 10581" type="image">
     <transform scX="1" x="0" scY="1" y="0" pX="40" pY="57" skX="0" skY="0"/>
    </display>
    <display name="Shape/shape 10583" type="image">
     <transform scX="1" x="0" scY="1" y="0" pX="40" pY="57" skX="0" skY="0"/>
    </display>
    <display name="Shape/shape 10585" type="image">
     <transform scX="1" x="0" scY="1" y="0" pX="40" pY="57" skX="0" skY="0"/>
    </display>
    <display name="Shape/shape 10587" type="image">
     <transform scX="1" x="0" scY="1" y="0" pX="40" pY="57" skX="0" skY="0"/>
    </display>
    <display name="Shape/shape 10589" type="image">
     <transform scX="1" x="0" scY="1" y="0" pX="40" pY="57" skX="0" skY="0"/>
    </display>
    <display name="Shape/shape 10591" type="image">
     <transform scX="1" x="0" scY="1" y="0" pX="40" pY="57" skX="0" skY="0"/>
    </display>
    <display name="Shape/shape 10593" type="image">
     <transform scX="1" x="0" scY="1" y="0" pX="40" pY="57" skX="0" skY="0"/>
    </display>
    <display name="Shape/shape 10595" type="image">
     <transform scX="1" x="0" scY="1" y="0" pX="40" pY="57" skX="0" skY="0"/>
    </display>
    <display name="Shape/shape 10597" type="image">
     <transform scX="1" x="0" scY="1" y="0" pX="40" pY="57" skX="0" skY="0"/>
    </display>
    <display name="Shape/shape 10599" type="image">
     <transform scX="1" x="0" scY="1" y="0" pX="40" pY="57" skX="0" skY="0"/>
    </display>
    <display name="Shape/shape 10601" type="image">
     <transform scX="1" x="0" scY="1" y="0" pX="40" pY="57" skX="0" skY="0"/>
    </display>
    <display name="Shape/shape 10603" type="image">
     <transform scX="1" x="0" scY="1" y="0" pX="40" pY="57" skX="0" skY="0"/>
    </display>
    <display name="Shape/shape 10605" type="image">
     <transform scX="1" x="0" scY="1" y="0" pX="40" pY="57" skX="0" skY="0"/>
    </display>
    <display name="Shape/shape 10607" type="image">
     <transform scX="1" x="0" scY="1" y="0" pX="40" pY="57" skX="0" skY="0"/>
    </display>
    <display name="Shape/shape 10609" type="image">
     <transform scX="1" x="0" scY="1" y="0" pX="40" pY="57" skX="0" skY="0"/>
    </display>
    <display name="Shape/shape 10611" type="image">
     <transform scX="1" x="0" scY="1" y="0" pX="40" pY="57" skX="0" skY="0"/>
    </display>
    <display name="Shape/shape 10613" type="image">
     <transform scX="1" x="0" scY="1" y="0" pX="40" pY="57" skX="0" skY="0"/>
    </display>
    <display name="Shape/shape 10615" type="image">
     <transform scX="1" x="0" scY="1" y="0" pX="40" pY="57" skX="0" skY="0"/>
    </display>
    <display name="Shape/shape 10617" type="image">
     <transform scX="1" x="0" scY="1" y="0" pX="40" pY="57" skX="0" skY="0"/>
    </display>
    <display name="Shape/shape 10619" type="image">
     <transform scX="1" x="0" scY="1" y="0" pX="40" pY="57" skX="0" skY="0"/>
    </display>
    <display name="Shape/shape 10621" type="image">
     <transform scX="1" x="0" scY="1" y="0" pX="40" pY="57" skX="0" skY="0"/>
    </display>
    <display name="Shape/shape 10623" type="image">
     <transform scX="1" x="0" scY="1" y="0" pX="40" pY="57" skX="0" skY="0"/>
    </display>
    <display name="Shape/shape 10625" type="image">
     <transform scX="1" x="0" scY="1" y="0" pX="40" pY="57" skX="0" skY="0"/>
    </display>
    <display name="Shape/shape 10627" type="image">
     <transform scX="1" x="0" scY="1" y="0" pX="40" pY="57" skX="0" skY="0"/>
    </display>
    <display name="Shape/shape 10629" type="image">
     <transform scX="1" x="0" scY="1" y="0" pX="40" pY="57" skX="0" skY="0"/>
    </display>
    <display name="Shape/shape 10631" type="image">
     <transform scX="1" x="0" scY="1" y="0" pX="40" pY="57" skX="0" skY="0"/>
    </display>
    <display name="Shape/shape 10633" type="image">
     <transform scX="1" x="0" scY="1" y="0" pX="40" pY="57" skX="0" skY="0"/>
    </display>
   </slot>
  </skin>
  <bone name="Layer 1">
   <transform scX="1" x="0" skX="0" scY="1" y="0" skY="0"/>
  </bone>
  <animation fadeInTime="0.3" scale="1" loop="1" autoTween="NaN" name="Unit26HorisontDeath_mc" duration="36" tweenEasing="NaN">
   <timeline pX="0" name="Layer 1" pY="0" scale="1" offset="0">
    <frame z="0" duration="2">
     <transform scX="1" x="0" scY="1" y="0" pX="0" pY="0" skX="0" skY="0"/>
    </frame>
    <frame displayIndex="1" z="0" duration="2">
     <transform scX="1" x="0" scY="1" y="0" pX="0" pY="0" skX="0" skY="0"/>
    </frame>
    <frame displayIndex="2" z="0" duration="2">
     <transform scX="1" x="0" scY="1" y="0" pX="0" pY="0" skX="0" skY="0"/>
    </frame>
    <frame displayIndex="3" z="0" duration="2">
     <transform scX="1" x="0" scY="1" y="0" pX="0" pY="0" skX="0" skY="0"/>
    </frame>
    <frame displayIndex="4" z="0" duration="1">
     <transform scX="1" x="0" scY="1" y="0" pX="0" pY="0" skX="0" skY="0"/>
    </frame>
    <frame displayIndex="5" z="0" duration="2">
     <transform scX="1" x="0" scY="1" y="0" pX="0" pY="0" skX="0" skY="0"/>
    </frame>
    <frame displayIndex="6" z="0" duration="2">
     <transform scX="1" x="0" scY="1" y="0" pX="0" pY="0" skX="0" skY="0"/>
    </frame>
    <frame displayIndex="7" z="0" duration="2">
     <transform scX="1" x="0" scY="1" y="0" pX="0" pY="0" skX="0" skY="0"/>
    </frame>
    <frame displayIndex="8" z="0" duration="1">
     <transform scX="1" x="0" scY="1" y="0" pX="0" pY="0" skX="0" skY="0"/>
    </frame>
    <frame displayIndex="9" z="0" duration="1">
     <transform scX="1" x="0" scY="1" y="0" pX="0" pY="0" skX="0" skY="0"/>
    </frame>
    <frame displayIndex="10" z="0" duration="1">
     <transform scX="1" x="0" scY="1" y="0" pX="0" pY="0" skX="0" skY="0"/>
    </frame>
    <frame displayIndex="11" z="0" duration="1">
     <transform scX="1" x="0" scY="1" y="0" pX="0" pY="0" skX="0" skY="0"/>
    </frame>
    <frame displayIndex="12" z="0" duration="1">
     <transform scX="1" x="0" scY="1" y="0" pX="0" pY="0" skX="0" skY="0"/>
    </frame>
    <frame displayIndex="13" z="0" duration="1">
     <transform scX="1" x="0" scY="1" y="0" pX="0" pY="0" skX="0" skY="0"/>
    </frame>
    <frame displayIndex="14" z="0" duration="1">
     <transform scX="1" x="0" scY="1" y="0" pX="0" pY="0" skX="0" skY="0"/>
    </frame>
    <frame displayIndex="15" z="0" duration="1">
     <transform scX="1" x="0" scY="1" y="0" pX="0" pY="0" skX="0" skY="0"/>
    </frame>
    <frame displayIndex="16" z="0" duration="1">
     <transform scX="1" x="0" scY="1" y="0" pX="0" pY="0" skX="0" skY="0"/>
    </frame>
    <frame displayIndex="17" z="0" duration="1">
     <transform scX="1" x="0" scY="1" y="0" pX="0" pY="0" skX="0" skY="0"/>
    </frame>
    <frame displayIndex="18" z="0" duration="1">
     <transform scX="1" x="0" scY="1" y="0" pX="0" pY="0" skX="0" skY="0"/>
    </frame>
    <frame displayIndex="19" z="0" duration="1">
     <transform scX="1" x="0" scY="1" y="0" pX="0" pY="0" skX="0" skY="0"/>
    </frame>
    <frame displayIndex="20" z="0" duration="1">
     <transform scX="1" x="0" scY="1" y="0" pX="0" pY="0" skX="0" skY="0"/>
    </frame>
    <frame displayIndex="21" z="0" duration="1">
     <transform scX="1" x="0" scY="1" y="0" pX="0" pY="0" skX="0" skY="0"/>
    </frame>
    <frame displayIndex="22" z="0" duration="1">
     <transform scX="1" x="0" scY="1" y="0" pX="0" pY="0" skX="0" skY="0"/>
    </frame>
    <frame displayIndex="23" z="0" duration="1">
     <transform scX="1" x="0" scY="1" y="0" pX="0" pY="0" skX="0" skY="0"/>
    </frame>
    <frame displayIndex="24" z="0" duration="1">
     <transform scX="1" x="0" scY="1" y="0" pX="0" pY="0" skX="0" skY="0"/>
    </frame>
    <frame displayIndex="25" z="0" duration="1">
     <transform scX="1" x="0" scY="1" y="0" pX="0" pY="0" skX="0" skY="0"/>
    </frame>
    <frame displayIndex="26" z="0" duration="1">
     <transform scX="1" x="0" scY="1" y="0" pX="0" pY="0" skX="0" skY="0"/>
    </frame>
    <frame displayIndex="27" z="0" duration="1">
     <transform scX="1" x="0" scY="1" y="0" pX="0" pY="0" skX="0" skY="0"/>
    </frame>
    <frame displayIndex="28" z="0" duration="1">
     <transform scX="1" x="0" scY="1" y="0" pX="0" pY="0" skX="0" skY="0"/>
    </frame>
   </timeline>
  </animation>
 </armature>
</root>