<TextureAtlas name="Unit26HorisontDeath_mc" imagePath="texture.png">
 <SubTexture name="Shape/shape 10577" x="82" y="320" width="80" height="78"/>
 <SubTexture name="Shape/shape 10579" x="410" y="0" width="80" height="78"/>
 <SubTexture name="Shape/shape 10581" x="246" y="0" width="80" height="78"/>
 <SubTexture name="Shape/shape 10583" x="0" y="160" width="80" height="78"/>
 <SubTexture name="Shape/shape 10585" x="82" y="0" width="80" height="78"/>
 <SubTexture name="Shape/shape 10587" x="328" y="240" width="80" height="78"/>
 <SubTexture name="Shape/shape 10589" x="164" y="160" width="80" height="78"/>
 <SubTexture name="Shape/shape 10591" x="328" y="320" width="80" height="78"/>
 <SubTexture name="Shape/shape 10593" x="246" y="160" width="80" height="78"/>
 <SubTexture name="Shape/shape 10595" x="410" y="160" width="80" height="78"/>
 <SubTexture name="Shape/shape 10597" x="328" y="80" width="80" height="78"/>
 <SubTexture name="Shape/shape 10599" x="82" y="80" width="80" height="78"/>
 <SubTexture name="Shape/shape 10601" x="82" y="240" width="80" height="78"/>
 <SubTexture name="Shape/shape 10603" x="410" y="240" width="80" height="78"/>
 <SubTexture name="Shape/shape 10605" x="0" y="80" width="80" height="78"/>
 <SubTexture name="Shape/shape 10607" x="328" y="0" width="80" height="78"/>
 <SubTexture name="Shape/shape 10609" x="82" y="160" width="80" height="78"/>
 <SubTexture name="Shape/shape 10611" x="164" y="240" width="80" height="78"/>
 <SubTexture name="Shape/shape 10613" x="246" y="240" width="80" height="78"/>
 <SubTexture name="Shape/shape 10615" x="246" y="320" width="80" height="78"/>
 <SubTexture name="Shape/shape 10617" x="0" y="240" width="80" height="78"/>
 <SubTexture name="Shape/shape 10619" x="164" y="0" width="80" height="78"/>
 <SubTexture name="Shape/shape 10621" x="410" y="80" width="80" height="78"/>
 <SubTexture name="Shape/shape 10623" x="328" y="160" width="80" height="78"/>
 <SubTexture name="Shape/shape 10625" x="0" y="0" width="80" height="78"/>
 <SubTexture name="Shape/shape 10627" x="164" y="320" width="80" height="78"/>
 <SubTexture name="Shape/shape 10629" x="164" y="80" width="80" height="78"/>
 <SubTexture name="Shape/shape 10631" x="246" y="80" width="80" height="78"/>
 <SubTexture name="Shape/shape 10633" x="0" y="320" width="80" height="78"/>
</TextureAtlas>