<dragonBones name="1yrt" frameRate="30" version="2.3">
 <armature name="BuildTowerSmoke_mc">
  <bone name="Layer 1">
   <transform x="0" y="0" skX="0" skY="0" scX="1" scY="1"/>
  </bone>
  <skin name="default">
   <slot name="Layer 1" parent="Layer 1" z="0">
    <display name="Shape/shape 6319" type="image">
     <transform x="0" y="0" skX="0" skY="0" scX="1" scY="1" pX="41" pY="57"/>
    </display>
    <display name="Shape/shape 6321" type="image">
     <transform x="0" y="0" skX="0" skY="0" scX="1" scY="1" pX="41" pY="57"/>
    </display>
    <display name="Shape/shape 6323" type="image">
     <transform x="0" y="0" skX="0" skY="0" scX="1" scY="1" pX="41" pY="57"/>
    </display>
    <display name="Shape/shape 6325" type="image">
     <transform x="0" y="0" skX="0" skY="0" scX="1" scY="1" pX="41" pY="57"/>
    </display>
    <display name="Shape/shape 6327" type="image">
     <transform x="0" y="0" skX="0" skY="0" scX="1" scY="1" pX="41" pY="57"/>
    </display>
    <display name="Shape/shape 6329" type="image">
     <transform x="0" y="0" skX="0" skY="0" scX="1" scY="1" pX="41" pY="57"/>
    </display>
    <display name="Shape/shape 6331" type="image">
     <transform x="0" y="0" skX="0" skY="0" scX="1" scY="1" pX="41" pY="57"/>
    </display>
    <display name="Shape/shape 6333" type="image">
     <transform x="0" y="0" skX="0" skY="0" scX="1" scY="1" pX="41" pY="57"/>
    </display>
    <display name="Shape/shape 6335" type="image">
     <transform x="0" y="0" skX="0" skY="0" scX="1" scY="1" pX="41" pY="57"/>
    </display>
   </slot>
  </skin>
  <animation name="BuildTowerSmoke_mc" fadeInTime="0.3" duration="13" scale="1" loop="1" autoTween="1" tweenEasing="NaN">
   <timeline name="Layer 1" scale="1" offset="0">
    <frame z="0" duration="1">
     <transform x="0" y="0" skX="0" skY="0" scX="1" scY="1" pX="0" pY="0"/>
    </frame>
    <frame z="0" displayIndex="1" duration="1">
     <transform x="0" y="0" skX="0" skY="0" scX="1" scY="1" pX="0" pY="0"/>
    </frame>
    <frame z="0" displayIndex="2" duration="1">
     <transform x="0" y="0" skX="0" skY="0" scX="1" scY="1" pX="0" pY="0"/>
    </frame>
    <frame z="0" displayIndex="3" duration="2">
     <transform x="0" y="0" skX="0" skY="0" scX="1" scY="1" pX="0" pY="0"/>
    </frame>
    <frame z="0" displayIndex="4" duration="2">
     <transform x="0" y="0" skX="0" skY="0" scX="1" scY="1" pX="0" pY="0"/>
    </frame>
    <frame z="0" displayIndex="5" duration="2">
     <transform x="0" y="0" skX="0" skY="0" scX="1" scY="1" pX="0" pY="0"/>
    </frame>
    <frame z="0" displayIndex="6" duration="2">
     <transform x="0" y="0" skX="0" skY="0" scX="1" scY="1" pX="0" pY="0"/>
    </frame>
    <frame z="0" displayIndex="7" duration="1">
     <transform x="0" y="0" skX="0" skY="0" scX="1" scY="1" pX="0" pY="0"/>
    </frame>
    <frame z="0" displayIndex="8" duration="1">
     <transform x="0" y="0" skX="0" skY="0" scX="1" scY="1" pX="0" pY="0"/>
    </frame>
   </timeline>
  </animation>
 </armature>
</dragonBones>