{"armature":[{"skin":[{"name":"default","slot":[{"name":"shadow","z":0,"display":[{"transform":{"pX":10,"pY":10},"name":"shadow","type":"image"}],"parent":"shadow"},{"name":"contSlot","z":1,"display":[{"transform":{},"name":"contSlot","type":"armature"}],"parent":"contSlot"}]}],"name":"unit5","bone":[{"transform":{"scX":1.74,"x":-1.9,"scY":0.75,"y":-0.85},"name":"shadow"},{"transform":{"x":0.1,"y":0.65},"name":"contSlot"}],"animation":[{"name":"cont","timeline":[{"name":"shadow","frame":[{"z":0,"transform":{},"duration":1},{"transform":{"x":0.5},"z":0,"duration":7,"tweenEasing":0},{"transform":{"x":0.5},"z":0,"duration":5,"tweenEasing":0},{"transform":{"x":-0.9},"z":0,"duration":4,"tweenEasing":0},{"transform":{"x":3.85},"z":0,"duration":1,"tweenEasing":0},{"z":0,"transform":{"x":2.15},"duration":1},{"transform":{"x":0.5},"z":0,"duration":9,"tweenEasing":0},{"transform":{"x":0.5},"z":0,"duration":2,"tweenEasing":0},{"transform":{"scX":0.977,"x":0.2,"y":1.1,"skX":-1.95,"skY":0.55},"z":0,"duration":3,"tweenEasing":0},{"transform":{"scX":0.9368,"x":-0.35,"y":2.85,"skX":-4.49,"skY":1.76},"z":0,"duration":4,"tweenEasing":0},{"transform":{"scX":0.977,"x":1.7,"scY":0.9733,"y":4.15,"skX":2.77,"skY":3.05},"z":0,"duration":2,"tweenEasing":0},{"z":0,"transform":{"x":0.5},"duration":1},{"z":0,"transform":{"x":0.5},"duration":1}]},{"name":"contSlot","frame":[{"transform":{},"z":0,"duration":8,"tweenEasing":0},{"transform":{"x":-0.1,"y":-0.65},"z":0,"duration":2,"tweenEasing":0},{"transform":{"x":0.35,"y":-0.5,"skX":-4.54,"skY":-1.76},"z":0,"duration":2,"tweenEasing":0},{"transform":{"x":0.7,"scY":1.01,"y":-0.2,"skX":-9.09,"skY":-3.52},"z":0,"duration":1,"tweenEasing":0},{"transform":{"x":1,"scY":1.01,"y":-0.05,"skX":-11.36,"skY":-4.31},"z":0,"duration":2,"tweenEasing":0},{"transform":{"x":1.85,"y":-0.45,"skX":-4.58,"skY":-2.06},"z":0,"duration":2,"tweenEasing":0},{"transform":{"x":2.8,"y":-0.65,"skX":2.01},"z":0,"duration":2,"tweenEasing":0},{"z":0,"transform":{"x":0.85,"y":-0.65,"skX":0.54},"duration":1},{"transform":{"x":-0.1,"y":-0.65},"z":0,"duration":8,"tweenEasing":0},{"transform":{"x":-0.1,"y":-0.65},"z":0,"duration":5,"tweenEasing":0},{"transform":{"scX":0.96,"x":-0.5,"scY":1.03,"y":2.55,"skX":-4.24,"skY":0.01},"z":0,"duration":4,"tweenEasing":0},{"transform":{"scX":0.96,"x":0.65,"scY":1.03,"y":3.55,"skX":1.55,"skY":0.01},"z":0,"duration":2,"tweenEasing":0},{"z":0,"transform":{"scX":0.98,"x":0.15,"scY":1.01,"y":0.75,"skX":0.51},"duration":1},{"z":0,"transform":{"scX":0.98,"x":0.15,"scY":1.01,"y":0.75,"skX":0.51},"duration":1}]}],"frame":[{"duration":40},{"duration":1}],"autoTween":null,"fadeInTime":0.3,"duration":41,"tweenEasing":null}]},{"skin":[{"name":"default","slot":[{"name":"contSlot","z":0,"display":[{"transform":{"pX":16,"pY":34},"name":"Shape/shape 2422","type":"image"},{"transform":{"pX":15,"pY":34},"name":"Shape/shape 2424","type":"image"}],"parent":"contSlot"}]}],"name":"contSlot","bone":[{"transform":{},"name":"contSlot"}],"animation":[{"fadeInTime":0.3,"timeline":[{"name":"contSlot","frame":[{"z":0,"transform":{},"duration":1},{"displayIndex":1,"transform":{},"z":0,"duration":1},{"displayIndex":1,"transform":{},"z":0,"duration":1}]}],"autoTween":null,"name":"dir","duration":3,"tweenEasing":null}]}],"name":"unit5","isGlobal":0,"frameRate":30,"version":"3.0"}