<TextureAtlas name="Unit11_mc" imagePath="texture.png">
 <SubTexture name="dust4" x="416" y="0" width="50" height="50"/>
 <SubTexture name="selectUnit" x="52" y="52" width="50" height="50"/>
 <SubTexture name="sprite 7652" x="156" y="0" width="50" height="50"/>
 <SubTexture name="healthBar" x="364" y="52" width="50" height="50"/>
 <SubTexture name="armor" x="104" y="104" width="50" height="50"/>
 <SubTexture name="iceEffect" x="0" y="0" width="50" height="50"/>
 <SubTexture name="fireEffect" x="0" y="52" width="50" height="50"/>
 <SubTexture name="iceFreez" x="104" y="52" width="50" height="50"/>
 <SubTexture name="levinattack" x="312" y="52" width="50" height="50"/>
 <SubTexture name="iceattack" x="52" y="0" width="50" height="50"/>
 <SubTexture name="fireattack" x="312" y="0" width="50" height="50"/>
 <SubTexture name="dust3" x="104" y="0" width="50" height="50"/>
 <SubTexture name="dust2" x="52" y="104" width="50" height="50"/>
 <SubTexture name="dust1" x="0" y="104" width="50" height="50"/>
 <SubTexture name="buffSpeed" x="260" y="0" width="50" height="50"/>
 <SubTexture name="airShock" x="156" y="52" width="50" height="50"/>
 <SubTexture name="buffHP" x="260" y="52" width="50" height="50"/>
 <SubTexture name="iceDeath" x="208" y="52" width="50" height="50"/>
 <SubTexture name="stonedeath" x="416" y="52" width="50" height="50"/>
 <SubTexture name="levindeath" x="364" y="0" width="50" height="50"/>
 <SubTexture name="case" x="208" y="0" width="50" height="50"/>
 <SubTexture name="Shape/shape 2709" x="429" y="192" width="41" height="36"/>
 <SubTexture name="Shape/shape 2711" x="0" y="233" width="41" height="36"/>
 <SubTexture name="Shape/shape 2713" x="343" y="182" width="41" height="36"/>
 <SubTexture name="Shape/shape 2715" x="386" y="220" width="41" height="36"/>
 <SubTexture name="Shape/shape 2717" x="86" y="233" width="41" height="36"/>
 <SubTexture name="Shape/shape 2719" x="129" y="221" width="41" height="36"/>
 <SubTexture name="Shape/shape 2721" x="468" y="38" width="41" height="36"/>
 <SubTexture name="Shape/shape 2723" x="43" y="233" width="41" height="36"/>
 <SubTexture name="Shape/shape 2725" x="172" y="221" width="41" height="36"/>
 <SubTexture name="Shape/shape 2727" x="429" y="230" width="41" height="36"/>
 <SubTexture name="Shape/shape 2729" x="386" y="182" width="41" height="36"/>
 <SubTexture name="Shape/shape 2731" x="86" y="195" width="41" height="36"/>
 <SubTexture name="Shape/shape 2733" x="468" y="76" width="41" height="36"/>
 <SubTexture name="Shape/shape 2735" x="0" y="195" width="41" height="36"/>
 <SubTexture name="Shape/shape 2737" x="343" y="220" width="41" height="36"/>
 <SubTexture name="Shape/shape 2739" x="215" y="221" width="41" height="36"/>
 <SubTexture name="Shape/shape 2741" x="300" y="220" width="41" height="36"/>
 <SubTexture name="Shape/shape 2743" x="43" y="195" width="41" height="36"/>
 <SubTexture name="Shape/shape 2745" x="300" y="182" width="41" height="36"/>
 <SubTexture name="Shape/shape 2747" x="468" y="0" width="41" height="36"/>
 <SubTexture name="Shape/shape 2749" x="156" y="104" width="48" height="37"/>
 <SubTexture name="Shape/shape 2751" x="256" y="104" width="48" height="37"/>
 <SubTexture name="Shape/shape 2753" x="406" y="104" width="48" height="37"/>
 <SubTexture name="Shape/shape 2755" x="0" y="156" width="48" height="37"/>
 <SubTexture name="Shape/shape 2757" x="256" y="143" width="48" height="37"/>
 <SubTexture name="Shape/shape 2759" x="200" y="182" width="48" height="37"/>
 <SubTexture name="Shape/shape 2761" x="50" y="156" width="48" height="37"/>
 <SubTexture name="Shape/shape 2763" x="250" y="182" width="48" height="37"/>
 <SubTexture name="Shape/shape 2765" x="150" y="182" width="48" height="37"/>
 <SubTexture name="Shape/shape 2767" x="456" y="153" width="48" height="37"/>
 <SubTexture name="Shape/shape 2768" x="206" y="104" width="48" height="37"/>
 <SubTexture name="Shape/shape 2769" x="406" y="143" width="48" height="37"/>
 <SubTexture name="Shape/shape 2770" x="156" y="143" width="48" height="37"/>
 <SubTexture name="Shape/shape 2771" x="356" y="104" width="48" height="37"/>
 <SubTexture name="Shape/shape 2772" x="456" y="114" width="48" height="37"/>
 <SubTexture name="Shape/shape 2773" x="356" y="143" width="48" height="37"/>
 <SubTexture name="Shape/shape 2774" x="306" y="143" width="48" height="37"/>
 <SubTexture name="Shape/shape 2775" x="306" y="104" width="48" height="37"/>
 <SubTexture name="Shape/shape 2776" x="100" y="156" width="48" height="37"/>
 <SubTexture name="Shape/shape 2777" x="206" y="143" width="48" height="37"/>
</TextureAtlas>