<TextureAtlas name="UnitBase_mc" imagePath="texture.png">
 <SubTexture name="Shape/shape 8177" x="957" y="0" width="55" height="59"/>
 <SubTexture name="Shape/shape 8179" x="957" y="122" width="55" height="59"/>
 <SubTexture name="Shape/shape 8183" x="553" y="229" width="28" height="39"/>
 <SubTexture name="Shape/shape 8187" x="319" y="188" width="28" height="39"/>
 <SubTexture name="Shape/shape 8189" x="85" y="147" width="28" height="39"/>
 <SubTexture name="Shape/shape 8193" x="553" y="147" width="28" height="39"/>
 <SubTexture name="Shape/shape 8195" x="319" y="229" width="28" height="39"/>
 <SubTexture name="Shape/shape 8197" x="85" y="188" width="28" height="39"/>
 <SubTexture name="Shape/shape 8199" x="553" y="188" width="28" height="39"/>
 <SubTexture name="Shape/shape 8201" x="319" y="147" width="28" height="39"/>
 <SubTexture name="Shape/shape 8203" x="85" y="229" width="28" height="39"/>
 <SubTexture name="Shape/shape 8181" x="957" y="244" width="55" height="59"/>
 <SubTexture name="Shape/shape 8185" x="957" y="183" width="55" height="59"/>
 <SubTexture name="Shape/shape 8191" x="957" y="61" width="55" height="59"/>
 <SubTexture name="Shape/shape 8151" x="468" y="299" width="66" height="62"/>
 <SubTexture name="Shape/shape 8153" x="113" y="363" width="66" height="62"/>
 <SubTexture name="Shape/shape 8155" x="872" y="304" width="66" height="62"/>
 <SubTexture name="__dbTextures/stoneDeath/Layer 1_3" x="600" y="489" width="30" height="11"/>
 <SubTexture name="__dbTextures/stoneDeath/Layer 1_4" x="597" y="597" width="30" height="11"/>
 <SubTexture name="__dbTextures/stoneDeath/Layer 1_5" x="801" y="545" width="30" height="11"/>
 <SubTexture name="__dbTextures/stoneDeath/Layer 1_6" x="598" y="525" width="30" height="11"/>
 <SubTexture name="__dbTextures/stoneDeath/Layer 1_7" x="205" y="661" width="30" height="11"/>
 <SubTexture name="__dbTextures/stoneDeath/Layer 1_8" x="205" y="673" width="30" height="11"/>
 <SubTexture name="__dbTextures/stoneDeath/Layer 1_9" x="801" y="557" width="30" height="11"/>
 <SubTexture name="__dbTextures/stoneDeath/Layer 1_10" x="353" y="662" width="30" height="11"/>
 <SubTexture name="__dbTextures/stoneDeath/Layer 1_11" x="598" y="549" width="30" height="11"/>
 <SubTexture name="__dbTextures/stoneDeath/Layer 1_12" x="801" y="521" width="30" height="11"/>
 <SubTexture name="__dbTextures/stoneDeath/Layer 1_13" x="801" y="533" width="30" height="11"/>
 <SubTexture name="__dbTextures/stoneDeath/Layer 1_14" x="598" y="561" width="30" height="11"/>
 <SubTexture name="__dbTextures/stoneDeath/Layer 1_15" x="600" y="501" width="30" height="11"/>
 <SubTexture name="__dbTextures/stoneDeath/Layer 1_16" x="801" y="497" width="30" height="11"/>
 <SubTexture name="__dbTextures/stoneDeath/Layer 1_17" x="597" y="585" width="30" height="11"/>
 <SubTexture name="__dbTextures/stoneDeath/Layer 1_18" x="598" y="537" width="30" height="11"/>
 <SubTexture name="__dbTextures/stoneDeath/Layer 1_19" x="353" y="674" width="30" height="11"/>
 <SubTexture name="__dbTextures/stoneDeath/Layer 1_20" x="597" y="573" width="30" height="11"/>
 <SubTexture name="__dbTextures/stoneDeath/Layer 1_21" x="801" y="509" width="30" height="11"/>
 <SubTexture name="Shape/shape 8174" x="600" y="513" width="30" height="11"/>
 <SubTexture name="Shape/shape 8158" x="770" y="304" width="66" height="62"/>
 <SubTexture name="Shape/shape 8160" x="234" y="299" width="66" height="62"/>
 <SubTexture name="Shape/shape 8162" x="940" y="305" width="66" height="62"/>
 <SubTexture name="Shape/shape 8164" x="581" y="299" width="66" height="62"/>
 <SubTexture name="Shape/shape 8166" x="113" y="299" width="66" height="62"/>
 <SubTexture name="Shape/shape 8168" x="702" y="304" width="66" height="62"/>
 <SubTexture name="Shape/shape 8170" x="347" y="299" width="66" height="62"/>
 <SubTexture name="Shape/shape 8172" x="229" y="363" width="66" height="62"/>
 <SubTexture name="Shape/shape 8123" x="679" y="523" width="39" height="42"/>
 <SubTexture name="Shape/shape 8125" x="411" y="458" width="39" height="42"/>
 <SubTexture name="Shape/shape 8127" x="760" y="479" width="39" height="42"/>
 <SubTexture name="Shape/shape 8129" x="408" y="502" width="39" height="42"/>
 <SubTexture name="Shape/shape 8131" x="278" y="508" width="39" height="42"/>
 <SubTexture name="Shape/shape 8132" x="760" y="523" width="39" height="42"/>
 <SubTexture name="Shape/shape 8134" x="449" y="503" width="39" height="42"/>
 <SubTexture name="Shape/shape 8136" x="629" y="540" width="39" height="42"/>
 <SubTexture name="Shape/shape 8138" x="448" y="547" width="39" height="42"/>
 <SubTexture name="Shape/shape 8140" x="330" y="506" width="39" height="42"/>
 <SubTexture name="Shape/shape 8142" x="331" y="462" width="39" height="42"/>
 <SubTexture name="Shape/shape 8144" x="407" y="546" width="39" height="42"/>
 <SubTexture name="Shape/shape 8146" x="683" y="479" width="39" height="42"/>
 <SubTexture name="Shape/shape 8148" x="56" y="527" width="39" height="42"/>
 <SubTexture name="Shape/shape 8072" x="726" y="432" width="32" height="54"/>
 <SubTexture name="Shape/shape 8074" x="668" y="203" width="32" height="54"/>
 <SubTexture name="Shape/shape 8076" x="536" y="361" width="32" height="54"/>
 <SubTexture name="Shape/shape 8078" x="536" y="305" width="32" height="54"/>
 <SubTexture name="Shape/shape 8080" x="871" y="423" width="32" height="54"/>
 <SubTexture name="Shape/shape 8082" x="767" y="423" width="32" height="54"/>
 <SubTexture name="Shape/shape 8084" x="434" y="259" width="32" height="54"/>
 <SubTexture name="Shape/shape 8086" x="601" y="433" width="32" height="54"/>
 <SubTexture name="Shape/shape 8088" x="200" y="259" width="32" height="54"/>
 <SubTexture name="Shape/shape 8090" x="668" y="147" width="32" height="54"/>
 <SubTexture name="Shape/shape 8092" x="302" y="355" width="32" height="54"/>
 <SubTexture name="Shape/shape 8094" x="668" y="259" width="32" height="54"/>
 <SubTexture name="Shape/shape 8096" x="434" y="147" width="32" height="54"/>
 <SubTexture name="Shape/shape 8098" x="434" y="203" width="32" height="54"/>
 <SubTexture name="Shape/shape 8100" x="567" y="418" width="32" height="54"/>
 <SubTexture name="Shape/shape 8102" x="692" y="423" width="32" height="54"/>
 <SubTexture name="Shape/shape 8104" x="200" y="203" width="32" height="54"/>
 <SubTexture name="Shape/shape 8106" x="297" y="411" width="32" height="54"/>
 <SubTexture name="Shape/shape 8108" x="838" y="360" width="32" height="54"/>
 <SubTexture name="Shape/shape 8110" x="801" y="425" width="32" height="54"/>
 <SubTexture name="Shape/shape 8112" x="837" y="416" width="32" height="54"/>
 <SubTexture name="Shape/shape 8114" x="533" y="417" width="32" height="54"/>
 <SubTexture name="Shape/shape 8116" x="838" y="304" width="32" height="54"/>
 <SubTexture name="Shape/shape 8118" x="200" y="147" width="32" height="54"/>
 <SubTexture name="Shape/shape 8120" x="377" y="433" width="32" height="54"/>
 <SubTexture name="Shape/shape 8009" x="777" y="679" width="34" height="28"/>
 <SubTexture name="Shape/shape 8011" x="420" y="663" width="34" height="28"/>
 <SubTexture name="Shape/shape 8013" x="564" y="684" width="34" height="28"/>
 <SubTexture name="Shape/shape 8015" x="92" y="649" width="34" height="28"/>
 <SubTexture name="Shape/shape 8017" x="889" y="673" width="34" height="28"/>
 <SubTexture name="Shape/shape 8019" x="36" y="684" width="34" height="28"/>
 <SubTexture name="Shape/shape 8021" x="577" y="654" width="34" height="28"/>
 <SubTexture name="Shape/shape 8023" x="685" y="661" width="34" height="28"/>
 <SubTexture name="Shape/shape 8025" x="961" y="673" width="34" height="28"/>
 <SubTexture name="Shape/shape 8027" x="813" y="682" width="34" height="28"/>
 <SubTexture name="Shape/shape 8029" x="0" y="655" width="34" height="28"/>
 <SubTexture name="Shape/shape 8031" x="41" y="654" width="34" height="28"/>
 <SubTexture name="Shape/shape 8033" x="317" y="662" width="34" height="28"/>
 <SubTexture name="Shape/shape 8035" x="169" y="661" width="34" height="28"/>
 <SubTexture name="Shape/shape 8037" x="77" y="679" width="34" height="28"/>
 <SubTexture name="Shape/shape 8039" x="817" y="652" width="34" height="28"/>
 <SubTexture name="Shape/shape 8041" x="649" y="657" width="34" height="28"/>
 <SubTexture name="Shape/shape 8043" x="384" y="662" width="34" height="28"/>
 <SubTexture name="Shape/shape 8045" x="492" y="683" width="34" height="28"/>
 <SubTexture name="Shape/shape 8047" x="505" y="653" width="34" height="28"/>
 <SubTexture name="Shape/shape 8049" x="128" y="662" width="34" height="28"/>
 <SubTexture name="Shape/shape 8051" x="456" y="669" width="34" height="28"/>
 <SubTexture name="Shape/shape 8053" x="925" y="673" width="34" height="28"/>
 <SubTexture name="Shape/shape 8055" x="613" y="656" width="34" height="28"/>
 <SubTexture name="Shape/shape 8057" x="0" y="685" width="34" height="28"/>
 <SubTexture name="Shape/shape 8059" x="528" y="684" width="34" height="28"/>
 <SubTexture name="Shape/shape 8061" x="281" y="655" width="34" height="28"/>
 <SubTexture name="Shape/shape 8063" x="853" y="666" width="34" height="28"/>
 <SubTexture name="Shape/shape 8065" x="236" y="665" width="34" height="28"/>
 <SubTexture name="Shape/shape 8067" x="541" y="654" width="34" height="28"/>
 <SubTexture name="Shape/shape 8069" x="741" y="657" width="34" height="28"/>
 <SubTexture name="Shape/shape 7965" x="702" y="76" width="83" height="74"/>
 <SubTexture name="Shape/shape 7966" x="468" y="147" width="83" height="74"/>
 <SubTexture name="Shape/shape 7968" x="234" y="147" width="83" height="74"/>
 <SubTexture name="Shape/shape 7969" x="787" y="0" width="83" height="74"/>
 <SubTexture name="Shape/shape 7971" x="702" y="152" width="83" height="74"/>
 <SubTexture name="Shape/shape 7973" x="234" y="223" width="83" height="74"/>
 <SubTexture name="Shape/shape 7975" x="583" y="147" width="83" height="74"/>
 <SubTexture name="Shape/shape 7977" x="872" y="76" width="83" height="74"/>
 <SubTexture name="Shape/shape 7979" x="349" y="147" width="83" height="74"/>
 <SubTexture name="Shape/shape 7981" x="583" y="223" width="83" height="74"/>
 <SubTexture name="Shape/shape 7983" x="0" y="223" width="83" height="74"/>
 <SubTexture name="Shape/shape 7985" x="787" y="76" width="83" height="74"/>
 <SubTexture name="Shape/shape 7987" x="115" y="147" width="83" height="74"/>
 <SubTexture name="Shape/shape 7989" x="787" y="228" width="83" height="74"/>
 <SubTexture name="Shape/shape 7991" x="787" y="152" width="83" height="74"/>
 <SubTexture name="Shape/shape 7993" x="702" y="0" width="83" height="74"/>
 <SubTexture name="Shape/shape 7994" x="872" y="228" width="83" height="74"/>
 <SubTexture name="Shape/shape 7996" x="0" y="299" width="83" height="74"/>
 <SubTexture name="Shape/shape 7997" x="468" y="223" width="83" height="74"/>
 <SubTexture name="Shape/shape 7999" x="349" y="223" width="83" height="74"/>
 <SubTexture name="Shape/shape 8000" x="115" y="223" width="83" height="74"/>
 <SubTexture name="Shape/shape 8002" x="0" y="147" width="83" height="74"/>
 <SubTexture name="Shape/shape 8003" x="702" y="228" width="83" height="74"/>
 <SubTexture name="Shape/shape 8005" x="872" y="152" width="83" height="74"/>
 <SubTexture name="Shape/shape 8006" x="872" y="0" width="83" height="74"/>
 <SubTexture name="Shape/shape 7948" x="260" y="597" width="49" height="28"/>
 <SubTexture name="Shape/shape 7950" x="319" y="550" width="49" height="28"/>
 <SubTexture name="Shape/shape 7952" x="314" y="580" width="49" height="28"/>
 <SubTexture name="Shape/shape 7954" x="879" y="598" width="49" height="28"/>
 <SubTexture name="Shape/shape 7956" x="0" y="587" width="49" height="28"/>
 <SubTexture name="Shape/shape 7958" x="828" y="577" width="49" height="28"/>
 <SubTexture name="Shape/shape 7960" x="209" y="593" width="49" height="28"/>
 <SubTexture name="Shape/shape 7962" x="148" y="594" width="49" height="28"/>
 <SubTexture name="Shape/shape 7931" x="106" y="503" width="46" height="39"/>
 <SubTexture name="Shape/shape 7933" x="58" y="486" width="46" height="39"/>
 <SubTexture name="Shape/shape 7935" x="58" y="445" width="46" height="39"/>
 <SubTexture name="Shape/shape 7937" x="282" y="467" width="46" height="39"/>
 <SubTexture name="Shape/shape 7939" x="452" y="462" width="46" height="39"/>
 <SubTexture name="Shape/shape 7941" x="635" y="458" width="46" height="39"/>
 <SubTexture name="Shape/shape 7943" x="631" y="499" width="46" height="39"/>
 <SubTexture name="Shape/shape 7945" x="957" y="500" width="46" height="39"/>
 <SubTexture name="Shape/shape 7914" x="388" y="635" width="37" height="25"/>
 <SubTexture name="Shape/shape 7916" x="622" y="629" width="37" height="25"/>
 <SubTexture name="Shape/shape 7918" x="778" y="652" width="37" height="25"/>
 <SubTexture name="Shape/shape 7920" x="466" y="642" width="37" height="25"/>
 <SubTexture name="Shape/shape 7922" x="427" y="636" width="37" height="25"/>
 <SubTexture name="Shape/shape 7924" x="905" y="646" width="37" height="25"/>
 <SubTexture name="Shape/shape 7926" x="944" y="646" width="37" height="25"/>
 <SubTexture name="Shape/shape 7928" x="983" y="646" width="37" height="25"/>
 <SubTexture name="Shape/shape 7887" x="85" y="270" width="26" height="33"/>
 <SubTexture name="Shape/shape 7889" x="384" y="398" width="26" height="33"/>
 <SubTexture name="Shape/shape 7891" x="618" y="398" width="26" height="33"/>
 <SubTexture name="Shape/shape 7893" x="871" y="479" width="26" height="33"/>
 <SubTexture name="Shape/shape 7895" x="500" y="472" width="26" height="33"/>
 <SubTexture name="Shape/shape 7897" x="618" y="363" width="26" height="33"/>
 <SubTexture name="Shape/shape 7899" x="504" y="437" width="26" height="33"/>
 <SubTexture name="Shape/shape 7901" x="85" y="340" width="26" height="33"/>
 <SubTexture name="Shape/shape 7903" x="80" y="410" width="26" height="33"/>
 <SubTexture name="Shape/shape 7905" x="384" y="363" width="26" height="33"/>
 <SubTexture name="Shape/shape 7907" x="319" y="270" width="26" height="33"/>
 <SubTexture name="Shape/shape 7908" x="553" y="270" width="26" height="33"/>
 <SubTexture name="Shape/shape 7910" x="80" y="375" width="26" height="33"/>
 <SubTexture name="Shape/shape 7911" x="85" y="305" width="26" height="33"/>
 <SubTexture name="Shape/shape 7874" x="511" y="363" width="20" height="24"/>
 <SubTexture name="Shape/shape 7875" x="745" y="368" width="20" height="24"/>
 <SubTexture name="Shape/shape 7877" x="815" y="394" width="20" height="24"/>
 <SubTexture name="Shape/shape 7878" x="511" y="389" width="20" height="24"/>
 <SubTexture name="Shape/shape 7880" x="745" y="394" width="20" height="24"/>
 <SubTexture name="Shape/shape 7881" x="58" y="401" width="20" height="24"/>
 <SubTexture name="Shape/shape 7883" x="815" y="368" width="20" height="24"/>
 <SubTexture name="Shape/shape 7884" x="58" y="375" width="20" height="24"/>
 <SubTexture name="Shape/shape 7855" x="199" y="623" width="39" height="36"/>
 <SubTexture name="Shape/shape 7857" x="347" y="624" width="39" height="36"/>
 <SubTexture name="Shape/shape 7859" x="864" y="628" width="39" height="36"/>
 <SubTexture name="Shape/shape 7861" x="128" y="624" width="39" height="36"/>
 <SubTexture name="Shape/shape 7863" x="0" y="617" width="39" height="36"/>
 <SubTexture name="Shape/shape 7865" x="700" y="623" width="39" height="36"/>
 <SubTexture name="Shape/shape 7867" x="778" y="614" width="39" height="36"/>
 <SubTexture name="Shape/shape 7869" x="51" y="616" width="39" height="36"/>
 <SubTexture name="Shape/shape 7871" x="240" y="627" width="39" height="36"/>
 <SubTexture name="Shape/shape 7821" x="920" y="369" width="46" height="53"/>
 <SubTexture name="Shape/shape 7823" x="415" y="315" width="46" height="53"/>
 <SubTexture name="Shape/shape 7825" x="649" y="315" width="46" height="53"/>
 <SubTexture name="Shape/shape 7827" x="697" y="368" width="46" height="53"/>
 <SubTexture name="Shape/shape 7829" x="463" y="363" width="46" height="53"/>
 <SubTexture name="Shape/shape 7831" x="570" y="363" width="46" height="53"/>
 <SubTexture name="Shape/shape 7833" x="767" y="368" width="46" height="53"/>
 <SubTexture name="Shape/shape 7835" x="968" y="369" width="46" height="53"/>
 <SubTexture name="Shape/shape 7837" x="336" y="363" width="46" height="53"/>
 <SubTexture name="Shape/shape 7839" x="872" y="368" width="46" height="53"/>
 <SubTexture name="Shape/shape 7840" x="181" y="315" width="46" height="53"/>
 <SubTexture name="Shape/shape 7842" x="117" y="0" width="115" height="145"/>
 <SubTexture name="Shape/shape 7844" x="585" y="0" width="115" height="145"/>
 <SubTexture name="Shape/shape 7846" x="351" y="0" width="115" height="145"/>
 <SubTexture name="Shape/shape 7848" x="0" y="0" width="115" height="145"/>
 <SubTexture name="Shape/shape 7850" x="468" y="0" width="115" height="145"/>
 <SubTexture name="Shape/shape 7852" x="234" y="0" width="115" height="145"/>
 <SubTexture name="Shape/shape 7764" x="586" y="609" width="34" height="43"/>
 <SubTexture name="Shape/shape 7766" x="526" y="518" width="34" height="43"/>
 <SubTexture name="Shape/shape 7768" x="664" y="612" width="34" height="43"/>
 <SubTexture name="Shape/shape 7770" x="490" y="507" width="34" height="43"/>
 <SubTexture name="Shape/shape 7772" x="311" y="610" width="34" height="43"/>
 <SubTexture name="Shape/shape 7774" x="756" y="567" width="34" height="43"/>
 <SubTexture name="Shape/shape 7776" x="670" y="567" width="34" height="43"/>
 <SubTexture name="Shape/shape 7778" x="792" y="569" width="34" height="43"/>
 <SubTexture name="Shape/shape 7780" x="828" y="607" width="34" height="43"/>
 <SubTexture name="Shape/shape 7782" x="528" y="473" width="34" height="43"/>
 <SubTexture name="Shape/shape 7784" x="724" y="488" width="34" height="43"/>
 <SubTexture name="Shape/shape 7786" x="442" y="591" width="34" height="43"/>
 <SubTexture name="Shape/shape 7788" x="92" y="604" width="34" height="43"/>
 <SubTexture name="Shape/shape 7790" x="478" y="597" width="34" height="43"/>
 <SubTexture name="Shape/shape 7792" x="489" y="552" width="34" height="43"/>
 <SubTexture name="Shape/shape 7794" x="628" y="584" width="34" height="43"/>
 <SubTexture name="Shape/shape 7796" x="835" y="472" width="34" height="43"/>
 <SubTexture name="Shape/shape 7798" x="706" y="578" width="34" height="43"/>
 <SubTexture name="Shape/shape 7800" x="742" y="612" width="34" height="43"/>
 <SubTexture name="Shape/shape 7802" x="525" y="563" width="34" height="43"/>
 <SubTexture name="Shape/shape 7804" x="561" y="564" width="34" height="43"/>
 <SubTexture name="Shape/shape 7806" x="564" y="474" width="34" height="43"/>
 <SubTexture name="Shape/shape 7807" x="930" y="601" width="34" height="43"/>
 <SubTexture name="Shape/shape 7808" x="720" y="533" width="34" height="43"/>
 <SubTexture name="Shape/shape 7809" x="278" y="552" width="34" height="43"/>
 <SubTexture name="Shape/shape 7810" x="562" y="519" width="34" height="43"/>
 <SubTexture name="Shape/shape 7811" x="406" y="590" width="34" height="43"/>
 <SubTexture name="Shape/shape 7812" x="370" y="579" width="34" height="43"/>
 <SubTexture name="Shape/shape 7813" x="56" y="571" width="34" height="43"/>
 <SubTexture name="Shape/shape 7814" x="514" y="608" width="34" height="43"/>
 <SubTexture name="Shape/shape 7815" x="966" y="601" width="34" height="43"/>
 <SubTexture name="Shape/shape 7816" x="372" y="489" width="34" height="43"/>
 <SubTexture name="Shape/shape 7817" x="371" y="534" width="34" height="43"/>
 <SubTexture name="Shape/shape 7818" x="550" y="609" width="34" height="43"/>
 <SubTexture name="Shape/shape 7711" x="92" y="574" width="54" height="28"/>
 <SubTexture name="Shape/shape 7715" x="832" y="547" width="54" height="28"/>
 <SubTexture name="Shape/shape 7717" x="0" y="557" width="54" height="28"/>
 <SubTexture name="Shape/shape 7721" x="153" y="564" width="54" height="28"/>
 <SubTexture name="Shape/shape 7723" x="222" y="533" width="54" height="28"/>
 <SubTexture name="Shape/shape 7727" x="832" y="517" width="54" height="28"/>
 <SubTexture name="Shape/shape 7729" x="944" y="571" width="54" height="28"/>
 <SubTexture name="Shape/shape 7732" x="888" y="538" width="54" height="28"/>
 <SubTexture name="Shape/shape 7733" x="0" y="527" width="54" height="28"/>
 <SubTexture name="Shape/shape 7736" x="222" y="503" width="54" height="28"/>
 <SubTexture name="Shape/shape 7737" x="944" y="541" width="54" height="28"/>
 <SubTexture name="Shape/shape 7740" x="154" y="534" width="54" height="28"/>
 <SubTexture name="Shape/shape 7741" x="210" y="563" width="54" height="28"/>
 <SubTexture name="Shape/shape 7744" x="97" y="544" width="54" height="28"/>
 <SubTexture name="Shape/shape 7745" x="888" y="568" width="54" height="28"/>
 <SubTexture name="Shape/shape 7713" x="963" y="462" width="56" height="36"/>
 <SubTexture name="Shape/shape 7719" x="905" y="462" width="56" height="36"/>
 <SubTexture name="Shape/shape 7725" x="0" y="413" width="56" height="36"/>
 <SubTexture name="Shape/shape 7731" x="108" y="427" width="56" height="36"/>
 <SubTexture name="Shape/shape 7735" x="224" y="465" width="56" height="36"/>
 <SubTexture name="Shape/shape 7739" x="899" y="500" width="56" height="36"/>
 <SubTexture name="Shape/shape 7743" x="0" y="489" width="56" height="36"/>
 <SubTexture name="Shape/shape 7747" x="0" y="375" width="56" height="36"/>
 <SubTexture name="Shape/shape 7749" x="164" y="496" width="56" height="36"/>
 <SubTexture name="Shape/shape 7751" x="227" y="427" width="56" height="36"/>
 <SubTexture name="Shape/shape 7753" x="0" y="451" width="56" height="36"/>
 <SubTexture name="Shape/shape 7755" x="905" y="424" width="56" height="36"/>
 <SubTexture name="Shape/shape 7757" x="166" y="458" width="56" height="36"/>
 <SubTexture name="Shape/shape 7759" x="963" y="424" width="56" height="36"/>
 <SubTexture name="Shape/shape 7761" x="106" y="465" width="56" height="36"/>
 <SubTexture name="Shape/shape 7703" x="302" y="305" width="43" height="49"/>
 <SubTexture name="mask1" x="344" y="708" width="43" height="8"/>
 <SubTexture name="__dbTextures/mask2/Layer 1_0" x="113" y="708" width="43" height="15"/>
 <SubTexture name="__dbTextures/mask2/Layer 1_1" x="158" y="707" width="43" height="15"/>
 <SubTexture name="__dbTextures/mask2/Layer 1_2" x="645" y="707" width="43" height="15"/>
 <SubTexture name="__dbTextures/mask2/Layer 1_3" x="893" y="703" width="43" height="15"/>
 <SubTexture name="__dbTextures/mask2/Layer 1_4" x="937" y="703" width="43" height="15"/>
 <SubTexture name="__dbTextures/mask2/Layer 1_5" x="849" y="703" width="43" height="15"/>
 <SubTexture name="__dbTextures/mask2/Layer 1_6" x="690" y="703" width="43" height="14"/>
 <SubTexture name="__dbTextures/mask2/Layer 1_7" x="299" y="708" width="43" height="14"/>
 <SubTexture name="__dbTextures/mask2/Layer 1_8" x="600" y="703" width="44" height="14"/>
 <SubTexture name="__dbTextures/mask2/Layer 1_9" x="209" y="695" width="44" height="15"/>
 <SubTexture name="__dbTextures/mask2/Layer 1_10" x="254" y="702" width="44" height="15"/>
 <SubTexture name="__dbTextures/mask2/Layer 1_11" x="407" y="693" width="44" height="15"/>
 <SubTexture name="__dbTextures/mask2/Layer 1_12" x="362" y="692" width="44" height="15"/>
 <SubTexture name="__dbTextures/mask2/Layer 1_13" x="317" y="692" width="44" height="15"/>
 <SubTexture name="__dbTextures/mask2/Layer 1_14" x="113" y="692" width="44" height="15"/>
 <SubTexture name="__dbTextures/mask2/Layer 1_15" x="645" y="691" width="44" height="15"/>
 <SubTexture name="__dbTextures/mask2/Layer 1_16" x="164" y="691" width="44" height="15"/>
 <SubTexture name="__dbTextures/mask2/Layer 1_17" x="721" y="687" width="44" height="15"/>
 <SubTexture name="__dbTextures/mask2/Layer 1_18" x="272" y="685" width="44" height="16"/>
 <SubTexture name="Shape/shape 7707" x="600" y="686" width="44" height="16"/>
 <SubTexture name="getDamage" x="801" y="481" width="30" height="14"/>
 <SubTexture name="Shape/shape 7656" x="58" y="432" width="19" height="3"/>
 <SubTexture name="Shape/shape 7659" x="58" y="427" width="19" height="3"/>
 <SubTexture name="Shape/shape 7660" x="815" y="420" width="20" height="4"/>
 <SubTexture name="Shape/shape 7651" x="511" y="415" width="20" height="20"/>
 <SubTexture name="Shape/shape 7648" x="745" y="420" width="21" height="11"/>
 <SubTexture name="Shape/shape 7632" x="181" y="414" width="44" height="42"/>
 <SubTexture name="Shape/shape 7634" x="646" y="414" width="44" height="42"/>
 <SubTexture name="Shape/shape 7636" x="646" y="370" width="44" height="42"/>
 <SubTexture name="Shape/shape 7638" x="412" y="414" width="44" height="42"/>
 <SubTexture name="Shape/shape 7640" x="331" y="418" width="44" height="42"/>
 <SubTexture name="Shape/shape 7642" x="458" y="418" width="44" height="42"/>
 <SubTexture name="Shape/shape 7644" x="412" y="370" width="44" height="42"/>
 <SubTexture name="Shape/shape 7646" x="181" y="370" width="44" height="42"/>
</TextureAtlas>