<root name="CastIceStone_mc" frameRate="30" isGlobal="0" version="3.0">
 <armature name="CastIceStone_mc">
  <bone name="Layer 4">
   <transform x="-9" skX="-4.48" y="27" skY="-3.71" scX="-0.52" scY="0.55"/>
  </bone>
  <bone name="Layer 2">
   <transform x="24.75" y="12.75" skY="-2.4" scX="-0.6" scY="0.65"/>
  </bone>
  <bone name="Layer 3">
   <transform x="24.75" y="12.75" skY="-2.4" scX="-0.6" scY="0.65"/>
  </bone>
  <bone name="Layer 1">
   <transform x="1.75" y="-7.75"/>
  </bone>
  <bone name="Layer 5">
   <transform x="24.75" y="12.75" skY="-2.4" scX="-0.6" scY="0.65"/>
  </bone>
  <bone name="Layer 6">
   <transform x="-9" skX="-4.48" y="27" skY="-3.71" scX="-0.52" scY="0.55"/>
  </bone>
  <skin name="default">
   <slot name="Layer 1" z="0" parent="Layer 1">
    <display name="Shape/shape 7102" type="image">
     <transform pX="60" pY="60"/>
    </display>
    <display name="Shape/shape 7104" type="image">
     <transform pX="60" pY="60"/>
    </display>
    <display name="Shape/shape 7106" type="image">
     <transform pX="60" pY="60"/>
    </display>
    <display name="Shape/shape 7108" type="image">
     <transform pX="60" pY="60"/>
    </display>
    <display name="Shape/shape 7110" type="image">
     <transform pX="60" pY="60"/>
    </display>
    <display name="Shape/shape 7112" type="image">
     <transform pX="60" pY="60"/>
    </display>
    <display name="Shape/shape 7114" type="image">
     <transform pX="60" pY="60"/>
    </display>
    <display name="Shape/shape 7116" type="image">
     <transform pX="60" pY="60"/>
    </display>
    <display name="Shape/shape 7118" type="image">
     <transform pX="60" pY="60"/>
    </display>
    <display name="Shape/shape 7120" type="image">
     <transform pX="60" pY="60"/>
    </display>
    <display name="Shape/shape 7122" type="image">
     <transform pX="60" pY="60"/>
    </display>
    <display name="Shape/shape 7124" type="image">
     <transform pX="60" pY="60"/>
    </display>
    <display name="Shape/shape 7126" type="image">
     <transform pX="60" pY="60"/>
    </display>
    <display name="Shape/shape 7128" type="image">
     <transform pX="60" pY="60"/>
    </display>
    <display name="Shape/shape 7130" type="image">
     <transform pX="60" pY="60"/>
    </display>
    <display name="Shape/shape 7132" type="image">
     <transform pX="60" pY="60"/>
    </display>
   </slot>
   <slot name="Layer 2" z="1" parent="Layer 2">
    <display name="Shape/shape 7102" type="image">
     <transform pX="60" pY="60"/>
    </display>
    <display name="Shape/shape 7106" type="image">
     <transform pX="60" pY="60"/>
    </display>
    <display name="Shape/shape 7104" type="image">
     <transform pX="60" pY="60"/>
    </display>
    <display name="Shape/shape 7108" type="image">
     <transform pX="60" pY="60"/>
    </display>
    <display name="Shape/shape 7110" type="image">
     <transform pX="60" pY="60"/>
    </display>
    <display name="Shape/shape 7112" type="image">
     <transform pX="60" pY="60"/>
    </display>
    <display name="Shape/shape 7114" type="image">
     <transform pX="60" pY="60"/>
    </display>
    <display name="Shape/shape 7116" type="image">
     <transform pX="60" pY="60"/>
    </display>
    <display name="Shape/shape 7118" type="image">
     <transform pX="60" pY="60"/>
    </display>
    <display name="Shape/shape 7120" type="image">
     <transform pX="60" pY="60"/>
    </display>
    <display name="Shape/shape 7122" type="image">
     <transform pX="60" pY="60"/>
    </display>
    <display name="Shape/shape 7124" type="image">
     <transform pX="60" pY="60"/>
    </display>
    <display name="Shape/shape 7126" type="image">
     <transform pX="60" pY="60"/>
    </display>
    <display name="Shape/shape 7128" type="image">
     <transform pX="60" pY="60"/>
    </display>
    <display name="Shape/shape 7130" type="image">
     <transform pX="60" pY="60"/>
    </display>
    <display name="Shape/shape 7132" type="image">
     <transform pX="60" pY="60"/>
    </display>
   </slot>
   <slot name="Layer 3" z="2" parent="Layer 3">
    <display name="Shape/shape 7104" type="image">
     <transform pX="60" pY="60"/>
    </display>
    <display name="Shape/shape 7102" type="image">
     <transform pX="60" pY="60"/>
    </display>
    <display name="Shape/shape 7106" type="image">
     <transform pX="60" pY="60"/>
    </display>
    <display name="Shape/shape 7108" type="image">
     <transform pX="60" pY="60"/>
    </display>
    <display name="Shape/shape 7110" type="image">
     <transform pX="60" pY="60"/>
    </display>
    <display name="Shape/shape 7112" type="image">
     <transform pX="60" pY="60"/>
    </display>
    <display name="Shape/shape 7114" type="image">
     <transform pX="60" pY="60"/>
    </display>
    <display name="Shape/shape 7116" type="image">
     <transform pX="60" pY="60"/>
    </display>
    <display name="Shape/shape 7118" type="image">
     <transform pX="60" pY="60"/>
    </display>
    <display name="Shape/shape 7120" type="image">
     <transform pX="60" pY="60"/>
    </display>
    <display name="Shape/shape 7122" type="image">
     <transform pX="60" pY="60"/>
    </display>
    <display name="Shape/shape 7124" type="image">
     <transform pX="60" pY="60"/>
    </display>
    <display name="Shape/shape 7126" type="image">
     <transform pX="60" pY="60"/>
    </display>
    <display name="Shape/shape 7128" type="image">
     <transform pX="60" pY="60"/>
    </display>
    <display name="Shape/shape 7130" type="image">
     <transform pX="60" pY="60"/>
    </display>
    <display name="Shape/shape 7132" type="image">
     <transform pX="60" pY="60"/>
    </display>
   </slot>
   <slot name="Layer 4" z="3" parent="Layer 4">
    <display name="Shape/shape 7102" type="image">
     <transform pX="60" pY="60"/>
    </display>
    <display name="Shape/shape 7108" type="image">
     <transform pX="60" pY="60"/>
    </display>
    <display name="Shape/shape 7110" type="image">
     <transform pX="60" pY="60"/>
    </display>
    <display name="Shape/shape 7112" type="image">
     <transform pX="60" pY="60"/>
    </display>
    <display name="Shape/shape 7114" type="image">
     <transform pX="60" pY="60"/>
    </display>
    <display name="Shape/shape 7116" type="image">
     <transform pX="60" pY="60"/>
    </display>
    <display name="Shape/shape 7118" type="image">
     <transform pX="60" pY="60"/>
    </display>
    <display name="Shape/shape 7120" type="image">
     <transform pX="60" pY="60"/>
    </display>
    <display name="Shape/shape 7122" type="image">
     <transform pX="60" pY="60"/>
    </display>
    <display name="Shape/shape 7124" type="image">
     <transform pX="60" pY="60"/>
    </display>
    <display name="Shape/shape 7126" type="image">
     <transform pX="60" pY="60"/>
    </display>
    <display name="Shape/shape 7128" type="image">
     <transform pX="60" pY="60"/>
    </display>
    <display name="Shape/shape 7130" type="image">
     <transform pX="60" pY="60"/>
    </display>
    <display name="Shape/shape 7132" type="image">
     <transform pX="60" pY="60"/>
    </display>
   </slot>
   <slot name="Layer 5" z="4" parent="Layer 5">
    <display name="Shape/shape 7106" type="image">
     <transform pX="60" pY="60"/>
    </display>
    <display name="Shape/shape 7108" type="image">
     <transform pX="60" pY="60"/>
    </display>
    <display name="Shape/shape 7110" type="image">
     <transform pX="60" pY="60"/>
    </display>
    <display name="Shape/shape 7112" type="image">
     <transform pX="60" pY="60"/>
    </display>
    <display name="Shape/shape 7114" type="image">
     <transform pX="60" pY="60"/>
    </display>
    <display name="Shape/shape 7116" type="image">
     <transform pX="60" pY="60"/>
    </display>
    <display name="Shape/shape 7118" type="image">
     <transform pX="60" pY="60"/>
    </display>
    <display name="Shape/shape 7120" type="image">
     <transform pX="60" pY="60"/>
    </display>
    <display name="Shape/shape 7122" type="image">
     <transform pX="60" pY="60"/>
    </display>
    <display name="Shape/shape 7124" type="image">
     <transform pX="60" pY="60"/>
    </display>
    <display name="Shape/shape 7126" type="image">
     <transform pX="60" pY="60"/>
    </display>
    <display name="Shape/shape 7128" type="image">
     <transform pX="60" pY="60"/>
    </display>
    <display name="Shape/shape 7130" type="image">
     <transform pX="60" pY="60"/>
    </display>
    <display name="Shape/shape 7132" type="image">
     <transform pX="60" pY="60"/>
    </display>
   </slot>
   <slot name="Layer 6" z="5" parent="Layer 6">
    <display name="Shape/shape 7104" type="image">
     <transform pX="60" pY="60"/>
    </display>
    <display name="Shape/shape 7106" type="image">
     <transform pX="60" pY="60"/>
    </display>
    <display name="Shape/shape 7108" type="image">
     <transform pX="60" pY="60"/>
    </display>
    <display name="Shape/shape 7110" type="image">
     <transform pX="60" pY="60"/>
    </display>
    <display name="Shape/shape 7112" type="image">
     <transform pX="60" pY="60"/>
    </display>
    <display name="Shape/shape 7114" type="image">
     <transform pX="60" pY="60"/>
    </display>
    <display name="Shape/shape 7116" type="image">
     <transform pX="60" pY="60"/>
    </display>
    <display name="Shape/shape 7118" type="image">
     <transform pX="60" pY="60"/>
    </display>
    <display name="Shape/shape 7120" type="image">
     <transform pX="60" pY="60"/>
    </display>
    <display name="Shape/shape 7122" type="image">
     <transform pX="60" pY="60"/>
    </display>
    <display name="Shape/shape 7124" type="image">
     <transform pX="60" pY="60"/>
    </display>
    <display name="Shape/shape 7126" type="image">
     <transform pX="60" pY="60"/>
    </display>
    <display name="Shape/shape 7128" type="image">
     <transform pX="60" pY="60"/>
    </display>
    <display name="Shape/shape 7130" type="image">
     <transform pX="60" pY="60"/>
    </display>
    <display name="Shape/shape 7132" type="image">
     <transform pX="60" pY="60"/>
    </display>
   </slot>
  </skin>
  <animation name="CastIceStone_mc" duration="34" tweenEasing="NaN" autoTween="NaN" fadeInTime="0.3">
   <timeline name="Layer 1">
    <frame z="0" duration="1">
     <transform/>
    </frame>
    <frame duration="1" z="0" displayIndex="1">
     <transform/>
    </frame>
    <frame tweenEasing="0" z="0" duration="1">
     <transform x="-9.5" skX="-4.48" y="-25.75" skY="-6.88" scX="-0.52" scY="0.55"/>
    </frame>
    <frame z="0" duration="1">
     <transform x="25.75" skX="5.83" y="-14.05" skY="11.2" scX="0.49" scY="0.53"/>
    </frame>
    <frame duration="1" z="0" displayIndex="1">
     <transform x="25.75" skX="5.83" y="-14.05" skY="11.2" scX="0.49" scY="0.53"/>
    </frame>
    <frame duration="1" z="0" displayIndex="2">
     <transform x="25.75" skX="5.83" y="-14.05" skY="11.2" scX="0.49" scY="0.53"/>
    </frame>
    <frame duration="1" z="0" displayIndex="3">
     <transform x="25.75" skX="5.83" y="-14.05" skY="11.2" scX="0.49" scY="0.53"/>
    </frame>
    <frame duration="1" z="0" displayIndex="4">
     <transform x="25.75" skX="5.83" y="-14.05" skY="11.2" scX="0.49" scY="0.53"/>
    </frame>
    <frame duration="3" z="0" displayIndex="5">
     <transform x="25.75" skX="5.83" y="-14.05" skY="11.2" scX="0.49" scY="0.53"/>
    </frame>
    <frame duration="3" z="0" displayIndex="6">
     <transform x="25.75" skX="5.83" y="-14.05" skY="11.2" scX="0.49" scY="0.53"/>
    </frame>
    <frame duration="2" z="0" displayIndex="7">
     <transform x="25.75" skX="5.83" y="-14.05" skY="11.2" scX="0.49" scY="0.53"/>
    </frame>
    <frame duration="2" z="0" displayIndex="8">
     <transform x="25.75" skX="5.83" y="-14.05" skY="11.2" scX="0.49" scY="0.53"/>
    </frame>
    <frame duration="2" z="0" displayIndex="9">
     <transform x="25.75" skX="5.83" y="-14.05" skY="11.2" scX="0.49" scY="0.53"/>
    </frame>
    <frame duration="4" z="0" displayIndex="10">
     <transform x="25.75" skX="5.83" y="-14.05" skY="11.2" scX="0.49" scY="0.53"/>
    </frame>
    <frame duration="2" z="0" displayIndex="11">
     <transform x="25.75" skX="5.83" y="-14.05" skY="11.2" scX="0.49" scY="0.53"/>
    </frame>
    <frame duration="2" z="0" displayIndex="12">
     <transform x="25.75" skX="5.83" y="-14.05" skY="11.2" scX="0.49" scY="0.53"/>
    </frame>
    <frame duration="2" z="0" displayIndex="13">
     <transform x="25.75" skX="5.83" y="-14.05" skY="11.2" scX="0.49" scY="0.53"/>
    </frame>
    <frame duration="2" z="0" displayIndex="14">
     <transform x="25.75" skX="5.83" y="-14.05" skY="11.2" scX="0.49" scY="0.53"/>
    </frame>
    <frame duration="1" z="0" displayIndex="15">
     <transform x="25.75" skX="5.83" y="-14.05" skY="11.2" scX="0.49" scY="0.53"/>
    </frame>
    <frame duration="1" z="0" displayIndex="15">
     <transform x="25.75" skX="5.83" y="-14.05" skY="11.2" scX="0.49" scY="0.53"/>
    </frame>
   </timeline>
   <timeline name="Layer 2">
    <frame duration="1" displayIndex="-1"/>
    <frame z="0" duration="1">
     <transform/>
    </frame>
    <frame duration="1" z="0" displayIndex="1">
     <transform x="-23" y="-20.5" skY="2.4" scX="-1.6667" scY="1.5385"/>
    </frame>
    <frame duration="1" z="0" displayIndex="2">
     <transform x="-32.5" skX="-4.48" y="-46.25" skY="-4.48" scX="0.8667" scY="0.8462"/>
    </frame>
    <frame duration="1" z="0" displayIndex="1">
     <transform x="-32.5" skX="-4.48" y="-46.25" skY="-4.48" scX="0.8667" scY="0.8462"/>
    </frame>
    <frame duration="1" z="0" displayIndex="3">
     <transform x="-32.5" skX="-4.48" y="-46.25" skY="-4.48" scX="0.8667" scY="0.8462"/>
    </frame>
    <frame duration="1" z="0" displayIndex="4">
     <transform x="-32.5" skX="-4.48" y="-46.25" skY="-4.48" scX="0.8667" scY="0.8462"/>
    </frame>
    <frame duration="3" z="0" displayIndex="5">
     <transform x="-32.5" skX="-4.48" y="-46.25" skY="-4.48" scX="0.8667" scY="0.8462"/>
    </frame>
    <frame duration="3" z="0" displayIndex="6">
     <transform x="-32.5" skX="-4.48" y="-46.25" skY="-4.48" scX="0.8667" scY="0.8462"/>
    </frame>
    <frame duration="2" z="0" displayIndex="7">
     <transform x="-32.5" skX="-4.48" y="-46.25" skY="-4.48" scX="0.8667" scY="0.8462"/>
    </frame>
    <frame duration="2" z="0" displayIndex="8">
     <transform x="-32.5" skX="-4.48" y="-46.25" skY="-4.48" scX="0.8667" scY="0.8462"/>
    </frame>
    <frame duration="2" z="0" displayIndex="9">
     <transform x="-32.5" skX="-4.48" y="-46.25" skY="-4.48" scX="0.8667" scY="0.8462"/>
    </frame>
    <frame duration="4" z="0" displayIndex="10">
     <transform x="-32.5" skX="-4.48" y="-46.25" skY="-4.48" scX="0.8667" scY="0.8462"/>
    </frame>
    <frame duration="2" z="0" displayIndex="11">
     <transform x="-32.5" skX="-4.48" y="-46.25" skY="-4.48" scX="0.8667" scY="0.8462"/>
    </frame>
    <frame duration="2" z="0" displayIndex="12">
     <transform x="-32.5" skX="-4.48" y="-46.25" skY="-4.48" scX="0.8667" scY="0.8462"/>
    </frame>
    <frame duration="2" z="0" displayIndex="13">
     <transform x="-32.5" skX="-4.48" y="-46.25" skY="-4.48" scX="0.8667" scY="0.8462"/>
    </frame>
    <frame duration="2" z="0" displayIndex="14">
     <transform x="-32.5" skX="-4.48" y="-46.25" skY="-4.48" scX="0.8667" scY="0.8462"/>
    </frame>
    <frame duration="2" z="0" displayIndex="15">
     <transform x="-32.5" skX="-4.48" y="-46.25" skY="-4.48" scX="0.8667" scY="0.8462"/>
    </frame>
    <frame duration="1" z="0" displayIndex="15">
     <transform x="-32.5" skX="-4.48" y="-46.25" skY="-4.48" scX="0.8667" scY="0.8462"/>
    </frame>
   </timeline>
   <timeline name="Layer 3">
    <frame duration="2" displayIndex="-1"/>
    <frame z="0" duration="1">
     <transform/>
    </frame>
    <frame duration="1" z="0" displayIndex="1">
     <transform x="-58.2" skX="-7.82" y="-19" skY="-5.42" scX="0.7833" scY="0.8462"/>
    </frame>
    <frame z="0" duration="1">
     <transform x="-58.2" skX="-7.82" y="-19" skY="-5.42" scX="0.7833" scY="0.8462"/>
    </frame>
    <frame duration="1" z="0" displayIndex="2">
     <transform x="-58.2" skX="-7.82" y="-19" skY="-5.42" scX="0.7833" scY="0.8462"/>
    </frame>
    <frame duration="1" z="0" displayIndex="3">
     <transform x="-58.2" skX="-7.82" y="-19" skY="-5.42" scX="0.7833" scY="0.8462"/>
    </frame>
    <frame duration="1" z="0" displayIndex="4">
     <transform x="-58.2" skX="-7.82" y="-19" skY="-5.42" scX="0.7833" scY="0.8462"/>
    </frame>
    <frame duration="3" z="0" displayIndex="5">
     <transform x="-58.2" skX="-7.82" y="-19" skY="-5.42" scX="0.7833" scY="0.8462"/>
    </frame>
    <frame duration="3" z="0" displayIndex="6">
     <transform x="-58.2" skX="-7.82" y="-19" skY="-5.42" scX="0.7833" scY="0.8462"/>
    </frame>
    <frame duration="2" z="0" displayIndex="7">
     <transform x="-58.2" skX="-7.82" y="-19" skY="-5.42" scX="0.7833" scY="0.8462"/>
    </frame>
    <frame duration="2" z="0" displayIndex="8">
     <transform x="-58.2" skX="-7.82" y="-19" skY="-5.42" scX="0.7833" scY="0.8462"/>
    </frame>
    <frame duration="2" z="0" displayIndex="9">
     <transform x="-58.2" skX="-7.82" y="-19" skY="-5.42" scX="0.7833" scY="0.8462"/>
    </frame>
    <frame duration="4" z="0" displayIndex="10">
     <transform x="-58.2" skX="-7.82" y="-19" skY="-5.42" scX="0.7833" scY="0.8462"/>
    </frame>
    <frame duration="2" z="0" displayIndex="11">
     <transform x="-58.2" skX="-7.82" y="-19" skY="-5.42" scX="0.7833" scY="0.8462"/>
    </frame>
    <frame duration="2" z="0" displayIndex="12">
     <transform x="-58.2" skX="-7.82" y="-19" skY="-5.42" scX="0.7833" scY="0.8462"/>
    </frame>
    <frame duration="2" z="0" displayIndex="13">
     <transform x="-58.2" skX="-7.82" y="-19" skY="-5.42" scX="0.7833" scY="0.8462"/>
    </frame>
    <frame duration="2" z="0" displayIndex="14">
     <transform x="-58.2" skX="-7.82" y="-19" skY="-5.42" scX="0.7833" scY="0.8462"/>
    </frame>
    <frame duration="1" z="0" displayIndex="15">
     <transform x="-58.2" skX="-7.82" y="-19" skY="-5.42" scX="0.7833" scY="0.8462"/>
    </frame>
    <frame duration="1" z="0" displayIndex="15">
     <transform x="-58.2" skX="-7.82" y="-19" skY="-5.42" scX="0.7833" scY="0.8462"/>
    </frame>
   </timeline>
   <timeline name="Layer 4">
    <frame duration="2" displayIndex="-1"/>
    <frame z="0" duration="1">
     <transform/>
    </frame>
    <frame duration="1" z="0" displayIndex="1">
     <transform x="10.75" skX="4.48" y="-34.75" skY="3.71" scX="-1.9231" scY="1.8182"/>
    </frame>
    <frame duration="1" z="0" displayIndex="2">
     <transform x="10.75" skX="4.48" y="-34.75" skY="3.71" scX="-1.9231" scY="1.8182"/>
    </frame>
    <frame duration="3" z="0" displayIndex="3">
     <transform x="10.75" skX="4.48" y="-34.75" skY="3.71" scX="-1.9231" scY="1.8182"/>
    </frame>
    <frame duration="3" z="0" displayIndex="4">
     <transform x="10.75" skX="4.48" y="-34.75" skY="3.71" scX="-1.9231" scY="1.8182"/>
    </frame>
    <frame duration="2" z="0" displayIndex="5">
     <transform x="10.75" skX="4.48" y="-34.75" skY="3.71" scX="-1.9231" scY="1.8182"/>
    </frame>
    <frame duration="2" z="0" displayIndex="6">
     <transform x="10.75" skX="4.48" y="-34.75" skY="3.71" scX="-1.9231" scY="1.8182"/>
    </frame>
    <frame duration="2" z="0" displayIndex="7">
     <transform x="10.75" skX="4.48" y="-34.75" skY="3.71" scX="-1.9231" scY="1.8182"/>
    </frame>
    <frame duration="4" z="0" displayIndex="8">
     <transform x="10.75" skX="4.48" y="-34.75" skY="3.71" scX="-1.9231" scY="1.8182"/>
    </frame>
    <frame duration="2" z="0" displayIndex="9">
     <transform x="10.75" skX="4.48" y="-34.75" skY="3.71" scX="-1.9231" scY="1.8182"/>
    </frame>
    <frame duration="2" z="0" displayIndex="10">
     <transform x="10.75" skX="4.48" y="-34.75" skY="3.71" scX="-1.9231" scY="1.8182"/>
    </frame>
    <frame duration="2" z="0" displayIndex="11">
     <transform x="10.75" skX="4.48" y="-34.75" skY="3.71" scX="-1.9231" scY="1.8182"/>
    </frame>
    <frame duration="2" z="0" displayIndex="12">
     <transform x="10.75" skX="4.48" y="-34.75" skY="3.71" scX="-1.9231" scY="1.8182"/>
    </frame>
    <frame duration="4" z="0" displayIndex="13">
     <transform x="10.75" skX="4.48" y="-34.75" skY="3.71" scX="-1.9231" scY="1.8182"/>
    </frame>
    <frame duration="1" z="0" displayIndex="13">
     <transform x="10.75" skX="4.48" y="-34.75" skY="3.71" scX="-1.9231" scY="1.8182"/>
    </frame>
   </timeline>
   <timeline name="Layer 5">
    <frame duration="3" displayIndex="-1"/>
    <frame z="0" duration="1">
     <transform/>
    </frame>
    <frame duration="1" z="0" displayIndex="1">
     <transform/>
    </frame>
    <frame duration="1" z="0" displayIndex="2">
     <transform/>
    </frame>
    <frame duration="3" z="0" displayIndex="3">
     <transform/>
    </frame>
    <frame duration="3" z="0" displayIndex="4">
     <transform/>
    </frame>
    <frame duration="2" z="0" displayIndex="5">
     <transform/>
    </frame>
    <frame duration="2" z="0" displayIndex="6">
     <transform/>
    </frame>
    <frame duration="2" z="0" displayIndex="7">
     <transform/>
    </frame>
    <frame duration="4" z="0" displayIndex="8">
     <transform/>
    </frame>
    <frame duration="2" z="0" displayIndex="9">
     <transform/>
    </frame>
    <frame duration="2" z="0" displayIndex="10">
     <transform/>
    </frame>
    <frame duration="2" z="0" displayIndex="11">
     <transform/>
    </frame>
    <frame duration="2" z="0" displayIndex="12">
     <transform/>
    </frame>
    <frame duration="3" z="0" displayIndex="13">
     <transform/>
    </frame>
    <frame duration="1" z="0" displayIndex="13">
     <transform/>
    </frame>
   </timeline>
   <timeline name="Layer 6">
    <frame duration="3" displayIndex="-1"/>
    <frame z="0" duration="1">
     <transform/>
    </frame>
    <frame duration="1" z="0" displayIndex="1">
     <transform/>
    </frame>
    <frame duration="1" z="0" displayIndex="2">
     <transform/>
    </frame>
    <frame duration="1" z="0" displayIndex="3">
     <transform/>
    </frame>
    <frame duration="3" z="0" displayIndex="4">
     <transform/>
    </frame>
    <frame duration="3" z="0" displayIndex="5">
     <transform/>
    </frame>
    <frame duration="2" z="0" displayIndex="6">
     <transform/>
    </frame>
    <frame duration="2" z="0" displayIndex="7">
     <transform/>
    </frame>
    <frame duration="2" z="0" displayIndex="8">
     <transform/>
    </frame>
    <frame duration="4" z="0" displayIndex="9">
     <transform/>
    </frame>
    <frame duration="2" z="0" displayIndex="10">
     <transform/>
    </frame>
    <frame duration="2" z="0" displayIndex="11">
     <transform/>
    </frame>
    <frame duration="2" z="0" displayIndex="12">
     <transform/>
    </frame>
    <frame duration="2" z="0" displayIndex="13">
     <transform/>
    </frame>
    <frame duration="2" z="0" displayIndex="14">
     <transform/>
    </frame>
    <frame duration="1" z="0" displayIndex="14">
     <transform/>
    </frame>
   </timeline>
   <frame duration="33"/>
   <frame duration="1"/>
  </animation>
 </armature>
</root>