<root name="LevelBase" isGlobal="0" frameRate="30" version="3.0">
 <armature name="flag">
  <skin name="default">
   <slot name="bg" z="0" parent="bg">
    <display name="Shape/shape 8906" type="image">
     <transform pX="10" pY="14"/>
    </display>
   </slot>
   <slot name="bg1" z="1" parent="bg1">
    <display name="Shape/shape 8908" type="image">
     <transform pX="4" pY="12"/>
    </display>
    <display name="Shape/shape 8910" type="image">
     <transform pX="4.15" pY="11.65"/>
    </display>
    <display name="Shape/shape 8912" type="image">
     <transform pX="4.15" pY="11.65"/>
    </display>
    <display name="Shape/shape 8914" type="image">
     <transform pX="4.15" pY="11.65"/>
    </display>
    <display name="Shape/shape 8916" type="image">
     <transform pX="4.15" pY="11.65"/>
    </display>
    <display name="Shape/shape 8918" type="image">
     <transform pX="4.15" pY="11.65"/>
    </display>
   </slot>
  </skin>
  <bone name="bg">
   <transform/>
  </bone>
  <bone name="bg1">
   <transform/>
  </bone>
  <animation fadeInTime="0.3" autoTween="NaN" name="flag" duration="13" tweenEasing="NaN">
   <timeline name="bg">
    <frame z="0" duration="12">
     <transform/>
    </frame>
    <frame z="0" duration="1">
     <transform/>
    </frame>
   </timeline>
   <timeline name="bg1">
    <frame z="0" duration="2">
     <transform/>
    </frame>
    <frame displayIndex="1" z="0" duration="2">
     <transform/>
    </frame>
    <frame displayIndex="2" z="0" duration="2">
     <transform/>
    </frame>
    <frame displayIndex="3" z="0" duration="2">
     <transform/>
    </frame>
    <frame displayIndex="4" z="0" duration="2">
     <transform/>
    </frame>
    <frame displayIndex="5" z="0" duration="2">
     <transform/>
    </frame>
    <frame displayIndex="5" z="0" duration="1">
     <transform/>
    </frame>
   </timeline>
  </animation>
 </armature>
 <armature name="placeLeft">
  <skin name="default">
   <slot name="bg" z="0" parent="bg">
    <display name="Shape/shape 8902" type="image">
     <transform pX="43" pY="21"/>
    </display>
   </slot>
   <slot name="label" z="1" parent="label">
    <display name="Shape/shape 8903" type="image">
     <transform pX="13.1" pY="23.8"/>
    </display>
   </slot>
   <slot name="buildPoint" z="2" parent="buildPoint">
    <display name="case" type="image">
     <transform pX="25" pY="25"/>
    </display>
   </slot>
   <slot name="placeForBuildCase" z="3" parent="placeForBuildCase">
    <display name="case" type="image">
     <transform pX="25" pY="25"/>
    </display>
   </slot>
  </skin>
  <bone name="buildPoint">
   <transform scX="0.4" x="2" scY="0.4" y="2"/>
  </bone>
  <bone name="label">
   <transform/>
  </bone>
  <bone name="bg">
   <transform/>
  </bone>
  <bone name="placeForBuildCase">
   <transform scX="1.2" scY="0.6"/>
  </bone>
  <animation fadeInTime="0.3" autoTween="NaN" name="placeLeft" duration="3" tweenEasing="NaN">
   <timeline name="bg">
    <frame z="0" duration="2">
     <transform/>
    </frame>
    <frame z="0" duration="1">
     <transform/>
    </frame>
   </timeline>
   <timeline name="label">
    <frame z="0" duration="1">
     <transform/>
    </frame>
    <frame z="0" duration="1">
     <transform/>
    </frame>
    <frame displayIndex="-1" duration="1"/>
   </timeline>
   <timeline name="buildPoint">
    <frame z="0" duration="1">
     <transform/>
    </frame>
    <frame z="0" duration="1">
     <transform/>
    </frame>
    <frame displayIndex="-1" duration="1"/>
   </timeline>
   <timeline name="placeForBuildCase">
    <frame z="0" duration="2">
     <transform/>
    </frame>
    <frame z="0" duration="1">
     <transform/>
    </frame>
   </timeline>
  </animation>
 </armature>
 <armature name="placeRight">
  <skin name="default">
   <slot name="bg" z="0" parent="bg">
    <display name="Shape/shape 8893" type="image">
     <transform pX="32" pY="21"/>
    </display>
   </slot>
   <slot name="label" z="1" parent="label">
    <display name="Shape/shape 8895" type="image">
     <transform pX="13.05" pY="22.45"/>
    </display>
   </slot>
   <slot name="buildPoint" z="2" parent="buildPoint">
    <display name="case" type="image">
     <transform pX="25" pY="25"/>
    </display>
   </slot>
   <slot name="placeForBuildCase" z="3" parent="placeForBuildCase">
    <display name="case" type="image">
     <transform pX="25" pY="25"/>
    </display>
   </slot>
  </skin>
  <bone name="buildPoint">
   <transform scX="0.4" x="2" scY="0.4" y="3"/>
  </bone>
  <bone name="label">
   <transform/>
  </bone>
  <bone name="bg">
   <transform/>
  </bone>
  <bone name="placeForBuildCase">
   <transform scX="1.2" scY="0.6"/>
  </bone>
  <animation fadeInTime="0.3" autoTween="NaN" name="placeRight" duration="3" tweenEasing="NaN">
   <timeline name="bg">
    <frame z="0" duration="2">
     <transform/>
    </frame>
    <frame z="0" duration="1">
     <transform/>
    </frame>
   </timeline>
   <timeline name="label">
    <frame z="0" duration="1">
     <transform/>
    </frame>
    <frame z="0" duration="1">
     <transform/>
    </frame>
    <frame displayIndex="-1" duration="1"/>
   </timeline>
   <timeline name="buildPoint">
    <frame z="0" duration="1">
     <transform/>
    </frame>
    <frame z="0" duration="1">
     <transform/>
    </frame>
    <frame displayIndex="-1" duration="1"/>
   </timeline>
   <timeline name="placeForBuildCase">
    <frame z="0" duration="2">
     <transform/>
    </frame>
    <frame z="0" duration="1">
     <transform/>
    </frame>
   </timeline>
  </animation>
 </armature>
 <armature name="pointer">
  <skin name="default">
   <slot name="arrow" z="0" parent="arrow">
    <display name="arrow" type="image">
     <transform pX="43.8" pY="17.5"/>
    </display>
   </slot>
   <slot name="Layer 3" z="1" parent="Layer 3">
    <display name="Shape/shape 8924" type="image">
     <transform pX="23.8" pY="22.95"/>
    </display>
   </slot>
   <slot name="Masked Layer 6 - 4" z="2" parent="Masked Layer 6 - 4">
    <display name="Shape/shape 8928" type="image">
     <transform pX="20" pY="20"/>
    </display>
   </slot>
   <slot name="mask2" z="3" parent="mask2">
    <display name="mask2" type="image">
     <transform pX="15.2" pY="15.2"/>
    </display>
   </slot>
   <slot name="Masked Layer 10 - 9" z="4" parent="Masked Layer 10 - 9">
    <display name="Shape/shape 8953" type="image">
     <transform pX="29.2" pY="30.5"/>
    </display>
   </slot>
   <slot name="Masked Layer 11 - 9" z="5" parent="Masked Layer 11 - 9">
    <display name="Shape/shape 8928" type="image">
     <transform pX="20" pY="20"/>
    </display>
   </slot>
   <slot name="mask1" z="6" parent="mask1">
    <display name="mask2" type="image">
     <transform pX="15.2" pY="15.2"/>
    </display>
    <display name="Shape/shape 8952" type="image">
     <transform pY="20"/>
    </display>
   </slot>
   <slot name="Layer 14" z="7" parent="Layer 14">
    <display name="Shape/shape 8929" type="image">
     <transform pX="13" pY="13.75"/>
    </display>
   </slot>
   <slot name="eyesAnima" z="8" parent="eyesAnima">
    <display name="eyesAnima" type="armature">
     <transform/>
    </display>
   </slot>
   <slot name="fireAnima" z="9" parent="fireAnima">
    <display name="fireAnima" type="armature">
     <transform/>
    </display>
   </slot>
   <slot name="pointerCase" z="10" parent="pointerCase">
    <display name="pointerCase" type="image">
     <transform pX="25" pY="25"/>
    </display>
   </slot>
  </skin>
  <bone name="Masked Layer 11 - 9">
   <transform/>
  </bone>
  <bone name="Layer 3">
   <transform/>
  </bone>
  <bone name="Masked Layer 6 - 4">
   <transform/>
  </bone>
  <bone name="mask2">
   <transform scX="1.32" scY="1.32"/>
  </bone>
  <bone name="Masked Layer 10 - 9">
   <transform/>
  </bone>
  <bone name="arrow">
   <transform scX="0.8" scY="0.8"/>
  </bone>
  <bone name="mask1">
   <transform scX="1.32" scY="1.32" skX="180" skY="180"/>
  </bone>
  <bone name="Layer 14">
   <transform/>
  </bone>
  <bone name="eyesAnima">
   <transform scX="0.73" scY="0.73" y="-3"/>
  </bone>
  <bone name="fireAnima">
   <transform scX="1.1" scY="1.1"/>
  </bone>
  <bone name="pointerCase">
   <transform scX="0.8" scY="0.8"/>
  </bone>
  <animation fadeInTime="0.3" autoTween="NaN" name="pointer" duration="3" tweenEasing="NaN">
   <timeline name="arrow">
    <frame z="0" duration="2">
     <transform/>
    </frame>
    <frame z="0" duration="1">
     <transform/>
    </frame>
   </timeline>
   <timeline name="Layer 3">
    <frame z="0" duration="2">
     <transform/>
    </frame>
    <frame z="0" duration="1">
     <transform/>
    </frame>
   </timeline>
   <timeline name="Masked Layer 6 - 4">
    <frame z="0" duration="2">
     <transform/>
    </frame>
    <frame z="0" duration="1">
     <transform/>
    </frame>
   </timeline>
   <timeline name="mask2">
    <frame z="0" duration="2">
     <transform/>
    </frame>
    <frame z="0" duration="1">
     <transform/>
    </frame>
   </timeline>
   <timeline name="Masked Layer 10 - 9">
    <frame displayIndex="-1" duration="1"/>
    <frame z="0" duration="1">
     <transform/>
    </frame>
    <frame z="0" duration="1">
     <transform/>
    </frame>
   </timeline>
   <timeline name="Masked Layer 11 - 9">
    <frame z="0" duration="1">
     <transform/>
    </frame>
    <frame z="0" duration="1">
     <transform/>
    </frame>
    <frame displayIndex="-1" duration="1"/>
   </timeline>
   <timeline name="mask1">
    <frame z="0" duration="1">
     <transform/>
    </frame>
    <frame displayIndex="1" z="0" duration="1">
     <transform scX="0.7576" scY="0.7576" skX="-180" skY="-180"/>
    </frame>
    <frame displayIndex="1" z="0" duration="1">
     <transform scX="0.7576" scY="0.7576" skX="-180" skY="-180"/>
    </frame>
   </timeline>
   <timeline name="Layer 14">
    <frame z="0" duration="2">
     <transform/>
    </frame>
    <frame z="0" duration="1">
     <transform/>
    </frame>
   </timeline>
   <timeline name="eyesAnima">
    <frame z="0" duration="2">
     <transform/>
    </frame>
    <frame z="0" duration="1">
     <transform/>
    </frame>
   </timeline>
   <timeline name="fireAnima">
    <frame z="0" duration="2">
     <transform/>
    </frame>
    <frame z="0" duration="1">
     <transform/>
    </frame>
   </timeline>
   <timeline name="pointerCase">
    <frame z="0" duration="2">
     <transform/>
    </frame>
    <frame z="0" duration="1">
     <transform/>
    </frame>
   </timeline>
  </animation>
 </armature>
 <armature name="eyesAnima">
  <skin name="default">
   <slot name="Layer 1" z="0" parent="Layer 1">
    <display name="Shape/shape 305" type="image">
     <transform pX="22" pY="13"/>
    </display>
    <display name="Shape/shape 5761" type="image">
     <transform pX="22" pY="13"/>
    </display>
    <display name="Shape/shape 5763" type="image">
     <transform pX="22" pY="13"/>
    </display>
    <display name="Shape/shape 5765" type="image">
     <transform pX="22" pY="13"/>
    </display>
    <display name="Shape/shape 5767" type="image">
     <transform pX="22" pY="13"/>
    </display>
   </slot>
  </skin>
  <bone name="Layer 1">
   <transform/>
  </bone>
  <animation autoTween="NaN" name="unnamed" duration="16" tweenEasing="NaN">
   <timeline name="Layer 1">
    <frame z="0" duration="3">
     <transform/>
    </frame>
    <frame displayIndex="1" z="0" duration="3">
     <transform/>
    </frame>
    <frame displayIndex="2" z="0" duration="3">
     <transform/>
    </frame>
    <frame displayIndex="3" z="0" duration="3">
     <transform/>
    </frame>
    <frame displayIndex="4" z="0" duration="3">
     <transform/>
    </frame>
    <frame displayIndex="4" z="0" duration="1">
     <transform/>
    </frame>
   </timeline>
  </animation>
 </armature>
 <armature name="fireAnima">
  <skin name="default">
   <slot name="Layer 1" z="0" parent="Layer 1">
    <display name="Shape/shape 8931" type="image">
     <transform pX="5.5" pY="18.3"/>
    </display>
    <display name="Shape/shape 8934" type="image">
     <transform pX="5.2" pY="18.45"/>
    </display>
    <display name="Shape/shape 8936" type="image">
     <transform pX="5.65" pY="18.35"/>
    </display>
    <display name="Shape/shape 8938" type="image">
     <transform pX="5.95" pY="18.5"/>
    </display>
    <display name="Shape/shape 8940" type="image">
     <transform pX="6.3" pY="18.05"/>
    </display>
    <display name="Shape/shape 8942" type="image">
     <transform pX="6" pY="17.8"/>
    </display>
    <display name="Shape/shape 8944" type="image">
     <transform pX="6.2" pY="17.7"/>
    </display>
    <display name="Shape/shape 8946" type="image">
     <transform pX="6.95" pY="17.7"/>
    </display>
    <display name="Shape/shape 8948" type="image">
     <transform pX="4.45" pY="17.7"/>
    </display>
    <display name="Shape/shape 8950" type="image">
     <transform pX="4.65" pY="18.05"/>
    </display>
   </slot>
   <slot name="Layer 2" z="1" parent="Layer 2">
    <display name="Shape/shape 8932" type="image">
     <transform pX="1.7" pY="19"/>
    </display>
   </slot>
  </skin>
  <bone name="Layer 1">
   <transform/>
  </bone>
  <bone name="Layer 2">
   <transform/>
  </bone>
  <animation autoTween="NaN" name="unnamed" duration="21" tweenEasing="NaN">
   <timeline name="Layer 1">
    <frame z="0" duration="2">
     <transform/>
    </frame>
    <frame displayIndex="1" z="0" duration="2">
     <transform/>
    </frame>
    <frame displayIndex="2" z="0" duration="2">
     <transform/>
    </frame>
    <frame displayIndex="3" z="0" duration="2">
     <transform/>
    </frame>
    <frame displayIndex="4" z="0" duration="2">
     <transform/>
    </frame>
    <frame displayIndex="5" z="0" duration="2">
     <transform/>
    </frame>
    <frame displayIndex="6" z="0" duration="2">
     <transform/>
    </frame>
    <frame displayIndex="7" z="0" duration="2">
     <transform/>
    </frame>
    <frame displayIndex="8" z="0" duration="2">
     <transform/>
    </frame>
    <frame displayIndex="9" z="0" duration="2">
     <transform/>
    </frame>
    <frame displayIndex="9" z="0" duration="1">
     <transform/>
    </frame>
   </timeline>
   <timeline name="Layer 2">
    <frame z="0" duration="20">
     <transform/>
    </frame>
    <frame z="0" duration="1">
     <transform/>
    </frame>
   </timeline>
  </animation>
 </armature>
</root>