<root name="LevelBase" isGlobal="0" frameRate="30" version="3.0">
 <armature name="eyesAnima">
  <skin name="default">
   <slot name="Layer 1" z="0" parent="Layer 1">
    <display name="Shape/shape 305" type="image">
     <transform scX="1" x="0" scY="1" y="0" pX="22" pY="13" skX="0" skY="0"/>
    </display>
    <display name="Shape/shape 5761" type="image">
     <transform scX="1" x="0" scY="1" y="0" pX="22" pY="13" skX="0" skY="0"/>
    </display>
    <display name="Shape/shape 5763" type="image">
     <transform scX="1" x="0" scY="1" y="0" pX="22" pY="13" skX="0" skY="0"/>
    </display>
    <display name="Shape/shape 5765" type="image">
     <transform scX="1" x="0" scY="1" y="0" pX="22" pY="13" skX="0" skY="0"/>
    </display>
    <display name="Shape/shape 5767" type="image">
     <transform scX="1" x="0" scY="1" y="0" pX="22" pY="13" skX="0" skY="0"/>
    </display>
   </slot>
  </skin>
  <bone name="Layer 1">
   <transform scX="1" x="0" skX="0" scY="1" y="0" skY="0"/>
  </bone>
  <animation fadeInTime="0.3" scale="1" loop="1" autoTween="NaN" name="eyesAnima" duration="16" tweenEasing="NaN">
   <timeline pX="0" name="Layer 1" pY="0" scale="1" offset="0">
    <frame z="0" duration="3">
     <transform scX="1" x="0" scY="1" y="0" pX="0" pY="0" skX="0" skY="0"/>
    </frame>
    <frame displayIndex="1" z="0" duration="3">
     <transform scX="1" x="0" scY="1" y="0" pX="0" pY="0" skX="0" skY="0"/>
    </frame>
    <frame displayIndex="2" z="0" duration="3">
     <transform scX="1" x="0" scY="1" y="0" pX="0" pY="0" skX="0" skY="0"/>
    </frame>
    <frame displayIndex="3" z="0" duration="3">
     <transform scX="1" x="0" scY="1" y="0" pX="0" pY="0" skX="0" skY="0"/>
    </frame>
    <frame displayIndex="4" z="0" duration="3">
     <transform scX="1" x="0" scY="1" y="0" pX="0" pY="0" skX="0" skY="0"/>
    </frame>
    <frame displayIndex="4" z="0" duration="1">
     <transform scX="1" x="0" scY="1" y="0" pX="0" pY="0" skX="0" skY="0"/>
    </frame>
   </timeline>
  </animation>
 </armature>
 <armature name="fireAnima">
  <skin name="default">
   <slot name="Layer 1" z="0" parent="Layer 1">
    <display name="Shape/shape 8931" type="image">
     <transform scX="1" x="0" scY="1" y="0" pX="5.5" pY="18.3" skX="0" skY="0"/>
    </display>
    <display name="Shape/shape 8934" type="image">
     <transform scX="1" x="0" scY="1" y="0" pX="5.2" pY="18.45" skX="0" skY="0"/>
    </display>
    <display name="Shape/shape 8936" type="image">
     <transform scX="1" x="0" scY="1" y="0" pX="5.65" pY="18.35" skX="0" skY="0"/>
    </display>
    <display name="Shape/shape 8938" type="image">
     <transform scX="1" x="0" scY="1" y="0" pX="5.95" pY="18.5" skX="0" skY="0"/>
    </display>
    <display name="Shape/shape 8940" type="image">
     <transform scX="1" x="0" scY="1" y="0" pX="6.3" pY="18.05" skX="0" skY="0"/>
    </display>
    <display name="Shape/shape 8942" type="image">
     <transform scX="1" x="0" scY="1" y="0" pX="6" pY="17.8" skX="0" skY="0"/>
    </display>
    <display name="Shape/shape 8944" type="image">
     <transform scX="1" x="0" scY="1" y="0" pX="6.2" pY="17.7" skX="0" skY="0"/>
    </display>
    <display name="Shape/shape 8946" type="image">
     <transform scX="1" x="0" scY="1" y="0" pX="6.95" pY="17.7" skX="0" skY="0"/>
    </display>
    <display name="Shape/shape 8948" type="image">
     <transform scX="1" x="0" scY="1" y="0" pX="4.45" pY="17.7" skX="0" skY="0"/>
    </display>
    <display name="Shape/shape 8950" type="image">
     <transform scX="1" x="0" scY="1" y="0" pX="4.65" pY="18.05" skX="0" skY="0"/>
    </display>
   </slot>
   <slot name="Layer 2" z="1" parent="Layer 2">
    <display name="Shape/shape 8932" type="image">
     <transform scX="1" x="0" scY="1" y="0" pX="1.7" pY="19" skX="0" skY="0"/>
    </display>
   </slot>
  </skin>
  <bone name="Layer 1">
   <transform scX="1" x="0" skX="0" scY="1" y="0" skY="0"/>
  </bone>
  <bone name="Layer 2">
   <transform scX="1" x="0" skX="0" scY="1" y="0" skY="0"/>
  </bone>
  <animation fadeInTime="0.3" scale="1" loop="1" autoTween="NaN" name="fireAnima" duration="21" tweenEasing="NaN">
   <timeline pX="0" name="Layer 1" pY="0" scale="1" offset="0">
    <frame z="0" duration="2">
     <transform scX="1" x="0" scY="1" y="0" pX="0" pY="0" skX="0" skY="0"/>
    </frame>
    <frame displayIndex="1" z="0" duration="2">
     <transform scX="1" x="0" scY="1" y="0" pX="0" pY="0" skX="0" skY="0"/>
    </frame>
    <frame displayIndex="2" z="0" duration="2">
     <transform scX="1" x="0" scY="1" y="0" pX="0" pY="0" skX="0" skY="0"/>
    </frame>
    <frame displayIndex="3" z="0" duration="2">
     <transform scX="1" x="0" scY="1" y="0" pX="0" pY="0" skX="0" skY="0"/>
    </frame>
    <frame displayIndex="4" z="0" duration="2">
     <transform scX="1" x="0" scY="1" y="0" pX="0" pY="0" skX="0" skY="0"/>
    </frame>
    <frame displayIndex="5" z="0" duration="2">
     <transform scX="1" x="0" scY="1" y="0" pX="0" pY="0" skX="0" skY="0"/>
    </frame>
    <frame displayIndex="6" z="0" duration="2">
     <transform scX="1" x="0" scY="1" y="0" pX="0" pY="0" skX="0" skY="0"/>
    </frame>
    <frame displayIndex="7" z="0" duration="2">
     <transform scX="1" x="0" scY="1" y="0" pX="0" pY="0" skX="0" skY="0"/>
    </frame>
    <frame displayIndex="8" z="0" duration="2">
     <transform scX="1" x="0" scY="1" y="0" pX="0" pY="0" skX="0" skY="0"/>
    </frame>
    <frame displayIndex="9" z="0" duration="2">
     <transform scX="1" x="0" scY="1" y="0" pX="0" pY="0" skX="0" skY="0"/>
    </frame>
    <frame displayIndex="9" z="0" duration="1">
     <transform scX="1" x="0" scY="1" y="0" pX="0" pY="0" skX="0" skY="0"/>
    </frame>
   </timeline>
   <timeline pX="0" name="Layer 2" pY="0" scale="1" offset="0">
    <frame z="0" duration="20">
     <transform scX="1" x="0" scY="1" y="0" pX="0" pY="0" skX="0" skY="0"/>
    </frame>
    <frame z="0" duration="1">
     <transform scX="1" x="0" scY="1" y="0" pX="0" pY="0" skX="0" skY="0"/>
    </frame>
   </timeline>
  </animation>
 </armature>
 <armature name="flag">
  <skin name="default">
   <slot name="bg" z="0" parent="bg">
    <display name="Shape/shape 8906" type="image">
     <transform scX="1" x="0" scY="1" y="0" pX="10" pY="14" skX="0" skY="0"/>
    </display>
   </slot>
   <slot name="bg1" z="1" parent="bg1">
    <display name="Shape/shape 8908" type="image">
     <transform scX="1" x="0" scY="1" y="0" pX="4" pY="12" skX="0" skY="0"/>
    </display>
    <display name="Shape/shape 8910" type="image">
     <transform scX="1" x="0" scY="1" y="0" pX="4.15" pY="11.65" skX="0" skY="0"/>
    </display>
    <display name="Shape/shape 8912" type="image">
     <transform scX="1" x="0" scY="1" y="0" pX="4.15" pY="11.65" skX="0" skY="0"/>
    </display>
    <display name="Shape/shape 8914" type="image">
     <transform scX="1" x="0" scY="1" y="0" pX="4.15" pY="11.65" skX="0" skY="0"/>
    </display>
    <display name="Shape/shape 8916" type="image">
     <transform scX="1" x="0" scY="1" y="0" pX="4.15" pY="11.65" skX="0" skY="0"/>
    </display>
    <display name="Shape/shape 8918" type="image">
     <transform scX="1" x="0" scY="1" y="0" pX="4.15" pY="11.65" skX="0" skY="0"/>
    </display>
   </slot>
  </skin>
  <bone name="bg">
   <transform scX="1" x="0" skX="0" scY="1" y="0" skY="0"/>
  </bone>
  <bone name="bg1">
   <transform scX="1" x="0" skX="0" scY="1" y="0" skY="0"/>
  </bone>
  <animation fadeInTime="0.3" scale="1" loop="1" autoTween="NaN" name="flag" duration="13" tweenEasing="NaN">
   <timeline pX="0" name="bg" pY="0" scale="1" offset="0">
    <frame z="0" duration="12">
     <transform scX="1" x="0" scY="1" y="0" pX="0" pY="0" skX="0" skY="0"/>
    </frame>
    <frame z="0" duration="1">
     <transform scX="1" x="0" scY="1" y="0" pX="0" pY="0" skX="0" skY="0"/>
    </frame>
   </timeline>
   <timeline pX="0" name="bg1" pY="0" scale="1" offset="0">
    <frame z="0" duration="2">
     <transform scX="1" x="0" scY="1" y="0" pX="0" pY="0" skX="0" skY="0"/>
    </frame>
    <frame displayIndex="1" z="0" duration="2">
     <transform scX="1" x="0" scY="1" y="0" pX="0" pY="0" skX="0" skY="0"/>
    </frame>
    <frame displayIndex="2" z="0" duration="2">
     <transform scX="1" x="0" scY="1" y="0" pX="0" pY="0" skX="0" skY="0"/>
    </frame>
    <frame displayIndex="3" z="0" duration="2">
     <transform scX="1" x="0" scY="1" y="0" pX="0" pY="0" skX="0" skY="0"/>
    </frame>
    <frame displayIndex="4" z="0" duration="2">
     <transform scX="1" x="0" scY="1" y="0" pX="0" pY="0" skX="0" skY="0"/>
    </frame>
    <frame displayIndex="5" z="0" duration="2">
     <transform scX="1" x="0" scY="1" y="0" pX="0" pY="0" skX="0" skY="0"/>
    </frame>
    <frame displayIndex="5" z="0" duration="1">
     <transform scX="1" x="0" scY="1" y="0" pX="0" pY="0" skX="0" skY="0"/>
    </frame>
   </timeline>
  </animation>
 </armature>
 <armature name="placeLeft">
  <skin name="default">
   <slot name="bg" z="0" parent="bg">
    <display name="Shape/shape 8902" type="image">
     <transform scX="1" x="0" scY="1" y="0" pX="43" pY="21" skX="0" skY="0"/>
    </display>
   </slot>
   <slot name="label" z="1" parent="label">
    <display name="Shape/shape 8903" type="image">
     <transform scX="1" x="0" scY="1" y="0" pX="13.1" pY="23.8" skX="0" skY="0"/>
    </display>
   </slot>
   <slot name="buildPoint" z="2" parent="buildPoint">
    <display name="case" type="image">
     <transform scX="1" x="0" scY="1" y="0" pX="25" pY="25" skX="0" skY="0"/>
    </display>
   </slot>
   <slot name="placeForBuildCase" z="3" parent="placeForBuildCase">
    <display name="case" type="image">
     <transform scX="1" x="0" scY="1" y="0" pX="25" pY="25" skX="0" skY="0"/>
    </display>
   </slot>
  </skin>
  <bone name="buildPoint">
   <transform scX="0.4" x="2" skX="0" scY="0.4" y="2" skY="0"/>
  </bone>
  <bone name="label">
   <transform scX="1" x="0" skX="0" scY="1" y="0" skY="0"/>
  </bone>
  <bone name="bg">
   <transform scX="1" x="0" skX="0" scY="1" y="0" skY="0"/>
  </bone>
  <bone name="placeForBuildCase">
   <transform scX="1.2" x="0" skX="0" scY="0.6" y="0" skY="0"/>
  </bone>
  <animation fadeInTime="0.3" scale="1" loop="1" autoTween="NaN" name="placeLeft" duration="3" tweenEasing="NaN">
   <timeline pX="0" name="bg" pY="0" scale="1" offset="0">
    <frame z="0" duration="2">
     <transform scX="1" x="0" scY="1" y="0" pX="0" pY="0" skX="0" skY="0"/>
    </frame>
    <frame z="0" duration="1">
     <transform scX="1" x="0" scY="1" y="0" pX="0" pY="0" skX="0" skY="0"/>
    </frame>
   </timeline>
   <timeline pX="0" name="label" pY="0" scale="1" offset="0">
    <frame z="0" duration="1">
     <transform scX="1" x="0" scY="1" y="0" pX="0" pY="0" skX="0" skY="0"/>
    </frame>
    <frame z="0" duration="1">
     <transform scX="1" x="0" scY="1" y="0" pX="0" pY="0" skX="0" skY="0"/>
    </frame>
    <frame displayIndex="-1" duration="1"/>
   </timeline>
   <timeline pX="0" name="buildPoint" pY="0" scale="1" offset="0">
    <frame z="0" duration="1">
     <transform scX="1" x="0" scY="1" y="0" pX="0" pY="0" skX="0" skY="0"/>
    </frame>
    <frame z="0" duration="1">
     <transform scX="1" x="0" scY="1" y="0" pX="0" pY="0" skX="0" skY="0"/>
    </frame>
    <frame displayIndex="-1" duration="1"/>
   </timeline>
   <timeline pX="0" name="placeForBuildCase" pY="0" scale="1" offset="0">
    <frame z="0" duration="2">
     <transform scX="1" x="0" scY="1" y="0" pX="0" pY="0" skX="0" skY="0"/>
    </frame>
    <frame z="0" duration="1">
     <transform scX="1" x="0" scY="1" y="0" pX="0" pY="0" skX="0" skY="0"/>
    </frame>
   </timeline>
  </animation>
 </armature>
 <armature name="placeRight">
  <skin name="default">
   <slot name="bg" z="0" parent="bg">
    <display name="Shape/shape 8893" type="image">
     <transform scX="1" x="0" scY="1" y="0" pX="32" pY="21" skX="0" skY="0"/>
    </display>
   </slot>
   <slot name="label" z="1" parent="label">
    <display name="Shape/shape 8895" type="image">
     <transform scX="1" x="0" scY="1" y="0" pX="13.05" pY="22.45" skX="0" skY="0"/>
    </display>
   </slot>
   <slot name="buildPoint" z="2" parent="buildPoint">
    <display name="case" type="image">
     <transform scX="1" x="0" scY="1" y="0" pX="25" pY="25" skX="0" skY="0"/>
    </display>
   </slot>
   <slot name="placeForBuildCase" z="3" parent="placeForBuildCase">
    <display name="case" type="image">
     <transform scX="1" x="0" scY="1" y="0" pX="25" pY="25" skX="0" skY="0"/>
    </display>
   </slot>
  </skin>
  <bone name="buildPoint">
   <transform scX="0.4" x="2" skX="0" scY="0.4" y="3" skY="0"/>
  </bone>
  <bone name="label">
   <transform scX="1" x="0" skX="0" scY="1" y="0" skY="0"/>
  </bone>
  <bone name="bg">
   <transform scX="1" x="0" skX="0" scY="1" y="0" skY="0"/>
  </bone>
  <bone name="placeForBuildCase">
   <transform scX="1.2" x="0" skX="0" scY="0.6" y="0" skY="0"/>
  </bone>
  <animation fadeInTime="0.3" scale="1" loop="1" autoTween="NaN" name="placeRight" duration="3" tweenEasing="NaN">
   <timeline pX="0" name="bg" pY="0" scale="1" offset="0">
    <frame z="0" duration="2">
     <transform scX="1" x="0" scY="1" y="0" pX="0" pY="0" skX="0" skY="0"/>
    </frame>
    <frame z="0" duration="1">
     <transform scX="1" x="0" scY="1" y="0" pX="0" pY="0" skX="0" skY="0"/>
    </frame>
   </timeline>
   <timeline pX="0" name="label" pY="0" scale="1" offset="0">
    <frame z="0" duration="1">
     <transform scX="1" x="0" scY="1" y="0" pX="0" pY="0" skX="0" skY="0"/>
    </frame>
    <frame z="0" duration="1">
     <transform scX="1" x="0" scY="1" y="0" pX="0" pY="0" skX="0" skY="0"/>
    </frame>
    <frame displayIndex="-1" duration="1"/>
   </timeline>
   <timeline pX="0" name="buildPoint" pY="0" scale="1" offset="0">
    <frame z="0" duration="1">
     <transform scX="1" x="0" scY="1" y="0" pX="0" pY="0" skX="0" skY="0"/>
    </frame>
    <frame z="0" duration="1">
     <transform scX="1" x="0" scY="1" y="0" pX="0" pY="0" skX="0" skY="0"/>
    </frame>
    <frame displayIndex="-1" duration="1"/>
   </timeline>
   <timeline pX="0" name="placeForBuildCase" pY="0" scale="1" offset="0">
    <frame z="0" duration="2">
     <transform scX="1" x="0" scY="1" y="0" pX="0" pY="0" skX="0" skY="0"/>
    </frame>
    <frame z="0" duration="1">
     <transform scX="1" x="0" scY="1" y="0" pX="0" pY="0" skX="0" skY="0"/>
    </frame>
   </timeline>
  </animation>
 </armature>
 <armature name="pointer">
  <skin name="default">
   <slot name="arrow" z="0" parent="arrow">
    <display name="arrow" type="image">
     <transform scX="1" x="0" scY="1" y="0" pX="43.8" pY="17.5" skX="0" skY="0"/>
    </display>
   </slot>
   <slot name="Layer 3" z="1" parent="Layer 3">
    <display name="Shape/shape 8924" type="image">
     <transform scX="1" x="0" scY="1" y="0" pX="23.8" pY="22.95" skX="0" skY="0"/>
    </display>
   </slot>
   <slot name="mask5" z="2" parent="mask5">
    <display name="Shape/shape 8928" type="image">
     <transform scX="1" x="0" scY="1" y="0" pX="20" pY="20" skX="0" skY="0"/>
    </display>
   </slot>
   <slot name="mask2" z="3" parent="mask2">
    <display name="mask2" type="image">
     <transform scX="1" x="0" scY="1" y="0" pX="15.2" pY="15.2" skX="0" skY="0"/>
    </display>
   </slot>
   <slot name="mask4" z="4" parent="mask4">
    <display name="Shape/shape 8953" type="image">
     <transform scX="1" x="0" scY="1" y="0" pX="29.2" pY="30.5" skX="0" skY="0"/>
    </display>
   </slot>
   <slot name="mask3" z="5" parent="mask3">
    <display name="Shape/shape 8928" type="image">
     <transform scX="1" x="0" scY="1" y="0" pX="20" pY="20" skX="0" skY="0"/>
    </display>
   </slot>
   <slot name="mask1" z="6" parent="mask1">
    <display name="mask2" type="image">
     <transform scX="1" x="0" scY="1" y="0" pX="15.2" pY="15.2" skX="0" skY="0"/>
    </display>
   </slot>
   <slot name="Layer 14" z="7" parent="Layer 14">
    <display name="Shape/shape 8929" type="image">
     <transform scX="1" x="0" scY="1" y="0" pX="13" pY="13.75" skX="0" skY="0"/>
    </display>
   </slot>
   <slot name="eyesAnima" z="8" parent="eyesAnima">
    <display name="eyesAnima" type="armature">
     <transform scX="1" x="0" skX="0" scY="1" y="0" skY="0"/>
    </display>
   </slot>
   <slot name="fireAnima" z="9" parent="fireAnima">
    <display name="fireAnima" type="armature">
     <transform scX="1" x="0" skX="0" scY="1" y="0" skY="0"/>
    </display>
   </slot>
   <slot name="pointerCase" z="10" parent="pointerCase">
    <display name="pointerCase" type="image">
     <transform scX="1" x="0" scY="1" y="0" pX="25" pY="25" skX="0" skY="0"/>
    </display>
   </slot>
  </skin>
  <bone name="mask3">
   <transform scX="1" x="0" skX="0" scY="1" y="0" skY="0"/>
  </bone>
  <bone name="Layer 3">
   <transform scX="1" x="0" skX="0" scY="1" y="0" skY="0"/>
  </bone>
  <bone name="mask5">
   <transform scX="1" x="0" skX="0" scY="1" y="0" skY="0"/>
  </bone>
  <bone name="mask2">
   <transform scX="1.32" x="0" skX="0" scY="1.32" y="0" skY="0"/>
  </bone>
  <bone name="mask4">
   <transform scX="1" x="0" skX="0" scY="1" y="0" skY="0"/>
  </bone>
  <bone name="arrow">
   <transform scX="0.8" x="0" skX="0" scY="0.8" y="0" skY="0"/>
  </bone>
  <bone name="mask1">
   <transform scX="1.32" x="0" skX="180" scY="1.32" y="0" skY="180"/>
  </bone>
  <bone name="Layer 14">
   <transform scX="1" x="0" skX="0" scY="1" y="0" skY="0"/>
  </bone>
  <bone name="eyesAnima">
   <transform scX="0.73" x="0" skX="0" scY="0.73" y="-3" skY="0"/>
  </bone>
  <bone name="fireAnima">
   <transform scX="1.1" x="0" skX="0" scY="1.1" y="0" skY="0"/>
  </bone>
  <bone name="pointerCase">
   <transform scX="0.8" x="0" skX="0" scY="0.8" y="0" skY="0"/>
  </bone>
  <animation fadeInTime="0.3" scale="1" loop="1" autoTween="NaN" name="pointer" duration="3" tweenEasing="NaN">
   <timeline pX="0" name="arrow" pY="0" scale="1" offset="0">
    <frame z="0" duration="2">
     <transform scX="1" x="0" scY="1" y="0" pX="0" pY="0" skX="0" skY="0"/>
    </frame>
    <frame z="0" duration="1">
     <transform scX="1" x="0" scY="1" y="0" pX="0" pY="0" skX="0" skY="0"/>
    </frame>
   </timeline>
   <timeline pX="0" name="Layer 3" pY="0" scale="1" offset="0">
    <frame z="0" duration="2">
     <transform scX="1" x="0" scY="1" y="0" pX="0" pY="0" skX="0" skY="0"/>
    </frame>
    <frame displayIndex="-1" duration="1"/>
   </timeline>
   <timeline pX="0" name="mask5" pY="0" scale="1" offset="0">
    <frame z="0" duration="2">
     <transform scX="1" x="0" scY="1" y="0" pX="0" pY="0" skX="0" skY="0"/>
    </frame>
    <frame displayIndex="-1" duration="1"/>
   </timeline>
   <timeline pX="0" name="mask2" pY="0" scale="1" offset="0">
    <frame z="0" duration="2">
     <transform scX="1" x="0" scY="1" y="0" pX="0" pY="0" skX="0" skY="0"/>
    </frame>
    <frame displayIndex="-1" duration="1"/>
   </timeline>
   <timeline pX="0" name="mask4" pY="0" scale="1" offset="0">
    <frame displayIndex="-1" duration="1"/>
    <frame z="0" duration="1">
     <transform scX="1" x="0" scY="1" y="0" pX="0" pY="0" skX="0" skY="0"/>
    </frame>
    <frame displayIndex="-1" duration="1"/>
   </timeline>
   <timeline pX="0" name="mask3" pY="0" scale="1" offset="0">
    <frame z="0" duration="1">
     <transform scX="1" x="0" scY="1" y="0" pX="0" pY="0" skX="0" skY="0"/>
    </frame>
    <frame displayIndex="-1" duration="2"/>
   </timeline>
   <timeline pX="0" name="mask1" pY="0" scale="1" offset="0">
    <frame z="0" duration="2">
     <transform scX="1" x="0" scY="1" y="0" pX="0" pY="0" skX="0" skY="0"/>
    </frame>
    <frame displayIndex="-1" duration="1"/>
   </timeline>
   <timeline pX="0" name="Layer 14" pY="0" scale="1" offset="0">
    <frame z="0" duration="2">
     <transform scX="1" x="0" scY="1" y="0" pX="0" pY="0" skX="0" skY="0"/>
    </frame>
    <frame displayIndex="-1" duration="1"/>
   </timeline>
   <timeline pX="0" name="eyesAnima" pY="0" scale="1" offset="0">
    <frame z="0" duration="2">
     <transform scX="1" x="0" scY="1" y="0" pX="0" pY="0" skX="0" skY="0"/>
    </frame>
    <frame displayIndex="-1" duration="1"/>
   </timeline>
   <timeline pX="0" name="fireAnima" pY="0" scale="1" offset="0">
    <frame z="0" duration="2">
     <transform scX="1" x="0" scY="1" y="0" pX="0" pY="0" skX="0" skY="0"/>
    </frame>
    <frame displayIndex="-1" duration="1"/>
   </timeline>
   <timeline pX="0" name="pointerCase" pY="0" scale="1" offset="0">
    <frame z="0" duration="2">
     <transform scX="1" x="0" scY="1" y="0" pX="0" pY="0" skX="0" skY="0"/>
    </frame>
    <frame displayIndex="-1" duration="1"/>
   </timeline>
  </animation>
 </armature>
</root>