<TextureAtlas name="LevelBase" imagePath="texture.png">
 <SubTexture name="Shape/shape 8906" x="221" y="42" width="17" height="32"/>
 <SubTexture name="Shape/shape 8908" x="118" y="70" width="18" height="12"/>
 <SubTexture name="Shape/shape 8910" x="232" y="83" width="16" height="11"/>
 <SubTexture name="Shape/shape 8912" x="240" y="43" width="13" height="12"/>
 <SubTexture name="Shape/shape 8914" x="213" y="76" width="17" height="10"/>
 <SubTexture name="Shape/shape 8916" x="118" y="84" width="16" height="10"/>
 <SubTexture name="Shape/shape 8918" x="213" y="88" width="16" height="10"/>
 <SubTexture name="Shape/shape 8902" x="144" y="0" width="76" height="38"/>
 <SubTexture name="Shape/shape 8903" x="196" y="40" width="24" height="28"/>
 <SubTexture name="case" x="144" y="40" width="50" height="50"/>
 <SubTexture name="Shape/shape 8893" x="66" y="0" width="76" height="40"/>
 <SubTexture name="Shape/shape 8895" x="118" y="42" width="24" height="27"/>
 <SubTexture name="arrow" x="0" y="72" width="61" height="36"/>
 <SubTexture name="Shape/shape 8924" x="136" y="92" width="49" height="48"/>
 <SubTexture name="Shape/shape 8928" x="62" y="94" width="40" height="40"/>
 <SubTexture name="mask2" x="196" y="69" width="16" height="31"/>
 <SubTexture name="Shape/shape 8953" x="0" y="0" width="64" height="70"/>
 <SubTexture name="Shape/shape 8952" x="222" y="0" width="20" height="40"/>
 <SubTexture name="Shape/shape 8929" x="213" y="100" width="27" height="28"/>
 <SubTexture name="pointerCase" x="66" y="42" width="50" height="50"/>
 <SubTexture name="Shape/shape 305" x="0" y="109" width="45" height="26"/>
 <SubTexture name="Shape/shape 5761" x="47" y="136" width="45" height="26"/>
 <SubTexture name="Shape/shape 5763" x="0" y="137" width="45" height="26"/>
 <SubTexture name="Shape/shape 5765" x="94" y="141" width="45" height="26"/>
 <SubTexture name="Shape/shape 5767" x="186" y="129" width="45" height="26"/>
 <SubTexture name="Shape/shape 8931" x="244" y="25" width="8" height="7"/>
 <SubTexture name="Shape/shape 8934" x="240" y="74" width="7" height="7"/>
 <SubTexture name="Shape/shape 8936" x="244" y="34" width="8" height="8"/>
 <SubTexture name="Shape/shape 8938" x="240" y="57" width="8" height="7"/>
 <SubTexture name="Shape/shape 8940" x="244" y="0" width="9" height="7"/>
 <SubTexture name="Shape/shape 8942" x="240" y="66" width="8" height="6"/>
 <SubTexture name="Shape/shape 8944" x="244" y="9" width="9" height="6"/>
 <SubTexture name="Shape/shape 8946" x="244" y="17" width="9" height="6"/>
 <SubTexture name="Shape/shape 8948" x="104" y="94" width="7" height="6"/>
 <SubTexture name="Shape/shape 8950" x="186" y="92" width="7" height="6"/>
 <SubTexture name="Shape/shape 8932" x="250" y="57" width="5" height="9"/>
</TextureAtlas>