<TextureAtlas name="LevelBase" imagePath="texture.png">
 <SubTexture name="Shape/shape 8906" x="196" y="82" width="17" height="32"/>
 <SubTexture name="Shape/shape 8908" x="109" y="113" width="18" height="12"/>
 <SubTexture name="Shape/shape 8910" x="234" y="114" width="16" height="11"/>
 <SubTexture name="Shape/shape 8912" x="240" y="100" width="13" height="12"/>
 <SubTexture name="Shape/shape 8914" x="215" y="113" width="17" height="10"/>
 <SubTexture name="Shape/shape 8916" x="190" y="116" width="16" height="10"/>
 <SubTexture name="Shape/shape 8918" x="208" y="125" width="16" height="10"/>
 <SubTexture name="Shape/shape 8902" x="144" y="0" width="76" height="38"/>
 <SubTexture name="Shape/shape 8903" x="118" y="84" width="24" height="28"/>
 <SubTexture name="case" x="66" y="42" width="50" height="50"/>
 <SubTexture name="Shape/shape 8893" x="66" y="0" width="76" height="40"/>
 <SubTexture name="Shape/shape 8895" x="215" y="85" width="24" height="27"/>
 <SubTexture name="arrow" x="0" y="72" width="61" height="36"/>
 <SubTexture name="Shape/shape 8953" x="0" y="0" width="64" height="70"/>
 <SubTexture name="a" x="196" y="40" width="21" height="40"/>
 <SubTexture name="__dbTextures/pointer/firel_0" x="222" y="0" width="30" height="55"/>
 <SubTexture name="Shape/shape 8928" x="118" y="42" width="20" height="40"/>
 <SubTexture name="Shape/shape 8929" x="218" y="56" width="27" height="28"/>
 <SubTexture name="pointerCase" x="144" y="40" width="50" height="50"/>
 <SubTexture name="Shape/shape 305" x="62" y="94" width="45" height="26"/>
 <SubTexture name="Shape/shape 5761" x="0" y="109" width="45" height="26"/>
 <SubTexture name="Shape/shape 5763" x="140" y="120" width="45" height="26"/>
 <SubTexture name="Shape/shape 5765" x="58" y="122" width="45" height="26"/>
 <SubTexture name="Shape/shape 5767" x="143" y="92" width="45" height="26"/>
 <SubTexture name="Shape/shape 8931" x="246" y="74" width="8" height="7"/>
 <SubTexture name="Shape/shape 8934" x="246" y="91" width="7" height="7"/>
 <SubTexture name="Shape/shape 8936" x="246" y="65" width="8" height="8"/>
 <SubTexture name="Shape/shape 8938" x="246" y="56" width="8" height="7"/>
 <SubTexture name="Shape/shape 8940" x="47" y="109" width="9" height="7"/>
 <SubTexture name="Shape/shape 8942" x="246" y="83" width="8" height="6"/>
 <SubTexture name="Shape/shape 8944" x="129" y="113" width="9" height="6"/>
 <SubTexture name="Shape/shape 8946" x="47" y="118" width="9" height="6"/>
 <SubTexture name="Shape/shape 8948" x="109" y="94" width="7" height="6"/>
 <SubTexture name="Shape/shape 8950" x="109" y="102" width="7" height="6"/>
 <SubTexture name="Shape/shape 8932" x="240" y="85" width="5" height="9"/>
</TextureAtlas>