<TextureAtlas name="LevelBase" imagePath="texture.png">
 <SubTexture name="Shape/shape 305" x="62" y="158" width="45" height="26"/>
 <SubTexture name="Shape/shape 5761" x="0" y="161" width="45" height="26"/>
 <SubTexture name="Shape/shape 5763" x="62" y="130" width="45" height="26"/>
 <SubTexture name="Shape/shape 5765" x="134" y="167" width="45" height="26"/>
 <SubTexture name="Shape/shape 5767" x="139" y="139" width="45" height="26"/>
 <SubTexture name="Shape/shape 8931" x="52" y="72" width="8" height="7"/>
 <SubTexture name="Shape/shape 8934" x="210" y="83" width="7" height="7"/>
 <SubTexture name="Shape/shape 8936" x="210" y="65" width="8" height="8"/>
 <SubTexture name="Shape/shape 8938" x="210" y="74" width="8" height="7"/>
 <SubTexture name="Shape/shape 8940" x="210" y="40" width="9" height="7"/>
 <SubTexture name="Shape/shape 8942" x="52" y="81" width="8" height="6"/>
 <SubTexture name="Shape/shape 8944" x="210" y="49" width="9" height="6"/>
 <SubTexture name="Shape/shape 8946" x="210" y="57" width="9" height="6"/>
 <SubTexture name="Shape/shape 8948" x="52" y="89" width="7" height="6"/>
 <SubTexture name="Shape/shape 8950" x="209" y="92" width="7" height="6"/>
 <SubTexture name="Shape/shape 8932" x="136" y="78" width="5" height="9"/>
 <SubTexture name="Shape/shape 8906" x="211" y="170" width="17" height="32"/>
 <SubTexture name="Shape/shape 8908" x="230" y="170" width="18" height="12"/>
 <SubTexture name="Shape/shape 8910" x="109" y="177" width="16" height="11"/>
 <SubTexture name="Shape/shape 8912" x="194" y="87" width="13" height="12"/>
 <SubTexture name="Shape/shape 8914" x="181" y="172" width="17" height="10"/>
 <SubTexture name="Shape/shape 8916" x="230" y="184" width="16" height="10"/>
 <SubTexture name="Shape/shape 8918" x="181" y="184" width="16" height="10"/>
 <SubTexture name="Shape/shape 8902" x="144" y="0" width="76" height="38"/>
 <SubTexture name="Shape/shape 8903" x="114" y="120" width="24" height="28"/>
 <SubTexture name="case" x="0" y="72" width="50" height="50"/>
 <SubTexture name="Shape/shape 8898" x="144" y="40" width="64" height="45"/>
 <SubTexture name="Shape/shape 8899" x="216" y="141" width="24" height="28"/>
 <SubTexture name="Shape/shape 8893" x="66" y="0" width="76" height="40"/>
 <SubTexture name="Shape/shape 8895" x="109" y="149" width="24" height="27"/>
 <SubTexture name="Shape/shape 9222" x="66" y="42" width="72" height="35"/>
 <SubTexture name="Shape/shape 9223" x="186" y="143" width="24" height="27"/>
 <SubTexture name="Sprite/case" x="142" y="87" width="50" height="50"/>
 <SubTexture name="arrow" x="0" y="124" width="61" height="36"/>
 <SubTexture name="Shape/shape 8953" x="0" y="0" width="64" height="70"/>
 <SubTexture name="a" x="114" y="78" width="21" height="40"/>
 <SubTexture name="__dbTextures/pointer/firel_0" x="222" y="0" width="30" height="55"/>
 <SubTexture name="__dbTextures/pointer/firel_2" x="221" y="56" width="30" height="55"/>
 <SubTexture name="Shape/shape 8928" x="194" y="101" width="20" height="40"/>
 <SubTexture name="Shape/shape 8929" x="216" y="112" width="27" height="28"/>
 <SubTexture name="pointerCase" x="62" y="78" width="50" height="50"/>
</TextureAtlas>