<TextureAtlas name="LevelBase" imagePath="texture.png">
 <SubTexture name="Shape/shape 305" x="201" y="128" width="45" height="26"/>
 <SubTexture name="Shape/shape 5761" x="0" y="124" width="45" height="26"/>
 <SubTexture name="Shape/shape 5763" x="47" y="143" width="45" height="26"/>
 <SubTexture name="Shape/shape 5765" x="134" y="124" width="45" height="26"/>
 <SubTexture name="Shape/shape 5767" x="0" y="152" width="45" height="26"/>
 <SubTexture name="Shape/shape 8931" x="246" y="58" width="8" height="7"/>
 <SubTexture name="Shape/shape 8934" x="247" y="29" width="7" height="7"/>
 <SubTexture name="Shape/shape 8936" x="210" y="65" width="8" height="8"/>
 <SubTexture name="Shape/shape 8938" x="246" y="67" width="8" height="7"/>
 <SubTexture name="Shape/shape 8940" x="210" y="40" width="9" height="7"/>
 <SubTexture name="Shape/shape 8942" x="52" y="72" width="8" height="6"/>
 <SubTexture name="Shape/shape 8944" x="210" y="57" width="9" height="6"/>
 <SubTexture name="Shape/shape 8946" x="210" y="49" width="9" height="6"/>
 <SubTexture name="Shape/shape 8948" x="247" y="38" width="7" height="6"/>
 <SubTexture name="Shape/shape 8950" x="247" y="46" width="7" height="6"/>
 <SubTexture name="Shape/shape 8932" x="250" y="0" width="5" height="9"/>
 <SubTexture name="Shape/shape 8906" x="118" y="71" width="17" height="32"/>
 <SubTexture name="Shape/shape 8908" x="181" y="124" width="18" height="12"/>
 <SubTexture name="Shape/shape 8910" x="181" y="138" width="16" height="11"/>
 <SubTexture name="Shape/shape 8912" x="102" y="94" width="13" height="12"/>
 <SubTexture name="Shape/shape 8914" x="102" y="137" width="17" height="10"/>
 <SubTexture name="Shape/shape 8916" x="112" y="149" width="16" height="10"/>
 <SubTexture name="Shape/shape 8918" x="94" y="149" width="16" height="10"/>
 <SubTexture name="Shape/shape 8902" x="144" y="0" width="76" height="38"/>
 <SubTexture name="Shape/shape 8903" x="222" y="29" width="24" height="28"/>
 <SubTexture name="case" x="66" y="42" width="50" height="50"/>
 <SubTexture name="Shape/shape 8893" x="66" y="0" width="76" height="40"/>
 <SubTexture name="Shape/shape 8895" x="221" y="58" width="24" height="27"/>
 <SubTexture name="arrow" x="137" y="87" width="61" height="36"/>
 <SubTexture name="Shape/shape 8924" x="52" y="94" width="49" height="48"/>
 <SubTexture name="Shape/shape 8928" x="210" y="86" width="40" height="40"/>
 <SubTexture name="mask2" x="117" y="105" width="16" height="31"/>
 <SubTexture name="Shape/shape 8953" x="0" y="0" width="64" height="70"/>
 <SubTexture name="Shape/shape 8929" x="222" y="0" width="27" height="28"/>
 <SubTexture name="pointerCase" x="0" y="72" width="50" height="50"/>
 <SubTexture name="Shape/shape 8898" x="144" y="40" width="64" height="45"/>
 <SubTexture name="Shape/shape 8899" x="118" y="42" width="24" height="28"/>
</TextureAtlas>