<TextureAtlas name="LevelBase" imagePath="texture.png">
 <SubTexture name="Shape/shape 8906" x="99" y="94" width="17" height="32"/>
 <SubTexture name="Shape/shape 8908" x="215" y="127" width="18" height="12"/>
 <SubTexture name="Shape/shape 8910" x="99" y="128" width="16" height="11"/>
 <SubTexture name="Shape/shape 8912" x="205" y="87" width="13" height="12"/>
 <SubTexture name="Shape/shape 8914" x="235" y="127" width="17" height="10"/>
 <SubTexture name="Shape/shape 8916" x="235" y="139" width="16" height="10"/>
 <SubTexture name="Shape/shape 8918" x="99" y="141" width="16" height="10"/>
 <SubTexture name="Shape/shape 8902" x="144" y="0" width="76" height="38"/>
 <SubTexture name="Shape/shape 8903" x="118" y="84" width="24" height="28"/>
 <SubTexture name="case" x="66" y="42" width="50" height="50"/>
 <SubTexture name="Shape/shape 8893" x="66" y="0" width="76" height="40"/>
 <SubTexture name="Shape/shape 8895" x="190" y="124" width="24" height="27"/>
 <SubTexture name="Shape/shape 8898" x="144" y="40" width="64" height="45"/>
 <SubTexture name="Shape/shape 8899" x="118" y="113" width="24" height="28"/>
 <SubTexture name="arrow" x="143" y="87" width="61" height="36"/>
 <SubTexture name="Shape/shape 8953" x="0" y="0" width="64" height="70"/>
 <SubTexture name="a" x="118" y="42" width="21" height="40"/>
 <SubTexture name="__dbTextures/pointer/firel_0" x="222" y="0" width="30" height="55"/>
 <SubTexture name="Shape/shape 8928" x="221" y="56" width="20" height="40"/>
 <SubTexture name="Shape/shape 8929" x="220" y="98" width="27" height="28"/>
 <SubTexture name="pointerCase" x="0" y="72" width="50" height="50"/>
 <SubTexture name="Shape/shape 305" x="0" y="124" width="45" height="26"/>
 <SubTexture name="Shape/shape 5761" x="52" y="122" width="45" height="26"/>
 <SubTexture name="Shape/shape 5763" x="47" y="150" width="45" height="26"/>
 <SubTexture name="Shape/shape 5765" x="143" y="124" width="45" height="26"/>
 <SubTexture name="Shape/shape 5767" x="52" y="94" width="45" height="26"/>
 <SubTexture name="Shape/shape 8931" x="243" y="64" width="8" height="7"/>
 <SubTexture name="Shape/shape 8934" x="243" y="73" width="7" height="7"/>
 <SubTexture name="Shape/shape 8936" x="210" y="66" width="8" height="8"/>
 <SubTexture name="Shape/shape 8938" x="210" y="57" width="8" height="7"/>
 <SubTexture name="Shape/shape 8940" x="210" y="40" width="9" height="7"/>
 <SubTexture name="Shape/shape 8942" x="52" y="72" width="8" height="6"/>
 <SubTexture name="Shape/shape 8944" x="210" y="49" width="9" height="6"/>
 <SubTexture name="Shape/shape 8946" x="243" y="56" width="9" height="6"/>
 <SubTexture name="Shape/shape 8948" x="52" y="80" width="7" height="6"/>
 <SubTexture name="Shape/shape 8950" x="210" y="75" width="7" height="6"/>
 <SubTexture name="Shape/shape 8932" x="243" y="82" width="5" height="9"/>
</TextureAtlas>