<root name="BulletTower81_mc" isGlobal="0" frameRate="30" version="3.0">
 <armature name="BulletTower81_mc">
  <skin name="default">
   <slot name="Layer 1" z="0" parent="Layer 1">
    <display name="Shape/shape 7502" type="image">
     <transform scX="1" x="0" scY="1" y="0" pX="30" pY="12" skX="0" skY="0"/>
    </display>
    <display name="Shape/shape 7504" type="image">
     <transform scX="1" x="0" scY="1" y="0" pX="30" pY="12" skX="0" skY="0"/>
    </display>
    <display name="Shape/shape 7506" type="image">
     <transform scX="1" x="0" scY="1" y="0" pX="30" pY="12" skX="0" skY="0"/>
    </display>
    <display name="Shape/shape 7508" type="image">
     <transform scX="1" x="0" scY="1" y="0" pX="30" pY="12" skX="0" skY="0"/>
    </display>
    <display name="Shape/shape 7510" type="image">
     <transform scX="1" x="0" scY="1" y="0" pX="30" pY="12" skX="0" skY="0"/>
    </display>
    <display name="Shape/shape 7512" type="image">
     <transform scX="1" x="0" scY="1" y="0" pX="30" pY="12" skX="0" skY="0"/>
    </display>
    <display name="Shape/shape 7514" type="image">
     <transform scX="1" x="0" scY="1" y="0" pX="30" pY="12" skX="0" skY="0"/>
    </display>
    <display name="Shape/shape 7516" type="image">
     <transform scX="1" x="0" scY="1" y="0" pX="30" pY="12" skX="0" skY="0"/>
    </display>
    <display name="Shape/shape 7518" type="image">
     <transform scX="1" x="0" scY="1" y="0" pX="30" pY="12" skX="0" skY="0"/>
    </display>
    <display name="Shape/shape 7520" type="image">
     <transform scX="1" x="0" scY="1" y="0" pX="30" pY="12" skX="0" skY="0"/>
    </display>
    <display name="Shape/shape 7522" type="image">
     <transform scX="1" x="0" scY="1" y="0" pX="30" pY="12" skX="0" skY="0"/>
    </display>
    <display name="Shape/shape 7524" type="image">
     <transform scX="1" x="0" scY="1" y="0" pX="30" pY="12" skX="0" skY="0"/>
    </display>
    <display name="Shape/shape 7526" type="image">
     <transform scX="1" x="0" scY="1" y="0" pX="30" pY="12" skX="0" skY="0"/>
    </display>
   </slot>
  </skin>
  <bone name="Layer 1">
   <transform scX="1" x="0" skX="0" scY="1" y="0" skY="0"/>
  </bone>
  <animation fadeInTime="0.3" scale="1" loop="1" autoTween="NaN" name="BulletTower81_mc" duration="27" tweenEasing="NaN">
   <timeline pX="0" name="Layer 1" pY="0" scale="1" offset="0">
    <frame z="0" duration="2">
     <transform scX="1" x="0" scY="1" y="0" pX="0" pY="0" skX="0" skY="0"/>
    </frame>
    <frame displayIndex="1" z="0" duration="2">
     <transform scX="1" x="0" scY="1" y="0" pX="0" pY="0" skX="0" skY="0"/>
    </frame>
    <frame displayIndex="2" z="0" duration="2">
     <transform scX="1" x="0" scY="1" y="0" pX="0" pY="0" skX="0" skY="0"/>
    </frame>
    <frame displayIndex="3" z="0" duration="2">
     <transform scX="1" x="0" scY="1" y="0" pX="0" pY="0" skX="0" skY="0"/>
    </frame>
    <frame displayIndex="4" z="0" duration="2">
     <transform scX="1" x="0" scY="1" y="0" pX="0" pY="0" skX="0" skY="0"/>
    </frame>
    <frame displayIndex="5" z="0" duration="2">
     <transform scX="1" x="0" scY="1" y="0" pX="0" pY="0" skX="0" skY="0"/>
    </frame>
    <frame displayIndex="6" z="0" duration="2">
     <transform scX="1" x="0" scY="1" y="0" pX="0" pY="0" skX="0" skY="0"/>
    </frame>
    <frame displayIndex="7" z="0" duration="2">
     <transform scX="1" x="0" scY="1" y="0" pX="0" pY="0" skX="0" skY="0"/>
    </frame>
    <frame displayIndex="8" z="0" duration="2">
     <transform scX="1" x="0" scY="1" y="0" pX="0" pY="0" skX="0" skY="0"/>
    </frame>
    <frame displayIndex="9" z="0" duration="2">
     <transform scX="1" x="0" scY="1" y="0" pX="0" pY="0" skX="0" skY="0"/>
    </frame>
    <frame displayIndex="10" z="0" duration="2">
     <transform scX="1" x="0" scY="1" y="0" pX="0" pY="0" skX="0" skY="0"/>
    </frame>
    <frame displayIndex="11" z="0" duration="2">
     <transform scX="1" x="0" scY="1" y="0" pX="0" pY="0" skX="0" skY="0"/>
    </frame>
    <frame displayIndex="12" z="0" duration="2">
     <transform scX="1" x="0" scY="1" y="0" pX="0" pY="0" skX="0" skY="0"/>
    </frame>
    <frame displayIndex="12" z="0" duration="1">
     <transform scX="1" x="0" scY="1" y="0" pX="0" pY="0" skX="0" skY="0"/>
    </frame>
   </timeline>
  </animation>
 </armature>
</root>