<dragonBones name="1yrt" frameRate="30" version="2.3">
 <armature name="BulletTower81_mc">
  <bone name="Layer 1">
   <transform x="0" y="0" skX="0" skY="0" scX="1" scY="1"/>
  </bone>
  <skin name="default">
   <slot name="Layer 1" parent="Layer 1" z="0">
    <display name="Shape/shape 7502" type="image">
     <transform x="0" y="0" skX="0" skY="0" scX="1" scY="1" pX="30" pY="12"/>
    </display>
    <display name="Shape/shape 7504" type="image">
     <transform x="0" y="0" skX="0" skY="0" scX="1" scY="1" pX="30" pY="12"/>
    </display>
    <display name="Shape/shape 7506" type="image">
     <transform x="0" y="0" skX="0" skY="0" scX="1" scY="1" pX="30" pY="12"/>
    </display>
    <display name="Shape/shape 7508" type="image">
     <transform x="0" y="0" skX="0" skY="0" scX="1" scY="1" pX="30" pY="12"/>
    </display>
    <display name="Shape/shape 7510" type="image">
     <transform x="0" y="0" skX="0" skY="0" scX="1" scY="1" pX="30" pY="12"/>
    </display>
    <display name="Shape/shape 7512" type="image">
     <transform x="0" y="0" skX="0" skY="0" scX="1" scY="1" pX="30" pY="12"/>
    </display>
    <display name="Shape/shape 7514" type="image">
     <transform x="0" y="0" skX="0" skY="0" scX="1" scY="1" pX="30" pY="12"/>
    </display>
    <display name="Shape/shape 7516" type="image">
     <transform x="0" y="0" skX="0" skY="0" scX="1" scY="1" pX="30" pY="12"/>
    </display>
    <display name="Shape/shape 7518" type="image">
     <transform x="0" y="0" skX="0" skY="0" scX="1" scY="1" pX="30" pY="12"/>
    </display>
    <display name="Shape/shape 7520" type="image">
     <transform x="0" y="0" skX="0" skY="0" scX="1" scY="1" pX="30" pY="12"/>
    </display>
    <display name="Shape/shape 7522" type="image">
     <transform x="0" y="0" skX="0" skY="0" scX="1" scY="1" pX="30" pY="12"/>
    </display>
    <display name="Shape/shape 7524" type="image">
     <transform x="0" y="0" skX="0" skY="0" scX="1" scY="1" pX="30" pY="12"/>
    </display>
    <display name="Shape/shape 7526" type="image">
     <transform x="0" y="0" skX="0" skY="0" scX="1" scY="1" pX="30" pY="12"/>
    </display>
   </slot>
  </skin>
  <animation name="BulletTower81_mc" fadeInTime="0.3" duration="26" scale="1" loop="1" autoTween="1" tweenEasing="NaN">
   <timeline name="Layer 1" scale="1" offset="0">
    <frame z="0" duration="2">
     <transform x="0" y="0" skX="0" skY="0" scX="1" scY="1" pX="0" pY="0"/>
    </frame>
    <frame z="0" displayIndex="1" duration="2">
     <transform x="0" y="0" skX="0" skY="0" scX="1" scY="1" pX="0" pY="0"/>
    </frame>
    <frame z="0" displayIndex="2" duration="2">
     <transform x="0" y="0" skX="0" skY="0" scX="1" scY="1" pX="0" pY="0"/>
    </frame>
    <frame z="0" displayIndex="3" duration="2">
     <transform x="0" y="0" skX="0" skY="0" scX="1" scY="1" pX="0" pY="0"/>
    </frame>
    <frame z="0" displayIndex="4" duration="2">
     <transform x="0" y="0" skX="0" skY="0" scX="1" scY="1" pX="0" pY="0"/>
    </frame>
    <frame z="0" displayIndex="5" duration="2">
     <transform x="0" y="0" skX="0" skY="0" scX="1" scY="1" pX="0" pY="0"/>
    </frame>
    <frame z="0" displayIndex="6" duration="2">
     <transform x="0" y="0" skX="0" skY="0" scX="1" scY="1" pX="0" pY="0"/>
    </frame>
    <frame z="0" displayIndex="7" duration="2">
     <transform x="0" y="0" skX="0" skY="0" scX="1" scY="1" pX="0" pY="0"/>
    </frame>
    <frame z="0" displayIndex="8" duration="2">
     <transform x="0" y="0" skX="0" skY="0" scX="1" scY="1" pX="0" pY="0"/>
    </frame>
    <frame z="0" displayIndex="9" duration="2">
     <transform x="0" y="0" skX="0" skY="0" scX="1" scY="1" pX="0" pY="0"/>
    </frame>
    <frame z="0" displayIndex="10" duration="2">
     <transform x="0" y="0" skX="0" skY="0" scX="1" scY="1" pX="0" pY="0"/>
    </frame>
    <frame z="0" displayIndex="11" duration="2">
     <transform x="0" y="0" skX="0" skY="0" scX="1" scY="1" pX="0" pY="0"/>
    </frame>
    <frame z="0" displayIndex="12" duration="2">
     <transform x="0" y="0" skX="0" skY="0" scX="1" scY="1" pX="0" pY="0"/>
    </frame>
   </timeline>
  </animation>
 </armature>
</dragonBones>