<TextureAtlas name="BulletTower81_mc" imagePath="texture.png">
 <SubTexture name="Shape/shape 7502" x="0" y="0" width="63" height="97"/>
 <SubTexture name="Shape/shape 7504" x="130" y="0" width="63" height="97"/>
 <SubTexture name="Shape/shape 7506" x="260" y="0" width="63" height="97"/>
 <SubTexture name="Shape/shape 7508" x="260" y="99" width="63" height="97"/>
 <SubTexture name="Shape/shape 7510" x="325" y="99" width="63" height="97"/>
 <SubTexture name="Shape/shape 7512" x="65" y="99" width="63" height="97"/>
 <SubTexture name="Shape/shape 7514" x="325" y="0" width="63" height="97"/>
 <SubTexture name="Shape/shape 7516" x="130" y="99" width="63" height="97"/>
 <SubTexture name="Shape/shape 7518" x="0" y="99" width="63" height="97"/>
 <SubTexture name="Shape/shape 7520" x="195" y="0" width="63" height="97"/>
 <SubTexture name="Shape/shape 7522" x="390" y="0" width="63" height="97"/>
 <SubTexture name="Shape/shape 7524" x="65" y="0" width="63" height="97"/>
 <SubTexture name="Shape/shape 7526" x="195" y="99" width="63" height="97"/>
</TextureAtlas>