<dragonBones name="TowerMenu_mc" frameRate="30" version="2.3">
 <armature name="TowerMenu_mc">
  <bone name="bg1">
   <transform x="0" y="-6" skX="0" skY="0" scX="3.2" scY="3.2"/>
  </bone>
  <bone name="bg2">
   <transform x="0" y="0" skX="0" skY="0" scX="1" scY="1"/>
  </bone>
  <bone name="cont1">
   <transform x="2" y="-2" skX="0" skY="0" scX="1" scY="1"/>
  </bone>
  <bone name="cont2">
   <transform x="1" y="13" skX="0" skY="0" scX="1" scY="1"/>
  </bone>
  <bone name="bg3">
   <transform x="0" y="20" skX="0" skY="0" scX="1" scY="1"/>
  </bone>
  <bone name="btnGetAll">
   <transform x="0" y="0" skX="0" skY="0" scX="1" scY="1"/>
  </bone>
  <bone name="sphereSlot1">
   <transform x="-53" y="10" skX="0" skY="0" scX="1" scY="1"/>
  </bone>
  <bone name="sphereSlot2">
   <transform x="-25" y="50" skX="0" skY="0" scX="1" scY="1"/>
  </bone>
  <bone name="sphereSlot4">
   <transform x="54" y="10" skX="0" skY="0" scX="1" scY="1"/>
  </bone>
  <bone name="sphereSlot3">
   <transform x="26" y="50" skX="0" skY="0" scX="1" scY="1"/>
  </bone>
  <bone name="fastBuyUltraCont">
   <transform x="0" y="4" skX="0" skY="0" scX="1" scY="1"/>
  </bone>
  <bone name="btnUpgradeMenu">
   <transform x="2" y="-54" skX="0" skY="0" scX="1" scY="1"/>
  </bone>
  <bone name="btnTowerUpgr1">
   <transform x="-53" y="-40" skX="0" skY="0" scX="0.5" scY="0.5"/>
  </bone>
  <bone name="btnTowerUpgr2">
   <transform x="-20" y="-68" skX="0" skY="0" scX="0.5" scY="0.5"/>
  </bone>
  <bone name="btnTowerUpgr3">
   <transform x="20" y="-68" skX="0" skY="0" scX="0.5" scY="0.5"/>
  </bone>
  <bone name="btnTowerUpgr4">
   <transform x="53" y="-40" skX="0" skY="0" scX="0.5" scY="0.5"/>
  </bone>
  <skin name="default">
   <slot name="bg1" parent="bg1" z="0">
    <display name="Shape/shape 4084" type="image">
     <transform x="0" y="0" skX="0" skY="0" scX="1" scY="1" pX="25" pY="25"/>
    </display>
   </slot>
   <slot name="bg2" parent="bg2" z="1">
    <display name="Shape/shape 10975" type="image">
     <transform x="0" y="0" skX="0" skY="0" scX="1" scY="1" pX="56.25" pY="56.25"/>
    </display>
   </slot>
   <slot name="cont1" parent="cont1" z="2">
    <display name="cont1" type="armature">
     <transform x="0" y="0" skX="0" skY="0" scX="1" scY="1"/>
    </display>
   </slot>
   <slot name="cont2" parent="cont2" z="3">
    <display name="cont2" type="armature">
     <transform x="0" y="0" skX="0" skY="0" scX="1" scY="1"/>
    </display>
   </slot>
   <slot name="bg3" parent="bg3" z="4">
    <display name="Shape/shape 11079" type="image">
     <transform x="0" y="0" skX="0" skY="0" scX="1" scY="1" pX="69" pY="49"/>
    </display>
   </slot>
   <slot name="btnGetAll" parent="btnGetAll" z="5">
    <display name="btnGetAll" type="armature">
     <transform x="0" y="0" skX="0" skY="0" scX="1" scY="1"/>
    </display>
   </slot>
   <slot name="sphereSlot1" parent="sphereSlot1" z="6">
    <display name="sphereSlot" type="armature">
     <transform x="0" y="0" skX="0" skY="0" scX="1" scY="1"/>
    </display>
   </slot>
   <slot name="sphereSlot2" parent="sphereSlot2" z="7">
    <display name="sphereSlot" type="armature">
     <transform x="0" y="0" skX="0" skY="0" scX="1" scY="1"/>
    </display>
   </slot>
   <slot name="sphereSlot4" parent="sphereSlot4" z="8">
    <display name="sphereSlot" type="armature">
     <transform x="0" y="0" skX="0" skY="0" scX="1" scY="1"/>
    </display>
   </slot>
   <slot name="sphereSlot3" parent="sphereSlot3" z="9">
    <display name="sphereSlot" type="armature">
     <transform x="0" y="0" skX="0" skY="0" scX="1" scY="1"/>
    </display>
   </slot>
   <slot name="fastBuyUltraCont" parent="fastBuyUltraCont" z="10">
    <display name="fastBuyUltraCont" type="armature">
     <transform x="0" y="0" skX="0" skY="0" scX="1" scY="1"/>
    </display>
   </slot>
   <slot name="btnUpgradeMenu" parent="btnUpgradeMenu" z="11">
    <display name="btnUpgradeMenu" type="armature">
     <transform x="0" y="0" skX="0" skY="0" scX="1" scY="1"/>
    </display>
   </slot>
   <slot name="btnTowerUpgr1" parent="btnTowerUpgr1" z="12">
    <display name="btnTowerUpgr1" type="armature">
     <transform x="0" y="0" skX="0" skY="0" scX="1" scY="1"/>
    </display>
   </slot>
   <slot name="btnTowerUpgr2" parent="btnTowerUpgr2" z="13">
    <display name="btnTowerUpgr2" type="armature">
     <transform x="0" y="0" skX="0" skY="0" scX="1" scY="1"/>
    </display>
   </slot>
   <slot name="btnTowerUpgr3" parent="btnTowerUpgr3" z="14">
    <display name="btnTowerUpgr3" type="armature">
     <transform x="0" y="0" skX="0" skY="0" scX="1" scY="1"/>
    </display>
   </slot>
   <slot name="btnTowerUpgr4" parent="btnTowerUpgr4" z="15">
    <display name="btnTowerUpgr4" type="armature">
     <transform x="0" y="0" skX="0" skY="0" scX="1" scY="1"/>
    </display>
   </slot>
  </skin>
  <animation name="TowerMenu_mc" fadeInTime="0.3" duration="27" scale="1" loop="1" autoTween="NaN" tweenEasing="NaN">
   <timeline name="bg1" scale="1" offset="0">
    <frame duration="25" displayIndex="-1"/>
    <frame z="0" duration="1">
     <transform x="0" y="-6" skX="0" skY="0" scX="3.2" scY="3.2" pX="0" pY="0"/>
    </frame>
    <frame z="0" duration="1">
     <transform x="0" y="-6" skX="0" skY="0" scX="3.2" scY="3.2" pX="0" pY="0"/>
    </frame>
   </timeline>
   <timeline name="bg2" scale="1" offset="0">
    <frame z="1" duration="26">
     <transform x="0" y="0" skX="0" skY="0" scX="1" scY="1" pX="0" pY="0"/>
    </frame>
    <frame z="1" duration="1">
     <transform x="0" y="0" skX="0" skY="0" scX="1" scY="1" pX="0" pY="0"/>
    </frame>
   </timeline>
   <timeline name="cont1" scale="1" offset="0">
    <frame z="2" duration="26">
     <transform x="2" y="-2" skX="0" skY="0" scX="1" scY="1" pX="0" pY="0"/>
    </frame>
    <frame z="2" duration="1">
     <transform x="2" y="-2" skX="0" skY="0" scX="1" scY="1" pX="0" pY="0"/>
    </frame>
   </timeline>
   <timeline name="cont2" scale="1" offset="0">
    <frame z="3" duration="26">
     <transform x="1" y="13" skX="0" skY="0" scX="1" scY="1" pX="0" pY="0"/>
    </frame>
    <frame z="3" duration="1">
     <transform x="1" y="13" skX="0" skY="0" scX="1" scY="1" pX="0" pY="0"/>
    </frame>
   </timeline>
   <timeline name="bg3" scale="1" offset="0">
    <frame z="4" duration="26">
     <transform x="0" y="20" skX="0" skY="0" scX="1" scY="1" pX="0" pY="0"/>
    </frame>
    <frame z="4" duration="1">
     <transform x="0" y="20" skX="0" skY="0" scX="1" scY="1" pX="0" pY="0"/>
    </frame>
   </timeline>
   <timeline name="btnGetAll" scale="1" offset="0">
    <frame z="5" duration="26">
     <transform x="0" y="0" skX="0" skY="0" scX="1" scY="1" pX="0" pY="0"/>
    </frame>
    <frame z="5" duration="1">
     <transform x="0" y="0" skX="0" skY="0" scX="1" scY="1" pX="0" pY="0"/>
    </frame>
   </timeline>
   <timeline name="sphereSlot1" scale="1" offset="0">
    <frame z="6" duration="26">
     <transform x="-53" y="10" skX="0" skY="0" scX="1" scY="1" pX="0" pY="0"/>
    </frame>
    <frame z="6" duration="1">
     <transform x="-53" y="10" skX="0" skY="0" scX="1" scY="1" pX="0" pY="0"/>
    </frame>
   </timeline>
   <timeline name="sphereSlot2" scale="1" offset="0">
    <frame z="7" duration="26">
     <transform x="-25" y="50" skX="0" skY="0" scX="1" scY="1" pX="0" pY="0"/>
    </frame>
    <frame z="7" duration="1">
     <transform x="-25" y="50" skX="0" skY="0" scX="1" scY="1" pX="0" pY="0"/>
    </frame>
   </timeline>
   <timeline name="sphereSlot4" scale="1" offset="0">
    <frame z="8" duration="26">
     <transform x="54" y="10" skX="0" skY="0" scX="1" scY="1" pX="0" pY="0"/>
    </frame>
    <frame z="8" duration="1">
     <transform x="54" y="10" skX="0" skY="0" scX="1" scY="1" pX="0" pY="0"/>
    </frame>
   </timeline>
   <timeline name="sphereSlot3" scale="1" offset="0">
    <frame z="9" duration="26">
     <transform x="26" y="50" skX="0" skY="0" scX="1" scY="1" pX="0" pY="0"/>
    </frame>
    <frame z="9" duration="1">
     <transform x="26" y="50" skX="0" skY="0" scX="1" scY="1" pX="0" pY="0"/>
    </frame>
   </timeline>
   <timeline name="fastBuyUltraCont" scale="1" offset="0">
    <frame duration="12" displayIndex="-1"/>
    <frame z="10" duration="14">
     <transform x="0" y="4" skX="0" skY="0" scX="1" scY="1" pX="0" pY="0"/>
    </frame>
    <frame z="10" duration="1">
     <transform x="0" y="4" skX="0" skY="0" scX="1" scY="1" pX="0" pY="0"/>
    </frame>
   </timeline>
   <timeline name="btnUpgradeMenu" scale="1" offset="0">
    <frame z="11" tweenEasing="0" duration="3">
     <transform x="2" y="-54" skX="0" skY="0" scX="1" scY="1" pX="0" pY="0"/>
    </frame>
    <frame z="11" tweenEasing="0" duration="2">
     <transform x="2" y="-54" skX="0" skY="0" scX="1" scY="1" pX="0" pY="0"/>
    </frame>
    <frame z="11" tweenEasing="0" duration="4">
     <transform x="2" y="-53.9" skX="0" skY="0" scX="1.11" scY="1.11" pX="0" pY="0"/>
    </frame>
    <frame z="11" duration="1">
     <transform x="2" y="-54.65" skX="0" skY="0" scX="0.66" scY="0.66" pX="0" pY="0"/>
     <colorTransform aO="0" rO="0" gO="0" bO="0" aM="60" rM="100" gM="100" bM="100"/>
    </frame>
    <frame z="11" duration="2">
     <transform x="2" y="-54.8" skX="0" skY="0" scX="0.54" scY="0.54" pX="0" pY="0"/>
     <colorTransform aO="0" rO="0" gO="0" bO="0" aM="20" rM="100" gM="100" bM="100"/>
    </frame>
    <frame duration="15" displayIndex="-1"/>
   </timeline>
   <timeline name="btnTowerUpgr1" scale="1" offset="0">
    <frame duration="12" displayIndex="-1"/>
    <frame z="12" tweenEasing="0" duration="5">
     <transform x="-53" y="-40" skX="0" skY="0" scX="0.5" scY="0.5" pX="0" pY="0"/>
    </frame>
    <frame z="12" duration="1">
     <transform x="-53" y="-45" skX="0" skY="0" scX="1.05" scY="1.05" pX="0" pY="0"/>
    </frame>
    <frame z="12" duration="8">
     <transform x="-53" y="-45" skX="0" skY="0" scX="1" scY="1" pX="0" pY="0"/>
    </frame>
    <frame z="12" duration="1">
     <transform x="-53" y="-45" skX="0" skY="0" scX="1" scY="1" pX="0" pY="0"/>
    </frame>
   </timeline>
   <timeline name="btnTowerUpgr2" scale="1" offset="0">
    <frame duration="14" displayIndex="-1"/>
    <frame z="13" tweenEasing="0" duration="5">
     <transform x="-20" y="-68" skX="0" skY="0" scX="0.5" scY="0.5" pX="0" pY="0"/>
    </frame>
    <frame z="13" duration="1">
     <transform x="-20" y="-68" skX="0" skY="0" scX="1.05" scY="1.05" pX="0" pY="0"/>
    </frame>
    <frame z="13" duration="6">
     <transform x="-20" y="-68" skX="0" skY="0" scX="1" scY="1" pX="0" pY="0"/>
    </frame>
    <frame z="13" duration="1">
     <transform x="-20" y="-68" skX="0" skY="0" scX="1" scY="1" pX="0" pY="0"/>
    </frame>
   </timeline>
   <timeline name="btnTowerUpgr3" scale="1" offset="0">
    <frame duration="16" displayIndex="-1"/>
    <frame z="14" tweenEasing="0" duration="5">
     <transform x="20" y="-68" skX="0" skY="0" scX="0.5" scY="0.5" pX="0" pY="0"/>
    </frame>
    <frame z="14" duration="1">
     <transform x="20" y="-68" skX="0" skY="0" scX="1.05" scY="1.05" pX="0" pY="0"/>
    </frame>
    <frame z="14" duration="4">
     <transform x="20" y="-68" skX="0" skY="0" scX="1" scY="1" pX="0" pY="0"/>
    </frame>
    <frame z="14" duration="1">
     <transform x="20" y="-68" skX="0" skY="0" scX="1" scY="1" pX="0" pY="0"/>
    </frame>
   </timeline>
   <timeline name="btnTowerUpgr4" scale="1" offset="0">
    <frame duration="18" displayIndex="-1"/>
    <frame z="15" tweenEasing="0" duration="5">
     <transform x="53" y="-40" skX="0" skY="0" scX="0.5" scY="0.5" pX="0" pY="0"/>
    </frame>
    <frame z="15" duration="1">
     <transform x="53" y="-45" skX="0" skY="0" scX="1.05" scY="1.05" pX="0" pY="0"/>
    </frame>
    <frame z="15" duration="2">
     <transform x="53" y="-45" skX="0" skY="0" scX="1" scY="1" pX="0" pY="0"/>
    </frame>
    <frame z="15" duration="1">
     <transform x="53" y="-45" skX="0" skY="0" scX="1" scY="1" pX="0" pY="0"/>
    </frame>
   </timeline>
  </animation>
 </armature>
 <armature name="cont1">
  <bone name="cont1">
   <transform x="0" y="0" skX="0" skY="0" scX="1" scY="1"/>
  </bone>
  <skin name="default">
   <slot name="cont1" parent="cont1" z="0">
    <display name="Shape/shape 10977" type="image">
     <transform x="0" y="0" skX="0" skY="0" scX="1" scY="1" pX="67" pY="64"/>
    </display>
    <display name="Shape/shape 10979" type="image">
     <transform x="0" y="0" skX="0" skY="0" scX="1" scY="1" pX="67" pY="64"/>
    </display>
    <display name="Shape/shape 10981" type="image">
     <transform x="0" y="0" skX="0" skY="0" scX="1" scY="1" pX="67" pY="64"/>
    </display>
    <display name="Shape/shape 10983" type="image">
     <transform x="0" y="0" skX="0" skY="0" scX="1" scY="1" pX="67" pY="64"/>
    </display>
    <display name="Shape/shape 10985" type="image">
     <transform x="0" y="0" skX="0" skY="0" scX="1" scY="1" pX="67" pY="64"/>
    </display>
    <display name="Shape/shape 10987" type="image">
     <transform x="0" y="0" skX="0" skY="0" scX="1" scY="1" pX="67" pY="64"/>
    </display>
    <display name="Shape/shape 10989" type="image">
     <transform x="0" y="0" skX="0" skY="0" scX="1" scY="1" pX="67" pY="64"/>
    </display>
    <display name="Shape/shape 10991" type="image">
     <transform x="0" y="0" skX="0" skY="0" scX="1" scY="1" pX="67" pY="64"/>
    </display>
    <display name="Shape/shape 10993" type="image">
     <transform x="0" y="0" skX="0" skY="0" scX="1" scY="1" pX="67" pY="64"/>
    </display>
    <display name="Shape/shape 10995" type="image">
     <transform x="0" y="0" skX="0" skY="0" scX="1" scY="1" pX="67" pY="64"/>
    </display>
    <display name="Shape/shape 10997" type="image">
     <transform x="0" y="0" skX="0" skY="0" scX="1" scY="1" pX="67" pY="64"/>
    </display>
    <display name="Shape/shape 10999" type="image">
     <transform x="0" y="0" skX="0" skY="0" scX="1" scY="1" pX="67" pY="64"/>
    </display>
    <display name="Shape/shape 11001" type="image">
     <transform x="0" y="0" skX="0" skY="0" scX="1" scY="1" pX="67" pY="64"/>
    </display>
    <display name="Shape/shape 11003" type="image">
     <transform x="0" y="0" skX="0" skY="0" scX="1" scY="1" pX="67" pY="64"/>
    </display>
    <display name="Shape/shape 11005" type="image">
     <transform x="0" y="0" skX="0" skY="0" scX="1" scY="1" pX="67" pY="64"/>
    </display>
    <display name="Shape/shape 11007" type="image">
     <transform x="0" y="0" skX="0" skY="0" scX="1" scY="1" pX="67" pY="64"/>
    </display>
    <display name="Shape/shape 11009" type="image">
     <transform x="0" y="0" skX="0" skY="0" scX="1" scY="1" pX="67" pY="64"/>
    </display>
    <display name="Shape/shape 11011" type="image">
     <transform x="0" y="0" skX="0" skY="0" scX="1" scY="1" pX="67" pY="64"/>
    </display>
    <display name="Shape/shape 11013" type="image">
     <transform x="0" y="0" skX="0" skY="0" scX="1" scY="1" pX="67" pY="64"/>
    </display>
    <display name="Shape/shape 11015" type="image">
     <transform x="0" y="0" skX="0" skY="0" scX="1" scY="1" pX="67" pY="64"/>
    </display>
    <display name="Shape/shape 11017" type="image">
     <transform x="0" y="0" skX="0" skY="0" scX="1" scY="1" pX="67" pY="64"/>
    </display>
    <display name="Shape/shape 11019" type="image">
     <transform x="0" y="0" skX="0" skY="0" scX="1" scY="1" pX="67" pY="64"/>
    </display>
    <display name="Shape/shape 11021" type="image">
     <transform x="0" y="0" skX="0" skY="0" scX="1" scY="1" pX="67" pY="64"/>
    </display>
    <display name="Shape/shape 11023" type="image">
     <transform x="0" y="0" skX="0" skY="0" scX="1" scY="1" pX="67" pY="64"/>
    </display>
    <display name="Shape/shape 11025" type="image">
     <transform x="0" y="0" skX="0" skY="0" scX="1" scY="1" pX="67" pY="64"/>
    </display>
    <display name="Shape/shape 11027" type="image">
     <transform x="0" y="0" skX="0" skY="0" scX="1" scY="1" pX="67" pY="64"/>
    </display>
    <display name="Shape/shape 11029" type="image">
     <transform x="0" y="0" skX="0" skY="0" scX="1" scY="1" pX="67" pY="64"/>
    </display>
    <display name="Shape/shape 11031" type="image">
     <transform x="0" y="0" skX="0" skY="0" scX="1" scY="1" pX="67" pY="64"/>
    </display>
    <display name="Shape/shape 11033" type="image">
     <transform x="0" y="0" skX="0" skY="0" scX="1" scY="1" pX="67" pY="64"/>
    </display>
    <display name="Shape/shape 11035" type="image">
     <transform x="0" y="0" skX="0" skY="0" scX="1" scY="1" pX="67" pY="64"/>
    </display>
   </slot>
  </skin>
  <animation name="cont1" fadeInTime="0.3" duration="61" scale="1" loop="1" autoTween="NaN" tweenEasing="NaN">
   <timeline name="cont1" scale="1" offset="0">
    <frame z="0" duration="2">
     <transform x="0" y="0" skX="0" skY="0" scX="1" scY="1" pX="0" pY="0"/>
    </frame>
    <frame z="0" displayIndex="1" duration="2">
     <transform x="0" y="0" skX="0" skY="0" scX="1" scY="1" pX="0" pY="0"/>
    </frame>
    <frame z="0" displayIndex="2" duration="2">
     <transform x="0" y="0" skX="0" skY="0" scX="1" scY="1" pX="0" pY="0"/>
    </frame>
    <frame z="0" displayIndex="3" duration="2">
     <transform x="0" y="0" skX="0" skY="0" scX="1" scY="1" pX="0" pY="0"/>
    </frame>
    <frame z="0" displayIndex="4" duration="2">
     <transform x="0" y="0" skX="0" skY="0" scX="1" scY="1" pX="0" pY="0"/>
    </frame>
    <frame z="0" displayIndex="5" duration="2">
     <transform x="0" y="0" skX="0" skY="0" scX="1" scY="1" pX="0" pY="0"/>
    </frame>
    <frame z="0" displayIndex="6" duration="2">
     <transform x="0" y="0" skX="0" skY="0" scX="1" scY="1" pX="0" pY="0"/>
    </frame>
    <frame z="0" displayIndex="7" duration="2">
     <transform x="0" y="0" skX="0" skY="0" scX="1" scY="1" pX="0" pY="0"/>
    </frame>
    <frame z="0" displayIndex="8" duration="2">
     <transform x="0" y="0" skX="0" skY="0" scX="1" scY="1" pX="0" pY="0"/>
    </frame>
    <frame z="0" displayIndex="9" duration="2">
     <transform x="0" y="0" skX="0" skY="0" scX="1" scY="1" pX="0" pY="0"/>
    </frame>
    <frame z="0" displayIndex="10" duration="2">
     <transform x="0" y="0" skX="0" skY="0" scX="1" scY="1" pX="0" pY="0"/>
    </frame>
    <frame z="0" displayIndex="11" duration="2">
     <transform x="0" y="0" skX="0" skY="0" scX="1" scY="1" pX="0" pY="0"/>
    </frame>
    <frame z="0" displayIndex="12" duration="2">
     <transform x="0" y="0" skX="0" skY="0" scX="1" scY="1" pX="0" pY="0"/>
    </frame>
    <frame z="0" displayIndex="13" duration="2">
     <transform x="0" y="0" skX="0" skY="0" scX="1" scY="1" pX="0" pY="0"/>
    </frame>
    <frame z="0" displayIndex="14" duration="2">
     <transform x="0" y="0" skX="0" skY="0" scX="1" scY="1" pX="0" pY="0"/>
    </frame>
    <frame z="0" displayIndex="15" duration="2">
     <transform x="0" y="0" skX="0" skY="0" scX="1" scY="1" pX="0" pY="0"/>
    </frame>
    <frame z="0" displayIndex="16" duration="2">
     <transform x="0" y="0" skX="0" skY="0" scX="1" scY="1" pX="0" pY="0"/>
    </frame>
    <frame z="0" displayIndex="17" duration="2">
     <transform x="0" y="0" skX="0" skY="0" scX="1" scY="1" pX="0" pY="0"/>
    </frame>
    <frame z="0" displayIndex="18" duration="2">
     <transform x="0" y="0" skX="0" skY="0" scX="1" scY="1" pX="0" pY="0"/>
    </frame>
    <frame z="0" displayIndex="19" duration="2">
     <transform x="0" y="0" skX="0" skY="0" scX="1" scY="1" pX="0" pY="0"/>
    </frame>
    <frame z="0" displayIndex="20" duration="2">
     <transform x="0" y="0" skX="0" skY="0" scX="1" scY="1" pX="0" pY="0"/>
    </frame>
    <frame z="0" displayIndex="21" duration="2">
     <transform x="0" y="0" skX="0" skY="0" scX="1" scY="1" pX="0" pY="0"/>
    </frame>
    <frame z="0" displayIndex="22" duration="2">
     <transform x="0" y="0" skX="0" skY="0" scX="1" scY="1" pX="0" pY="0"/>
    </frame>
    <frame z="0" displayIndex="23" duration="2">
     <transform x="0" y="0" skX="0" skY="0" scX="1" scY="1" pX="0" pY="0"/>
    </frame>
    <frame z="0" displayIndex="24" duration="2">
     <transform x="0" y="0" skX="0" skY="0" scX="1" scY="1" pX="0" pY="0"/>
    </frame>
    <frame z="0" displayIndex="25" duration="2">
     <transform x="0" y="0" skX="0" skY="0" scX="1" scY="1" pX="0" pY="0"/>
    </frame>
    <frame z="0" displayIndex="26" duration="2">
     <transform x="0" y="0" skX="0" skY="0" scX="1" scY="1" pX="0" pY="0"/>
    </frame>
    <frame z="0" displayIndex="27" duration="2">
     <transform x="0" y="0" skX="0" skY="0" scX="1" scY="1" pX="0" pY="0"/>
    </frame>
    <frame z="0" displayIndex="28" duration="2">
     <transform x="0" y="0" skX="0" skY="0" scX="1" scY="1" pX="0" pY="0"/>
    </frame>
    <frame z="0" displayIndex="29" duration="2">
     <transform x="0" y="0" skX="0" skY="0" scX="1" scY="1" pX="0" pY="0"/>
    </frame>
    <frame z="0" displayIndex="29" duration="1">
     <transform x="0" y="0" skX="0" skY="0" scX="1" scY="1" pX="0" pY="0"/>
    </frame>
   </timeline>
   <frame duration="60"/>
   <frame duration="1"/>
  </animation>
 </armature>
 <armature name="cont2">
  <bone name="cont2">
   <transform x="0" y="0" skX="0" skY="0" scX="1" scY="1"/>
  </bone>
  <skin name="default">
   <slot name="cont2" parent="cont2" z="0">
    <display name="Shape/shape 11038" type="image">
     <transform x="0" y="0" skX="0" skY="0" scX="1" scY="1" pX="57" pY="43"/>
    </display>
    <display name="Shape/shape 11040" type="image">
     <transform x="0" y="0" skX="0" skY="0" scX="1" scY="1" pX="57" pY="43"/>
    </display>
    <display name="Shape/shape 11042" type="image">
     <transform x="0" y="0" skX="0" skY="0" scX="1" scY="1" pX="57" pY="43"/>
    </display>
    <display name="Shape/shape 11044" type="image">
     <transform x="0" y="0" skX="0" skY="0" scX="1" scY="1" pX="57" pY="43"/>
    </display>
    <display name="Shape/shape 11046" type="image">
     <transform x="0" y="0" skX="0" skY="0" scX="1" scY="1" pX="57" pY="43"/>
    </display>
    <display name="Shape/shape 11048" type="image">
     <transform x="0" y="0" skX="0" skY="0" scX="1" scY="1" pX="57" pY="43"/>
    </display>
    <display name="Shape/shape 11050" type="image">
     <transform x="0" y="0" skX="0" skY="0" scX="1" scY="1" pX="57" pY="43"/>
    </display>
    <display name="Shape/shape 11052" type="image">
     <transform x="0" y="0" skX="0" skY="0" scX="1" scY="1" pX="57" pY="43"/>
    </display>
    <display name="Shape/shape 11054" type="image">
     <transform x="0" y="0" skX="0" skY="0" scX="1" scY="1" pX="57" pY="43"/>
    </display>
    <display name="Shape/shape 11056" type="image">
     <transform x="0" y="0" skX="0" skY="0" scX="1" scY="1" pX="57" pY="43"/>
    </display>
    <display name="Shape/shape 11058" type="image">
     <transform x="0" y="0" skX="0" skY="0" scX="1" scY="1" pX="57" pY="43"/>
    </display>
    <display name="Shape/shape 11060" type="image">
     <transform x="0" y="0" skX="0" skY="0" scX="1" scY="1" pX="57" pY="43"/>
    </display>
    <display name="Shape/shape 11062" type="image">
     <transform x="0" y="0" skX="0" skY="0" scX="1" scY="1" pX="57" pY="43"/>
    </display>
    <display name="Shape/shape 11064" type="image">
     <transform x="0" y="0" skX="0" skY="0" scX="1" scY="1" pX="57" pY="43"/>
    </display>
    <display name="Shape/shape 11066" type="image">
     <transform x="0" y="0" skX="0" skY="0" scX="1" scY="1" pX="57" pY="43"/>
    </display>
    <display name="Shape/shape 11068" type="image">
     <transform x="0" y="0" skX="0" skY="0" scX="1" scY="1" pX="57" pY="43"/>
    </display>
    <display name="Shape/shape 11070" type="image">
     <transform x="0" y="0" skX="0" skY="0" scX="1" scY="1" pX="57" pY="43"/>
    </display>
    <display name="Shape/shape 11072" type="image">
     <transform x="0" y="0" skX="0" skY="0" scX="1" scY="1" pX="57" pY="43"/>
    </display>
    <display name="Shape/shape 11074" type="image">
     <transform x="0" y="0" skX="0" skY="0" scX="1" scY="1" pX="57" pY="43"/>
    </display>
    <display name="Shape/shape 11076" type="image">
     <transform x="0" y="0" skX="0" skY="0" scX="1" scY="1" pX="57" pY="43"/>
    </display>
   </slot>
  </skin>
  <animation name="cont2" fadeInTime="0.3" duration="61" scale="1" loop="1" autoTween="NaN" tweenEasing="NaN">
   <timeline name="cont2" scale="1" offset="0">
    <frame z="0" duration="3">
     <transform x="0" y="0" skX="0" skY="0" scX="1" scY="1" pX="0" pY="0"/>
    </frame>
    <frame z="0" displayIndex="1" duration="3">
     <transform x="0" y="0" skX="0" skY="0" scX="1" scY="1" pX="0" pY="0"/>
    </frame>
    <frame z="0" displayIndex="2" duration="3">
     <transform x="0" y="0" skX="0" skY="0" scX="1" scY="1" pX="0" pY="0"/>
    </frame>
    <frame z="0" displayIndex="3" duration="3">
     <transform x="0" y="0" skX="0" skY="0" scX="1" scY="1" pX="0" pY="0"/>
    </frame>
    <frame z="0" displayIndex="4" duration="2">
     <transform x="0" y="0" skX="0" skY="0" scX="1" scY="1" pX="0" pY="0"/>
    </frame>
    <frame z="0" displayIndex="5" duration="2">
     <transform x="0" y="0" skX="0" skY="0" scX="1" scY="1" pX="0" pY="0"/>
    </frame>
    <frame z="0" displayIndex="6" duration="2">
     <transform x="0" y="0" skX="0" skY="0" scX="1" scY="1" pX="0" pY="0"/>
    </frame>
    <frame z="0" displayIndex="7" duration="2">
     <transform x="0" y="0" skX="0" skY="0" scX="1" scY="1" pX="0" pY="0"/>
    </frame>
    <frame z="0" displayIndex="8" duration="2">
     <transform x="0" y="0" skX="0" skY="0" scX="1" scY="1" pX="0" pY="0"/>
    </frame>
    <frame z="0" displayIndex="9" duration="2">
     <transform x="0" y="0" skX="0" skY="0" scX="1" scY="1" pX="0" pY="0"/>
    </frame>
    <frame z="0" displayIndex="10" duration="2">
     <transform x="0" y="0" skX="0" skY="0" scX="1" scY="1" pX="0" pY="0"/>
    </frame>
    <frame z="0" displayIndex="11" duration="2">
     <transform x="0" y="0" skX="0" skY="0" scX="1" scY="1" pX="0" pY="0"/>
    </frame>
    <frame z="0" displayIndex="12" duration="2">
     <transform x="0" y="0" skX="0" skY="0" scX="1" scY="1" pX="0" pY="0"/>
    </frame>
    <frame z="0" displayIndex="13" duration="2">
     <transform x="0" y="0" skX="0" skY="0" scX="1" scY="1" pX="0" pY="0"/>
    </frame>
    <frame z="0" displayIndex="14" duration="2">
     <transform x="0" y="0" skX="0" skY="0" scX="1" scY="1" pX="0" pY="0"/>
    </frame>
    <frame z="0" displayIndex="15" duration="2">
     <transform x="0" y="0" skX="0" skY="0" scX="1" scY="1" pX="0" pY="0"/>
    </frame>
    <frame z="0" displayIndex="16" duration="2">
     <transform x="0" y="0" skX="0" skY="0" scX="1" scY="1" pX="0" pY="0"/>
    </frame>
    <frame z="0" displayIndex="17" duration="2">
     <transform x="0" y="0" skX="0" skY="0" scX="1" scY="1" pX="0" pY="0"/>
    </frame>
    <frame z="0" displayIndex="18" duration="1">
     <transform x="0" y="0" skX="0" skY="0" scX="1" scY="1" pX="0" pY="0"/>
    </frame>
    <frame z="0" displayIndex="19" duration="19">
     <transform x="0" y="0" skX="0" skY="0" scX="1" scY="1" pX="0" pY="0"/>
    </frame>
    <frame z="0" displayIndex="19" duration="1">
     <transform x="0" y="0" skX="0" skY="0" scX="1" scY="1" pX="0" pY="0"/>
    </frame>
   </timeline>
  </animation>
 </armature>
 <armature name="btnGetAll">
  <bone name="bg">
   <transform x="0" y="0" skX="0" skY="0" scX="1" scY="1"/>
  </bone>
  <bone name="btnGetAllCase">
   <transform x="0" y="0" skX="0" skY="0" scX="0.6" scY="0.6"/>
  </bone>
  <skin name="default">
   <slot name="bg" parent="bg" z="0">
    <display name="Shape/shape 11081" type="image">
     <transform x="0" y="0" skX="0" skY="0" scX="1" scY="1" pX="16" pY="16"/>
    </display>
    <display name="Shape/shape 11083" type="image">
     <transform x="0" y="0" skX="0" skY="0" scX="1" scY="1" pX="16" pY="16"/>
    </display>
    <display name="Shape/shape 11085" type="image">
     <transform x="0" y="0" skX="0" skY="0" scX="1" scY="1" pX="16" pY="16"/>
    </display>
    <display name="Shape/shape 11087" type="image">
     <transform x="0" y="0" skX="0" skY="0" scX="1" scY="1" pX="16" pY="16"/>
    </display>
    <display name="Shape/shape 11089" type="image">
     <transform x="0" y="0" skX="0" skY="0" scX="1" scY="1" pX="16" pY="16"/>
    </display>
    <display name="Shape/shape 11091" type="image">
     <transform x="0" y="0" skX="0" skY="0" scX="1" scY="1" pX="16" pY="16"/>
    </display>
    <display name="Shape/shape 11093" type="image">
     <transform x="0" y="0" skX="0" skY="0" scX="1" scY="1" pX="16" pY="16"/>
    </display>
    <display name="Shape/shape 11095" type="image">
     <transform x="0" y="0" skX="0" skY="0" scX="1" scY="1" pX="16" pY="16"/>
    </display>
    <display name="Shape/shape 11097" type="image">
     <transform x="0" y="0" skX="0" skY="0" scX="1" scY="1" pX="16" pY="16"/>
    </display>
    <display name="Shape/shape 11099" type="image">
     <transform x="0" y="0" skX="0" skY="0" scX="1" scY="1" pX="16" pY="16"/>
    </display>
    <display name="Shape/shape 11101" type="image">
     <transform x="0" y="0" skX="0" skY="0" scX="1" scY="1" pX="16" pY="16"/>
    </display>
    <display name="Shape/shape 11103" type="image">
     <transform x="0" y="0" skX="0" skY="0" scX="1" scY="1" pX="16" pY="16"/>
    </display>
    <display name="Shape/shape 11105" type="image">
     <transform x="0" y="0" skX="0" skY="0" scX="1" scY="1" pX="16" pY="16"/>
    </display>
    <display name="Shape/shape 11107" type="image">
     <transform x="0" y="0" skX="0" skY="0" scX="1" scY="1" pX="16" pY="16"/>
    </display>
    <display name="Shape/shape 11109" type="image">
     <transform x="0" y="0" skX="0" skY="0" scX="1" scY="1" pX="16" pY="16"/>
    </display>
    <display name="Shape/shape 11111" type="image">
     <transform x="0" y="0" skX="0" skY="0" scX="1" scY="1" pX="16" pY="16"/>
    </display>
    <display name="Shape/shape 11113" type="image">
     <transform x="0" y="0" skX="0" skY="0" scX="1" scY="1" pX="16" pY="16"/>
    </display>
    <display name="Shape/shape 11115" type="image">
     <transform x="0" y="0" skX="0" skY="0" scX="1" scY="1" pX="16" pY="16"/>
    </display>
    <display name="Shape/shape 11117" type="image">
     <transform x="0" y="0" skX="0" skY="0" scX="1" scY="1" pX="16" pY="16"/>
    </display>
    <display name="Shape/shape 11119" type="image">
     <transform x="0" y="0" skX="0" skY="0" scX="1" scY="1" pX="16" pY="16"/>
    </display>
    <display name="Shape/shape 11121" type="image">
     <transform x="0" y="0" skX="0" skY="0" scX="1" scY="1" pX="16" pY="16"/>
    </display>
    <display name="Shape/shape 11123" type="image">
     <transform x="0" y="0" skX="0" skY="0" scX="1" scY="1" pX="16" pY="16"/>
    </display>
    <display name="Shape/shape 11125" type="image">
     <transform x="0" y="0" skX="0" skY="0" scX="1" scY="1" pX="16" pY="16"/>
    </display>
    <display name="Shape/shape 11127" type="image">
     <transform x="0" y="0" skX="0" skY="0" scX="1" scY="1" pX="16" pY="16"/>
    </display>
    <display name="Shape/shape 11129" type="image">
     <transform x="0" y="0" skX="0" skY="0" scX="1" scY="1" pX="16" pY="16"/>
    </display>
    <display name="Shape/shape 11131" type="image">
     <transform x="0" y="0" skX="0" skY="0" scX="1" scY="1" pX="16" pY="16"/>
    </display>
    <display name="Shape/shape 11133" type="image">
     <transform x="0" y="0" skX="0" skY="0" scX="1" scY="1" pX="16" pY="16"/>
    </display>
    <display name="Shape/shape 11135" type="image">
     <transform x="0" y="0" skX="0" skY="0" scX="1" scY="1" pX="16" pY="16"/>
    </display>
    <display name="Shape/shape 11137" type="image">
     <transform x="0" y="0" skX="0" skY="0" scX="1" scY="1" pX="16" pY="16"/>
    </display>
    <display name="Shape/shape 11139" type="image">
     <transform x="0" y="0" skX="0" skY="0" scX="1" scY="1" pX="16" pY="16"/>
    </display>
    <display name="Shape/shape 11141" type="image">
     <transform x="0" y="0" skX="0" skY="0" scX="1" scY="1" pX="16" pY="16"/>
    </display>
   </slot>
   <slot name="btnGetAllCase" parent="btnGetAllCase" z="1">
    <display name="case" type="image">
     <transform x="0" y="0" skX="0" skY="0" scX="1" scY="1" pX="25" pY="25"/>
    </display>
   </slot>
  </skin>
  <animation name="btnGetAll" fadeInTime="0.3" duration="32" scale="1" loop="1" autoTween="NaN" tweenEasing="NaN">
   <timeline name="bg" scale="1" offset="0">
    <frame z="0" duration="1">
     <transform x="0" y="0" skX="0" skY="0" scX="1" scY="1" pX="0" pY="0"/>
    </frame>
    <frame z="0" displayIndex="1" duration="1">
     <transform x="0" y="0" skX="0" skY="0" scX="1" scY="1" pX="0" pY="0"/>
    </frame>
    <frame z="0" displayIndex="2" duration="1">
     <transform x="0" y="0" skX="0" skY="0" scX="1" scY="1" pX="0" pY="0"/>
    </frame>
    <frame z="0" displayIndex="3" duration="1">
     <transform x="0" y="0" skX="0" skY="0" scX="1" scY="1" pX="0" pY="0"/>
    </frame>
    <frame z="0" displayIndex="4" duration="1">
     <transform x="0" y="0" skX="0" skY="0" scX="1" scY="1" pX="0" pY="0"/>
    </frame>
    <frame z="0" displayIndex="5" duration="1">
     <transform x="0" y="0" skX="0" skY="0" scX="1" scY="1" pX="0" pY="0"/>
    </frame>
    <frame z="0" displayIndex="6" duration="1">
     <transform x="0" y="0" skX="0" skY="0" scX="1" scY="1" pX="0" pY="0"/>
    </frame>
    <frame z="0" displayIndex="7" duration="1">
     <transform x="0" y="0" skX="0" skY="0" scX="1" scY="1" pX="0" pY="0"/>
    </frame>
    <frame z="0" displayIndex="8" duration="1">
     <transform x="0" y="0" skX="0" skY="0" scX="1" scY="1" pX="0" pY="0"/>
    </frame>
    <frame z="0" displayIndex="9" duration="1">
     <transform x="0" y="0" skX="0" skY="0" scX="1" scY="1" pX="0" pY="0"/>
    </frame>
    <frame z="0" displayIndex="10" duration="1">
     <transform x="0" y="0" skX="0" skY="0" scX="1" scY="1" pX="0" pY="0"/>
    </frame>
    <frame z="0" displayIndex="11" duration="1">
     <transform x="0" y="0" skX="0" skY="0" scX="1" scY="1" pX="0" pY="0"/>
    </frame>
    <frame z="0" displayIndex="12" duration="1">
     <transform x="0" y="0" skX="0" skY="0" scX="1" scY="1" pX="0" pY="0"/>
    </frame>
    <frame z="0" displayIndex="13" duration="1">
     <transform x="0" y="0" skX="0" skY="0" scX="1" scY="1" pX="0" pY="0"/>
    </frame>
    <frame z="0" displayIndex="14" duration="1">
     <transform x="0" y="0" skX="0" skY="0" scX="1" scY="1" pX="0" pY="0"/>
    </frame>
    <frame z="0" displayIndex="15" duration="1">
     <transform x="0" y="0" skX="0" skY="0" scX="1" scY="1" pX="0" pY="0"/>
    </frame>
    <frame z="0" displayIndex="16" duration="1">
     <transform x="0" y="0" skX="0" skY="0" scX="1" scY="1" pX="0" pY="0"/>
    </frame>
    <frame z="0" displayIndex="17" duration="1">
     <transform x="0" y="0" skX="0" skY="0" scX="1" scY="1" pX="0" pY="0"/>
    </frame>
    <frame z="0" displayIndex="18" duration="1">
     <transform x="0" y="0" skX="0" skY="0" scX="1" scY="1" pX="0" pY="0"/>
    </frame>
    <frame z="0" displayIndex="19" duration="1">
     <transform x="0" y="0" skX="0" skY="0" scX="1" scY="1" pX="0" pY="0"/>
    </frame>
    <frame z="0" displayIndex="20" duration="1">
     <transform x="0" y="0" skX="0" skY="0" scX="1" scY="1" pX="0" pY="0"/>
    </frame>
    <frame z="0" displayIndex="21" duration="1">
     <transform x="0" y="0" skX="0" skY="0" scX="1" scY="1" pX="0" pY="0"/>
    </frame>
    <frame z="0" displayIndex="22" duration="1">
     <transform x="0" y="0" skX="0" skY="0" scX="1" scY="1" pX="0" pY="0"/>
    </frame>
    <frame z="0" displayIndex="23" duration="1">
     <transform x="0" y="0" skX="0" skY="0" scX="1" scY="1" pX="0" pY="0"/>
    </frame>
    <frame z="0" displayIndex="24" duration="1">
     <transform x="0" y="0" skX="0" skY="0" scX="1" scY="1" pX="0" pY="0"/>
    </frame>
    <frame z="0" displayIndex="25" duration="1">
     <transform x="0" y="0" skX="0" skY="0" scX="1" scY="1" pX="0" pY="0"/>
    </frame>
    <frame z="0" displayIndex="26" duration="1">
     <transform x="0" y="0" skX="0" skY="0" scX="1" scY="1" pX="0" pY="0"/>
    </frame>
    <frame z="0" displayIndex="27" duration="1">
     <transform x="0" y="0" skX="0" skY="0" scX="1" scY="1" pX="0" pY="0"/>
    </frame>
    <frame z="0" displayIndex="28" duration="1">
     <transform x="0" y="0" skX="0" skY="0" scX="1" scY="1" pX="0" pY="0"/>
    </frame>
    <frame z="0" displayIndex="29" duration="1">
     <transform x="0" y="0" skX="0" skY="0" scX="1" scY="1" pX="0" pY="0"/>
    </frame>
    <frame z="0" displayIndex="30" duration="1">
     <transform x="0" y="0" skX="0" skY="0" scX="1" scY="1" pX="0" pY="0"/>
    </frame>
    <frame z="0" displayIndex="30" duration="1">
     <transform x="0" y="0" skX="0" skY="0" scX="1" scY="1" pX="0" pY="0"/>
    </frame>
   </timeline>
   <timeline name="btnGetAllCase" scale="1" offset="0">
    <frame z="1" duration="31">
     <transform x="0" y="0" skX="0" skY="0" scX="0.6" scY="0.6" pX="0" pY="0"/>
    </frame>
    <frame z="1" duration="1">
     <transform x="0" y="0" skX="0" skY="0" scX="0.6" scY="0.6" pX="0" pY="0"/>
    </frame>
   </timeline>
   <frame duration="31"/>
   <frame duration="1"/>
  </animation>
 </armature>
 <armature name="sphereSlot">
  <bone name="bg">
   <transform x="0" y="0" skX="0" skY="0" scX="1" scY="1"/>
  </bone>
  <bone name="sphereAnima">
   <transform x="-0.7" y="-0.7" skX="0" skY="0" scX="1" scY="1"/>
  </bone>
  <bone name="sphereSlotCase">
   <transform x="-0.6" y="-0.6" skX="0" skY="0" scX="0.81" scY="0.81"/>
  </bone>
  <skin name="default">
   <slot name="bg" parent="bg" z="0">
    <display name="Shape/shape 11144" type="image">
     <transform x="0" y="0" skX="0" skY="0" scX="1" scY="1" pX="22.25" pY="21.8"/>
    </display>
    <display name="Shape/shape 11174" type="image">
     <transform x="0" y="0" skX="0" skY="0" scX="1" scY="1" pX="22.25" pY="21.8"/>
    </display>
    <display name="Shape/shape 11176" type="image">
     <transform x="0" y="0" skX="0" skY="0" scX="1" scY="1" pX="22.25" pY="21.8"/>
    </display>
    <display name="Shape/shape 11178" type="image">
     <transform x="0" y="0" skX="0" skY="0" scX="1" scY="1" pX="22.25" pY="21.8"/>
    </display>
    <display name="Shape/shape 11180" type="image">
     <transform x="0" y="0" skX="0" skY="0" scX="1" scY="1" pX="22.25" pY="21.8"/>
    </display>
   </slot>
   <slot name="sphereAnima" parent="sphereAnima" z="1">
    <display name="case" type="image">
     <transform x="0" y="0" skX="0" skY="0" scX="1" scY="1" pX="25" pY="25"/>
    </display>
   </slot>
   <slot name="sphereSlotCase" parent="sphereSlotCase" z="2">
    <display name="case" type="image">
     <transform x="0" y="0" skX="0" skY="0" scX="1" scY="1" pX="25" pY="25"/>
    </display>
   </slot>
  </skin>
  <animation name="sphereSlot" fadeInTime="0.3" duration="6" scale="1" loop="1" autoTween="NaN" tweenEasing="NaN">
   <timeline name="bg" scale="1" offset="0">
    <frame z="0" duration="1">
     <transform x="0" y="0" skX="0" skY="0" scX="1" scY="1" pX="0" pY="0"/>
    </frame>
    <frame z="0" displayIndex="1" duration="1">
     <transform x="0" y="0" skX="0" skY="0" scX="1" scY="1" pX="0" pY="0"/>
    </frame>
    <frame z="0" displayIndex="2" duration="1">
     <transform x="0" y="0" skX="0" skY="0" scX="1" scY="1" pX="0" pY="0"/>
    </frame>
    <frame z="0" displayIndex="3" duration="1">
     <transform x="0" y="0" skX="0" skY="0" scX="1" scY="1" pX="0" pY="0"/>
    </frame>
    <frame z="0" displayIndex="4" duration="1">
     <transform x="0" y="0" skX="0" skY="0" scX="1" scY="1" pX="0" pY="0"/>
    </frame>
    <frame z="0" displayIndex="4" duration="1">
     <transform x="0" y="0" skX="0" skY="0" scX="1" scY="1" pX="0" pY="0"/>
    </frame>
   </timeline>
   <timeline name="sphereAnima" scale="1" offset="0">
    <frame z="1" duration="5">
     <transform x="-0.7" y="-0.7" skX="0" skY="0" scX="1" scY="1" pX="0" pY="0"/>
    </frame>
    <frame z="1" duration="1">
     <transform x="-0.7" y="-0.7" skX="0" skY="0" scX="1" scY="1" pX="0" pY="0"/>
    </frame>
   </timeline>
   <timeline name="sphereSlotCase" scale="1" offset="0">
    <frame z="2" duration="5">
     <transform x="-0.6" y="-0.6" skX="0" skY="0" scX="0.81" scY="0.81" pX="0" pY="0"/>
    </frame>
    <frame z="2" duration="1">
     <transform x="-0.6" y="-0.6" skX="0" skY="0" scX="0.81" scY="0.81" pX="0" pY="0"/>
    </frame>
   </timeline>
   <frame duration="5"/>
   <frame duration="1"/>
  </animation>
 </armature>
 <armature name="fastBuyUltraCont">
  <bone name="indicator2">
   <transform x="-26" y="24" skX="0" skY="0" scX="0.4" scY="0.4"/>
  </bone>
  <bone name="indicator3">
   <transform x="26" y="24" skX="0" skY="0" scX="0.4" scY="0.4"/>
  </bone>
  <bone name="indicator4">
   <transform x="54" y="-16" skX="0" skY="0" scX="0.4" scY="0.4"/>
  </bone>
  <bone name="indicator1">
   <transform x="-54" y="-16" skX="0" skY="0" scX="0.4" scY="0.4"/>
  </bone>
  <bone name="btnFastBuyUltra">
   <transform x="0" y="-11.5" skX="0" skY="0" scX="0.47" scY="0.47"/>
  </bone>
  <skin name="default">
   <slot name="indicator2" parent="indicator2" z="0">
    <display name="indicator" type="armature">
     <transform x="0" y="0" skX="0" skY="0" scX="1" scY="1"/>
    </display>
   </slot>
   <slot name="indicator3" parent="indicator3" z="1">
    <display name="indicator" type="armature">
     <transform x="0" y="0" skX="0" skY="0" scX="1" scY="1"/>
    </display>
   </slot>
   <slot name="indicator4" parent="indicator4" z="2">
    <display name="indicator" type="armature">
     <transform x="0" y="0" skX="0" skY="0" scX="1" scY="1"/>
    </display>
   </slot>
   <slot name="indicator1" parent="indicator1" z="3">
    <display name="indicator" type="armature">
     <transform x="0" y="0" skX="0" skY="0" scX="1" scY="1"/>
    </display>
   </slot>
   <slot name="btnFastBuyUltra" parent="btnFastBuyUltra" z="4">
    <display name="btnFastBuyUltra" type="armature">
     <transform x="0" y="0" skX="0" skY="0" scX="1" scY="1"/>
    </display>
   </slot>
  </skin>
  <animation name="fastBuyUltraCont" fadeInTime="0.3" duration="6" scale="1" loop="1" autoTween="NaN" tweenEasing="NaN">
   <timeline name="indicator2" scale="1" offset="0">
    <frame z="0" tweenEasing="0" duration="2">
     <transform x="-26" y="24" skX="0" skY="0" scX="0.4" scY="0.4" pX="0" pY="0"/>
    </frame>
    <frame z="0" tweenEasing="0" duration="1">
     <transform x="-26" y="24" skX="0" skY="0" scX="1.08" scY="1.08" pX="0" pY="0"/>
    </frame>
    <frame z="0" tweenEasing="0" duration="1">
     <transform x="-26.05" y="24" skX="0" skY="0" scX="1.04" scY="1.04" pX="0" pY="0"/>
    </frame>
    <frame z="0" duration="1">
     <transform x="-26" y="24" skX="0" skY="0" scX="1" scY="1" pX="0" pY="0"/>
    </frame>
    <frame z="0" duration="1">
     <transform x="-26" y="24" skX="0" skY="0" scX="1" scY="1" pX="0" pY="0"/>
    </frame>
   </timeline>
   <timeline name="indicator3" scale="1" offset="0">
    <frame z="1" tweenEasing="0" duration="2">
     <transform x="26" y="24" skX="0" skY="0" scX="0.4" scY="0.4" pX="0" pY="0"/>
    </frame>
    <frame z="1" tweenEasing="0" duration="1">
     <transform x="26" y="24" skX="0" skY="0" scX="1.08" scY="1.08" pX="0" pY="0"/>
    </frame>
    <frame z="1" tweenEasing="0" duration="1">
     <transform x="26.05" y="24" skX="0" skY="0" scX="1.04" scY="1.04" pX="0" pY="0"/>
    </frame>
    <frame z="1" duration="1">
     <transform x="26" y="24" skX="0" skY="0" scX="1" scY="1" pX="0" pY="0"/>
    </frame>
    <frame z="1" duration="1">
     <transform x="26" y="24" skX="0" skY="0" scX="1" scY="1" pX="0" pY="0"/>
    </frame>
   </timeline>
   <timeline name="indicator4" scale="1" offset="0">
    <frame z="2" tweenEasing="0" duration="2">
     <transform x="54" y="-16" skX="0" skY="0" scX="0.4" scY="0.4" pX="0" pY="0"/>
    </frame>
    <frame z="2" tweenEasing="0" duration="2">
     <transform x="54" y="-16" skX="0" skY="0" scX="1.08" scY="1.08" pX="0" pY="0"/>
    </frame>
    <frame z="2" duration="1">
     <transform x="54" y="-16" skX="0" skY="0" scX="1" scY="1" pX="0" pY="0"/>
    </frame>
    <frame z="2" duration="1">
     <transform x="54" y="-16" skX="0" skY="0" scX="1" scY="1" pX="0" pY="0"/>
    </frame>
   </timeline>
   <timeline name="indicator1" scale="1" offset="0">
    <frame z="3" tweenEasing="0" duration="2">
     <transform x="-54" y="-16" skX="0" skY="0" scX="0.4" scY="0.4" pX="0" pY="0"/>
    </frame>
    <frame z="3" tweenEasing="0" duration="2">
     <transform x="-54" y="-16" skX="0" skY="0" scX="1.08" scY="1.08" pX="0" pY="0"/>
    </frame>
    <frame z="3" duration="1">
     <transform x="-54" y="-16" skX="0" skY="0" scX="1" scY="1" pX="0" pY="0"/>
    </frame>
    <frame z="3" duration="1">
     <transform x="-54" y="-16" skX="0" skY="0" scX="1" scY="1" pX="0" pY="0"/>
    </frame>
   </timeline>
   <timeline name="btnFastBuyUltra" scale="1" offset="0">
    <frame z="4" tweenEasing="0" duration="2">
     <transform x="0" y="-11.5" skX="0" skY="0" scX="0.47" scY="0.47" pX="0" pY="0"/>
    </frame>
    <frame z="4" tweenEasing="0" duration="2">
     <transform x="0" y="-11.5" skX="0" skY="0" scX="1.08" scY="1.08" pX="0" pY="0"/>
    </frame>
    <frame z="4" duration="1">
     <transform x="0" y="-11" skX="0" skY="0" scX="1" scY="1" pX="0" pY="0"/>
    </frame>
    <frame z="4" duration="1">
     <transform x="0" y="-11" skX="0" skY="0" scX="1" scY="1" pX="0" pY="0"/>
    </frame>
   </timeline>
   <frame duration="5"/>
   <frame duration="1"/>
  </animation>
 </armature>
 <armature name="btnUpgradeMenu">
  <bone name="bg">
   <transform x="0" y="0" skX="0" skY="0" scX="1" scY="1"/>
  </bone>
  <bone name="btnUpgradeMenuLOCKCase">
   <transform x="-1.7" y="0.05" skX="0" skY="0" scX="0.86" scY="0.99"/>
  </bone>
  <bone name="costTXT">
   <transform x="1.3" y="16.25" skX="0" skY="0" scX="1" scY="1"/>
  </bone>
  <bone name="btnUpgradeMenuCase">
   <transform x="-1.7" y="0.05" skX="0" skY="0" scX="0.86" scY="0.99"/>
  </bone>
  <skin name="default">
   <slot name="bg" parent="bg" z="0">
    <display name="Shape/shape 11183" type="image">
     <transform x="0" y="0" skX="0" skY="0" scX="1" scY="1" pX="25" pY="26"/>
    </display>
    <display name="Shape/shape 11186" type="image">
     <transform x="0" y="0" skX="0" skY="0" scX="1" scY="1" pX="25" pY="26"/>
    </display>
    <display name="Shape/shape 11188" type="image">
     <transform x="0" y="0" skX="0" skY="0" scX="1" scY="1" pX="25" pY="26"/>
    </display>
    <display name="Shape/shape 11190" type="image">
     <transform x="0" y="0" skX="0" skY="0" scX="1" scY="1" pX="25" pY="26"/>
    </display>
   </slot>
   <slot name="btnUpgradeMenuLOCKCase" parent="btnUpgradeMenuLOCKCase" z="1">
    <display name="case" type="image">
     <transform x="0" y="0" skX="0" skY="0" scX="1" scY="1" pX="25" pY="25"/>
    </display>
   </slot>
   <slot name="costTXT" parent="costTXT" z="2">
    <display name="text" type="text">
     <transform x="-2" y="-2" skX="0" skY="0" scX="1" scY="1" pX="" pY=""/>
     <text bold="0" italic="0" width="43" height="37" size="14" face="FZJianTiS-R-GB" alignH="left" alignV="top" lineType="multiline" textType="dynamic" text="&#xD;">
      <color a="255" r="247" g="245" b="62"/>
     </text>
    </display>
   </slot>
   <slot name="btnUpgradeMenuCase" parent="btnUpgradeMenuCase" z="3">
    <display name="case" type="image">
     <transform x="0" y="0" skX="0" skY="0" scX="1" scY="1" pX="25" pY="25"/>
    </display>
   </slot>
  </skin>
  <animation name="btnUpgradeMenu" fadeInTime="0.3" duration="6" scale="1" loop="1" autoTween="NaN" tweenEasing="NaN">
   <timeline name="bg" scale="1" offset="0">
    <frame z="0" duration="1">
     <transform x="0" y="0" skX="0" skY="0" scX="1" scY="1" pX="0" pY="0"/>
    </frame>
    <frame z="0" displayIndex="1" duration="1">
     <transform x="0" y="0" skX="0" skY="0" scX="1" scY="1" pX="0" pY="0"/>
    </frame>
    <frame z="0" displayIndex="2" duration="2">
     <transform x="0" y="0" skX="0" skY="0" scX="1" scY="1" pX="0" pY="0"/>
    </frame>
    <frame z="0" displayIndex="3" duration="1">
     <transform x="0" y="0" skX="0" skY="0" scX="1" scY="1" pX="0" pY="0"/>
    </frame>
    <frame z="0" displayIndex="3" duration="1">
     <transform x="0" y="0" skX="0" skY="0" scX="1" scY="1" pX="0" pY="0"/>
    </frame>
   </timeline>
   <timeline name="btnUpgradeMenuLOCKCase" scale="1" offset="0">
    <frame duration="4" displayIndex="-1"/>
    <frame z="1" duration="1">
     <transform x="-1.7" y="0.05" skX="0" skY="0" scX="0.86" scY="0.99" pX="0" pY="0"/>
    </frame>
    <frame z="1" duration="1">
     <transform x="-1.7" y="0.05" skX="0" skY="0" scX="0.86" scY="0.99" pX="0" pY="0"/>
    </frame>
   </timeline>
   <timeline name="costTXT" scale="1" offset="0">
    <frame z="2" duration="4">
     <transform x="1.3" y="16.25" skX="0" skY="0" scX="1" scY="1" pX="0" pY="0"/>
    </frame>
    <frame duration="2" displayIndex="-1"/>
   </timeline>
   <timeline name="btnUpgradeMenuCase" scale="1" offset="0">
    <frame z="3" duration="3">
     <transform x="-1.7" y="0.05" skX="0" skY="0" scX="0.86" scY="0.99" pX="0" pY="0"/>
    </frame>
    <frame z="3" duration="1">
     <transform x="-1.7" y="0.05" skX="0" skY="0" scX="0.86" scY="0.99" pX="0" pY="0"/>
    </frame>
    <frame z="3" duration="1">
     <transform x="-1.7" y="0.05" skX="0" skY="0" scX="0.86" scY="0.99" pX="0" pY="0"/>
    </frame>
    <frame duration="1" displayIndex="-1"/>
   </timeline>
   <frame duration="5"/>
   <frame duration="1"/>
  </animation>
 </armature>
 <armature name="btnTowerUpgr1">
  <bone name="bg1">
   <transform x="0" y="0" skX="0" skY="0" scX="1" scY="1"/>
  </bone>
  <bone name="bg2">
   <transform x="0" y="0" skX="0" skY="0" scX="1" scY="1"/>
  </bone>
  <bone name="costTXT">
   <transform x="1.75" y="18.95" skX="0" skY="0" scX="1" scY="1"/>
  </bone>
  <bone name="btnTowerUpgrCase">
   <transform x="0" y="3" skX="0" skY="0" scX="0.68" scY="0.8"/>
  </bone>
  <skin name="default">
   <slot name="bg1" parent="bg1" z="0">
    <display name="Shape/shape 11211" type="image">
     <transform x="0" y="0" skX="0" skY="0" scX="1" scY="1" pX="18.55" pY="18.25"/>
    </display>
    <display name="Shape/shape 11222" type="image">
     <transform x="0" y="0" skX="0" skY="0" scX="1" scY="1" pX="19" pY="19"/>
    </display>
   </slot>
   <slot name="bg2" parent="bg2" z="1">
    <display name="Shape/shape 11213" type="image">
     <transform x="0" y="0" skX="0" skY="0" scX="1" scY="1" pX="11.35" pY="12.4"/>
    </display>
    <display name="Shape/shape 11216" type="image">
     <transform x="0" y="0" skX="0" skY="0" scX="1" scY="1" pX="13.75" pY="14.55"/>
    </display>
    <display name="Shape/shape 11219" type="image">
     <transform x="0" y="0" skX="0" skY="0" scX="1" scY="1" pX="11.9" pY="12.55"/>
    </display>
   </slot>
   <slot name="costTXT" parent="costTXT" z="2">
    <display name="text" type="text">
     <transform x="-2" y="-2" skX="0" skY="0" scX="1" scY="1" pX="" pY=""/>
     <text bold="0" italic="0" width="38" height="33" size="12" face="FZJianTiS-R-GB Bold" alignH="left" alignV="top" lineType="multiline" textType="dynamic" text="444&#xD;">
      <color a="255" r="4" g="76" b="73"/>
     </text>
    </display>
   </slot>
   <slot name="btnTowerUpgrCase" parent="btnTowerUpgrCase" z="3">
    <display name="case" type="image">
     <transform x="0" y="0" skX="0" skY="0" scX="1" scY="1" pX="25" pY="25"/>
    </display>
   </slot>
  </skin>
  <animation name="btnTowerUpgr1" fadeInTime="0.3" duration="6" scale="1" loop="1" autoTween="NaN" tweenEasing="NaN">
   <timeline name="bg1" scale="1" offset="0">
    <frame z="0" duration="4">
     <transform x="0" y="0" skX="0" skY="0" scX="1" scY="1" pX="0" pY="0"/>
    </frame>
    <frame z="0" displayIndex="1" duration="1">
     <transform x="0" y="0" skX="0" skY="0" scX="1" scY="1" pX="0" pY="0"/>
    </frame>
    <frame z="0" displayIndex="1" duration="1">
     <transform x="0" y="0" skX="0" skY="0" scX="1" scY="1" pX="0" pY="0"/>
    </frame>
   </timeline>
   <timeline name="bg2" scale="1" offset="0">
    <frame z="1" duration="1">
     <transform x="0" y="0" skX="0" skY="0" scX="1" scY="1" pX="0" pY="0"/>
    </frame>
    <frame z="1" displayIndex="1" duration="1">
     <transform x="0" y="0" skX="0" skY="0" scX="1" scY="1" pX="0" pY="0"/>
    </frame>
    <frame z="1" displayIndex="2" duration="2">
     <transform x="0" y="0" skX="0" skY="0" scX="1" scY="1" pX="0" pY="0"/>
    </frame>
    <frame z="1" displayIndex="2" duration="1">
     <transform x="0" y="0" skX="0" skY="0" scX="1" scY="1" pX="0" pY="0"/>
    </frame>
    <frame duration="1" displayIndex="-1"/>
   </timeline>
   <timeline name="costTXT" scale="1" offset="0">
    <frame z="2" duration="1">
     <transform x="1.75" y="18.95" skX="0" skY="0" scX="1" scY="1" pX="0" pY="0"/>
    </frame>
    <frame z="2" duration="1">
     <transform x="1.75" y="18.95" skX="0" skY="0" scX="1" scY="1" pX="0" pY="0"/>
     <colorTransform aO="0" rO="0" gO="0" bO="0" aM="100" rM="90" gM="15" bM="16"/>
    </frame>
    <frame z="2" duration="2">
     <transform x="1.75" y="18.95" skX="0" skY="0" scX="1" scY="1" pX="0" pY="0"/>
     <colorTransform aO="0" rO="0" gO="0" bO="0" aM="100" rM="26" gM="50" bM="50"/>
    </frame>
    <frame z="2" duration="1">
     <transform x="1.75" y="18.95" skX="0" skY="0" scX="1" scY="1" pX="0" pY="0"/>
     <colorTransform aO="0" rO="0" gO="0" bO="0" aM="100" rM="26" gM="50" bM="50"/>
    </frame>
    <frame duration="1" displayIndex="-1"/>
   </timeline>
   <timeline name="btnTowerUpgrCase" scale="1" offset="0">
    <frame z="3" duration="5">
     <transform x="0" y="3" skX="0" skY="0" scX="0.68" scY="0.8" pX="0" pY="0"/>
    </frame>
    <frame z="3" duration="1">
     <transform x="0" y="3" skX="0" skY="0" scX="0.68" scY="0.8" pX="0" pY="0"/>
    </frame>
   </timeline>
   <frame duration="5"/>
   <frame duration="1"/>
  </animation>
 </armature>
 <armature name="btnTowerUpgr2">
  <bone name="bg1">
   <transform x="0" y="0" skX="0" skY="0" scX="1" scY="1"/>
  </bone>
  <bone name="bg2">
   <transform x="0" y="0" skX="0" skY="0" scX="1" scY="1"/>
  </bone>
  <bone name="costTXT">
   <transform x="1.75" y="18.95" skX="0" skY="0" scX="1" scY="1"/>
  </bone>
  <bone name="btnTowerUpgrCase">
   <transform x="0" y="3" skX="0" skY="0" scX="0.68" scY="0.8"/>
  </bone>
  <skin name="default">
   <slot name="bg1" parent="bg1" z="0">
    <display name="Shape/shape 11211" type="image">
     <transform x="0" y="0" skX="0" skY="0" scX="1" scY="1" pX="18.55" pY="18.25"/>
    </display>
    <display name="Shape/shape 11222" type="image">
     <transform x="0" y="0" skX="0" skY="0" scX="1" scY="1" pX="19" pY="19"/>
    </display>
   </slot>
   <slot name="bg2" parent="bg2" z="1">
    <display name="Shape/shape 11225" type="image">
     <transform x="0" y="0" skX="0" skY="0" scX="1" scY="1" pX="12.15" pY="11.05"/>
    </display>
    <display name="Shape/shape 11227" type="image">
     <transform x="0" y="0" skX="0" skY="0" scX="1" scY="1" pX="13.85" pY="13.15"/>
    </display>
    <display name="Shape/shape 11229" type="image">
     <transform x="0" y="0" skX="0" skY="0" scX="1" scY="1" pX="12" pY="11.2"/>
    </display>
   </slot>
   <slot name="costTXT" parent="costTXT" z="2">
    <display name="text" type="text">
     <transform x="-2" y="-2" skX="0" skY="0" scX="1" scY="1" pX="" pY=""/>
     <text bold="0" italic="0" width="38" height="33" size="12" face="FZJianTiS-R-GB Bold" alignH="left" alignV="top" lineType="multiline" textType="dynamic" text="444&#xD;">
      <color a="255" r="4" g="76" b="73"/>
     </text>
    </display>
   </slot>
   <slot name="btnTowerUpgrCase" parent="btnTowerUpgrCase" z="3">
    <display name="case" type="image">
     <transform x="0" y="0" skX="0" skY="0" scX="1" scY="1" pX="25" pY="25"/>
    </display>
   </slot>
  </skin>
  <animation name="btnTowerUpgr2" fadeInTime="0.3" duration="6" scale="1" loop="1" autoTween="NaN" tweenEasing="NaN">
   <timeline name="bg1" scale="1" offset="0">
    <frame z="0" duration="4">
     <transform x="0" y="0" skX="0" skY="0" scX="1" scY="1" pX="0" pY="0"/>
    </frame>
    <frame z="0" displayIndex="1" duration="1">
     <transform x="0" y="0" skX="0" skY="0" scX="1" scY="1" pX="0" pY="0"/>
    </frame>
    <frame z="0" displayIndex="1" duration="1">
     <transform x="0" y="0" skX="0" skY="0" scX="1" scY="1" pX="0" pY="0"/>
    </frame>
   </timeline>
   <timeline name="bg2" scale="1" offset="0">
    <frame z="1" duration="1">
     <transform x="0" y="0" skX="0" skY="0" scX="1" scY="1" pX="0" pY="0"/>
    </frame>
    <frame z="1" displayIndex="1" duration="1">
     <transform x="0" y="0" skX="0" skY="0" scX="1" scY="1" pX="0" pY="0"/>
    </frame>
    <frame z="1" displayIndex="2" duration="2">
     <transform x="0" y="0" skX="0" skY="0" scX="1" scY="1" pX="0" pY="0"/>
    </frame>
    <frame z="1" displayIndex="2" duration="1">
     <transform x="0" y="0" skX="0" skY="0" scX="1" scY="1" pX="0" pY="0"/>
    </frame>
    <frame duration="1" displayIndex="-1"/>
   </timeline>
   <timeline name="costTXT" scale="1" offset="0">
    <frame z="2" duration="1">
     <transform x="1.75" y="18.95" skX="0" skY="0" scX="1" scY="1" pX="0" pY="0"/>
    </frame>
    <frame z="2" duration="1">
     <transform x="1.75" y="18.95" skX="0" skY="0" scX="1" scY="1" pX="0" pY="0"/>
     <colorTransform aO="0" rO="0" gO="0" bO="0" aM="100" rM="90" gM="15" bM="16"/>
    </frame>
    <frame z="2" duration="2">
     <transform x="1.75" y="18.95" skX="0" skY="0" scX="1" scY="1" pX="0" pY="0"/>
     <colorTransform aO="0" rO="0" gO="0" bO="0" aM="100" rM="26" gM="50" bM="50"/>
    </frame>
    <frame z="2" duration="1">
     <transform x="1.75" y="18.95" skX="0" skY="0" scX="1" scY="1" pX="0" pY="0"/>
     <colorTransform aO="0" rO="0" gO="0" bO="0" aM="100" rM="26" gM="50" bM="50"/>
    </frame>
    <frame duration="1" displayIndex="-1"/>
   </timeline>
   <timeline name="btnTowerUpgrCase" scale="1" offset="0">
    <frame z="3" duration="5">
     <transform x="0" y="3" skX="0" skY="0" scX="0.68" scY="0.8" pX="0" pY="0"/>
    </frame>
    <frame z="3" duration="1">
     <transform x="0" y="3" skX="0" skY="0" scX="0.68" scY="0.8" pX="0" pY="0"/>
    </frame>
   </timeline>
  </animation>
 </armature>
 <armature name="btnTowerUpgr3">
  <bone name="bg1">
   <transform x="0" y="0" skX="0" skY="0" scX="1" scY="1"/>
  </bone>
  <bone name="bg2">
   <transform x="0" y="0" skX="0" skY="0" scX="1" scY="1"/>
  </bone>
  <bone name="costTXT">
   <transform x="1.75" y="18.95" skX="0" skY="0" scX="1" scY="1"/>
  </bone>
  <bone name="btnTowerUpgrCase">
   <transform x="0" y="3" skX="0" skY="0" scX="0.68" scY="0.8"/>
  </bone>
  <skin name="default">
   <slot name="bg1" parent="bg1" z="0">
    <display name="Shape/shape 11211" type="image">
     <transform x="0" y="0" skX="0" skY="0" scX="1" scY="1" pX="18.55" pY="18.25"/>
    </display>
    <display name="Shape/shape 11222" type="image">
     <transform x="0" y="0" skX="0" skY="0" scX="1" scY="1" pX="19" pY="19"/>
    </display>
   </slot>
   <slot name="bg2" parent="bg2" z="1">
    <display name="Shape/shape 11232" type="image">
     <transform x="0" y="0" skX="0" skY="0" scX="1" scY="1" pX="11.55" pY="11.05"/>
    </display>
    <display name="Shape/shape 11234" type="image">
     <transform x="0" y="0" skX="0" skY="0" scX="1" scY="1" pX="13.9" pY="12.8"/>
    </display>
    <display name="Shape/shape 11236" type="image">
     <transform x="0" y="0" skX="0" skY="0" scX="1" scY="1" pX="11.8" pY="11.2"/>
    </display>
   </slot>
   <slot name="costTXT" parent="costTXT" z="2">
    <display name="text" type="text">
     <transform x="-2" y="-2" skX="0" skY="0" scX="1" scY="1" pX="" pY=""/>
     <text bold="0" italic="0" width="38" height="33" size="12" face="FZJianTiS-R-GB Bold" alignH="left" alignV="top" lineType="multiline" textType="dynamic" text="444&#xD;">
      <color a="255" r="4" g="76" b="73"/>
     </text>
    </display>
   </slot>
   <slot name="btnTowerUpgrCase" parent="btnTowerUpgrCase" z="3">
    <display name="case" type="image">
     <transform x="0" y="0" skX="0" skY="0" scX="1" scY="1" pX="25" pY="25"/>
    </display>
   </slot>
  </skin>
  <animation name="btnTowerUpgr3" fadeInTime="0.3" duration="6" scale="1" loop="1" autoTween="NaN" tweenEasing="NaN">
   <timeline name="bg1" scale="1" offset="0">
    <frame z="0" duration="4">
     <transform x="0" y="0" skX="0" skY="0" scX="1" scY="1" pX="0" pY="0"/>
    </frame>
    <frame z="0" displayIndex="1" duration="1">
     <transform x="0" y="0" skX="0" skY="0" scX="1" scY="1" pX="0" pY="0"/>
    </frame>
    <frame z="0" displayIndex="1" duration="1">
     <transform x="0" y="0" skX="0" skY="0" scX="1" scY="1" pX="0" pY="0"/>
    </frame>
   </timeline>
   <timeline name="bg2" scale="1" offset="0">
    <frame z="1" duration="1">
     <transform x="0" y="0" skX="0" skY="0" scX="1" scY="1" pX="0" pY="0"/>
    </frame>
    <frame z="1" displayIndex="1" duration="1">
     <transform x="0" y="0" skX="0" skY="0" scX="1" scY="1" pX="0" pY="0"/>
    </frame>
    <frame z="1" displayIndex="2" duration="2">
     <transform x="0" y="0" skX="0" skY="0" scX="1" scY="1" pX="0" pY="0"/>
    </frame>
    <frame z="1" displayIndex="2" duration="1">
     <transform x="0" y="0" skX="0" skY="0" scX="1" scY="1" pX="0" pY="0"/>
    </frame>
    <frame duration="1" displayIndex="-1"/>
   </timeline>
   <timeline name="costTXT" scale="1" offset="0">
    <frame z="2" duration="1">
     <transform x="1.75" y="18.95" skX="0" skY="0" scX="1" scY="1" pX="0" pY="0"/>
    </frame>
    <frame z="2" duration="1">
     <transform x="1.75" y="18.95" skX="0" skY="0" scX="1" scY="1" pX="0" pY="0"/>
     <colorTransform aO="0" rO="0" gO="0" bO="0" aM="100" rM="90" gM="15" bM="16"/>
    </frame>
    <frame z="2" duration="2">
     <transform x="1.75" y="18.95" skX="0" skY="0" scX="1" scY="1" pX="0" pY="0"/>
     <colorTransform aO="0" rO="0" gO="0" bO="0" aM="100" rM="26" gM="50" bM="50"/>
    </frame>
    <frame z="2" duration="1">
     <transform x="1.75" y="18.95" skX="0" skY="0" scX="1" scY="1" pX="0" pY="0"/>
     <colorTransform aO="0" rO="0" gO="0" bO="0" aM="100" rM="26" gM="50" bM="50"/>
    </frame>
    <frame duration="1" displayIndex="-1"/>
   </timeline>
   <timeline name="btnTowerUpgrCase" scale="1" offset="0">
    <frame z="3" duration="5">
     <transform x="0" y="3" skX="0" skY="0" scX="0.68" scY="0.8" pX="0" pY="0"/>
    </frame>
    <frame z="3" duration="1">
     <transform x="0" y="3" skX="0" skY="0" scX="0.68" scY="0.8" pX="0" pY="0"/>
    </frame>
   </timeline>
  </animation>
 </armature>
 <armature name="btnTowerUpgr4">
  <bone name="bg1">
   <transform x="0" y="0" skX="0" skY="0" scX="1" scY="1"/>
  </bone>
  <bone name="bg2">
   <transform x="0" y="0" skX="0" skY="0" scX="1" scY="1"/>
  </bone>
  <bone name="costTXT">
   <transform x="1.75" y="18.95" skX="0" skY="0" scX="1" scY="1"/>
  </bone>
  <bone name="btnTowerUpgrCase">
   <transform x="0" y="3" skX="0" skY="0" scX="0.68" scY="0.8"/>
  </bone>
  <skin name="default">
   <slot name="bg1" parent="bg1" z="0">
    <display name="Shape/shape 11211" type="image">
     <transform x="0" y="0" skX="0" skY="0" scX="1" scY="1" pX="18.55" pY="18.25"/>
    </display>
    <display name="Shape/shape 11222" type="image">
     <transform x="0" y="0" skX="0" skY="0" scX="1" scY="1" pX="19" pY="19"/>
    </display>
   </slot>
   <slot name="bg2" parent="bg2" z="1">
    <display name="Shape/shape 11239" type="image">
     <transform x="0" y="0" skX="0" skY="0" scX="1" scY="1" pX="9.4" pY="11.55"/>
    </display>
    <display name="Shape/shape 11241" type="image">
     <transform x="0" y="0" skX="0" skY="0" scX="1" scY="1" pX="10.55" pY="13.3"/>
    </display>
    <display name="Shape/shape 11243" type="image">
     <transform x="0" y="0" skX="0" skY="0" scX="1" scY="1" pX="9.3" pY="11.75"/>
    </display>
   </slot>
   <slot name="costTXT" parent="costTXT" z="2">
    <display name="text" type="text">
     <transform x="-2" y="-2" skX="0" skY="0" scX="1" scY="1" pX="" pY=""/>
     <text bold="0" italic="0" width="38" height="33" size="12" face="FZJianTiS-R-GB Bold" alignH="left" alignV="top" lineType="multiline" textType="dynamic" text="444&#xD;">
      <color a="255" r="4" g="76" b="73"/>
     </text>
    </display>
   </slot>
   <slot name="btnTowerUpgrCase" parent="btnTowerUpgrCase" z="3">
    <display name="case" type="image">
     <transform x="0" y="0" skX="0" skY="0" scX="1" scY="1" pX="25" pY="25"/>
    </display>
   </slot>
  </skin>
  <animation name="btnTowerUpgr4" fadeInTime="0.3" duration="6" scale="1" loop="1" autoTween="NaN" tweenEasing="NaN">
   <timeline name="bg1" scale="1" offset="0">
    <frame z="0" duration="4">
     <transform x="0" y="0" skX="0" skY="0" scX="1" scY="1" pX="0" pY="0"/>
    </frame>
    <frame z="0" displayIndex="1" duration="1">
     <transform x="0" y="0" skX="0" skY="0" scX="1" scY="1" pX="0" pY="0"/>
    </frame>
    <frame z="0" displayIndex="1" duration="1">
     <transform x="0" y="0" skX="0" skY="0" scX="1" scY="1" pX="0" pY="0"/>
    </frame>
   </timeline>
   <timeline name="bg2" scale="1" offset="0">
    <frame z="1" duration="1">
     <transform x="0" y="0" skX="0" skY="0" scX="1" scY="1" pX="0" pY="0"/>
    </frame>
    <frame z="1" displayIndex="1" duration="1">
     <transform x="0" y="0" skX="0" skY="0" scX="1" scY="1" pX="0" pY="0"/>
    </frame>
    <frame z="1" displayIndex="2" duration="2">
     <transform x="0" y="0" skX="0" skY="0" scX="1" scY="1" pX="0" pY="0"/>
    </frame>
    <frame z="1" displayIndex="2" duration="1">
     <transform x="0" y="0" skX="0" skY="0" scX="1" scY="1" pX="0" pY="0"/>
    </frame>
    <frame duration="1" displayIndex="-1"/>
   </timeline>
   <timeline name="costTXT" scale="1" offset="0">
    <frame z="2" duration="1">
     <transform x="1.75" y="18.95" skX="0" skY="0" scX="1" scY="1" pX="0" pY="0"/>
    </frame>
    <frame z="2" duration="1">
     <transform x="1.75" y="18.95" skX="0" skY="0" scX="1" scY="1" pX="0" pY="0"/>
     <colorTransform aO="0" rO="0" gO="0" bO="0" aM="100" rM="90" gM="15" bM="16"/>
    </frame>
    <frame z="2" duration="2">
     <transform x="1.75" y="18.95" skX="0" skY="0" scX="1" scY="1" pX="0" pY="0"/>
     <colorTransform aO="0" rO="0" gO="0" bO="0" aM="100" rM="26" gM="50" bM="50"/>
    </frame>
    <frame z="2" duration="1">
     <transform x="1.75" y="18.95" skX="0" skY="0" scX="1" scY="1" pX="0" pY="0"/>
     <colorTransform aO="0" rO="0" gO="0" bO="0" aM="100" rM="26" gM="50" bM="50"/>
    </frame>
    <frame duration="1" displayIndex="-1"/>
   </timeline>
   <timeline name="btnTowerUpgrCase" scale="1" offset="0">
    <frame z="3" duration="5">
     <transform x="0" y="3" skX="0" skY="0" scX="0.68" scY="0.8" pX="0" pY="0"/>
    </frame>
    <frame z="3" duration="1">
     <transform x="0" y="3" skX="0" skY="0" scX="0.68" scY="0.8" pX="0" pY="0"/>
    </frame>
   </timeline>
  </animation>
 </armature>
 <armature name="indicator">
  <bone name="indicator">
   <transform x="0" y="0" skX="0" skY="0" scX="1" scY="1"/>
  </bone>
  <skin name="default">
   <slot name="indicator" parent="indicator" z="0">
    <display name="Shape/shape 11193" type="image">
     <transform x="0" y="0" skX="0" skY="0" scX="1" scY="1" pX="11" pY="9"/>
    </display>
    <display name="Shape/shape 11195" type="image">
     <transform x="0" y="0" skX="0" skY="0" scX="1" scY="1" pX="11" pY="9"/>
    </display>
    <display name="Shape/shape 11196" type="image">
     <transform x="0" y="0" skX="0" skY="0" scX="1" scY="1" pX="9" pY="8.75"/>
    </display>
   </slot>
  </skin>
  <animation name="unnamed" fadeInTime="0" duration="5" scale="1" loop="1" autoTween="NaN" tweenEasing="NaN">
   <timeline name="indicator" scale="1" offset="0">
    <frame z="0" duration="1">
     <transform x="0" y="0" skX="0" skY="0" scX="1" scY="1" pX="0" pY="0"/>
    </frame>
    <frame z="0" displayIndex="1" duration="1">
     <transform x="0" y="0" skX="0" skY="0" scX="1" scY="1" pX="0" pY="0"/>
    </frame>
    <frame z="0" displayIndex="2" duration="1">
     <transform x="0" y="0" skX="0" skY="0" scX="1" scY="1" pX="0" pY="0"/>
    </frame>
    <frame z="0" displayIndex="2" duration="1">
     <transform x="0" y="0" skX="0" skY="0" scX="1" scY="1" pX="0" pY="0"/>
    </frame>
    <frame z="0" displayIndex="2" duration="1">
     <transform x="0" y="0" skX="0" skY="0" scX="1" scY="1" pX="0" pY="0"/>
    </frame>
   </timeline>
  </animation>
 </armature>
 <armature name="btnFastBuyUltra">
  <bone name="bg">
   <transform x="0" y="0" skX="0" skY="0" scX="1" scY="1"/>
  </bone>
  <bone name="labelTXT">
   <transform x="3.35" y="1" skX="0" skY="0" scX="1" scY="1"/>
  </bone>
  <bone name="costTXT">
   <transform x="0" y="0" skX="0" skY="0" scX="1" scY="1"/>
  </bone>
  <bone name="fastBuyUltraCase">
   <transform x="-0.15" y="-0.35" skX="0" skY="0" scX="0.83" scY="0.83"/>
  </bone>
  <skin name="default">
   <slot name="bg" parent="bg" z="0">
    <display name="Shape/shape 11199" type="image">
     <transform x="0" y="0" skX="0" skY="0" scX="1" scY="1" pX="22" pY="21"/>
    </display>
   </slot>
   <slot name="labelTXT" parent="labelTXT" z="1">
    <display name="l1" type="image">
     <transform x="-24.45" y="-22" skX="0" skY="0" scX="1" scY="1" pX="4" pY="4"/>
    </display>
    <display name="l2" type="image">
     <transform x="-26.9" y="-24.2" skX="0" skY="0" scX="1" scY="1" pX="5" pY="5"/>
    </display>
    <display name="l3" type="image">
     <transform x="-24.45" y="-22" skX="0" skY="0" scX="1" scY="1" pX="5" pY="4"/>
    </display>
    <display name="l4" type="image">
     <transform x="-24.45" y="-22" skX="0" skY="0" scX="1" scY="1" pX="5" pY="4"/>
    </display>
    <display name="l5" type="image">
     <transform x="-24.45" y="-22" skX="0" skY="0" scX="1" scY="1" pX="5" pY="4"/>
    </display>
   </slot>
   <slot name="costTXT" parent="costTXT" z="2">
    <display name="case" type="image">
     <transform x="0" y="0" skX="0" skY="0" scX="1" scY="1" pX="25" pY="25"/>
    </display>
    <display name="text" type="text">
     <transform x="-2" y="-2" skX="0" skY="0" scX="1" scY="1"/>
     <text bold="0" italic="0" width="38" height="33" size="12" face="FZJianTiS-R-GB" alignH="left" alignV="top" lineType="single line" textType="dynamic" text="&#xD;">
      <color a="255" r="153" g="153" b="153"/>
     </text>
    </display>
   </slot>
   <slot name="fastBuyUltraCase" parent="fastBuyUltraCase" z="3">
    <display name="case" type="image">
     <transform x="0" y="0" skX="0" skY="0" scX="1" scY="1" pX="25" pY="25"/>
    </display>
   </slot>
  </skin>
  <animation name="btnFastBuyUltra" fadeInTime="0.3" duration="5" scale="1" loop="1" autoTween="NaN" tweenEasing="NaN">
   <timeline name="bg" scale="1" offset="0">
    <frame z="0" duration="4">
     <transform x="0" y="0" skX="0" skY="0" scX="1" scY="1" pX="0" pY="0"/>
    </frame>
    <frame z="0" duration="1">
     <transform x="0" y="0" skX="0" skY="0" scX="1" scY="1" pX="0" pY="0"/>
    </frame>
   </timeline>
   <timeline name="labelTXT" scale="1" offset="0">
    <frame z="1" duration="1">
     <transform x="3.35" y="1" skX="0" skY="0" scX="1" scY="1" pX="0" pY="0"/>
    </frame>
    <frame z="1" displayIndex="1" duration="1">
     <transform x="3.4" y="1.2" skX="0" skY="0" scX="1" scY="1" pX="0" pY="0"/>
    </frame>
    <frame z="1" displayIndex="2" duration="1">
     <transform x="3.35" y="1" skX="0" skY="0" scX="1" scY="1" pX="0" pY="0"/>
    </frame>
    <frame z="1" displayIndex="3" duration="1">
     <transform x="3.35" y="1" skX="0" skY="0" scX="1" scY="1" pX="0" pY="0"/>
    </frame>
    <frame z="1" displayIndex="4" duration="1">
     <transform x="3.35" y="1" skX="0" skY="0" scX="1" scY="1" pX="0" pY="0"/>
    </frame>
   </timeline>
   <timeline name="costTXT" scale="1" offset="0">
    <frame z="2" duration="4">
     <transform x="0" y="0" skX="0" skY="0" scX="1" scY="1" pX="0" pY="0"/>
    </frame>
    <frame z="2" displayIndex="1" duration="1">
     <transform x="1.5" y="9.25" skX="0" skY="0" scX="1" scY="1" pX="0" pY="0"/>
    </frame>
   </timeline>
   <timeline name="fastBuyUltraCase" scale="1" offset="0">
    <frame z="3" duration="4">
     <transform x="-0.15" y="-0.35" skX="0" skY="0" scX="0.83" scY="0.83" pX="0" pY="0"/>
    </frame>
    <frame z="3" duration="1">
     <transform x="-0.15" y="-0.55" skX="0" skY="0" scX="0.83" scY="0.83" pX="0" pY="0"/>
    </frame>
   </timeline>
   <frame duration="4"/>
   <frame duration="1"/>
  </animation>
 </armature>
</dragonBones>