<TextureAtlas name="enemyCard" imagePath="texture.png">
 <SubTexture name="__dbTextures/enemyCard/oth_2" x="0" y="0" width="76" height="88"/>
 <SubTexture name="__dbTextures/enemyCard/oth_3" x="78" y="0" width="76" height="88"/>
 <SubTexture name="__dbTextures/enemyCard/Layer 2_0" x="234" y="0" width="76" height="88"/>
 <SubTexture name="__dbTextures/enemyCard/Layer 2_1" x="156" y="0" width="76" height="88"/>
 <SubTexture name="Symbol 47" x="1996" y="118" width="50" height="50"/>
 <SubTexture name="Symbol 2367" x="1971" y="926" width="40" height="11"/>
 <SubTexture name="__dbTextures/Symbol 2430/Layer 2_0" x="1864" y="250" width="27" height="11"/>
 <SubTexture name="__dbTextures/Symbol 2430/Layer 2_1" x="1782" y="250" width="27" height="11"/>
 <SubTexture name="__dbTextures/Symbol 2430/Layer 2_2" x="1673" y="250" width="27" height="11"/>
 <SubTexture name="__dbTextures/Symbol 2430/Layer 2_3" x="1591" y="250" width="27" height="11"/>
 <SubTexture name="__dbTextures/Symbol 2430/Layer 2_4" x="1509" y="250" width="27" height="11"/>
 <SubTexture name="__dbTextures/Symbol 2430/Layer 2_5" x="1427" y="250" width="27" height="11"/>
 <SubTexture name="__dbTextures/Symbol 2430/Layer 2_6" x="1345" y="249" width="27" height="11"/>
 <SubTexture name="__dbTextures/Symbol 2430/Layer 2_7" x="959" y="512" width="28" height="11"/>
 <SubTexture name="__dbTextures/Symbol 2430/Layer 2_8" x="1806" y="510" width="28" height="11"/>
 <SubTexture name="__dbTextures/Symbol 2430/Layer 2_9" x="1693" y="510" width="28" height="11"/>
 <SubTexture name="__dbTextures/Symbol 2430/Layer 2_10" x="1201" y="507" width="28" height="11"/>
 <SubTexture name="__dbTextures/Symbol 2430/Layer 2_11" x="1201" y="495" width="28" height="11"/>
 <SubTexture name="__dbTextures/Symbol 2430/Layer 2_12" x="1201" y="483" width="28" height="11"/>
 <SubTexture name="__dbTextures/Symbol 2430/Layer 2_13" x="1201" y="471" width="28" height="11"/>
 <SubTexture name="__dbTextures/Symbol 2430/Layer 2_14" x="990" y="504" width="29" height="11"/>
 <SubTexture name="__dbTextures/Symbol 2430/Layer 2_15" x="1806" y="498" width="29" height="11"/>
 <SubTexture name="__dbTextures/Symbol 2430/Layer 2_16" x="990" y="492" width="29" height="11"/>
 <SubTexture name="__dbTextures/Symbol 2430/Layer 2_17" x="1806" y="486" width="30" height="11"/>
 <SubTexture name="__dbTextures/Symbol 2430/Layer 2_18" x="1345" y="273" width="26" height="9"/>
 <SubTexture name="__dbTextures/Symbol 2430/Layer 2_19" x="646" y="201" width="21" height="8"/>
 <SubTexture name="__dbTextures/Symbol 2707/Layer 2_0" x="1946" y="286" width="24" height="11"/>
 <SubTexture name="__dbTextures/Symbol 2707/Layer 2_1" x="250" y="300" width="24" height="11"/>
 <SubTexture name="__dbTextures/Symbol 2707/Layer 2_2" x="1864" y="274" width="24" height="11"/>
 <SubTexture name="__dbTextures/Symbol 2707/Layer 2_3" x="538" y="286" width="24" height="11"/>
 <SubTexture name="__dbTextures/Symbol 2707/Layer 2_4" x="1591" y="274" width="24" height="11"/>
 <SubTexture name="__dbTextures/Symbol 2707/Layer 2_5" x="1673" y="274" width="24" height="11"/>
 <SubTexture name="__dbTextures/Symbol 2707/Layer 2_6" x="969" y="262" width="24" height="11"/>
 <SubTexture name="__dbTextures/Symbol 2707/Layer 2_7" x="1427" y="262" width="24" height="11"/>
 <SubTexture name="__dbTextures/Symbol 2707/Layer 2_8" x="996" y="238" width="24" height="11"/>
 <SubTexture name="__dbTextures/Symbol 2707/Layer 2_9" x="1968" y="316" width="23" height="10"/>
 <SubTexture name="__dbTextures/Symbol 2707/Layer 2_10" x="1968" y="327" width="22" height="10"/>
 <SubTexture name="__dbTextures/Symbol 2707/Layer 2_11" x="1243" y="248" width="22" height="10"/>
 <SubTexture name="__dbTextures/Symbol 2707/Layer 2_12" x="1974" y="157" width="21" height="9"/>
 <SubTexture name="__dbTextures/Symbol 2707/Layer 2_13" x="213" y="90" width="20" height="9"/>
 <SubTexture name="__dbTextures/Symbol 2707/Layer 2_14" x="213" y="100" width="19" height="8"/>
 <SubTexture name="__dbTextures/Symbol 2707/Layer 2_15" x="57" y="100" width="20" height="8"/>
 <SubTexture name="__dbTextures/Symbol 2707/Layer 2_16" x="1974" y="222" width="21" height="8"/>
 <SubTexture name="__dbTextures/Symbol 2707/Layer 2_17" x="1269" y="201" width="21" height="8"/>
 <SubTexture name="__dbTextures/Symbol 2816/Layer 2_0" x="250" y="288" width="24" height="11"/>
 <SubTexture name="__dbTextures/Symbol 2816/Layer 2_1" x="454" y="296" width="24" height="11"/>
 <SubTexture name="__dbTextures/Symbol 2816/Layer 2_2" x="1427" y="286" width="24" height="11"/>
 <SubTexture name="__dbTextures/Symbol 2816/Layer 2_3" x="805" y="286" width="24" height="11"/>
 <SubTexture name="__dbTextures/Symbol 2816/Layer 2_4" x="969" y="274" width="24" height="11"/>
 <SubTexture name="__dbTextures/Symbol 2816/Layer 2_5" x="1509" y="274" width="24" height="11"/>
 <SubTexture name="__dbTextures/Symbol 2816/Layer 2_6" x="1946" y="262" width="24" height="11"/>
 <SubTexture name="__dbTextures/Symbol 2816/Layer 2_7" x="1782" y="262" width="24" height="11"/>
 <SubTexture name="__dbTextures/Symbol 2816/Layer 2_8" x="1946" y="250" width="24" height="11"/>
 <SubTexture name="__dbTextures/Symbol 2816/Layer 2_9" x="457" y="285" width="23" height="10"/>
 <SubTexture name="__dbTextures/Symbol 2816/Layer 2_10" x="135" y="331" width="22" height="10"/>
 <SubTexture name="__dbTextures/Symbol 2816/Layer 2_11" x="889" y="258" width="22" height="10"/>
 <SubTexture name="__dbTextures/Symbol 2816/Layer 2_12" x="1974" y="147" width="21" height="9"/>
 <SubTexture name="__dbTextures/Symbol 2816/Layer 2_13" x="135" y="90" width="20" height="9"/>
 <SubTexture name="__dbTextures/Symbol 2816/Layer 2_14" x="291" y="106" width="19" height="8"/>
 <SubTexture name="__dbTextures/Symbol 2816/Layer 2_15" x="1893" y="98" width="20" height="8"/>
 <SubTexture name="__dbTextures/Symbol 2816/Layer 2_16" x="1269" y="219" width="21" height="8"/>
 <SubTexture name="__dbTextures/Symbol 2816/Layer 2_17" x="1269" y="210" width="21" height="8"/>
 <SubTexture name="__dbTextures/Symbol 2825/Layer 2_0" x="1342" y="295" width="24" height="11"/>
 <SubTexture name="__dbTextures/Symbol 2825/Layer 2_1" x="1158" y="298" width="24" height="11"/>
 <SubTexture name="__dbTextures/Symbol 2825/Layer 2_2" x="250" y="276" width="24" height="11"/>
 <SubTexture name="__dbTextures/Symbol 2825/Layer 2_3" x="1160" y="286" width="24" height="11"/>
 <SubTexture name="__dbTextures/Symbol 2825/Layer 2_4" x="805" y="274" width="24" height="11"/>
 <SubTexture name="__dbTextures/Symbol 2825/Layer 2_5" x="1427" y="274" width="24" height="11"/>
 <SubTexture name="__dbTextures/Symbol 2825/Layer 2_6" x="1591" y="262" width="24" height="11"/>
 <SubTexture name="__dbTextures/Symbol 2825/Layer 2_7" x="250" y="264" width="24" height="11"/>
 <SubTexture name="__dbTextures/Symbol 2825/Layer 2_8" x="1160" y="250" width="24" height="11"/>
 <SubTexture name="__dbTextures/Symbol 2825/Layer 2_9" x="1158" y="310" width="23" height="10"/>
 <SubTexture name="__dbTextures/Symbol 2825/Layer 2_10" x="1342" y="331" width="22" height="10"/>
 <SubTexture name="__dbTextures/Symbol 2825/Layer 2_11" x="1080" y="258" width="22" height="10"/>
 <SubTexture name="__dbTextures/Symbol 2825/Layer 2_12" x="1974" y="167" width="21" height="9"/>
 <SubTexture name="__dbTextures/Symbol 2825/Layer 2_13" x="57" y="90" width="20" height="9"/>
 <SubTexture name="__dbTextures/Symbol 2825/Layer 2_14" x="135" y="100" width="19" height="8"/>
 <SubTexture name="__dbTextures/Symbol 2825/Layer 2_15" x="1626" y="98" width="20" height="8"/>
 <SubTexture name="__dbTextures/Symbol 2825/Layer 2_16" x="1974" y="231" width="20" height="8"/>
 <SubTexture name="__dbTextures/Symbol 2825/Layer 2_17" x="1974" y="204" width="21" height="8"/>
 <SubTexture name="__dbTextures/Symbol 3115/Layer 2_0" x="1971" y="292" width="24" height="11"/>
 <SubTexture name="__dbTextures/Symbol 3115/Layer 2_1" x="1673" y="286" width="24" height="11"/>
 <SubTexture name="__dbTextures/Symbol 3115/Layer 2_2" x="1946" y="274" width="24" height="11"/>
 <SubTexture name="__dbTextures/Symbol 3115/Layer 2_3" x="1345" y="283" width="24" height="11"/>
 <SubTexture name="__dbTextures/Symbol 3115/Layer 2_4" x="1160" y="274" width="24" height="11"/>
 <SubTexture name="__dbTextures/Symbol 3115/Layer 2_5" x="538" y="274" width="24" height="11"/>
 <SubTexture name="__dbTextures/Symbol 3115/Layer 2_6" x="1673" y="262" width="24" height="11"/>
 <SubTexture name="__dbTextures/Symbol 3115/Layer 2_7" x="1864" y="262" width="24" height="11"/>
 <SubTexture name="__dbTextures/Symbol 3115/Layer 2_8" x="538" y="262" width="24" height="11"/>
 <SubTexture name="__dbTextures/Symbol 3115/Layer 2_9" x="805" y="262" width="24" height="11"/>
 <SubTexture name="__dbTextures/Symbol 3115/Layer 2_10" x="1701" y="238" width="24" height="11"/>
 <SubTexture name="__dbTextures/Symbol 3115/Layer 2_11" x="805" y="250" width="24" height="11"/>
 <SubTexture name="__dbTextures/Symbol 3115/Layer 2_12" x="1345" y="261" width="24" height="11"/>
 <SubTexture name="__dbTextures/Symbol 3115/Layer 2_13" x="1591" y="286" width="24" height="11"/>
 <SubTexture name="__dbTextures/Symbol 3115/Layer 2_14" x="135" y="307" width="24" height="11"/>
 <SubTexture name="__dbTextures/Symbol 3115/Layer 2_15" x="1342" y="307" width="24" height="11"/>
 <SubTexture name="__dbTextures/Symbol 3115/Layer 2_16" x="457" y="249" width="23" height="11"/>
 <SubTexture name="__dbTextures/Symbol 3115/Layer 2_17" x="457" y="273" width="23" height="11"/>
 <SubTexture name="__dbTextures/Symbol 3115/Layer 2_18" x="135" y="319" width="23" height="11"/>
 <SubTexture name="__dbTextures/Symbol 3115/Layer 2_19" x="1158" y="321" width="23" height="11"/>
 <SubTexture name="__dbTextures/Symbol 3115/Layer 2_20" x="725" y="248" width="22" height="10"/>
 <SubTexture name="__dbTextures/Symbol 3115/Layer 2_21" x="1080" y="248" width="22" height="9"/>
 <SubTexture name="__dbTextures/Symbol 3115/Layer 2_22" x="725" y="259" width="22" height="8"/>
 <SubTexture name="__dbTextures/Symbol 3115/Layer 2_23" x="1269" y="174" width="21" height="8"/>
 <SubTexture name="__dbTextures/Symbol 3141/Layer 2_0" x="1864" y="286" width="24" height="11"/>
 <SubTexture name="__dbTextures/Symbol 3141/Layer 2_1" x="1509" y="286" width="24" height="11"/>
 <SubTexture name="__dbTextures/Symbol 3141/Layer 2_2" x="969" y="286" width="24" height="11"/>
 <SubTexture name="__dbTextures/Symbol 3141/Layer 2_3" x="1971" y="280" width="24" height="11"/>
 <SubTexture name="__dbTextures/Symbol 3141/Layer 2_4" x="1782" y="274" width="24" height="11"/>
 <SubTexture name="__dbTextures/Symbol 3141/Layer 2_5" x="1971" y="268" width="24" height="11"/>
 <SubTexture name="__dbTextures/Symbol 3141/Layer 2_6" x="1160" y="262" width="24" height="11"/>
 <SubTexture name="__dbTextures/Symbol 3141/Layer 2_7" x="1509" y="262" width="24" height="11"/>
 <SubTexture name="__dbTextures/Symbol 3141/Layer 2_8" x="1266" y="256" width="24" height="11"/>
 <SubTexture name="__dbTextures/Symbol 3141/Layer 2_9" x="1971" y="256" width="24" height="11"/>
 <SubTexture name="__dbTextures/Symbol 3141/Layer 2_10" x="969" y="250" width="24" height="11"/>
 <SubTexture name="__dbTextures/Symbol 3141/Layer 2_11" x="1701" y="250" width="24" height="11"/>
 <SubTexture name="__dbTextures/Symbol 3141/Layer 2_12" x="538" y="250" width="24" height="11"/>
 <SubTexture name="__dbTextures/Symbol 3141/Layer 2_13" x="1782" y="286" width="24" height="11"/>
 <SubTexture name="__dbTextures/Symbol 3141/Layer 2_14" x="1968" y="304" width="24" height="11"/>
 <SubTexture name="__dbTextures/Symbol 3141/Layer 2_15" x="454" y="308" width="24" height="11"/>
 <SubTexture name="__dbTextures/Symbol 3141/Layer 2_16" x="644" y="256" width="23" height="11"/>
 <SubTexture name="__dbTextures/Symbol 3141/Layer 2_17" x="457" y="261" width="23" height="11"/>
 <SubTexture name="__dbTextures/Symbol 3141/Layer 2_18" x="1342" y="319" width="23" height="11"/>
 <SubTexture name="__dbTextures/Symbol 3141/Layer 2_19" x="454" y="320" width="23" height="11"/>
 <SubTexture name="__dbTextures/Symbol 3141/Layer 2_20" x="621" y="248" width="22" height="10"/>
 <SubTexture name="__dbTextures/Symbol 3141/Layer 2_21" x="889" y="248" width="22" height="9"/>
 <SubTexture name="__dbTextures/Symbol 3141/Layer 2_22" x="621" y="259" width="22" height="8"/>
 <SubTexture name="__dbTextures/Symbol 3141/Layer 2_23" x="646" y="192" width="21" height="8"/>
 <SubTexture name="__dbTextures/Symbol 3919/Layer 2_0" x="1974" y="186" width="21" height="8"/>
 <SubTexture name="__dbTextures/Symbol 3919/Layer 2_1" x="1974" y="240" width="20" height="7"/>
 <SubTexture name="__dbTextures/Symbol 3919/Layer 2_2" x="1626" y="107" width="20" height="7"/>
 <SubTexture name="__dbTextures/Symbol 3919/Layer 2_3" x="213" y="109" width="19" height="7"/>
 <SubTexture name="__dbTextures/Symbol 3919/Layer 2_4" x="135" y="117" width="18" height="6"/>
 <SubTexture name="__dbTextures/Symbol 3919/Layer 2_5" x="1626" y="122" width="17" height="6"/>
 <SubTexture name="__dbTextures/Symbol 3919/Layer 2_6" x="1626" y="115" width="18" height="6"/>
 <SubTexture name="__dbTextures/Symbol 3919/Layer 2_7" x="57" y="109" width="19" height="7"/>
 <SubTexture name="__dbTextures/Symbol 3919/Layer 2_8" x="291" y="90" width="20" height="7"/>
 <SubTexture name="__dbTextures/Symbol 3919/Layer 2_9" x="646" y="210" width="21" height="8"/>
 <SubTexture name="__dbTextures/Symbol 3919/Layer 2_10" x="1269" y="183" width="21" height="8"/>
 <SubTexture name="__dbTextures/Symbol 3919/Layer 2_11" x="1269" y="192" width="21" height="8"/>
 <SubTexture name="__dbTextures/Symbol 3919/Layer 2_12" x="646" y="183" width="21" height="8"/>
 <SubTexture name="__dbTextures/Symbol 3928/Layer 2_0" x="646" y="174" width="21" height="8"/>
 <SubTexture name="__dbTextures/Symbol 3928/Layer 2_1" x="1974" y="248" width="20" height="7"/>
 <SubTexture name="__dbTextures/Symbol 3928/Layer 2_2" x="1893" y="107" width="20" height="7"/>
 <SubTexture name="__dbTextures/Symbol 3928/Layer 2_3" x="291" y="115" width="19" height="7"/>
 <SubTexture name="__dbTextures/Symbol 3928/Layer 2_4" x="57" y="117" width="18" height="6"/>
 <SubTexture name="__dbTextures/Symbol 3928/Layer 2_5" x="213" y="117" width="17" height="6"/>
 <SubTexture name="__dbTextures/Symbol 3928/Layer 2_6" x="1893" y="115" width="18" height="6"/>
 <SubTexture name="__dbTextures/Symbol 3928/Layer 2_7" x="135" y="109" width="19" height="7"/>
 <SubTexture name="__dbTextures/Symbol 3928/Layer 2_8" x="291" y="98" width="20" height="7"/>
 <SubTexture name="__dbTextures/Symbol 3928/Layer 2_9" x="1974" y="177" width="21" height="8"/>
 <SubTexture name="__dbTextures/Symbol 3928/Layer 2_10" x="646" y="219" width="21" height="8"/>
 <SubTexture name="__dbTextures/Symbol 3928/Layer 2_11" x="1974" y="213" width="21" height="8"/>
 <SubTexture name="__dbTextures/Symbol 3928/Layer 2_12" x="1974" y="195" width="21" height="8"/>
 <SubTexture name="__dbTextures/Symbol 2372/Layer 1_1" x="1080" y="220" width="21" height="26"/>
 <SubTexture name="__dbTextures/Symbol 2372/Layer 1_2" x="644" y="228" width="21" height="26"/>
 <SubTexture name="__dbTextures/Symbol 2378/Layer 1_1" x="250" y="236" width="21" height="26"/>
 <SubTexture name="__dbTextures/Symbol 2378/Layer 1_2" x="621" y="220" width="21" height="26"/>
 <SubTexture name="__dbTextures/Symbol 2384/Layer 1_1" x="1243" y="220" width="21" height="26"/>
 <SubTexture name="__dbTextures/Symbol 2384/Layer 1_2" x="725" y="220" width="21" height="26"/>
 <SubTexture name="__dbTextures/Symbol 2390/Layer 1_1" x="1269" y="146" width="20" height="26"/>
 <SubTexture name="__dbTextures/Symbol 2390/Layer 1_2" x="646" y="146" width="20" height="26"/>
 <SubTexture name="__dbTextures/Symbol 2412/Layer 1_2" x="996" y="177" width="25" height="29"/>
 <SubTexture name="__dbTextures/Symbol 2412/Layer 1_4" x="1701" y="147" width="25" height="29"/>
 <SubTexture name="__dbTextures/Symbol 2412/Layer 1_6" x="996" y="146" width="25" height="29"/>
 <SubTexture name="__dbTextures/Symbol 2412/Layer 1_8" x="373" y="178" width="25" height="29"/>
 <SubTexture name="__dbTextures/Symbol 2412/Layer 1_10" x="1701" y="178" width="25" height="28"/>
 <SubTexture name="__dbTextures/Symbol 2412/Layer 1_12" x="996" y="208" width="25" height="28"/>
 <SubTexture name="__dbTextures/Symbol 2412/Layer 1_14" x="1701" y="208" width="25" height="28"/>
 <SubTexture name="__dbTextures/Symbol 2412/Layer 1_16" x="373" y="209" width="25" height="28"/>
 <SubTexture name="__dbTextures/Symbol 2412/Layer 1_18" x="969" y="220" width="25" height="28"/>
 <SubTexture name="__dbTextures/Symbol 2412/Layer 1_20" x="805" y="220" width="25" height="28"/>
 <SubTexture name="__dbTextures/Symbol 2418/Layer 1_1" x="538" y="220" width="24" height="28"/>
 <SubTexture name="__dbTextures/Symbol 2418/Layer 1_2" x="1160" y="220" width="24" height="28"/>
 <SubTexture name="__dbTextures/Symbol 2425/Layer 1_1" x="1695" y="300" width="30" height="39"/>
 <SubTexture name="__dbTextures/Symbol 2425/Layer 1_2" x="1695" y="341" width="30" height="39"/>
 <SubTexture name="__dbTextures/Symbol 2491/Layer 1_1" x="806" y="845" width="42" height="34"/>
 <SubTexture name="__dbTextures/Symbol 2491/Layer 1_2" x="580" y="826" width="42" height="34"/>
 <SubTexture name="__dbTextures/Symbol 2491/Layer 1_3" x="1545" y="840" width="42" height="34"/>
 <SubTexture name="__dbTextures/Symbol 2491/Layer 1_4" x="297" y="847" width="42" height="34"/>
 <SubTexture name="__dbTextures/Symbol 2491/Layer 1_5" x="1741" y="854" width="42" height="34"/>
 <SubTexture name="__dbTextures/Symbol 2491/Layer 1_6" x="851" y="843" width="42" height="34"/>
 <SubTexture name="__dbTextures/Symbol 2491/Layer 1_7" x="2004" y="812" width="42" height="34"/>
 <SubTexture name="__dbTextures/Symbol 2491/Layer 1_8" x="895" y="843" width="42" height="34"/>
 <SubTexture name="__dbTextures/Symbol 2491/Layer 1_9" x="297" y="811" width="42" height="34"/>
 <SubTexture name="__dbTextures/Symbol 2491/Layer 1_10" x="1892" y="854" width="42" height="34"/>
 <SubTexture name="__dbTextures/Symbol 2491/Layer 1_11" x="674" y="846" width="42" height="34"/>
 <SubTexture name="__dbTextures/Symbol 2491/Layer 1_12" x="536" y="814" width="42" height="34"/>
 <SubTexture name="__dbTextures/Symbol 2491/Layer 1_13" x="1193" y="856" width="42" height="34"/>
 <SubTexture name="__dbTextures/Symbol 2491/Layer 1_14" x="341" y="841" width="42" height="34"/>
 <SubTexture name="__dbTextures/Symbol 2491/Layer 1_15" x="535" y="850" width="42" height="34"/>
 <SubTexture name="__dbTextures/Symbol 2491/Layer 1_16" x="210" y="809" width="42" height="34"/>
 <SubTexture name="__dbTextures/Symbol 2491/Layer 1_17" x="2000" y="848" width="42" height="34"/>
 <SubTexture name="__dbTextures/Symbol 2491/Layer 1_18" x="1547" y="804" width="42" height="34"/>
 <SubTexture name="__dbTextures/Symbol 2491/Layer 1_19" x="210" y="845" width="42" height="34"/>
 <SubTexture name="__dbTextures/Symbol 2491/Layer 1_20" x="1293" y="871" width="42" height="31"/>
 <SubTexture name="__dbTextures/Symbol 2491/Layer 1_21" x="1785" y="868" width="42" height="31"/>
 <SubTexture name="__dbTextures/Symbol 2491/Layer 1_22" x="429" y="871" width="42" height="31"/>
 <SubTexture name="__dbTextures/Symbol 2491/Layer 1_23" x="165" y="861" width="42" height="31"/>
 <SubTexture name="__dbTextures/Symbol 2491/Layer 1_24" x="1343" y="863" width="42" height="31"/>
 <SubTexture name="__dbTextures/Symbol 2491/Layer 1_25" x="894" y="879" width="42" height="31"/>
 <SubTexture name="__dbTextures/Symbol 2491/Layer 1_26" x="1641" y="864" width="42" height="31"/>
 <SubTexture name="__dbTextures/Symbol 2491/Layer 1_27" x="579" y="862" width="42" height="31"/>
 <SubTexture name="__dbTextures/Symbol 2491/Layer 1_28" x="1543" y="876" width="42" height="31"/>
 <SubTexture name="__dbTextures/Symbol 2491/Layer 1_29" x="1039" y="876" width="42" height="31"/>
 <SubTexture name="__dbTextures/Symbol 2491/Layer 1_30" x="1090" y="861" width="42" height="31"/>
 <SubTexture name="__dbTextures/Symbol 2491/Layer 1_31" x="385" y="868" width="42" height="31"/>
 <SubTexture name="__dbTextures/Symbol 2491/Layer 1_32" x="623" y="876" width="42" height="31"/>
 <SubTexture name="__dbTextures/Symbol 2491/Layer 1_33" x="1936" y="867" width="42" height="31"/>
 <SubTexture name="__dbTextures/Symbol 2491/Layer 1_34" x="74" y="880" width="42" height="31"/>
 <SubTexture name="__dbTextures/Symbol 2491/Layer 1_35" x="341" y="877" width="42" height="31"/>
 <SubTexture name="__dbTextures/Symbol 2491/Layer 1_36" x="485" y="863" width="42" height="31"/>
 <SubTexture name="__dbTextures/Symbol 2491/Layer 1_37" x="850" y="879" width="42" height="31"/>
 <SubTexture name="__dbTextures/Symbol 2491/Layer 1_38" x="1589" y="869" width="42" height="31"/>
 <SubTexture name="__dbTextures/Symbol 2491/Layer 1_39" x="1685" y="871" width="42" height="31"/>
 <SubTexture name="__dbTextures/Symbol 2613/Layer 1_1" x="2013" y="732" width="33" height="40"/>
 <SubTexture name="__dbTextures/Symbol 2613/Layer 1_2" x="209" y="881" width="33" height="40"/>
 <SubTexture name="__dbTextures/Symbol 2613/Layer 1_3" x="1729" y="890" width="33" height="40"/>
 <SubTexture name="__dbTextures/Symbol 2613/Layer 1_4" x="1899" y="890" width="33" height="40"/>
 <SubTexture name="__dbTextures/Symbol 2613/Layer 1_5" x="1829" y="881" width="33" height="40"/>
 <SubTexture name="__dbTextures/Symbol 2613/Layer 1_6" x="2013" y="690" width="33" height="40"/>
 <SubTexture name="__dbTextures/Symbol 2613/Layer 1_7" x="1237" y="885" width="33" height="40"/>
 <SubTexture name="__dbTextures/Symbol 2613/Layer 1_8" x="1980" y="884" width="33" height="40"/>
 <SubTexture name="__dbTextures/Symbol 2613/Layer 1_9" x="529" y="886" width="33" height="40"/>
 <SubTexture name="__dbTextures/Symbol 2613/Layer 1_10" x="0" y="889" width="33" height="40"/>
 <SubTexture name="__dbTextures/Symbol 2613/Layer 1_11" x="35" y="892" width="33" height="40"/>
 <SubTexture name="__dbTextures/Symbol 2613/Layer 1_12" x="1169" y="892" width="33" height="40"/>
 <SubTexture name="__dbTextures/Symbol 2613/Layer 1_13" x="1457" y="885" width="33" height="40"/>
 <SubTexture name="__dbTextures/Symbol 2613/Layer 1_14" x="806" y="881" width="33" height="40"/>
 <SubTexture name="__dbTextures/Symbol 2613/Layer 1_15" x="1387" y="880" width="33" height="40"/>
 <SubTexture name="__dbTextures/Symbol 2613/Layer 1_16" x="1083" y="894" width="33" height="40"/>
 <SubTexture name="__dbTextures/Symbol 2613/Layer 1_17" x="973" y="887" width="33" height="40"/>
 <SubTexture name="__dbTextures/Symbol 2613/Layer 1_18" x="289" y="883" width="33" height="40"/>
 <SubTexture name="__dbTextures/Symbol 2613/Layer 1_19" x="1134" y="889" width="33" height="40"/>
 <SubTexture name="__dbTextures/Symbol 2613/Layer 1_20" x="667" y="882" width="33" height="40"/>
 <SubTexture name="__dbTextures/Symbol 2613/Layer 1_21" x="769" y="882" width="33" height="40"/>
 <SubTexture name="__dbTextures/Symbol 2613/Layer 1_22" x="165" y="894" width="33" height="40"/>
 <SubTexture name="__dbTextures/Symbol 2613/Layer 1_23" x="1492" y="890" width="33" height="40"/>
 <SubTexture name="__dbTextures/Symbol 2613/Layer 1_24" x="130" y="857" width="33" height="40"/>
 <SubTexture name="__dbTextures/Symbol 2613/Layer 1_25" x="254" y="874" width="33" height="40"/>
 <SubTexture name="__dbTextures/Symbol 2613/Layer 1_26" x="1422" y="885" width="33" height="40"/>
 <SubTexture name="__dbTextures/Symbol 2613/Layer 1_27" x="1864" y="890" width="33" height="40"/>
 <SubTexture name="__dbTextures/Symbol 2613/Layer 1_28" x="938" y="884" width="33" height="40"/>
 <SubTexture name="__dbTextures/Symbol 2613/Layer 1_29" x="702" y="884" width="33" height="40"/>
 <SubTexture name="__dbTextures/Symbol 2613/Layer 1_30" x="1807" y="409" width="32" height="43"/>
 <SubTexture name="__dbTextures/Symbol 2613/Layer 1_31" x="795" y="358" width="32" height="43"/>
 <SubTexture name="__dbTextures/Symbol 2613/Layer 1_32" x="1852" y="343" width="32" height="43"/>
 <SubTexture name="__dbTextures/Symbol 2613/Layer 1_33" x="1497" y="343" width="32" height="43"/>
 <SubTexture name="__dbTextures/Symbol 2613/Layer 1_34" x="241" y="312" width="32" height="43"/>
 <SubTexture name="__dbTextures/Symbol 2613/Layer 1_35" x="162" y="281" width="32" height="43"/>
 <SubTexture name="__dbTextures/Symbol 2613/Layer 1_36" x="1415" y="343" width="32" height="43"/>
 <SubTexture name="__dbTextures/Symbol 2613/Layer 1_37" x="162" y="236" width="32" height="43"/>
 <SubTexture name="__dbTextures/Symbol 2613/Layer 1_38" x="1934" y="298" width="32" height="43"/>
 <SubTexture name="__dbTextures/Symbol 2613/Layer 1_39" x="1773" y="298" width="32" height="43"/>
 <SubTexture name="__dbTextures/Symbol 2613/Layer 1_40" x="1579" y="298" width="32" height="43"/>
 <SubTexture name="__dbTextures/Symbol 2613/Layer 1_41" x="1773" y="343" width="32" height="43"/>
 <SubTexture name="__dbTextures/Symbol 2613/Layer 1_42" x="1497" y="298" width="32" height="43"/>
 <SubTexture name="__dbTextures/Symbol 2613/Layer 1_43" x="241" y="357" width="32" height="43"/>
 <SubTexture name="__dbTextures/Symbol 2613/Layer 1_44" x="795" y="403" width="32" height="43"/>
 <SubTexture name="__dbTextures/Symbol 2613/Layer 1_45" x="1661" y="298" width="32" height="43"/>
 <SubTexture name="__dbTextures/Symbol 2613/Layer 1_46" x="1847" y="388" width="32" height="43"/>
 <SubTexture name="__dbTextures/Symbol 2613/Layer 1_47" x="959" y="358" width="32" height="43"/>
 <SubTexture name="__dbTextures/Symbol 2613/Layer 1_48" x="1489" y="446" width="32" height="43"/>
 <SubTexture name="__dbTextures/Symbol 2613/Layer 1_49" x="526" y="298" width="32" height="43"/>
 <SubTexture name="__dbTextures/Symbol 2613/Layer 1_50" x="1841" y="433" width="32" height="43"/>
 <SubTexture name="__dbTextures/Symbol 2613/Layer 1_51" x="1112" y="409" width="32" height="43"/>
 <SubTexture name="__dbTextures/Symbol 2613/Layer 1_52" x="159" y="326" width="32" height="43"/>
 <SubTexture name="__dbTextures/Symbol 2613/Layer 1_53" x="1579" y="343" width="32" height="43"/>
 <SubTexture name="__dbTextures/Symbol 2613/Layer 1_54" x="1852" y="298" width="32" height="43"/>
 <SubTexture name="__dbTextures/Symbol 2613/Layer 1_55" x="526" y="343" width="32" height="43"/>
 <SubTexture name="__dbTextures/Symbol 2613/Layer 1_56" x="959" y="403" width="32" height="43"/>
 <SubTexture name="__dbTextures/Symbol 2613/Layer 1_57" x="0" y="422" width="32" height="43"/>
 <SubTexture name="__dbTextures/Symbol 2613/Layer 1_58" x="1415" y="298" width="32" height="43"/>
 <SubTexture name="__dbTextures/Symbol 2613/Layer 1_59" x="1661" y="343" width="32" height="43"/>
 <SubTexture name="__dbTextures/Symbol 2635/Layer 1_2" x="200" y="923" width="33" height="33"/>
 <SubTexture name="__dbTextures/Symbol 2635/Layer 1_4" x="244" y="916" width="33" height="33"/>
 <SubTexture name="__dbTextures/Symbol 2635/Layer 1_6" x="1374" y="922" width="33" height="33"/>
 <SubTexture name="__dbTextures/Symbol 2635/Layer 1_8" x="804" y="923" width="33" height="33"/>
 <SubTexture name="__dbTextures/Symbol 2635/Layer 1_10" x="564" y="895" width="35" height="34"/>
 <SubTexture name="__dbTextures/Symbol 2635/Layer 1_12" x="1633" y="897" width="35" height="34"/>
 <SubTexture name="__dbTextures/Symbol 2635/Layer 1_14" x="1337" y="896" width="35" height="34"/>
 <SubTexture name="__dbTextures/Symbol 2635/Layer 1_16" x="473" y="896" width="35" height="34"/>
 <SubTexture name="__dbTextures/Symbol 2635/Layer 1_18" x="118" y="899" width="35" height="34"/>
 <SubTexture name="__dbTextures/Symbol 2635/Layer 1_20" x="1934" y="900" width="35" height="34"/>
 <SubTexture name="__dbTextures/Symbol 2697/Layer 1_2" x="1013" y="568" width="44" height="44"/>
 <SubTexture name="__dbTextures/Symbol 2697/Layer 1_4" x="1561" y="597" width="44" height="44"/>
 <SubTexture name="__dbTextures/Symbol 2697/Layer 1_6" x="1377" y="544" width="44" height="44"/>
 <SubTexture name="__dbTextures/Symbol 2697/Layer 1_8" x="182" y="574" width="44" height="44"/>
 <SubTexture name="__dbTextures/Symbol 2697/Layer 1_10" x="1924" y="551" width="44" height="44"/>
 <SubTexture name="__dbTextures/Symbol 2697/Layer 1_12" x="735" y="571" width="44" height="44"/>
 <SubTexture name="__dbTextures/Symbol 2697/Layer 1_14" x="689" y="559" width="44" height="44"/>
 <SubTexture name="__dbTextures/Symbol 2697/Layer 1_16" x="590" y="581" width="44" height="44"/>
 <SubTexture name="__dbTextures/Symbol 2697/Layer 1_18" x="1563" y="551" width="44" height="44"/>
 <SubTexture name="__dbTextures/Symbol 2697/Layer 1_20" x="869" y="559" width="44" height="44"/>
 <SubTexture name="__dbTextures/Symbol 2697/Layer 1_22" x="1377" y="590" width="44" height="44"/>
 <SubTexture name="__dbTextures/Symbol 2697/Layer 1_24" x="689" y="605" width="44" height="44"/>
 <SubTexture name="__dbTextures/Symbol 2697/Layer 1_26" x="1923" y="597" width="44" height="44"/>
 <SubTexture name="__dbTextures/Symbol 2697/Layer 1_28" x="1152" y="559" width="44" height="44"/>
 <SubTexture name="__dbTextures/Symbol 2697/Layer 1_30" x="1475" y="587" width="41" height="42"/>
 <SubTexture name="__dbTextures/Symbol 2697/Layer 1_32" x="1475" y="543" width="41" height="42"/>
 <SubTexture name="__dbTextures/Symbol 2697/Layer 1_34" x="1607" y="600" width="41" height="42"/>
 <SubTexture name="__dbTextures/Symbol 2697/Layer 1_36" x="1722" y="515" width="41" height="42"/>
 <SubTexture name="__dbTextures/Symbol 2697/Layer 1_38" x="915" y="561" width="41" height="42"/>
 <SubTexture name="__dbTextures/Symbol 2697/Layer 1_40" x="1518" y="566" width="41" height="42"/>
 <SubTexture name="__dbTextures/Symbol 2697/Layer 1_42" x="782" y="553" width="41" height="42"/>
 <SubTexture name="__dbTextures/Symbol 2697/Layer 1_44" x="313" y="566" width="41" height="42"/>
 <SubTexture name="__dbTextures/Symbol 2697/Layer 1_46" x="781" y="597" width="41" height="42"/>
 <SubTexture name="__dbTextures/Symbol 2697/Layer 1_48" x="1609" y="556" width="41" height="42"/>
 <SubTexture name="__dbTextures/Symbol 2697/Layer 1_50" x="40" y="572" width="41" height="42"/>
 <SubTexture name="__dbTextures/Symbol 2697/Layer 1_52" x="398" y="571" width="41" height="42"/>
 <SubTexture name="__dbTextures/Symbol 2697/Layer 1_54" x="138" y="579" width="41" height="42"/>
 <SubTexture name="__dbTextures/Symbol 2697/Layer 1_56" x="547" y="571" width="41" height="42"/>
 <SubTexture name="__dbTextures/Symbol 2697/Layer 1_58" x="825" y="561" width="41" height="42"/>
 <SubTexture name="__dbTextures/Symbol 2697/Layer 1_60" x="824" y="605" width="41" height="42"/>
 <SubTexture name="__dbTextures/Symbol 2704/Layer 1_1" x="913" y="926" width="32" height="25"/>
 <SubTexture name="__dbTextures/Symbol 2704/Layer 1_2" x="672" y="926" width="32" height="25"/>
 <SubTexture name="__dbTextures/Symbol 2778/Layer 1_1" x="130" y="784" width="41" height="36"/>
 <SubTexture name="__dbTextures/Symbol 2778/Layer 1_2" x="1548" y="766" width="41" height="36"/>
 <SubTexture name="__dbTextures/Symbol 2778/Layer 1_3" x="299" y="773" width="41" height="36"/>
 <SubTexture name="__dbTextures/Symbol 2778/Layer 1_4" x="1148" y="768" width="41" height="36"/>
 <SubTexture name="__dbTextures/Symbol 2778/Layer 1_5" x="1505" y="733" width="41" height="36"/>
 <SubTexture name="__dbTextures/Symbol 2778/Layer 1_6" x="342" y="803" width="41" height="36"/>
 <SubTexture name="__dbTextures/Symbol 2778/Layer 1_7" x="254" y="801" width="41" height="36"/>
 <SubTexture name="__dbTextures/Symbol 2778/Layer 1_8" x="256" y="763" width="41" height="36"/>
 <SubTexture name="__dbTextures/Symbol 2778/Layer 1_9" x="811" y="772" width="41" height="36"/>
 <SubTexture name="__dbTextures/Symbol 2778/Layer 1_10" x="2005" y="774" width="41" height="36"/>
 <SubTexture name="__dbTextures/Symbol 2778/Layer 1_11" x="897" y="768" width="41" height="36"/>
 <SubTexture name="__dbTextures/Symbol 2778/Layer 1_12" x="342" y="765" width="41" height="36"/>
 <SubTexture name="__dbTextures/Symbol 2778/Layer 1_13" x="854" y="768" width="41" height="36"/>
 <SubTexture name="__dbTextures/Symbol 2778/Layer 1_14" x="583" y="788" width="41" height="36"/>
 <SubTexture name="__dbTextures/Symbol 2778/Layer 1_15" x="540" y="776" width="41" height="36"/>
 <SubTexture name="__dbTextures/Symbol 2778/Layer 1_16" x="1504" y="771" width="41" height="36"/>
 <SubTexture name="__dbTextures/Symbol 2778/Layer 1_17" x="1105" y="735" width="41" height="36"/>
 <SubTexture name="__dbTextures/Symbol 2778/Layer 1_18" x="540" y="738" width="41" height="36"/>
 <SubTexture name="__dbTextures/Symbol 2778/Layer 1_19" x="583" y="750" width="41" height="36"/>
 <SubTexture name="__dbTextures/Symbol 2778/Layer 1_20" x="80" y="841" width="48" height="37"/>
 <SubTexture name="__dbTextures/Symbol 2778/Layer 1_21" x="1393" y="841" width="48" height="37"/>
 <SubTexture name="__dbTextures/Symbol 2778/Layer 1_22" x="719" y="845" width="48" height="37"/>
 <SubTexture name="__dbTextures/Symbol 2778/Layer 1_23" x="385" y="829" width="48" height="37"/>
 <SubTexture name="__dbTextures/Symbol 2778/Layer 1_24" x="1641" y="825" width="48" height="37"/>
 <SubTexture name="__dbTextures/Symbol 2778/Layer 1_25" x="485" y="824" width="48" height="37"/>
 <SubTexture name="__dbTextures/Symbol 2778/Layer 1_26" x="1443" y="846" width="48" height="37"/>
 <SubTexture name="__dbTextures/Symbol 2778/Layer 1_27" x="1293" y="832" width="48" height="37"/>
 <SubTexture name="__dbTextures/Symbol 2778/Layer 1_28" x="1842" y="842" width="48" height="37"/>
 <SubTexture name="__dbTextures/Symbol 2778/Layer 1_29" x="1143" y="850" width="48" height="37"/>
 <SubTexture name="__dbTextures/Symbol 2778/Layer 1_30" x="1243" y="846" width="48" height="37"/>
 <SubTexture name="__dbTextures/Symbol 2778/Layer 1_31" x="435" y="832" width="48" height="37"/>
 <SubTexture name="__dbTextures/Symbol 2778/Layer 1_32" x="989" y="848" width="48" height="37"/>
 <SubTexture name="__dbTextures/Symbol 2778/Layer 1_33" x="624" y="837" width="48" height="37"/>
 <SubTexture name="__dbTextures/Symbol 2778/Layer 1_34" x="1040" y="837" width="48" height="37"/>
 <SubTexture name="__dbTextures/Symbol 2778/Layer 1_35" x="1691" y="832" width="48" height="37"/>
 <SubTexture name="__dbTextures/Symbol 2778/Layer 1_36" x="1591" y="830" width="48" height="37"/>
 <SubTexture name="__dbTextures/Symbol 2778/Layer 1_37" x="1950" y="828" width="48" height="37"/>
 <SubTexture name="__dbTextures/Symbol 2778/Layer 1_38" x="1792" y="829" width="48" height="37"/>
 <SubTexture name="__dbTextures/Symbol 2778/Layer 1_39" x="939" y="845" width="48" height="37"/>
 <SubTexture name="__dbTextures/Symbol 2784/Layer 1_1" x="279" y="925" width="33" height="31"/>
 <SubTexture name="__dbTextures/Symbol 2784/Layer 1_2" x="737" y="924" width="33" height="31"/>
 <SubTexture name="__dbTextures/Symbol 2806/Layer 1_2" x="854" y="806" width="41" height="35"/>
 <SubTexture name="__dbTextures/Symbol 2806/Layer 1_4" x="897" y="806" width="41" height="35"/>
 <SubTexture name="__dbTextures/Symbol 2806/Layer 1_6" x="676" y="809" width="41" height="35"/>
 <SubTexture name="__dbTextures/Symbol 2806/Layer 1_8" x="37" y="815" width="41" height="35"/>
 <SubTexture name="__dbTextures/Symbol 2806/Layer 1_10" x="735" y="617" width="42" height="38"/>
 <SubTexture name="__dbTextures/Symbol 2806/Layer 1_12" x="1152" y="605" width="42" height="38"/>
 <SubTexture name="__dbTextures/Symbol 2806/Layer 1_14" x="867" y="605" width="42" height="38"/>
 <SubTexture name="__dbTextures/Symbol 2806/Layer 1_16" x="397" y="615" width="42" height="38"/>
 <SubTexture name="__dbTextures/Symbol 2806/Layer 1_18" x="911" y="605" width="42" height="38"/>
 <SubTexture name="__dbTextures/Symbol 2806/Layer 1_20" x="312" y="610" width="42" height="38"/>
 <SubTexture name="__dbTextures/Symbol 2813/Layer 1_1" x="637" y="924" width="33" height="32"/>
 <SubTexture name="__dbTextures/Symbol 2813/Layer 1_2" x="1800" y="923" width="33" height="32"/>
 <SubTexture name="__dbTextures/Symbol 2822/Layer 1_1" x="827" y="520" width="40" height="39"/>
 <SubTexture name="__dbTextures/Symbol 2822/Layer 1_2" x="357" y="519" width="40" height="39"/>
 <SubTexture name="__dbTextures/Symbol 2946/Layer 1_1" x="949" y="659" width="50" height="44"/>
 <SubTexture name="__dbTextures/Symbol 2946/Layer 1_2" x="1862" y="704" width="50" height="44"/>
 <SubTexture name="__dbTextures/Symbol 2946/Layer 1_3" x="1302" y="694" width="50" height="44"/>
 <SubTexture name="__dbTextures/Symbol 2946/Layer 1_4" x="1868" y="658" width="50" height="44"/>
 <SubTexture name="__dbTextures/Symbol 2946/Layer 1_5" x="1250" y="660" width="50" height="44"/>
 <SubTexture name="__dbTextures/Symbol 2946/Layer 1_6" x="1360" y="681" width="50" height="44"/>
 <SubTexture name="__dbTextures/Symbol 2946/Layer 1_7" x="1650" y="687" width="50" height="44"/>
 <SubTexture name="__dbTextures/Symbol 2946/Layer 1_8" x="1810" y="691" width="50" height="44"/>
 <SubTexture name="__dbTextures/Symbol 2946/Layer 1_9" x="1702" y="694" width="50" height="44"/>
 <SubTexture name="__dbTextures/Symbol 2946/Layer 1_10" x="1053" y="699" width="50" height="44"/>
 <SubTexture name="__dbTextures/Symbol 2946/Layer 1_11" x="1423" y="565" width="50" height="44"/>
 <SubTexture name="__dbTextures/Symbol 2946/Layer 1_12" x="1059" y="607" width="50" height="44"/>
 <SubTexture name="__dbTextures/Symbol 2946/Layer 1_13" x="81" y="703" width="50" height="44"/>
 <SubTexture name="__dbTextures/Symbol 2946/Layer 1_14" x="438" y="694" width="50" height="44"/>
 <SubTexture name="__dbTextures/Symbol 2946/Layer 1_15" x="1193" y="670" width="50" height="44"/>
 <SubTexture name="__dbTextures/Symbol 2946/Layer 1_16" x="81" y="657" width="50" height="44"/>
 <SubTexture name="__dbTextures/Symbol 2946/Layer 1_17" x="629" y="653" width="50" height="44"/>
 <SubTexture name="__dbTextures/Symbol 2946/Layer 1_18" x="1423" y="611" width="50" height="44"/>
 <SubTexture name="__dbTextures/Symbol 2946/Layer 1_19" x="636" y="607" width="50" height="44"/>
 <SubTexture name="__dbTextures/Symbol 2946/Layer 1_20" x="1758" y="672" width="50" height="44"/>
 <SubTexture name="__dbTextures/Symbol 2946/Layer 1_21" x="1001" y="662" width="50" height="44"/>
 <SubTexture name="__dbTextures/Symbol 2946/Layer 1_22" x="1598" y="692" width="50" height="44"/>
 <SubTexture name="__dbTextures/Symbol 2946/Layer 1_23" x="629" y="699" width="50" height="44"/>
 <SubTexture name="__dbTextures/Symbol 2946/Layer 1_24" x="1417" y="657" width="50" height="44"/>
 <SubTexture name="__dbTextures/Symbol 2946/Layer 1_25" x="1961" y="690" width="50" height="44"/>
 <SubTexture name="__dbTextures/Symbol 2946/Layer 1_26" x="1059" y="653" width="50" height="44"/>
 <SubTexture name="__dbTextures/Symbol 2946/Layer 1_27" x="1412" y="703" width="50" height="44"/>
 <SubTexture name="__dbTextures/Symbol 2946/Layer 1_28" x="495" y="640" width="50" height="44"/>
 <SubTexture name="__dbTextures/Symbol 2946/Layer 1_29" x="495" y="686" width="50" height="44"/>
 <SubTexture name="__dbTextures/Symbol 2946/Layer 1_30" x="940" y="801" width="48" height="42"/>
 <SubTexture name="__dbTextures/Symbol 2946/Layer 1_31" x="1345" y="775" width="48" height="42"/>
 <SubTexture name="__dbTextures/Symbol 2946/Layer 1_32" x="1850" y="798" width="48" height="42"/>
 <SubTexture name="__dbTextures/Symbol 2946/Layer 1_33" x="1954" y="784" width="48" height="42"/>
 <SubTexture name="__dbTextures/Symbol 2946/Layer 1_34" x="385" y="785" width="48" height="42"/>
 <SubTexture name="__dbTextures/Symbol 2946/Layer 1_35" x="1750" y="766" width="48" height="42"/>
 <SubTexture name="__dbTextures/Symbol 2946/Layer 1_36" x="1293" y="788" width="48" height="42"/>
 <SubTexture name="__dbTextures/Symbol 2946/Layer 1_37" x="1143" y="806" width="48" height="42"/>
 <SubTexture name="__dbTextures/Symbol 2946/Layer 1_38" x="1904" y="766" width="48" height="42"/>
 <SubTexture name="__dbTextures/Symbol 2946/Layer 1_39" x="1093" y="773" width="48" height="42"/>
 <SubTexture name="__dbTextures/Symbol 2946/Layer 1_40" x="1692" y="788" width="48" height="42"/>
 <SubTexture name="__dbTextures/Symbol 2946/Layer 1_41" x="1043" y="793" width="48" height="42"/>
 <SubTexture name="__dbTextures/Symbol 2946/Layer 1_42" x="1395" y="797" width="48" height="42"/>
 <SubTexture name="__dbTextures/Symbol 2946/Layer 1_43" x="1495" y="809" width="48" height="42"/>
 <SubTexture name="__dbTextures/Symbol 2946/Layer 1_44" x="1900" y="810" width="48" height="42"/>
 <SubTexture name="__dbTextures/Symbol 2946/Layer 1_45" x="990" y="804" width="48" height="42"/>
 <SubTexture name="__dbTextures/Symbol 2946/Layer 1_46" x="486" y="780" width="48" height="42"/>
 <SubTexture name="__dbTextures/Symbol 2946/Layer 1_47" x="1093" y="817" width="48" height="42"/>
 <SubTexture name="__dbTextures/Symbol 2946/Layer 1_48" x="1445" y="802" width="48" height="42"/>
 <SubTexture name="__dbTextures/Symbol 2946/Layer 1_49" x="1343" y="819" width="48" height="42"/>
 <SubTexture name="__dbTextures/Symbol 2946/Layer 1_50" x="1800" y="785" width="48" height="42"/>
 <SubTexture name="__dbTextures/Symbol 2946/Layer 1_51" x="1243" y="802" width="48" height="42"/>
 <SubTexture name="__dbTextures/Symbol 2946/Layer 1_52" x="80" y="797" width="48" height="42"/>
 <SubTexture name="__dbTextures/Symbol 2946/Layer 1_53" x="626" y="793" width="48" height="42"/>
 <SubTexture name="__dbTextures/Symbol 2946/Layer 1_54" x="1591" y="786" width="48" height="42"/>
 <SubTexture name="__dbTextures/Symbol 2946/Layer 1_55" x="1742" y="810" width="48" height="42"/>
 <SubTexture name="__dbTextures/Symbol 2946/Layer 1_56" x="435" y="788" width="48" height="42"/>
 <SubTexture name="__dbTextures/Symbol 2946/Layer 1_57" x="719" y="801" width="48" height="42"/>
 <SubTexture name="__dbTextures/Symbol 2946/Layer 1_58" x="1193" y="812" width="48" height="42"/>
 <SubTexture name="__dbTextures/Symbol 2946/Layer 1_59" x="1642" y="781" width="48" height="42"/>
 <SubTexture name="__dbTextures/Symbol 3088/Layer 1_1" x="1704" y="649" width="52" height="43"/>
 <SubTexture name="__dbTextures/Symbol 3088/Layer 1_2" x="1765" y="537" width="52" height="43"/>
 <SubTexture name="__dbTextures/Symbol 3088/Layer 1_3" x="1309" y="604" width="52" height="43"/>
 <SubTexture name="__dbTextures/Symbol 3088/Layer 1_4" x="1970" y="555" width="52" height="43"/>
 <SubTexture name="__dbTextures/Symbol 3088/Layer 1_5" x="1363" y="636" width="52" height="43"/>
 <SubTexture name="__dbTextures/Symbol 3088/Layer 1_6" x="443" y="559" width="52" height="43"/>
 <SubTexture name="__dbTextures/Symbol 3088/Layer 1_7" x="83" y="612" width="52" height="43"/>
 <SubTexture name="__dbTextures/Symbol 3088/Layer 1_8" x="1706" y="559" width="52" height="43"/>
 <SubTexture name="__dbTextures/Symbol 3088/Layer 1_9" x="958" y="569" width="52" height="43"/>
 <SubTexture name="__dbTextures/Symbol 3088/Layer 1_10" x="1198" y="580" width="52" height="43"/>
 <SubTexture name="__dbTextures/Symbol 3088/Layer 1_11" x="1963" y="645" width="52" height="43"/>
 <SubTexture name="__dbTextures/Symbol 3088/Layer 1_12" x="1814" y="601" width="52" height="43"/>
 <SubTexture name="__dbTextures/Symbol 3088/Layer 1_13" x="1201" y="535" width="52" height="43"/>
 <SubTexture name="__dbTextures/Symbol 3088/Layer 1_14" x="1652" y="552" width="52" height="43"/>
 <SubTexture name="__dbTextures/Symbol 3088/Layer 1_15" x="1819" y="556" width="52" height="43"/>
 <SubTexture name="__dbTextures/Symbol 3088/Layer 1_16" x="84" y="567" width="52" height="43"/>
 <SubTexture name="__dbTextures/Symbol 3088/Layer 1_17" x="1255" y="570" width="52" height="43"/>
 <SubTexture name="__dbTextures/Symbol 3088/Layer 1_18" x="1969" y="600" width="52" height="43"/>
 <SubTexture name="__dbTextures/Symbol 3088/Layer 1_19" x="441" y="604" width="52" height="43"/>
 <SubTexture name="__dbTextures/Symbol 3088/Layer 1_20" x="1868" y="613" width="52" height="43"/>
 <SubTexture name="__dbTextures/Symbol 3088/Layer 1_21" x="1252" y="615" width="52" height="43"/>
 <SubTexture name="__dbTextures/Symbol 3088/Layer 1_22" x="1760" y="627" width="52" height="43"/>
 <SubTexture name="__dbTextures/Symbol 3088/Layer 1_23" x="1650" y="642" width="52" height="43"/>
 <SubTexture name="__dbTextures/Symbol 3088/Layer 1_24" x="1814" y="646" width="52" height="43"/>
 <SubTexture name="__dbTextures/Symbol 3088/Layer 1_25" x="441" y="649" width="52" height="43"/>
 <SubTexture name="__dbTextures/Symbol 3088/Layer 1_26" x="1706" y="604" width="52" height="43"/>
 <SubTexture name="__dbTextures/Symbol 3088/Layer 1_27" x="1760" y="582" width="52" height="43"/>
 <SubTexture name="__dbTextures/Symbol 3088/Layer 1_28" x="1323" y="559" width="52" height="43"/>
 <SubTexture name="__dbTextures/Symbol 3088/Layer 1_29" x="84" y="522" width="52" height="43"/>
 <SubTexture name="__dbTextures/Symbol 3088/Layer 1_30" x="959" y="524" width="52" height="43"/>
 <SubTexture name="__dbTextures/Symbol 3088/Layer 1_31" x="1196" y="625" width="52" height="43"/>
 <SubTexture name="__dbTextures/Symbol 3088/Layer 1_32" x="1652" y="597" width="52" height="43"/>
 <SubTexture name="__dbTextures/Symbol 3088/Layer 1_33" x="955" y="614" width="52" height="43"/>
 <SubTexture name="__dbTextures/Symbol 3088/Layer 1_34" x="1306" y="649" width="52" height="43"/>
 <SubTexture name="__dbTextures/Symbol 3088/Layer 1_35" x="721" y="753" width="48" height="46"/>
 <SubTexture name="__dbTextures/Symbol 3088/Layer 1_36" x="497" y="592" width="48" height="46"/>
 <SubTexture name="__dbTextures/Symbol 3088/Layer 1_37" x="1193" y="716" width="48" height="46"/>
 <SubTexture name="__dbTextures/Symbol 3088/Layer 1_38" x="943" y="753" width="48" height="46"/>
 <SubTexture name="__dbTextures/Symbol 3088/Layer 1_39" x="1873" y="565" width="48" height="46"/>
 <SubTexture name="__dbTextures/Symbol 3088/Layer 1_40" x="1009" y="614" width="48" height="46"/>
 <SubTexture name="__dbTextures/Symbol 3088/Layer 1_41" x="490" y="732" width="48" height="46"/>
 <SubTexture name="__dbTextures/Symbol 3088/Layer 1_42" x="497" y="544" width="48" height="46"/>
 <SubTexture name="__dbTextures/Symbol 3088/Layer 1_43" x="1700" y="740" width="48" height="46"/>
 <SubTexture name="__dbTextures/Symbol 3088/Layer 1_44" x="1061" y="559" width="48" height="46"/>
 <SubTexture name="__dbTextures/Symbol 3088/Layer 1_45" x="1454" y="754" width="48" height="46"/>
 <SubTexture name="__dbTextures/Symbol 3088/Layer 1_46" x="1043" y="745" width="48" height="46"/>
 <SubTexture name="__dbTextures/Symbol 3088/Layer 1_47" x="1955" y="736" width="48" height="46"/>
 <SubTexture name="__dbTextures/Symbol 3088/Layer 1_48" x="993" y="708" width="48" height="46"/>
 <SubTexture name="__dbTextures/Symbol 3088/Layer 1_49" x="729" y="657" width="48" height="46"/>
 <SubTexture name="__dbTextures/Symbol 3088/Layer 1_50" x="629" y="745" width="48" height="46"/>
 <SubTexture name="__dbTextures/Symbol 3088/Layer 1_51" x="722" y="705" width="48" height="46"/>
 <SubTexture name="__dbTextures/Symbol 3088/Layer 1_52" x="1193" y="764" width="48" height="46"/>
 <SubTexture name="__dbTextures/Symbol 3088/Layer 1_53" x="1592" y="738" width="48" height="46"/>
 <SubTexture name="__dbTextures/Symbol 3088/Layer 1_54" x="1854" y="750" width="48" height="46"/>
 <SubTexture name="__dbTextures/Symbol 3088/Layer 1_55" x="993" y="756" width="48" height="46"/>
 <SubTexture name="__dbTextures/Symbol 3088/Layer 1_56" x="1354" y="727" width="48" height="46"/>
 <SubTexture name="__dbTextures/Symbol 3088/Layer 1_57" x="1404" y="749" width="48" height="46"/>
 <SubTexture name="__dbTextures/Symbol 3088/Layer 1_58" x="386" y="737" width="48" height="46"/>
 <SubTexture name="__dbTextures/Symbol 3088/Layer 1_59" x="1804" y="737" width="48" height="46"/>
 <SubTexture name="__dbTextures/Symbol 3088/Layer 1_60" x="436" y="740" width="48" height="46"/>
 <SubTexture name="__dbTextures/Symbol 3088/Layer 1_61" x="1754" y="718" width="48" height="46"/>
 <SubTexture name="__dbTextures/Symbol 3088/Layer 1_62" x="1600" y="644" width="48" height="46"/>
 <SubTexture name="__dbTextures/Symbol 3088/Layer 1_63" x="943" y="705" width="48" height="46"/>
 <SubTexture name="__dbTextures/Symbol 3088/Layer 1_64" x="1243" y="754" width="48" height="46"/>
 <SubTexture name="__dbTextures/Symbol 3088/Layer 1_65" x="80" y="749" width="48" height="46"/>
 <SubTexture name="__dbTextures/Symbol 3088/Layer 1_66" x="1650" y="733" width="48" height="46"/>
 <SubTexture name="__dbTextures/Symbol 3088/Layer 1_67" x="1295" y="740" width="48" height="46"/>
 <SubTexture name="__dbTextures/Symbol 3088/Layer 1_68" x="1245" y="706" width="48" height="46"/>
 <SubTexture name="__dbTextures/Symbol 3088/Layer 1_69" x="639" y="559" width="48" height="46"/>
 <SubTexture name="__dbTextures/Symbol 3111/Layer 1_1" x="1673" y="221" width="26" height="27"/>
 <SubTexture name="__dbTextures/Symbol 3111/Layer 1_2" x="1427" y="221" width="26" height="27"/>
 <SubTexture name="__dbTextures/Symbol 3111/Layer 1_3" x="1345" y="220" width="26" height="27"/>
 <SubTexture name="__dbTextures/Symbol 3111/Layer 1_4" x="1946" y="221" width="26" height="27"/>
 <SubTexture name="__dbTextures/Symbol 3111/Layer 1_5" x="1591" y="221" width="26" height="27"/>
 <SubTexture name="__dbTextures/Symbol 3111/Layer 1_6" x="1509" y="221" width="26" height="27"/>
 <SubTexture name="__dbTextures/Symbol 3111/Layer 1_7" x="1782" y="221" width="26" height="27"/>
 <SubTexture name="__dbTextures/Symbol 3111/Layer 1_8" x="1864" y="221" width="26" height="27"/>
 <SubTexture name="__dbTextures/Symbol 3111/Layer 1_9" x="457" y="220" width="22" height="27"/>
 <SubTexture name="__dbTextures/Symbol 3137/Layer 1_1" x="990" y="460" width="29" height="30"/>
 <SubTexture name="__dbTextures/Symbol 3137/Layer 1_2" x="1695" y="382" width="29" height="30"/>
 <SubTexture name="__dbTextures/Symbol 3137/Layer 1_3" x="959" y="448" width="29" height="30"/>
 <SubTexture name="__dbTextures/Symbol 3137/Layer 1_4" x="1693" y="478" width="29" height="30"/>
 <SubTexture name="__dbTextures/Symbol 3137/Layer 1_5" x="959" y="480" width="29" height="30"/>
 <SubTexture name="__dbTextures/Symbol 3137/Layer 1_6" x="1693" y="446" width="29" height="30"/>
 <SubTexture name="__dbTextures/Symbol 3137/Layer 1_7" x="1693" y="414" width="29" height="30"/>
 <SubTexture name="__dbTextures/Symbol 3137/Layer 1_8" x="1807" y="454" width="29" height="30"/>
 <SubTexture name="__dbTextures/Symbol 3137/Layer 1_9" x="373" y="146" width="25" height="30"/>
 <SubTexture name="Symbol 3143" x="806" y="810" width="43" height="33"/>
 <SubTexture name="__dbTextures/Symbol 3146/Layer 1_1" x="130" y="822" width="41" height="33"/>
 <SubTexture name="__dbTextures/Symbol 3146/Layer 1_2" x="254" y="839" width="41" height="33"/>
 <SubTexture name="Symbol 3149" x="1493" y="853" width="48" height="35"/>
 <SubTexture name="__dbTextures/Symbol 3152/Layer 1_1" x="182" y="528" width="46" height="44"/>
 <SubTexture name="__dbTextures/Symbol 3152/Layer 1_2" x="591" y="535" width="46" height="44"/>
 <SubTexture name="Symbol 3155" x="174" y="743" width="38" height="36"/>
 <SubTexture name="__dbTextures/Symbol 3196/Layer 1_1" x="1112" y="492" width="38" height="36"/>
 <SubTexture name="__dbTextures/Symbol 3196/Layer 1_3" x="0" y="467" width="38" height="36"/>
 <SubTexture name="__dbTextures/Symbol 3196/Layer 1_5" x="40" y="739" width="38" height="36"/>
 <SubTexture name="__dbTextures/Symbol 3196/Layer 1_7" x="771" y="764" width="38" height="36"/>
 <SubTexture name="__dbTextures/Symbol 3196/Layer 1_9" x="40" y="777" width="38" height="36"/>
 <SubTexture name="__dbTextures/Symbol 3196/Layer 1_11" x="681" y="733" width="38" height="36"/>
 <SubTexture name="__dbTextures/Symbol 3196/Layer 1_13" x="0" y="505" width="38" height="36"/>
 <SubTexture name="__dbTextures/Symbol 3196/Layer 1_15" x="0" y="581" width="38" height="36"/>
 <SubTexture name="__dbTextures/Symbol 3196/Layer 1_16" x="1767" y="446" width="38" height="36"/>
 <SubTexture name="__dbTextures/Symbol 3196/Layer 1_17" x="0" y="733" width="38" height="36"/>
 <SubTexture name="Symbol 3177" x="1112" y="454" width="38" height="36"/>
 <SubTexture name="__dbTextures/Symbol 3196/Layer 1_21" x="0" y="543" width="38" height="36"/>
 <SubTexture name="__dbTextures/Symbol 3196/Layer 1_23" x="1835" y="518" width="38" height="36"/>
 <SubTexture name="__dbTextures/Symbol 3196/Layer 1_25" x="214" y="771" width="38" height="36"/>
 <SubTexture name="__dbTextures/Symbol 3196/Layer 1_27" x="0" y="695" width="38" height="36"/>
 <SubTexture name="__dbTextures/Symbol 3196/Layer 1_29" x="0" y="657" width="38" height="36"/>
 <SubTexture name="__dbTextures/Symbol 3196/Layer 1_31" x="0" y="619" width="38" height="36"/>
 <SubTexture name="__dbTextures/Symbol 3196/Layer 1_33" x="0" y="771" width="38" height="36"/>
 <SubTexture name="__dbTextures/Symbol 3196/Layer 1_35" x="133" y="746" width="38" height="36"/>
 <SubTexture name="__dbTextures/Symbol 3196/Layer 1_37" x="679" y="771" width="38" height="36"/>
 <SubTexture name="__dbTextures/Symbol 3258/Layer 1_2" x="1537" y="221" width="52" height="69"/>
 <SubTexture name="__dbTextures/Symbol 3258/Layer 1_4" x="1892" y="221" width="52" height="69"/>
 <SubTexture name="__dbTextures/Symbol 3258/Layer 1_6" x="1455" y="221" width="52" height="69"/>
 <SubTexture name="__dbTextures/Symbol 3258/Layer 1_8" x="54" y="234" width="52" height="69"/>
 <SubTexture name="__dbTextures/Symbol 3258/Layer 1_10" x="0" y="234" width="52" height="69"/>
 <SubTexture name="__dbTextures/Symbol 3258/Layer 1_12" x="1810" y="221" width="52" height="69"/>
 <SubTexture name="__dbTextures/Symbol 3258/Layer 1_14" x="1288" y="291" width="52" height="69"/>
 <SubTexture name="__dbTextures/Symbol 3258/Layer 1_16" x="108" y="236" width="52" height="69"/>
 <SubTexture name="__dbTextures/Symbol 3258/Layer 1_18" x="1619" y="221" width="52" height="69"/>
 <SubTexture name="__dbTextures/Symbol 3258/Layer 1_20" x="1291" y="220" width="52" height="69"/>
 <SubTexture name="__dbTextures/Symbol 3258/Layer 1_22" x="1373" y="221" width="52" height="69"/>
 <SubTexture name="__dbTextures/Symbol 3258/Layer 1_24" x="196" y="236" width="52" height="69"/>
 <SubTexture name="__dbTextures/Symbol 3258/Layer 1_26" x="1728" y="221" width="52" height="69"/>
 <SubTexture name="__dbTextures/Symbol 3258/Layer 1_28" x="400" y="292" width="52" height="69"/>
 <SubTexture name="__dbTextures/Symbol 3258/Layer 1_30" x="481" y="220" width="55" height="70"/>
 <SubTexture name="__dbTextures/Symbol 3258/Layer 1_32" x="156" y="90" width="55" height="70"/>
 <SubTexture name="__dbTextures/Symbol 3258/Layer 1_34" x="400" y="220" width="55" height="70"/>
 <SubTexture name="__dbTextures/Symbol 3258/Layer 1_36" x="748" y="220" width="55" height="70"/>
 <SubTexture name="__dbTextures/Symbol 3258/Layer 1_38" x="57" y="162" width="55" height="70"/>
 <SubTexture name="__dbTextures/Symbol 3258/Layer 1_40" x="1023" y="220" width="55" height="70"/>
 <SubTexture name="__dbTextures/Symbol 3258/Layer 1_42" x="912" y="220" width="55" height="70"/>
 <SubTexture name="__dbTextures/Symbol 3258/Layer 1_44" x="564" y="220" width="55" height="70"/>
 <SubTexture name="__dbTextures/Symbol 3258/Layer 1_46" x="0" y="162" width="55" height="70"/>
 <SubTexture name="__dbTextures/Symbol 3258/Layer 1_48" x="78" y="90" width="55" height="70"/>
 <SubTexture name="__dbTextures/Symbol 3258/Layer 1_50" x="1186" y="220" width="55" height="70"/>
 <SubTexture name="__dbTextures/Symbol 3258/Layer 1_52" x="832" y="220" width="55" height="70"/>
 <SubTexture name="__dbTextures/Symbol 3258/Layer 1_54" x="0" y="90" width="55" height="70"/>
 <SubTexture name="__dbTextures/Symbol 3258/Layer 1_56" x="1103" y="220" width="55" height="70"/>
 <SubTexture name="__dbTextures/Symbol 3258/Layer 1_58" x="234" y="90" width="55" height="70"/>
 <SubTexture name="__dbTextures/Symbol 3258/Layer 1_60" x="668" y="220" width="55" height="70"/>
 <SubTexture name="__dbTextures/Symbol 3380/Layer 1_2" x="320" y="294" width="38" height="56"/>
 <SubTexture name="__dbTextures/Symbol 3380/Layer 1_4" x="829" y="409" width="38" height="56"/>
 <SubTexture name="__dbTextures/Symbol 3380/Layer 1_6" x="552" y="409" width="38" height="56"/>
 <SubTexture name="__dbTextures/Symbol 3380/Layer 1_8" x="1767" y="388" width="38" height="56"/>
 <SubTexture name="__dbTextures/Symbol 3380/Layer 1_10" x="193" y="366" width="38" height="56"/>
 <SubTexture name="__dbTextures/Symbol 3380/Layer 1_12" x="1023" y="351" width="38" height="56"/>
 <SubTexture name="__dbTextures/Symbol 3380/Layer 1_14" x="1727" y="351" width="38" height="56"/>
 <SubTexture name="__dbTextures/Symbol 3380/Layer 1_16" x="360" y="239" width="38" height="56"/>
 <SubTexture name="__dbTextures/Symbol 3380/Layer 1_18" x="919" y="351" width="38" height="56"/>
 <SubTexture name="__dbTextures/Symbol 3380/Layer 1_20" x="1531" y="351" width="38" height="56"/>
 <SubTexture name="__dbTextures/Symbol 3380/Layer 1_22" x="560" y="351" width="38" height="56"/>
 <SubTexture name="__dbTextures/Symbol 3380/Layer 1_24" x="360" y="355" width="38" height="56"/>
 <SubTexture name="__dbTextures/Symbol 3380/Layer 1_26" x="747" y="409" width="38" height="56"/>
 <SubTexture name="__dbTextures/Symbol 3380/Layer 1_28" x="1571" y="388" width="38" height="56"/>
 <SubTexture name="__dbTextures/Symbol 3380/Layer 1_30" x="320" y="352" width="38" height="56"/>
 <SubTexture name="__dbTextures/Symbol 3380/Layer 1_32" x="1613" y="351" width="38" height="56"/>
 <SubTexture name="__dbTextures/Symbol 3380/Layer 1_34" x="830" y="351" width="38" height="56"/>
 <SubTexture name="__dbTextures/Symbol 3380/Layer 1_36" x="1653" y="388" width="38" height="56"/>
 <SubTexture name="__dbTextures/Symbol 3380/Layer 1_38" x="1489" y="388" width="38" height="56"/>
 <SubTexture name="__dbTextures/Symbol 3380/Layer 1_40" x="1112" y="351" width="38" height="56"/>
 <SubTexture name="__dbTextures/Symbol 3380/Layer 1_42" x="755" y="351" width="38" height="56"/>
 <SubTexture name="__dbTextures/Symbol 3380/Layer 1_44" x="360" y="297" width="38" height="56"/>
 <SubTexture name="__dbTextures/Symbol 3380/Layer 1_46" x="275" y="353" width="38" height="56"/>
 <SubTexture name="__dbTextures/Symbol 3380/Layer 1_48" x="0" y="364" width="38" height="56"/>
 <SubTexture name="__dbTextures/Symbol 3380/Layer 1_50" x="233" y="402" width="38" height="56"/>
 <SubTexture name="__dbTextures/Symbol 3380/Layer 1_52" x="919" y="409" width="38" height="56"/>
 <SubTexture name="__dbTextures/Symbol 3380/Layer 1_54" x="1886" y="351" width="38" height="56"/>
 <SubTexture name="__dbTextures/Symbol 3380/Layer 1_56" x="1449" y="351" width="38" height="56"/>
 <SubTexture name="__dbTextures/Symbol 3380/Layer 1_58" x="1807" y="351" width="38" height="56"/>
 <SubTexture name="__dbTextures/Symbol 3380/Layer 1_60" x="1996" y="170" width="43" height="57"/>
 <SubTexture name="__dbTextures/Symbol 3380/Layer 1_62" x="1068" y="292" width="43" height="57"/>
 <SubTexture name="__dbTextures/Symbol 3380/Layer 1_64" x="1243" y="268" width="43" height="57"/>
 <SubTexture name="__dbTextures/Symbol 3380/Layer 1_66" x="1728" y="292" width="43" height="57"/>
 <SubTexture name="__dbTextures/Symbol 3380/Layer 1_68" x="1996" y="288" width="43" height="57"/>
 <SubTexture name="__dbTextures/Symbol 3380/Layer 1_70" x="1113" y="292" width="43" height="57"/>
 <SubTexture name="__dbTextures/Symbol 3380/Layer 1_72" x="1996" y="229" width="43" height="57"/>
 <SubTexture name="__dbTextures/Symbol 3380/Layer 1_74" x="1023" y="292" width="43" height="57"/>
 <SubTexture name="__dbTextures/Symbol 3380/Layer 1_76" x="45" y="305" width="43" height="57"/>
 <SubTexture name="__dbTextures/Symbol 3380/Layer 1_78" x="1807" y="292" width="43" height="57"/>
 <SubTexture name="__dbTextures/Symbol 3380/Layer 1_80" x="920" y="292" width="43" height="57"/>
 <SubTexture name="__dbTextures/Symbol 3380/Layer 1_82" x="1452" y="292" width="43" height="57"/>
 <SubTexture name="__dbTextures/Symbol 3380/Layer 1_84" x="1370" y="292" width="43" height="57"/>
 <SubTexture name="__dbTextures/Symbol 3380/Layer 1_86" x="481" y="292" width="43" height="57"/>
 <SubTexture name="__dbTextures/Symbol 3380/Layer 1_88" x="196" y="307" width="43" height="57"/>
 <SubTexture name="__dbTextures/Symbol 3380/Layer 1_90" x="1889" y="292" width="43" height="57"/>
 <SubTexture name="__dbTextures/Symbol 3380/Layer 1_92" x="563" y="292" width="43" height="57"/>
 <SubTexture name="__dbTextures/Symbol 3380/Layer 1_94" x="830" y="292" width="43" height="57"/>
 <SubTexture name="__dbTextures/Symbol 3380/Layer 1_96" x="1616" y="292" width="43" height="57"/>
 <SubTexture name="__dbTextures/Symbol 3380/Layer 1_98" x="2003" y="59" width="43" height="57"/>
 <SubTexture name="__dbTextures/Symbol 3380/Layer 1_100" x="666" y="292" width="43" height="57"/>
 <SubTexture name="__dbTextures/Symbol 3380/Layer 1_102" x="756" y="292" width="43" height="57"/>
 <SubTexture name="__dbTextures/Symbol 3380/Layer 1_104" x="1534" y="292" width="43" height="57"/>
 <SubTexture name="__dbTextures/Symbol 3380/Layer 1_106" x="0" y="305" width="43" height="57"/>
 <SubTexture name="__dbTextures/Symbol 3380/Layer 1_108" x="875" y="292" width="43" height="57"/>
 <SubTexture name="__dbTextures/Symbol 3380/Layer 1_110" x="275" y="294" width="43" height="57"/>
 <SubTexture name="__dbTextures/Symbol 3380/Layer 1_112" x="2003" y="0" width="43" height="57"/>
 <SubTexture name="__dbTextures/Symbol 3380/Layer 1_114" x="1185" y="292" width="43" height="57"/>
 <SubTexture name="__dbTextures/Symbol 3380/Layer 1_116" x="621" y="268" width="43" height="57"/>
 <SubTexture name="__dbTextures/Symbol 3380/Layer 1_118" x="90" y="307" width="43" height="57"/>
 <SubTexture name="__dbTextures/Symbol 3380/Layer 1_120" x="711" y="292" width="43" height="57"/>
 <SubTexture name="__dbTextures/Symbol 3462/Layer 1_2" x="40" y="520" width="42" height="50"/>
 <SubTexture name="__dbTextures/Symbol 3462/Layer 1_4" x="1567" y="499" width="42" height="50"/>
 <SubTexture name="__dbTextures/Symbol 3462/Layer 1_6" x="138" y="527" width="42" height="50"/>
 <SubTexture name="__dbTextures/Symbol 3462/Layer 1_8" x="783" y="501" width="42" height="50"/>
 <SubTexture name="__dbTextures/Symbol 3462/Layer 1_10" x="547" y="519" width="42" height="50"/>
 <SubTexture name="__dbTextures/Symbol 3462/Layer 1_12" x="738" y="519" width="42" height="50"/>
 <SubTexture name="__dbTextures/Symbol 3462/Layer 1_14" x="315" y="410" width="42" height="50"/>
 <SubTexture name="__dbTextures/Symbol 3462/Layer 1_16" x="1881" y="409" width="42" height="50"/>
 <SubTexture name="__dbTextures/Symbol 3462/Layer 1_18" x="1279" y="518" width="42" height="50"/>
 <SubTexture name="__dbTextures/Symbol 3462/Layer 1_20" x="399" y="519" width="42" height="50"/>
 <SubTexture name="__dbTextures/Symbol 3462/Layer 1_22" x="313" y="514" width="42" height="50"/>
 <SubTexture name="__dbTextures/Symbol 3462/Layer 1_24" x="547" y="467" width="42" height="50"/>
 <SubTexture name="__dbTextures/Symbol 3462/Layer 1_26" x="187" y="424" width="42" height="50"/>
 <SubTexture name="__dbTextures/Symbol 3462/Layer 1_28" x="187" y="476" width="42" height="50"/>
 <SubTexture name="__dbTextures/Symbol 3462/Layer 1_30" x="314" y="462" width="42" height="50"/>
 <SubTexture name="__dbTextures/Symbol 3462/Layer 1_32" x="739" y="467" width="42" height="50"/>
 <SubTexture name="__dbTextures/Symbol 3462/Layer 1_34" x="1523" y="462" width="42" height="50"/>
 <SubTexture name="__dbTextures/Symbol 3462/Layer 1_36" x="1519" y="514" width="42" height="50"/>
 <SubTexture name="__dbTextures/Symbol 3462/Layer 1_38" x="1475" y="491" width="42" height="50"/>
 <SubTexture name="__dbTextures/Symbol 3462/Layer 1_40" x="1611" y="462" width="39" height="51"/>
 <SubTexture name="__dbTextures/Symbol 3462/Layer 1_42" x="1726" y="409" width="39" height="51"/>
 <SubTexture name="__dbTextures/Symbol 3462/Layer 1_44" x="231" y="513" width="39" height="51"/>
 <SubTexture name="__dbTextures/Symbol 3462/Layer 1_46" x="358" y="466" width="39" height="51"/>
 <SubTexture name="__dbTextures/Symbol 3462/Layer 1_48" x="273" y="411" width="39" height="51"/>
 <SubTexture name="__dbTextures/Symbol 3462/Layer 1_50" x="1022" y="409" width="39" height="51"/>
 <SubTexture name="__dbTextures/Symbol 3462/Layer 1_52" x="1724" y="462" width="39" height="51"/>
 <SubTexture name="__dbTextures/Symbol 3462/Layer 1_54" x="1020" y="515" width="39" height="51"/>
 <SubTexture name="__dbTextures/Symbol 3462/Layer 1_56" x="1570" y="446" width="39" height="51"/>
 <SubTexture name="__dbTextures/Symbol 3462/Layer 1_58" x="787" y="448" width="39" height="51"/>
 <SubTexture name="__dbTextures/Symbol 3462/Layer 1_60" x="1021" y="462" width="39" height="51"/>
 <SubTexture name="__dbTextures/Symbol 3462/Layer 1_62" x="918" y="467" width="39" height="51"/>
 <SubTexture name="__dbTextures/Symbol 3462/Layer 1_64" x="1529" y="409" width="39" height="51"/>
 <SubTexture name="__dbTextures/Symbol 3462/Layer 1_66" x="359" y="413" width="39" height="51"/>
 <SubTexture name="__dbTextures/Symbol 3462/Layer 1_68" x="1652" y="446" width="39" height="51"/>
 <SubTexture name="__dbTextures/Symbol 3462/Layer 1_70" x="231" y="460" width="39" height="51"/>
 <SubTexture name="__dbTextures/Symbol 3462/Layer 1_72" x="272" y="464" width="39" height="51"/>
 <SubTexture name="__dbTextures/Symbol 3462/Layer 1_74" x="828" y="467" width="39" height="51"/>
 <SubTexture name="__dbTextures/Symbol 3462/Layer 1_76" x="1765" y="484" width="39" height="51"/>
 <SubTexture name="__dbTextures/Symbol 3462/Layer 1_78" x="1652" y="499" width="39" height="51"/>
 <SubTexture name="__dbTextures/Symbol 3462/Layer 1_80" x="1611" y="409" width="39" height="51"/>
 <SubTexture name="__dbTextures/Symbol 3584/Layer 1_2" x="832" y="146" width="80" height="72"/>
 <SubTexture name="__dbTextures/Symbol 3584/Layer 1_4" x="1373" y="147" width="80" height="72"/>
 <SubTexture name="__dbTextures/Symbol 3584/Layer 1_6" x="1914" y="73" width="80" height="72"/>
 <SubTexture name="__dbTextures/Symbol 3584/Layer 1_8" x="278" y="220" width="80" height="72"/>
 <SubTexture name="__dbTextures/Symbol 3584/Layer 1_10" x="668" y="146" width="80" height="72"/>
 <SubTexture name="__dbTextures/Symbol 3584/Layer 1_12" x="1810" y="147" width="80" height="72"/>
 <SubTexture name="__dbTextures/Symbol 3584/Layer 1_14" x="400" y="146" width="80" height="72"/>
 <SubTexture name="__dbTextures/Symbol 3584/Layer 1_16" x="114" y="162" width="80" height="72"/>
 <SubTexture name="__dbTextures/Symbol 3584/Layer 1_18" x="1537" y="147" width="80" height="72"/>
 <SubTexture name="__dbTextures/Symbol 3584/Layer 1_20" x="482" y="146" width="80" height="72"/>
 <SubTexture name="__dbTextures/Symbol 3584/Layer 1_22" x="1811" y="73" width="80" height="72"/>
 <SubTexture name="__dbTextures/Symbol 3584/Layer 1_24" x="750" y="146" width="80" height="72"/>
 <SubTexture name="__dbTextures/Symbol 3584/Layer 1_26" x="1544" y="73" width="80" height="72"/>
 <SubTexture name="__dbTextures/Symbol 3584/Layer 1_28" x="1105" y="146" width="80" height="72"/>
 <SubTexture name="__dbTextures/Symbol 3584/Layer 1_30" x="1455" y="147" width="80" height="72"/>
 <SubTexture name="__dbTextures/Symbol 3584/Layer 1_32" x="1647" y="73" width="80" height="72"/>
 <SubTexture name="__dbTextures/Symbol 3584/Layer 1_34" x="1462" y="73" width="80" height="72"/>
 <SubTexture name="__dbTextures/Symbol 3584/Layer 1_36" x="914" y="146" width="80" height="72"/>
 <SubTexture name="__dbTextures/Symbol 3584/Layer 1_38" x="1291" y="146" width="80" height="72"/>
 <SubTexture name="__dbTextures/Symbol 3584/Layer 1_40" x="196" y="162" width="80" height="72"/>
 <SubTexture name="__dbTextures/Symbol 3584/Layer 1_42" x="1380" y="73" width="80" height="72"/>
 <SubTexture name="__dbTextures/Symbol 3584/Layer 1_44" x="1023" y="146" width="80" height="72"/>
 <SubTexture name="__dbTextures/Symbol 3584/Layer 1_46" x="1728" y="147" width="80" height="72"/>
 <SubTexture name="__dbTextures/Symbol 3584/Layer 1_48" x="1892" y="147" width="80" height="72"/>
 <SubTexture name="__dbTextures/Symbol 3584/Layer 1_50" x="1187" y="146" width="80" height="72"/>
 <SubTexture name="__dbTextures/Symbol 3584/Layer 1_52" x="291" y="146" width="80" height="72"/>
 <SubTexture name="__dbTextures/Symbol 3584/Layer 1_54" x="1619" y="147" width="80" height="72"/>
 <SubTexture name="__dbTextures/Symbol 3584/Layer 1_56" x="564" y="146" width="80" height="72"/>
 <SubTexture name="__dbTextures/Symbol 3584/Layer 1_58" x="1729" y="73" width="80" height="72"/>
 <SubTexture name="__dbTextures/Symbol 3584/Layer 1_60" x="1024" y="73" width="87" height="71"/>
 <SubTexture name="__dbTextures/Symbol 3584/Layer 1_62" x="312" y="0" width="87" height="71"/>
 <SubTexture name="__dbTextures/Symbol 3584/Layer 1_64" x="1647" y="0" width="87" height="71"/>
 <SubTexture name="__dbTextures/Symbol 3584/Layer 1_66" x="935" y="0" width="87" height="71"/>
 <SubTexture name="__dbTextures/Symbol 3584/Layer 1_68" x="1291" y="73" width="87" height="71"/>
 <SubTexture name="__dbTextures/Symbol 3584/Layer 1_70" x="1202" y="0" width="87" height="71"/>
 <SubTexture name="__dbTextures/Symbol 3584/Layer 1_72" x="1024" y="0" width="87" height="71"/>
 <SubTexture name="__dbTextures/Symbol 3584/Layer 1_74" x="668" y="0" width="87" height="71"/>
 <SubTexture name="__dbTextures/Symbol 3584/Layer 1_76" x="935" y="73" width="87" height="71"/>
 <SubTexture name="__dbTextures/Symbol 3584/Layer 1_78" x="1469" y="0" width="87" height="71"/>
 <SubTexture name="__dbTextures/Symbol 3584/Layer 1_80" x="846" y="73" width="87" height="71"/>
 <SubTexture name="__dbTextures/Symbol 3584/Layer 1_82" x="490" y="0" width="87" height="71"/>
 <SubTexture name="__dbTextures/Symbol 3584/Layer 1_84" x="490" y="73" width="87" height="71"/>
 <SubTexture name="__dbTextures/Symbol 3584/Layer 1_86" x="1113" y="0" width="87" height="71"/>
 <SubTexture name="__dbTextures/Symbol 3584/Layer 1_88" x="401" y="0" width="87" height="71"/>
 <SubTexture name="__dbTextures/Symbol 3584/Layer 1_90" x="1380" y="0" width="87" height="71"/>
 <SubTexture name="__dbTextures/Symbol 3584/Layer 1_92" x="668" y="73" width="87" height="71"/>
 <SubTexture name="__dbTextures/Symbol 3584/Layer 1_94" x="1202" y="73" width="87" height="71"/>
 <SubTexture name="__dbTextures/Symbol 3584/Layer 1_96" x="579" y="73" width="87" height="71"/>
 <SubTexture name="__dbTextures/Symbol 3584/Layer 1_98" x="1291" y="0" width="87" height="71"/>
 <SubTexture name="__dbTextures/Symbol 3584/Layer 1_100" x="1825" y="0" width="87" height="71"/>
 <SubTexture name="__dbTextures/Symbol 3584/Layer 1_102" x="312" y="73" width="87" height="71"/>
 <SubTexture name="__dbTextures/Symbol 3584/Layer 1_104" x="579" y="0" width="87" height="71"/>
 <SubTexture name="__dbTextures/Symbol 3584/Layer 1_106" x="1113" y="73" width="87" height="71"/>
 <SubTexture name="__dbTextures/Symbol 3584/Layer 1_108" x="757" y="73" width="87" height="71"/>
 <SubTexture name="__dbTextures/Symbol 3584/Layer 1_110" x="1914" y="0" width="87" height="71"/>
 <SubTexture name="__dbTextures/Symbol 3584/Layer 1_112" x="846" y="0" width="87" height="71"/>
 <SubTexture name="__dbTextures/Symbol 3584/Layer 1_114" x="401" y="73" width="87" height="71"/>
 <SubTexture name="__dbTextures/Symbol 3584/Layer 1_116" x="1558" y="0" width="87" height="71"/>
 <SubTexture name="__dbTextures/Symbol 3584/Layer 1_118" x="1736" y="0" width="87" height="71"/>
 <SubTexture name="__dbTextures/Symbol 3584/Layer 1_120" x="757" y="0" width="87" height="71"/>
 <SubTexture name="__dbTextures/Symbol 3618/Layer 1_1" x="994" y="280" width="27" height="28"/>
 <SubTexture name="__dbTextures/Symbol 3618/Layer 1_2" x="1201" y="351" width="27" height="28"/>
 <SubTexture name="__dbTextures/Symbol 3618/Layer 1_3" x="965" y="328" width="27" height="28"/>
 <SubTexture name="__dbTextures/Symbol 3618/Layer 1_4" x="801" y="328" width="27" height="28"/>
 <SubTexture name="__dbTextures/Symbol 3618/Layer 1_5" x="994" y="310" width="27" height="28"/>
 <SubTexture name="__dbTextures/Symbol 3618/Layer 1_6" x="1201" y="441" width="27" height="28"/>
 <SubTexture name="__dbTextures/Symbol 3618/Layer 1_7" x="801" y="298" width="27" height="28"/>
 <SubTexture name="__dbTextures/Symbol 3618/Layer 1_8" x="1201" y="411" width="27" height="28"/>
 <SubTexture name="__dbTextures/Symbol 3618/Layer 1_9" x="994" y="340" width="27" height="28"/>
 <SubTexture name="__dbTextures/Symbol 3618/Layer 1_10" x="1201" y="381" width="27" height="28"/>
 <SubTexture name="__dbTextures/Symbol 3618/Layer 1_11" x="993" y="370" width="27" height="28"/>
 <SubTexture name="__dbTextures/Symbol 3618/Layer 1_12" x="993" y="400" width="27" height="28"/>
 <SubTexture name="__dbTextures/Symbol 3618/Layer 1_13" x="993" y="430" width="27" height="28"/>
 <SubTexture name="__dbTextures/Symbol 3618/Layer 1_14" x="994" y="250" width="27" height="28"/>
 <SubTexture name="__dbTextures/Symbol 3618/Layer 1_15" x="965" y="298" width="27" height="28"/>
 <SubTexture name="__dbTextures/Symbol 3641/Layer 1_1" x="0" y="849" width="35" height="38"/>
 <SubTexture name="__dbTextures/Symbol 3641/Layer 1_2" x="37" y="852" width="35" height="38"/>
 <SubTexture name="__dbTextures/Symbol 3641/Layer 1_3" x="0" y="809" width="35" height="38"/>
 <SubTexture name="__dbTextures/Symbol 3641/Layer 1_6" x="769" y="802" width="35" height="38"/>
 <SubTexture name="__dbTextures/Symbol 3641/Layer 1_7" x="769" y="842" width="35" height="38"/>
 <SubTexture name="__dbTextures/Symbol 3641/Layer 1_8" x="1838" y="478" width="35" height="38"/>
 <SubTexture name="__dbTextures/Symbol 3641/Layer 1_9" x="173" y="821" width="35" height="38"/>
 <SubTexture name="__dbTextures/Symbol 3641/Layer 1_10" x="173" y="781" width="35" height="38"/>
 <SubTexture name="__dbTextures/Symbol 3641/Layer 1_11" x="1698" y="262" width="28" height="36"/>
 <SubTexture name="__dbTextures/Symbol 3777/Layer 1_2" x="1551" y="725" width="39" height="39"/>
 <SubTexture name="__dbTextures/Symbol 3777/Layer 1_4" x="271" y="599" width="39" height="39"/>
 <SubTexture name="__dbTextures/Symbol 3777/Layer 1_6" x="356" y="601" width="39" height="39"/>
 <SubTexture name="__dbTextures/Symbol 3777/Layer 1_8" x="1510" y="692" width="39" height="39"/>
 <SubTexture name="__dbTextures/Symbol 3777/Layer 1_10" x="356" y="642" width="39" height="39"/>
 <SubTexture name="__dbTextures/Symbol 3777/Layer 1_12" x="1111" y="653" width="39" height="39"/>
 <SubTexture name="__dbTextures/Symbol 3777/Layer 1_14" x="133" y="664" width="39" height="39"/>
 <SubTexture name="__dbTextures/Symbol 3777/Layer 1_16" x="1559" y="643" width="39" height="39"/>
 <SubTexture name="__dbTextures/Symbol 3777/Layer 1_18" x="779" y="641" width="39" height="39"/>
 <SubTexture name="__dbTextures/Symbol 3777/Layer 1_20" x="588" y="627" width="39" height="39"/>
 <SubTexture name="__dbTextures/Symbol 3777/Layer 1_22" x="688" y="651" width="39" height="39"/>
 <SubTexture name="__dbTextures/Symbol 3777/Layer 1_24" x="40" y="657" width="39" height="39"/>
 <SubTexture name="__dbTextures/Symbol 3777/Layer 1_26" x="269" y="640" width="39" height="39"/>
 <SubTexture name="__dbTextures/Symbol 3777/Layer 1_28" x="820" y="649" width="39" height="39"/>
 <SubTexture name="__dbTextures/Symbol 3777/Layer 1_30" x="918" y="520" width="39" height="39"/>
 <SubTexture name="__dbTextures/Symbol 3777/Layer 1_31" x="1111" y="694" width="39" height="39"/>
 <SubTexture name="__dbTextures/Symbol 3777/Layer 1_32" x="1914" y="725" width="39" height="39"/>
 <SubTexture name="__dbTextures/Symbol 3777/Layer 1_33" x="301" y="732" width="39" height="39"/>
 <SubTexture name="__dbTextures/Symbol 3777/Layer 1_34" x="272" y="558" width="39" height="39"/>
 <SubTexture name="__dbTextures/Symbol 3777/Layer 1_36" x="133" y="705" width="39" height="39"/>
 <SubTexture name="__dbTextures/Symbol 3777/Layer 1_38" x="1469" y="672" width="39" height="39"/>
 <SubTexture name="__dbTextures/Symbol 3777/Layer 1_40" x="304" y="691" width="39" height="39"/>
 <SubTexture name="__dbTextures/Symbol 3777/Layer 1_42" x="174" y="702" width="39" height="39"/>
 <SubTexture name="__dbTextures/Symbol 3777/Layer 1_44" x="547" y="656" width="39" height="39"/>
 <SubTexture name="__dbTextures/Symbol 3777/Layer 1_46" x="1922" y="643" width="39" height="39"/>
 <SubTexture name="__dbTextures/Symbol 3777/Layer 1_48" x="1111" y="530" width="39" height="39"/>
 <SubTexture name="__dbTextures/Symbol 3777/Layer 1_50" x="272" y="517" width="39" height="39"/>
 <SubTexture name="__dbTextures/Symbol 3777/Layer 1_52" x="902" y="686" width="39" height="39"/>
 <SubTexture name="__dbTextures/Symbol 3777/Layer 1_54" x="392" y="696" width="39" height="39"/>
 <SubTexture name="__dbTextures/Symbol 3777/Layer 1_56" x="861" y="727" width="39" height="39"/>
 <SubTexture name="__dbTextures/Symbol 3777/Layer 1_58" x="219" y="689" width="39" height="39"/>
 <SubTexture name="__dbTextures/Symbol 3777/Layer 1_60" x="867" y="645" width="39" height="39"/>
 <SubTexture name="__dbTextures/Symbol 3777/Layer 1_62" x="310" y="650" width="39" height="39"/>
 <SubTexture name="__dbTextures/Symbol 3777/Layer 1_64" x="1557" y="684" width="39" height="39"/>
 <SubTexture name="__dbTextures/Symbol 3777/Layer 1_66" x="1920" y="684" width="39" height="39"/>
 <SubTexture name="__dbTextures/Symbol 3777/Layer 1_68" x="1152" y="645" width="39" height="39"/>
 <SubTexture name="__dbTextures/Symbol 3777/Layer 1_70" x="1111" y="612" width="39" height="39"/>
 <SubTexture name="__dbTextures/Symbol 3777/Layer 1_72" x="820" y="690" width="39" height="39"/>
 <SubTexture name="__dbTextures/Symbol 3777/Layer 1_74" x="1518" y="610" width="39" height="39"/>
 <SubTexture name="__dbTextures/Symbol 3777/Layer 1_76" x="222" y="648" width="39" height="39"/>
 <SubTexture name="__dbTextures/Symbol 3777/Layer 1_78" x="178" y="661" width="39" height="39"/>
 <SubTexture name="__dbTextures/Symbol 3777/Layer 1_80" x="1464" y="713" width="39" height="39"/>
 <SubTexture name="__dbTextures/Symbol 3777/Layer 1_82" x="902" y="727" width="39" height="39"/>
 <SubTexture name="__dbTextures/Symbol 3777/Layer 1_84" x="181" y="620" width="39" height="39"/>
 <SubTexture name="__dbTextures/Symbol 3777/Layer 1_86" x="1111" y="571" width="39" height="39"/>
 <SubTexture name="__dbTextures/Symbol 3777/Layer 1_88" x="588" y="709" width="39" height="39"/>
 <SubTexture name="__dbTextures/Symbol 3777/Layer 1_90" x="1152" y="686" width="39" height="39"/>
 <SubTexture name="__dbTextures/Symbol 3777/Layer 1_92" x="260" y="722" width="39" height="39"/>
 <SubTexture name="__dbTextures/Symbol 3777/Layer 1_94" x="1516" y="651" width="39" height="39"/>
 <SubTexture name="__dbTextures/Symbol 3777/Layer 1_96" x="345" y="724" width="39" height="39"/>
 <SubTexture name="__dbTextures/Symbol 3777/Layer 1_98" x="228" y="607" width="39" height="39"/>
 <SubTexture name="__dbTextures/Symbol 3777/Layer 1_99" x="1475" y="631" width="39" height="39"/>
 <SubTexture name="__dbTextures/Symbol 3777/Layer 1_100" x="351" y="683" width="39" height="39"/>
 <SubTexture name="__dbTextures/Symbol 3777/Layer 1_101" x="1611" y="515" width="39" height="39"/>
 <SubTexture name="__dbTextures/Symbol 3777/Layer 1_102" x="1152" y="727" width="39" height="39"/>
 <SubTexture name="__dbTextures/Symbol 3777/Layer 1_104" x="588" y="668" width="39" height="39"/>
 <SubTexture name="__dbTextures/Symbol 3777/Layer 1_106" x="137" y="623" width="39" height="39"/>
 <SubTexture name="__dbTextures/Symbol 3777/Layer 1_108" x="230" y="566" width="39" height="39"/>
 <SubTexture name="__dbTextures/Symbol 3777/Layer 1_110" x="397" y="655" width="39" height="39"/>
 <SubTexture name="__dbTextures/Symbol 3777/Layer 1_112" x="908" y="645" width="39" height="39"/>
 <SubTexture name="__dbTextures/Symbol 3777/Layer 1_114" x="861" y="686" width="39" height="39"/>
 <SubTexture name="__dbTextures/Symbol 3777/Layer 1_116" x="547" y="615" width="39" height="39"/>
 <SubTexture name="__dbTextures/Symbol 3777/Layer 1_118" x="357" y="560" width="39" height="39"/>
 <SubTexture name="__dbTextures/Symbol 3777/Layer 1_120" x="779" y="682" width="39" height="39"/>
 <SubTexture name="__dbTextures/Symbol 3777/Layer 1_122" x="681" y="692" width="39" height="39"/>
 <SubTexture name="__dbTextures/Symbol 3777/Layer 1_124" x="813" y="731" width="39" height="39"/>
 <SubTexture name="__dbTextures/Symbol 3777/Layer 1_126" x="547" y="697" width="39" height="39"/>
 <SubTexture name="__dbTextures/Symbol 3777/Layer 1_128" x="40" y="616" width="39" height="39"/>
 <SubTexture name="__dbTextures/Symbol 3777/Layer 1_130" x="772" y="723" width="39" height="39"/>
 <SubTexture name="__dbTextures/Symbol 3777/Layer 1_132" x="263" y="681" width="39" height="39"/>
 <SubTexture name="__dbTextures/Symbol 3777/Layer 1_134" x="40" y="698" width="39" height="39"/>
 <SubTexture name="__dbTextures/Symbol 3777/Layer 1_136" x="215" y="730" width="39" height="39"/>
 <SubTexture name="__dbTextures/Symbol 3909/Layer 1_2" x="1279" y="414" width="47" height="50"/>
 <SubTexture name="__dbTextures/Symbol 3909/Layer 1_4" x="1926" y="395" width="47" height="50"/>
 <SubTexture name="__dbTextures/Symbol 3909/Layer 1_6" x="600" y="379" width="47" height="50"/>
 <SubTexture name="__dbTextures/Symbol 3909/Layer 1_8" x="454" y="351" width="47" height="50"/>
 <SubTexture name="__dbTextures/Symbol 3909/Layer 1_10" x="448" y="507" width="47" height="50"/>
 <SubTexture name="__dbTextures/Symbol 3909/Layer 1_12" x="1924" y="499" width="47" height="50"/>
 <SubTexture name="__dbTextures/Symbol 3909/Layer 1_14" x="1063" y="455" width="47" height="50"/>
 <SubTexture name="__dbTextures/Symbol 3909/Layer 1_16" x="1279" y="362" width="47" height="50"/>
 <SubTexture name="__dbTextures/Symbol 3909/Layer 1_18" x="498" y="440" width="47" height="50"/>
 <SubTexture name="__dbTextures/Symbol 3909/Layer 1_20" x="1983" y="347" width="47" height="50"/>
 <SubTexture name="__dbTextures/Symbol 3909/Layer 1_22" x="1925" y="447" width="47" height="50"/>
 <SubTexture name="__dbTextures/Symbol 3909/Layer 1_24" x="608" y="327" width="47" height="50"/>
 <SubTexture name="__dbTextures/Symbol 3909/Layer 1_26" x="1391" y="388" width="47" height="50"/>
 <SubTexture name="__dbTextures/Symbol 3909/Layer 1_28" x="1328" y="455" width="47" height="50"/>
 <SubTexture name="__dbTextures/Symbol 3909/Layer 1_30" x="1152" y="403" width="47" height="50"/>
 <SubTexture name="__dbTextures/Symbol 3909/Layer 1_32" x="1062" y="507" width="47" height="50"/>
 <SubTexture name="__dbTextures/Symbol 3909/Layer 1_33" x="89" y="418" width="47" height="50"/>
 <SubTexture name="__dbTextures/Symbol 3909/Layer 1_34" x="1934" y="343" width="47" height="50"/>
 <SubTexture name="__dbTextures/Symbol 3909/Layer 1_35" x="400" y="363" width="47" height="50"/>
 <SubTexture name="__dbTextures/Symbol 3909/Layer 1_37" x="449" y="403" width="47" height="50"/>
 <SubTexture name="__dbTextures/Symbol 3909/Layer 1_39" x="138" y="423" width="47" height="50"/>
 <SubTexture name="__dbTextures/Symbol 3909/Layer 1_41" x="1152" y="455" width="47" height="50"/>
 <SubTexture name="__dbTextures/Symbol 3909/Layer 1_43" x="1377" y="492" width="47" height="50"/>
 <SubTexture name="__dbTextures/Symbol 3909/Layer 1_45" x="1342" y="351" width="47" height="50"/>
 <SubTexture name="__dbTextures/Symbol 3909/Layer 1_47" x="1152" y="351" width="47" height="50"/>
 <SubTexture name="__dbTextures/Symbol 3909/Layer 1_49" x="40" y="364" width="47" height="50"/>
 <SubTexture name="__dbTextures/Symbol 3909/Layer 1_51" x="649" y="403" width="47" height="50"/>
 <SubTexture name="__dbTextures/Symbol 3909/Layer 1_53" x="1279" y="466" width="47" height="50"/>
 <SubTexture name="__dbTextures/Symbol 3909/Layer 1_55" x="1230" y="483" width="47" height="50"/>
 <SubTexture name="__dbTextures/Symbol 3909/Layer 1_57" x="1230" y="379" width="47" height="50"/>
 <SubTexture name="__dbTextures/Symbol 3909/Layer 1_59" x="498" y="492" width="47" height="50"/>
 <SubTexture name="__dbTextures/Symbol 3909/Layer 1_61" x="1440" y="409" width="47" height="50"/>
 <SubTexture name="__dbTextures/Symbol 3909/Layer 1_63" x="1328" y="507" width="47" height="50"/>
 <SubTexture name="__dbTextures/Symbol 3909/Layer 1_65" x="1973" y="503" width="47" height="50"/>
 <SubTexture name="__dbTextures/Symbol 3909/Layer 1_68" x="1426" y="461" width="47" height="50"/>
 <SubTexture name="__dbTextures/Symbol 3909/Layer 1_70" x="1377" y="440" width="47" height="50"/>
 <SubTexture name="__dbTextures/Symbol 3909/Layer 1_72" x="1328" y="403" width="47" height="50"/>
 <SubTexture name="__dbTextures/Symbol 3909/Layer 1_74" x="89" y="366" width="47" height="50"/>
 <SubTexture name="__dbTextures/Symbol 3909/Layer 1_76" x="1063" y="351" width="47" height="50"/>
 <SubTexture name="__dbTextures/Symbol 3909/Layer 1_78" x="1230" y="327" width="47" height="50"/>
 <SubTexture name="__dbTextures/Symbol 3909/Layer 1_80" x="592" y="431" width="47" height="50"/>
 <SubTexture name="__dbTextures/Symbol 3909/Layer 1_82" x="400" y="415" width="47" height="50"/>
 <SubTexture name="__dbTextures/Symbol 3909/Layer 1_84" x="870" y="351" width="47" height="50"/>
 <SubTexture name="__dbTextures/Symbol 3909/Layer 1_86" x="591" y="483" width="47" height="50"/>
 <SubTexture name="__dbTextures/Symbol 3909/Layer 1_88" x="399" y="467" width="47" height="50"/>
 <SubTexture name="__dbTextures/Symbol 3909/Layer 1_90" x="690" y="455" width="47" height="50"/>
 <SubTexture name="__dbTextures/Symbol 3909/Layer 1_92" x="870" y="403" width="47" height="50"/>
 <SubTexture name="__dbTextures/Symbol 3909/Layer 1_94" x="1875" y="513" width="47" height="50"/>
 <SubTexture name="__dbTextures/Symbol 3909/Layer 1_96" x="40" y="416" width="47" height="50"/>
 <SubTexture name="__dbTextures/Symbol 3909/Layer 1_98" x="1426" y="513" width="47" height="50"/>
 <SubTexture name="__dbTextures/Symbol 3909/Layer 1_100" x="40" y="468" width="47" height="50"/>
 <SubTexture name="__dbTextures/Symbol 3909/Layer 1_101" x="1063" y="403" width="47" height="50"/>
 <SubTexture name="__dbTextures/Symbol 3909/Layer 1_102" x="706" y="351" width="47" height="50"/>
 <SubTexture name="__dbTextures/Symbol 3909/Layer 1_104" x="1875" y="461" width="47" height="50"/>
 <SubTexture name="__dbTextures/Symbol 3909/Layer 1_106" x="1975" y="399" width="47" height="50"/>
 <SubTexture name="__dbTextures/Symbol 3909/Layer 1_108" x="138" y="371" width="47" height="50"/>
 <SubTexture name="__dbTextures/Symbol 3909/Layer 1_110" x="449" y="455" width="47" height="50"/>
 <SubTexture name="__dbTextures/Symbol 3909/Layer 1_112" x="657" y="351" width="47" height="50"/>
 <SubTexture name="__dbTextures/Symbol 3909/Layer 1_114" x="89" y="470" width="47" height="50"/>
 <SubTexture name="__dbTextures/Symbol 3909/Layer 1_116" x="689" y="507" width="47" height="50"/>
 <SubTexture name="__dbTextures/Symbol 3909/Layer 1_118" x="503" y="388" width="47" height="50"/>
 <SubTexture name="__dbTextures/Symbol 3909/Layer 1_120" x="698" y="403" width="47" height="50"/>
 <SubTexture name="__dbTextures/Symbol 3909/Layer 1_122" x="1230" y="431" width="47" height="50"/>
 <SubTexture name="__dbTextures/Symbol 3909/Layer 1_124" x="1974" y="451" width="47" height="50"/>
 <SubTexture name="__dbTextures/Symbol 3909/Layer 1_126" x="641" y="455" width="47" height="50"/>
 <SubTexture name="__dbTextures/Symbol 3909/Layer 1_128" x="869" y="455" width="47" height="50"/>
 <SubTexture name="__dbTextures/Symbol 3909/Layer 1_130" x="138" y="475" width="47" height="50"/>
 <SubTexture name="__dbTextures/Symbol 3909/Layer 1_132" x="640" y="507" width="47" height="50"/>
 <SubTexture name="__dbTextures/Symbol 3909/Layer 1_134" x="869" y="507" width="47" height="50"/>
 <SubTexture name="__dbTextures/Symbol 3909/Layer 1_136" x="1152" y="507" width="47" height="50"/>
 <SubTexture name="__dbTextures/Symbol 3916/Layer 1_1" x="1626" y="73" width="19" height="23"/>
 <SubTexture name="__dbTextures/Symbol 3916/Layer 1_2" x="1893" y="73" width="19" height="23"/>
 <SubTexture name="__dbTextures/Symbol 3925/Layer 1_1" x="889" y="220" width="21" height="26"/>
 <SubTexture name="__dbTextures/Symbol 3925/Layer 1_2" x="1266" y="228" width="21" height="26"/>
 <SubTexture name="__dbTextures/Symbol 3959/Layer 1_1" x="841" y="912" width="34" height="33"/>
 <SubTexture name="__dbTextures/Symbol 3959/Layer 1_2" x="324" y="910" width="34" height="33"/>
 <SubTexture name="__dbTextures/Symbol 3959/Layer 1_3" x="1764" y="901" width="34" height="33"/>
 <SubTexture name="__dbTextures/Symbol 3959/Layer 1_4" x="70" y="913" width="34" height="33"/>
 <SubTexture name="__dbTextures/Symbol 3959/Layer 1_5" x="1008" y="909" width="34" height="33"/>
 <SubTexture name="__dbTextures/Symbol 3959/Layer 1_6" x="1587" y="902" width="34" height="33"/>
 <SubTexture name="__dbTextures/Symbol 3959/Layer 1_7" x="385" y="901" width="34" height="33"/>
 <SubTexture name="__dbTextures/Symbol 3959/Layer 1_8" x="601" y="909" width="34" height="33"/>
 <SubTexture name="__dbTextures/Symbol 3959/Layer 1_9" x="1272" y="904" width="34" height="33"/>
 <SubTexture name="__dbTextures/Symbol 3959/Layer 1_10" x="877" y="912" width="34" height="33"/>
 <SubTexture name="__dbTextures/Symbol 3959/Layer 1_11" x="1670" y="904" width="34" height="33"/>
 <SubTexture name="__dbTextures/Symbol 3959/Layer 1_12" x="1044" y="909" width="34" height="33"/>
 <SubTexture name="__dbTextures/Symbol 3959/Layer 1_13" x="421" y="904" width="34" height="33"/>
 <SubTexture name="__dbTextures/Symbol 3959/Layer 1_14" x="1527" y="909" width="34" height="33"/>
</TextureAtlas>