<root name="Training_6_mc" isGlobal="0" frameRate="30" version="3.0">
 <armature name="Training_6_mc">
  <skin name="default">
   <slot name="Layer 1" z="0" parent="Layer 1">
    <display name="Shape/shape 5191" type="image">
     <transform scX="1" x="0" scY="1" y="0" pX="42" pY="21" skX="0" skY="0"/>
    </display>
    <display name="Shape/shape 5193" type="image">
     <transform scX="1" x="0" scY="1" y="0" pX="42" pY="21" skX="0" skY="0"/>
    </display>
    <display name="Shape/shape 5195" type="image">
     <transform scX="1" x="0" scY="1" y="0" pX="42" pY="21" skX="0" skY="0"/>
    </display>
    <display name="Shape/shape 5197" type="image">
     <transform scX="1" x="0" scY="1" y="0" pX="42" pY="21" skX="0" skY="0"/>
    </display>
    <display name="Shape/shape 5199" type="image">
     <transform scX="1" x="0" scY="1" y="0" pX="42" pY="21" skX="0" skY="0"/>
    </display>
    <display name="Shape/shape 5201" type="image">
     <transform scX="1" x="0" scY="1" y="0" pX="42" pY="21" skX="0" skY="0"/>
    </display>
    <display name="Shape/shape 5204" type="image">
     <transform scX="1" x="0" scY="1" y="0" pX="42" pY="21" skX="0" skY="0"/>
    </display>
    <display name="Shape/shape 5206" type="image">
     <transform scX="1" x="0" scY="1" y="0" pX="42" pY="21" skX="0" skY="0"/>
    </display>
    <display name="Shape/shape 5208" type="image">
     <transform scX="1" x="0" scY="1" y="0" pX="42" pY="21" skX="0" skY="0"/>
    </display>
    <display name="Shape/shape 5210" type="image">
     <transform scX="1" x="0" scY="1" y="0" pX="42" pY="21" skX="0" skY="0"/>
    </display>
    <display name="Shape/shape 5212" type="image">
     <transform scX="1" x="0" scY="1" y="0" pX="42" pY="21" skX="0" skY="0"/>
    </display>
    <display name="Shape/shape 5214" type="image">
     <transform scX="1" x="0" scY="1" y="0" pX="42" pY="21" skX="0" skY="0"/>
    </display>
    <display name="Shape/shape 5216" type="image">
     <transform scX="1" x="0" scY="1" y="0" pX="42" pY="21" skX="0" skY="0"/>
    </display>
    <display name="Shape/shape 5218" type="image">
     <transform scX="1" x="0" scY="1" y="0" pX="42" pY="21" skX="0" skY="0"/>
    </display>
    <display name="Shape/shape 5220" type="image">
     <transform scX="1" x="0" scY="1" y="0" pX="42" pY="21" skX="0" skY="0"/>
    </display>
   </slot>
   <slot name="Layer 2" z="1" parent="Layer 2">
    <display name="__dbTextures/Training_6_mc/Layer 2_5" type="image">
     <transform scX="1" x="-7.25" scY="1" y="-3.8" pX="0" pY="0" skX="0" skY="0"/>
    </display>
    <display name="__dbTextures/Training_6_mc/Layer 2_9" type="image">
     <transform scX="1" x="-23.6" scY="1" y="-12.35" pX="0" pY="0" skX="0" skY="0"/>
    </display>
    <display name="__dbTextures/Training_6_mc/Layer 2_11" type="image">
     <transform scX="1" x="-23.35" scY="1" y="-12.2" pX="0" pY="0" skX="0" skY="0"/>
    </display>
    <display name="补间 24" type="image">
     <transform scX="1" x="0" scY="1" y="0" pX="23.35" pY="12.2" skX="0" skY="0"/>
    </display>
    <display name="补间 25" type="image">
     <transform scX="1" x="0" scY="1" y="0" pX="23.6" pY="12.35" skX="0" skY="0"/>
    </display>
    <display name="补间 26" type="image">
     <transform scX="1" x="0" scY="1" y="0" pX="23.35" pY="12.2" skX="0" skY="0"/>
    </display>
   </slot>
  </skin>
  <bone name="Layer 1">
   <transform scX="1" x="10" skX="0" scY="1" y="2" skY="0"/>
  </bone>
  <bone name="Layer 2">
   <transform scX="1" x="-18.25" skX="0" scY="1" y="10.9" skY="0"/>
  </bone>
  <animation fadeInTime="0.3" scale="1" loop="1" autoTween="NaN" name="Training_6_mc" duration="27" tweenEasing="NaN">
   <timeline pX="0" name="Layer 1" pY="0" scale="1" offset="0">
    <frame z="0" duration="1">
     <transform scX="1" x="0" scY="1" y="0" pX="0" pY="0" skX="0" skY="0"/>
    </frame>
    <frame displayIndex="1" z="0" duration="1">
     <transform scX="1" x="0" scY="1" y="0" pX="0" pY="0" skX="0" skY="0"/>
    </frame>
    <frame displayIndex="2" z="0" duration="1">
     <transform scX="1" x="0" scY="1" y="0" pX="0" pY="0" skX="0" skY="0"/>
    </frame>
    <frame displayIndex="3" z="0" duration="1">
     <transform scX="1" x="0" scY="1" y="0" pX="0" pY="0" skX="0" skY="0"/>
    </frame>
    <frame displayIndex="4" z="0" duration="1">
     <transform scX="1" x="0" scY="1" y="0" pX="0" pY="0" skX="0" skY="0"/>
    </frame>
    <frame displayIndex="5" z="0" duration="1">
     <transform scX="1" x="0" scY="1" y="0" pX="0" pY="0" skX="0" skY="0"/>
    </frame>
    <frame displayIndex="6" z="0" duration="1">
     <transform scX="1" x="0" scY="1" y="0" pX="0" pY="0" skX="0" skY="0"/>
    </frame>
    <frame displayIndex="7" z="0" duration="1">
     <transform scX="1" x="0" scY="1" y="0" pX="0" pY="0" skX="0" skY="0"/>
    </frame>
    <frame displayIndex="8" z="0" duration="1">
     <transform scX="1" x="0" scY="1" y="0" pX="0" pY="0" skX="0" skY="0"/>
    </frame>
    <frame displayIndex="9" z="0" duration="1">
     <transform scX="1" x="0" scY="1" y="0" pX="0" pY="0" skX="0" skY="0"/>
    </frame>
    <frame displayIndex="10" z="0" duration="1">
     <transform scX="1" x="0" scY="1" y="0" pX="0" pY="0" skX="0" skY="0"/>
    </frame>
    <frame displayIndex="11" z="0" duration="3">
     <transform scX="1" x="0" scY="1" y="0" pX="0" pY="0" skX="0" skY="0"/>
    </frame>
    <frame displayIndex="10" z="0" duration="2">
     <transform scX="1" x="0" scY="1" y="0" pX="0" pY="0" skX="0" skY="0"/>
    </frame>
    <frame displayIndex="9" z="0" duration="3">
     <transform scX="1" x="0" scY="1" y="0" pX="0" pY="0" skX="0" skY="0"/>
    </frame>
    <frame displayIndex="10" z="0" duration="2">
     <transform scX="1" x="0" scY="1" y="0" pX="0" pY="0" skX="0" skY="0"/>
    </frame>
    <frame displayIndex="11" z="0" duration="2">
     <transform scX="1" x="0" scY="1" y="0" pX="0" pY="0" skX="0" skY="0"/>
    </frame>
    <frame displayIndex="12" z="0" duration="1">
     <transform scX="1" x="0" scY="1" y="0" pX="0" pY="0" skX="0" skY="0"/>
    </frame>
    <frame displayIndex="13" z="0" duration="1">
     <transform scX="1" x="0" scY="1" y="0" pX="0" pY="0" skX="0" skY="0"/>
    </frame>
    <frame displayIndex="14" z="0" duration="1">
     <transform scX="1" x="0" scY="1" y="0" pX="0" pY="0" skX="0" skY="0"/>
    </frame>
    <frame displayIndex="14" z="0" duration="1">
     <transform scX="1" x="0" scY="1" y="0" pX="0" pY="0" skX="0" skY="0"/>
    </frame>
   </timeline>
   <timeline pX="0" name="Layer 2" pY="0" scale="1" offset="0">
    <frame displayIndex="-1" duration="5"/>
    <frame z="0" duration="4" tweenEasing="0">
     <transform scX="1" x="0" scY="1" y="0" pX="0" pY="0" skX="0" skY="0"/>
    </frame>
    <frame z="0" displayIndex="1" duration="2" tweenEasing="0">
     <transform scX="1" x="21.75" scY="1" y="-14.05" pX="0" pY="0" skX="0" skY="0"/>
    </frame>
    <frame z="0" displayIndex="2" duration="1" tweenEasing="NaN">
     <transform scX="1" x="19.95" scY="1" y="-11.950000000000001" pX="0" pY="0" skX="0" skY="0"/>
    </frame>
    <frame z="0" displayIndex="3" duration="5" tweenEasing="0">
     <transform scX="1" x="19.95" scY="1" y="-11.9" pX="0" pY="0" skX="0" skY="0"/>
    </frame>
    <frame z="0" displayIndex="4" duration="5" tweenEasing="0">
     <transform scX="1" x="21.75" scY="1" y="-14" pX="0" pY="0" skX="0" skY="0"/>
    </frame>
    <frame displayIndex="5" z="0" duration="1">
     <transform scX="1" x="19.95" scY="1" y="-11.9" pX="0" pY="0" skX="0" skY="0"/>
    </frame>
    <frame displayIndex="-1" duration="4"/>
   </timeline>
  </animation>
 </armature>
</root>