<TextureAtlas name="Training_6_mc" imagePath="texture.png">
 <SubTexture name="Shape/shape 5191" x="0" y="0" width="84" height="43"/>
 <SubTexture name="Shape/shape 5193" x="0" y="88" width="84" height="43"/>
 <SubTexture name="Shape/shape 5195" x="85" y="0" width="84" height="43"/>
 <SubTexture name="Shape/shape 5197" x="85" y="176" width="84" height="43"/>
 <SubTexture name="Shape/shape 5199" x="0" y="44" width="84" height="43"/>
 <SubTexture name="Shape/shape 5201" x="0" y="176" width="84" height="43"/>
 <SubTexture name="Shape/shape 5204" x="170" y="44" width="84" height="43"/>
 <SubTexture name="Shape/shape 5206" x="170" y="0" width="84" height="43"/>
 <SubTexture name="Shape/shape 5208" x="170" y="132" width="84" height="43"/>
 <SubTexture name="Shape/shape 5210" x="0" y="132" width="84" height="43"/>
 <SubTexture name="Shape/shape 5212" x="170" y="176" width="84" height="43"/>
 <SubTexture name="Shape/shape 5214" x="85" y="44" width="84" height="43"/>
 <SubTexture name="Shape/shape 5216" x="85" y="132" width="84" height="43"/>
 <SubTexture name="Shape/shape 5218" x="170" y="88" width="84" height="43"/>
 <SubTexture name="Shape/shape 5220" x="85" y="88" width="84" height="43"/>
 <SubTexture name="__dbTextures/Training_6_mc/Layer 2_5" x="49" y="220" width="15" height="8"/>
 <SubTexture name="__dbTextures/Training_6_mc/Layer 2_9" x="0" y="220" width="48" height="25"/>
 <SubTexture name="__dbTextures/Training_6_mc/Layer 2_11" x="162" y="220" width="47" height="25"/>
 <SubTexture name="补间 24" x="114" y="220" width="47" height="25"/>
 <SubTexture name="补间 25" x="65" y="220" width="48" height="25"/>
 <SubTexture name="补间 26" x="0" y="246" width="47" height="25"/>
</TextureAtlas>