<root name="Level3_mc" isGlobal="0" frameRate="30" version="3.0">
 <armature name="Level3_mc">
  <skin name="default">
   <slot name="map" z="0" parent="map">
    <display name="Shape/shape 9473" type="image">
     <transform scX="1" x="0" scY="1" y="0" pX="20" pY="2" skX="0" skY="0"/>
    </display>
   </slot>
   <slot name="place1" z="1" parent="place1">
    <display name="case" type="image">
     <transform scX="1" x="0" scY="1" y="0" pX="25" pY="25" skX="0" skY="0"/>
    </display>
   </slot>
   <slot name="place2" z="2" parent="place2">
    <display name="case" type="image">
     <transform scX="1" x="0" scY="1" y="0" pX="25" pY="25" skX="0" skY="0"/>
    </display>
   </slot>
   <slot name="place3" z="3" parent="place3">
    <display name="case" type="image">
     <transform scX="1" x="0" scY="1" y="0" pX="25" pY="25" skX="0" skY="0"/>
    </display>
   </slot>
   <slot name="place4" z="4" parent="place4">
    <display name="case" type="image">
     <transform scX="1" x="0" scY="1" y="0" pX="25" pY="25" skX="0" skY="0"/>
    </display>
   </slot>
   <slot name="place6" z="5" parent="place6">
    <display name="case" type="image">
     <transform scX="1" x="0" scY="1" y="0" pX="25" pY="25" skX="0" skY="0"/>
    </display>
   </slot>
   <slot name="place5" z="6" parent="place5">
    <display name="case" type="image">
     <transform scX="1" x="0" scY="1" y="0" pX="25" pY="25" skX="0" skY="0"/>
    </display>
   </slot>
   <slot name="place7" z="7" parent="place7">
    <display name="case" type="image">
     <transform scX="1" x="0" scY="1" y="0" pX="25" pY="25" skX="0" skY="0"/>
    </display>
   </slot>
   <slot name="place8" z="8" parent="place8">
    <display name="case" type="image">
     <transform scX="1" x="0" scY="1" y="0" pX="25" pY="25" skX="0" skY="0"/>
    </display>
   </slot>
   <slot name="flag2" z="9" parent="flag2">
    <display name="case" type="image">
     <transform scX="1" x="0" scY="1" y="0" pX="25" pY="25" skX="0" skY="0"/>
    </display>
   </slot>
   <slot name="flag1" z="10" parent="flag1">
    <display name="case" type="image">
     <transform scX="1" x="0" scY="1" y="0" pX="25" pY="25" skX="0" skY="0"/>
    </display>
   </slot>
   <slot name="pointer1" z="11" parent="pointer1">
    <display name="case" type="image">
     <transform scX="1" x="0" scY="1" y="0" pX="25" pY="25" skX="0" skY="0"/>
    </display>
   </slot>
   <slot name="pointer2" z="12" parent="pointer2">
    <display name="case" type="image">
     <transform scX="1" x="0" scY="1" y="0" pX="25" pY="25" skX="0" skY="0"/>
    </display>
   </slot>
   <slot name="pumpkin1Case" z="13" parent="pumpkin1Case">
    <display name="case" type="image">
     <transform scX="1" x="0" scY="1" y="0" pX="25" pY="25" skX="0" skY="0"/>
    </display>
   </slot>
   <slot name="pumpkin2Case" z="14" parent="pumpkin2Case">
    <display name="case" type="image">
     <transform scX="1" x="0" scY="1" y="0" pX="25" pY="25" skX="0" skY="0"/>
    </display>
   </slot>
   <slot name="pumpkin3Case" z="15" parent="pumpkin3Case">
    <display name="case" type="image">
     <transform scX="1" x="0" scY="1" y="0" pX="25" pY="25" skX="0" skY="0"/>
    </display>
   </slot>
  </skin>
  <bone name="place8">
   <transform scX="1.52" x="731" skX="0" scY="0.83" y="318" skY="0"/>
  </bone>
  <bone name="place1">
   <transform scX="1.52" x="91" skX="0" scY="0.82" y="216" skY="0"/>
  </bone>
  <bone name="place2">
   <transform scX="1.52" x="287" skX="0" scY="0.83" y="178" skY="0"/>
  </bone>
  <bone name="place3">
   <transform scX="1.52" x="460" skX="0" scY="0.82" y="275" skY="0"/>
  </bone>
  <bone name="place4">
   <transform scX="1.52" x="133" skX="0" scY="0.83" y="389" skY="0"/>
  </bone>
  <bone name="place6">
   <transform scX="1.52" x="348" skX="0" scY="0.83" y="430" skY="0"/>
  </bone>
  <bone name="place5">
   <transform scX="1.52" x="207" skX="0" scY="0.83" y="479" skY="0"/>
  </bone>
  <bone name="place7">
   <transform scX="1.52" x="616" skX="0" scY="0.82" y="443" skY="0"/>
  </bone>
  <bone name="map">
   <transform scX="1" x="0" skX="0" scY="1" y="0" skY="0"/>
  </bone>
  <bone name="flag2">
   <transform scX="0.48" x="778" skX="0" scY="0.64" y="231" skY="0"/>
  </bone>
  <bone name="flag1">
   <transform scX="0.48" x="778" skX="0" scY="0.64" y="292" skY="0"/>
  </bone>
  <bone name="pointer1">
   <transform scX="1" x="51.3" skX="0" scY="1" y="166.5" skY="0"/>
  </bone>
  <bone name="pointer2">
   <transform scX="1" x="51.3" skX="0" scY="1" y="431.55" skY="0"/>
  </bone>
  <bone name="pumpkin1Case">
   <transform scX="0.53" x="489.65" skX="0" scY="0.65" y="84.85" skY="0"/>
  </bone>
  <bone name="pumpkin2Case">
   <transform scX="0.53" x="556.75" skX="0" scY="0.65" y="88" skY="0"/>
  </bone>
  <bone name="pumpkin3Case">
   <transform scX="0.53" x="610.8" skX="0" scY="0.65" y="106.75" skY="0"/>
  </bone>
  <animation fadeInTime="0.3" scale="1" loop="1" autoTween="NaN" name="Level3_mc" duration="1" tweenEasing="NaN">
   <timeline pX="0" name="map" pY="0" scale="1" offset="0">
    <frame z="0" duration="1">
     <transform scX="1" x="0" scY="1" y="0" pX="0" pY="0" skX="0" skY="0"/>
    </frame>
   </timeline>
   <timeline pX="0" name="place1" pY="0" scale="1" offset="0">
    <frame z="0" duration="1">
     <transform scX="1" x="0" scY="1" y="0" pX="0" pY="0" skX="0" skY="0"/>
    </frame>
   </timeline>
   <timeline pX="0" name="place2" pY="0" scale="1" offset="0">
    <frame z="0" duration="1">
     <transform scX="1" x="0" scY="1" y="0" pX="0" pY="0" skX="0" skY="0"/>
    </frame>
   </timeline>
   <timeline pX="0" name="place3" pY="0" scale="1" offset="0">
    <frame z="0" duration="1">
     <transform scX="1" x="0" scY="1" y="0" pX="0" pY="0" skX="0" skY="0"/>
    </frame>
   </timeline>
   <timeline pX="0" name="place4" pY="0" scale="1" offset="0">
    <frame z="0" duration="1">
     <transform scX="1" x="0" scY="1" y="0" pX="0" pY="0" skX="0" skY="0"/>
    </frame>
   </timeline>
   <timeline pX="0" name="place6" pY="0" scale="1" offset="0">
    <frame z="0" duration="1">
     <transform scX="1" x="0" scY="1" y="0" pX="0" pY="0" skX="0" skY="0"/>
    </frame>
   </timeline>
   <timeline pX="0" name="place5" pY="0" scale="1" offset="0">
    <frame z="0" duration="1">
     <transform scX="1" x="0" scY="1" y="0" pX="0" pY="0" skX="0" skY="0"/>
    </frame>
   </timeline>
   <timeline pX="0" name="place7" pY="0" scale="1" offset="0">
    <frame z="0" duration="1">
     <transform scX="1" x="0" scY="1" y="0" pX="0" pY="0" skX="0" skY="0"/>
    </frame>
   </timeline>
   <timeline pX="0" name="place8" pY="0" scale="1" offset="0">
    <frame z="0" duration="1">
     <transform scX="1" x="0" scY="1" y="0" pX="0" pY="0" skX="0" skY="0"/>
    </frame>
   </timeline>
   <timeline pX="0" name="flag2" pY="0" scale="1" offset="0">
    <frame z="0" duration="1">
     <transform scX="1" x="0" scY="1" y="0" pX="0" pY="0" skX="0" skY="0"/>
    </frame>
   </timeline>
   <timeline pX="0" name="flag1" pY="0" scale="1" offset="0">
    <frame z="0" duration="1">
     <transform scX="1" x="0" scY="1" y="0" pX="0" pY="0" skX="0" skY="0"/>
    </frame>
   </timeline>
   <timeline pX="0" name="pointer1" pY="0" scale="1" offset="0">
    <frame z="0" duration="1">
     <transform scX="1" x="0" scY="1" y="0" pX="0" pY="0" skX="0" skY="0"/>
    </frame>
   </timeline>
   <timeline pX="0" name="pointer2" pY="0" scale="1" offset="0">
    <frame z="0" duration="1">
     <transform scX="1" x="0" scY="1" y="0" pX="0" pY="0" skX="0" skY="0"/>
    </frame>
   </timeline>
   <timeline pX="0" name="pumpkin1Case" pY="0" scale="1" offset="0">
    <frame z="0" duration="1">
     <transform scX="1" x="0" scY="1" y="0" pX="0" pY="0" skX="0" skY="0"/>
    </frame>
   </timeline>
   <timeline pX="0" name="pumpkin2Case" pY="0" scale="1" offset="0">
    <frame z="0" duration="1">
     <transform scX="1" x="0" scY="1" y="0" pX="0" pY="0" skX="0" skY="0"/>
    </frame>
   </timeline>
   <timeline pX="0" name="pumpkin3Case" pY="0" scale="1" offset="0">
    <frame z="0" duration="1">
     <transform scX="1" x="0" scY="1" y="0" pX="0" pY="0" skX="0" skY="0"/>
    </frame>
   </timeline>
  </animation>
 </armature>
</root>