<root name="Unit29_mc" isGlobal="0" frameRate="30" version="3.0">
 <armature name="Unit29_mc">
  <skin name="default">
   <slot name="dust4" z="0" parent="dust4">
    <display name="dust4" type="image">
     <transform scX="1" x="0" scY="1" y="0" pX="25" pY="25" skX="0" skY="0"/>
    </display>
   </slot>
   <slot name="selectUnit" z="1" parent="selectUnit">
    <display name="selectUnit" type="image">
     <transform scX="1" x="0" scY="1" y="0" pX="25" pY="25" skX="0" skY="0"/>
    </display>
   </slot>
   <slot name="shadow" z="2" parent="shadow">
    <display name="sprite 7652" type="image">
     <transform scX="1" x="0" scY="1" y="0" pX="25" pY="25" skX="0" skY="0"/>
    </display>
   </slot>
   <slot name="cont" z="3" parent="cont">
    <display name="cont" type="armature">
     <transform scX="1" x="0" skX="0" scY="1" y="0" skY="0"/>
    </display>
   </slot>
   <slot name="dustAnima" z="4" parent="dustAnima">
    <display name="dustAnima" type="armature">
     <transform scX="1" x="0" skX="0" scY="1" y="0" skY="0"/>
    </display>
   </slot>
   <slot name="healthBar" z="5" parent="healthBar">
    <display name="healthBar" type="image">
     <transform scX="1" x="0" scY="1" y="0" pX="25" pY="25" skX="0" skY="0"/>
    </display>
   </slot>
   <slot name="armor" z="6" parent="armor">
    <display name="armor" type="image">
     <transform scX="1" x="0" scY="1" y="0" pX="25" pY="25" skX="0" skY="0"/>
    </display>
   </slot>
   <slot name="iceEffect" z="7" parent="iceEffect">
    <display name="iceEffect" type="image">
     <transform scX="1" x="0" scY="1" y="0" pX="25" pY="25" skX="0" skY="0"/>
    </display>
   </slot>
   <slot name="fireEffect" z="8" parent="fireEffect">
    <display name="fireEffect" type="image">
     <transform scX="1" x="0" scY="1" y="0" pX="25" pY="25" skX="0" skY="0"/>
    </display>
   </slot>
   <slot name="iceFreez" z="9" parent="iceFreez">
    <display name="iceFreez" type="image">
     <transform scX="1" x="0" scY="1" y="0" pX="25" pY="25" skX="0" skY="0"/>
    </display>
   </slot>
   <slot name="levinAttack" z="10" parent="levinAttack">
    <display name="levinattack" type="image">
     <transform scX="1" x="0" scY="1" y="0" pX="25" pY="25" skX="0" skY="0"/>
    </display>
   </slot>
   <slot name="iceAttack" z="11" parent="iceAttack">
    <display name="iceattack" type="image">
     <transform scX="1" x="0" scY="1" y="0" pX="25" pY="25" skX="0" skY="0"/>
    </display>
   </slot>
   <slot name="fireAttack" z="12" parent="fireAttack">
    <display name="fireattack" type="image">
     <transform scX="1" x="0" scY="1" y="0" pX="25" pY="25" skX="0" skY="0"/>
    </display>
   </slot>
   <slot name="dust3" z="13" parent="dust3">
    <display name="dust3" type="image">
     <transform scX="1" x="0" scY="1" y="0" pX="25" pY="25" skX="0" skY="0"/>
    </display>
   </slot>
   <slot name="dust2" z="14" parent="dust2">
    <display name="dust2" type="image">
     <transform scX="1" x="0" scY="1" y="0" pX="25" pY="25" skX="0" skY="0"/>
    </display>
   </slot>
   <slot name="dust1" z="15" parent="dust1">
    <display name="dust1" type="image">
     <transform scX="1" x="0" scY="1" y="0" pX="25" pY="25" skX="0" skY="0"/>
    </display>
   </slot>
   <slot name="buffSpeed" z="16" parent="buffSpeed">
    <display name="buffSpeed" type="image">
     <transform scX="1" x="0" scY="1" y="0" pX="25" pY="25" skX="0" skY="0"/>
    </display>
   </slot>
   <slot name="airShock" z="17" parent="airShock">
    <display name="airShock" type="image">
     <transform scX="1" x="0" scY="1" y="0" pX="25" pY="25" skX="0" skY="0"/>
    </display>
   </slot>
   <slot name="buffHP" z="18" parent="buffHP">
    <display name="buffHP" type="image">
     <transform scX="1" x="0" scY="1" y="0" pX="25" pY="25" skX="0" skY="0"/>
    </display>
   </slot>
   <slot name="iceDeath" z="19" parent="iceDeath">
    <display name="iceDeath" type="image">
     <transform scX="1" x="0" scY="1" y="0" pX="25" pY="25" skX="0" skY="0"/>
    </display>
   </slot>
   <slot name="stoneDeath" z="20" parent="stoneDeath">
    <display name="stonedeath" type="image">
     <transform scX="1" x="0" scY="1" y="0" pX="25" pY="25" skX="0" skY="0"/>
    </display>
   </slot>
   <slot name="levinDeath" z="21" parent="levinDeath">
    <display name="levindeath" type="image">
     <transform scX="1" x="0" scY="1" y="0" pX="25" pY="25" skX="0" skY="0"/>
    </display>
   </slot>
   <slot name="unitCase" z="22" parent="unitCase">
    <display name="case" type="image">
     <transform scX="1" x="0" scY="1" y="0" pX="25" pY="25" skX="0" skY="0"/>
    </display>
   </slot>
  </skin>
  <bone name="iceAttack">
   <transform scX="0.7" x="0" skX="0" scY="0.7" y="-8" skY="0"/>
  </bone>
  <bone name="selectUnit">
   <transform scX="1.47" x="-0.7" skX="0" scY="1.47" y="0" skY="0"/>
  </bone>
  <bone name="shadow">
   <transform scX="1.3" x="-1.25" skX="0" scY="0.65" y="1.65" skY="0"/>
  </bone>
  <bone name="cont">
   <transform scX="1" x="0" skX="0" scY="1" y="0" skY="0"/>
  </bone>
  <bone name="dustAnima">
   <transform scX="1" x="0" skX="0" scY="1" y="0" skY="0"/>
  </bone>
  <bone name="healthBar">
   <transform scX="1" x="0" skX="0" scY="1" y="-26" skY="0"/>
  </bone>
  <bone name="armor">
   <transform scX="0.76" x="-1" skX="0" scY="0.76" y="0" skY="0"/>
  </bone>
  <bone name="iceEffect">
   <transform scX="0.46" x="3" skX="0" scY="0.46" y="0" skY="0"/>
  </bone>
  <bone name="fireEffect">
   <transform scX="0.69" x="1" skX="0" scY="0.69" y="-24" skY="0"/>
  </bone>
  <bone name="iceFreez">
   <transform scX="0.68" x="0" skX="0" scY="0.68" y="-10" skY="0"/>
  </bone>
  <bone name="levinAttack">
   <transform scX="1" x="3" skX="0" scY="1" y="-8" skY="0"/>
  </bone>
  <bone name="dust4">
   <transform scX="1" x="1" skX="0" scY="1" y="-5" skY="0"/>
  </bone>
  <bone name="fireAttack">
   <transform scX="0.7" x="2" skX="0" scY="0.7" y="-5" skY="0"/>
  </bone>
  <bone name="dust3">
   <transform scX="1" x="2" skX="0" scY="1" y="0" skY="0"/>
  </bone>
  <bone name="dust2">
   <transform scX="0.46" x="2" skX="0" scY="0.46" y="2" skY="0"/>
  </bone>
  <bone name="dust1">
   <transform scX="0.46" x="-1" skX="0" scY="0.46" y="1" skY="0"/>
  </bone>
  <bone name="buffSpeed">
   <transform scX="0.4" x="-15" skX="0" scY="0.4" y="-8" skY="0"/>
  </bone>
  <bone name="airShock">
   <transform scX="1.2" x="0" skX="0" scY="1.2" y="-26" skY="0"/>
  </bone>
  <bone name="buffHP">
   <transform scX="1" x="0" skX="0" scY="1" y="-13" skY="0"/>
  </bone>
  <bone name="iceDeath">
   <transform scX="0.78" x="0" skX="0" scY="0.78" y="-8" skY="0"/>
  </bone>
  <bone name="stoneDeath">
   <transform scX="1.64" x="1" skX="0" scY="1.54" y="-9" skY="0"/>
  </bone>
  <bone name="levinDeath">
   <transform scX="1.08" x="1" skX="0" scY="1.16" y="-8" skY="0"/>
  </bone>
  <bone name="unitCase">
   <transform scX="0.53" x="-0.75" skX="0" scY="0.6" y="-9.05" skY="0"/>
  </bone>
  <animation name="Unit29_mc" scale="1" loop="1" autoTween="NaN" fadeInTime="0.3" duration="48" tweenEasing="NaN">
   <timeline pX="0" name="dust4" pY="0" scale="1" offset="0">
    <frame z="0" duration="47">
     <transform scX="1" x="0" scY="1" y="0" pX="0" pY="0" skX="0" skY="0"/>
    </frame>
    <frame z="0" duration="1">
     <transform scX="1" x="0" scY="1" y="0" pX="0" pY="0" skX="0" skY="0"/>
    </frame>
   </timeline>
   <timeline pX="0" name="selectUnit" pY="0" scale="1" offset="0">
    <frame z="0" duration="47">
     <transform scX="1" x="0" scY="1" y="0" pX="0" pY="0" skX="0" skY="0"/>
    </frame>
    <frame z="0" duration="1">
     <transform scX="1" x="0" scY="1" y="0" pX="0" pY="0" skX="0" skY="0"/>
    </frame>
   </timeline>
   <timeline pX="0" name="shadow" pY="0" scale="1" offset="0">
    <frame z="0" duration="1" tweenEasing="0">
     <transform scX="1" x="0" scY="1" y="0" pX="0" pY="0" skX="0" skY="0"/>
    </frame>
    <frame z="0" duration="7" tweenEasing="0">
     <transform scX="1" x="0.10000000000000009" scY="1" y="0.5" pX="0" pY="0" skX="0" skY="0.04"/>
    </frame>
    <frame z="0" duration="1" tweenEasing="0">
     <transform scX="1" x="1" scY="1" y="4" pX="0" pY="0" skX="0" skY="1.3"/>
    </frame>
    <frame z="0" duration="1" tweenEasing="0">
     <transform scX="1" x="0.9" scY="1" y="4.1" pX="0" pY="0" skX="0" skY="0.51"/>
    </frame>
    <frame z="0" duration="1" tweenEasing="0">
     <transform scX="1" x="0.85" scY="1" y="4.199999999999999" pX="0" pY="0" skX="0" skY="-0.26"/>
    </frame>
    <frame z="0" duration="1" tweenEasing="0">
     <transform scX="1" x="0.75" scY="1" y="4.300000000000001" pX="0" pY="0" skX="0" skY="-1.05"/>
    </frame>
    <frame z="0" duration="7" tweenEasing="0">
     <transform scX="1" x="0.7" scY="1" y="4.4" pX="0" pY="0" skX="0" skY="-2.02"/>
    </frame>
    <frame z="0" duration="3" tweenEasing="0">
     <transform scX="1" x="1" scY="1" y="1.1" pX="0" pY="0" skX="0" skY="-0.75"/>
    </frame>
    <frame z="0" duration="1">
     <transform scX="1" x="0.25" scY="1" y="0.25" pX="0" pY="0" skX="0" skY="-0.050000000000000044"/>
    </frame>
    <frame z="0" duration="1" tweenEasing="0">
     <transform scX="1" x="0" scY="1" y="0" pX="0" pY="0" skX="0" skY="0"/>
    </frame>
    <frame z="0" duration="4" tweenEasing="0">
     <transform scX="1" x="0" scY="1" y="0" pX="0" pY="0" skX="0" skY="0"/>
    </frame>
    <frame z="0" duration="4" tweenEasing="0">
     <transform scX="1" x="3.3" scY="1" y="0.10000000000000009" pX="0" pY="0" skX="3.06" skY="3.06"/>
    </frame>
    <frame z="0" duration="4" tweenEasing="0">
     <transform scX="1" x="6.6" scY="1" y="0.25" pX="0" pY="0" skX="6.31" skY="6.31"/>
    </frame>
    <frame z="0" duration="7" tweenEasing="0">
     <transform scX="1" x="1.85" scY="1" y="0.30000000000000004" pX="0" pY="0" skX="0.7700000000000005" skY="0.7700000000000005"/>
    </frame>
    <frame z="0" duration="4" tweenEasing="0">
     <transform scX="1" x="-2.65" scY="1" y="0.30000000000000004" pX="0" pY="0" skX="0.26" skY="0.26"/>
    </frame>
    <frame z="0" duration="1">
     <transform scX="1" x="0" scY="1" y="0" pX="0" pY="0" skX="0" skY="0"/>
    </frame>
   </timeline>
   <timeline pX="0" name="cont" pY="0" scale="1" offset="0">
    <frame z="0" duration="1" tweenEasing="0">
     <transform scX="1" x="0" scY="1" y="0" pX="0" pY="0" skX="0" skY="0"/>
    </frame>
    <frame z="0" duration="7" tweenEasing="0">
     <transform scX="1" x="0.25" scY="1" y="0.5" pX="0" pY="0" skX="0.36" skY="0.06"/>
    </frame>
    <frame z="0" duration="4" tweenEasing="0">
     <transform scX="1.02" x="3.5" scY="1.02" y="4.05" pX="0" pY="0" skX="5.34" skY="1.81"/>
    </frame>
    <frame z="0" duration="5" tweenEasing="0">
     <transform scX="1" x="1.75" scY="1" y="5" pX="0" pY="0" skX="0.8100000000000005" skY="0.30000000000000004"/>
    </frame>
    <frame z="0" duration="2" tweenEasing="0">
     <transform scX="1" x="3.5" scY="1" y="1.8" pX="0" pY="0" skX="5.35" skY="3.3"/>
    </frame>
    <frame z="0" duration="5" tweenEasing="0">
     <transform scX="1" x="4.2" scY="1" y="0.65" pX="0" pY="0" skX="7.32" skY="4.54"/>
    </frame>
    <frame z="0" duration="1" tweenEasing="0">
     <transform scX="1" x="0" scY="1" y="0" pX="0" pY="0" skX="0" skY="0"/>
    </frame>
    <frame z="0" duration="7" tweenEasing="0">
     <transform scX="1" x="1.05" scY="1" y="0.05" pX="0" pY="0" skX="0.52" skY="0.28"/>
    </frame>
    <frame z="0" duration="1" tweenEasing="0">
     <transform scX="1" x="8.6" scY="1" y="0.35" pX="0" pY="0" skX="4.709999999999999" skY="2.99"/>
    </frame>
    <frame z="0" duration="2" tweenEasing="0">
     <transform scX="1" x="6.9" scY="1" y="0.35" pX="0" pY="0" skX="3.02" skY="2.78"/>
    </frame>
    <frame z="0" duration="2" tweenEasing="0">
     <transform scX="1" x="3.9" scY="1" y="0.35" pX="0" pY="0" skX="0.029999999999999805" skY="2.53"/>
    </frame>
    <frame z="0" duration="6" tweenEasing="0">
     <transform scX="1" x="1.45" scY="1" y="0.4" pX="0" pY="0" skX="-1.48" skY="1.29"/>
    </frame>
    <frame z="0" duration="1" tweenEasing="0">
     <transform scX="1" x="-4.25" scY="1" y="0.6" pX="0" pY="0" skX="-1.55" skY="-5.05"/>
    </frame>
    <frame z="0" duration="3" tweenEasing="0">
     <transform scX="1" x="-3.25" scY="1" y="0.4" pX="0" pY="0" skX="-1.25" skY="-3.79"/>
    </frame>
    <frame z="0" duration="1">
     <transform scX="1" x="0" scY="1" y="0" pX="0" pY="0" skX="0" skY="0"/>
    </frame>
   </timeline>
   <timeline pX="0" name="dustAnima" pY="0" scale="1" offset="0">
    <frame z="0" duration="47">
     <transform scX="1" x="0" scY="1" y="0" pX="0" pY="0" skX="0" skY="0"/>
    </frame>
    <frame z="0" duration="1">
     <transform scX="1" x="0" scY="1" y="0" pX="0" pY="0" skX="0" skY="0"/>
    </frame>
   </timeline>
   <timeline pX="0" name="healthBar" pY="0" scale="1" offset="0">
    <frame z="0" duration="47">
     <transform scX="1" x="0" scY="1" y="0" pX="0" pY="0" skX="0" skY="0"/>
    </frame>
    <frame z="0" duration="1">
     <transform scX="1" x="0" scY="1" y="0" pX="0" pY="0" skX="0" skY="0"/>
    </frame>
   </timeline>
   <timeline pX="0" name="armor" pY="0" scale="1" offset="0">
    <frame z="0" duration="47">
     <transform scX="1" x="0" scY="1" y="0" pX="0" pY="0" skX="0" skY="0"/>
    </frame>
    <frame z="0" duration="1">
     <transform scX="1" x="0" scY="1" y="0" pX="0" pY="0" skX="0" skY="0"/>
    </frame>
   </timeline>
   <timeline pX="0" name="iceEffect" pY="0" scale="1" offset="0">
    <frame z="0" duration="47">
     <transform scX="1" x="0" scY="1" y="0" pX="0" pY="0" skX="0" skY="0"/>
    </frame>
    <frame z="0" duration="1">
     <transform scX="1" x="0" scY="1" y="0" pX="0" pY="0" skX="0" skY="0"/>
    </frame>
   </timeline>
   <timeline pX="0" name="fireEffect" pY="0" scale="1" offset="0">
    <frame z="0" duration="47">
     <transform scX="1" x="0" scY="1" y="0" pX="0" pY="0" skX="0" skY="0"/>
    </frame>
    <frame z="0" duration="1">
     <transform scX="1" x="0" scY="1" y="0" pX="0" pY="0" skX="0" skY="0"/>
    </frame>
   </timeline>
   <timeline pX="0" name="iceFreez" pY="0" scale="1" offset="0">
    <frame z="0" duration="47">
     <transform scX="1" x="0" scY="1" y="0" pX="0" pY="0" skX="0" skY="0"/>
    </frame>
    <frame z="0" duration="1">
     <transform scX="1" x="0" scY="1" y="0" pX="0" pY="0" skX="0" skY="0"/>
    </frame>
   </timeline>
   <timeline pX="0" name="levinAttack" pY="0" scale="1" offset="0">
    <frame z="0" duration="47">
     <transform scX="1" x="0" scY="1" y="0" pX="0" pY="0" skX="0" skY="0"/>
    </frame>
    <frame z="0" duration="1">
     <transform scX="1" x="0" scY="1" y="0" pX="0" pY="0" skX="0" skY="0"/>
    </frame>
   </timeline>
   <timeline pX="0" name="iceAttack" pY="0" scale="1" offset="0">
    <frame z="0" duration="47">
     <transform scX="1" x="0" scY="1" y="0" pX="0" pY="0" skX="0" skY="0"/>
    </frame>
    <frame z="0" duration="1">
     <transform scX="1" x="0" scY="1" y="0" pX="0" pY="0" skX="0" skY="0"/>
    </frame>
   </timeline>
   <timeline pX="0" name="fireAttack" pY="0" scale="1" offset="0">
    <frame z="0" duration="47">
     <transform scX="1" x="0" scY="1" y="0" pX="0" pY="0" skX="0" skY="0"/>
    </frame>
    <frame z="0" duration="1">
     <transform scX="1" x="0" scY="1" y="0" pX="0" pY="0" skX="0" skY="0"/>
    </frame>
   </timeline>
   <timeline pX="0" name="dust3" pY="0" scale="1" offset="0">
    <frame z="0" duration="47">
     <transform scX="1" x="0" scY="1" y="0" pX="0" pY="0" skX="0" skY="0"/>
    </frame>
    <frame z="0" duration="1">
     <transform scX="1" x="0" scY="1" y="0" pX="0" pY="0" skX="0" skY="0"/>
    </frame>
   </timeline>
   <timeline pX="0" name="dust2" pY="0" scale="1" offset="0">
    <frame z="0" duration="47">
     <transform scX="1" x="0" scY="1" y="0" pX="0" pY="0" skX="0" skY="0"/>
    </frame>
    <frame z="0" duration="1">
     <transform scX="1" x="0" scY="1" y="0" pX="0" pY="0" skX="0" skY="0"/>
    </frame>
   </timeline>
   <timeline pX="0" name="dust1" pY="0" scale="1" offset="0">
    <frame z="0" duration="47">
     <transform scX="1" x="0" scY="1" y="0" pX="0" pY="0" skX="0" skY="0"/>
    </frame>
    <frame z="0" duration="1">
     <transform scX="1" x="0" scY="1" y="0" pX="0" pY="0" skX="0" skY="0"/>
    </frame>
   </timeline>
   <timeline pX="0" name="buffSpeed" pY="0" scale="1" offset="0">
    <frame z="0" duration="47">
     <transform scX="1" x="0" scY="1" y="0" pX="0" pY="0" skX="0" skY="0"/>
    </frame>
    <frame z="0" duration="1">
     <transform scX="1" x="0" scY="1" y="0" pX="0" pY="0" skX="0" skY="0"/>
    </frame>
   </timeline>
   <timeline pX="0" name="airShock" pY="0" scale="1" offset="0">
    <frame z="0" duration="47">
     <transform scX="1" x="0" scY="1" y="0" pX="0" pY="0" skX="0" skY="0"/>
    </frame>
    <frame z="0" duration="1">
     <transform scX="1" x="0" scY="1" y="0" pX="0" pY="0" skX="0" skY="0"/>
    </frame>
   </timeline>
   <timeline pX="0" name="buffHP" pY="0" scale="1" offset="0">
    <frame z="0" duration="47">
     <transform scX="1" x="0" scY="1" y="0" pX="0" pY="0" skX="0" skY="0"/>
    </frame>
    <frame z="0" duration="1">
     <transform scX="1" x="0" scY="1" y="0" pX="0" pY="0" skX="0" skY="0"/>
    </frame>
   </timeline>
   <timeline pX="0" name="iceDeath" pY="0" scale="1" offset="0">
    <frame z="0" duration="47">
     <transform scX="1" x="0" scY="1" y="0" pX="0" pY="0" skX="0" skY="0"/>
    </frame>
    <frame z="0" duration="1">
     <transform scX="1" x="0" scY="1" y="0" pX="0" pY="0" skX="0" skY="0"/>
    </frame>
   </timeline>
   <timeline pX="0" name="stoneDeath" pY="0" scale="1" offset="0">
    <frame z="0" duration="47">
     <transform scX="1" x="0" scY="1" y="0" pX="0" pY="0" skX="0" skY="0"/>
    </frame>
    <frame z="0" duration="1">
     <transform scX="1" x="0" scY="1" y="0" pX="0" pY="0" skX="0" skY="0"/>
    </frame>
   </timeline>
   <timeline pX="0" name="levinDeath" pY="0" scale="1" offset="0">
    <frame z="0" duration="47">
     <transform scX="1" x="0" scY="1" y="0" pX="0" pY="0" skX="0" skY="0"/>
    </frame>
    <frame z="0" duration="1">
     <transform scX="1" x="0" scY="1" y="0" pX="0" pY="0" skX="0" skY="0"/>
    </frame>
   </timeline>
   <timeline pX="0" name="unitCase" pY="0" scale="1" offset="0">
    <frame z="0" duration="47">
     <transform scX="1" x="0" scY="1" y="0" pX="0" pY="0" skX="0" skY="0"/>
    </frame>
    <frame z="0" duration="1">
     <transform scX="1" x="0" scY="1" y="0" pX="0" pY="0" skX="0" skY="0"/>
    </frame>
   </timeline>
   <frame duration="47"/>
   <frame duration="1"/>
  </animation>
 </armature>
 <armature name="cont">
  <skin name="default">
   <slot name="cont" z="0" parent="cont">
    <display name="Shape/shape 3644" type="image">
     <transform scX="1" x="0" scY="1" y="0" pX="20" pY="21" skX="0" skY="0"/>
    </display>
    <display name="Shape/shape 3646" type="image">
     <transform scX="1" x="0" scY="1" y="0" pX="20" pY="21" skX="0" skY="0"/>
    </display>
    <display name="Shape/shape 3648" type="image">
     <transform scX="1" x="0" scY="1" y="0" pX="20" pY="21" skX="0" skY="0"/>
    </display>
    <display name="Shape/shape 3650" type="image">
     <transform scX="1" x="0" scY="1" y="0" pX="20" pY="21" skX="0" skY="0"/>
    </display>
    <display name="Shape/shape 3652" type="image">
     <transform scX="1" x="0" scY="1" y="0" pX="20" pY="21" skX="0" skY="0"/>
    </display>
    <display name="Shape/shape 3654" type="image">
     <transform scX="1" x="0" scY="1" y="0" pX="20" pY="21" skX="0" skY="0"/>
    </display>
    <display name="Shape/shape 3656" type="image">
     <transform scX="1" x="0" scY="1" y="0" pX="20" pY="21" skX="0" skY="0"/>
    </display>
    <display name="Shape/shape 3658" type="image">
     <transform scX="1" x="0" scY="1" y="0" pX="20" pY="21" skX="0" skY="0"/>
    </display>
    <display name="Shape/shape 3660" type="image">
     <transform scX="1" x="0" scY="1" y="0" pX="20" pY="21" skX="0" skY="0"/>
    </display>
    <display name="Shape/shape 3662" type="image">
     <transform scX="1" x="0" scY="1" y="0" pX="20" pY="21" skX="0" skY="0"/>
    </display>
    <display name="Shape/shape 3664" type="image">
     <transform scX="1" x="0" scY="1" y="0" pX="20" pY="21" skX="0" skY="0"/>
    </display>
    <display name="Shape/shape 3666" type="image">
     <transform scX="1" x="0" scY="1" y="0" pX="20" pY="21" skX="0" skY="0"/>
    </display>
    <display name="Shape/shape 3668" type="image">
     <transform scX="1" x="0" scY="1" y="0" pX="20" pY="21" skX="0" skY="0"/>
    </display>
    <display name="Shape/shape 3670" type="image">
     <transform scX="1" x="0" scY="1" y="0" pX="20" pY="21" skX="0" skY="0"/>
    </display>
    <display name="Shape/shape 3672" type="image">
     <transform scX="1" x="0" scY="1" y="0" pX="20" pY="21" skX="0" skY="0"/>
    </display>
    <display name="Shape/shape 3674" type="image">
     <transform scX="1" x="0" scY="1" y="0" pX="20" pY="21" skX="0" skY="0"/>
    </display>
    <display name="Shape/shape 3676" type="image">
     <transform scX="1" x="0" scY="1" y="0" pX="20" pY="21" skX="0" skY="0"/>
    </display>
    <display name="Shape/shape 3678" type="image">
     <transform scX="1" x="0" scY="1" y="0" pX="20" pY="21" skX="0" skY="0"/>
    </display>
    <display name="Shape/shape 3680" type="image">
     <transform scX="1" x="0" scY="1" y="0" pX="20" pY="21" skX="0" skY="0"/>
    </display>
    <display name="Shape/shape 3682" type="image">
     <transform scX="1" x="0" scY="1" y="0" pX="20" pY="21" skX="0" skY="0"/>
    </display>
    <display name="Shape/shape 3684" type="image">
     <transform scX="1" x="0" scY="1" y="0" pX="20" pY="21" skX="0" skY="0"/>
    </display>
    <display name="Shape/shape 3686" type="image">
     <transform scX="1" x="0" scY="1" y="0" pX="20" pY="21" skX="0" skY="0"/>
    </display>
    <display name="Shape/shape 3688" type="image">
     <transform scX="1" x="0" scY="1" y="0" pX="20" pY="21" skX="0" skY="0"/>
    </display>
    <display name="Shape/shape 3690" type="image">
     <transform scX="1" x="0" scY="1" y="0" pX="20" pY="21" skX="0" skY="0"/>
    </display>
    <display name="Shape/shape 3692" type="image">
     <transform scX="1" x="0" scY="1" y="0" pX="20" pY="21" skX="0" skY="0"/>
    </display>
    <display name="Shape/shape 3694" type="image">
     <transform scX="1" x="0" scY="1" y="0" pX="20" pY="21" skX="0" skY="0"/>
    </display>
    <display name="Shape/shape 3696" type="image">
     <transform scX="1" x="0" scY="1" y="0" pX="20" pY="21" skX="0" skY="0"/>
    </display>
    <display name="Shape/shape 3698" type="image">
     <transform scX="1" x="0" scY="1" y="0" pX="20" pY="21" skX="0" skY="0"/>
    </display>
    <display name="Shape/shape 3700" type="image">
     <transform scX="1" x="0" scY="1" y="0" pX="20" pY="21" skX="0" skY="0"/>
    </display>
    <display name="Shape/shape 3702" type="image">
     <transform scX="1" x="0" scY="1" y="0" pX="20" pY="21" skX="0" skY="0"/>
    </display>
    <display name="Shape/shape 3704" type="image">
     <transform scX="1" x="0" scY="1" y="0" pX="20" pY="21" skX="0" skY="0"/>
    </display>
    <display name="Shape/shape 3706" type="image">
     <transform scX="1" x="0" scY="1" y="0" pX="20" pY="21" skX="0" skY="0"/>
    </display>
    <display name="Shape/shape 3708" type="image">
     <transform scX="1" x="0" scY="1" y="0" pX="20" pY="21" skX="0" skY="0"/>
    </display>
    <display name="Shape/shape 3710" type="image">
     <transform scX="1" x="0" scY="1" y="0" pX="20" pY="21" skX="0" skY="0"/>
    </display>
    <display name="Shape/shape 3712" type="image">
     <transform scX="1" x="0" scY="1" y="0" pX="20" pY="21" skX="0" skY="0"/>
    </display>
    <display name="Shape/shape 3714" type="image">
     <transform scX="1" x="0" scY="1" y="0" pX="20" pY="21" skX="0" skY="0"/>
    </display>
    <display name="Shape/shape 3715" type="image">
     <transform scX="1" x="0" scY="1" y="0" pX="20" pY="21" skX="0" skY="0"/>
    </display>
    <display name="Shape/shape 3716" type="image">
     <transform scX="1" x="0" scY="1" y="0" pX="20" pY="21" skX="0" skY="0"/>
    </display>
    <display name="Shape/shape 3717" type="image">
     <transform scX="1" x="0" scY="1" y="0" pX="20" pY="21" skX="0" skY="0"/>
    </display>
    <display name="Shape/shape 3718" type="image">
     <transform scX="1" x="0" scY="1" y="0" pX="20" pY="21" skX="0" skY="0"/>
    </display>
    <display name="Shape/shape 3719" type="image">
     <transform scX="1" x="0" scY="1" y="0" pX="20" pY="21" skX="0" skY="0"/>
    </display>
    <display name="Shape/shape 3720" type="image">
     <transform scX="1" x="0" scY="1" y="0" pX="20" pY="21" skX="0" skY="0"/>
    </display>
    <display name="Shape/shape 3721" type="image">
     <transform scX="1" x="0" scY="1" y="0" pX="20" pY="21" skX="0" skY="0"/>
    </display>
    <display name="Shape/shape 3722" type="image">
     <transform scX="1" x="0" scY="1" y="0" pX="20" pY="21" skX="0" skY="0"/>
    </display>
    <display name="Shape/shape 3723" type="image">
     <transform scX="1" x="0" scY="1" y="0" pX="20" pY="21" skX="0" skY="0"/>
    </display>
    <display name="Shape/shape 3725" type="image">
     <transform scX="1" x="0" scY="1" y="0" pX="20" pY="21" skX="0" skY="0"/>
    </display>
    <display name="Shape/shape 3727" type="image">
     <transform scX="1" x="0" scY="1" y="0" pX="20" pY="21" skX="0" skY="0"/>
    </display>
    <display name="Shape/shape 3729" type="image">
     <transform scX="1" x="0" scY="1" y="0" pX="20" pY="21" skX="0" skY="0"/>
    </display>
    <display name="Shape/shape 3731" type="image">
     <transform scX="1" x="0" scY="1" y="0" pX="20" pY="21" skX="0" skY="0"/>
    </display>
    <display name="Shape/shape 3733" type="image">
     <transform scX="1" x="0" scY="1" y="0" pX="20" pY="21" skX="0" skY="0"/>
    </display>
    <display name="Shape/shape 3735" type="image">
     <transform scX="1" x="0" scY="1" y="0" pX="20" pY="21" skX="0" skY="0"/>
    </display>
    <display name="Shape/shape 3737" type="image">
     <transform scX="1" x="0" scY="1" y="0" pX="20" pY="21" skX="0" skY="0"/>
    </display>
    <display name="Shape/shape 3739" type="image">
     <transform scX="1" x="0" scY="1" y="0" pX="20" pY="21" skX="0" skY="0"/>
    </display>
    <display name="Shape/shape 3741" type="image">
     <transform scX="1" x="0" scY="1" y="0" pX="20" pY="21" skX="0" skY="0"/>
    </display>
    <display name="Shape/shape 3743" type="image">
     <transform scX="1" x="0" scY="1" y="0" pX="20" pY="21" skX="0" skY="0"/>
    </display>
    <display name="Shape/shape 3745" type="image">
     <transform scX="1" x="0" scY="1" y="0" pX="20" pY="21" skX="0" skY="0"/>
    </display>
    <display name="Shape/shape 3747" type="image">
     <transform scX="1" x="0" scY="1" y="0" pX="20" pY="21" skX="0" skY="0"/>
    </display>
    <display name="Shape/shape 3749" type="image">
     <transform scX="1" x="0" scY="1" y="0" pX="20" pY="21" skX="0" skY="0"/>
    </display>
    <display name="Shape/shape 3751" type="image">
     <transform scX="1" x="0" scY="1" y="0" pX="20" pY="21" skX="0" skY="0"/>
    </display>
    <display name="Shape/shape 3753" type="image">
     <transform scX="1" x="0" scY="1" y="0" pX="20" pY="21" skX="0" skY="0"/>
    </display>
    <display name="Shape/shape 3755" type="image">
     <transform scX="1" x="0" scY="1" y="0" pX="20" pY="21" skX="0" skY="0"/>
    </display>
    <display name="Shape/shape 3757" type="image">
     <transform scX="1" x="0" scY="1" y="0" pX="20" pY="21" skX="0" skY="0"/>
    </display>
    <display name="Shape/shape 3759" type="image">
     <transform scX="1" x="0" scY="1" y="0" pX="20" pY="21" skX="0" skY="0"/>
    </display>
    <display name="Shape/shape 3761" type="image">
     <transform scX="1" x="0" scY="1" y="0" pX="20" pY="21" skX="0" skY="0"/>
    </display>
    <display name="Shape/shape 3763" type="image">
     <transform scX="1" x="0" scY="1" y="0" pX="20" pY="21" skX="0" skY="0"/>
    </display>
    <display name="Shape/shape 3765" type="image">
     <transform scX="1" x="0" scY="1" y="0" pX="20" pY="21" skX="0" skY="0"/>
    </display>
    <display name="Shape/shape 3767" type="image">
     <transform scX="1" x="0" scY="1" y="0" pX="20" pY="21" skX="0" skY="0"/>
    </display>
    <display name="Shape/shape 3769" type="image">
     <transform scX="1" x="0" scY="1" y="0" pX="20" pY="21" skX="0" skY="0"/>
    </display>
    <display name="Shape/shape 3771" type="image">
     <transform scX="1" x="0" scY="1" y="0" pX="20" pY="21" skX="0" skY="0"/>
    </display>
    <display name="Shape/shape 3773" type="image">
     <transform scX="1" x="0" scY="1" y="0" pX="20" pY="21" skX="0" skY="0"/>
    </display>
    <display name="Shape/shape 3775" type="image">
     <transform scX="1" x="0" scY="1" y="0" pX="20" pY="21" skX="0" skY="0"/>
    </display>
    <display name="Shape/shape 3776" type="image">
     <transform scX="1" x="0" scY="1" y="0" pX="20" pY="21" skX="0" skY="0"/>
    </display>
   </slot>
  </skin>
  <bone name="cont">
   <transform scX="1" x="0" skX="0" scY="1" y="0" skY="0"/>
  </bone>
  <animation fadeInTime="0.3" scale="1" loop="1" autoTween="NaN" name="cont" duration="136" tweenEasing="NaN">
   <timeline pX="0" name="cont" pY="0" scale="1" offset="0">
    <frame z="0" duration="2">
     <transform scX="1" x="0" scY="1" y="0" pX="0" pY="0" skX="0" skY="0"/>
    </frame>
    <frame displayIndex="1" z="0" duration="2">
     <transform scX="1" x="0" scY="1" y="0" pX="0" pY="0" skX="0" skY="0"/>
    </frame>
    <frame displayIndex="2" z="0" duration="2">
     <transform scX="1" x="0" scY="1" y="0" pX="0" pY="0" skX="0" skY="0"/>
    </frame>
    <frame displayIndex="3" z="0" duration="2">
     <transform scX="1" x="0" scY="1" y="0" pX="0" pY="0" skX="0" skY="0"/>
    </frame>
    <frame displayIndex="4" z="0" duration="2">
     <transform scX="1" x="0" scY="1" y="0" pX="0" pY="0" skX="0" skY="0"/>
    </frame>
    <frame displayIndex="5" z="0" duration="2">
     <transform scX="1" x="0" scY="1" y="0" pX="0" pY="0" skX="0" skY="0"/>
    </frame>
    <frame displayIndex="6" z="0" duration="2">
     <transform scX="1" x="0" scY="1" y="0" pX="0" pY="0" skX="0" skY="0"/>
    </frame>
    <frame displayIndex="7" z="0" duration="2">
     <transform scX="1" x="0" scY="1" y="0" pX="0" pY="0" skX="0" skY="0"/>
    </frame>
    <frame displayIndex="8" z="0" duration="2">
     <transform scX="1" x="0" scY="1" y="0" pX="0" pY="0" skX="0" skY="0"/>
    </frame>
    <frame displayIndex="9" z="0" duration="2">
     <transform scX="1" x="0" scY="1" y="0" pX="0" pY="0" skX="0" skY="0"/>
    </frame>
    <frame displayIndex="10" z="0" duration="2">
     <transform scX="1" x="0" scY="1" y="0" pX="0" pY="0" skX="0" skY="0"/>
    </frame>
    <frame displayIndex="11" z="0" duration="2">
     <transform scX="1" x="0" scY="1" y="0" pX="0" pY="0" skX="0" skY="0"/>
    </frame>
    <frame displayIndex="12" z="0" duration="2">
     <transform scX="1" x="0" scY="1" y="0" pX="0" pY="0" skX="0" skY="0"/>
    </frame>
    <frame displayIndex="13" z="0" duration="2">
     <transform scX="1" x="0" scY="1" y="0" pX="0" pY="0" skX="0" skY="0"/>
    </frame>
    <frame displayIndex="14" z="0" duration="2">
     <transform scX="1" x="0" scY="1" y="0" pX="0" pY="0" skX="0" skY="0"/>
    </frame>
    <frame displayIndex="15" z="0" duration="1">
     <transform scX="1" x="0" scY="1" y="0" pX="0" pY="0" skX="0" skY="0"/>
    </frame>
    <frame displayIndex="16" z="0" duration="1">
     <transform scX="1" x="0" scY="1" y="0" pX="0" pY="0" skX="0" skY="0"/>
    </frame>
    <frame displayIndex="17" z="0" duration="1">
     <transform scX="1" x="0" scY="1" y="0" pX="0" pY="0" skX="0" skY="0"/>
    </frame>
    <frame displayIndex="18" z="0" duration="1">
     <transform scX="1" x="0" scY="1" y="0" pX="0" pY="0" skX="0" skY="0"/>
    </frame>
    <frame displayIndex="19" z="0" duration="2">
     <transform scX="1" x="0" scY="1" y="0" pX="0" pY="0" skX="0" skY="0"/>
    </frame>
    <frame displayIndex="20" z="0" duration="2">
     <transform scX="1" x="0" scY="1" y="0" pX="0" pY="0" skX="0" skY="0"/>
    </frame>
    <frame displayIndex="21" z="0" duration="2">
     <transform scX="1" x="0" scY="1" y="0" pX="0" pY="0" skX="0" skY="0"/>
    </frame>
    <frame displayIndex="22" z="0" duration="2">
     <transform scX="1" x="0" scY="1" y="0" pX="0" pY="0" skX="0" skY="0"/>
    </frame>
    <frame displayIndex="23" z="0" duration="2">
     <transform scX="1" x="0" scY="1" y="0" pX="0" pY="0" skX="0" skY="0"/>
    </frame>
    <frame displayIndex="24" z="0" duration="2">
     <transform scX="1" x="0" scY="1" y="0" pX="0" pY="0" skX="0" skY="0"/>
    </frame>
    <frame displayIndex="25" z="0" duration="2">
     <transform scX="1" x="0" scY="1" y="0" pX="0" pY="0" skX="0" skY="0"/>
    </frame>
    <frame displayIndex="26" z="0" duration="2">
     <transform scX="1" x="0" scY="1" y="0" pX="0" pY="0" skX="0" skY="0"/>
    </frame>
    <frame displayIndex="27" z="0" duration="2">
     <transform scX="1" x="0" scY="1" y="0" pX="0" pY="0" skX="0" skY="0"/>
    </frame>
    <frame displayIndex="28" z="0" duration="2">
     <transform scX="1" x="0" scY="1" y="0" pX="0" pY="0" skX="0" skY="0"/>
    </frame>
    <frame displayIndex="29" z="0" duration="2">
     <transform scX="1" x="0" scY="1" y="0" pX="0" pY="0" skX="0" skY="0"/>
    </frame>
    <frame displayIndex="30" z="0" duration="2">
     <transform scX="1" x="0" scY="1" y="0" pX="0" pY="0" skX="0" skY="0"/>
    </frame>
    <frame displayIndex="31" z="0" duration="2">
     <transform scX="1" x="0" scY="1" y="0" pX="0" pY="0" skX="0" skY="0"/>
    </frame>
    <frame displayIndex="32" z="0" duration="2">
     <transform scX="1" x="0" scY="1" y="0" pX="0" pY="0" skX="0" skY="0"/>
    </frame>
    <frame displayIndex="33" z="0" duration="2">
     <transform scX="1" x="0" scY="1" y="0" pX="0" pY="0" skX="0" skY="0"/>
    </frame>
    <frame displayIndex="34" z="0" duration="2">
     <transform scX="1" x="0" scY="1" y="0" pX="0" pY="0" skX="0" skY="0"/>
    </frame>
    <frame displayIndex="35" z="0" duration="2">
     <transform scX="1" x="0" scY="1" y="0" pX="0" pY="0" skX="0" skY="0"/>
    </frame>
    <frame displayIndex="36" z="0" duration="2">
     <transform scX="1" x="0" scY="1" y="0" pX="0" pY="0" skX="0" skY="0"/>
    </frame>
    <frame displayIndex="37" z="0" duration="2">
     <transform scX="1" x="0" scY="1" y="0" pX="0" pY="0" skX="0" skY="0"/>
    </frame>
    <frame displayIndex="38" z="0" duration="2">
     <transform scX="1" x="0" scY="1" y="0" pX="0" pY="0" skX="0" skY="0"/>
    </frame>
    <frame displayIndex="39" z="0" duration="2">
     <transform scX="1" x="0" scY="1" y="0" pX="0" pY="0" skX="0" skY="0"/>
    </frame>
    <frame displayIndex="40" z="0" duration="2">
     <transform scX="1" x="0" scY="1" y="0" pX="0" pY="0" skX="0" skY="0"/>
    </frame>
    <frame displayIndex="41" z="0" duration="2">
     <transform scX="1" x="0" scY="1" y="0" pX="0" pY="0" skX="0" skY="0"/>
    </frame>
    <frame displayIndex="42" z="0" duration="2">
     <transform scX="1" x="0" scY="1" y="0" pX="0" pY="0" skX="0" skY="0"/>
    </frame>
    <frame displayIndex="43" z="0" duration="2">
     <transform scX="1" x="0" scY="1" y="0" pX="0" pY="0" skX="0" skY="0"/>
    </frame>
    <frame displayIndex="44" z="0" duration="2">
     <transform scX="1" x="0" scY="1" y="0" pX="0" pY="0" skX="0" skY="0"/>
    </frame>
    <frame displayIndex="45" z="0" duration="2">
     <transform scX="1" x="0" scY="1" y="0" pX="0" pY="0" skX="0" skY="0"/>
    </frame>
    <frame displayIndex="46" z="0" duration="2">
     <transform scX="1" x="0" scY="1" y="0" pX="0" pY="0" skX="0" skY="0"/>
    </frame>
    <frame displayIndex="47" z="0" duration="2">
     <transform scX="1" x="0" scY="1" y="0" pX="0" pY="0" skX="0" skY="0"/>
    </frame>
    <frame displayIndex="48" z="0" duration="2">
     <transform scX="1" x="0" scY="1" y="0" pX="0" pY="0" skX="0" skY="0"/>
    </frame>
    <frame displayIndex="49" z="0" duration="2">
     <transform scX="1" x="0" scY="1" y="0" pX="0" pY="0" skX="0" skY="0"/>
    </frame>
    <frame displayIndex="50" z="0" duration="2">
     <transform scX="1" x="0" scY="1" y="0" pX="0" pY="0" skX="0" skY="0"/>
    </frame>
    <frame displayIndex="51" z="0" duration="1">
     <transform scX="1" x="0" scY="1" y="0" pX="0" pY="0" skX="0" skY="0"/>
    </frame>
    <frame displayIndex="52" z="0" duration="1">
     <transform scX="1" x="0" scY="1" y="0" pX="0" pY="0" skX="0" skY="0"/>
    </frame>
    <frame displayIndex="53" z="0" duration="1">
     <transform scX="1" x="0" scY="1" y="0" pX="0" pY="0" skX="0" skY="0"/>
    </frame>
    <frame displayIndex="54" z="0" duration="1">
     <transform scX="1" x="0" scY="1" y="0" pX="0" pY="0" skX="0" skY="0"/>
    </frame>
    <frame displayIndex="55" z="0" duration="2">
     <transform scX="1" x="0" scY="1" y="0" pX="0" pY="0" skX="0" skY="0"/>
    </frame>
    <frame displayIndex="56" z="0" duration="2">
     <transform scX="1" x="0" scY="1" y="0" pX="0" pY="0" skX="0" skY="0"/>
    </frame>
    <frame displayIndex="57" z="0" duration="2">
     <transform scX="1" x="0" scY="1" y="0" pX="0" pY="0" skX="0" skY="0"/>
    </frame>
    <frame displayIndex="58" z="0" duration="2">
     <transform scX="1" x="0" scY="1" y="0" pX="0" pY="0" skX="0" skY="0"/>
    </frame>
    <frame displayIndex="59" z="0" duration="2">
     <transform scX="1" x="0" scY="1" y="0" pX="0" pY="0" skX="0" skY="0"/>
    </frame>
    <frame displayIndex="60" z="0" duration="2">
     <transform scX="1" x="0" scY="1" y="0" pX="0" pY="0" skX="0" skY="0"/>
    </frame>
    <frame displayIndex="61" z="0" duration="2">
     <transform scX="1" x="0" scY="1" y="0" pX="0" pY="0" skX="0" skY="0"/>
    </frame>
    <frame displayIndex="62" z="0" duration="2">
     <transform scX="1" x="0" scY="1" y="0" pX="0" pY="0" skX="0" skY="0"/>
    </frame>
    <frame displayIndex="63" z="0" duration="2">
     <transform scX="1" x="0" scY="1" y="0" pX="0" pY="0" skX="0" skY="0"/>
    </frame>
    <frame displayIndex="64" z="0" duration="2">
     <transform scX="1" x="0" scY="1" y="0" pX="0" pY="0" skX="0" skY="0"/>
    </frame>
    <frame displayIndex="65" z="0" duration="2">
     <transform scX="1" x="0" scY="1" y="0" pX="0" pY="0" skX="0" skY="0"/>
    </frame>
    <frame displayIndex="66" z="0" duration="2">
     <transform scX="1" x="0" scY="1" y="0" pX="0" pY="0" skX="0" skY="0"/>
    </frame>
    <frame displayIndex="67" z="0" duration="2">
     <transform scX="1" x="0" scY="1" y="0" pX="0" pY="0" skX="0" skY="0"/>
    </frame>
    <frame displayIndex="68" z="0" duration="2">
     <transform scX="1" x="0" scY="1" y="0" pX="0" pY="0" skX="0" skY="0"/>
    </frame>
    <frame displayIndex="69" z="0" duration="2">
     <transform scX="1" x="0" scY="1" y="0" pX="0" pY="0" skX="0" skY="0"/>
    </frame>
    <frame displayIndex="70" z="0" duration="2">
     <transform scX="1" x="0" scY="1" y="0" pX="0" pY="0" skX="0" skY="0"/>
    </frame>
    <frame displayIndex="71" z="0" duration="1">
     <transform scX="1" x="0" scY="1" y="0" pX="0" pY="0" skX="0" skY="0"/>
    </frame>
    <frame displayIndex="71" z="0" duration="1">
     <transform scX="1" x="0" scY="1" y="0" pX="0" pY="0" skX="0" skY="0"/>
    </frame>
   </timeline>
  </animation>
 </armature>
 <armature name="dustAnima">
  <skin name="default">
   <slot name="dustAnima" z="0" parent="dustAnima">
    <display name="Shape/shape 7663" type="image">
     <transform scX="1" x="0" scY="1" y="0" pX="40" pY="14" skX="0" skY="0"/>
    </display>
    <display name="Shape/shape 7665" type="image">
     <transform scX="1" x="0" scY="1" y="0" pX="40" pY="14" skX="0" skY="0"/>
    </display>
    <display name="Shape/shape 7667" type="image">
     <transform scX="1" x="0" scY="1" y="0" pX="40" pY="14" skX="0" skY="0"/>
    </display>
    <display name="Shape/shape 7669" type="image">
     <transform scX="1" x="0" scY="1" y="0" pX="40" pY="14" skX="0" skY="0"/>
    </display>
    <display name="Shape/shape 7671" type="image">
     <transform scX="1" x="0" scY="1" y="0" pX="40" pY="14" skX="0" skY="0"/>
    </display>
    <display name="Shape/shape 7673" type="image">
     <transform scX="1" x="0" scY="1" y="0" pX="40" pY="14" skX="0" skY="0"/>
    </display>
    <display name="Shape/shape 7675" type="image">
     <transform scX="1" x="0" scY="1" y="0" pX="40" pY="14" skX="0" skY="0"/>
    </display>
    <display name="Shape/shape 7677" type="image">
     <transform scX="1" x="0" scY="1" y="0" pX="40" pY="14" skX="0" skY="0"/>
    </display>
    <display name="Shape/shape 7679" type="image">
     <transform scX="1" x="0" scY="1" y="0" pX="40" pY="14" skX="0" skY="0"/>
    </display>
    <display name="Shape/shape 7681" type="image">
     <transform scX="1" x="0" scY="1" y="0" pX="40" pY="14" skX="0" skY="0"/>
    </display>
    <display name="Shape/shape 7683" type="image">
     <transform scX="1" x="0" scY="1" y="0" pX="40" pY="14" skX="0" skY="0"/>
    </display>
    <display name="Shape/shape 7685" type="image">
     <transform scX="1" x="0" scY="1" y="0" pX="40" pY="14" skX="0" skY="0"/>
    </display>
    <display name="Shape/shape 7687" type="image">
     <transform scX="1" x="0" scY="1" y="0" pX="40" pY="14" skX="0" skY="0"/>
    </display>
    <display name="Shape/shape 7689" type="image">
     <transform scX="1" x="0" scY="1" y="0" pX="40" pY="14" skX="0" skY="0"/>
    </display>
    <display name="Shape/shape 7691" type="image">
     <transform scX="1" x="0" scY="1" y="0" pX="40" pY="14" skX="0" skY="0"/>
    </display>
    <display name="Shape/shape 7693" type="image">
     <transform scX="1" x="0" scY="1" y="0" pX="40" pY="14" skX="0" skY="0"/>
    </display>
    <display name="Shape/shape 7695" type="image">
     <transform scX="1" x="0" scY="1" y="0" pX="40" pY="14" skX="0" skY="0"/>
    </display>
    <display name="Shape/shape 7697" type="image">
     <transform scX="1" x="0" scY="1" y="0" pX="40" pY="14" skX="0" skY="0"/>
    </display>
    <display name="Shape/shape 7699" type="image">
     <transform scX="1" x="0" scY="1" y="0" pX="40" pY="14" skX="0" skY="0"/>
    </display>
    <display name="Shape/shape 7701" type="image">
     <transform scX="1" x="0" scY="1" y="0" pX="40" pY="14" skX="0" skY="0"/>
    </display>
   </slot>
  </skin>
  <bone name="dustAnima">
   <transform scX="1" x="0" skX="0" scY="1" y="0" skY="0"/>
  </bone>
  <animation fadeInTime="0.3" scale="1" loop="1" autoTween="NaN" name="dustAnima" duration="40" tweenEasing="NaN">
   <timeline pX="0" name="dustAnima" pY="0" scale="1" offset="0">
    <frame z="0" duration="2">
     <transform scX="1" x="0" scY="1" y="0" pX="0" pY="0" skX="0" skY="0"/>
    </frame>
    <frame displayIndex="1" z="0" duration="2">
     <transform scX="1" x="0" scY="1" y="0" pX="0" pY="0" skX="0" skY="0"/>
    </frame>
    <frame displayIndex="2" z="0" duration="2">
     <transform scX="1" x="0" scY="1" y="0" pX="0" pY="0" skX="0" skY="0"/>
    </frame>
    <frame displayIndex="3" z="0" duration="2">
     <transform scX="1" x="0" scY="1" y="0" pX="0" pY="0" skX="0" skY="0"/>
    </frame>
    <frame displayIndex="4" z="0" duration="2">
     <transform scX="1" x="0" scY="1" y="0" pX="0" pY="0" skX="0" skY="0"/>
    </frame>
    <frame displayIndex="5" z="0" duration="2">
     <transform scX="1" x="0" scY="1" y="0" pX="0" pY="0" skX="0" skY="0"/>
    </frame>
    <frame displayIndex="6" z="0" duration="2">
     <transform scX="1" x="0" scY="1" y="0" pX="0" pY="0" skX="0" skY="0"/>
    </frame>
    <frame displayIndex="7" z="0" duration="2">
     <transform scX="1" x="0" scY="1" y="0" pX="0" pY="0" skX="0" skY="0"/>
    </frame>
    <frame displayIndex="8" z="0" duration="2">
     <transform scX="1" x="0" scY="1" y="0" pX="0" pY="0" skX="0" skY="0"/>
    </frame>
    <frame displayIndex="9" z="0" duration="2">
     <transform scX="1" x="0" scY="1" y="0" pX="0" pY="0" skX="0" skY="0"/>
    </frame>
    <frame displayIndex="10" z="0" duration="2">
     <transform scX="1" x="0" scY="1" y="0" pX="0" pY="0" skX="0" skY="0"/>
    </frame>
    <frame displayIndex="11" z="0" duration="2">
     <transform scX="1" x="0" scY="1" y="0" pX="0" pY="0" skX="0" skY="0"/>
    </frame>
    <frame displayIndex="12" z="0" duration="2">
     <transform scX="1" x="0" scY="1" y="0" pX="0" pY="0" skX="0" skY="0"/>
    </frame>
    <frame displayIndex="13" z="0" duration="2">
     <transform scX="1" x="0" scY="1" y="0" pX="0" pY="0" skX="0" skY="0"/>
    </frame>
    <frame displayIndex="14" z="0" duration="2">
     <transform scX="1" x="0" scY="1" y="0" pX="0" pY="0" skX="0" skY="0"/>
    </frame>
    <frame displayIndex="15" z="0" duration="2">
     <transform scX="1" x="0" scY="1" y="0" pX="0" pY="0" skX="0" skY="0"/>
    </frame>
    <frame displayIndex="16" z="0" duration="2">
     <transform scX="1" x="0" scY="1" y="0" pX="0" pY="0" skX="0" skY="0"/>
    </frame>
    <frame displayIndex="17" z="0" duration="2">
     <transform scX="1" x="0" scY="1" y="0" pX="0" pY="0" skX="0" skY="0"/>
    </frame>
    <frame displayIndex="18" z="0" duration="2">
     <transform scX="1" x="0" scY="1" y="0" pX="0" pY="0" skX="0" skY="0"/>
    </frame>
    <frame displayIndex="19" z="0" duration="1">
     <transform scX="1" x="0" scY="1" y="0" pX="0" pY="0" skX="0" skY="0"/>
    </frame>
    <frame displayIndex="19" z="0" duration="1">
     <transform scX="1" x="0" scY="1" y="0" pX="0" pY="0" skX="0" skY="0"/>
    </frame>
   </timeline>
  </animation>
 </armature>
</root>