<dragonBones name="~brave-heads-cn" frameRate="30" version="2.3">
 <armature name="stonedeath">
  <bone name="Layer 1">
   <transform x="0" y="0" skX="0" skY="0" scX="1" scY="1"/>
  </bone>
  <bone name="Layer 2">
   <transform x="0" y="0" skX="0" skY="0" scX="1" scY="1"/>
  </bone>
  <skin name="default">
   <slot name="Layer 1" parent="Layer 1" z="0">
    <display name="Shape/shape 8151" type="image">
     <transform x="0" y="0" skX="0" skY="0" scX="1" scY="1" pX="33" pY="31"/>
    </display>
    <display name="Shape/shape 8153" type="image">
     <transform x="0" y="0" skX="0" skY="0" scX="1" scY="1" pX="33" pY="31"/>
    </display>
    <display name="Shape/shape 8155" type="image">
     <transform x="0" y="0" skX="0" skY="0" scX="1" scY="1" pX="33" pY="31"/>
    </display>
    <display name="__dbTextures/Sprite/sprite 8175/Layer 1_3" type="image">
     <transform x="-14.9" y="-5.15" skX="0" skY="0" scX="1" scY="1" pX="0" pY="0"/>
    </display>
    <display name="__dbTextures/Sprite/sprite 8175/Layer 1_4" type="image">
     <transform x="-14.65" y="-5.15" skX="0" skY="0" scX="1" scY="1" pX="0" pY="0"/>
    </display>
    <display name="__dbTextures/Sprite/sprite 8175/Layer 1_5" type="image">
     <transform x="-14.65" y="-5.15" skX="0" skY="0" scX="1" scY="1" pX="0" pY="0"/>
    </display>
    <display name="__dbTextures/Sprite/sprite 8175/Layer 1_6" type="image">
     <transform x="-14.65" y="-5.15" skX="0" skY="0" scX="1" scY="1" pX="0" pY="0"/>
    </display>
    <display name="__dbTextures/Sprite/sprite 8175/Layer 1_7" type="image">
     <transform x="-14.65" y="-5.15" skX="0" skY="0" scX="1" scY="1" pX="0" pY="0"/>
    </display>
    <display name="__dbTextures/Sprite/sprite 8175/Layer 1_8" type="image">
     <transform x="-14.65" y="-5.15" skX="0" skY="0" scX="1" scY="1" pX="0" pY="0"/>
    </display>
    <display name="__dbTextures/Sprite/sprite 8175/Layer 1_9" type="image">
     <transform x="-14.65" y="-5.15" skX="0" skY="0" scX="1" scY="1" pX="0" pY="0"/>
    </display>
    <display name="__dbTextures/Sprite/sprite 8175/Layer 1_10" type="image">
     <transform x="-14.65" y="-5.15" skX="0" skY="0" scX="1" scY="1" pX="0" pY="0"/>
    </display>
    <display name="__dbTextures/Sprite/sprite 8175/Layer 1_11" type="image">
     <transform x="-14.65" y="-5.15" skX="0" skY="0" scX="1" scY="1" pX="0" pY="0"/>
    </display>
    <display name="__dbTextures/Sprite/sprite 8175/Layer 1_12" type="image">
     <transform x="-14.65" y="-5.15" skX="0" skY="0" scX="1" scY="1" pX="0" pY="0"/>
    </display>
    <display name="__dbTextures/Sprite/sprite 8175/Layer 1_13" type="image">
     <transform x="-14.65" y="-5.15" skX="0" skY="0" scX="1" scY="1" pX="0" pY="0"/>
    </display>
    <display name="__dbTextures/Sprite/sprite 8175/Layer 1_14" type="image">
     <transform x="-14.65" y="-5.15" skX="0" skY="0" scX="1" scY="1" pX="0" pY="0"/>
    </display>
    <display name="__dbTextures/Sprite/sprite 8175/Layer 1_15" type="image">
     <transform x="-14.9" y="-5.15" skX="0" skY="0" scX="1" scY="1" pX="0" pY="0"/>
    </display>
    <display name="__dbTextures/Sprite/sprite 8175/Layer 1_16" type="image">
     <transform x="-14.9" y="-5.15" skX="0" skY="0" scX="1" scY="1" pX="0" pY="0"/>
    </display>
    <display name="__dbTextures/Sprite/sprite 8175/Layer 1_17" type="image">
     <transform x="-14.65" y="-5.15" skX="0" skY="0" scX="1" scY="1" pX="0" pY="0"/>
    </display>
    <display name="__dbTextures/Sprite/sprite 8175/Layer 1_18" type="image">
     <transform x="-14.65" y="-5.15" skX="0" skY="0" scX="1" scY="1" pX="0" pY="0"/>
    </display>
    <display name="__dbTextures/Sprite/sprite 8175/Layer 1_19" type="image">
     <transform x="-14.65" y="-5.15" skX="0" skY="0" scX="1" scY="1" pX="0" pY="0"/>
    </display>
    <display name="__dbTextures/Sprite/sprite 8175/Layer 1_20" type="image">
     <transform x="-14.65" y="-5.15" skX="0" skY="0" scX="1" scY="1" pX="0" pY="0"/>
    </display>
    <display name="__dbTextures/Sprite/sprite 8175/Layer 1_21" type="image">
     <transform x="-14.9" y="-5.15" skX="0" skY="0" scX="1" scY="1" pX="0" pY="0"/>
    </display>
    <display name="Shape/shape 8174" type="image">
     <transform x="0" y="0" skX="0" skY="0" scX="1" scY="1" pX="13.85" pY="-9.65"/>
    </display>
   </slot>
   <slot name="Layer 2" parent="Layer 2" z="1">
    <display name="Shape/shape 8158" type="image">
     <transform x="0" y="0" skX="0" skY="0" scX="1" scY="1" pX="33" pY="31"/>
    </display>
    <display name="Shape/shape 8160" type="image">
     <transform x="0" y="0" skX="0" skY="0" scX="1" scY="1" pX="33" pY="31"/>
    </display>
    <display name="Shape/shape 8162" type="image">
     <transform x="0" y="0" skX="0" skY="0" scX="1" scY="1" pX="33" pY="31"/>
    </display>
    <display name="Shape/shape 8164" type="image">
     <transform x="0" y="0" skX="0" skY="0" scX="1" scY="1" pX="33" pY="31"/>
    </display>
    <display name="Shape/shape 8166" type="image">
     <transform x="0" y="0" skX="0" skY="0" scX="1" scY="1" pX="33" pY="31"/>
    </display>
    <display name="Shape/shape 8168" type="image">
     <transform x="0" y="0" skX="0" skY="0" scX="1" scY="1" pX="33" pY="31"/>
    </display>
    <display name="Shape/shape 8170" type="image">
     <transform x="0" y="0" skX="0" skY="0" scX="1" scY="1" pX="33" pY="31"/>
    </display>
    <display name="Shape/shape 8172" type="image">
     <transform x="0" y="0" skX="0" skY="0" scX="1" scY="1" pX="33" pY="31"/>
    </display>
   </slot>
  </skin>
  <animation name="stonedeath" fadeInTime="0.3" duration="23" scale="1" loop="1" autoTween="1" tweenEasing="NaN">
   <timeline name="Layer 1" scale="1" offset="0">
    <frame z="0" duration="1">
     <transform x="0" y="0" skX="0" skY="0" scX="1" scY="1" pX="0" pY="0"/>
    </frame>
    <frame z="0" displayIndex="1" duration="1">
     <transform x="0" y="0" skX="0" skY="0" scX="1" scY="1" pX="0" pY="0"/>
    </frame>
    <frame z="0" displayIndex="2" duration="1">
     <transform x="0" y="0" skX="0" skY="0" scX="1" scY="1" pX="0" pY="0"/>
    </frame>
    <frame z="0" displayIndex="3" tweenEasing="NaN" duration="1">
     <transform x="1.05" y="14.8" skX="0" skY="0" scX="1" scY="1" pX="0" pY="0"/>
    </frame>
    <frame z="0" displayIndex="4" tweenEasing="NaN" duration="1">
     <transform x="0.8" y="14.8" skX="0" skY="0" scX="1" scY="1" pX="0" pY="0"/>
    </frame>
    <frame z="0" displayIndex="5" tweenEasing="NaN" duration="1">
     <transform x="0.8" y="14.8" skX="0" skY="0" scX="1" scY="1" pX="0" pY="0"/>
    </frame>
    <frame z="0" displayIndex="6" tweenEasing="NaN" duration="1">
     <transform x="0.8" y="14.8" skX="0" skY="0" scX="1" scY="1" pX="0" pY="0"/>
    </frame>
    <frame z="0" displayIndex="7" tweenEasing="NaN" duration="1">
     <transform x="0.8" y="14.8" skX="0" skY="0" scX="1" scY="1" pX="0" pY="0"/>
    </frame>
    <frame z="0" displayIndex="8" tweenEasing="NaN" duration="1">
     <transform x="0.8" y="14.8" skX="0" skY="0" scX="1" scY="1" pX="0" pY="0"/>
    </frame>
    <frame z="0" displayIndex="9" tweenEasing="NaN" duration="1">
     <transform x="0.8" y="14.8" skX="0" skY="0" scX="1" scY="1" pX="0" pY="0"/>
    </frame>
    <frame z="0" displayIndex="10" tweenEasing="NaN" duration="1">
     <transform x="0.8" y="14.8" skX="0" skY="0" scX="1" scY="1" pX="0" pY="0"/>
    </frame>
    <frame z="0" displayIndex="11" tweenEasing="NaN" duration="1">
     <transform x="0.8" y="14.8" skX="0" skY="0" scX="1" scY="1" pX="0" pY="0"/>
    </frame>
    <frame z="0" displayIndex="12" tweenEasing="NaN" duration="1">
     <transform x="0.8" y="14.8" skX="0" skY="0" scX="1" scY="1" pX="0" pY="0"/>
    </frame>
    <frame z="0" displayIndex="13" tweenEasing="NaN" duration="1">
     <transform x="0.8" y="14.8" skX="0" skY="0" scX="1" scY="1" pX="0" pY="0"/>
    </frame>
    <frame z="0" displayIndex="14" tweenEasing="NaN" duration="1">
     <transform x="0.8" y="14.8" skX="0" skY="0" scX="1" scY="1" pX="0" pY="0"/>
    </frame>
    <frame z="0" displayIndex="15" tweenEasing="NaN" duration="1">
     <transform x="1.05" y="14.8" skX="0" skY="0" scX="1" scY="1" pX="0" pY="0"/>
    </frame>
    <frame z="0" displayIndex="16" tweenEasing="NaN" duration="1">
     <transform x="1.05" y="14.8" skX="0" skY="0" scX="1" scY="1" pX="0" pY="0"/>
    </frame>
    <frame z="0" displayIndex="17" tweenEasing="NaN" duration="1">
     <transform x="0.8" y="14.8" skX="0" skY="0" scX="1" scY="1" pX="0" pY="0"/>
    </frame>
    <frame z="0" displayIndex="18" tweenEasing="NaN" duration="1">
     <transform x="0.8" y="14.8" skX="0" skY="0" scX="1" scY="1" pX="0" pY="0"/>
    </frame>
    <frame z="0" displayIndex="19" tweenEasing="NaN" duration="1">
     <transform x="0.8" y="14.8" skX="0" skY="0" scX="1" scY="1" pX="0" pY="0"/>
    </frame>
    <frame z="0" displayIndex="20" tweenEasing="NaN" duration="1">
     <transform x="0.8" y="14.8" skX="0" skY="0" scX="1" scY="1" pX="0" pY="0"/>
    </frame>
    <frame z="0" displayIndex="21" tweenEasing="NaN" duration="1">
     <transform x="1.05" y="14.8" skX="0" skY="0" scX="1" scY="1" pX="0" pY="0"/>
    </frame>
    <frame z="0" displayIndex="22" duration="1">
     <transform x="0" y="0" skX="0" skY="0" scX="1" scY="1" pX="0" pY="0"/>
    </frame>
   </timeline>
   <timeline name="Layer 2" scale="1" offset="0">
    <frame duration="3" displayIndex="-1"/>
    <frame z="1" duration="1">
     <transform x="0" y="0" skX="0" skY="0" scX="1" scY="1" pX="0" pY="0"/>
    </frame>
    <frame z="1" displayIndex="1" duration="1">
     <transform x="0" y="0" skX="0" skY="0" scX="1" scY="1" pX="0" pY="0"/>
    </frame>
    <frame z="1" displayIndex="2" duration="1">
     <transform x="0" y="0" skX="0" skY="0" scX="1" scY="1" pX="0" pY="0"/>
    </frame>
    <frame z="1" displayIndex="3" duration="2">
     <transform x="0" y="0" skX="0" skY="0" scX="1" scY="1" pX="0" pY="0"/>
    </frame>
    <frame z="1" displayIndex="4" duration="2">
     <transform x="0" y="0" skX="0" skY="0" scX="1" scY="1" pX="0" pY="0"/>
    </frame>
    <frame z="1" displayIndex="5" duration="2">
     <transform x="0" y="0" skX="0" skY="0" scX="1" scY="1" pX="0" pY="0"/>
    </frame>
    <frame z="1" displayIndex="6" duration="2">
     <transform x="0" y="0" skX="0" skY="0" scX="1" scY="1" pX="0" pY="0"/>
    </frame>
    <frame z="1" displayIndex="7" duration="2">
     <transform x="0" y="0" skX="0" skY="0" scX="1" scY="1" pX="0" pY="0"/>
    </frame>
    <frame duration="7" displayIndex="-1"/>
   </timeline>
   <frame duration="3"/>
   <frame duration="20" event="aa"/>
  </animation>
 </armature>
</dragonBones>