<TextureAtlas name="stonedeath" imagePath="texture.png">
 <SubTexture name="Shape/shape 8151" x="136" y="128" width="66" height="62"/>
 <SubTexture name="Shape/shape 8153" x="136" y="64" width="66" height="62"/>
 <SubTexture name="Shape/shape 8155" x="0" y="64" width="66" height="62"/>
 <SubTexture name="__dbTextures/Sprite/sprite 8175/Layer 1_3" x="204" y="36" width="30" height="11"/>
 <SubTexture name="__dbTextures/Sprite/sprite 8175/Layer 1_4" x="204" y="96" width="30" height="11"/>
 <SubTexture name="__dbTextures/Sprite/sprite 8175/Layer 1_5" x="204" y="72" width="30" height="11"/>
 <SubTexture name="__dbTextures/Sprite/sprite 8175/Layer 1_6" x="204" y="144" width="30" height="11"/>
 <SubTexture name="__dbTextures/Sprite/sprite 8175/Layer 1_7" x="204" y="108" width="30" height="11"/>
 <SubTexture name="__dbTextures/Sprite/sprite 8175/Layer 1_8" x="136" y="192" width="30" height="11"/>
 <SubTexture name="__dbTextures/Sprite/sprite 8175/Layer 1_9" x="136" y="204" width="30" height="11"/>
 <SubTexture name="__dbTextures/Sprite/sprite 8175/Layer 1_10" x="204" y="180" width="30" height="11"/>
 <SubTexture name="__dbTextures/Sprite/sprite 8175/Layer 1_11" x="167" y="192" width="30" height="11"/>
 <SubTexture name="__dbTextures/Sprite/sprite 8175/Layer 1_12" x="204" y="60" width="30" height="11"/>
 <SubTexture name="__dbTextures/Sprite/sprite 8175/Layer 1_13" x="204" y="168" width="30" height="11"/>
 <SubTexture name="__dbTextures/Sprite/sprite 8175/Layer 1_14" x="204" y="84" width="30" height="11"/>
 <SubTexture name="__dbTextures/Sprite/sprite 8175/Layer 1_15" x="204" y="12" width="30" height="11"/>
 <SubTexture name="__dbTextures/Sprite/sprite 8175/Layer 1_16" x="204" y="24" width="30" height="11"/>
 <SubTexture name="__dbTextures/Sprite/sprite 8175/Layer 1_17" x="204" y="120" width="30" height="11"/>
 <SubTexture name="__dbTextures/Sprite/sprite 8175/Layer 1_18" x="204" y="156" width="30" height="11"/>
 <SubTexture name="__dbTextures/Sprite/sprite 8175/Layer 1_19" x="204" y="132" width="30" height="11"/>
 <SubTexture name="__dbTextures/Sprite/sprite 8175/Layer 1_20" x="198" y="192" width="30" height="11"/>
 <SubTexture name="__dbTextures/Sprite/sprite 8175/Layer 1_21" x="204" y="0" width="30" height="11"/>
 <SubTexture name="Shape/shape 8174" x="204" y="48" width="30" height="11"/>
 <SubTexture name="Shape/shape 8158" x="0" y="192" width="66" height="62"/>
 <SubTexture name="Shape/shape 8160" x="68" y="0" width="66" height="62"/>
 <SubTexture name="Shape/shape 8162" x="136" y="0" width="66" height="62"/>
 <SubTexture name="Shape/shape 8164" x="0" y="0" width="66" height="62"/>
 <SubTexture name="Shape/shape 8166" x="68" y="128" width="66" height="62"/>
 <SubTexture name="Shape/shape 8168" x="68" y="64" width="66" height="62"/>
 <SubTexture name="Shape/shape 8170" x="68" y="192" width="66" height="62"/>
 <SubTexture name="Shape/shape 8172" x="0" y="128" width="66" height="62"/>
</TextureAtlas>