<TextureAtlas name="Unit3_mc" imagePath="texture.png">
 <SubTexture name="dust4" x="156" y="52" width="50" height="50"/>
 <SubTexture name="selectUnit" x="104" y="104" width="50" height="50"/>
 <SubTexture name="shadow" x="104" y="208" width="50" height="50"/>
 <SubTexture name="healthBar" x="104" y="156" width="50" height="50"/>
 <SubTexture name="armor" x="52" y="104" width="50" height="50"/>
 <SubTexture name="iceEffect" x="156" y="208" width="50" height="50"/>
 <SubTexture name="fireEffect" x="104" y="0" width="50" height="50"/>
 <SubTexture name="iceFreez" x="156" y="104" width="50" height="50"/>
 <SubTexture name="levinattack" x="0" y="0" width="50" height="50"/>
 <SubTexture name="iceattack" x="52" y="0" width="50" height="50"/>
 <SubTexture name="fireattack" x="0" y="104" width="50" height="50"/>
 <SubTexture name="dust3" x="0" y="208" width="50" height="50"/>
 <SubTexture name="dust2" x="52" y="208" width="50" height="50"/>
 <SubTexture name="dust1" x="104" y="52" width="50" height="50"/>
 <SubTexture name="buffSpeed" x="0" y="52" width="50" height="50"/>
 <SubTexture name="airShock" x="0" y="260" width="50" height="50"/>
 <SubTexture name="buffHP" x="52" y="156" width="50" height="50"/>
 <SubTexture name="iceDeath" x="52" y="52" width="50" height="50"/>
 <SubTexture name="stonedeath" x="0" y="156" width="50" height="50"/>
 <SubTexture name="levindeath" x="156" y="0" width="50" height="50"/>
 <SubTexture name="case" x="156" y="156" width="50" height="50"/>
 <SubTexture name="Shape/shape 2393" x="208" y="0" width="25" height="29"/>
 <SubTexture name="Shape/shape 2395" x="208" y="93" width="25" height="29"/>
 <SubTexture name="Shape/shape 2397" x="208" y="62" width="25" height="29"/>
 <SubTexture name="Shape/shape 2399" x="208" y="124" width="25" height="29"/>
 <SubTexture name="Shape/shape 2401" x="208" y="31" width="25" height="29"/>
 <SubTexture name="Shape/shape 2403" x="208" y="155" width="25" height="28"/>
 <SubTexture name="Shape/shape 2405" x="208" y="215" width="25" height="28"/>
 <SubTexture name="Shape/shape 2407" x="52" y="260" width="25" height="28"/>
 <SubTexture name="Shape/shape 2409" x="208" y="245" width="25" height="28"/>
 <SubTexture name="Shape/shape 2411" x="208" y="185" width="25" height="28"/>
</TextureAtlas>