<TextureAtlas name="Golem1HorisontDeath_mc" imagePath="texture.png">
 <SubTexture name="Shape/shape 2021" x="762" y="87" width="125" height="85"/>
 <SubTexture name="Shape/shape 2023" x="635" y="174" width="125" height="85"/>
 <SubTexture name="Shape/shape 2025" x="889" y="87" width="125" height="85"/>
 <SubTexture name="Shape/shape 2027" x="762" y="0" width="125" height="85"/>
 <SubTexture name="Shape/shape 2029" x="0" y="174" width="125" height="85"/>
 <SubTexture name="Shape/shape 2031" x="254" y="174" width="125" height="85"/>
 <SubTexture name="Shape/shape 2033" x="254" y="261" width="125" height="85"/>
 <SubTexture name="Shape/shape 2035" x="127" y="0" width="125" height="85"/>
 <SubTexture name="Shape/shape 2037" x="127" y="261" width="125" height="85"/>
 <SubTexture name="Shape/shape 2039" x="381" y="87" width="125" height="85"/>
 <SubTexture name="Shape/shape 2041" x="381" y="174" width="125" height="85"/>
 <SubTexture name="Shape/shape 2043" x="635" y="261" width="125" height="85"/>
 <SubTexture name="Shape/shape 2045" x="0" y="87" width="125" height="85"/>
 <SubTexture name="Shape/shape 2047" x="508" y="174" width="125" height="85"/>
 <SubTexture name="Shape/shape 2049" x="0" y="261" width="125" height="85"/>
 <SubTexture name="Shape/shape 2051" x="381" y="261" width="125" height="85"/>
 <SubTexture name="Shape/shape 2053" x="508" y="261" width="125" height="85"/>
 <SubTexture name="Shape/shape 2055" x="127" y="174" width="125" height="85"/>
 <SubTexture name="Shape/shape 2057" x="127" y="87" width="125" height="85"/>
 <SubTexture name="Shape/shape 2059" x="254" y="0" width="125" height="85"/>
 <SubTexture name="Shape/shape 2061" x="635" y="87" width="125" height="85"/>
 <SubTexture name="Shape/shape 2063" x="508" y="87" width="125" height="85"/>
 <SubTexture name="Shape/shape 2065" x="762" y="174" width="125" height="85"/>
 <SubTexture name="Shape/shape 2067" x="381" y="0" width="125" height="85"/>
 <SubTexture name="Shape/shape 2069" x="889" y="0" width="125" height="85"/>
 <SubTexture name="Shape/shape 2071" x="635" y="0" width="125" height="85"/>
 <SubTexture name="Shape/shape 2073" x="0" y="0" width="125" height="85"/>
 <SubTexture name="Shape/shape 2075" x="508" y="0" width="125" height="85"/>
 <SubTexture name="Shape/shape 2077" x="254" y="87" width="125" height="85"/>
 <SubTexture name="Shape/shape 2079" x="889" y="174" width="125" height="85"/>
</TextureAtlas>