<dragonBones name="1yrt" frameRate="30" version="2.3">
 <armature name="BulletStoneTower_mc">
  <bone name="Layer 1">
   <transform x="-0.2" y="-0.85" skX="0" skY="0" scX="0.65" scY="0.65"/>
  </bone>
  <skin name="default">
   <slot name="Layer 1" parent="Layer 1" z="0">
    <display name="Shape/shape 4305" type="image">
     <transform x="0" y="0" skX="0" skY="0" scX="1" scY="1" pX="12" pY="10"/>
    </display>
    <display name="Shape/shape 4307" type="image">
     <transform x="0" y="0" skX="0" skY="0" scX="1" scY="1" pX="11" pY="10"/>
    </display>
    <display name="Shape/shape 4309" type="image">
     <transform x="0" y="0" skX="0" skY="0" scX="1" scY="1" pX="11" pY="10"/>
    </display>
    <display name="Shape/shape 4311" type="image">
     <transform x="0" y="0" skX="0" skY="0" scX="1" scY="1" pX="11" pY="10"/>
    </display>
    <display name="Shape/shape 4313" type="image">
     <transform x="0" y="0" skX="0" skY="0" scX="1" scY="1" pX="11" pY="10"/>
    </display>
    <display name="Shape/shape 4315" type="image">
     <transform x="0" y="0" skX="0" skY="0" scX="1" scY="1" pX="12" pY="10"/>
    </display>
    <display name="Shape/shape 4316" type="image">
     <transform x="0" y="0" skX="0" skY="0" scX="1" scY="1" pX="11" pY="10"/>
    </display>
    <display name="Shape/shape 4317" type="image">
     <transform x="0" y="0" skX="0" skY="0" scX="1" scY="1" pX="11" pY="10"/>
    </display>
    <display name="Shape/shape 4318" type="image">
     <transform x="0" y="0" skX="0" skY="0" scX="1" scY="1" pX="11" pY="10"/>
    </display>
    <display name="Shape/shape 4319" type="image">
     <transform x="0" y="0" skX="0" skY="0" scX="1" scY="1" pX="12" pY="10"/>
    </display>
    <display name="Shape/shape 4320" type="image">
     <transform x="0" y="0" skX="0" skY="0" scX="1" scY="1" pX="12" pY="11"/>
    </display>
    <display name="Shape/shape 4322" type="image">
     <transform x="0" y="0" skX="0" skY="0" scX="1" scY="1" pX="12" pY="10"/>
    </display>
    <display name="Shape/shape 4324" type="image">
     <transform x="0" y="0" skX="0" skY="0" scX="1" scY="1" pX="11" pY="10"/>
    </display>
    <display name="Shape/shape 4326" type="image">
     <transform x="0" y="0" skX="0" skY="0" scX="1" scY="1" pX="11" pY="10"/>
    </display>
    <display name="Shape/shape 4328" type="image">
     <transform x="0" y="0" skX="0" skY="0" scX="1" scY="1" pX="11" pY="11"/>
    </display>
    <display name="Shape/shape 4330" type="image">
     <transform x="0" y="0" skX="0" skY="0" scX="1" scY="1" pX="11" pY="10"/>
    </display>
    <display name="Shape/shape 4332" type="image">
     <transform x="0" y="0" skX="0" skY="0" scX="1" scY="1" pX="12" pY="10"/>
    </display>
    <display name="Shape/shape 4333" type="image">
     <transform x="0" y="0" skX="0" skY="0" scX="1" scY="1" pX="12" pY="11"/>
    </display>
    <display name="Shape/shape 4334" type="image">
     <transform x="0" y="0" skX="0" skY="0" scX="1" scY="1"/>
    </display>
    <display name="Shape/shape 4336" type="image">
     <transform x="0" y="0" skX="0" skY="0" scX="1" scY="1"/>
    </display>
    <display name="Shape/shape 4337" type="image">
     <transform x="0" y="0" skX="0" skY="0" scX="1" scY="1"/>
    </display>
   </slot>
  </skin>
  <animation name="BulletStoneTower_mc" fadeInTime="0.3" duration="44" scale="1" loop="1" autoTween="1" tweenEasing="NaN">
   <timeline name="Layer 1" scale="1" offset="0">
    <frame z="0" duration="2">
     <transform x="-0.2" y="-0.85" skX="0" skY="0" scX="0.65" scY="0.65" pX="0" pY="0"/>
    </frame>
    <frame z="0" displayIndex="1" duration="2">
     <transform x="-0.2" y="-0.85" skX="0" skY="0" scX="0.65" scY="0.65" pX="0" pY="0"/>
    </frame>
    <frame z="0" displayIndex="2" duration="2">
     <transform x="-0.2" y="-0.85" skX="0" skY="0" scX="0.65" scY="0.65" pX="0" pY="0"/>
    </frame>
    <frame z="0" displayIndex="3" duration="2">
     <transform x="-0.2" y="-0.85" skX="0" skY="0" scX="0.65" scY="0.65" pX="0" pY="0"/>
    </frame>
    <frame z="0" displayIndex="4" duration="2">
     <transform x="-0.2" y="-0.85" skX="0" skY="0" scX="0.65" scY="0.65" pX="0" pY="0"/>
    </frame>
    <frame z="0" displayIndex="5" duration="3">
     <transform x="-0.2" y="-0.85" skX="0" skY="0" scX="0.65" scY="0.65" pX="0" pY="0"/>
    </frame>
    <frame z="0" displayIndex="6" duration="2">
     <transform x="-0.2" y="-0.85" skX="0" skY="0" scX="0.65" scY="0.65" pX="0" pY="0"/>
    </frame>
    <frame z="0" displayIndex="7" duration="2">
     <transform x="-0.2" y="-0.85" skX="0" skY="0" scX="0.65" scY="0.65" pX="0" pY="0"/>
    </frame>
    <frame z="0" displayIndex="8" duration="2">
     <transform x="-0.2" y="-0.85" skX="0" skY="0" scX="0.65" scY="0.65" pX="0" pY="0"/>
    </frame>
    <frame z="0" displayIndex="9" duration="2">
     <transform x="-0.2" y="-0.85" skX="0" skY="0" scX="0.65" scY="0.65" pX="0" pY="0"/>
    </frame>
    <frame z="0" displayIndex="10" duration="2">
     <transform x="-0.2" y="-0.85" skX="0" skY="0" scX="0.65" scY="0.65" pX="0" pY="0"/>
    </frame>
    <frame z="0" displayIndex="11" duration="2">
     <transform x="-0.2" y="-0.85" skX="0" skY="0" scX="0.65" scY="0.65" pX="0" pY="0"/>
    </frame>
    <frame z="0" displayIndex="12" duration="2">
     <transform x="-0.2" y="-0.85" skX="0" skY="0" scX="0.65" scY="0.65" pX="0" pY="0"/>
    </frame>
    <frame z="0" displayIndex="13" duration="2">
     <transform x="-0.2" y="-0.85" skX="0" skY="0" scX="0.65" scY="0.65" pX="0" pY="0"/>
    </frame>
    <frame z="0" displayIndex="14" duration="2">
     <transform x="-0.2" y="-0.85" skX="0" skY="0" scX="0.65" scY="0.65" pX="0" pY="0"/>
    </frame>
    <frame z="0" displayIndex="15" duration="2">
     <transform x="-0.2" y="-0.85" skX="0" skY="0" scX="0.65" scY="0.65" pX="0" pY="0"/>
    </frame>
    <frame z="0" displayIndex="16" duration="3">
     <transform x="-0.2" y="-0.85" skX="0" skY="0" scX="0.65" scY="0.65" pX="0" pY="0"/>
    </frame>
    <frame z="0" displayIndex="17" duration="2">
     <transform x="-0.2" y="-0.85" skX="0" skY="0" scX="0.65" scY="0.65" pX="0" pY="0"/>
    </frame>
    <frame z="0" displayIndex="18" duration="2">
     <transform x="-0.2" y="-0.85" skX="0" skY="0" scX="0.65" scY="0.65" pX="0" pY="0"/>
    </frame>
    <frame z="0" displayIndex="19" duration="2">
     <transform x="-0.2" y="-0.85" skX="0" skY="0" scX="0.65" scY="0.65" pX="0" pY="0"/>
    </frame>
    <frame z="0" displayIndex="20" duration="2">
     <transform x="-0.2" y="-0.85" skX="0" skY="0" scX="0.65" scY="0.65" pX="0" pY="0"/>
    </frame>
   </timeline>
  </animation>
 </armature>
</dragonBones>