<root name="Achievements_mc" isGlobal="0" frameRate="30" version="3.0">
 <armature name="Achievements_mc">
  <skin name="default">
   <slot name="shadow" z="0" parent="shadow">
    <display name="Symbol 1600" type="image">
     <transform scX="1" x="0" scY="1" y="0" pX="350" pY="250" skX="0" skY="0"/>
    </display>
   </slot>
   <slot name="cont" z="1" parent="cont">
    <display name="Symbol 6225" type="armature">
     <transform scX="1" x="0" skX="0" scY="1" y="0" skY="0"/>
    </display>
   </slot>
  </skin>
  <bone name="shadow">
   <transform scX="1.14" x="400" skX="0" scY="1.2" y="570.75" skY="0"/>
  </bone>
  <bone name="cont">
   <transform scX="1.05" x="-20" skX="0" scY="1.05" y="-27.3" skY="0"/>
  </bone>
  <animation fadeInTime="0.3" scale="1" loop="1" autoTween="NaN" name="Achievements_mc" duration="8" tweenEasing="NaN">
   <timeline pX="0" name="shadow" pY="0" scale="1" offset="0">
    <frame z="0" duration="1">
     <transform scX="1" x="0" scY="1" y="0" pX="0" pY="0" skX="0" skY="0"/>
     <colorTransform bM="100" gO="0" bO="0" aM="0" rM="100" aO="0" gM="100" rO="0"/>
    </frame>
    <frame z="0" duration="1">
     <transform scX="1" x="0" scY="1" y="0" pX="0" pY="0" skX="0" skY="0"/>
     <colorTransform bM="100" gO="0" bO="0" aM="20" rM="100" aO="0" gM="100" rO="0"/>
    </frame>
    <frame z="0" duration="1">
     <transform scX="1" x="0" scY="1" y="0" pX="0" pY="0" skX="0" skY="0"/>
     <colorTransform bM="100" gO="0" bO="0" aM="40" rM="100" aO="0" gM="100" rO="0"/>
    </frame>
    <frame z="0" duration="1">
     <transform scX="1" x="0" scY="1" y="0" pX="0" pY="0" skX="0" skY="0"/>
     <colorTransform bM="100" gO="0" bO="0" aM="60" rM="100" aO="0" gM="100" rO="0"/>
    </frame>
    <frame z="0" duration="1">
     <transform scX="1" x="0" scY="1" y="0" pX="0" pY="0" skX="0" skY="0"/>
     <colorTransform bM="100" gO="0" bO="0" aM="80" rM="100" aO="0" gM="100" rO="0"/>
    </frame>
    <frame z="0" duration="3">
     <transform scX="1" x="0" scY="1" y="0" pX="0" pY="0" skX="0" skY="0"/>
    </frame>
   </timeline>
   <timeline pX="0" name="cont" pY="0" scale="1" offset="0">
    <frame z="0" duration="1">
     <transform scX="1" x="0" scY="1" y="0" pX="0" pY="0" skX="0" skY="0"/>
     <colorTransform bM="100" gO="0" bO="0" aM="30" rM="100" aO="0" gM="100" rO="0"/>
    </frame>
    <frame z="0" duration="1">
     <transform scX="0.9904761904761905" x="5" scY="0.9904761904761905" y="73.25" pX="0" pY="0" skX="0" skY="0"/>
     <colorTransform bM="100" gO="0" bO="0" aM="47" rM="100" aO="0" gM="100" rO="0"/>
    </frame>
    <frame z="0" duration="1">
     <transform scX="0.9714285714285714" x="10" scY="0.9714285714285714" y="146.55" pX="0" pY="0" skX="0" skY="0"/>
     <colorTransform bM="100" gO="0" bO="0" aM="65" rM="100" aO="0" gM="100" rO="0"/>
    </frame>
    <frame z="0" duration="1">
     <transform scX="0.9619047619047618" x="15" scY="0.9619047619047618" y="219.85000000000002" pX="0" pY="0" skX="0" skY="0"/>
     <colorTransform bM="100" gO="0" bO="0" aM="82" rM="100" aO="0" gM="100" rO="0"/>
    </frame>
    <frame z="0" duration="1">
     <transform scX="0.9523809523809523" x="20" scY="0.9523809523809523" y="293.15000000000003" pX="0" pY="0" skX="0" skY="0"/>
    </frame>
    <frame z="0" duration="1">
     <transform scX="0.9523809523809523" x="20" scY="0.9428571428571428" y="305.55" pX="0" pY="0" skX="0" skY="0"/>
    </frame>
    <frame z="0" duration="1">
     <transform scX="0.9523809523809523" x="20" scY="0.9428571428571428" y="301.8" pX="0" pY="0" skX="0" skY="0"/>
    </frame>
    <frame z="0" duration="1">
     <transform scX="0.9523809523809523" x="20" scY="0.9428571428571428" y="298.05" pX="0" pY="0" skX="0" skY="0"/>
    </frame>
   </timeline>
  </animation>
 </armature>
 <armature name="Symbol 6225">
  <skin name="default">
   <slot name="Layer 27" z="0" parent="Layer 27">
    <display name="Symbol 6101" type="image">
     <transform scX="1" x="0" scY="1" y="0" pX="191.65" pY="270" skX="0" skY="0"/>
    </display>
   </slot>
   <slot name="Layer 26" z="1" parent="Layer 26">
    <display name="Symbol 6103" type="image">
     <transform scX="1" x="0" scY="1" y="0" pX="-294" pY="-498" skX="0" skY="0"/>
    </display>
   </slot>
   <slot name="Layer 25" z="2" parent="Layer 25">
    <display name="位图 3" type="image">
     <transform scX="1" x="-125" scY="1" y="-36.5" pX="0" pY="0" skX="0" skY="0"/>
    </display>
   </slot>
   <slot name="Layer 24" z="3" parent="Layer 24">
    <display name="__dbTextures/Symbol 6225/Layer 24_0" type="image">
     <transform scX="1" x="-6" scY="1" y="-6" pX="0" pY="0" skX="0" skY="0"/>
    </display>
   </slot>
   <slot name="achieve5" z="4" parent="achieve5">
    <display name="Symbol 6208" type="armature">
     <transform scX="1" x="0" skX="0" scY="1" y="0" skY="0"/>
    </display>
   </slot>
   <slot name="achieve3" z="5" parent="achieve3">
    <display name="Symbol 6208" type="armature">
     <transform scX="1" x="0" skX="0" scY="1" y="0" skY="0"/>
    </display>
   </slot>
   <slot name="achieve1" z="6" parent="achieve1">
    <display name="Symbol 6208" type="armature">
     <transform scX="1" x="0" skX="0" scY="1" y="0" skY="0"/>
    </display>
   </slot>
   <slot name="achieve7" z="7" parent="achieve7">
    <display name="Symbol 6208" type="armature">
     <transform scX="1" x="0" skX="0" scY="1" y="0" skY="0"/>
    </display>
   </slot>
   <slot name="achieve9" z="8" parent="achieve9">
    <display name="Symbol 6208" type="armature">
     <transform scX="1" x="0" skX="0" scY="1" y="0" skY="0"/>
    </display>
   </slot>
   <slot name="achieve6" z="9" parent="achieve6">
    <display name="Symbol 6208" type="armature">
     <transform scX="1" x="0" skX="0" scY="1" y="0" skY="0"/>
    </display>
   </slot>
   <slot name="achieve4" z="10" parent="achieve4">
    <display name="Symbol 6208" type="armature">
     <transform scX="1" x="0" skX="0" scY="1" y="0" skY="0"/>
    </display>
   </slot>
   <slot name="achieve2" z="11" parent="achieve2">
    <display name="Symbol 6208" type="armature">
     <transform scX="1" x="0" skX="0" scY="1" y="0" skY="0"/>
    </display>
   </slot>
   <slot name="achieve8" z="12" parent="achieve8">
    <display name="Symbol 6208" type="armature">
     <transform scX="1" x="0" skX="0" scY="1" y="0" skY="0"/>
    </display>
   </slot>
   <slot name="achieve10" z="13" parent="achieve10">
    <display name="Symbol 6208" type="armature">
     <transform scX="1" x="0" skX="0" scY="1" y="0" skY="0"/>
    </display>
   </slot>
   <slot name="btnForward" z="14" parent="btnForward">
    <display name="Symbol 6217" type="armature">
     <transform scX="1" x="0" skX="0" scY="1" y="0" skY="0"/>
    </display>
   </slot>
   <slot name="btnBack" z="15" parent="btnBack">
    <display name="Symbol 6217" type="armature">
     <transform scX="1" x="0" skX="0" scY="1" y="0" skY="0"/>
    </display>
   </slot>
   <slot name="btnClose" z="16" parent="btnClose">
    <display name="Symbol 6224" type="armature">
     <transform scX="1" x="0" skX="0" scY="1" y="0" skY="0"/>
    </display>
   </slot>
   <slot name="fire1" z="17" parent="fire1">
    <display name="Symbol 5822" type="armature">
     <transform scX="1" x="0" skX="0" scY="1" y="0" skY="0"/>
    </display>
   </slot>
   <slot name="fire2" z="18" parent="fire2">
    <display name="Symbol 5822" type="armature">
     <transform scX="1" x="0" skX="0" scY="1" y="0" skY="0"/>
    </display>
   </slot>
   <slot name="fire3" z="19" parent="fire3">
    <display name="Symbol 5822" type="armature">
     <transform scX="1" x="0" skX="0" scY="1" y="0" skY="0"/>
    </display>
   </slot>
   <slot name="fire4" z="20" parent="fire4">
    <display name="Symbol 5822" type="armature">
     <transform scX="1" x="0" skX="0" scY="1" y="0" skY="0"/>
    </display>
   </slot>
   <slot name="fire5" z="21" parent="fire5">
    <display name="Symbol 5822" type="armature">
     <transform scX="1" x="0" skX="0" scY="1" y="0" skY="0"/>
    </display>
   </slot>
   <slot name="fire1Case" z="22" parent="fire1Case">
    <display name="Symbol 47" type="image">
     <transform scX="1" x="0" scY="1" y="0" pX="25" pY="25" skX="0" skY="0"/>
    </display>
   </slot>
   <slot name="fire2Case" z="23" parent="fire2Case">
    <display name="Symbol 47" type="image">
     <transform scX="1" x="0" scY="1" y="0" pX="25" pY="25" skX="0" skY="0"/>
    </display>
   </slot>
   <slot name="fire3Case" z="24" parent="fire3Case">
    <display name="Symbol 47" type="image">
     <transform scX="1" x="0" scY="1" y="0" pX="25" pY="25" skX="0" skY="0"/>
    </display>
   </slot>
   <slot name="fire4Case" z="25" parent="fire4Case">
    <display name="Symbol 47" type="image">
     <transform scX="1" x="0" scY="1" y="0" pX="25" pY="25" skX="0" skY="0"/>
    </display>
   </slot>
   <slot name="fire5Case" z="26" parent="fire5Case">
    <display name="Symbol 47" type="image">
     <transform scX="1" x="0" scY="1" y="0" pX="25" pY="25" skX="0" skY="0"/>
    </display>
   </slot>
  </skin>
  <bone name="achieve10">
   <transform scX="1" x="405" skX="0" scY="0.88" y="421.75" skY="0"/>
  </bone>
  <bone name="Layer 26">
   <transform scX="1" x="0" skX="0" scY="1" y="0" skY="0"/>
  </bone>
  <bone name="Layer 25">
   <transform scX="1" x="396.45" skX="0" scY="1" y="162.9" skY="0"/>
  </bone>
  <bone name="Layer 24">
   <transform scX="1" x="500" skX="0" scY="1" y="504" skY="0"/>
  </bone>
  <bone name="achieve5">
   <transform scX="1" x="95" skX="0" scY="0.88" y="284.2" skY="0"/>
  </bone>
  <bone name="achieve3">
   <transform scX="1" x="95" skX="0" scY="0.88" y="216.55" skY="0"/>
  </bone>
  <bone name="achieve1">
   <transform scX="1" x="95" skX="0" scY="0.88" y="147" skY="0"/>
  </bone>
  <bone name="achieve7">
   <transform scX="1" x="95" skX="0" scY="0.88" y="353.4" skY="0"/>
  </bone>
  <bone name="achieve9">
   <transform scX="1" x="95" skX="0" scY="0.88" y="421.75" skY="0"/>
  </bone>
  <bone name="achieve6">
   <transform scX="1" x="405" skX="0" scY="0.88" y="284.2" skY="0"/>
  </bone>
  <bone name="achieve4">
   <transform scX="1" x="405" skX="0" scY="0.88" y="215.9" skY="0"/>
  </bone>
  <bone name="achieve2">
   <transform scX="1" x="405" skX="0" scY="0.88" y="147.6" skY="0"/>
  </bone>
  <bone name="achieve8">
   <transform scX="1" x="405" skX="0" scY="0.88" y="353.45" skY="0"/>
  </bone>
  <bone name="Layer 27">
   <transform scX="1" x="247.65" skX="0" scY="0.79" y="343.8" skY="0"/>
  </bone>
  <bone name="btnForward">
   <transform scX="1" x="670" skX="0" scY="1" y="502" skY="0"/>
  </bone>
  <bone name="btnBack">
   <transform scX="-1" x="130" skX="0" scY="1" y="502" skY="0"/>
  </bone>
  <bone name="btnClose">
   <transform scX="1" x="400.7" skX="0" scY="1" y="545.2" skY="0"/>
  </bone>
  <bone name="fire1">
   <transform scX="1" x="302" skX="0" scY="1" y="495" skY="0"/>
  </bone>
  <bone name="fire2">
   <transform scX="1" x="352" skX="0" scY="1" y="495" skY="0"/>
  </bone>
  <bone name="fire3">
   <transform scX="1" x="402" skX="0" scY="1" y="495" skY="0"/>
  </bone>
  <bone name="fire4">
   <transform scX="1" x="452" skX="0" scY="1" y="495" skY="0"/>
  </bone>
  <bone name="fire5">
   <transform scX="1" x="502" skX="0" scY="1" y="495" skY="0"/>
  </bone>
  <bone name="fire1Case">
   <transform scX="0.33" x="300" skX="0" scY="0.53" y="499" skY="0"/>
  </bone>
  <bone name="fire2Case">
   <transform scX="0.33" x="350" skX="0" scY="0.53" y="499" skY="0"/>
  </bone>
  <bone name="fire3Case">
   <transform scX="0.33" x="400" skX="0" scY="0.53" y="499" skY="0"/>
  </bone>
  <bone name="fire4Case">
   <transform scX="0.33" x="450" skX="0" scY="0.53" y="499" skY="0"/>
  </bone>
  <bone name="fire5Case">
   <transform scX="0.33" x="500" skX="0" scY="0.53" y="499" skY="0"/>
  </bone>
  <animation fadeInTime="0.3" scale="1" loop="1" autoTween="NaN" name="cont" duration="1" tweenEasing="NaN">
   <timeline pX="0" name="Layer 27" pY="0" scale="1" offset="0">
    <frame z="0" duration="1">
     <transform scX="1" x="0" scY="1" y="0" pX="0" pY="0" skX="0" skY="0"/>
    </frame>
   </timeline>
   <timeline pX="0" name="Layer 26" pY="0" scale="1" offset="0">
    <frame z="0" duration="1">
     <transform scX="1" x="0" scY="1" y="0" pX="0" pY="0" skX="0" skY="0"/>
    </frame>
   </timeline>
   <timeline pX="0" name="Layer 25" pY="0" scale="1" offset="0">
    <frame z="0" duration="1">
     <transform scX="1" x="0" scY="1" y="0" pX="0" pY="0" skX="0" skY="0"/>
    </frame>
   </timeline>
   <timeline pX="0" name="Layer 24" pY="0" scale="1" offset="0">
    <frame z="0" duration="1" tweenEasing="NaN">
     <transform scX="1" x="0" scY="1" y="0" pX="0" pY="0" skX="0" skY="0"/>
    </frame>
   </timeline>
   <timeline pX="0" name="achieve5" pY="0" scale="1" offset="0">
    <frame z="0" duration="1">
     <transform scX="1" x="0" scY="1" y="0" pX="0" pY="0" skX="0" skY="0"/>
    </frame>
   </timeline>
   <timeline pX="0" name="achieve3" pY="0" scale="1" offset="0">
    <frame z="0" duration="1">
     <transform scX="1" x="0" scY="1" y="0" pX="0" pY="0" skX="0" skY="0"/>
    </frame>
   </timeline>
   <timeline pX="0" name="achieve1" pY="0" scale="1" offset="0">
    <frame z="0" duration="1">
     <transform scX="1" x="0" scY="1" y="0" pX="0" pY="0" skX="0" skY="0"/>
    </frame>
   </timeline>
   <timeline pX="0" name="achieve7" pY="0" scale="1" offset="0">
    <frame z="0" duration="1">
     <transform scX="1" x="0" scY="1" y="0" pX="0" pY="0" skX="0" skY="0"/>
    </frame>
   </timeline>
   <timeline pX="0" name="achieve9" pY="0" scale="1" offset="0">
    <frame z="0" duration="1">
     <transform scX="1" x="0" scY="1" y="0" pX="0" pY="0" skX="0" skY="0"/>
    </frame>
   </timeline>
   <timeline pX="0" name="achieve6" pY="0" scale="1" offset="0">
    <frame z="0" duration="1">
     <transform scX="1" x="0" scY="1" y="0" pX="0" pY="0" skX="0" skY="0"/>
    </frame>
   </timeline>
   <timeline pX="0" name="achieve4" pY="0" scale="1" offset="0">
    <frame z="0" duration="1">
     <transform scX="1" x="0" scY="1" y="0" pX="0" pY="0" skX="0" skY="0"/>
    </frame>
   </timeline>
   <timeline pX="0" name="achieve2" pY="0" scale="1" offset="0">
    <frame z="0" duration="1">
     <transform scX="1" x="0" scY="1" y="0" pX="0" pY="0" skX="0" skY="0"/>
    </frame>
   </timeline>
   <timeline pX="0" name="achieve8" pY="0" scale="1" offset="0">
    <frame z="0" duration="1">
     <transform scX="1" x="0" scY="1" y="0" pX="0" pY="0" skX="0" skY="0"/>
    </frame>
   </timeline>
   <timeline pX="0" name="achieve10" pY="0" scale="1" offset="0">
    <frame z="0" duration="1">
     <transform scX="1" x="0" scY="1" y="0" pX="0" pY="0" skX="0" skY="0"/>
    </frame>
   </timeline>
   <timeline pX="0" name="btnForward" pY="0" scale="1" offset="0">
    <frame z="0" duration="1">
     <transform scX="1" x="0" scY="1" y="0" pX="0" pY="0" skX="0" skY="0"/>
    </frame>
   </timeline>
   <timeline pX="0" name="btnBack" pY="0" scale="1" offset="0">
    <frame z="0" duration="1">
     <transform scX="1" x="0" scY="1" y="0" pX="0" pY="0" skX="0" skY="0"/>
    </frame>
   </timeline>
   <timeline pX="0" name="btnClose" pY="0" scale="1" offset="0">
    <frame z="0" duration="1">
     <transform scX="1" x="0" scY="1" y="0" pX="0" pY="0" skX="0" skY="0"/>
    </frame>
   </timeline>
   <timeline pX="0" name="fire1" pY="0" scale="1" offset="0">
    <frame z="0" duration="1">
     <transform scX="1" x="0" scY="1" y="0" pX="0" pY="0" skX="0" skY="0"/>
    </frame>
   </timeline>
   <timeline pX="0" name="fire2" pY="0" scale="1" offset="0">
    <frame z="0" duration="1">
     <transform scX="1" x="0" scY="1" y="0" pX="0" pY="0" skX="0" skY="0"/>
    </frame>
   </timeline>
   <timeline pX="0" name="fire3" pY="0" scale="1" offset="0">
    <frame z="0" duration="1">
     <transform scX="1" x="0" scY="1" y="0" pX="0" pY="0" skX="0" skY="0"/>
    </frame>
   </timeline>
   <timeline pX="0" name="fire4" pY="0" scale="1" offset="0">
    <frame z="0" duration="1">
     <transform scX="1" x="0" scY="1" y="0" pX="0" pY="0" skX="0" skY="0"/>
    </frame>
   </timeline>
   <timeline pX="0" name="fire5" pY="0" scale="1" offset="0">
    <frame z="0" duration="1">
     <transform scX="1" x="0" scY="1" y="0" pX="0" pY="0" skX="0" skY="0"/>
    </frame>
   </timeline>
   <timeline pX="0" name="fire1Case" pY="0" scale="1" offset="0">
    <frame z="0" duration="1">
     <transform scX="1" x="0" scY="1" y="0" pX="0" pY="0" skX="0" skY="0"/>
    </frame>
   </timeline>
   <timeline pX="0" name="fire2Case" pY="0" scale="1" offset="0">
    <frame z="0" duration="1">
     <transform scX="1" x="0" scY="1" y="0" pX="0" pY="0" skX="0" skY="0"/>
    </frame>
   </timeline>
   <timeline pX="0" name="fire3Case" pY="0" scale="1" offset="0">
    <frame z="0" duration="1">
     <transform scX="1" x="0" scY="1" y="0" pX="0" pY="0" skX="0" skY="0"/>
    </frame>
   </timeline>
   <timeline pX="0" name="fire4Case" pY="0" scale="1" offset="0">
    <frame z="0" duration="1">
     <transform scX="1" x="0" scY="1" y="0" pX="0" pY="0" skX="0" skY="0"/>
    </frame>
   </timeline>
   <timeline pX="0" name="fire5Case" pY="0" scale="1" offset="0">
    <frame z="0" duration="1">
     <transform scX="1" x="0" scY="1" y="0" pX="0" pY="0" skX="0" skY="0"/>
    </frame>
   </timeline>
  </animation>
 </armature>
 <armature name="Symbol 6208">
  <skin name="default">
   <slot name="Layer 5" z="0" parent="Layer 5">
    <display name="__dbTextures/Symbol 6208/Layer 5_0" type="image">
     <transform scX="1" x="-156" scY="1" y="-40" pX="0" pY="0" skX="0" skY="0"/>
    </display>
    <display name="__dbTextures/Symbol 6208/Layer 5_1" type="image">
     <transform scX="1" x="-156" scY="1" y="-40" pX="0" pY="0" skX="0" skY="0"/>
    </display>
   </slot>
   <slot name="nameTXT" z="1" parent="nameTXT">
    <display name="位图 2" type="image">
     <transform scX="1" x="-100.5" scY="1" y="-12" pX="0" pY="0" skX="0" skY="0"/>
    </display>
   </slot>
   <slot name="noteTXT" z="2" parent="noteTXT">
    <display name="位图 1" type="image">
     <transform scX="1" x="-111.5" scY="1" y="-13.5" pX="0" pY="0" skX="0" skY="0"/>
    </display>
   </slot>
   <slot name="icon" z="3" parent="icon">
    <display name="Symbol 6202" type="armature">
     <transform scX="1" x="0" skX="0" scY="1" y="0" skY="0"/>
    </display>
   </slot>
   <slot name="Layer 1" z="4" parent="Layer 1">
    <display name="__dbTextures/Symbol 6208/Layer 1_0" type="image">
     <transform scX="1" x="-23" scY="1" y="-23" pX="0" pY="0" skX="0" skY="0"/>
    </display>
   </slot>
  </skin>
  <bone name="noteTXT">
   <transform scX="1" x="177.4" skX="0" scY="1" y="45.9" skY="0"/>
  </bone>
  <bone name="nameTXT">
   <transform scX="1" x="169.6" skX="0" scY="1" y="21" skY="0"/>
  </bone>
  <bone name="Layer 5">
   <transform scX="1" x="151" skX="0" scY="1" y="39" skY="0"/>
  </bone>
  <bone name="icon">
   <transform scX="1" x="30" skX="0" scY="1" y="34" skY="0"/>
  </bone>
  <bone name="Layer 1">
   <transform scX="1" x="30" skX="0" scY="1" y="34" skY="0"/>
  </bone>
  <animation fadeInTime="0.3" scale="5" loop="0" autoTween="NaN" name="achieve" duration="2" tweenEasing="2">
   <timeline pX="0" name="Layer 5" pY="0" scale="1" offset="0">
    <frame z="0" duration="1" tweenEasing="NaN">
     <transform scX="1" x="0" scY="1" y="0" pX="0" pY="0" skX="0" skY="0"/>
    </frame>
    <frame z="0" displayIndex="1" duration="1" tweenEasing="NaN">
     <transform scX="1" x="0" scY="1" y="0" pX="0" pY="0" skX="0" skY="0"/>
    </frame>
   </timeline>
   <timeline pX="0" name="nameTXT" pY="0" scale="1" offset="0">
    <frame z="0" duration="2">
     <transform scX="1" x="0" scY="1" y="0" pX="0" pY="0" skX="0" skY="0"/>
    </frame>
   </timeline>
   <timeline pX="0" name="noteTXT" pY="0" scale="1" offset="0">
    <frame z="0" duration="2">
     <transform scX="1" x="0" scY="1" y="0" pX="0" pY="0" skX="0" skY="0"/>
    </frame>
   </timeline>
   <timeline pX="0" name="icon" pY="0" scale="1" offset="0">
    <frame z="0" duration="1">
     <transform scX="1" x="0" scY="1" y="0" pX="0" pY="0" skX="0" skY="0"/>
    </frame>
    <frame z="0" duration="1">
     <transform scX="1" x="0" scY="1" y="0" pX="0" pY="0" skX="0" skY="0"/>
    </frame>
   </timeline>
   <timeline pX="0" name="Layer 1" pY="0" scale="1" offset="0">
    <frame z="0" duration="2" tweenEasing="NaN">
     <transform scX="1" x="0" scY="1" y="0" pX="0" pY="0" skX="0" skY="0"/>
    </frame>
   </timeline>
  </animation>
 </armature>
 <armature name="Symbol 6217">
  <skin name="default">
   <slot name="Layer 2" z="0" parent="Layer 2">
    <display name="__dbTextures/Symbol 6217/Layer 2_0" type="image">
     <transform scX="1" x="-28" scY="1" y="-23" pX="0" pY="0" skX="0" skY="0"/>
    </display>
    <display name="__dbTextures/Symbol 6217/Layer 2_1" type="image">
     <transform scX="1" x="-28" scY="1" y="-23" pX="0" pY="0" skX="0" skY="0"/>
    </display>
    <display name="__dbTextures/Symbol 6217/Layer 2_2" type="image">
     <transform scX="1" x="-28" scY="1" y="-23" pX="0" pY="0" skX="0" skY="0"/>
    </display>
    <display name="__dbTextures/Symbol 6217/Layer 2_3" type="image">
     <transform scX="1" x="-28" scY="1" y="-23" pX="0" pY="0" skX="0" skY="0"/>
    </display>
   </slot>
   <slot name="arrowCase" z="1" parent="arrowCase">
    <display name="Symbol 47" type="image">
     <transform scX="1" x="0" scY="1" y="0" pX="25" pY="25" skX="0" skY="0"/>
    </display>
   </slot>
  </skin>
  <bone name="Layer 2">
   <transform scX="1" x="0" skX="0" scY="1" y="0" skY="0"/>
  </bone>
  <bone name="arrowCase">
   <transform scX="0.77" x="0" skX="0" scY="0.59" y="0" skY="0"/>
  </bone>
  <animation fadeInTime="0.3" scale="1" loop="1" autoTween="NaN" name="btnForward" duration="4" tweenEasing="NaN">
   <timeline pX="0" name="Layer 2" pY="0" scale="1" offset="0">
    <frame z="0" duration="1" tweenEasing="NaN">
     <transform scX="1" x="0" scY="1" y="0" pX="0" pY="0" skX="0" skY="0"/>
    </frame>
    <frame z="0" displayIndex="1" duration="1" tweenEasing="NaN">
     <transform scX="1" x="0" scY="1" y="0" pX="0" pY="0" skX="0" skY="0"/>
    </frame>
    <frame z="0" displayIndex="2" duration="1" tweenEasing="NaN">
     <transform scX="1" x="0" scY="1" y="0" pX="0" pY="0" skX="0" skY="0"/>
    </frame>
    <frame z="0" displayIndex="3" duration="1" tweenEasing="NaN">
     <transform scX="1" x="0" scY="1" y="0" pX="0" pY="0" skX="0" skY="0"/>
    </frame>
   </timeline>
   <timeline pX="0" name="arrowCase" pY="0" scale="1" offset="0">
    <frame z="0" duration="4">
     <transform scX="1" x="0" scY="1" y="0" pX="0" pY="0" skX="0" skY="0"/>
    </frame>
   </timeline>
  </animation>
 </armature>
 <armature name="Symbol 6224">
  <skin name="default">
   <slot name="Layer 2" z="0" parent="Layer 2">
    <display name="__dbTextures/Symbol 6224/Layer 2_0" type="image">
     <transform scX="1" x="-55" scY="1" y="-19" pX="0" pY="0" skX="0" skY="0"/>
    </display>
    <display name="__dbTextures/Symbol 6224/Layer 2_1" type="image">
     <transform scX="1" x="-55" scY="1" y="-19" pX="0" pY="0" skX="0" skY="0"/>
    </display>
    <display name="__dbTextures/Symbol 6224/Layer 2_2" type="image">
     <transform scX="1" x="-55" scY="1" y="-19" pX="0" pY="0" skX="0" skY="0"/>
    </display>
   </slot>
   <slot name="closeCase" z="1" parent="closeCase">
    <display name="Symbol 47" type="image">
     <transform scX="1" x="0" scY="1" y="0" pX="25" pY="25" skX="0" skY="0"/>
    </display>
   </slot>
  </skin>
  <bone name="Layer 2">
   <transform scX="1" x="0" skX="0" scY="1" y="0" skY="0"/>
  </bone>
  <bone name="closeCase">
   <transform scX="2.21" x="0" skX="0" scY="0.77" y="0" skY="0"/>
  </bone>
  <animation fadeInTime="0.3" scale="1" loop="1" autoTween="NaN" name="btnClose" duration="3" tweenEasing="NaN">
   <timeline pX="0" name="Layer 2" pY="0" scale="1" offset="0">
    <frame z="0" duration="1" tweenEasing="NaN">
     <transform scX="1" x="0" scY="1" y="0" pX="0" pY="0" skX="0" skY="0"/>
    </frame>
    <frame z="0" displayIndex="1" duration="1" tweenEasing="NaN">
     <transform scX="1" x="0" scY="1" y="0" pX="0" pY="0" skX="0" skY="0"/>
    </frame>
    <frame z="0" displayIndex="2" duration="1" tweenEasing="NaN">
     <transform scX="1" x="0" scY="1" y="0" pX="0" pY="0" skX="0" skY="0"/>
    </frame>
   </timeline>
   <timeline pX="0" name="closeCase" pY="0" scale="1" offset="0">
    <frame z="0" duration="3">
     <transform scX="1" x="0" scY="1" y="0" pX="0" pY="0" skX="0" skY="0"/>
    </frame>
   </timeline>
  </animation>
 </armature>
 <armature name="Symbol 5822">
  <skin name="default">
   <slot name="Layer 1" z="0" parent="Layer 1">
    <display name="__dbTextures/Symbol 5822/Layer 1_2" type="image">
     <transform scX="1" x="-15" scY="1" y="-24" pX="0" pY="0" skX="0" skY="0"/>
    </display>
    <display name="__dbTextures/Symbol 5822/Layer 1_4" type="image">
     <transform scX="1" x="-15" scY="1" y="-24" pX="0" pY="0" skX="0" skY="0"/>
    </display>
    <display name="__dbTextures/Symbol 5822/Layer 1_6" type="image">
     <transform scX="1" x="-15" scY="1" y="-24" pX="0" pY="0" skX="0" skY="0"/>
    </display>
    <display name="__dbTextures/Symbol 5822/Layer 1_8" type="image">
     <transform scX="1" x="-15" scY="1" y="-24" pX="0" pY="0" skX="0" skY="0"/>
    </display>
    <display name="__dbTextures/Symbol 5822/Layer 1_10" type="image">
     <transform scX="1" x="-15" scY="1" y="-24" pX="0" pY="0" skX="0" skY="0"/>
    </display>
    <display name="__dbTextures/Symbol 5822/Layer 1_12" type="image">
     <transform scX="1" x="-15" scY="1" y="-24" pX="0" pY="0" skX="0" skY="0"/>
    </display>
    <display name="__dbTextures/Symbol 5822/Layer 1_14" type="image">
     <transform scX="1" x="-15" scY="1" y="-24" pX="0" pY="0" skX="0" skY="0"/>
    </display>
    <display name="__dbTextures/Symbol 5822/Layer 1_16" type="image">
     <transform scX="1" x="-15" scY="1" y="-24" pX="0" pY="0" skX="0" skY="0"/>
    </display>
    <display name="__dbTextures/Symbol 5822/Layer 1_18" type="image">
     <transform scX="1" x="-15" scY="1" y="-24" pX="0" pY="0" skX="0" skY="0"/>
    </display>
    <display name="__dbTextures/Symbol 5822/Layer 1_20" type="image">
     <transform scX="1" x="-15" scY="1" y="-24" pX="0" pY="0" skX="0" skY="0"/>
    </display>
    <display name="__dbTextures/Symbol 5822/Layer 1_22" type="image">
     <transform scX="1" x="-15" scY="1" y="-24" pX="0" pY="0" skX="0" skY="0"/>
    </display>
    <display name="__dbTextures/Symbol 5822/Layer 1_24" type="image">
     <transform scX="1" x="-15" scY="1" y="-24" pX="0" pY="0" skX="0" skY="0"/>
    </display>
   </slot>
  </skin>
  <bone name="Layer 1">
   <transform scX="1" x="1" skX="0" scY="1" y="0" skY="0"/>
  </bone>
  <animation fadeInTime="0.3" scale="1" loop="1" autoTween="NaN" name="fire" duration="26" tweenEasing="NaN">
   <timeline pX="0" name="Layer 1" pY="0" scale="1" offset="0">
    <frame displayIndex="-1" duration="2"/>
    <frame z="0" duration="2" tweenEasing="NaN">
     <transform scX="1" x="0" scY="1" y="0" pX="0" pY="0" skX="0" skY="0"/>
    </frame>
    <frame z="0" displayIndex="1" duration="2" tweenEasing="NaN">
     <transform scX="1" x="0" scY="1" y="0" pX="0" pY="0" skX="0" skY="0"/>
    </frame>
    <frame z="0" displayIndex="2" duration="2" tweenEasing="NaN">
     <transform scX="1" x="0" scY="1" y="0" pX="0" pY="0" skX="0" skY="0"/>
    </frame>
    <frame z="0" displayIndex="3" duration="2" tweenEasing="NaN">
     <transform scX="1" x="0" scY="1" y="0" pX="0" pY="0" skX="0" skY="0"/>
    </frame>
    <frame z="0" displayIndex="4" duration="2" tweenEasing="NaN">
     <transform scX="1" x="0" scY="1" y="0" pX="0" pY="0" skX="0" skY="0"/>
    </frame>
    <frame z="0" displayIndex="5" duration="2" tweenEasing="NaN">
     <transform scX="1" x="0" scY="1" y="0" pX="0" pY="0" skX="0" skY="0"/>
    </frame>
    <frame z="0" displayIndex="6" duration="2" tweenEasing="NaN">
     <transform scX="1" x="0" scY="1" y="0" pX="0" pY="0" skX="0" skY="0"/>
    </frame>
    <frame z="0" displayIndex="7" duration="2" tweenEasing="NaN">
     <transform scX="1" x="0" scY="1" y="0" pX="0" pY="0" skX="0" skY="0"/>
    </frame>
    <frame z="0" displayIndex="8" duration="2" tweenEasing="NaN">
     <transform scX="1" x="0" scY="1" y="0" pX="0" pY="0" skX="0" skY="0"/>
    </frame>
    <frame z="0" displayIndex="9" duration="2" tweenEasing="NaN">
     <transform scX="1" x="0" scY="1" y="0" pX="0" pY="0" skX="0" skY="0"/>
    </frame>
    <frame z="0" displayIndex="10" duration="2" tweenEasing="NaN">
     <transform scX="1" x="0" scY="1" y="0" pX="0" pY="0" skX="0" skY="0"/>
    </frame>
    <frame z="0" displayIndex="11" duration="2" tweenEasing="NaN">
     <transform scX="1" x="0" scY="1" y="0" pX="0" pY="0" skX="0" skY="0"/>
    </frame>
   </timeline>
  </animation>
 </armature>
 <armature name="Symbol 6202">
  <skin name="default">
   <slot name="Layer 1" z="0" parent="Layer 1">
    <display name="__dbTextures/Symbol 6202/Layer 1_0" type="image">
     <transform scX="1" x="-22.5" scY="1" y="-22.5" pX="0" pY="0" skX="0" skY="0"/>
    </display>
    <display name="__dbTextures/Symbol 6202/Layer 1_1" type="image">
     <transform scX="1" x="-22.5" scY="1" y="-22.5" pX="0" pY="0" skX="0" skY="0"/>
    </display>
    <display name="__dbTextures/Symbol 6202/Layer 1_2" type="image">
     <transform scX="1" x="-22.5" scY="1" y="-22.5" pX="0" pY="0" skX="0" skY="0"/>
    </display>
    <display name="__dbTextures/Symbol 6202/Layer 1_3" type="image">
     <transform scX="1" x="-22.5" scY="1" y="-22.5" pX="0" pY="0" skX="0" skY="0"/>
    </display>
    <display name="__dbTextures/Symbol 6202/Layer 1_4" type="image">
     <transform scX="1" x="-22.5" scY="1" y="-22.5" pX="0" pY="0" skX="0" skY="0"/>
    </display>
    <display name="__dbTextures/Symbol 6202/Layer 1_5" type="image">
     <transform scX="1" x="-22.5" scY="1" y="-22.5" pX="0" pY="0" skX="0" skY="0"/>
    </display>
    <display name="__dbTextures/Symbol 6202/Layer 1_6" type="image">
     <transform scX="1" x="-22.5" scY="1" y="-22.5" pX="0" pY="0" skX="0" skY="0"/>
    </display>
    <display name="__dbTextures/Symbol 6202/Layer 1_7" type="image">
     <transform scX="1" x="-22.5" scY="1" y="-22.5" pX="0" pY="0" skX="0" skY="0"/>
    </display>
    <display name="__dbTextures/Symbol 6202/Layer 1_8" type="image">
     <transform scX="1" x="-22.5" scY="1" y="-22.5" pX="0" pY="0" skX="0" skY="0"/>
    </display>
    <display name="__dbTextures/Symbol 6202/Layer 1_9" type="image">
     <transform scX="1" x="-22.5" scY="1" y="-22.5" pX="0" pY="0" skX="0" skY="0"/>
    </display>
    <display name="__dbTextures/Symbol 6202/Layer 1_10" type="image">
     <transform scX="1" x="-22.5" scY="1" y="-22.5" pX="0" pY="0" skX="0" skY="0"/>
    </display>
    <display name="__dbTextures/Symbol 6202/Layer 1_11" type="image">
     <transform scX="1" x="-22.5" scY="1" y="-22.5" pX="0" pY="0" skX="0" skY="0"/>
    </display>
    <display name="__dbTextures/Symbol 6202/Layer 1_12" type="image">
     <transform scX="1" x="-22.5" scY="1" y="-22.5" pX="0" pY="0" skX="0" skY="0"/>
    </display>
    <display name="__dbTextures/Symbol 6202/Layer 1_13" type="image">
     <transform scX="1" x="-22.5" scY="1" y="-22.5" pX="0" pY="0" skX="0" skY="0"/>
    </display>
    <display name="__dbTextures/Symbol 6202/Layer 1_14" type="image">
     <transform scX="1" x="-22.5" scY="1" y="-22.5" pX="0" pY="0" skX="0" skY="0"/>
    </display>
    <display name="__dbTextures/Symbol 6202/Layer 1_15" type="image">
     <transform scX="1" x="-22.5" scY="1" y="-22.5" pX="0" pY="0" skX="0" skY="0"/>
    </display>
    <display name="__dbTextures/Symbol 6202/Layer 1_16" type="image">
     <transform scX="1" x="-22.5" scY="1" y="-22.5" pX="0" pY="0" skX="0" skY="0"/>
    </display>
    <display name="__dbTextures/Symbol 6202/Layer 1_17" type="image">
     <transform scX="1" x="-22.5" scY="1" y="-22.5" pX="0" pY="0" skX="0" skY="0"/>
    </display>
    <display name="__dbTextures/Symbol 6202/Layer 1_18" type="image">
     <transform scX="1" x="-22.5" scY="1" y="-22.5" pX="0" pY="0" skX="0" skY="0"/>
    </display>
    <display name="__dbTextures/Symbol 6202/Layer 1_19" type="image">
     <transform scX="1" x="-22.5" scY="1" y="-22.5" pX="0" pY="0" skX="0" skY="0"/>
    </display>
    <display name="__dbTextures/Symbol 6202/Layer 1_20" type="image">
     <transform scX="1" x="-22.5" scY="1" y="-22.5" pX="0" pY="0" skX="0" skY="0"/>
    </display>
    <display name="__dbTextures/Symbol 6202/Layer 1_21" type="image">
     <transform scX="1" x="-22.5" scY="1" y="-22.5" pX="0" pY="0" skX="0" skY="0"/>
    </display>
    <display name="__dbTextures/Symbol 6202/Layer 1_22" type="image">
     <transform scX="1" x="-22.5" scY="1" y="-22.5" pX="0" pY="0" skX="0" skY="0"/>
    </display>
    <display name="__dbTextures/Symbol 6202/Layer 1_23" type="image">
     <transform scX="1" x="-22.5" scY="1" y="-22.5" pX="0" pY="0" skX="0" skY="0"/>
    </display>
    <display name="__dbTextures/Symbol 6202/Layer 1_24" type="image">
     <transform scX="1" x="-22.5" scY="1" y="-22.5" pX="0" pY="0" skX="0" skY="0"/>
    </display>
    <display name="__dbTextures/Symbol 6202/Layer 1_25" type="image">
     <transform scX="1" x="-22.5" scY="1" y="-22.5" pX="0" pY="0" skX="0" skY="0"/>
    </display>
    <display name="__dbTextures/Symbol 6202/Layer 1_26" type="image">
     <transform scX="1" x="-22.5" scY="1" y="-22.5" pX="0" pY="0" skX="0" skY="0"/>
    </display>
    <display name="__dbTextures/Symbol 6202/Layer 1_27" type="image">
     <transform scX="1" x="-22.5" scY="1" y="-22.5" pX="0" pY="0" skX="0" skY="0"/>
    </display>
    <display name="__dbTextures/Symbol 6202/Layer 1_28" type="image">
     <transform scX="1" x="-22.5" scY="1" y="-22.5" pX="0" pY="0" skX="0" skY="0"/>
    </display>
    <display name="__dbTextures/Symbol 6202/Layer 1_29" type="image">
     <transform scX="1" x="-22.5" scY="1" y="-22.5" pX="0" pY="0" skX="0" skY="0"/>
    </display>
    <display name="__dbTextures/Symbol 6202/Layer 1_30" type="image">
     <transform scX="1" x="-22.5" scY="1" y="-22.5" pX="0" pY="0" skX="0" skY="0"/>
    </display>
    <display name="__dbTextures/Symbol 6202/Layer 1_31" type="image">
     <transform scX="1" x="-22.5" scY="1" y="-22.5" pX="0" pY="0" skX="0" skY="0"/>
    </display>
    <display name="__dbTextures/Symbol 6202/Layer 1_32" type="image">
     <transform scX="1" x="-22.5" scY="1" y="-22.5" pX="0" pY="0" skX="0" skY="0"/>
    </display>
    <display name="__dbTextures/Symbol 6202/Layer 1_33" type="image">
     <transform scX="1" x="-22.5" scY="1" y="-22.5" pX="0" pY="0" skX="0" skY="0"/>
    </display>
    <display name="__dbTextures/Symbol 6202/Layer 1_34" type="image">
     <transform scX="1" x="-22.5" scY="1" y="-22.5" pX="0" pY="0" skX="0" skY="0"/>
    </display>
    <display name="__dbTextures/Symbol 6202/Layer 1_35" type="image">
     <transform scX="1" x="-22.5" scY="1" y="-22.5" pX="0" pY="0" skX="0" skY="0"/>
    </display>
    <display name="__dbTextures/Symbol 6202/Layer 1_36" type="image">
     <transform scX="1" x="-22.5" scY="1" y="-22.5" pX="0" pY="0" skX="0" skY="0"/>
    </display>
    <display name="__dbTextures/Symbol 6202/Layer 1_37" type="image">
     <transform scX="1" x="-22.5" scY="1" y="-22.5" pX="0" pY="0" skX="0" skY="0"/>
    </display>
    <display name="__dbTextures/Symbol 6202/Layer 1_38" type="image">
     <transform scX="1" x="-22.5" scY="1" y="-22.5" pX="0" pY="0" skX="0" skY="0"/>
    </display>
    <display name="__dbTextures/Symbol 6202/Layer 1_39" type="image">
     <transform scX="1" x="-22.5" scY="1" y="-22.5" pX="0" pY="0" skX="0" skY="0"/>
    </display>
    <display name="__dbTextures/Symbol 6202/Layer 1_40" type="image">
     <transform scX="1" x="-22.5" scY="1" y="-22.5" pX="0" pY="0" skX="0" skY="0"/>
    </display>
    <display name="__dbTextures/Symbol 6202/Layer 1_41" type="image">
     <transform scX="1" x="-22.5" scY="1" y="-22.5" pX="0" pY="0" skX="0" skY="0"/>
    </display>
    <display name="__dbTextures/Symbol 6202/Layer 1_42" type="image">
     <transform scX="1" x="-22.5" scY="1" y="-22.5" pX="0" pY="0" skX="0" skY="0"/>
    </display>
    <display name="__dbTextures/Symbol 6202/Layer 1_43" type="image">
     <transform scX="1" x="-22.5" scY="1" y="-22.5" pX="0" pY="0" skX="0" skY="0"/>
    </display>
    <display name="__dbTextures/Symbol 6202/Layer 1_44" type="image">
     <transform scX="1" x="-22.5" scY="1" y="-22.5" pX="0" pY="0" skX="0" skY="0"/>
    </display>
    <display name="__dbTextures/Symbol 6202/Layer 1_45" type="image">
     <transform scX="1" x="-22.5" scY="1" y="-22.5" pX="0" pY="0" skX="0" skY="0"/>
    </display>
    <display name="__dbTextures/Symbol 6202/Layer 1_46" type="image">
     <transform scX="1" x="-22.5" scY="1" y="-22.5" pX="0" pY="0" skX="0" skY="0"/>
    </display>
   </slot>
  </skin>
  <bone name="Layer 1">
   <transform scX="1" x="0.5" skX="0" scY="1" y="0.5" skY="0"/>
  </bone>
  <animation fadeInTime="0.3" scale="1" loop="1" autoTween="NaN" name="icon" duration="47" tweenEasing="NaN">
   <timeline pX="0" name="Layer 1" pY="0" scale="1" offset="0">
    <frame z="0" duration="1" tweenEasing="NaN">
     <transform scX="1" x="0" scY="1" y="0" pX="0" pY="0" skX="0" skY="0"/>
    </frame>
    <frame z="0" displayIndex="1" duration="1" tweenEasing="NaN">
     <transform scX="1" x="0" scY="1" y="0" pX="0" pY="0" skX="0" skY="0"/>
    </frame>
    <frame z="0" displayIndex="2" duration="1" tweenEasing="NaN">
     <transform scX="1" x="0" scY="1" y="0" pX="0" pY="0" skX="0" skY="0"/>
    </frame>
    <frame z="0" displayIndex="3" duration="1" tweenEasing="NaN">
     <transform scX="1" x="0" scY="1" y="0" pX="0" pY="0" skX="0" skY="0"/>
    </frame>
    <frame z="0" displayIndex="4" duration="1" tweenEasing="NaN">
     <transform scX="1" x="0" scY="1" y="0" pX="0" pY="0" skX="0" skY="0"/>
    </frame>
    <frame z="0" displayIndex="5" duration="1" tweenEasing="NaN">
     <transform scX="1" x="0" scY="1" y="0" pX="0" pY="0" skX="0" skY="0"/>
    </frame>
    <frame z="0" displayIndex="6" duration="1" tweenEasing="NaN">
     <transform scX="1" x="0" scY="1" y="0" pX="0" pY="0" skX="0" skY="0"/>
    </frame>
    <frame z="0" displayIndex="7" duration="1" tweenEasing="NaN">
     <transform scX="1" x="0" scY="1" y="0" pX="0" pY="0" skX="0" skY="0"/>
    </frame>
    <frame z="0" displayIndex="8" duration="1" tweenEasing="NaN">
     <transform scX="1" x="0" scY="1" y="0" pX="0" pY="0" skX="0" skY="0"/>
    </frame>
    <frame z="0" displayIndex="9" duration="1" tweenEasing="NaN">
     <transform scX="1" x="0" scY="1" y="0" pX="0" pY="0" skX="0" skY="0"/>
    </frame>
    <frame z="0" displayIndex="10" duration="1" tweenEasing="NaN">
     <transform scX="1" x="0" scY="1" y="0" pX="0" pY="0" skX="0" skY="0"/>
    </frame>
    <frame z="0" displayIndex="11" duration="1" tweenEasing="NaN">
     <transform scX="1" x="0" scY="1" y="0" pX="0" pY="0" skX="0" skY="0"/>
    </frame>
    <frame z="0" displayIndex="12" duration="1" tweenEasing="NaN">
     <transform scX="1" x="0" scY="1" y="0" pX="0" pY="0" skX="0" skY="0"/>
    </frame>
    <frame z="0" displayIndex="13" duration="1" tweenEasing="NaN">
     <transform scX="1" x="0" scY="1" y="0" pX="0" pY="0" skX="0" skY="0"/>
    </frame>
    <frame z="0" displayIndex="14" duration="1" tweenEasing="NaN">
     <transform scX="1" x="0" scY="1" y="0" pX="0" pY="0" skX="0" skY="0"/>
    </frame>
    <frame z="0" displayIndex="15" duration="1" tweenEasing="NaN">
     <transform scX="1" x="0" scY="1" y="0" pX="0" pY="0" skX="0" skY="0"/>
    </frame>
    <frame z="0" displayIndex="16" duration="1" tweenEasing="NaN">
     <transform scX="1" x="0" scY="1" y="0" pX="0" pY="0" skX="0" skY="0"/>
    </frame>
    <frame z="0" displayIndex="17" duration="1" tweenEasing="NaN">
     <transform scX="1" x="0" scY="1" y="0" pX="0" pY="0" skX="0" skY="0"/>
    </frame>
    <frame z="0" displayIndex="18" duration="1" tweenEasing="NaN">
     <transform scX="1" x="0" scY="1" y="0" pX="0" pY="0" skX="0" skY="0"/>
    </frame>
    <frame z="0" displayIndex="19" duration="1" tweenEasing="NaN">
     <transform scX="1" x="0" scY="1" y="0" pX="0" pY="0" skX="0" skY="0"/>
    </frame>
    <frame z="0" displayIndex="20" duration="1" tweenEasing="NaN">
     <transform scX="1" x="0" scY="1" y="0" pX="0" pY="0" skX="0" skY="0"/>
    </frame>
    <frame z="0" displayIndex="21" duration="1" tweenEasing="NaN">
     <transform scX="1" x="0" scY="1" y="0" pX="0" pY="0" skX="0" skY="0"/>
    </frame>
    <frame z="0" displayIndex="22" duration="1" tweenEasing="NaN">
     <transform scX="1" x="0" scY="1" y="0" pX="0" pY="0" skX="0" skY="0"/>
    </frame>
    <frame z="0" displayIndex="23" duration="1" tweenEasing="NaN">
     <transform scX="1" x="0" scY="1" y="0" pX="0" pY="0" skX="0" skY="0"/>
    </frame>
    <frame z="0" displayIndex="24" duration="1" tweenEasing="NaN">
     <transform scX="1" x="0" scY="1" y="0" pX="0" pY="0" skX="0" skY="0"/>
    </frame>
    <frame z="0" displayIndex="25" duration="1" tweenEasing="NaN">
     <transform scX="1" x="0" scY="1" y="0" pX="0" pY="0" skX="0" skY="0"/>
    </frame>
    <frame z="0" displayIndex="26" duration="1" tweenEasing="NaN">
     <transform scX="1" x="0" scY="1" y="0" pX="0" pY="0" skX="0" skY="0"/>
    </frame>
    <frame z="0" displayIndex="27" duration="1" tweenEasing="NaN">
     <transform scX="1" x="0" scY="1" y="0" pX="0" pY="0" skX="0" skY="0"/>
    </frame>
    <frame z="0" displayIndex="28" duration="1" tweenEasing="NaN">
     <transform scX="1" x="0" scY="1" y="0" pX="0" pY="0" skX="0" skY="0"/>
    </frame>
    <frame z="0" displayIndex="29" duration="1" tweenEasing="NaN">
     <transform scX="1" x="0" scY="1" y="0" pX="0" pY="0" skX="0" skY="0"/>
    </frame>
    <frame z="0" displayIndex="30" duration="1" tweenEasing="NaN">
     <transform scX="1" x="0" scY="1" y="0" pX="0" pY="0" skX="0" skY="0"/>
    </frame>
    <frame z="0" displayIndex="31" duration="1" tweenEasing="NaN">
     <transform scX="1" x="0" scY="1" y="0" pX="0" pY="0" skX="0" skY="0"/>
    </frame>
    <frame z="0" displayIndex="32" duration="1" tweenEasing="NaN">
     <transform scX="1" x="-0.5" scY="1" y="-0.5" pX="0" pY="0" skX="0" skY="0"/>
    </frame>
    <frame z="0" displayIndex="33" duration="1" tweenEasing="NaN">
     <transform scX="1" x="-0.5" scY="1" y="-0.5" pX="0" pY="0" skX="0" skY="0"/>
    </frame>
    <frame z="0" displayIndex="34" duration="1" tweenEasing="NaN">
     <transform scX="1" x="-0.5" scY="1" y="-0.5" pX="0" pY="0" skX="0" skY="0"/>
    </frame>
    <frame z="0" displayIndex="35" duration="1" tweenEasing="NaN">
     <transform scX="1" x="-0.5" scY="1" y="-0.5" pX="0" pY="0" skX="0" skY="0"/>
    </frame>
    <frame z="0" displayIndex="36" duration="1" tweenEasing="NaN">
     <transform scX="1" x="-0.5" scY="1" y="-0.5" pX="0" pY="0" skX="0" skY="0"/>
    </frame>
    <frame z="0" displayIndex="37" duration="1" tweenEasing="NaN">
     <transform scX="1" x="-0.5" scY="1" y="-0.5" pX="0" pY="0" skX="0" skY="0"/>
    </frame>
    <frame z="0" displayIndex="38" duration="1" tweenEasing="NaN">
     <transform scX="1" x="-0.5" scY="1" y="-0.5" pX="0" pY="0" skX="0" skY="0"/>
    </frame>
    <frame z="0" displayIndex="39" duration="1" tweenEasing="NaN">
     <transform scX="1" x="-0.5" scY="1" y="-0.5" pX="0" pY="0" skX="0" skY="0"/>
    </frame>
    <frame z="0" displayIndex="40" duration="1" tweenEasing="NaN">
     <transform scX="1" x="-0.5" scY="1" y="-0.5" pX="0" pY="0" skX="0" skY="0"/>
    </frame>
    <frame z="0" displayIndex="41" duration="1" tweenEasing="NaN">
     <transform scX="1" x="-0.5" scY="1" y="-0.5" pX="0" pY="0" skX="0" skY="0"/>
    </frame>
    <frame z="0" displayIndex="42" duration="1" tweenEasing="NaN">
     <transform scX="1" x="-0.5" scY="1" y="-0.5" pX="0" pY="0" skX="0" skY="0"/>
    </frame>
    <frame z="0" displayIndex="43" duration="1" tweenEasing="NaN">
     <transform scX="1" x="-0.5" scY="1" y="-0.5" pX="0" pY="0" skX="0" skY="0"/>
    </frame>
    <frame z="0" displayIndex="44" duration="1" tweenEasing="NaN">
     <transform scX="1" x="-0.5" scY="1" y="-0.5" pX="0" pY="0" skX="0" skY="0"/>
    </frame>
    <frame z="0" displayIndex="45" duration="1" tweenEasing="NaN">
     <transform scX="1" x="-0.5" scY="1" y="-0.5" pX="0" pY="0" skX="0" skY="0"/>
    </frame>
    <frame z="0" displayIndex="46" duration="1" tweenEasing="NaN">
     <transform scX="1" x="-0.5" scY="1" y="-0.5" pX="0" pY="0" skX="0" skY="0"/>
    </frame>
   </timeline>
  </animation>
 </armature>
</root>