<root name="worldLive_mc" isGlobal="0" frameRate="30" version="3.0">
 <armature name="worldLive_mc">
  <skin name="default">
   <slot name="Layer 1" z="0" parent="Layer 1">
    <display name="__dbTextures/worldLive_mc/Layer 1_0" type="image">
     <transform scX="1" x="-45" scY="1" y="-15" pX="0" pY="0" skX="0" skY="0"/>
    </display>
   </slot>
   <slot name="Layer 6" z="1" parent="Layer 6">
    <display name="__dbTextures/worldLive_mc/Layer 6_0" type="image">
     <transform scX="1" x="-85" scY="1" y="-19" pX="0" pY="0" skX="0" skY="0"/>
    </display>
   </slot>
   <slot name="Layer 7" z="2" parent="Layer 7">
    <display name="__dbTextures/worldLive_mc/Layer 7_0" type="image">
     <transform scX="1" x="-17" scY="1" y="-16.5" pX="0" pY="0" skX="0" skY="0"/>
    </display>
   </slot>
   <slot name="Layer 8" z="3" parent="Layer 8">
    <display name="__dbTextures/worldLive_mc/Layer 8_0" type="image">
     <transform scX="1" x="-15" scY="1" y="-9.5" pX="0" pY="0" skX="0" skY="0"/>
    </display>
   </slot>
   <slot name="wavesTXT" z="4" parent="wavesTXT">
    <display name="Case" type="image">
     <transform scX="1" x="0" scY="1" y="0" pX="25" pY="25" skX="0" skY="0"/>
    </display>
   </slot>
   <slot name="moneyTXT" z="5" parent="moneyTXT">
    <display name="Case" type="image">
     <transform scX="1" x="0" scY="1" y="0" pX="25" pY="25" skX="0" skY="0"/>
    </display>
   </slot>
   <slot name="waveTXT" z="6" parent="waveTXT">
    <display name="Case" type="image">
     <transform scX="1" x="0" scY="1" y="0" pX="25" pY="25" skX="0" skY="0"/>
    </display>
   </slot>
   <slot name="liveTXT" z="7" parent="liveTXT">
    <display name="Case" type="image">
     <transform scX="1" x="0" scY="1" y="0" pX="25" pY="25" skX="0" skY="0"/>
    </display>
   </slot>
  </skin>
  <bone name="wavesTXT">
   <transform scX="1" x="71.8" skX="0" scY="0.42" y="43.8" skY="0"/>
  </bone>
  <bone name="Layer 6">
   <transform scX="1" x="85" skX="0" scY="1" y="19" skY="0"/>
  </bone>
  <bone name="Layer 7">
   <transform scX="1" x="113.8" skX="0" scY="1" y="21.3" skY="0"/>
  </bone>
  <bone name="Layer 8">
   <transform scX="1" x="24.95" skX="0" scY="1" y="16.5" skY="0"/>
  </bone>
  <bone name="Layer 1">
   <transform scX="1" x="84.95" skX="0" scY="1" y="45" skY="0"/>
  </bone>
  <bone name="moneyTXT">
   <transform scX="1.34" x="80.3" skX="0" scY="0.6" y="18.3" skY="0"/>
  </bone>
  <bone name="waveTXT">
   <transform scX="1" x="116.3" skX="0" scY="0.42" y="45.3" skY="0"/>
  </bone>
  <bone name="liveTXT">
   <transform scX="1" x="156.25" skX="0" scY="0.56" y="19.3" skY="0"/>
  </bone>
  <animation fadeInTime="0.3" scale="1" loop="1" autoTween="NaN" name="worldLive_mc" duration="1" tweenEasing="NaN">
   <timeline pX="0" name="Layer 1" pY="0" scale="1" offset="0">
    <frame z="0" duration="1" tweenEasing="NaN">
     <transform scX="1" x="0" scY="1" y="0" pX="0" pY="0" skX="0" skY="0"/>
    </frame>
   </timeline>
   <timeline pX="0" name="Layer 6" pY="0" scale="1" offset="0">
    <frame z="0" duration="1" tweenEasing="NaN">
     <transform scX="1" x="0" scY="1" y="0" pX="0" pY="0" skX="0" skY="0"/>
    </frame>
   </timeline>
   <timeline pX="0" name="Layer 7" pY="0" scale="1" offset="0">
    <frame z="0" duration="1" tweenEasing="NaN">
     <transform scX="1" x="0" scY="1" y="0" pX="0" pY="0" skX="0" skY="0"/>
    </frame>
   </timeline>
   <timeline pX="0" name="Layer 8" pY="0" scale="1" offset="0">
    <frame z="0" duration="1" tweenEasing="NaN">
     <transform scX="1" x="0" scY="1" y="0" pX="0" pY="0" skX="0" skY="0"/>
    </frame>
   </timeline>
   <timeline pX="0" name="wavesTXT" pY="0" scale="1" offset="0">
    <frame z="0" duration="1">
     <transform scX="1" x="0" scY="1" y="0" pX="0" pY="0" skX="0" skY="0"/>
    </frame>
   </timeline>
   <timeline pX="0" name="moneyTXT" pY="0" scale="1" offset="0">
    <frame z="0" duration="1">
     <transform scX="1" x="0" scY="1" y="0" pX="0" pY="0" skX="0" skY="0"/>
    </frame>
   </timeline>
   <timeline pX="0" name="waveTXT" pY="0" scale="1" offset="0">
    <frame z="0" duration="1">
     <transform scX="1" x="0" scY="1" y="0" pX="0" pY="0" skX="0" skY="0"/>
    </frame>
   </timeline>
   <timeline pX="0" name="liveTXT" pY="0" scale="1" offset="0">
    <frame z="0" duration="1">
     <transform scX="1" x="0" scY="1" y="0" pX="0" pY="0" skX="0" skY="0"/>
    </frame>
   </timeline>
  </animation>
 </armature>
</root>