<dragonBones name="1yrt" frameRate="30" version="2.3">
 <armature name="TowerMenu_mc_cont1">
  <bone name="Layer 1">
   <transform x="0" y="0" skX="0" skY="0" scX="1" scY="1"/>
  </bone>
  <skin name="default">
   <slot name="Layer 1" parent="Layer 1" z="0">
    <display name="Shape/shape 10977" type="image">
     <transform x="0" y="0" skX="0" skY="0" scX="1" scY="1" pX="67" pY="64"/>
    </display>
    <display name="Shape/shape 10979" type="image">
     <transform x="0" y="0" skX="0" skY="0" scX="1" scY="1" pX="67" pY="64"/>
    </display>
    <display name="Shape/shape 10981" type="image">
     <transform x="0" y="0" skX="0" skY="0" scX="1" scY="1" pX="67" pY="64"/>
    </display>
    <display name="Shape/shape 10983" type="image">
     <transform x="0" y="0" skX="0" skY="0" scX="1" scY="1" pX="67" pY="64"/>
    </display>
    <display name="Shape/shape 10985" type="image">
     <transform x="0" y="0" skX="0" skY="0" scX="1" scY="1" pX="67" pY="64"/>
    </display>
    <display name="Shape/shape 10987" type="image">
     <transform x="0" y="0" skX="0" skY="0" scX="1" scY="1" pX="67" pY="64"/>
    </display>
    <display name="Shape/shape 10989" type="image">
     <transform x="0" y="0" skX="0" skY="0" scX="1" scY="1" pX="67" pY="64"/>
    </display>
    <display name="Shape/shape 10991" type="image">
     <transform x="0" y="0" skX="0" skY="0" scX="1" scY="1" pX="67" pY="64"/>
    </display>
    <display name="Shape/shape 10993" type="image">
     <transform x="0" y="0" skX="0" skY="0" scX="1" scY="1" pX="67" pY="64"/>
    </display>
    <display name="Shape/shape 10995" type="image">
     <transform x="0" y="0" skX="0" skY="0" scX="1" scY="1" pX="67" pY="64"/>
    </display>
    <display name="Shape/shape 10997" type="image">
     <transform x="0" y="0" skX="0" skY="0" scX="1" scY="1" pX="67" pY="64"/>
    </display>
    <display name="Shape/shape 10999" type="image">
     <transform x="0" y="0" skX="0" skY="0" scX="1" scY="1" pX="67" pY="64"/>
    </display>
    <display name="Shape/shape 11001" type="image">
     <transform x="0" y="0" skX="0" skY="0" scX="1" scY="1" pX="67" pY="64"/>
    </display>
    <display name="Shape/shape 11003" type="image">
     <transform x="0" y="0" skX="0" skY="0" scX="1" scY="1" pX="67" pY="64"/>
    </display>
    <display name="Shape/shape 11005" type="image">
     <transform x="0" y="0" skX="0" skY="0" scX="1" scY="1" pX="67" pY="64"/>
    </display>
    <display name="Shape/shape 11007" type="image">
     <transform x="0" y="0" skX="0" skY="0" scX="1" scY="1" pX="67" pY="64"/>
    </display>
    <display name="Shape/shape 11009" type="image">
     <transform x="0" y="0" skX="0" skY="0" scX="1" scY="1" pX="67" pY="64"/>
    </display>
    <display name="Shape/shape 11011" type="image">
     <transform x="0" y="0" skX="0" skY="0" scX="1" scY="1" pX="67" pY="64"/>
    </display>
    <display name="Shape/shape 11013" type="image">
     <transform x="0" y="0" skX="0" skY="0" scX="1" scY="1" pX="67" pY="64"/>
    </display>
    <display name="Shape/shape 11015" type="image">
     <transform x="0" y="0" skX="0" skY="0" scX="1" scY="1" pX="67" pY="64"/>
    </display>
    <display name="Shape/shape 11017" type="image">
     <transform x="0" y="0" skX="0" skY="0" scX="1" scY="1" pX="67" pY="64"/>
    </display>
    <display name="Shape/shape 11019" type="image">
     <transform x="0" y="0" skX="0" skY="0" scX="1" scY="1" pX="67" pY="64"/>
    </display>
    <display name="Shape/shape 11021" type="image">
     <transform x="0" y="0" skX="0" skY="0" scX="1" scY="1" pX="67" pY="64"/>
    </display>
    <display name="Shape/shape 11023" type="image">
     <transform x="0" y="0" skX="0" skY="0" scX="1" scY="1" pX="67" pY="64"/>
    </display>
    <display name="Shape/shape 11025" type="image">
     <transform x="0" y="0" skX="0" skY="0" scX="1" scY="1" pX="67" pY="64"/>
    </display>
    <display name="Shape/shape 11027" type="image">
     <transform x="0" y="0" skX="0" skY="0" scX="1" scY="1" pX="67" pY="64"/>
    </display>
    <display name="Shape/shape 11029" type="image">
     <transform x="0" y="0" skX="0" skY="0" scX="1" scY="1" pX="67" pY="64"/>
    </display>
    <display name="Shape/shape 11031" type="image">
     <transform x="0" y="0" skX="0" skY="0" scX="1" scY="1"/>
    </display>
    <display name="Shape/shape 11033" type="image">
     <transform x="0" y="0" skX="0" skY="0" scX="1" scY="1"/>
    </display>
    <display name="Shape/shape 11035" type="image">
     <transform x="0" y="0" skX="0" skY="0" scX="1" scY="1"/>
    </display>
   </slot>
  </skin>
  <animation name="TowerMenu_mc_cont1" fadeInTime="0.3" duration="60" scale="1" loop="1" autoTween="1" tweenEasing="NaN">
   <timeline name="Layer 1" scale="1" offset="0">
    <frame z="0" duration="2">
     <transform x="0" y="0" skX="0" skY="0" scX="1" scY="1" pX="0" pY="0"/>
    </frame>
    <frame z="0" displayIndex="1" duration="2">
     <transform x="0" y="0" skX="0" skY="0" scX="1" scY="1" pX="0" pY="0"/>
    </frame>
    <frame z="0" displayIndex="2" duration="2">
     <transform x="0" y="0" skX="0" skY="0" scX="1" scY="1" pX="0" pY="0"/>
    </frame>
    <frame z="0" displayIndex="3" duration="2">
     <transform x="0" y="0" skX="0" skY="0" scX="1" scY="1" pX="0" pY="0"/>
    </frame>
    <frame z="0" displayIndex="4" duration="2">
     <transform x="0" y="0" skX="0" skY="0" scX="1" scY="1" pX="0" pY="0"/>
    </frame>
    <frame z="0" displayIndex="5" duration="2">
     <transform x="0" y="0" skX="0" skY="0" scX="1" scY="1" pX="0" pY="0"/>
    </frame>
    <frame z="0" displayIndex="6" duration="2">
     <transform x="0" y="0" skX="0" skY="0" scX="1" scY="1" pX="0" pY="0"/>
    </frame>
    <frame z="0" displayIndex="7" duration="2">
     <transform x="0" y="0" skX="0" skY="0" scX="1" scY="1" pX="0" pY="0"/>
    </frame>
    <frame z="0" displayIndex="8" duration="2">
     <transform x="0" y="0" skX="0" skY="0" scX="1" scY="1" pX="0" pY="0"/>
    </frame>
    <frame z="0" displayIndex="9" duration="2">
     <transform x="0" y="0" skX="0" skY="0" scX="1" scY="1" pX="0" pY="0"/>
    </frame>
    <frame z="0" displayIndex="10" duration="2">
     <transform x="0" y="0" skX="0" skY="0" scX="1" scY="1" pX="0" pY="0"/>
    </frame>
    <frame z="0" displayIndex="11" duration="2">
     <transform x="0" y="0" skX="0" skY="0" scX="1" scY="1" pX="0" pY="0"/>
    </frame>
    <frame z="0" displayIndex="12" duration="2">
     <transform x="0" y="0" skX="0" skY="0" scX="1" scY="1" pX="0" pY="0"/>
    </frame>
    <frame z="0" displayIndex="13" duration="2">
     <transform x="0" y="0" skX="0" skY="0" scX="1" scY="1" pX="0" pY="0"/>
    </frame>
    <frame z="0" displayIndex="14" duration="2">
     <transform x="0" y="0" skX="0" skY="0" scX="1" scY="1" pX="0" pY="0"/>
    </frame>
    <frame z="0" displayIndex="15" duration="2">
     <transform x="0" y="0" skX="0" skY="0" scX="1" scY="1" pX="0" pY="0"/>
    </frame>
    <frame z="0" displayIndex="16" duration="2">
     <transform x="0" y="0" skX="0" skY="0" scX="1" scY="1" pX="0" pY="0"/>
    </frame>
    <frame z="0" displayIndex="17" duration="2">
     <transform x="0" y="0" skX="0" skY="0" scX="1" scY="1" pX="0" pY="0"/>
    </frame>
    <frame z="0" displayIndex="18" duration="2">
     <transform x="0" y="0" skX="0" skY="0" scX="1" scY="1" pX="0" pY="0"/>
    </frame>
    <frame z="0" displayIndex="19" duration="2">
     <transform x="0" y="0" skX="0" skY="0" scX="1" scY="1" pX="0" pY="0"/>
    </frame>
    <frame z="0" displayIndex="20" duration="2">
     <transform x="0" y="0" skX="0" skY="0" scX="1" scY="1" pX="0" pY="0"/>
    </frame>
    <frame z="0" displayIndex="21" duration="2">
     <transform x="0" y="0" skX="0" skY="0" scX="1" scY="1" pX="0" pY="0"/>
    </frame>
    <frame z="0" displayIndex="22" duration="2">
     <transform x="0" y="0" skX="0" skY="0" scX="1" scY="1" pX="0" pY="0"/>
    </frame>
    <frame z="0" displayIndex="23" duration="2">
     <transform x="0" y="0" skX="0" skY="0" scX="1" scY="1" pX="0" pY="0"/>
    </frame>
    <frame z="0" displayIndex="24" duration="2">
     <transform x="0" y="0" skX="0" skY="0" scX="1" scY="1" pX="0" pY="0"/>
    </frame>
    <frame z="0" displayIndex="25" duration="2">
     <transform x="0" y="0" skX="0" skY="0" scX="1" scY="1" pX="0" pY="0"/>
    </frame>
    <frame z="0" displayIndex="26" duration="2">
     <transform x="0" y="0" skX="0" skY="0" scX="1" scY="1" pX="0" pY="0"/>
    </frame>
    <frame z="0" displayIndex="27" duration="2">
     <transform x="0" y="0" skX="0" skY="0" scX="1" scY="1" pX="0" pY="0"/>
    </frame>
    <frame z="0" displayIndex="28" duration="2">
     <transform x="0" y="0" skX="0" skY="0" scX="1" scY="1" pX="0" pY="0"/>
    </frame>
    <frame z="0" displayIndex="29" duration="2">
     <transform x="0" y="0" skX="0" skY="0" scX="1" scY="1" pX="0" pY="0"/>
    </frame>
   </timeline>
  </animation>
 </armature>
</dragonBones>