<TextureAtlas name="TowerMenu_mc_cont1" imagePath="texture.png">
 <SubTexture name="Shape/shape 10977" x="396" y="264" width="130" height="130"/>
 <SubTexture name="Shape/shape 10979" x="660" y="0" width="130" height="130"/>
 <SubTexture name="Shape/shape 10981" x="528" y="396" width="130" height="130"/>
 <SubTexture name="Shape/shape 10983" x="0" y="0" width="130" height="130"/>
 <SubTexture name="Shape/shape 10985" x="528" y="264" width="130" height="130"/>
 <SubTexture name="Shape/shape 10987" x="792" y="132" width="130" height="130"/>
 <SubTexture name="Shape/shape 10989" x="264" y="132" width="130" height="130"/>
 <SubTexture name="Shape/shape 10991" x="792" y="264" width="130" height="130"/>
 <SubTexture name="Shape/shape 10993" x="264" y="396" width="130" height="130"/>
 <SubTexture name="Shape/shape 10995" x="660" y="264" width="130" height="130"/>
 <SubTexture name="Shape/shape 10997" x="0" y="132" width="130" height="130"/>
 <SubTexture name="Shape/shape 10999" x="660" y="132" width="130" height="130"/>
 <SubTexture name="Shape/shape 11001" x="660" y="396" width="130" height="130"/>
 <SubTexture name="Shape/shape 11003" x="264" y="264" width="130" height="130"/>
 <SubTexture name="Shape/shape 11005" x="528" y="0" width="130" height="130"/>
 <SubTexture name="Shape/shape 11007" x="792" y="0" width="130" height="130"/>
 <SubTexture name="Shape/shape 11009" x="396" y="132" width="130" height="130"/>
 <SubTexture name="Shape/shape 11011" x="264" y="0" width="130" height="130"/>
 <SubTexture name="Shape/shape 11013" x="132" y="0" width="130" height="130"/>
 <SubTexture name="Shape/shape 11015" x="0" y="396" width="130" height="130"/>
 <SubTexture name="Shape/shape 11017" x="132" y="396" width="130" height="130"/>
 <SubTexture name="Shape/shape 11019" x="396" y="0" width="130" height="130"/>
 <SubTexture name="Shape/shape 11021" x="132" y="264" width="130" height="130"/>
 <SubTexture name="Shape/shape 11023" x="396" y="396" width="130" height="130"/>
 <SubTexture name="Shape/shape 11025" x="528" y="132" width="130" height="130"/>
 <SubTexture name="Shape/shape 11027" x="0" y="264" width="130" height="130"/>
 <SubTexture name="Shape/shape 11029" x="132" y="132" width="130" height="130"/>
</TextureAtlas>