<dragonBones name="1yrt" frameRate="30" version="2.3">
 <armature name="CastFireStone_mc">
  <bone name="Layer 1">
   <transform x="0" y="0" skX="0" skY="0" scX="1" scY="1"/>
  </bone>
  <skin name="default">
   <slot name="Layer 1" parent="Layer 1" z="0">
    <display name="Shape/shape 6902" type="image">
     <transform x="0" y="0" skX="0" skY="0" scX="1" scY="1" pX="63" pY="63"/>
    </display>
    <display name="Shape/shape 6904" type="image">
     <transform x="0" y="0" skX="0" skY="0" scX="1" scY="1" pX="63" pY="63"/>
    </display>
    <display name="Shape/shape 6906" type="image">
     <transform x="0" y="0" skX="0" skY="0" scX="1" scY="1" pX="63" pY="63"/>
    </display>
    <display name="Shape/shape 6908" type="image">
     <transform x="0" y="0" skX="0" skY="0" scX="1" scY="1" pX="63" pY="63"/>
    </display>
    <display name="Shape/shape 6910" type="image">
     <transform x="0" y="0" skX="0" skY="0" scX="1" scY="1" pX="63" pY="63"/>
    </display>
    <display name="Shape/shape 6912" type="image">
     <transform x="0" y="0" skX="0" skY="0" scX="1" scY="1" pX="63" pY="63"/>
    </display>
    <display name="Shape/shape 6914" type="image">
     <transform x="0" y="0" skX="0" skY="0" scX="1" scY="1" pX="63" pY="63"/>
    </display>
    <display name="Shape/shape 6916" type="image">
     <transform x="0" y="0" skX="0" skY="0" scX="1" scY="1" pX="63" pY="63"/>
    </display>
    <display name="Shape/shape 6918" type="image">
     <transform x="0" y="0" skX="0" skY="0" scX="1" scY="1" pX="63" pY="63"/>
    </display>
    <display name="Shape/shape 6920" type="image">
     <transform x="0" y="0" skX="0" skY="0" scX="1" scY="1" pX="63" pY="63"/>
    </display>
    <display name="Shape/shape 6922" type="image">
     <transform x="0" y="0" skX="0" skY="0" scX="1" scY="1" pX="63" pY="63"/>
    </display>
    <display name="Shape/shape 6924" type="image">
     <transform x="0" y="0" skX="0" skY="0" scX="1" scY="1" pX="63" pY="63"/>
    </display>
    <display name="Shape/shape 6926" type="image">
     <transform x="0" y="0" skX="0" skY="0" scX="1" scY="1" pX="63" pY="63"/>
    </display>
    <display name="Shape/shape 6928" type="image">
     <transform x="0" y="0" skX="0" skY="0" scX="1" scY="1" pX="63" pY="63"/>
    </display>
    <display name="Shape/shape 6930" type="image">
     <transform x="0" y="0" skX="0" skY="0" scX="1" scY="1" pX="63" pY="63"/>
    </display>
    <display name="Shape/shape 6932" type="image">
     <transform x="0" y="0" skX="0" skY="0" scX="1" scY="1" pX="63" pY="63"/>
    </display>
    <display name="Shape/shape 6934" type="image">
     <transform x="0" y="0" skX="0" skY="0" scX="1" scY="1" pX="63" pY="63"/>
    </display>
    <display name="Shape/shape 6936" type="image">
     <transform x="0" y="0" skX="0" skY="0" scX="1" scY="1" pX="63" pY="63"/>
    </display>
   </slot>
  </skin>
  <animation name="CastFireStone_mc" fadeInTime="0.3" duration="40" scale="1" loop="1" autoTween="1" tweenEasing="NaN">
   <timeline name="Layer 1" scale="1" offset="0">
    <frame z="0" duration="1">
     <transform x="0" y="0" skX="0" skY="0" scX="1" scY="1" pX="0" pY="0"/>
    </frame>
    <frame z="0" displayIndex="1" duration="1">
     <transform x="0" y="0" skX="0" skY="0" scX="1" scY="1" pX="0" pY="0"/>
    </frame>
    <frame z="0" displayIndex="2" duration="1">
     <transform x="0" y="0" skX="0" skY="0" scX="1" scY="1" pX="0" pY="0"/>
    </frame>
    <frame z="0" displayIndex="3" duration="2">
     <transform x="0" y="0" skX="0" skY="0" scX="1" scY="1" pX="0" pY="0"/>
    </frame>
    <frame z="0" displayIndex="4" duration="2">
     <transform x="0" y="0" skX="0" skY="0" scX="1" scY="1" pX="0" pY="0"/>
    </frame>
    <frame z="0" displayIndex="5" duration="2">
     <transform x="0" y="0" skX="0" skY="0" scX="1" scY="1" pX="0" pY="0"/>
    </frame>
    <frame z="0" displayIndex="6" duration="2">
     <transform x="0" y="0" skX="0" skY="0" scX="1" scY="1" pX="0" pY="0"/>
    </frame>
    <frame z="0" displayIndex="7" duration="2">
     <transform x="0" y="0" skX="0" skY="0" scX="1" scY="1" pX="0" pY="0"/>
    </frame>
    <frame z="0" displayIndex="8" duration="3">
     <transform x="0" y="0" skX="0" skY="0" scX="1" scY="1" pX="0" pY="0"/>
    </frame>
    <frame z="0" displayIndex="9" duration="3">
     <transform x="0" y="0" skX="0" skY="0" scX="1" scY="1" pX="0" pY="0"/>
    </frame>
    <frame z="0" displayIndex="10" duration="3">
     <transform x="0" y="0" skX="0" skY="0" scX="1" scY="1" pX="0" pY="0"/>
    </frame>
    <frame z="0" displayIndex="11" duration="3">
     <transform x="0" y="0" skX="0" skY="0" scX="1" scY="1" pX="0" pY="0"/>
    </frame>
    <frame z="0" displayIndex="12" duration="3">
     <transform x="0" y="0" skX="0" skY="0" scX="1" scY="1" pX="0" pY="0"/>
    </frame>
    <frame z="0" displayIndex="13" duration="3">
     <transform x="0" y="0" skX="0" skY="0" scX="1" scY="1" pX="0" pY="0"/>
    </frame>
    <frame z="0" displayIndex="14" duration="2">
     <transform x="0" y="0" skX="0" skY="0" scX="1" scY="1" pX="0" pY="0"/>
    </frame>
    <frame z="0" displayIndex="15" duration="2">
     <transform x="0" y="0" skX="0" skY="0" scX="1" scY="1" pX="0" pY="0"/>
    </frame>
    <frame z="0" displayIndex="16" duration="2">
     <transform x="0" y="0" skX="0" skY="0" scX="1" scY="1" pX="0" pY="0"/>
    </frame>
    <frame z="0" displayIndex="17" duration="2">
     <transform x="0" y="0" skX="0" skY="0" scX="1" scY="1" pX="0" pY="0"/>
    </frame>
    <frame z="0" displayIndex="17" duration="1">
     <transform x="0" y="0" skX="0" skY="0" scX="0.01" scY="0.01" pX="0" pY="0"/>
     <colorTransform aO="0" rO="0" gO="0" bO="0" aM="0" rM="100" gM="100" bM="100"/>
    </frame>
   </timeline>
  </animation>
 </armature>
</dragonBones>