<root name="Training_11_01_mc" isGlobal="0" frameRate="30" version="3.0">
 <armature name="Training_11_01_mc">
  <skin name="default">
   <slot name="Layer 1" z="0" parent="Layer 1">
    <display name="Shape/shape 5191" type="image">
     <transform scX="1" x="0" scY="1" y="0" pX="42" pY="21" skX="0" skY="0"/>
    </display>
    <display name="Shape/shape 5193" type="image">
     <transform scX="1" x="0" scY="1" y="0" pX="42" pY="21" skX="0" skY="0"/>
    </display>
    <display name="Shape/shape 5195" type="image">
     <transform scX="1" x="0" scY="1" y="0" pX="42" pY="21" skX="0" skY="0"/>
    </display>
    <display name="Shape/shape 5197" type="image">
     <transform scX="1" x="0" scY="1" y="0" pX="42" pY="21" skX="0" skY="0"/>
    </display>
    <display name="Shape/shape 5199" type="image">
     <transform scX="1" x="0" scY="1" y="0" pX="42" pY="21" skX="0" skY="0"/>
    </display>
    <display name="Shape/shape 5201" type="image">
     <transform scX="1" x="0" scY="1" y="0" pX="42" pY="21" skX="0" skY="0"/>
    </display>
    <display name="Shape/shape 5204" type="image">
     <transform scX="1" x="0" scY="1" y="0" pX="42" pY="21" skX="0" skY="0"/>
    </display>
    <display name="Shape/shape 5206" type="image">
     <transform scX="1" x="0" scY="1" y="0" pX="42" pY="21" skX="0" skY="0"/>
    </display>
    <display name="Shape/shape 5208" type="image">
     <transform scX="1" x="0" scY="1" y="0" pX="42" pY="21" skX="0" skY="0"/>
    </display>
    <display name="Shape/shape 5210" type="image">
     <transform scX="1" x="0" scY="1" y="0" pX="42" pY="21" skX="0" skY="0"/>
    </display>
    <display name="Shape/shape 5212" type="image">
     <transform scX="1" x="0" scY="1" y="0" pX="42" pY="21" skX="0" skY="0"/>
    </display>
    <display name="Shape/shape 5214" type="image">
     <transform scX="1" x="0" scY="1" y="0" pX="42" pY="21" skX="0" skY="0"/>
    </display>
    <display name="Shape/shape 5216" type="image">
     <transform scX="1" x="0" scY="1" y="0" pX="42" pY="21" skX="0" skY="0"/>
    </display>
    <display name="Shape/shape 5218" type="image">
     <transform scX="1" x="0" scY="1" y="0" pX="42" pY="21" skX="0" skY="0"/>
    </display>
    <display name="Shape/shape 5220" type="image">
     <transform scX="1" x="0" scY="1" y="0" pX="42" pY="21" skX="0" skY="0"/>
    </display>
   </slot>
   <slot name="Layer 2" z="1" parent="Layer 2">
    <display name="补间 17" type="image">
     <transform scX="1" x="0" scY="1" y="0" pX="10.5" pY="3.5" skX="0" skY="0"/>
    </display>
    <display name="补间 4" type="image">
     <transform scX="1" x="0" scY="1" y="0" pX="16.9" pY="5.4" skX="0" skY="0"/>
    </display>
    <display name="补间 2" type="image">
     <transform scX="1" x="0" scY="1" y="0" pX="20.5" pY="9" skX="0" skY="0"/>
    </display>
    <display name="补间 3" type="image">
     <transform scX="1" x="0" scY="1" y="0" pX="17.2" pY="5.55" skX="0" skY="0"/>
    </display>
    <display name="补间 20" type="image">
     <transform scX="1" x="0" scY="1" y="0" pX="16.85" pY="5.4" skX="0" skY="0"/>
    </display>
    <display name="补间 21" type="image">
     <transform scX="1" x="0" scY="1" y="0" pX="17.05" pY="5.45" skX="0" skY="0"/>
    </display>
    <display name="补间 22" type="image">
     <transform scX="1" x="0" scY="1" y="0" pX="17.35" pY="5.6" skX="0" skY="0"/>
    </display>
    <display name="补间 1" type="image">
     <transform scX="1" x="0" scY="1" y="0" pX="17.2" pY="5.55" skX="0" skY="0"/>
    </display>
   </slot>
  </skin>
  <bone name="Layer 1">
   <transform scX="-1.3" x="54.6" skX="180" scY="1.3" y="27.95" skY="-180"/>
  </bone>
  <bone name="Layer 2">
   <transform scX="1" x="16.2" skX="0" scY="1" y="21.3" skY="0"/>
  </bone>
  <animation fadeInTime="0.3" scale="1" loop="1" autoTween="NaN" name="Training_11_01_mc" duration="27" tweenEasing="NaN">
   <timeline pX="0" name="Layer 1" pY="0" scale="1" offset="0">
    <frame z="0" duration="1">
     <transform scX="1" x="0" scY="1" y="0" pX="0" pY="0" skX="0" skY="0"/>
    </frame>
    <frame displayIndex="1" z="0" duration="1">
     <transform scX="1" x="0" scY="1" y="0" pX="0" pY="0" skX="0" skY="0"/>
    </frame>
    <frame displayIndex="2" z="0" duration="1">
     <transform scX="1" x="0" scY="1" y="0" pX="0" pY="0" skX="0" skY="0"/>
    </frame>
    <frame displayIndex="3" z="0" duration="1">
     <transform scX="1" x="0" scY="1" y="0" pX="0" pY="0" skX="0" skY="0"/>
    </frame>
    <frame displayIndex="4" z="0" duration="1">
     <transform scX="1" x="0" scY="1" y="0" pX="0" pY="0" skX="0" skY="0"/>
    </frame>
    <frame displayIndex="5" z="0" duration="1">
     <transform scX="1" x="0" scY="1" y="0" pX="0" pY="0" skX="0" skY="0"/>
    </frame>
    <frame displayIndex="6" z="0" duration="1">
     <transform scX="1" x="0" scY="1" y="0" pX="0" pY="0" skX="0" skY="0"/>
    </frame>
    <frame displayIndex="7" z="0" duration="1">
     <transform scX="1" x="0" scY="1" y="0" pX="0" pY="0" skX="0" skY="0"/>
    </frame>
    <frame displayIndex="8" z="0" duration="1">
     <transform scX="1" x="0" scY="1" y="0" pX="0" pY="0" skX="0" skY="0"/>
    </frame>
    <frame displayIndex="9" z="0" duration="1">
     <transform scX="1" x="0" scY="1" y="0" pX="0" pY="0" skX="0" skY="0"/>
    </frame>
    <frame displayIndex="10" z="0" duration="1">
     <transform scX="1" x="0" scY="1" y="0" pX="0" pY="0" skX="0" skY="0"/>
    </frame>
    <frame displayIndex="11" z="0" duration="3">
     <transform scX="1" x="0" scY="1" y="0" pX="0" pY="0" skX="0" skY="0"/>
    </frame>
    <frame displayIndex="10" z="0" duration="2">
     <transform scX="1" x="0" scY="1" y="0" pX="0" pY="0" skX="0" skY="0"/>
    </frame>
    <frame displayIndex="9" z="0" duration="3">
     <transform scX="1" x="0" scY="1" y="0" pX="0" pY="0" skX="0" skY="0"/>
    </frame>
    <frame displayIndex="10" z="0" duration="2">
     <transform scX="1" x="0" scY="1" y="0" pX="0" pY="0" skX="0" skY="0"/>
    </frame>
    <frame displayIndex="11" z="0" duration="2">
     <transform scX="1" x="0" scY="1" y="0" pX="0" pY="0" skX="0" skY="0"/>
    </frame>
    <frame displayIndex="12" z="0" duration="1">
     <transform scX="1" x="0" scY="1" y="0" pX="0" pY="0" skX="0" skY="0"/>
    </frame>
    <frame displayIndex="13" z="0" duration="1">
     <transform scX="1" x="0" scY="1" y="0" pX="0" pY="0" skX="0" skY="0"/>
    </frame>
    <frame displayIndex="14" z="0" duration="1">
     <transform scX="1" x="0" scY="1" y="0" pX="0" pY="0" skX="0" skY="0"/>
    </frame>
    <frame displayIndex="14" z="0" duration="1">
     <transform scX="1" x="0" scY="1" y="0" pX="0" pY="0" skX="0" skY="0"/>
    </frame>
   </timeline>
   <timeline pX="0" name="Layer 2" pY="0" scale="1" offset="0">
    <frame displayIndex="-1" duration="5"/>
    <frame z="0" duration="2" tweenEasing="0">
     <transform scX="1" x="0" scY="1" y="0" pX="0" pY="0" skX="0" skY="0"/>
    </frame>
    <frame z="0" displayIndex="1" duration="1" tweenEasing="0">
     <transform scX="1" x="13.850000000000001" scY="1" y="7.5" pX="0" pY="0" skX="0" skY="0"/>
    </frame>
    <frame z="0" displayIndex="2" duration="3" tweenEasing="0">
     <transform scX="1" x="24.2" scY="1" y="9.25" pX="0" pY="0" skX="0" skY="0"/>
    </frame>
    <frame displayIndex="3" z="0" duration="1">
     <transform scX="1" x="19.05" scY="1" y="8.5" pX="0" pY="0" skX="0" skY="0"/>
    </frame>
    <frame z="0" displayIndex="4" duration="5" tweenEasing="0">
     <transform scX="1" x="21.500000000000004" scY="1" y="9.45" pX="0" pY="0" skX="0" skY="0"/>
    </frame>
    <frame z="0" displayIndex="5" duration="1" tweenEasing="0">
     <transform scX="1" x="19.8" scY="1" y="10.349999999999998" pX="0" pY="0" skX="0" skY="0"/>
    </frame>
    <frame z="0" displayIndex="6" duration="4" tweenEasing="0">
     <transform scX="1" x="19.900000000000002" scY="1" y="9.95" pX="0" pY="0" skX="0" skY="0"/>
    </frame>
    <frame z="0" displayIndex="7" duration="1" tweenEasing="0">
     <transform scX="1" x="22.250000000000004" scY="1" y="7.550000000000001" pX="0" pY="0" skX="0" skY="0"/>
    </frame>
    <frame displayIndex="-1" duration="4"/>
   </timeline>
  </animation>
 </armature>
</root>