<TextureAtlas name="Training_11_01_mc" imagePath="texture.png">
 <SubTexture name="Shape/shape 5191" x="85" y="88" width="84" height="43"/>
 <SubTexture name="Shape/shape 5193" x="170" y="132" width="84" height="43"/>
 <SubTexture name="Shape/shape 5195" x="170" y="0" width="84" height="43"/>
 <SubTexture name="Shape/shape 5197" x="85" y="132" width="84" height="43"/>
 <SubTexture name="Shape/shape 5199" x="170" y="44" width="84" height="43"/>
 <SubTexture name="Shape/shape 5201" x="0" y="44" width="84" height="43"/>
 <SubTexture name="Shape/shape 5204" x="85" y="0" width="84" height="43"/>
 <SubTexture name="Shape/shape 5206" x="0" y="132" width="84" height="43"/>
 <SubTexture name="Shape/shape 5208" x="0" y="88" width="84" height="43"/>
 <SubTexture name="Shape/shape 5210" x="85" y="176" width="84" height="43"/>
 <SubTexture name="Shape/shape 5212" x="170" y="88" width="84" height="43"/>
 <SubTexture name="Shape/shape 5214" x="85" y="44" width="84" height="43"/>
 <SubTexture name="Shape/shape 5216" x="0" y="0" width="84" height="43"/>
 <SubTexture name="Shape/shape 5218" x="0" y="176" width="84" height="43"/>
 <SubTexture name="Shape/shape 5220" x="170" y="176" width="84" height="43"/>
 <SubTexture name="补间 17" x="222" y="220" width="21" height="7"/>
 <SubTexture name="补间 4" x="151" y="232" width="34" height="11"/>
 <SubTexture name="补间 2" x="0" y="220" width="41" height="18"/>
 <SubTexture name="补间 3" x="79" y="220" width="35" height="12"/>
 <SubTexture name="补间 20" x="187" y="220" width="34" height="11"/>
 <SubTexture name="补间 21" x="151" y="220" width="35" height="11"/>
 <SubTexture name="补间 22" x="43" y="220" width="35" height="12"/>
 <SubTexture name="补间 1" x="115" y="220" width="35" height="12"/>
</TextureAtlas>