<root name="Golem_mc" isGlobal="0" frameRate="30" version="3.0">
 <armature name="dust1">
  <skin name="default">
   <slot name="cont" z="0" parent="cont">
    <display name="Shape/shape 1365" type="image">
     <transform scX="1" x="0" scY="1" y="0" pX="58" pY="50" skX="0" skY="0"/>
    </display>
    <display name="Shape/shape 1367" type="image">
     <transform scX="1" x="0" scY="1" y="0" pX="58" pY="50" skX="0" skY="0"/>
    </display>
    <display name="Shape/shape 1369" type="image">
     <transform scX="1" x="0" scY="1" y="0" pX="58" pY="50" skX="0" skY="0"/>
    </display>
    <display name="Shape/shape 1371" type="image">
     <transform scX="1" x="0" scY="1" y="0" pX="58" pY="50" skX="0" skY="0"/>
    </display>
    <display name="Shape/shape 1373" type="image">
     <transform scX="1" x="0" scY="1" y="0" pX="58" pY="50" skX="0" skY="0"/>
    </display>
    <display name="Shape/shape 1375" type="image">
     <transform scX="1" x="0" scY="1" y="0" pX="58" pY="50" skX="0" skY="0"/>
    </display>
    <display name="Shape/shape 1377" type="image">
     <transform scX="1" x="0" scY="1" y="0" pX="58" pY="50" skX="0" skY="0"/>
    </display>
    <display name="Shape/shape 1379" type="image">
     <transform scX="1" x="0" scY="1" y="0" pX="58" pY="50" skX="0" skY="0"/>
    </display>
    <display name="Shape/shape 1381" type="image">
     <transform scX="1" x="0" scY="1" y="0" pX="58" pY="50" skX="0" skY="0"/>
    </display>
   </slot>
  </skin>
  <bone name="cont">
   <transform scX="1" x="0" skX="0" scY="1" y="0" skY="0"/>
  </bone>
  <animation fadeInTime="0.3" scale="1" loop="1" autoTween="NaN" name="dust1" duration="17" tweenEasing="NaN">
   <timeline pX="0" name="cont" pY="0" scale="1" offset="0">
    <frame displayIndex="-1" duration="1"/>
    <frame z="0" duration="1">
     <transform scX="1" x="0" scY="1" y="0" pX="0" pY="0" skX="0" skY="0"/>
    </frame>
    <frame displayIndex="1" z="0" duration="1">
     <transform scX="1" x="0" scY="1" y="0" pX="0" pY="0" skX="0" skY="0"/>
    </frame>
    <frame displayIndex="2" z="0" duration="1">
     <transform scX="1" x="0" scY="1" y="0" pX="0" pY="0" skX="0" skY="0"/>
    </frame>
    <frame displayIndex="3" z="0" duration="2">
     <transform scX="1" x="0" scY="1" y="0" pX="0" pY="0" skX="0" skY="0"/>
    </frame>
    <frame displayIndex="4" z="0" duration="2">
     <transform scX="1" x="0" scY="1" y="0" pX="0" pY="0" skX="0" skY="0"/>
    </frame>
    <frame displayIndex="5" z="0" duration="2">
     <transform scX="1" x="0" scY="1" y="0" pX="0" pY="0" skX="0" skY="0"/>
    </frame>
    <frame displayIndex="6" z="0" duration="2">
     <transform scX="1" x="0" scY="1" y="0" pX="0" pY="0" skX="0" skY="0"/>
    </frame>
    <frame displayIndex="7" z="0" duration="2">
     <transform scX="1" x="0" scY="1" y="0" pX="0" pY="0" skX="0" skY="0"/>
    </frame>
    <frame displayIndex="8" z="0" duration="2">
     <transform scX="1" x="0" scY="1" y="0" pX="0" pY="0" skX="0" skY="0"/>
    </frame>
    <frame displayIndex="8" z="0" duration="1">
     <transform scX="1" x="0" scY="1" y="0" pX="0" pY="0" skX="0" skY="0"/>
    </frame>
   </timeline>
  </animation>
 </armature>
 <armature name="dust2">
  <skin name="default">
   <slot name="cont" z="0" parent="cont">
    <display name="Shape/shape 1269" type="image">
     <transform scX="1" x="0" scY="1" y="0" pX="56" pY="64" skX="0" skY="0"/>
    </display>
    <display name="Shape/shape 1271" type="image">
     <transform scX="1" x="0" scY="1" y="0" pX="56" pY="64" skX="0" skY="0"/>
    </display>
    <display name="Shape/shape 1273" type="image">
     <transform scX="1" x="0" scY="1" y="0" pX="56" pY="64" skX="0" skY="0"/>
    </display>
    <display name="Shape/shape 1275" type="image">
     <transform scX="1" x="0" scY="1" y="0" pX="56" pY="64" skX="0" skY="0"/>
    </display>
    <display name="Shape/shape 1277" type="image">
     <transform scX="1" x="0" scY="1" y="0" pX="56" pY="64" skX="0" skY="0"/>
    </display>
    <display name="Shape/shape 1279" type="image">
     <transform scX="1" x="0" scY="1" y="0" pX="56" pY="64" skX="0" skY="0"/>
    </display>
    <display name="Shape/shape 1281" type="image">
     <transform scX="1" x="0" scY="1" y="0" pX="56" pY="64" skX="0" skY="0"/>
    </display>
   </slot>
  </skin>
  <bone name="cont">
   <transform scX="1" x="0" skX="0" scY="1" y="0" skY="0"/>
  </bone>
  <animation fadeInTime="0.3" scale="1" loop="1" autoTween="NaN" name="dust2" duration="14" tweenEasing="NaN">
   <timeline pX="0" name="cont" pY="0" scale="1" offset="0">
    <frame displayIndex="-1" duration="2"/>
    <frame z="0" duration="1">
     <transform scX="1" x="0" scY="1" y="0" pX="0" pY="0" skX="0" skY="0"/>
    </frame>
    <frame displayIndex="1" z="0" duration="1">
     <transform scX="1" x="0" scY="1" y="0" pX="0" pY="0" skX="0" skY="0"/>
    </frame>
    <frame displayIndex="2" z="0" duration="2">
     <transform scX="1" x="0" scY="1" y="0" pX="0" pY="0" skX="0" skY="0"/>
    </frame>
    <frame displayIndex="3" z="0" duration="2">
     <transform scX="1" x="0" scY="1" y="0" pX="0" pY="0" skX="0" skY="0"/>
    </frame>
    <frame displayIndex="4" z="0" duration="2">
     <transform scX="1" x="0" scY="1" y="0" pX="0" pY="0" skX="0" skY="0"/>
    </frame>
    <frame displayIndex="5" z="0" duration="2">
     <transform scX="1" x="0" scY="1" y="0" pX="0" pY="0" skX="0" skY="0"/>
    </frame>
    <frame displayIndex="6" z="0" duration="1">
     <transform scX="1" x="0" scY="1" y="0" pX="0" pY="0" skX="0" skY="0"/>
    </frame>
    <frame displayIndex="6" z="0" duration="1">
     <transform scX="1" x="0" scY="1" y="0" pX="0" pY="0" skX="0" skY="0"/>
    </frame>
   </timeline>
  </animation>
 </armature>
 <armature name="Golem1_mc">
  <skin name="default">
   <slot name="dust2" z="0" parent="dust2">
    <display name="dust2" type="armature">
     <transform scX="1" x="0" scY="1" y="0" pX="0" pY="0" skX="0" skY="0"/>
    </display>
   </slot>
   <slot name="cont" z="1" parent="cont">
    <display name="Shape/shape 2195" type="image">
     <transform scX="1" x="0" scY="1" y="0" pX="49" pY="70" skX="0" skY="0"/>
    </display>
    <display name="Shape/shape 2197" type="image">
     <transform scX="1" x="0" scY="1" y="0" pX="49" pY="70" skX="0" skY="0"/>
    </display>
    <display name="Shape/shape 2199" type="image">
     <transform scX="1" x="0" scY="1" y="0" pX="49" pY="70" skX="0" skY="0"/>
    </display>
    <display name="Shape/shape 2201" type="image">
     <transform scX="1" x="0" scY="1" y="0" pX="49" pY="70" skX="0" skY="0"/>
    </display>
    <display name="Shape/shape 2203" type="image">
     <transform scX="1" x="0" scY="1" y="0" pX="49" pY="70" skX="0" skY="0"/>
    </display>
    <display name="Shape/shape 2205" type="image">
     <transform scX="1" x="0" scY="1" y="0" pX="49" pY="70" skX="0" skY="0"/>
    </display>
    <display name="Shape/shape 2207" type="image">
     <transform scX="1" x="0" scY="1" y="0" pX="49" pY="70" skX="0" skY="0"/>
    </display>
    <display name="Shape/shape 2209" type="image">
     <transform scX="1" x="0" scY="1" y="0" pX="49" pY="70" skX="0" skY="0"/>
    </display>
    <display name="Shape/shape 2211" type="image">
     <transform scX="1" x="0" scY="1" y="0" pX="49" pY="70" skX="0" skY="0"/>
    </display>
    <display name="Shape/shape 2213" type="image">
     <transform scX="1" x="0" scY="1" y="0" pX="49" pY="70" skX="0" skY="0"/>
    </display>
    <display name="Shape/shape 2215" type="image">
     <transform scX="1" x="0" scY="1" y="0" pX="49" pY="70" skX="0" skY="0"/>
    </display>
    <display name="Shape/shape 2217" type="image">
     <transform scX="1" x="0" scY="1" y="0" pX="49" pY="70" skX="0" skY="0"/>
    </display>
    <display name="Shape/shape 2219" type="image">
     <transform scX="1" x="0" scY="1" y="0" pX="49" pY="70" skX="0" skY="0"/>
    </display>
    <display name="Shape/shape 2221" type="image">
     <transform scX="1" x="0" scY="1" y="0" pX="49" pY="70" skX="0" skY="0"/>
    </display>
    <display name="Shape/shape 2223" type="image">
     <transform scX="1" x="0" scY="1" y="0" pX="49" pY="70" skX="0" skY="0"/>
    </display>
    <display name="Shape/shape 2225" type="image">
     <transform scX="1" x="0" scY="1" y="0" pX="49" pY="70" skX="0" skY="0"/>
    </display>
    <display name="Shape/shape 2227" type="image">
     <transform scX="1" x="0" scY="1" y="0" pX="49" pY="70" skX="0" skY="0"/>
    </display>
    <display name="Shape/shape 2229" type="image">
     <transform scX="1" x="0" scY="1" y="0" pX="49" pY="70" skX="0" skY="0"/>
    </display>
    <display name="Shape/shape 2231" type="image">
     <transform scX="1" x="0" scY="1" y="0" pX="49" pY="70" skX="0" skY="0"/>
    </display>
    <display name="Shape/shape 2233" type="image">
     <transform scX="1" x="0" scY="1" y="0" pX="49" pY="70" skX="0" skY="0"/>
    </display>
    <display name="Shape/shape 2235" type="image">
     <transform scX="1" x="0" scY="1" y="0" pX="49" pY="70" skX="0" skY="0"/>
    </display>
    <display name="Shape/shape 2237" type="image">
     <transform scX="1" x="0" scY="1" y="0" pX="49" pY="70" skX="0" skY="0"/>
    </display>
    <display name="Shape/shape 2239" type="image">
     <transform scX="1" x="0" scY="1" y="0" pX="49" pY="70" skX="0" skY="0"/>
    </display>
    <display name="Shape/shape 2241" type="image">
     <transform scX="1" x="0" scY="1" y="0" pX="49" pY="70" skX="0" skY="0"/>
    </display>
    <display name="Shape/shape 2243" type="image">
     <transform scX="1" x="0" scY="1" y="0" pX="49" pY="70" skX="0" skY="0"/>
    </display>
    <display name="Shape/shape 2245" type="image">
     <transform scX="1" x="0" scY="1" y="0" pX="49" pY="70" skX="0" skY="0"/>
    </display>
    <display name="Shape/shape 2247" type="image">
     <transform scX="1" x="0" scY="1" y="0" pX="49" pY="70" skX="0" skY="0"/>
    </display>
    <display name="Shape/shape 2249" type="image">
     <transform scX="1" x="0" scY="1" y="0" pX="49" pY="70" skX="0" skY="0"/>
    </display>
    <display name="Shape/shape 2251" type="image">
     <transform scX="1" x="0" scY="1" y="0" pX="43" pY="68" skX="0" skY="0"/>
    </display>
    <display name="Shape/shape 2253" type="image">
     <transform scX="1" x="0" scY="1" y="0" pX="43" pY="68" skX="0" skY="0"/>
    </display>
    <display name="Shape/shape 2255" type="image">
     <transform scX="1" x="0" scY="1" y="0" pX="43" pY="68" skX="0" skY="0"/>
    </display>
    <display name="Shape/shape 2257" type="image">
     <transform scX="1" x="0" scY="1" y="0" pX="43" pY="68" skX="0" skY="0"/>
    </display>
    <display name="Shape/shape 2259" type="image">
     <transform scX="1" x="0" scY="1" y="0" pX="43" pY="68" skX="0" skY="0"/>
    </display>
    <display name="Shape/shape 2261" type="image">
     <transform scX="1" x="0" scY="1" y="0" pX="43" pY="68" skX="0" skY="0"/>
    </display>
    <display name="Shape/shape 2263" type="image">
     <transform scX="1" x="0" scY="1" y="0" pX="43" pY="68" skX="0" skY="0"/>
    </display>
    <display name="Shape/shape 2265" type="image">
     <transform scX="1" x="0" scY="1" y="0" pX="43" pY="68" skX="0" skY="0"/>
    </display>
    <display name="Shape/shape 2267" type="image">
     <transform scX="1" x="0" scY="1" y="0" pX="43" pY="68" skX="0" skY="0"/>
    </display>
    <display name="Shape/shape 2269" type="image">
     <transform scX="1" x="0" scY="1" y="0" pX="43" pY="68" skX="0" skY="0"/>
    </display>
    <display name="Shape/shape 2271" type="image">
     <transform scX="1" x="0" scY="1" y="0" pX="43" pY="68" skX="0" skY="0"/>
    </display>
    <display name="Shape/shape 2273" type="image">
     <transform scX="1" x="0" scY="1" y="0" pX="43" pY="68" skX="0" skY="0"/>
    </display>
    <display name="Shape/shape 2275" type="image">
     <transform scX="1" x="0" scY="1" y="0" pX="43" pY="68" skX="0" skY="0"/>
    </display>
    <display name="Shape/shape 2277" type="image">
     <transform scX="1" x="0" scY="1" y="0" pX="43" pY="68" skX="0" skY="0"/>
    </display>
    <display name="Shape/shape 2279" type="image">
     <transform scX="1" x="0" scY="1" y="0" pX="43" pY="68" skX="0" skY="0"/>
    </display>
    <display name="Shape/shape 2281" type="image">
     <transform scX="1" x="0" scY="1" y="0" pX="43" pY="68" skX="0" skY="0"/>
    </display>
    <display name="Shape/shape 2283" type="image">
     <transform scX="1" x="0" scY="1" y="0" pX="43" pY="68" skX="0" skY="0"/>
    </display>
    <display name="Shape/shape 2285" type="image">
     <transform scX="1" x="0" scY="1" y="0" pX="43" pY="68" skX="0" skY="0"/>
    </display>
    <display name="Shape/shape 2287" type="image">
     <transform scX="1" x="0" scY="1" y="0" pX="43" pY="68" skX="0" skY="0"/>
    </display>
    <display name="Shape/shape 2289" type="image">
     <transform scX="1" x="0" scY="1" y="0" pX="43" pY="68" skX="0" skY="0"/>
    </display>
    <display name="Shape/shape 2291" type="image">
     <transform scX="1" x="0" scY="1" y="0" pX="43" pY="68" skX="0" skY="0"/>
    </display>
    <display name="Shape/shape 2293" type="image">
     <transform scX="1" x="0" scY="1" y="0" pX="43" pY="68" skX="0" skY="0"/>
    </display>
    <display name="Shape/shape 2295" type="image">
     <transform scX="1" x="0" scY="1" y="0" pX="43" pY="68" skX="0" skY="0"/>
    </display>
    <display name="Shape/shape 2297" type="image">
     <transform scX="1" x="0" scY="1" y="0" pX="43" pY="68" skX="0" skY="0"/>
    </display>
    <display name="Shape/shape 2299" type="image">
     <transform scX="1" x="0" scY="1" y="0" pX="43" pY="68" skX="0" skY="0"/>
    </display>
    <display name="Shape/shape 2301" type="image">
     <transform scX="1" x="0" scY="1" y="0" pX="43" pY="68" skX="0" skY="0"/>
    </display>
    <display name="Shape/shape 2303" type="image">
     <transform scX="1" x="0" scY="1" y="0" pX="43" pY="68" skX="0" skY="0"/>
    </display>
    <display name="Shape/shape 2305" type="image">
     <transform scX="1" x="0" scY="1" y="0" pX="43" pY="68" skX="0" skY="0"/>
    </display>
    <display name="Shape/shape 1715" type="image">
     <transform scX="1" x="0" scY="1" y="0" pX="50" pY="68" skX="0" skY="0"/>
    </display>
    <display name="Shape/shape 1717" type="image">
     <transform scX="1" x="0" scY="1" y="0" pX="50" pY="68" skX="0" skY="0"/>
    </display>
   </slot>
   <slot name="dust1" z="2" parent="dust1">
    <display name="dust1" type="armature">
     <transform scX="1" x="0" scY="1" y="0" pX="0" pY="0" skX="0" skY="0"/>
    </display>
   </slot>
  </skin>
  <bone name="dust2">
   <transform scX="1" x="-3" skX="0" scY="1" y="-33" skY="0"/>
  </bone>
  <bone name="cont">
   <transform scX="1" x="0" skX="0" scY="1" y="0" skY="0"/>
  </bone>
  <bone name="dust1">
   <transform scX="1" x="-5" skX="0" scY="1" y="-22" skY="0"/>
  </bone>
  <animation fadeInTime="0.3" scale="1" loop="1" autoTween="NaN" name="Golem1_mc" duration="59" tweenEasing="NaN">
   <timeline pX="0" name="dust2" pY="0" scale="1" offset="0">
    <frame z="0" duration="58">
     <transform scX="1" x="0" scY="1" y="0" pX="0" pY="0" skX="0" skY="0"/>
    </frame>
    <frame z="0" duration="1">
     <transform scX="1" x="0" scY="1" y="0" pX="0" pY="0" skX="0" skY="0"/>
    </frame>
   </timeline>
   <timeline pX="0" name="cont" pY="0" scale="1" offset="0">
    <frame z="0" duration="1">
     <transform scX="1" x="0" scY="1" y="0" pX="0" pY="0" skX="0" skY="0"/>
    </frame>
    <frame displayIndex="1" z="0" duration="1">
     <transform scX="1" x="0" scY="1" y="0" pX="0" pY="0" skX="0" skY="0"/>
    </frame>
    <frame displayIndex="2" z="0" duration="1">
     <transform scX="1" x="0" scY="1" y="0" pX="0" pY="0" skX="0" skY="0"/>
    </frame>
    <frame displayIndex="3" z="0" duration="1">
     <transform scX="1" x="0" scY="1" y="0" pX="0" pY="0" skX="0" skY="0"/>
    </frame>
    <frame displayIndex="4" z="0" duration="1">
     <transform scX="1" x="0" scY="1" y="0" pX="0" pY="0" skX="0" skY="0"/>
    </frame>
    <frame displayIndex="5" z="0" duration="1">
     <transform scX="1" x="0" scY="1" y="0" pX="0" pY="0" skX="0" skY="0"/>
    </frame>
    <frame displayIndex="6" z="0" duration="1">
     <transform scX="1" x="0" scY="1" y="0" pX="0" pY="0" skX="0" skY="0"/>
    </frame>
    <frame displayIndex="7" z="0" duration="1">
     <transform scX="1" x="0" scY="1" y="0" pX="0" pY="0" skX="0" skY="0"/>
    </frame>
    <frame displayIndex="8" z="0" duration="1">
     <transform scX="1" x="0" scY="1" y="0" pX="0" pY="0" skX="0" skY="0"/>
    </frame>
    <frame displayIndex="9" z="0" duration="1">
     <transform scX="1" x="0" scY="1" y="0" pX="0" pY="0" skX="0" skY="0"/>
    </frame>
    <frame displayIndex="10" z="0" duration="1">
     <transform scX="1" x="0" scY="1" y="0" pX="0" pY="0" skX="0" skY="0"/>
    </frame>
    <frame displayIndex="11" z="0" duration="1">
     <transform scX="1" x="0" scY="1" y="0" pX="0" pY="0" skX="0" skY="0"/>
    </frame>
    <frame displayIndex="12" z="0" duration="1">
     <transform scX="1" x="0" scY="1" y="0" pX="0" pY="0" skX="0" skY="0"/>
    </frame>
    <frame displayIndex="13" z="0" duration="1">
     <transform scX="1" x="0" scY="1" y="0" pX="0" pY="0" skX="0" skY="0"/>
    </frame>
    <frame displayIndex="14" z="0" duration="1">
     <transform scX="1" x="0" scY="1" y="0" pX="0" pY="0" skX="0" skY="0"/>
    </frame>
    <frame displayIndex="15" z="0" duration="1">
     <transform scX="1" x="0" scY="1" y="0" pX="0" pY="0" skX="0" skY="0"/>
    </frame>
    <frame displayIndex="16" z="0" duration="1">
     <transform scX="1" x="0" scY="1" y="0" pX="0" pY="0" skX="0" skY="0"/>
    </frame>
    <frame displayIndex="17" z="0" duration="1">
     <transform scX="1" x="0" scY="1" y="0" pX="0" pY="0" skX="0" skY="0"/>
    </frame>
    <frame displayIndex="18" z="0" duration="1">
     <transform scX="1" x="0" scY="1" y="0" pX="0" pY="0" skX="0" skY="0"/>
    </frame>
    <frame displayIndex="19" z="0" duration="1">
     <transform scX="1" x="0" scY="1" y="0" pX="0" pY="0" skX="0" skY="0"/>
    </frame>
    <frame displayIndex="20" z="0" duration="1">
     <transform scX="1" x="0" scY="1" y="0" pX="0" pY="0" skX="0" skY="0"/>
    </frame>
    <frame displayIndex="21" z="0" duration="1">
     <transform scX="1" x="0" scY="1" y="0" pX="0" pY="0" skX="0" skY="0"/>
    </frame>
    <frame displayIndex="22" z="0" duration="1">
     <transform scX="1" x="0" scY="1" y="0" pX="0" pY="0" skX="0" skY="0"/>
    </frame>
    <frame displayIndex="23" z="0" duration="1">
     <transform scX="1" x="0" scY="1" y="0" pX="0" pY="0" skX="0" skY="0"/>
    </frame>
    <frame displayIndex="24" z="0" duration="1">
     <transform scX="1" x="0" scY="1" y="0" pX="0" pY="0" skX="0" skY="0"/>
    </frame>
    <frame displayIndex="25" z="0" duration="1">
     <transform scX="1" x="0" scY="1" y="0" pX="0" pY="0" skX="0" skY="0"/>
    </frame>
    <frame displayIndex="26" z="0" duration="1">
     <transform scX="1" x="0" scY="1" y="0" pX="0" pY="0" skX="0" skY="0"/>
    </frame>
    <frame displayIndex="27" z="0" duration="1">
     <transform scX="1" x="0" scY="1" y="0" pX="0" pY="0" skX="0" skY="0"/>
    </frame>
    <frame displayIndex="28" z="0" duration="1">
     <transform scX="1" x="0" scY="1" y="0" pX="0" pY="0" skX="0" skY="0"/>
    </frame>
    <frame displayIndex="29" z="0" duration="1">
     <transform scX="1" x="0" scY="1" y="0" pX="0" pY="0" skX="0" skY="0"/>
    </frame>
    <frame displayIndex="30" z="0" duration="1">
     <transform scX="1" x="0" scY="1" y="0" pX="0" pY="0" skX="0" skY="0"/>
    </frame>
    <frame displayIndex="31" z="0" duration="1">
     <transform scX="1" x="0" scY="1" y="0" pX="0" pY="0" skX="0" skY="0"/>
    </frame>
    <frame displayIndex="32" z="0" duration="1">
     <transform scX="1" x="0" scY="1" y="0" pX="0" pY="0" skX="0" skY="0"/>
    </frame>
    <frame displayIndex="33" z="0" duration="1">
     <transform scX="1" x="0" scY="1" y="0" pX="0" pY="0" skX="0" skY="0"/>
    </frame>
    <frame displayIndex="34" z="0" duration="1">
     <transform scX="1" x="0" scY="1" y="0" pX="0" pY="0" skX="0" skY="0"/>
    </frame>
    <frame displayIndex="35" z="0" duration="1">
     <transform scX="1" x="0" scY="1" y="0" pX="0" pY="0" skX="0" skY="0"/>
    </frame>
    <frame displayIndex="36" z="0" duration="1">
     <transform scX="1" x="0" scY="1" y="0" pX="0" pY="0" skX="0" skY="0"/>
    </frame>
    <frame displayIndex="37" z="0" duration="1">
     <transform scX="1" x="0" scY="1" y="0" pX="0" pY="0" skX="0" skY="0"/>
    </frame>
    <frame displayIndex="38" z="0" duration="1">
     <transform scX="1" x="0" scY="1" y="0" pX="0" pY="0" skX="0" skY="0"/>
    </frame>
    <frame displayIndex="39" z="0" duration="1">
     <transform scX="1" x="0" scY="1" y="0" pX="0" pY="0" skX="0" skY="0"/>
    </frame>
    <frame displayIndex="40" z="0" duration="1">
     <transform scX="1" x="0" scY="1" y="0" pX="0" pY="0" skX="0" skY="0"/>
    </frame>
    <frame displayIndex="41" z="0" duration="1">
     <transform scX="1" x="0" scY="1" y="0" pX="0" pY="0" skX="0" skY="0"/>
    </frame>
    <frame displayIndex="42" z="0" duration="1">
     <transform scX="1" x="0" scY="1" y="0" pX="0" pY="0" skX="0" skY="0"/>
    </frame>
    <frame displayIndex="43" z="0" duration="1">
     <transform scX="1" x="0" scY="1" y="0" pX="0" pY="0" skX="0" skY="0"/>
    </frame>
    <frame displayIndex="44" z="0" duration="1">
     <transform scX="1" x="0" scY="1" y="0" pX="0" pY="0" skX="0" skY="0"/>
    </frame>
    <frame displayIndex="45" z="0" duration="1">
     <transform scX="1" x="0" scY="1" y="0" pX="0" pY="0" skX="0" skY="0"/>
    </frame>
    <frame displayIndex="46" z="0" duration="1">
     <transform scX="1" x="0" scY="1" y="0" pX="0" pY="0" skX="0" skY="0"/>
    </frame>
    <frame displayIndex="47" z="0" duration="1">
     <transform scX="1" x="0" scY="1" y="0" pX="0" pY="0" skX="0" skY="0"/>
    </frame>
    <frame displayIndex="48" z="0" duration="1">
     <transform scX="1" x="0" scY="1" y="0" pX="0" pY="0" skX="0" skY="0"/>
    </frame>
    <frame displayIndex="49" z="0" duration="1">
     <transform scX="1" x="0" scY="1" y="0" pX="0" pY="0" skX="0" skY="0"/>
    </frame>
    <frame displayIndex="50" z="0" duration="1">
     <transform scX="1" x="0" scY="1" y="0" pX="0" pY="0" skX="0" skY="0"/>
    </frame>
    <frame displayIndex="51" z="0" duration="1">
     <transform scX="1" x="0" scY="1" y="0" pX="0" pY="0" skX="0" skY="0"/>
    </frame>
    <frame displayIndex="52" z="0" duration="1">
     <transform scX="1" x="0" scY="1" y="0" pX="0" pY="0" skX="0" skY="0"/>
    </frame>
    <frame displayIndex="53" z="0" duration="1">
     <transform scX="1" x="0" scY="1" y="0" pX="0" pY="0" skX="0" skY="0"/>
    </frame>
    <frame displayIndex="54" z="0" duration="1">
     <transform scX="1" x="0" scY="1" y="0" pX="0" pY="0" skX="0" skY="0"/>
    </frame>
    <frame displayIndex="55" z="0" duration="1">
     <transform scX="1" x="0" scY="1" y="0" pX="0" pY="0" skX="0" skY="0"/>
    </frame>
    <frame displayIndex="56" z="0" duration="1">
     <transform scX="1" x="0" scY="1" y="0" pX="0" pY="0" skX="0" skY="0"/>
    </frame>
    <frame displayIndex="57" z="0" duration="1">
     <transform scX="1" x="0" scY="1" y="0" pX="0" pY="0" skX="0" skY="0"/>
    </frame>
    <frame displayIndex="57" z="0" duration="1">
     <transform scX="1" x="0" scY="1" y="0" pX="0" pY="0" skX="0" skY="0"/>
    </frame>
   </timeline>
   <timeline pX="0" name="dust1" pY="0" scale="1" offset="0">
    <frame z="0" duration="58">
     <transform scX="1" x="0" scY="1" y="0" pX="0" pY="0" skX="0" skY="0"/>
    </frame>
    <frame z="0" duration="1">
     <transform scX="1" x="0" scY="1" y="0" pX="0" pY="0" skX="0" skY="0"/>
    </frame>
   </timeline>
  </animation>
 </armature>
 <armature name="Golem2_mc">
  <skin name="default">
   <slot name="dust2" z="0" parent="dust2">
    <display name="dust2" type="armature">
     <transform scX="1" x="0" scY="1" y="0" pX="0" pY="0" skX="0" skY="0"/>
    </display>
   </slot>
   <slot name="cont" z="1" parent="cont">
    <display name="Shape/shape 1603" type="image">
     <transform scX="1" x="0" scY="1" y="0" pX="55" pY="80" skX="0" skY="0"/>
    </display>
    <display name="Shape/shape 1605" type="image">
     <transform scX="1" x="0" scY="1" y="0" pX="55" pY="80" skX="0" skY="0"/>
    </display>
    <display name="Shape/shape 1607" type="image">
     <transform scX="1" x="0" scY="1" y="0" pX="55" pY="80" skX="0" skY="0"/>
    </display>
    <display name="Shape/shape 1609" type="image">
     <transform scX="1" x="0" scY="1" y="0" pX="55" pY="80" skX="0" skY="0"/>
    </display>
    <display name="Shape/shape 1611" type="image">
     <transform scX="1" x="0" scY="1" y="0" pX="55" pY="80" skX="0" skY="0"/>
    </display>
    <display name="Shape/shape 1613" type="image">
     <transform scX="1" x="0" scY="1" y="0" pX="55" pY="80" skX="0" skY="0"/>
    </display>
    <display name="Shape/shape 1615" type="image">
     <transform scX="1" x="0" scY="1" y="0" pX="55" pY="80" skX="0" skY="0"/>
    </display>
    <display name="Shape/shape 1617" type="image">
     <transform scX="1" x="0" scY="1" y="0" pX="55" pY="80" skX="0" skY="0"/>
    </display>
    <display name="Shape/shape 1619" type="image">
     <transform scX="1" x="0" scY="1" y="0" pX="55" pY="80" skX="0" skY="0"/>
    </display>
    <display name="Shape/shape 1621" type="image">
     <transform scX="1" x="0" scY="1" y="0" pX="55" pY="80" skX="0" skY="0"/>
    </display>
    <display name="Shape/shape 1623" type="image">
     <transform scX="1" x="0" scY="1" y="0" pX="55" pY="80" skX="0" skY="0"/>
    </display>
    <display name="Shape/shape 1625" type="image">
     <transform scX="1" x="0" scY="1" y="0" pX="55" pY="80" skX="0" skY="0"/>
    </display>
    <display name="Shape/shape 1627" type="image">
     <transform scX="1" x="0" scY="1" y="0" pX="55" pY="80" skX="0" skY="0"/>
    </display>
    <display name="Shape/shape 1629" type="image">
     <transform scX="1" x="0" scY="1" y="0" pX="55" pY="80" skX="0" skY="0"/>
    </display>
    <display name="Shape/shape 1631" type="image">
     <transform scX="1" x="0" scY="1" y="0" pX="55" pY="80" skX="0" skY="0"/>
    </display>
    <display name="Shape/shape 1633" type="image">
     <transform scX="1" x="0" scY="1" y="0" pX="55" pY="80" skX="0" skY="0"/>
    </display>
    <display name="Shape/shape 1635" type="image">
     <transform scX="1" x="0" scY="1" y="0" pX="55" pY="80" skX="0" skY="0"/>
    </display>
    <display name="Shape/shape 1637" type="image">
     <transform scX="1" x="0" scY="1" y="0" pX="55" pY="80" skX="0" skY="0"/>
    </display>
    <display name="Shape/shape 1639" type="image">
     <transform scX="1" x="0" scY="1" y="0" pX="55" pY="80" skX="0" skY="0"/>
    </display>
    <display name="Shape/shape 1641" type="image">
     <transform scX="1" x="0" scY="1" y="0" pX="55" pY="80" skX="0" skY="0"/>
    </display>
    <display name="Shape/shape 1643" type="image">
     <transform scX="1" x="0" scY="1" y="0" pX="55" pY="80" skX="0" skY="0"/>
    </display>
    <display name="Shape/shape 1645" type="image">
     <transform scX="1" x="0" scY="1" y="0" pX="55" pY="80" skX="0" skY="0"/>
    </display>
    <display name="Shape/shape 1647" type="image">
     <transform scX="1" x="0" scY="1" y="0" pX="55" pY="80" skX="0" skY="0"/>
    </display>
    <display name="Shape/shape 1649" type="image">
     <transform scX="1" x="0" scY="1" y="0" pX="55" pY="80" skX="0" skY="0"/>
    </display>
    <display name="Shape/shape 1651" type="image">
     <transform scX="1" x="0" scY="1" y="0" pX="55" pY="80" skX="0" skY="0"/>
    </display>
    <display name="Shape/shape 1653" type="image">
     <transform scX="1" x="0" scY="1" y="0" pX="55" pY="80" skX="0" skY="0"/>
    </display>
    <display name="Shape/shape 1655" type="image">
     <transform scX="1" x="0" scY="1" y="0" pX="55" pY="80" skX="0" skY="0"/>
    </display>
    <display name="Shape/shape 1657" type="image">
     <transform scX="1" x="0" scY="1" y="0" pX="55" pY="80" skX="0" skY="0"/>
    </display>
    <display name="Shape/shape 1659" type="image">
     <transform scX="1" x="0" scY="1" y="0" pX="53" pY="80" skX="0" skY="0"/>
    </display>
    <display name="Shape/shape 1661" type="image">
     <transform scX="1" x="0" scY="1" y="0" pX="53" pY="80" skX="0" skY="0"/>
    </display>
    <display name="Shape/shape 1663" type="image">
     <transform scX="1" x="0" scY="1" y="0" pX="53" pY="80" skX="0" skY="0"/>
    </display>
    <display name="Shape/shape 1665" type="image">
     <transform scX="1" x="0" scY="1" y="0" pX="53" pY="80" skX="0" skY="0"/>
    </display>
    <display name="Shape/shape 1667" type="image">
     <transform scX="1" x="0" scY="1" y="0" pX="53" pY="80" skX="0" skY="0"/>
    </display>
    <display name="Shape/shape 1669" type="image">
     <transform scX="1" x="0" scY="1" y="0" pX="53" pY="80" skX="0" skY="0"/>
    </display>
    <display name="Shape/shape 1671" type="image">
     <transform scX="1" x="0" scY="1" y="0" pX="53" pY="80" skX="0" skY="0"/>
    </display>
    <display name="Shape/shape 1673" type="image">
     <transform scX="1" x="0" scY="1" y="0" pX="53" pY="80" skX="0" skY="0"/>
    </display>
    <display name="Shape/shape 1675" type="image">
     <transform scX="1" x="0" scY="1" y="0" pX="53" pY="80" skX="0" skY="0"/>
    </display>
    <display name="Shape/shape 1677" type="image">
     <transform scX="1" x="0" scY="1" y="0" pX="53" pY="80" skX="0" skY="0"/>
    </display>
    <display name="Shape/shape 1679" type="image">
     <transform scX="1" x="0" scY="1" y="0" pX="53" pY="80" skX="0" skY="0"/>
    </display>
    <display name="Shape/shape 1681" type="image">
     <transform scX="1" x="0" scY="1" y="0" pX="53" pY="80" skX="0" skY="0"/>
    </display>
    <display name="Shape/shape 1683" type="image">
     <transform scX="1" x="0" scY="1" y="0" pX="53" pY="80" skX="0" skY="0"/>
    </display>
    <display name="Shape/shape 1685" type="image">
     <transform scX="1" x="0" scY="1" y="0" pX="53" pY="80" skX="0" skY="0"/>
    </display>
    <display name="Shape/shape 1687" type="image">
     <transform scX="1" x="0" scY="1" y="0" pX="53" pY="80" skX="0" skY="0"/>
    </display>
    <display name="Shape/shape 1689" type="image">
     <transform scX="1" x="0" scY="1" y="0" pX="53" pY="80" skX="0" skY="0"/>
    </display>
    <display name="Shape/shape 1691" type="image">
     <transform scX="1" x="0" scY="1" y="0" pX="53" pY="80" skX="0" skY="0"/>
    </display>
    <display name="Shape/shape 1693" type="image">
     <transform scX="1" x="0" scY="1" y="0" pX="53" pY="80" skX="0" skY="0"/>
    </display>
    <display name="Shape/shape 1695" type="image">
     <transform scX="1" x="0" scY="1" y="0" pX="53" pY="80" skX="0" skY="0"/>
    </display>
    <display name="Shape/shape 1697" type="image">
     <transform scX="1" x="0" scY="1" y="0" pX="53" pY="80" skX="0" skY="0"/>
    </display>
    <display name="Shape/shape 1699" type="image">
     <transform scX="1" x="0" scY="1" y="0" pX="53" pY="80" skX="0" skY="0"/>
    </display>
    <display name="Shape/shape 1701" type="image">
     <transform scX="1" x="0" scY="1" y="0" pX="53" pY="80" skX="0" skY="0"/>
    </display>
    <display name="Shape/shape 1703" type="image">
     <transform scX="1" x="0" scY="1" y="0" pX="53" pY="80" skX="0" skY="0"/>
    </display>
    <display name="Shape/shape 1705" type="image">
     <transform scX="1" x="0" scY="1" y="0" pX="53" pY="80" skX="0" skY="0"/>
    </display>
    <display name="Shape/shape 1707" type="image">
     <transform scX="1" x="0" scY="1" y="0" pX="53" pY="80" skX="0" skY="0"/>
    </display>
    <display name="Shape/shape 1709" type="image">
     <transform scX="1" x="0" scY="1" y="0" pX="53" pY="80" skX="0" skY="0"/>
    </display>
    <display name="Shape/shape 1711" type="image">
     <transform scX="1" x="0" scY="1" y="0" pX="53" pY="80" skX="0" skY="0"/>
    </display>
    <display name="Shape/shape 1713" type="image">
     <transform scX="1" x="0" scY="1" y="0" pX="53" pY="80" skX="0" skY="0"/>
    </display>
    <display name="Shape/shape 1715" type="image">
     <transform scX="1" x="0" scY="1" y="0" pX="50" pY="68" skX="0" skY="0"/>
    </display>
    <display name="Shape/shape 1717" type="image">
     <transform scX="1" x="0" scY="1" y="0" pX="50" pY="68" skX="0" skY="0"/>
    </display>
   </slot>
   <slot name="dust1" z="2" parent="dust1">
    <display name="dust1" type="armature">
     <transform scX="1" x="0" scY="1" y="0" pX="0" pY="0" skX="0" skY="0"/>
    </display>
   </slot>
  </skin>
  <bone name="dust2">
   <transform scX="1" x="-3" skX="0" scY="1" y="-33" skY="0"/>
  </bone>
  <bone name="cont">
   <transform scX="1" x="0" skX="0" scY="1" y="0" skY="0"/>
  </bone>
  <bone name="dust1">
   <transform scX="1" x="-5" skX="0" scY="1" y="-22" skY="0"/>
  </bone>
  <animation fadeInTime="0.3" scale="1" loop="1" autoTween="NaN" name="Golem2_mc" duration="59" tweenEasing="NaN">
   <timeline pX="0" name="dust2" pY="0" scale="1" offset="0">
    <frame z="0" duration="58">
     <transform scX="1" x="0" scY="1" y="0" pX="0" pY="0" skX="0" skY="0"/>
    </frame>
    <frame z="0" duration="1">
     <transform scX="1" x="0" scY="1" y="0" pX="0" pY="0" skX="0" skY="0"/>
    </frame>
   </timeline>
   <timeline pX="0" name="cont" pY="0" scale="1" offset="0">
    <frame z="0" duration="1">
     <transform scX="1" x="0" scY="1" y="0" pX="0" pY="0" skX="0" skY="0"/>
    </frame>
    <frame displayIndex="1" z="0" duration="1">
     <transform scX="1" x="0" scY="1" y="0" pX="0" pY="0" skX="0" skY="0"/>
    </frame>
    <frame displayIndex="2" z="0" duration="1">
     <transform scX="1" x="0" scY="1" y="0" pX="0" pY="0" skX="0" skY="0"/>
    </frame>
    <frame displayIndex="3" z="0" duration="1">
     <transform scX="1" x="0" scY="1" y="0" pX="0" pY="0" skX="0" skY="0"/>
    </frame>
    <frame displayIndex="4" z="0" duration="1">
     <transform scX="1" x="0" scY="1" y="0" pX="0" pY="0" skX="0" skY="0"/>
    </frame>
    <frame displayIndex="5" z="0" duration="1">
     <transform scX="1" x="0" scY="1" y="0" pX="0" pY="0" skX="0" skY="0"/>
    </frame>
    <frame displayIndex="6" z="0" duration="1">
     <transform scX="1" x="0" scY="1" y="0" pX="0" pY="0" skX="0" skY="0"/>
    </frame>
    <frame displayIndex="7" z="0" duration="1">
     <transform scX="1" x="0" scY="1" y="0" pX="0" pY="0" skX="0" skY="0"/>
    </frame>
    <frame displayIndex="8" z="0" duration="1">
     <transform scX="1" x="0" scY="1" y="0" pX="0" pY="0" skX="0" skY="0"/>
    </frame>
    <frame displayIndex="9" z="0" duration="1">
     <transform scX="1" x="0" scY="1" y="0" pX="0" pY="0" skX="0" skY="0"/>
    </frame>
    <frame displayIndex="10" z="0" duration="1">
     <transform scX="1" x="0" scY="1" y="0" pX="0" pY="0" skX="0" skY="0"/>
    </frame>
    <frame displayIndex="11" z="0" duration="1">
     <transform scX="1" x="0" scY="1" y="0" pX="0" pY="0" skX="0" skY="0"/>
    </frame>
    <frame displayIndex="12" z="0" duration="1">
     <transform scX="1" x="0" scY="1" y="0" pX="0" pY="0" skX="0" skY="0"/>
    </frame>
    <frame displayIndex="13" z="0" duration="1">
     <transform scX="1" x="0" scY="1" y="0" pX="0" pY="0" skX="0" skY="0"/>
    </frame>
    <frame displayIndex="14" z="0" duration="1">
     <transform scX="1" x="0" scY="1" y="0" pX="0" pY="0" skX="0" skY="0"/>
    </frame>
    <frame displayIndex="15" z="0" duration="1">
     <transform scX="1" x="0" scY="1" y="0" pX="0" pY="0" skX="0" skY="0"/>
    </frame>
    <frame displayIndex="16" z="0" duration="1">
     <transform scX="1" x="0" scY="1" y="0" pX="0" pY="0" skX="0" skY="0"/>
    </frame>
    <frame displayIndex="17" z="0" duration="1">
     <transform scX="1" x="0" scY="1" y="0" pX="0" pY="0" skX="0" skY="0"/>
    </frame>
    <frame displayIndex="18" z="0" duration="1">
     <transform scX="1" x="0" scY="1" y="0" pX="0" pY="0" skX="0" skY="0"/>
    </frame>
    <frame displayIndex="19" z="0" duration="1">
     <transform scX="1" x="0" scY="1" y="0" pX="0" pY="0" skX="0" skY="0"/>
    </frame>
    <frame displayIndex="20" z="0" duration="1">
     <transform scX="1" x="0" scY="1" y="0" pX="0" pY="0" skX="0" skY="0"/>
    </frame>
    <frame displayIndex="21" z="0" duration="1">
     <transform scX="1" x="0" scY="1" y="0" pX="0" pY="0" skX="0" skY="0"/>
    </frame>
    <frame displayIndex="22" z="0" duration="1">
     <transform scX="1" x="0" scY="1" y="0" pX="0" pY="0" skX="0" skY="0"/>
    </frame>
    <frame displayIndex="23" z="0" duration="1">
     <transform scX="1" x="0" scY="1" y="0" pX="0" pY="0" skX="0" skY="0"/>
    </frame>
    <frame displayIndex="24" z="0" duration="1">
     <transform scX="1" x="0" scY="1" y="0" pX="0" pY="0" skX="0" skY="0"/>
    </frame>
    <frame displayIndex="25" z="0" duration="1">
     <transform scX="1" x="0" scY="1" y="0" pX="0" pY="0" skX="0" skY="0"/>
    </frame>
    <frame displayIndex="26" z="0" duration="1">
     <transform scX="1" x="0" scY="1" y="0" pX="0" pY="0" skX="0" skY="0"/>
    </frame>
    <frame displayIndex="27" z="0" duration="1">
     <transform scX="1" x="0" scY="1" y="0" pX="0" pY="0" skX="0" skY="0"/>
    </frame>
    <frame displayIndex="28" z="0" duration="1">
     <transform scX="1" x="0" scY="1" y="0" pX="0" pY="0" skX="0" skY="0"/>
    </frame>
    <frame displayIndex="29" z="0" duration="1">
     <transform scX="1" x="0" scY="1" y="0" pX="0" pY="0" skX="0" skY="0"/>
    </frame>
    <frame displayIndex="30" z="0" duration="1">
     <transform scX="1" x="0" scY="1" y="0" pX="0" pY="0" skX="0" skY="0"/>
    </frame>
    <frame displayIndex="31" z="0" duration="1">
     <transform scX="1" x="0" scY="1" y="0" pX="0" pY="0" skX="0" skY="0"/>
    </frame>
    <frame displayIndex="32" z="0" duration="1">
     <transform scX="1" x="0" scY="1" y="0" pX="0" pY="0" skX="0" skY="0"/>
    </frame>
    <frame displayIndex="33" z="0" duration="1">
     <transform scX="1" x="0" scY="1" y="0" pX="0" pY="0" skX="0" skY="0"/>
    </frame>
    <frame displayIndex="34" z="0" duration="1">
     <transform scX="1" x="0" scY="1" y="0" pX="0" pY="0" skX="0" skY="0"/>
    </frame>
    <frame displayIndex="35" z="0" duration="1">
     <transform scX="1" x="0" scY="1" y="0" pX="0" pY="0" skX="0" skY="0"/>
    </frame>
    <frame displayIndex="36" z="0" duration="1">
     <transform scX="1" x="0" scY="1" y="0" pX="0" pY="0" skX="0" skY="0"/>
    </frame>
    <frame displayIndex="37" z="0" duration="1">
     <transform scX="1" x="0" scY="1" y="0" pX="0" pY="0" skX="0" skY="0"/>
    </frame>
    <frame displayIndex="38" z="0" duration="1">
     <transform scX="1" x="0" scY="1" y="0" pX="0" pY="0" skX="0" skY="0"/>
    </frame>
    <frame displayIndex="39" z="0" duration="1">
     <transform scX="1" x="0" scY="1" y="0" pX="0" pY="0" skX="0" skY="0"/>
    </frame>
    <frame displayIndex="40" z="0" duration="1">
     <transform scX="1" x="0" scY="1" y="0" pX="0" pY="0" skX="0" skY="0"/>
    </frame>
    <frame displayIndex="41" z="0" duration="1">
     <transform scX="1" x="0" scY="1" y="0" pX="0" pY="0" skX="0" skY="0"/>
    </frame>
    <frame displayIndex="42" z="0" duration="1">
     <transform scX="1" x="0" scY="1" y="0" pX="0" pY="0" skX="0" skY="0"/>
    </frame>
    <frame displayIndex="43" z="0" duration="1">
     <transform scX="1" x="0" scY="1" y="0" pX="0" pY="0" skX="0" skY="0"/>
    </frame>
    <frame displayIndex="44" z="0" duration="1">
     <transform scX="1" x="0" scY="1" y="0" pX="0" pY="0" skX="0" skY="0"/>
    </frame>
    <frame displayIndex="45" z="0" duration="1">
     <transform scX="1" x="0" scY="1" y="0" pX="0" pY="0" skX="0" skY="0"/>
    </frame>
    <frame displayIndex="46" z="0" duration="1">
     <transform scX="1" x="0" scY="1" y="0" pX="0" pY="0" skX="0" skY="0"/>
    </frame>
    <frame displayIndex="47" z="0" duration="1">
     <transform scX="1" x="0" scY="1" y="0" pX="0" pY="0" skX="0" skY="0"/>
    </frame>
    <frame displayIndex="48" z="0" duration="1">
     <transform scX="1" x="0" scY="1" y="0" pX="0" pY="0" skX="0" skY="0"/>
    </frame>
    <frame displayIndex="49" z="0" duration="1">
     <transform scX="1" x="0" scY="1" y="0" pX="0" pY="0" skX="0" skY="0"/>
    </frame>
    <frame displayIndex="50" z="0" duration="1">
     <transform scX="1" x="0" scY="1" y="0" pX="0" pY="0" skX="0" skY="0"/>
    </frame>
    <frame displayIndex="51" z="0" duration="1">
     <transform scX="1" x="0" scY="1" y="0" pX="0" pY="0" skX="0" skY="0"/>
    </frame>
    <frame displayIndex="52" z="0" duration="1">
     <transform scX="1" x="0" scY="1" y="0" pX="0" pY="0" skX="0" skY="0"/>
    </frame>
    <frame displayIndex="53" z="0" duration="1">
     <transform scX="1" x="0" scY="1" y="0" pX="0" pY="0" skX="0" skY="0"/>
    </frame>
    <frame displayIndex="54" z="0" duration="1">
     <transform scX="1" x="0" scY="1" y="0" pX="0" pY="0" skX="0" skY="0"/>
    </frame>
    <frame displayIndex="55" z="0" duration="1">
     <transform scX="1" x="0" scY="1" y="0" pX="0" pY="0" skX="0" skY="0"/>
    </frame>
    <frame displayIndex="56" z="0" duration="1">
     <transform scX="1" x="0" scY="1" y="0" pX="0" pY="0" skX="0" skY="0"/>
    </frame>
    <frame displayIndex="57" z="0" duration="1">
     <transform scX="1" x="0" scY="1" y="0" pX="0" pY="0" skX="0" skY="0"/>
    </frame>
    <frame displayIndex="57" z="0" duration="1">
     <transform scX="1" x="0" scY="1" y="0" pX="0" pY="0" skX="0" skY="0"/>
    </frame>
   </timeline>
   <timeline pX="0" name="dust1" pY="0" scale="1" offset="0">
    <frame z="0" duration="58">
     <transform scX="1" x="0" scY="1" y="0" pX="0" pY="0" skX="0" skY="0"/>
    </frame>
    <frame z="0" duration="1">
     <transform scX="1" x="0" scY="1" y="0" pX="0" pY="0" skX="0" skY="0"/>
    </frame>
   </timeline>
  </animation>
 </armature>
 <armature name="Golem3_mc">
  <skin name="default">
   <slot name="dust2" z="0" parent="dust2">
    <display name="dust2" type="armature">
     <transform scX="1" x="0" skX="0" scY="1" y="0" skY="0"/>
    </display>
   </slot>
   <slot name="cont" z="1" parent="cont">
    <display name="Shape/shape 2082" type="image">
     <transform scX="1" x="0" scY="1" y="0" pX="59" pY="92" skX="0" skY="0"/>
    </display>
    <display name="Shape/shape 2084" type="image">
     <transform scX="1" x="0" scY="1" y="0" pX="59" pY="92" skX="0" skY="0"/>
    </display>
    <display name="Shape/shape 2086" type="image">
     <transform scX="1" x="0" scY="1" y="0" pX="59" pY="92" skX="0" skY="0"/>
    </display>
    <display name="Shape/shape 2088" type="image">
     <transform scX="1" x="0" scY="1" y="0" pX="59" pY="92" skX="0" skY="0"/>
    </display>
    <display name="Shape/shape 2090" type="image">
     <transform scX="1" x="0" scY="1" y="0" pX="59" pY="92" skX="0" skY="0"/>
    </display>
    <display name="Shape/shape 2092" type="image">
     <transform scX="1" x="0" scY="1" y="0" pX="59" pY="92" skX="0" skY="0"/>
    </display>
    <display name="Shape/shape 2094" type="image">
     <transform scX="1" x="0" scY="1" y="0" pX="59" pY="92" skX="0" skY="0"/>
    </display>
    <display name="Shape/shape 2096" type="image">
     <transform scX="1" x="0" scY="1" y="0" pX="59" pY="92" skX="0" skY="0"/>
    </display>
    <display name="Shape/shape 2098" type="image">
     <transform scX="1" x="0" scY="1" y="0" pX="59" pY="92" skX="0" skY="0"/>
    </display>
    <display name="Shape/shape 2100" type="image">
     <transform scX="1" x="0" scY="1" y="0" pX="59" pY="92" skX="0" skY="0"/>
    </display>
    <display name="Shape/shape 2102" type="image">
     <transform scX="1" x="0" scY="1" y="0" pX="59" pY="92" skX="0" skY="0"/>
    </display>
    <display name="Shape/shape 2104" type="image">
     <transform scX="1" x="0" scY="1" y="0" pX="59" pY="92" skX="0" skY="0"/>
    </display>
    <display name="Shape/shape 2106" type="image">
     <transform scX="1" x="0" scY="1" y="0" pX="59" pY="92" skX="0" skY="0"/>
    </display>
    <display name="Shape/shape 2108" type="image">
     <transform scX="1" x="0" scY="1" y="0" pX="59" pY="92" skX="0" skY="0"/>
    </display>
    <display name="Shape/shape 2110" type="image">
     <transform scX="1" x="0" scY="1" y="0" pX="59" pY="92" skX="0" skY="0"/>
    </display>
    <display name="Shape/shape 2112" type="image">
     <transform scX="1" x="0" scY="1" y="0" pX="59" pY="92" skX="0" skY="0"/>
    </display>
    <display name="Shape/shape 2114" type="image">
     <transform scX="1" x="0" scY="1" y="0" pX="59" pY="92" skX="0" skY="0"/>
    </display>
    <display name="Shape/shape 2116" type="image">
     <transform scX="1" x="0" scY="1" y="0" pX="59" pY="92" skX="0" skY="0"/>
    </display>
    <display name="Shape/shape 2118" type="image">
     <transform scX="1" x="0" scY="1" y="0" pX="59" pY="92" skX="0" skY="0"/>
    </display>
    <display name="Shape/shape 2120" type="image">
     <transform scX="1" x="0" scY="1" y="0" pX="59" pY="92" skX="0" skY="0"/>
    </display>
    <display name="Shape/shape 2122" type="image">
     <transform scX="1" x="0" scY="1" y="0" pX="59" pY="92" skX="0" skY="0"/>
    </display>
    <display name="Shape/shape 2124" type="image">
     <transform scX="1" x="0" scY="1" y="0" pX="59" pY="92" skX="0" skY="0"/>
    </display>
    <display name="Shape/shape 2126" type="image">
     <transform scX="1" x="0" scY="1" y="0" pX="59" pY="92" skX="0" skY="0"/>
    </display>
    <display name="Shape/shape 2128" type="image">
     <transform scX="1" x="0" scY="1" y="0" pX="59" pY="92" skX="0" skY="0"/>
    </display>
    <display name="Shape/shape 2130" type="image">
     <transform scX="1" x="0" scY="1" y="0" pX="59" pY="92" skX="0" skY="0"/>
    </display>
    <display name="Shape/shape 2132" type="image">
     <transform scX="1" x="0" scY="1" y="0" pX="59" pY="92" skX="0" skY="0"/>
    </display>
    <display name="Shape/shape 2134" type="image">
     <transform scX="1" x="0" scY="1" y="0" pX="59" pY="92" skX="0" skY="0"/>
    </display>
    <display name="Shape/shape 2136" type="image">
     <transform scX="1" x="0" scY="1" y="0" pX="59" pY="92" skX="0" skY="0"/>
    </display>
    <display name="Shape/shape 2138" type="image">
     <transform scX="1" x="0" scY="1" y="0" pX="58" pY="90" skX="0" skY="0"/>
    </display>
    <display name="Shape/shape 2140" type="image">
     <transform scX="1" x="0" scY="1" y="0" pX="58" pY="90" skX="0" skY="0"/>
    </display>
    <display name="Shape/shape 2142" type="image">
     <transform scX="1" x="0" scY="1" y="0" pX="58" pY="90" skX="0" skY="0"/>
    </display>
    <display name="Shape/shape 2144" type="image">
     <transform scX="1" x="0" scY="1" y="0" pX="58" pY="90" skX="0" skY="0"/>
    </display>
    <display name="Shape/shape 2146" type="image">
     <transform scX="1" x="0" scY="1" y="0" pX="58" pY="90" skX="0" skY="0"/>
    </display>
    <display name="Shape/shape 2148" type="image">
     <transform scX="1" x="0" scY="1" y="0" pX="58" pY="90" skX="0" skY="0"/>
    </display>
    <display name="Shape/shape 2150" type="image">
     <transform scX="1" x="0" scY="1" y="0" pX="58" pY="90" skX="0" skY="0"/>
    </display>
    <display name="Shape/shape 2152" type="image">
     <transform scX="1" x="0" scY="1" y="0" pX="58" pY="90" skX="0" skY="0"/>
    </display>
    <display name="Shape/shape 2154" type="image">
     <transform scX="1" x="0" scY="1" y="0" pX="58" pY="90" skX="0" skY="0"/>
    </display>
    <display name="Shape/shape 2156" type="image">
     <transform scX="1" x="0" scY="1" y="0" pX="58" pY="90" skX="0" skY="0"/>
    </display>
    <display name="Shape/shape 2158" type="image">
     <transform scX="1" x="0" scY="1" y="0" pX="58" pY="90" skX="0" skY="0"/>
    </display>
    <display name="Shape/shape 2160" type="image">
     <transform scX="1" x="0" scY="1" y="0" pX="58" pY="90" skX="0" skY="0"/>
    </display>
    <display name="Shape/shape 2162" type="image">
     <transform scX="1" x="0" scY="1" y="0" pX="58" pY="90" skX="0" skY="0"/>
    </display>
    <display name="Shape/shape 2164" type="image">
     <transform scX="1" x="0" scY="1" y="0" pX="58" pY="90" skX="0" skY="0"/>
    </display>
    <display name="Shape/shape 2166" type="image">
     <transform scX="1" x="0" scY="1" y="0" pX="58" pY="90" skX="0" skY="0"/>
    </display>
    <display name="Shape/shape 2168" type="image">
     <transform scX="1" x="0" scY="1" y="0" pX="58" pY="90" skX="0" skY="0"/>
    </display>
    <display name="Shape/shape 2170" type="image">
     <transform scX="1" x="0" scY="1" y="0" pX="58" pY="90" skX="0" skY="0"/>
    </display>
    <display name="Shape/shape 2172" type="image">
     <transform scX="1" x="0" scY="1" y="0" pX="58" pY="90" skX="0" skY="0"/>
    </display>
    <display name="Shape/shape 2174" type="image">
     <transform scX="1" x="0" scY="1" y="0" pX="58" pY="90" skX="0" skY="0"/>
    </display>
    <display name="Shape/shape 2176" type="image">
     <transform scX="1" x="0" scY="1" y="0" pX="58" pY="90" skX="0" skY="0"/>
    </display>
    <display name="Shape/shape 2178" type="image">
     <transform scX="1" x="0" scY="1" y="0" pX="58" pY="90" skX="0" skY="0"/>
    </display>
    <display name="Shape/shape 2180" type="image">
     <transform scX="1" x="0" scY="1" y="0" pX="58" pY="90" skX="0" skY="0"/>
    </display>
    <display name="Shape/shape 2182" type="image">
     <transform scX="1" x="0" scY="1" y="0" pX="58" pY="90" skX="0" skY="0"/>
    </display>
    <display name="Shape/shape 2184" type="image">
     <transform scX="1" x="0" scY="1" y="0" pX="58" pY="90" skX="0" skY="0"/>
    </display>
    <display name="Shape/shape 2186" type="image">
     <transform scX="1" x="0" scY="1" y="0" pX="58" pY="90" skX="0" skY="0"/>
    </display>
    <display name="Shape/shape 2188" type="image">
     <transform scX="1" x="0" scY="1" y="0" pX="58" pY="90" skX="0" skY="0"/>
    </display>
    <display name="Shape/shape 2190" type="image">
     <transform scX="1" x="0" scY="1" y="0" pX="58" pY="90" skX="0" skY="0"/>
    </display>
    <display name="Shape/shape 2192" type="image">
     <transform scX="1" x="0" scY="1" y="0" pX="58" pY="90" skX="0" skY="0"/>
    </display>
    <display name="Shape/shape 1715" type="image">
     <transform scX="1" x="0" scY="1" y="0" pX="50" pY="68" skX="0" skY="0"/>
    </display>
    <display name="Shape/shape 1717" type="image">
     <transform scX="1" x="0" scY="1" y="0" pX="50" pY="68" skX="0" skY="0"/>
    </display>
   </slot>
   <slot name="dust1" z="2" parent="dust1">
    <display name="dust1" type="armature">
     <transform scX="1" x="0" skX="0" scY="1" y="0" skY="0"/>
    </display>
   </slot>
  </skin>
  <bone name="dust2">
   <transform scX="1" x="-3" skX="0" scY="1" y="-33" skY="0"/>
  </bone>
  <bone name="cont">
   <transform scX="1" x="0" skX="0" scY="1" y="0" skY="0"/>
  </bone>
  <bone name="dust1">
   <transform scX="1" x="-5" skX="0" scY="1" y="-22" skY="0"/>
  </bone>
  <animation fadeInTime="0.3" scale="1" loop="1" autoTween="NaN" name="Golem3_mc" duration="59" tweenEasing="NaN">
   <timeline pX="0" name="dust2" pY="0" scale="1" offset="0">
    <frame z="0" duration="58">
     <transform scX="1" x="0" scY="1" y="0" pX="0" pY="0" skX="0" skY="0"/>
    </frame>
    <frame z="0" duration="1">
     <transform scX="1" x="0" scY="1" y="0" pX="0" pY="0" skX="0" skY="0"/>
    </frame>
   </timeline>
   <timeline pX="0" name="cont" pY="0" scale="1" offset="0">
    <frame z="0" duration="1">
     <transform scX="1" x="0" scY="1" y="0" pX="0" pY="0" skX="0" skY="0"/>
    </frame>
    <frame displayIndex="1" z="0" duration="1">
     <transform scX="1" x="0" scY="1" y="0" pX="0" pY="0" skX="0" skY="0"/>
    </frame>
    <frame displayIndex="2" z="0" duration="1">
     <transform scX="1" x="0" scY="1" y="0" pX="0" pY="0" skX="0" skY="0"/>
    </frame>
    <frame displayIndex="3" z="0" duration="1">
     <transform scX="1" x="0" scY="1" y="0" pX="0" pY="0" skX="0" skY="0"/>
    </frame>
    <frame displayIndex="4" z="0" duration="1">
     <transform scX="1" x="0" scY="1" y="0" pX="0" pY="0" skX="0" skY="0"/>
    </frame>
    <frame displayIndex="5" z="0" duration="1">
     <transform scX="1" x="0" scY="1" y="0" pX="0" pY="0" skX="0" skY="0"/>
    </frame>
    <frame displayIndex="6" z="0" duration="1">
     <transform scX="1" x="0" scY="1" y="0" pX="0" pY="0" skX="0" skY="0"/>
    </frame>
    <frame displayIndex="7" z="0" duration="1">
     <transform scX="1" x="0" scY="1" y="0" pX="0" pY="0" skX="0" skY="0"/>
    </frame>
    <frame displayIndex="8" z="0" duration="1">
     <transform scX="1" x="0" scY="1" y="0" pX="0" pY="0" skX="0" skY="0"/>
    </frame>
    <frame displayIndex="9" z="0" duration="1">
     <transform scX="1" x="0" scY="1" y="0" pX="0" pY="0" skX="0" skY="0"/>
    </frame>
    <frame displayIndex="10" z="0" duration="1">
     <transform scX="1" x="0" scY="1" y="0" pX="0" pY="0" skX="0" skY="0"/>
    </frame>
    <frame displayIndex="11" z="0" duration="1">
     <transform scX="1" x="0" scY="1" y="0" pX="0" pY="0" skX="0" skY="0"/>
    </frame>
    <frame displayIndex="12" z="0" duration="1">
     <transform scX="1" x="0" scY="1" y="0" pX="0" pY="0" skX="0" skY="0"/>
    </frame>
    <frame displayIndex="13" z="0" duration="1">
     <transform scX="1" x="0" scY="1" y="0" pX="0" pY="0" skX="0" skY="0"/>
    </frame>
    <frame displayIndex="14" z="0" duration="1">
     <transform scX="1" x="0" scY="1" y="0" pX="0" pY="0" skX="0" skY="0"/>
    </frame>
    <frame displayIndex="15" z="0" duration="1">
     <transform scX="1" x="0" scY="1" y="0" pX="0" pY="0" skX="0" skY="0"/>
    </frame>
    <frame displayIndex="16" z="0" duration="1">
     <transform scX="1" x="0" scY="1" y="0" pX="0" pY="0" skX="0" skY="0"/>
    </frame>
    <frame displayIndex="17" z="0" duration="1">
     <transform scX="1" x="0" scY="1" y="0" pX="0" pY="0" skX="0" skY="0"/>
    </frame>
    <frame displayIndex="18" z="0" duration="1">
     <transform scX="1" x="0" scY="1" y="0" pX="0" pY="0" skX="0" skY="0"/>
    </frame>
    <frame displayIndex="19" z="0" duration="1">
     <transform scX="1" x="0" scY="1" y="0" pX="0" pY="0" skX="0" skY="0"/>
    </frame>
    <frame displayIndex="20" z="0" duration="1">
     <transform scX="1" x="0" scY="1" y="0" pX="0" pY="0" skX="0" skY="0"/>
    </frame>
    <frame displayIndex="21" z="0" duration="1">
     <transform scX="1" x="0" scY="1" y="0" pX="0" pY="0" skX="0" skY="0"/>
    </frame>
    <frame displayIndex="22" z="0" duration="1">
     <transform scX="1" x="0" scY="1" y="0" pX="0" pY="0" skX="0" skY="0"/>
    </frame>
    <frame displayIndex="23" z="0" duration="1">
     <transform scX="1" x="0" scY="1" y="0" pX="0" pY="0" skX="0" skY="0"/>
    </frame>
    <frame displayIndex="24" z="0" duration="1">
     <transform scX="1" x="0" scY="1" y="0" pX="0" pY="0" skX="0" skY="0"/>
    </frame>
    <frame displayIndex="25" z="0" duration="1">
     <transform scX="1" x="0" scY="1" y="0" pX="0" pY="0" skX="0" skY="0"/>
    </frame>
    <frame displayIndex="26" z="0" duration="1">
     <transform scX="1" x="0" scY="1" y="0" pX="0" pY="0" skX="0" skY="0"/>
    </frame>
    <frame displayIndex="27" z="0" duration="1">
     <transform scX="1" x="0" scY="1" y="0" pX="0" pY="0" skX="0" skY="0"/>
    </frame>
    <frame displayIndex="28" z="0" duration="1">
     <transform scX="1" x="0" scY="1" y="0" pX="0" pY="0" skX="0" skY="0"/>
    </frame>
    <frame displayIndex="29" z="0" duration="1">
     <transform scX="1" x="0" scY="1" y="0" pX="0" pY="0" skX="0" skY="0"/>
    </frame>
    <frame displayIndex="30" z="0" duration="1">
     <transform scX="1" x="0" scY="1" y="0" pX="0" pY="0" skX="0" skY="0"/>
    </frame>
    <frame displayIndex="31" z="0" duration="1">
     <transform scX="1" x="0" scY="1" y="0" pX="0" pY="0" skX="0" skY="0"/>
    </frame>
    <frame displayIndex="32" z="0" duration="1">
     <transform scX="1" x="0" scY="1" y="0" pX="0" pY="0" skX="0" skY="0"/>
    </frame>
    <frame displayIndex="33" z="0" duration="1">
     <transform scX="1" x="0" scY="1" y="0" pX="0" pY="0" skX="0" skY="0"/>
    </frame>
    <frame displayIndex="34" z="0" duration="1">
     <transform scX="1" x="0" scY="1" y="0" pX="0" pY="0" skX="0" skY="0"/>
    </frame>
    <frame displayIndex="35" z="0" duration="1">
     <transform scX="1" x="0" scY="1" y="0" pX="0" pY="0" skX="0" skY="0"/>
    </frame>
    <frame displayIndex="36" z="0" duration="1">
     <transform scX="1" x="0" scY="1" y="0" pX="0" pY="0" skX="0" skY="0"/>
    </frame>
    <frame displayIndex="37" z="0" duration="1">
     <transform scX="1" x="0" scY="1" y="0" pX="0" pY="0" skX="0" skY="0"/>
    </frame>
    <frame displayIndex="38" z="0" duration="1">
     <transform scX="1" x="0" scY="1" y="0" pX="0" pY="0" skX="0" skY="0"/>
    </frame>
    <frame displayIndex="39" z="0" duration="1">
     <transform scX="1" x="0" scY="1" y="0" pX="0" pY="0" skX="0" skY="0"/>
    </frame>
    <frame displayIndex="40" z="0" duration="1">
     <transform scX="1" x="0" scY="1" y="0" pX="0" pY="0" skX="0" skY="0"/>
    </frame>
    <frame displayIndex="41" z="0" duration="1">
     <transform scX="1" x="0" scY="1" y="0" pX="0" pY="0" skX="0" skY="0"/>
    </frame>
    <frame displayIndex="42" z="0" duration="1">
     <transform scX="1" x="0" scY="1" y="0" pX="0" pY="0" skX="0" skY="0"/>
    </frame>
    <frame displayIndex="43" z="0" duration="1">
     <transform scX="1" x="0" scY="1" y="0" pX="0" pY="0" skX="0" skY="0"/>
    </frame>
    <frame displayIndex="44" z="0" duration="1">
     <transform scX="1" x="0" scY="1" y="0" pX="0" pY="0" skX="0" skY="0"/>
    </frame>
    <frame displayIndex="45" z="0" duration="1">
     <transform scX="1" x="0" scY="1" y="0" pX="0" pY="0" skX="0" skY="0"/>
    </frame>
    <frame displayIndex="46" z="0" duration="1">
     <transform scX="1" x="0" scY="1" y="0" pX="0" pY="0" skX="0" skY="0"/>
    </frame>
    <frame displayIndex="47" z="0" duration="1">
     <transform scX="1" x="0" scY="1" y="0" pX="0" pY="0" skX="0" skY="0"/>
    </frame>
    <frame displayIndex="48" z="0" duration="1">
     <transform scX="1" x="0" scY="1" y="0" pX="0" pY="0" skX="0" skY="0"/>
    </frame>
    <frame displayIndex="49" z="0" duration="1">
     <transform scX="1" x="0" scY="1" y="0" pX="0" pY="0" skX="0" skY="0"/>
    </frame>
    <frame displayIndex="50" z="0" duration="1">
     <transform scX="1" x="0" scY="1" y="0" pX="0" pY="0" skX="0" skY="0"/>
    </frame>
    <frame displayIndex="51" z="0" duration="1">
     <transform scX="1" x="0" scY="1" y="0" pX="0" pY="0" skX="0" skY="0"/>
    </frame>
    <frame displayIndex="52" z="0" duration="1">
     <transform scX="1" x="0" scY="1" y="0" pX="0" pY="0" skX="0" skY="0"/>
    </frame>
    <frame displayIndex="53" z="0" duration="1">
     <transform scX="1" x="0" scY="1" y="0" pX="0" pY="0" skX="0" skY="0"/>
    </frame>
    <frame displayIndex="54" z="0" duration="1">
     <transform scX="1" x="0" scY="1" y="0" pX="0" pY="0" skX="0" skY="0"/>
    </frame>
    <frame displayIndex="55" z="0" duration="1">
     <transform scX="1" x="0" scY="1" y="0" pX="0" pY="0" skX="0" skY="0"/>
    </frame>
    <frame displayIndex="56" z="0" duration="1">
     <transform scX="1" x="0" scY="1" y="0" pX="0" pY="0" skX="0" skY="0"/>
    </frame>
    <frame displayIndex="57" z="0" duration="1">
     <transform scX="1" x="0" scY="1" y="0" pX="0" pY="0" skX="0" skY="0"/>
    </frame>
    <frame displayIndex="57" z="0" duration="1">
     <transform scX="1" x="0" scY="1" y="0" pX="0" pY="0" skX="0" skY="0"/>
    </frame>
   </timeline>
   <timeline pX="0" name="dust1" pY="0" scale="1" offset="0">
    <frame z="0" duration="58">
     <transform scX="1" x="0" scY="1" y="0" pX="0" pY="0" skX="0" skY="0"/>
    </frame>
    <frame z="0" duration="1">
     <transform scX="1" x="0" scY="1" y="0" pX="0" pY="0" skX="0" skY="0"/>
    </frame>
   </timeline>
  </animation>
 </armature>
</root>