<TextureAtlas name="Golem_mc" imagePath="texture.png">
 <SubTexture name="Shape/shape 1603" x="1241" y="548" width="97" height="100"/>
 <SubTexture name="Shape/shape 1605" x="525" y="340" width="97" height="100"/>
 <SubTexture name="Shape/shape 1607" x="198" y="646" width="97" height="100"/>
 <SubTexture name="Shape/shape 1609" x="1759" y="636" width="97" height="100"/>
 <SubTexture name="Shape/shape 1611" x="624" y="340" width="97" height="100"/>
 <SubTexture name="Shape/shape 1613" x="304" y="340" width="97" height="100"/>
 <SubTexture name="Shape/shape 1615" x="297" y="544" width="97" height="100"/>
 <SubTexture name="Shape/shape 1617" x="1683" y="446" width="97" height="100"/>
 <SubTexture name="Shape/shape 1619" x="921" y="544" width="97" height="100"/>
 <SubTexture name="Shape/shape 1621" x="1264" y="344" width="97" height="100"/>
 <SubTexture name="Shape/shape 1623" x="1561" y="548" width="97" height="100"/>
 <SubTexture name="Shape/shape 1625" x="0" y="558" width="97" height="100"/>
 <SubTexture name="Shape/shape 1627" x="1043" y="520" width="97" height="100"/>
 <SubTexture name="Shape/shape 1629" x="1948" y="214" width="97" height="100"/>
 <SubTexture name="Shape/shape 1631" x="1165" y="344" width="97" height="100"/>
 <SubTexture name="Shape/shape 1633" x="1881" y="534" width="97" height="100"/>
 <SubTexture name="Shape/shape 1635" x="1584" y="344" width="97" height="100"/>
 <SubTexture name="Shape/shape 1637" x="1439" y="622" width="97" height="100"/>
 <SubTexture name="Shape/shape 1639" x="205" y="442" width="97" height="100"/>
 <SubTexture name="Shape/shape 1641" x="624" y="442" width="97" height="100"/>
 <SubTexture name="Shape/shape 1643" x="845" y="340" width="97" height="100"/>
 <SubTexture name="Shape/shape 1645" x="1142" y="548" width="97" height="100"/>
 <SubTexture name="Shape/shape 1647" x="106" y="442" width="97" height="100"/>
 <SubTexture name="Shape/shape 1649" x="106" y="340" width="97" height="100"/>
 <SubTexture name="Shape/shape 1651" x="1858" y="636" width="97" height="100"/>
 <SubTexture name="Shape/shape 1653" x="1584" y="446" width="97" height="100"/>
 <SubTexture name="Shape/shape 1655" x="700" y="618" width="97" height="100"/>
 <SubTexture name="Shape/shape 1657" x="525" y="442" width="97" height="100"/>
 <SubTexture name="Shape/shape 1659" x="1363" y="446" width="97" height="100"/>
 <SubTexture name="Shape/shape 1661" x="99" y="646" width="97" height="100"/>
 <SubTexture name="Shape/shape 1663" x="0" y="456" width="97" height="100"/>
 <SubTexture name="Shape/shape 1665" x="1660" y="548" width="97" height="100"/>
 <SubTexture name="Shape/shape 1667" x="198" y="544" width="97" height="100"/>
 <SubTexture name="Shape/shape 1669" x="1683" y="344" width="97" height="100"/>
 <SubTexture name="Shape/shape 1671" x="99" y="544" width="97" height="100"/>
 <SubTexture name="Shape/shape 1673" x="1782" y="432" width="97" height="100"/>
 <SubTexture name="Shape/shape 1675" x="822" y="544" width="97" height="100"/>
 <SubTexture name="Shape/shape 1677" x="1363" y="344" width="97" height="100"/>
 <SubTexture name="Shape/shape 1679" x="1948" y="112" width="97" height="100"/>
 <SubTexture name="Shape/shape 1681" x="205" y="340" width="97" height="100"/>
 <SubTexture name="Shape/shape 1683" x="601" y="544" width="97" height="100"/>
 <SubTexture name="Shape/shape 1685" x="1264" y="446" width="97" height="100"/>
 <SubTexture name="Shape/shape 1687" x="845" y="442" width="97" height="100"/>
 <SubTexture name="Shape/shape 1689" x="944" y="442" width="97" height="100"/>
 <SubTexture name="Shape/shape 1691" x="1462" y="520" width="97" height="100"/>
 <SubTexture name="Shape/shape 1693" x="403" y="516" width="97" height="100"/>
 <SubTexture name="Shape/shape 1695" x="1782" y="534" width="97" height="100"/>
 <SubTexture name="Shape/shape 1697" x="723" y="516" width="97" height="100"/>
 <SubTexture name="Shape/shape 1699" x="1881" y="432" width="97" height="100"/>
 <SubTexture name="Shape/shape 1701" x="1165" y="446" width="97" height="100"/>
 <SubTexture name="Shape/shape 1703" x="304" y="442" width="97" height="100"/>
 <SubTexture name="Shape/shape 1705" x="396" y="618" width="97" height="100"/>
 <SubTexture name="Shape/shape 1707" x="502" y="544" width="97" height="100"/>
 <SubTexture name="Shape/shape 1709" x="1340" y="548" width="97" height="100"/>
 <SubTexture name="Shape/shape 1711" x="1020" y="622" width="97" height="100"/>
 <SubTexture name="Shape/shape 1713" x="944" y="340" width="97" height="100"/>
 <SubTexture name="Shape/shape 1715" x="621" y="803" width="93" height="67"/>
 <SubTexture name="Shape/shape 1717" x="942" y="807" width="93" height="67"/>
 <SubTexture name="Shape/shape 2082" x="424" y="224" width="104" height="114"/>
 <SubTexture name="Shape/shape 2084" x="1736" y="112" width="104" height="114"/>
 <SubTexture name="Shape/shape 2086" x="1590" y="228" width="104" height="114"/>
 <SubTexture name="Shape/shape 2088" x="530" y="224" width="104" height="114"/>
 <SubTexture name="Shape/shape 2090" x="636" y="224" width="104" height="114"/>
 <SubTexture name="Shape/shape 2092" x="0" y="340" width="104" height="114"/>
 <SubTexture name="Shape/shape 2094" x="1908" y="316" width="104" height="114"/>
 <SubTexture name="Shape/shape 2096" x="1802" y="228" width="104" height="114"/>
 <SubTexture name="Shape/shape 2098" x="1842" y="112" width="104" height="114"/>
 <SubTexture name="Shape/shape 2100" x="1696" y="228" width="104" height="114"/>
 <SubTexture name="Shape/shape 2102" x="106" y="224" width="104" height="114"/>
 <SubTexture name="Shape/shape 2104" x="742" y="224" width="104" height="114"/>
 <SubTexture name="Shape/shape 2106" x="0" y="224" width="104" height="114"/>
 <SubTexture name="Shape/shape 2108" x="1100" y="112" width="104" height="114"/>
 <SubTexture name="Shape/shape 2110" x="1524" y="112" width="104" height="114"/>
 <SubTexture name="Shape/shape 2112" x="954" y="224" width="104" height="114"/>
 <SubTexture name="Shape/shape 2114" x="1166" y="228" width="104" height="114"/>
 <SubTexture name="Shape/shape 2116" x="1418" y="112" width="104" height="114"/>
 <SubTexture name="Shape/shape 2118" x="1378" y="228" width="104" height="114"/>
 <SubTexture name="Shape/shape 2120" x="318" y="224" width="104" height="114"/>
 <SubTexture name="Shape/shape 2122" x="1630" y="112" width="104" height="114"/>
 <SubTexture name="Shape/shape 2124" x="1206" y="112" width="104" height="114"/>
 <SubTexture name="Shape/shape 2126" x="1312" y="112" width="104" height="114"/>
 <SubTexture name="Shape/shape 2128" x="1272" y="228" width="104" height="114"/>
 <SubTexture name="Shape/shape 2130" x="848" y="224" width="104" height="114"/>
 <SubTexture name="Shape/shape 2132" x="1484" y="228" width="104" height="114"/>
 <SubTexture name="Shape/shape 2134" x="212" y="224" width="104" height="114"/>
 <SubTexture name="Shape/shape 2136" x="1060" y="228" width="104" height="114"/>
 <SubTexture name="Shape/shape 2138" x="660" y="0" width="108" height="110"/>
 <SubTexture name="Shape/shape 2140" x="0" y="0" width="108" height="110"/>
 <SubTexture name="Shape/shape 2142" x="1100" y="0" width="108" height="110"/>
 <SubTexture name="Shape/shape 2144" x="1210" y="0" width="108" height="110"/>
 <SubTexture name="Shape/shape 2146" x="770" y="0" width="108" height="110"/>
 <SubTexture name="Shape/shape 2148" x="550" y="0" width="108" height="110"/>
 <SubTexture name="Shape/shape 2150" x="1320" y="0" width="108" height="110"/>
 <SubTexture name="Shape/shape 2152" x="1760" y="0" width="108" height="110"/>
 <SubTexture name="Shape/shape 2154" x="880" y="0" width="108" height="110"/>
 <SubTexture name="Shape/shape 2156" x="550" y="112" width="108" height="110"/>
 <SubTexture name="Shape/shape 2158" x="880" y="112" width="108" height="110"/>
 <SubTexture name="Shape/shape 2160" x="220" y="112" width="108" height="110"/>
 <SubTexture name="Shape/shape 2162" x="440" y="0" width="108" height="110"/>
 <SubTexture name="Shape/shape 2164" x="660" y="112" width="108" height="110"/>
 <SubTexture name="Shape/shape 2166" x="220" y="0" width="108" height="110"/>
 <SubTexture name="Shape/shape 2168" x="990" y="112" width="108" height="110"/>
 <SubTexture name="Shape/shape 2170" x="0" y="112" width="108" height="110"/>
 <SubTexture name="Shape/shape 2172" x="330" y="0" width="108" height="110"/>
 <SubTexture name="Shape/shape 2174" x="990" y="0" width="108" height="110"/>
 <SubTexture name="Shape/shape 2176" x="1650" y="0" width="108" height="110"/>
 <SubTexture name="Shape/shape 2178" x="1540" y="0" width="108" height="110"/>
 <SubTexture name="Shape/shape 2180" x="770" y="112" width="108" height="110"/>
 <SubTexture name="Shape/shape 2182" x="330" y="112" width="108" height="110"/>
 <SubTexture name="Shape/shape 2184" x="440" y="112" width="108" height="110"/>
 <SubTexture name="Shape/shape 2186" x="1430" y="0" width="108" height="110"/>
 <SubTexture name="Shape/shape 2188" x="110" y="0" width="108" height="110"/>
 <SubTexture name="Shape/shape 2190" x="1870" y="0" width="108" height="110"/>
 <SubTexture name="Shape/shape 2192" x="110" y="112" width="108" height="110"/>
 <SubTexture name="Shape/shape 2195" x="0" y="660" width="79" height="81"/>
 <SubTexture name="Shape/shape 2197" x="81" y="748" width="79" height="81"/>
 <SubTexture name="Shape/shape 2199" x="1538" y="650" width="79" height="81"/>
 <SubTexture name="Shape/shape 2201" x="780" y="738" width="79" height="81"/>
 <SubTexture name="Shape/shape 2203" x="162" y="748" width="79" height="81"/>
 <SubTexture name="Shape/shape 2205" x="459" y="738" width="79" height="81"/>
 <SubTexture name="Shape/shape 2207" x="1668" y="733" width="79" height="81"/>
 <SubTexture name="Shape/shape 2209" x="1506" y="733" width="79" height="81"/>
 <SubTexture name="Shape/shape 2211" x="378" y="720" width="79" height="81"/>
 <SubTexture name="Shape/shape 2213" x="1619" y="650" width="79" height="81"/>
 <SubTexture name="Shape/shape 2215" x="297" y="729" width="79" height="81"/>
 <SubTexture name="Shape/shape 2217" x="1165" y="742" width="79" height="81"/>
 <SubTexture name="Shape/shape 2219" x="1587" y="733" width="79" height="81"/>
 <SubTexture name="Shape/shape 2221" x="297" y="646" width="79" height="81"/>
 <SubTexture name="Shape/shape 2223" x="699" y="720" width="79" height="81"/>
 <SubTexture name="Shape/shape 2225" x="1749" y="738" width="79" height="81"/>
 <SubTexture name="Shape/shape 2227" x="1003" y="724" width="79" height="81"/>
 <SubTexture name="Shape/shape 2229" x="1246" y="742" width="79" height="81"/>
 <SubTexture name="Shape/shape 2231" x="1425" y="724" width="79" height="81"/>
 <SubTexture name="Shape/shape 2233" x="540" y="738" width="79" height="81"/>
 <SubTexture name="Shape/shape 2235" x="1327" y="742" width="79" height="81"/>
 <SubTexture name="Shape/shape 2237" x="0" y="743" width="79" height="81"/>
 <SubTexture name="Shape/shape 2239" x="1957" y="636" width="79" height="81"/>
 <SubTexture name="Shape/shape 2241" x="1911" y="802" width="79" height="81"/>
 <SubTexture name="Shape/shape 2243" x="861" y="738" width="79" height="81"/>
 <SubTexture name="Shape/shape 2245" x="1957" y="719" width="79" height="81"/>
 <SubTexture name="Shape/shape 2247" x="1084" y="742" width="79" height="81"/>
 <SubTexture name="Shape/shape 2249" x="1830" y="738" width="79" height="81"/>
 <SubTexture name="Shape/shape 2251" x="1645" y="816" width="77" height="76"/>
 <SubTexture name="Shape/shape 2253" x="794" y="821" width="77" height="76"/>
 <SubTexture name="Shape/shape 2255" x="1352" y="885" width="77" height="76"/>
 <SubTexture name="Shape/shape 2257" x="1566" y="816" width="77" height="76"/>
 <SubTexture name="Shape/shape 2259" x="378" y="803" width="77" height="76"/>
 <SubTexture name="Shape/shape 2261" x="1273" y="825" width="77" height="76"/>
 <SubTexture name="Shape/shape 2263" x="0" y="826" width="77" height="76"/>
 <SubTexture name="Shape/shape 2265" x="1408" y="807" width="77" height="76"/>
 <SubTexture name="Shape/shape 2267" x="873" y="875" width="77" height="76"/>
 <SubTexture name="Shape/shape 2269" x="615" y="871" width="77" height="76"/>
 <SubTexture name="Shape/shape 2271" x="1882" y="885" width="77" height="76"/>
 <SubTexture name="Shape/shape 2273" x="1194" y="825" width="77" height="76"/>
 <SubTexture name="Shape/shape 2275" x="79" y="831" width="77" height="76"/>
 <SubTexture name="Shape/shape 2277" x="952" y="875" width="77" height="76"/>
 <SubTexture name="Shape/shape 2279" x="1803" y="821" width="77" height="76"/>
 <SubTexture name="Shape/shape 2281" x="158" y="831" width="77" height="76"/>
 <SubTexture name="Shape/shape 2283" x="1115" y="825" width="77" height="76"/>
 <SubTexture name="Shape/shape 2285" x="237" y="890" width="77" height="76"/>
 <SubTexture name="Shape/shape 2287" x="1961" y="885" width="77" height="76"/>
 <SubTexture name="Shape/shape 2289" x="715" y="821" width="77" height="76"/>
 <SubTexture name="Shape/shape 2291" x="322" y="881" width="77" height="76"/>
 <SubTexture name="Shape/shape 2293" x="1487" y="816" width="77" height="76"/>
 <SubTexture name="Shape/shape 2295" x="243" y="812" width="77" height="76"/>
 <SubTexture name="Shape/shape 2297" x="1036" y="825" width="77" height="76"/>
 <SubTexture name="Shape/shape 2299" x="1724" y="821" width="77" height="76"/>
 <SubTexture name="Shape/shape 2301" x="536" y="821" width="77" height="76"/>
 <SubTexture name="Shape/shape 2303" x="457" y="821" width="77" height="76"/>
 <SubTexture name="Shape/shape 2305" x="1431" y="894" width="77" height="76"/>
 <SubTexture name="Shape/shape 1269" x="799" y="646" width="100" height="90"/>
 <SubTexture name="Shape/shape 1271" x="1221" y="650" width="100" height="90"/>
 <SubTexture name="Shape/shape 1273" x="901" y="646" width="100" height="90"/>
 <SubTexture name="Shape/shape 1275" x="1119" y="650" width="100" height="90"/>
 <SubTexture name="Shape/shape 1277" x="495" y="646" width="100" height="90"/>
 <SubTexture name="Shape/shape 1279" x="1323" y="650" width="100" height="90"/>
 <SubTexture name="Shape/shape 1281" x="597" y="646" width="100" height="90"/>
 <SubTexture name="Shape/shape 1365" x="723" y="340" width="120" height="86"/>
 <SubTexture name="Shape/shape 1367" x="1043" y="344" width="120" height="86"/>
 <SubTexture name="Shape/shape 1369" x="403" y="428" width="120" height="86"/>
 <SubTexture name="Shape/shape 1371" x="1043" y="432" width="120" height="86"/>
 <SubTexture name="Shape/shape 1373" x="1462" y="344" width="120" height="86"/>
 <SubTexture name="Shape/shape 1375" x="723" y="428" width="120" height="86"/>
 <SubTexture name="Shape/shape 1377" x="403" y="340" width="120" height="86"/>
 <SubTexture name="Shape/shape 1379" x="1462" y="432" width="120" height="86"/>
 <SubTexture name="Shape/shape 1381" x="1782" y="344" width="120" height="86"/>
</TextureAtlas>