<root name="Unit7_mc" isGlobal="0" frameRate="30" version="3.0">
 <armature name="Unit7_mc">
  <skin name="default">
   <slot name="dust4" z="0" parent="dust4">
    <display name="dust4" type="image">
     <transform scX="1" x="0" scY="1" y="0" pX="25" pY="25" skX="0" skY="0"/>
    </display>
   </slot>
   <slot name="selectUnit" z="1" parent="selectUnit">
    <display name="selectUnit" type="image">
     <transform scX="1" x="0" scY="1" y="0" pX="25" pY="25" skX="0" skY="0"/>
    </display>
   </slot>
   <slot name="shadow" z="2" parent="shadow">
    <display name="sprite 7652" type="image">
     <transform scX="1" x="0" scY="1" y="0" pX="25" pY="25" skX="0" skY="0"/>
    </display>
   </slot>
   <slot name="cont" z="3" parent="cont">
    <display name="cont" type="armature">
     <transform scX="1" x="0" skX="0" scY="1" y="0" skY="0"/>
    </display>
   </slot>
   <slot name="healthBar" z="4" parent="healthBar">
    <display name="healthBar" type="image">
     <transform scX="1" x="0" scY="1" y="0" pX="25" pY="25" skX="0" skY="0"/>
    </display>
   </slot>
   <slot name="armor" z="5" parent="armor">
    <display name="armor" type="image">
     <transform scX="1" x="0" scY="1" y="0" pX="25" pY="25" skX="0" skY="0"/>
    </display>
   </slot>
   <slot name="iceEffect" z="6" parent="iceEffect">
    <display name="iceEffect" type="image">
     <transform scX="1" x="0" scY="1" y="0" pX="25" pY="25" skX="0" skY="0"/>
    </display>
   </slot>
   <slot name="fireEffect" z="7" parent="fireEffect">
    <display name="fireEffect" type="image">
     <transform scX="1" x="0" scY="1" y="0" pX="25" pY="25" skX="0" skY="0"/>
    </display>
   </slot>
   <slot name="iceFreez" z="8" parent="iceFreez">
    <display name="iceFreez" type="image">
     <transform scX="1" x="0" scY="1" y="0" pX="25" pY="25" skX="0" skY="0"/>
    </display>
   </slot>
   <slot name="levinAttack" z="9" parent="levinAttack">
    <display name="levinattack" type="image">
     <transform scX="1" x="0" scY="1" y="0" pX="25" pY="25" skX="0" skY="0"/>
    </display>
   </slot>
   <slot name="iceAttack" z="10" parent="iceAttack">
    <display name="iceattack" type="image">
     <transform scX="1" x="0" scY="1" y="0" pX="25" pY="25" skX="0" skY="0"/>
    </display>
   </slot>
   <slot name="fireAttack" z="11" parent="fireAttack">
    <display name="fireattack" type="image">
     <transform scX="1" x="0" scY="1" y="0" pX="25" pY="25" skX="0" skY="0"/>
    </display>
   </slot>
   <slot name="dust3" z="12" parent="dust3">
    <display name="dust3" type="image">
     <transform scX="1" x="0" scY="1" y="0" pX="25" pY="25" skX="0" skY="0"/>
    </display>
   </slot>
   <slot name="dust2" z="13" parent="dust2">
    <display name="dust2" type="image">
     <transform scX="1" x="0" scY="1" y="0" pX="25" pY="25" skX="0" skY="0"/>
    </display>
   </slot>
   <slot name="dust1" z="14" parent="dust1">
    <display name="dust1" type="image">
     <transform scX="1" x="0" scY="1" y="0" pX="25" pY="25" skX="0" skY="0"/>
    </display>
   </slot>
   <slot name="buffSpeed" z="15" parent="buffSpeed">
    <display name="buffSpeed" type="image">
     <transform scX="1" x="0" scY="1" y="0" pX="25" pY="25" skX="0" skY="0"/>
    </display>
   </slot>
   <slot name="airShock" z="16" parent="airShock">
    <display name="airShock" type="image">
     <transform scX="1" x="0" scY="1" y="0" pX="25" pY="25" skX="0" skY="0"/>
    </display>
   </slot>
   <slot name="buffHP" z="17" parent="buffHP">
    <display name="buffHP" type="image">
     <transform scX="1" x="0" scY="1" y="0" pX="25" pY="25" skX="0" skY="0"/>
    </display>
   </slot>
   <slot name="iceDeath" z="18" parent="iceDeath">
    <display name="iceDeath" type="image">
     <transform scX="1" x="0" scY="1" y="0" pX="25" pY="25" skX="0" skY="0"/>
    </display>
   </slot>
   <slot name="stoneDeath" z="19" parent="stoneDeath">
    <display name="stonedeath" type="image">
     <transform scX="1" x="0" scY="1" y="0" pX="25" pY="25" skX="0" skY="0"/>
    </display>
   </slot>
   <slot name="levinDeath" z="20" parent="levinDeath">
    <display name="levindeath" type="image">
     <transform scX="1" x="0" scY="1" y="0" pX="25" pY="25" skX="0" skY="0"/>
    </display>
   </slot>
   <slot name="unitCase" z="21" parent="unitCase">
    <display name="case" type="image">
     <transform scX="1" x="0" scY="1" y="0" pX="25" pY="25" skX="0" skY="0"/>
    </display>
   </slot>
  </skin>
  <bone name="fireAttack">
   <transform scX="0.7" x="2" skX="0" scY="0.7" y="-5" skY="0"/>
  </bone>
  <bone name="selectUnit">
   <transform scX="1.47" x="-0.7" skX="0" scY="1.47" y="0" skY="0"/>
  </bone>
  <bone name="shadow">
   <transform scX="1.31" x="-0.8" skX="0" scY="0.54" y="1.85" skY="0"/>
  </bone>
  <bone name="cont">
   <transform scX="1" x="-0.15" skX="4.87" scY="1" y="0" skY="2.06"/>
  </bone>
  <bone name="healthBar">
   <transform scX="1" x="0" skX="0" scY="1" y="-26" skY="0"/>
  </bone>
  <bone name="armor">
   <transform scX="0.76" x="-1" skX="0" scY="0.76" y="0" skY="0"/>
  </bone>
  <bone name="iceEffect">
   <transform scX="0.46" x="3" skX="0" scY="0.46" y="0" skY="0"/>
  </bone>
  <bone name="fireEffect">
   <transform scX="0.69" x="1" skX="0" scY="0.69" y="-24" skY="0"/>
  </bone>
  <bone name="iceFreez">
   <transform scX="0.68" x="0" skX="0" scY="0.68" y="-10" skY="0"/>
  </bone>
  <bone name="levinAttack">
   <transform scX="1" x="3" skX="0" scY="1" y="-8" skY="0"/>
  </bone>
  <bone name="iceAttack">
   <transform scX="0.7" x="0" skX="0" scY="0.7" y="-8" skY="0"/>
  </bone>
  <bone name="dust4">
   <transform scX="1" x="1" skX="0" scY="1" y="-5" skY="0"/>
  </bone>
  <bone name="dust3">
   <transform scX="1" x="2" skX="0" scY="1" y="0" skY="0"/>
  </bone>
  <bone name="dust2">
   <transform scX="0.46" x="2" skX="0" scY="0.46" y="2" skY="0"/>
  </bone>
  <bone name="dust1">
   <transform scX="0.46" x="-1" skX="0" scY="0.46" y="1" skY="0"/>
  </bone>
  <bone name="buffSpeed">
   <transform scX="0.4" x="-15" skX="0" scY="0.4" y="-8" skY="0"/>
  </bone>
  <bone name="airShock">
   <transform scX="1.2" x="0" skX="0" scY="1.2" y="-26" skY="0"/>
  </bone>
  <bone name="buffHP">
   <transform scX="1" x="0" skX="0" scY="1" y="-13" skY="0"/>
  </bone>
  <bone name="iceDeath">
   <transform scX="0.78" x="0" skX="0" scY="0.78" y="-8" skY="0"/>
  </bone>
  <bone name="stoneDeath">
   <transform scX="1.64" x="1" skX="0" scY="1.54" y="-9" skY="0"/>
  </bone>
  <bone name="levinDeath">
   <transform scX="1.08" x="1" skX="0" scY="1.16" y="-8" skY="0"/>
  </bone>
  <bone name="unitCase">
   <transform scX="0.53" x="-0.75" skX="0" scY="0.6" y="-9.05" skY="0"/>
  </bone>
  <animation name="Unit7_mc" scale="1" loop="1" autoTween="NaN" fadeInTime="0.3" duration="38" tweenEasing="NaN">
   <timeline pX="0" name="dust4" pY="0" scale="1" offset="0">
    <frame z="0" duration="37">
     <transform scX="1" x="0" scY="1" y="0" pX="0" pY="0" skX="0" skY="0"/>
    </frame>
    <frame z="0" duration="1">
     <transform scX="1" x="0" scY="1" y="0" pX="0" pY="0" skX="0" skY="0"/>
    </frame>
   </timeline>
   <timeline pX="0" name="selectUnit" pY="0" scale="1" offset="0">
    <frame z="0" duration="37">
     <transform scX="1" x="0" scY="1" y="0" pX="0" pY="0" skX="0" skY="0"/>
    </frame>
    <frame z="0" duration="1">
     <transform scX="1" x="0" scY="1" y="0" pX="0" pY="0" skX="0" skY="0"/>
    </frame>
   </timeline>
   <timeline pX="0" name="shadow" pY="0" scale="1" offset="0">
    <frame z="0" duration="1" tweenEasing="0">
     <transform scX="1" x="0" scY="1" y="0" pX="0" pY="0" skX="0" skY="0"/>
    </frame>
    <frame z="0" duration="1" tweenEasing="0">
     <transform scX="0.9618320610687022" x="0.050000000000000044" scY="0.9629629629629629" y="0" pX="0" pY="0" skX="0" skY="0"/>
    </frame>
    <frame z="0" duration="1" tweenEasing="0">
     <transform scX="0.9312977099236641" x="0.10000000000000009" scY="0.9259259259259258" y="0.04999999999999982" pX="0" pY="0" skX="0" skY="0"/>
    </frame>
    <frame z="0" duration="1" tweenEasing="0">
     <transform scX="0.8931297709923663" x="0.15000000000000002" scY="0.8888888888888888" y="0.04999999999999982" pX="0" pY="0" skX="0" skY="0"/>
    </frame>
    <frame z="0" duration="1" tweenEasing="0">
     <transform scX="0.8625954198473281" x="0.25" scY="0.8518518518518519" y="0.09999999999999987" pX="0" pY="0" skX="0" skY="0"/>
    </frame>
    <frame z="0" duration="1" tweenEasing="0">
     <transform scX="0.8244274809160306" x="0.30000000000000004" scY="0.8148148148148148" y="0.09999999999999987" pX="0" pY="0" skX="0" skY="0"/>
    </frame>
    <frame z="0" duration="1" tweenEasing="0">
     <transform scX="0.7938931297709924" x="0.30000000000000004" scY="0.7777777777777777" y="0.1499999999999999" pX="0" pY="0" skX="0" skY="0"/>
    </frame>
    <frame z="0" duration="1" tweenEasing="0">
     <transform scX="0.7557251908396946" x="0.45000000000000007" scY="0.7407407407407407" y="0.1499999999999999" pX="0" pY="0" skX="0" skY="0"/>
    </frame>
    <frame z="0" duration="1" tweenEasing="0">
     <transform scX="0.8091603053435115" x="0.35000000000000003" scY="0.7962962962962963" y="0.1499999999999999" pX="0" pY="0" skX="0" skY="0"/>
    </frame>
    <frame z="0" duration="1" tweenEasing="0">
     <transform scX="0.8549618320610688" x="0.20000000000000007" scY="0.8333333333333333" y="0.09999999999999987" pX="0" pY="0" skX="0" skY="0"/>
    </frame>
    <frame z="0" duration="1" tweenEasing="0">
     <transform scX="0.9007633587786259" x="0.15000000000000002" scY="0.8888888888888888" y="0.04999999999999982" pX="0" pY="0" skX="0" skY="0"/>
    </frame>
    <frame z="0" duration="1">
     <transform scX="0.9541984732824427" x="0.050000000000000044" scY="0.9444444444444444" y="0" pX="0" pY="0" skX="0" skY="0"/>
    </frame>
    <frame z="0" duration="7" tweenEasing="0">
     <transform scX="1" x="0" scY="1" y="0" pX="0" pY="0" skX="0" skY="0"/>
    </frame>
    <frame z="0" duration="1" tweenEasing="0">
     <transform scX="1" x="0" scY="1" y="0" pX="0" pY="0" skX="0" skY="0"/>
    </frame>
    <frame z="0" duration="1" tweenEasing="0">
     <transform scX="0.9541984732824427" x="0" scY="0.9444444444444444" y="0.1499999999999999" pX="0" pY="0" skX="0" skY="0"/>
    </frame>
    <frame z="0" duration="1" tweenEasing="0">
     <transform scX="0.9083969465648855" x="-0.04999999999999993" scY="0.9074074074074073" y="0.2999999999999998" pX="0" pY="0" skX="0" skY="0"/>
    </frame>
    <frame z="0" duration="1" tweenEasing="0">
     <transform scX="0.8549618320610688" x="-0.1499999999999999" scY="0.8518518518518519" y="0.44999999999999973" pX="0" pY="0" skX="0" skY="0"/>
    </frame>
    <frame z="0" duration="1" tweenEasing="0">
     <transform scX="0.8091603053435115" x="-0.1499999999999999" scY="0.8148148148148148" y="0.6499999999999999" pX="0" pY="0" skX="0" skY="0"/>
    </frame>
    <frame z="0" duration="2" tweenEasing="0">
     <transform scX="0.7633587786259541" x="-0.19999999999999996" scY="0.7592592592592592" y="0.7999999999999998" pX="0" pY="0" skX="0" skY="0"/>
    </frame>
    <frame z="0" duration="2" tweenEasing="0">
     <transform scX="0.7633587786259541" x="-0.19999999999999996" scY="0.7592592592592592" y="1.7999999999999998" pX="0" pY="0" skX="0" skY="0"/>
    </frame>
    <frame z="0" duration="2" tweenEasing="0">
     <transform scX="0.8549618320610688" x="-0.1499999999999999" scY="0.8518518518518519" y="1.0499999999999998" pX="0" pY="0" skX="0" skY="0"/>
    </frame>
    <frame z="0" duration="1">
     <transform scX="0.9541984732824427" x="0" scY="0.9444444444444444" y="0.3500000000000001" pX="0" pY="0" skX="0" skY="0"/>
    </frame>
    <frame z="0" duration="6">
     <transform scX="1" x="0" scY="1" y="0" pX="0" pY="0" skX="0" skY="0"/>
    </frame>
    <frame z="0" duration="1">
     <transform scX="1" x="0" scY="1" y="0" pX="0" pY="0" skX="0" skY="0"/>
    </frame>
   </timeline>
   <timeline pX="0" name="cont" pY="0" scale="1" offset="0">
    <frame z="0" duration="1" tweenEasing="0">
     <transform scX="1" x="0" scY="1" y="0" pX="0" pY="0" skX="0" skY="0"/>
    </frame>
    <frame z="0" duration="1" tweenEasing="0">
     <transform scX="1" x="0.04999999999999999" scY="1" y="-0.25" pX="0" pY="0" skX="-0.8200000000000003" skY="-0.30000000000000004"/>
    </frame>
    <frame z="0" duration="2" tweenEasing="0">
     <transform scX="1" x="0.04999999999999999" scY="1" y="-0.5" pX="0" pY="0" skX="-1.8400000000000003" skY="-0.79"/>
    </frame>
    <frame z="0" duration="1" tweenEasing="0">
     <transform scX="1" x="0.15" scY="1" y="-0.95" pX="0" pY="0" skX="-4.05" skY="-1.76"/>
    </frame>
    <frame z="0" duration="2" tweenEasing="0">
     <transform scX="1" x="0.15" scY="1" y="-1.2" pX="0" pY="0" skX="-4.87" skY="-2.06"/>
    </frame>
    <frame z="0" duration="1" tweenEasing="0">
     <transform scX="1" x="0.9" scY="1" y="-1.2" pX="0" pY="0" skX="-6.66" skY="-2.06"/>
    </frame>
    <frame z="0" duration="4" tweenEasing="0">
     <transform scX="1" x="0.75" scY="1" y="-0.95" pX="0" pY="0" skX="-6.38" skY="-2.06"/>
    </frame>
    <frame z="0" duration="2" tweenEasing="0">
     <transform scX="1" x="0.2" scY="1" y="0.05" pX="0" pY="0" skX="-4.87" skY="-2.06"/>
    </frame>
    <frame z="0" duration="4" tweenEasing="0">
     <transform scX="1" x="0.09999999999999999" scY="1" y="0.05" pX="0" pY="0" skX="-3.5" skY="-1.5"/>
    </frame>
    <frame z="0" duration="1" tweenEasing="0">
     <transform scX="1" x="0" scY="1" y="0" pX="0" pY="0" skX="0" skY="0"/>
    </frame>
    <frame z="0" duration="1" tweenEasing="0">
     <transform scX="1" x="-1.4000000000000001" scY="1" y="-0.45" pX="0" pY="0" skX="0.5" skY="0.5"/>
    </frame>
    <frame z="0" duration="1" tweenEasing="0">
     <transform scX="1.01" x="-1.1" scY="1.01" y="-0.35" pX="0" pY="0" skX="-0.7999999999999998" skY="-0.020000000000000018"/>
    </frame>
    <frame z="0" duration="2" tweenEasing="0">
     <transform scX="1.01" x="-0.9" scY="1.01" y="-0.35" pX="0" pY="0" skX="-2.2800000000000002" skY="-0.53"/>
    </frame>
    <frame z="0" duration="1" tweenEasing="0">
     <transform scX="1.02" x="-0.44999999999999996" scY="1.02" y="-0.25" pX="0" pY="0" skX="-4.67" skY="-1.55"/>
    </frame>
    <frame z="0" duration="2" tweenEasing="0">
     <transform scX="1.03" x="-0.19999999999999998" scY="1.03" y="-0.25" pX="0" pY="0" skX="-6.15" skY="-2.06"/>
    </frame>
    <frame z="0" duration="1" tweenEasing="0">
     <transform scX="1" x="-0.25" scY="1" y="1.2" pX="0" pY="0" skX="-4.55" skY="-2.0100000000000002"/>
    </frame>
    <frame z="0" duration="1" tweenEasing="0">
     <transform scX="1" x="-0.44999999999999996" scY="1" y="0.85" pX="0" pY="0" skX="-3.54" skY="-1.51"/>
    </frame>
    <frame z="0" duration="1" tweenEasing="0">
     <transform scX="1" x="-0.75" scY="1" y="0.5" pX="0" pY="0" skX="-2.5300000000000002" skY="-1.01"/>
    </frame>
    <frame z="0" duration="1" tweenEasing="0">
     <transform scX="1" x="-0.9" scY="1" y="0.2" pX="0" pY="0" skX="-1.52" skY="-0.51"/>
    </frame>
    <frame z="0" duration="1">
     <transform scX="1" x="-1.1" scY="1" y="-0.05" pX="0" pY="0" skX="-0.5200000000000005" skY="-0.010000000000000231"/>
    </frame>
    <frame z="0" duration="6">
     <transform scX="1" x="-1.4000000000000001" scY="1" y="-0.45" pX="0" pY="0" skX="0.5" skY="0.5"/>
    </frame>
    <frame z="0" duration="1">
     <transform scX="1" x="-1.4000000000000001" scY="1" y="-0.45" pX="0" pY="0" skX="0.5" skY="0.5"/>
    </frame>
   </timeline>
   <timeline pX="0" name="healthBar" pY="0" scale="1" offset="0">
    <frame z="0" duration="37">
     <transform scX="1" x="0" scY="1" y="0" pX="0" pY="0" skX="0" skY="0"/>
    </frame>
    <frame z="0" duration="1">
     <transform scX="1" x="0" scY="1" y="0" pX="0" pY="0" skX="0" skY="0"/>
    </frame>
   </timeline>
   <timeline pX="0" name="armor" pY="0" scale="1" offset="0">
    <frame z="0" duration="37">
     <transform scX="1" x="0" scY="1" y="0" pX="0" pY="0" skX="0" skY="0"/>
    </frame>
    <frame z="0" duration="1">
     <transform scX="1" x="0" scY="1" y="0" pX="0" pY="0" skX="0" skY="0"/>
    </frame>
   </timeline>
   <timeline pX="0" name="iceEffect" pY="0" scale="1" offset="0">
    <frame z="0" duration="37">
     <transform scX="1" x="0" scY="1" y="0" pX="0" pY="0" skX="0" skY="0"/>
    </frame>
    <frame z="0" duration="1">
     <transform scX="1" x="0" scY="1" y="0" pX="0" pY="0" skX="0" skY="0"/>
    </frame>
   </timeline>
   <timeline pX="0" name="fireEffect" pY="0" scale="1" offset="0">
    <frame z="0" duration="37">
     <transform scX="1" x="0" scY="1" y="0" pX="0" pY="0" skX="0" skY="0"/>
    </frame>
    <frame z="0" duration="1">
     <transform scX="1" x="0" scY="1" y="0" pX="0" pY="0" skX="0" skY="0"/>
    </frame>
   </timeline>
   <timeline pX="0" name="iceFreez" pY="0" scale="1" offset="0">
    <frame z="0" duration="37">
     <transform scX="1" x="0" scY="1" y="0" pX="0" pY="0" skX="0" skY="0"/>
    </frame>
    <frame z="0" duration="1">
     <transform scX="1" x="0" scY="1" y="0" pX="0" pY="0" skX="0" skY="0"/>
    </frame>
   </timeline>
   <timeline pX="0" name="levinAttack" pY="0" scale="1" offset="0">
    <frame z="0" duration="37">
     <transform scX="1" x="0" scY="1" y="0" pX="0" pY="0" skX="0" skY="0"/>
    </frame>
    <frame z="0" duration="1">
     <transform scX="1" x="0" scY="1" y="0" pX="0" pY="0" skX="0" skY="0"/>
    </frame>
   </timeline>
   <timeline pX="0" name="iceAttack" pY="0" scale="1" offset="0">
    <frame z="0" duration="37">
     <transform scX="1" x="0" scY="1" y="0" pX="0" pY="0" skX="0" skY="0"/>
    </frame>
    <frame z="0" duration="1">
     <transform scX="1" x="0" scY="1" y="0" pX="0" pY="0" skX="0" skY="0"/>
    </frame>
   </timeline>
   <timeline pX="0" name="fireAttack" pY="0" scale="1" offset="0">
    <frame z="0" duration="37">
     <transform scX="1" x="0" scY="1" y="0" pX="0" pY="0" skX="0" skY="0"/>
    </frame>
    <frame z="0" duration="1">
     <transform scX="1" x="0" scY="1" y="0" pX="0" pY="0" skX="0" skY="0"/>
    </frame>
   </timeline>
   <timeline pX="0" name="dust3" pY="0" scale="1" offset="0">
    <frame z="0" duration="37">
     <transform scX="1" x="0" scY="1" y="0" pX="0" pY="0" skX="0" skY="0"/>
    </frame>
    <frame z="0" duration="1">
     <transform scX="1" x="0" scY="1" y="0" pX="0" pY="0" skX="0" skY="0"/>
    </frame>
   </timeline>
   <timeline pX="0" name="dust2" pY="0" scale="1" offset="0">
    <frame z="0" duration="37">
     <transform scX="1" x="0" scY="1" y="0" pX="0" pY="0" skX="0" skY="0"/>
    </frame>
    <frame z="0" duration="1">
     <transform scX="1" x="0" scY="1" y="0" pX="0" pY="0" skX="0" skY="0"/>
    </frame>
   </timeline>
   <timeline pX="0" name="dust1" pY="0" scale="1" offset="0">
    <frame z="0" duration="37">
     <transform scX="1" x="0" scY="1" y="0" pX="0" pY="0" skX="0" skY="0"/>
    </frame>
    <frame z="0" duration="1">
     <transform scX="1" x="0" scY="1" y="0" pX="0" pY="0" skX="0" skY="0"/>
    </frame>
   </timeline>
   <timeline pX="0" name="buffSpeed" pY="0" scale="1" offset="0">
    <frame z="0" duration="37">
     <transform scX="1" x="0" scY="1" y="0" pX="0" pY="0" skX="0" skY="0"/>
    </frame>
    <frame z="0" duration="1">
     <transform scX="1" x="0" scY="1" y="0" pX="0" pY="0" skX="0" skY="0"/>
    </frame>
   </timeline>
   <timeline pX="0" name="airShock" pY="0" scale="1" offset="0">
    <frame z="0" duration="37">
     <transform scX="1" x="0" scY="1" y="0" pX="0" pY="0" skX="0" skY="0"/>
    </frame>
    <frame z="0" duration="1">
     <transform scX="1" x="0" scY="1" y="0" pX="0" pY="0" skX="0" skY="0"/>
    </frame>
   </timeline>
   <timeline pX="0" name="buffHP" pY="0" scale="1" offset="0">
    <frame z="0" duration="37">
     <transform scX="1" x="0" scY="1" y="0" pX="0" pY="0" skX="0" skY="0"/>
    </frame>
    <frame z="0" duration="1">
     <transform scX="1" x="0" scY="1" y="0" pX="0" pY="0" skX="0" skY="0"/>
    </frame>
   </timeline>
   <timeline pX="0" name="iceDeath" pY="0" scale="1" offset="0">
    <frame z="0" duration="37">
     <transform scX="1" x="0" scY="1" y="0" pX="0" pY="0" skX="0" skY="0"/>
    </frame>
    <frame z="0" duration="1">
     <transform scX="1" x="0" scY="1" y="0" pX="0" pY="0" skX="0" skY="0"/>
    </frame>
   </timeline>
   <timeline pX="0" name="stoneDeath" pY="0" scale="1" offset="0">
    <frame z="0" duration="37">
     <transform scX="1" x="0" scY="1" y="0" pX="0" pY="0" skX="0" skY="0"/>
    </frame>
    <frame z="0" duration="1">
     <transform scX="0.5609756097560976" x="0" scY="0.5974025974025974" y="0" pX="0" pY="0" skX="0" skY="0"/>
    </frame>
   </timeline>
   <timeline pX="0" name="levinDeath" pY="0" scale="1" offset="0">
    <frame z="0" duration="37">
     <transform scX="1" x="0" scY="1" y="0" pX="0" pY="0" skX="0" skY="0"/>
    </frame>
    <frame z="0" duration="1">
     <transform scX="0.7222222222222222" x="0" scY="0.6724137931034484" y="0" pX="0" pY="0" skX="0" skY="0"/>
    </frame>
   </timeline>
   <timeline pX="0" name="unitCase" pY="0" scale="1" offset="0">
    <frame z="0" duration="37">
     <transform scX="1" x="0" scY="1" y="0" pX="0" pY="0" skX="0" skY="0"/>
    </frame>
    <frame z="0" duration="1">
     <transform scX="1" x="0" scY="1" y="0" pX="0" pY="0" skX="0" skY="0"/>
    </frame>
   </timeline>
   <frame duration="30"/>
   <frame duration="7"/>
   <frame duration="1"/>
  </animation>
 </armature>
 <armature name="cont">
  <skin name="default">
   <slot name="Layer 1" z="0" parent="Layer 1">
    <display name="Shape/shape 2494" type="image">
     <transform scX="1" x="0" scY="1" y="0" pX="16" pY="30" skX="0" skY="0"/>
    </display>
    <display name="Shape/shape 2496" type="image">
     <transform scX="1" x="0" scY="1" y="0" pX="16" pY="30" skX="0" skY="0"/>
    </display>
    <display name="Shape/shape 2498" type="image">
     <transform scX="1" x="0" scY="1" y="0" pX="16" pY="30" skX="0" skY="0"/>
    </display>
    <display name="Shape/shape 2500" type="image">
     <transform scX="1" x="0" scY="1" y="0" pX="16" pY="30" skX="0" skY="0"/>
    </display>
    <display name="Shape/shape 2502" type="image">
     <transform scX="1" x="0" scY="1" y="0" pX="16" pY="30" skX="0" skY="0"/>
    </display>
    <display name="Shape/shape 2504" type="image">
     <transform scX="1" x="0" scY="1" y="0" pX="16" pY="30" skX="0" skY="0"/>
    </display>
    <display name="Shape/shape 2506" type="image">
     <transform scX="1" x="0" scY="1" y="0" pX="16" pY="30" skX="0" skY="0"/>
    </display>
    <display name="Shape/shape 2508" type="image">
     <transform scX="1" x="0" scY="1" y="0" pX="16" pY="30" skX="0" skY="0"/>
    </display>
    <display name="Shape/shape 2510" type="image">
     <transform scX="1" x="0" scY="1" y="0" pX="16" pY="30" skX="0" skY="0"/>
    </display>
    <display name="Shape/shape 2512" type="image">
     <transform scX="1" x="0" scY="1" y="0" pX="16" pY="30" skX="0" skY="0"/>
    </display>
    <display name="Shape/shape 2514" type="image">
     <transform scX="1" x="0" scY="1" y="0" pX="16" pY="30" skX="0" skY="0"/>
    </display>
    <display name="Shape/shape 2516" type="image">
     <transform scX="1" x="0" scY="1" y="0" pX="16" pY="30" skX="0" skY="0"/>
    </display>
    <display name="Shape/shape 2518" type="image">
     <transform scX="1" x="0" scY="1" y="0" pX="16" pY="30" skX="0" skY="0"/>
    </display>
    <display name="Shape/shape 2520" type="image">
     <transform scX="1" x="0" scY="1" y="0" pX="16" pY="30" skX="0" skY="0"/>
    </display>
    <display name="Shape/shape 2522" type="image">
     <transform scX="1" x="0" scY="1" y="0" pX="16" pY="30" skX="0" skY="0"/>
    </display>
    <display name="Shape/shape 2524" type="image">
     <transform scX="1" x="0" scY="1" y="0" pX="16" pY="30" skX="0" skY="0"/>
    </display>
    <display name="Shape/shape 2526" type="image">
     <transform scX="1" x="0" scY="1" y="0" pX="16" pY="30" skX="0" skY="0"/>
    </display>
    <display name="Shape/shape 2528" type="image">
     <transform scX="1" x="0" scY="1" y="0" pX="16" pY="30" skX="0" skY="0"/>
    </display>
    <display name="Shape/shape 2530" type="image">
     <transform scX="1" x="0" scY="1" y="0" pX="16" pY="30" skX="0" skY="0"/>
    </display>
    <display name="Shape/shape 2532" type="image">
     <transform scX="1" x="0" scY="1" y="0" pX="16" pY="30" skX="0" skY="0"/>
    </display>
    <display name="Shape/shape 2534" type="image">
     <transform scX="1" x="0" scY="1" y="0" pX="16" pY="30" skX="0" skY="0"/>
    </display>
    <display name="Shape/shape 2536" type="image">
     <transform scX="1" x="0" scY="1" y="0" pX="16" pY="30" skX="0" skY="0"/>
    </display>
    <display name="Shape/shape 2538" type="image">
     <transform scX="1" x="0" scY="1" y="0" pX="16" pY="30" skX="0" skY="0"/>
    </display>
    <display name="Shape/shape 2540" type="image">
     <transform scX="1" x="0" scY="1" y="0" pX="16" pY="30" skX="0" skY="0"/>
    </display>
    <display name="Shape/shape 2542" type="image">
     <transform scX="1" x="0" scY="1" y="0" pX="16" pY="30" skX="0" skY="0"/>
    </display>
    <display name="Shape/shape 2544" type="image">
     <transform scX="1" x="0" scY="1" y="0" pX="16" pY="30" skX="0" skY="0"/>
    </display>
    <display name="Shape/shape 2546" type="image">
     <transform scX="1" x="0" scY="1" y="0" pX="16" pY="30" skX="0" skY="0"/>
    </display>
    <display name="Shape/shape 2548" type="image">
     <transform scX="1" x="0" scY="1" y="0" pX="16" pY="30" skX="0" skY="0"/>
    </display>
    <display name="Shape/shape 2550" type="image">
     <transform scX="1" x="0" scY="1" y="0" pX="16" pY="30" skX="0" skY="0"/>
    </display>
    <display name="Shape/shape 2552" type="image">
     <transform scX="1" x="0" scY="1" y="0" pX="16" pY="30" skX="0" skY="0"/>
    </display>
    <display name="Shape/shape 2554" type="image">
     <transform scX="1" x="0" scY="1" y="0" pX="16" pY="32" skX="0" skY="0"/>
    </display>
    <display name="Shape/shape 2556" type="image">
     <transform scX="1" x="0" scY="1" y="0" pX="16" pY="32" skX="0" skY="0"/>
    </display>
    <display name="Shape/shape 2558" type="image">
     <transform scX="1" x="0" scY="1" y="0" pX="16" pY="32" skX="0" skY="0"/>
    </display>
    <display name="Shape/shape 2560" type="image">
     <transform scX="1" x="0" scY="1" y="0" pX="16" pY="32" skX="0" skY="0"/>
    </display>
    <display name="Shape/shape 2562" type="image">
     <transform scX="1" x="0" scY="1" y="0" pX="16" pY="32" skX="0" skY="0"/>
    </display>
    <display name="Shape/shape 2564" type="image">
     <transform scX="1" x="0" scY="1" y="0" pX="16" pY="32" skX="0" skY="0"/>
    </display>
    <display name="Shape/shape 2566" type="image">
     <transform scX="1" x="0" scY="1" y="0" pX="16" pY="32" skX="0" skY="0"/>
    </display>
    <display name="Shape/shape 2568" type="image">
     <transform scX="1" x="0" scY="1" y="0" pX="16" pY="32" skX="0" skY="0"/>
    </display>
    <display name="Shape/shape 2570" type="image">
     <transform scX="1" x="0" scY="1" y="0" pX="16" pY="32" skX="0" skY="0"/>
    </display>
    <display name="Shape/shape 2572" type="image">
     <transform scX="1" x="0" scY="1" y="0" pX="16" pY="32" skX="0" skY="0"/>
    </display>
    <display name="Shape/shape 2574" type="image">
     <transform scX="1" x="0" scY="1" y="0" pX="16" pY="32" skX="0" skY="0"/>
    </display>
    <display name="Shape/shape 2576" type="image">
     <transform scX="1" x="0" scY="1" y="0" pX="16" pY="32" skX="0" skY="0"/>
    </display>
    <display name="Shape/shape 2578" type="image">
     <transform scX="1" x="0" scY="1" y="0" pX="16" pY="32" skX="0" skY="0"/>
    </display>
    <display name="Shape/shape 2580" type="image">
     <transform scX="1" x="0" scY="1" y="0" pX="16" pY="32" skX="0" skY="0"/>
    </display>
    <display name="Shape/shape 2582" type="image">
     <transform scX="1" x="0" scY="1" y="0" pX="16" pY="32" skX="0" skY="0"/>
    </display>
    <display name="Shape/shape 2584" type="image">
     <transform scX="1" x="0" scY="1" y="0" pX="16" pY="32" skX="0" skY="0"/>
    </display>
    <display name="Shape/shape 2586" type="image">
     <transform scX="1" x="0" scY="1" y="0" pX="16" pY="32" skX="0" skY="0"/>
    </display>
    <display name="Shape/shape 2588" type="image">
     <transform scX="1" x="0" scY="1" y="0" pX="16" pY="32" skX="0" skY="0"/>
    </display>
    <display name="Shape/shape 2590" type="image">
     <transform scX="1" x="0" scY="1" y="0" pX="16" pY="32" skX="0" skY="0"/>
    </display>
    <display name="Shape/shape 2592" type="image">
     <transform scX="1" x="0" scY="1" y="0" pX="16" pY="32" skX="0" skY="0"/>
    </display>
    <display name="Shape/shape 2594" type="image">
     <transform scX="1" x="0" scY="1" y="0" pX="16" pY="32" skX="0" skY="0"/>
    </display>
    <display name="Shape/shape 2596" type="image">
     <transform scX="1" x="0" scY="1" y="0" pX="16" pY="32" skX="0" skY="0"/>
    </display>
    <display name="Shape/shape 2598" type="image">
     <transform scX="1" x="0" scY="1" y="0" pX="16" pY="32" skX="0" skY="0"/>
    </display>
    <display name="Shape/shape 2600" type="image">
     <transform scX="1" x="0" scY="1" y="0" pX="16" pY="32" skX="0" skY="0"/>
    </display>
    <display name="Shape/shape 2602" type="image">
     <transform scX="1" x="0" scY="1" y="0" pX="16" pY="32" skX="0" skY="0"/>
    </display>
    <display name="Shape/shape 2604" type="image">
     <transform scX="1" x="0" scY="1" y="0" pX="16" pY="32" skX="0" skY="0"/>
    </display>
    <display name="Shape/shape 2606" type="image">
     <transform scX="1" x="0" scY="1" y="0" pX="16" pY="32" skX="0" skY="0"/>
    </display>
    <display name="Shape/shape 2608" type="image">
     <transform scX="1" x="0" scY="1" y="0" pX="16" pY="32" skX="0" skY="0"/>
    </display>
    <display name="Shape/shape 2610" type="image">
     <transform scX="1" x="0" scY="1" y="0" pX="16" pY="32" skX="0" skY="0"/>
    </display>
    <display name="Shape/shape 2612" type="image">
     <transform scX="1" x="0" scY="1" y="0" pX="16" pY="32" skX="0" skY="0"/>
    </display>
   </slot>
  </skin>
  <bone name="Layer 1">
   <transform scX="1" x="0" skX="0" scY="1" y="0" skY="0"/>
  </bone>
  <animation fadeInTime="0.3" scale="1" loop="1" autoTween="NaN" name="cont" duration="60" tweenEasing="NaN">
   <timeline pX="0" name="Layer 1" pY="0" scale="1" offset="0">
    <frame z="0" duration="1">
     <transform scX="1" x="0" scY="1" y="0" pX="0" pY="0" skX="0" skY="0"/>
    </frame>
    <frame displayIndex="1" z="0" duration="1">
     <transform scX="1" x="0" scY="1" y="0" pX="0" pY="0" skX="0" skY="0"/>
    </frame>
    <frame displayIndex="2" z="0" duration="1">
     <transform scX="1" x="0" scY="1" y="0" pX="0" pY="0" skX="0" skY="0"/>
    </frame>
    <frame displayIndex="3" z="0" duration="1">
     <transform scX="1" x="0" scY="1" y="0" pX="0" pY="0" skX="0" skY="0"/>
    </frame>
    <frame displayIndex="4" z="0" duration="1">
     <transform scX="1" x="0" scY="1" y="0" pX="0" pY="0" skX="0" skY="0"/>
    </frame>
    <frame displayIndex="5" z="0" duration="1">
     <transform scX="1" x="0" scY="1" y="0" pX="0" pY="0" skX="0" skY="0"/>
    </frame>
    <frame displayIndex="6" z="0" duration="1">
     <transform scX="1" x="0" scY="1" y="0" pX="0" pY="0" skX="0" skY="0"/>
    </frame>
    <frame displayIndex="7" z="0" duration="1">
     <transform scX="1" x="0" scY="1" y="0" pX="0" pY="0" skX="0" skY="0"/>
    </frame>
    <frame displayIndex="8" z="0" duration="1">
     <transform scX="1" x="0" scY="1" y="0" pX="0" pY="0" skX="0" skY="0"/>
    </frame>
    <frame displayIndex="9" z="0" duration="1">
     <transform scX="1" x="0" scY="1" y="0" pX="0" pY="0" skX="0" skY="0"/>
    </frame>
    <frame displayIndex="10" z="0" duration="1">
     <transform scX="1" x="0" scY="1" y="0" pX="0" pY="0" skX="0" skY="0"/>
    </frame>
    <frame displayIndex="11" z="0" duration="1">
     <transform scX="1" x="0" scY="1" y="0" pX="0" pY="0" skX="0" skY="0"/>
    </frame>
    <frame displayIndex="12" z="0" duration="1">
     <transform scX="1" x="0" scY="1" y="0" pX="0" pY="0" skX="0" skY="0"/>
    </frame>
    <frame displayIndex="13" z="0" duration="1">
     <transform scX="1" x="0" scY="1" y="0" pX="0" pY="0" skX="0" skY="0"/>
    </frame>
    <frame displayIndex="14" z="0" duration="1">
     <transform scX="1" x="0" scY="1" y="0" pX="0" pY="0" skX="0" skY="0"/>
    </frame>
    <frame displayIndex="15" z="0" duration="1">
     <transform scX="1" x="0" scY="1" y="0" pX="0" pY="0" skX="0" skY="0"/>
    </frame>
    <frame displayIndex="16" z="0" duration="1">
     <transform scX="1" x="0" scY="1" y="0" pX="0" pY="0" skX="0" skY="0"/>
    </frame>
    <frame displayIndex="17" z="0" duration="1">
     <transform scX="1" x="0" scY="1" y="0" pX="0" pY="0" skX="0" skY="0"/>
    </frame>
    <frame displayIndex="18" z="0" duration="1">
     <transform scX="1" x="0" scY="1" y="0" pX="0" pY="0" skX="0" skY="0"/>
    </frame>
    <frame displayIndex="19" z="0" duration="1">
     <transform scX="1" x="0" scY="1" y="0" pX="0" pY="0" skX="0" skY="0"/>
    </frame>
    <frame displayIndex="20" z="0" duration="1">
     <transform scX="1" x="0" scY="1" y="0" pX="0" pY="0" skX="0" skY="0"/>
    </frame>
    <frame displayIndex="21" z="0" duration="1">
     <transform scX="1" x="0" scY="1" y="0" pX="0" pY="0" skX="0" skY="0"/>
    </frame>
    <frame displayIndex="22" z="0" duration="1">
     <transform scX="1" x="0" scY="1" y="0" pX="0" pY="0" skX="0" skY="0"/>
    </frame>
    <frame displayIndex="23" z="0" duration="1">
     <transform scX="1" x="0" scY="1" y="0" pX="0" pY="0" skX="0" skY="0"/>
    </frame>
    <frame displayIndex="24" z="0" duration="1">
     <transform scX="1" x="0" scY="1" y="0" pX="0" pY="0" skX="0" skY="0"/>
    </frame>
    <frame displayIndex="25" z="0" duration="1">
     <transform scX="1" x="0" scY="1" y="0" pX="0" pY="0" skX="0" skY="0"/>
    </frame>
    <frame displayIndex="26" z="0" duration="1">
     <transform scX="1" x="0" scY="1" y="0" pX="0" pY="0" skX="0" skY="0"/>
    </frame>
    <frame displayIndex="27" z="0" duration="1">
     <transform scX="1" x="0" scY="1" y="0" pX="0" pY="0" skX="0" skY="0"/>
    </frame>
    <frame displayIndex="28" z="0" duration="1">
     <transform scX="1" x="0" scY="1" y="0" pX="0" pY="0" skX="0" skY="0"/>
    </frame>
    <frame displayIndex="29" z="0" duration="1">
     <transform scX="1" x="0" scY="1" y="0" pX="0" pY="0" skX="0" skY="0"/>
    </frame>
    <frame displayIndex="30" z="0" duration="1">
     <transform scX="1" x="0" scY="1" y="0" pX="0" pY="0" skX="0" skY="0"/>
    </frame>
    <frame displayIndex="31" z="0" duration="1">
     <transform scX="1" x="0" scY="1" y="0" pX="0" pY="0" skX="0" skY="0"/>
    </frame>
    <frame displayIndex="32" z="0" duration="1">
     <transform scX="1" x="0" scY="1" y="0" pX="0" pY="0" skX="0" skY="0"/>
    </frame>
    <frame displayIndex="33" z="0" duration="1">
     <transform scX="1" x="0" scY="1" y="0" pX="0" pY="0" skX="0" skY="0"/>
    </frame>
    <frame displayIndex="34" z="0" duration="1">
     <transform scX="1" x="0" scY="1" y="0" pX="0" pY="0" skX="0" skY="0"/>
    </frame>
    <frame displayIndex="35" z="0" duration="1">
     <transform scX="1" x="0" scY="1" y="0" pX="0" pY="0" skX="0" skY="0"/>
    </frame>
    <frame displayIndex="36" z="0" duration="1">
     <transform scX="1" x="0" scY="1" y="0" pX="0" pY="0" skX="0" skY="0"/>
    </frame>
    <frame displayIndex="37" z="0" duration="1">
     <transform scX="1" x="0" scY="1" y="0" pX="0" pY="0" skX="0" skY="0"/>
    </frame>
    <frame displayIndex="38" z="0" duration="1">
     <transform scX="1" x="0" scY="1" y="0" pX="0" pY="0" skX="0" skY="0"/>
    </frame>
    <frame displayIndex="39" z="0" duration="1">
     <transform scX="1" x="0" scY="1" y="0" pX="0" pY="0" skX="0" skY="0"/>
    </frame>
    <frame displayIndex="40" z="0" duration="1">
     <transform scX="1" x="0" scY="1" y="0" pX="0" pY="0" skX="0" skY="0"/>
    </frame>
    <frame displayIndex="41" z="0" duration="1">
     <transform scX="1" x="0" scY="1" y="0" pX="0" pY="0" skX="0" skY="0"/>
    </frame>
    <frame displayIndex="42" z="0" duration="1">
     <transform scX="1" x="0" scY="1" y="0" pX="0" pY="0" skX="0" skY="0"/>
    </frame>
    <frame displayIndex="43" z="0" duration="1">
     <transform scX="1" x="0" scY="1" y="0" pX="0" pY="0" skX="0" skY="0"/>
    </frame>
    <frame displayIndex="44" z="0" duration="1">
     <transform scX="1" x="0" scY="1" y="0" pX="0" pY="0" skX="0" skY="0"/>
    </frame>
    <frame displayIndex="45" z="0" duration="1">
     <transform scX="1" x="0" scY="1" y="0" pX="0" pY="0" skX="0" skY="0"/>
    </frame>
    <frame displayIndex="46" z="0" duration="1">
     <transform scX="1" x="0" scY="1" y="0" pX="0" pY="0" skX="0" skY="0"/>
    </frame>
    <frame displayIndex="47" z="0" duration="1">
     <transform scX="1" x="0" scY="1" y="0" pX="0" pY="0" skX="0" skY="0"/>
    </frame>
    <frame displayIndex="48" z="0" duration="1">
     <transform scX="1" x="0" scY="1" y="0" pX="0" pY="0" skX="0" skY="0"/>
    </frame>
    <frame displayIndex="49" z="0" duration="1">
     <transform scX="1" x="0" scY="1" y="0" pX="0" pY="0" skX="0" skY="0"/>
    </frame>
    <frame displayIndex="50" z="0" duration="1">
     <transform scX="1" x="0" scY="1" y="0" pX="0" pY="0" skX="0" skY="0"/>
    </frame>
    <frame displayIndex="51" z="0" duration="1">
     <transform scX="1" x="0" scY="1" y="0" pX="0" pY="0" skX="0" skY="0"/>
    </frame>
    <frame displayIndex="52" z="0" duration="1">
     <transform scX="1" x="0" scY="1" y="0" pX="0" pY="0" skX="0" skY="0"/>
    </frame>
    <frame displayIndex="53" z="0" duration="1">
     <transform scX="1" x="0" scY="1" y="0" pX="0" pY="0" skX="0" skY="0"/>
    </frame>
    <frame displayIndex="54" z="0" duration="1">
     <transform scX="1" x="0" scY="1" y="0" pX="0" pY="0" skX="0" skY="0"/>
    </frame>
    <frame displayIndex="55" z="0" duration="1">
     <transform scX="1" x="0" scY="1" y="0" pX="0" pY="0" skX="0" skY="0"/>
    </frame>
    <frame displayIndex="56" z="0" duration="1">
     <transform scX="1" x="0" scY="1" y="0" pX="0" pY="0" skX="0" skY="0"/>
    </frame>
    <frame displayIndex="57" z="0" duration="1">
     <transform scX="1" x="0" scY="1" y="0" pX="0" pY="0" skX="0" skY="0"/>
    </frame>
    <frame displayIndex="58" z="0" duration="1">
     <transform scX="1" x="0" scY="1" y="0" pX="0" pY="0" skX="0" skY="0"/>
    </frame>
    <frame displayIndex="59" z="0" duration="1">
     <transform scX="1" x="0" scY="1" y="0" pX="0" pY="0" skX="0" skY="0"/>
    </frame>
   </timeline>
  </animation>
 </armature>
</root>