<TextureAtlas name="Unit27_mc" imagePath="texture.png">
 <SubTexture name="dust4" x="104" y="104" width="50" height="50"/>
 <SubTexture name="selectUnit" x="156" y="208" width="50" height="50"/>
 <SubTexture name="sprite 7652" x="156" y="52" width="50" height="50"/>
 <SubTexture name="healthBar" x="52" y="0" width="50" height="50"/>
 <SubTexture name="armor" x="156" y="0" width="50" height="50"/>
 <SubTexture name="iceEffect" x="104" y="0" width="50" height="50"/>
 <SubTexture name="fireEffect" x="156" y="156" width="50" height="50"/>
 <SubTexture name="iceFreez" x="52" y="156" width="50" height="50"/>
 <SubTexture name="levinattack" x="0" y="0" width="50" height="50"/>
 <SubTexture name="iceattack" x="52" y="104" width="50" height="50"/>
 <SubTexture name="fireattack" x="0" y="52" width="50" height="50"/>
 <SubTexture name="dust3" x="0" y="260" width="50" height="50"/>
 <SubTexture name="dust2" x="156" y="104" width="50" height="50"/>
 <SubTexture name="dust1" x="52" y="52" width="50" height="50"/>
 <SubTexture name="buffSpeed" x="104" y="156" width="50" height="50"/>
 <SubTexture name="airShock" x="52" y="208" width="50" height="50"/>
 <SubTexture name="buffHP" x="104" y="208" width="50" height="50"/>
 <SubTexture name="iceDeath" x="0" y="156" width="50" height="50"/>
 <SubTexture name="stonedeath" x="0" y="104" width="50" height="50"/>
 <SubTexture name="levindeath" x="0" y="208" width="50" height="50"/>
 <SubTexture name="case" x="104" y="52" width="50" height="50"/>
 <SubTexture name="Shape/shape 3587" x="110" y="260" width="27" height="28"/>
 <SubTexture name="Shape/shape 3589" x="208" y="90" width="27" height="28"/>
 <SubTexture name="Shape/shape 3591" x="208" y="120" width="27" height="28"/>
 <SubTexture name="Shape/shape 3593" x="208" y="240" width="27" height="28"/>
 <SubTexture name="Shape/shape 3595" x="52" y="260" width="27" height="28"/>
 <SubTexture name="Shape/shape 3597" x="81" y="260" width="27" height="28"/>
 <SubTexture name="Shape/shape 3599" x="208" y="180" width="27" height="28"/>
 <SubTexture name="Shape/shape 3601" x="226" y="270" width="27" height="28"/>
 <SubTexture name="Shape/shape 3603" x="208" y="210" width="27" height="28"/>
 <SubTexture name="Shape/shape 3605" x="208" y="0" width="27" height="28"/>
 <SubTexture name="Shape/shape 3607" x="208" y="30" width="27" height="28"/>
 <SubTexture name="Shape/shape 3609" x="168" y="260" width="27" height="28"/>
 <SubTexture name="Shape/shape 3611" x="208" y="60" width="27" height="28"/>
 <SubTexture name="Shape/shape 3613" x="197" y="270" width="27" height="28"/>
 <SubTexture name="Shape/shape 3615" x="208" y="150" width="27" height="28"/>
 <SubTexture name="Shape/shape 3617" x="139" y="260" width="27" height="28"/>
</TextureAtlas>