<root name="Training_12_mc" isGlobal="0" frameRate="30" version="3.0">
 <armature name="Training_12_mc">
  <skin name="default">
   <slot name="Layer 1" z="0" parent="Layer 1">
    <display name="Shape/shape 5191" type="image">
     <transform scX="1" x="0" scY="1" y="0" pX="42" pY="21" skX="0" skY="0"/>
    </display>
    <display name="Shape/shape 5193" type="image">
     <transform scX="1" x="0" scY="1" y="0" pX="42" pY="21" skX="0" skY="0"/>
    </display>
    <display name="Shape/shape 5195" type="image">
     <transform scX="1" x="0" scY="1" y="0" pX="42" pY="21" skX="0" skY="0"/>
    </display>
    <display name="Shape/shape 5197" type="image">
     <transform scX="1" x="0" scY="1" y="0" pX="42" pY="21" skX="0" skY="0"/>
    </display>
    <display name="Shape/shape 5199" type="image">
     <transform scX="1" x="0" scY="1" y="0" pX="42" pY="21" skX="0" skY="0"/>
    </display>
    <display name="Shape/shape 5201" type="image">
     <transform scX="1" x="0" scY="1" y="0" pX="42" pY="21" skX="0" skY="0"/>
    </display>
    <display name="Shape/shape 5204" type="image">
     <transform scX="1" x="0" scY="1" y="0" pX="42" pY="21" skX="0" skY="0"/>
    </display>
    <display name="Shape/shape 5206" type="image">
     <transform scX="1" x="0" scY="1" y="0" pX="42" pY="21" skX="0" skY="0"/>
    </display>
    <display name="Shape/shape 5208" type="image">
     <transform scX="1" x="0" scY="1" y="0" pX="42" pY="21" skX="0" skY="0"/>
    </display>
    <display name="Shape/shape 5210" type="image">
     <transform scX="1" x="0" scY="1" y="0" pX="42" pY="21" skX="0" skY="0"/>
    </display>
    <display name="Shape/shape 5212" type="image">
     <transform scX="1" x="0" scY="1" y="0" pX="42" pY="21" skX="0" skY="0"/>
    </display>
    <display name="Shape/shape 5214" type="image">
     <transform scX="1" x="0" scY="1" y="0" pX="42" pY="21" skX="0" skY="0"/>
    </display>
    <display name="Shape/shape 5216" type="image">
     <transform scX="1" x="0" scY="1" y="0" pX="42" pY="21" skX="0" skY="0"/>
    </display>
    <display name="Shape/shape 5218" type="image">
     <transform scX="1" x="0" scY="1" y="0" pX="42" pY="21" skX="0" skY="0"/>
    </display>
    <display name="Shape/shape 5220" type="image">
     <transform scX="1" x="0" scY="1" y="0" pX="42" pY="21" skX="0" skY="0"/>
    </display>
   </slot>
   <slot name="Layer 2" z="1" parent="Layer 2">
    <display name="__dbTextures/Training_12_mc/Layer 2_5" type="image">
     <transform scX="1" x="-7.25" scY="1" y="-1.7" pX="0" pY="0" skX="0" skY="0"/>
    </display>
    <display name="补间 19" type="image">
     <transform scX="1" x="0" scY="1" y="0" pX="23.75" pY="5.6" skX="0" skY="0"/>
    </display>
    <display name="补间 23" type="image">
     <transform scX="1" x="0" scY="1" y="0" pX="23.25" pY="5.45" skX="0" skY="0"/>
    </display>
    <display name="补间 18" type="image">
     <transform scX="1" x="0" scY="1" y="0" pX="23.25" pY="5.45" skX="0" skY="0"/>
    </display>
    <display name="补间 9" type="image">
     <transform scX="1" x="0" scY="1" y="0" pX="23.55" pY="5.5" skX="0" skY="0"/>
    </display>
    <display name="补间 10" type="image">
     <transform scX="1" x="0" scY="1" y="0" pX="23.25" pY="5.45" skX="0" skY="0"/>
    </display>
   </slot>
  </skin>
  <bone name="Layer 1">
   <transform scX="1.3" x="54.6" skX="0" scY="1.3" y="-27.95" skY="0"/>
  </bone>
  <bone name="Layer 2">
   <transform scX="1" x="34.8" skX="0" scY="1" y="-19.2" skY="0"/>
  </bone>
  <animation fadeInTime="0.3" scale="1" loop="1" autoTween="NaN" name="Training_12_mc" duration="27" tweenEasing="NaN">
   <timeline pX="0" name="Layer 1" pY="0" scale="1" offset="0">
    <frame z="0" duration="1">
     <transform scX="1" x="0" scY="1" y="0" pX="0" pY="0" skX="0" skY="0"/>
    </frame>
    <frame displayIndex="1" z="0" duration="1">
     <transform scX="1" x="0" scY="1" y="0" pX="0" pY="0" skX="0" skY="0"/>
    </frame>
    <frame displayIndex="2" z="0" duration="1">
     <transform scX="1" x="0" scY="1" y="0" pX="0" pY="0" skX="0" skY="0"/>
    </frame>
    <frame displayIndex="3" z="0" duration="1">
     <transform scX="1" x="0" scY="1" y="0" pX="0" pY="0" skX="0" skY="0"/>
    </frame>
    <frame displayIndex="4" z="0" duration="1">
     <transform scX="1" x="0" scY="1" y="0" pX="0" pY="0" skX="0" skY="0"/>
    </frame>
    <frame displayIndex="5" z="0" duration="1">
     <transform scX="1" x="0" scY="1" y="0" pX="0" pY="0" skX="0" skY="0"/>
    </frame>
    <frame displayIndex="6" z="0" duration="1">
     <transform scX="1" x="0" scY="1" y="0" pX="0" pY="0" skX="0" skY="0"/>
    </frame>
    <frame displayIndex="7" z="0" duration="1">
     <transform scX="1" x="0" scY="1" y="0" pX="0" pY="0" skX="0" skY="0"/>
    </frame>
    <frame displayIndex="8" z="0" duration="1">
     <transform scX="1" x="0" scY="1" y="0" pX="0" pY="0" skX="0" skY="0"/>
    </frame>
    <frame displayIndex="9" z="0" duration="1">
     <transform scX="1" x="0" scY="1" y="0" pX="0" pY="0" skX="0" skY="0"/>
    </frame>
    <frame displayIndex="10" z="0" duration="1">
     <transform scX="1" x="0" scY="1" y="0" pX="0" pY="0" skX="0" skY="0"/>
    </frame>
    <frame displayIndex="11" z="0" duration="3">
     <transform scX="1" x="0" scY="1" y="0" pX="0" pY="0" skX="0" skY="0"/>
    </frame>
    <frame displayIndex="10" z="0" duration="2">
     <transform scX="1" x="0" scY="1" y="0" pX="0" pY="0" skX="0" skY="0"/>
    </frame>
    <frame displayIndex="9" z="0" duration="3">
     <transform scX="1" x="0" scY="1" y="0" pX="0" pY="0" skX="0" skY="0"/>
    </frame>
    <frame displayIndex="10" z="0" duration="2">
     <transform scX="1" x="0" scY="1" y="0" pX="0" pY="0" skX="0" skY="0"/>
    </frame>
    <frame displayIndex="11" z="0" duration="2">
     <transform scX="1" x="0" scY="1" y="0" pX="0" pY="0" skX="0" skY="0"/>
    </frame>
    <frame displayIndex="12" z="0" duration="1">
     <transform scX="1" x="0" scY="1" y="0" pX="0" pY="0" skX="0" skY="0"/>
    </frame>
    <frame displayIndex="13" z="0" duration="1">
     <transform scX="1" x="0" scY="1" y="0" pX="0" pY="0" skX="0" skY="0"/>
    </frame>
    <frame displayIndex="14" z="0" duration="1">
     <transform scX="1" x="0" scY="1" y="0" pX="0" pY="0" skX="0" skY="0"/>
    </frame>
    <frame displayIndex="14" z="0" duration="1">
     <transform scX="1" x="0" scY="1" y="0" pX="0" pY="0" skX="0" skY="0"/>
    </frame>
   </timeline>
   <timeline pX="0" name="Layer 2" pY="0" scale="1" offset="0">
    <frame displayIndex="-1" duration="5"/>
    <frame z="0" duration="3" tweenEasing="0">
     <transform scX="1" x="0" scY="1" y="0" pX="0" pY="0" skX="0" skY="0"/>
    </frame>
    <frame z="0" displayIndex="1" duration="3" tweenEasing="0">
     <transform scX="1" x="16.200000000000003" scY="1" y="-20.400000000000002" pX="0" pY="0" skX="0" skY="0"/>
    </frame>
    <frame displayIndex="2" z="0" duration="1">
     <transform scX="1" x="14.550000000000004" scY="1" y="-19.45" pX="0" pY="0" skX="0" skY="0"/>
    </frame>
    <frame z="0" displayIndex="3" duration="5" tweenEasing="0">
     <transform scX="1" x="15.600000000000001" scY="1" y="-19.400000000000002" pX="0" pY="0" skX="0" skY="0"/>
    </frame>
    <frame z="0" displayIndex="4" duration="5" tweenEasing="0">
     <transform scX="1" x="17.050000000000004" scY="1" y="-21.500000000000004" pX="0" pY="0" skX="0" skY="0"/>
    </frame>
    <frame displayIndex="5" z="0" duration="1">
     <transform scX="1" x="15.600000000000001" scY="1" y="-19.400000000000002" pX="0" pY="0" skX="0" skY="0"/>
    </frame>
    <frame displayIndex="-1" duration="4"/>
   </timeline>
  </animation>
 </armature>
</root>