<root name="BulletTower7_mc" isGlobal="0" frameRate="30" version="3.0">
 <armature name="BulletTower7_mc">
  <skin name="default">
   <slot name="ball" z="0" parent="ball">
    <display name="ball" type="image">
     <transform scX="1" x="0" scY="1" y="0" pX="30" pY="21" skX="0" skY="0"/>
    </display>
    <display name="Shape/shape 8482" type="image">
     <transform scX="1" x="0" scY="1" y="0" pX="55" pY="59" skX="0" skY="0"/>
    </display>
    <display name="Shape/shape 8484" type="image">
     <transform scX="1" x="0" scY="1" y="0" pX="55" pY="59" skX="0" skY="0"/>
    </display>
    <display name="Shape/shape 8486" type="image">
     <transform scX="1" x="0" scY="1" y="0" pX="55" pY="59" skX="0" skY="0"/>
    </display>
    <display name="Shape/shape 8488" type="image">
     <transform scX="1" x="0" scY="1" y="0" pX="55" pY="59" skX="0" skY="0"/>
    </display>
    <display name="Shape/shape 8489" type="image">
     <transform scX="1" x="0" scY="1" y="0" pX="55" pY="59" skX="0" skY="0"/>
    </display>
    <display name="Shape/shape 8491" type="image">
     <transform scX="1" x="0" scY="1" y="0" pX="55" pY="59" skX="0" skY="0"/>
    </display>
    <display name="Shape/shape 8492" type="image">
     <transform scX="1" x="0" scY="1" y="0" pX="55" pY="59" skX="0" skY="0"/>
    </display>
    <display name="Shape/shape 8494" type="image">
     <transform scX="1" x="0" scY="1" y="0" pX="55" pY="59" skX="0" skY="0"/>
    </display>
    <display name="Shape/shape 8495" type="image">
     <transform scX="1" x="0" scY="1" y="0" pX="55" pY="59" skX="0" skY="0"/>
    </display>
    <display name="Shape/shape 8497" type="image">
     <transform scX="1" x="0" scY="1" y="0" pX="55" pY="59" skX="0" skY="0"/>
    </display>
    <display name="Shape/shape 8498" type="image">
     <transform scX="1" x="0" scY="1" y="0" pX="55" pY="59" skX="0" skY="0"/>
    </display>
    <display name="Shape/shape 8500" type="image">
     <transform scX="1" x="0" scY="1" y="0" pX="55" pY="59" skX="0" skY="0"/>
    </display>
    <display name="Shape/shape 8501" type="image">
     <transform scX="1" x="0" scY="1" y="0" pX="55" pY="59" skX="0" skY="0"/>
    </display>
    <display name="Shape/shape 8503" type="image">
     <transform scX="1" x="0" scY="1" y="0" pX="55" pY="59" skX="0" skY="0"/>
    </display>
    <display name="Shape/shape 8504" type="image">
     <transform scX="1" x="0" scY="1" y="0" pX="55" pY="59" skX="0" skY="0"/>
    </display>
   </slot>
   <slot name="smoke" z="1" parent="smoke">
    <display name="smoke" type="armature">
     <transform scX="1" x="0" skX="0" scY="1" y="0" skY="0"/>
    </display>
   </slot>
  </skin>
  <bone name="ball">
   <transform scX="0.85" x="0.4" skX="0" scY="0.85" y="-3.15" skY="0"/>
  </bone>
  <bone name="smoke">
   <transform scX="0.85" x="0.4" skX="180" scY="0.85" y="-0.6" skY="180"/>
  </bone>
  <animation fadeInTime="0.3" scale="1" loop="1" autoTween="NaN" name="BulletTower7_mc" duration="17" tweenEasing="NaN">
   <timeline pX="0" name="ball" pY="0" scale="1" offset="0">
    <frame z="0" duration="1">
     <transform scX="1" x="0" scY="1" y="0" pX="0" pY="0" skX="0" skY="0"/>
    </frame>
    <frame displayIndex="1" z="0" duration="1">
     <transform scX="1.1764705882352942" x="-0.4" scY="1.1764705882352942" y="3.15" pX="0" pY="0" skX="0" skY="0"/>
    </frame>
    <frame displayIndex="2" z="0" duration="1">
     <transform scX="1.1764705882352942" x="-0.4" scY="1.1764705882352942" y="3.15" pX="0" pY="0" skX="0" skY="0"/>
    </frame>
    <frame displayIndex="3" z="0" duration="1">
     <transform scX="1.1764705882352942" x="-0.4" scY="1.1764705882352942" y="3.15" pX="0" pY="0" skX="0" skY="0"/>
    </frame>
    <frame displayIndex="4" z="0" duration="1">
     <transform scX="1.1764705882352942" x="-0.4" scY="1.1764705882352942" y="3.15" pX="0" pY="0" skX="0" skY="0"/>
    </frame>
    <frame displayIndex="5" z="0" duration="1">
     <transform scX="1.1764705882352942" x="-0.4" scY="1.1764705882352942" y="3.15" pX="0" pY="0" skX="0" skY="0"/>
    </frame>
    <frame displayIndex="6" z="0" duration="1">
     <transform scX="1.1764705882352942" x="-0.4" scY="1.1764705882352942" y="3.15" pX="0" pY="0" skX="0" skY="0"/>
    </frame>
    <frame displayIndex="7" z="0" duration="1">
     <transform scX="1.1764705882352942" x="-0.4" scY="1.1764705882352942" y="3.15" pX="0" pY="0" skX="0" skY="0"/>
    </frame>
    <frame displayIndex="8" z="0" duration="1">
     <transform scX="1.1764705882352942" x="-0.4" scY="1.1764705882352942" y="3.15" pX="0" pY="0" skX="0" skY="0"/>
    </frame>
    <frame displayIndex="9" z="0" duration="1">
     <transform scX="1.1764705882352942" x="-0.4" scY="1.1764705882352942" y="3.15" pX="0" pY="0" skX="0" skY="0"/>
    </frame>
    <frame displayIndex="10" z="0" duration="1">
     <transform scX="1.1764705882352942" x="-0.4" scY="1.1764705882352942" y="3.15" pX="0" pY="0" skX="0" skY="0"/>
    </frame>
    <frame displayIndex="11" z="0" duration="1">
     <transform scX="1.1764705882352942" x="-0.4" scY="1.1764705882352942" y="3.15" pX="0" pY="0" skX="0" skY="0"/>
    </frame>
    <frame displayIndex="12" z="0" duration="1">
     <transform scX="1.1764705882352942" x="-0.4" scY="1.1764705882352942" y="3.15" pX="0" pY="0" skX="0" skY="0"/>
    </frame>
    <frame displayIndex="13" z="0" duration="1">
     <transform scX="1.1764705882352942" x="-0.4" scY="1.1764705882352942" y="3.15" pX="0" pY="0" skX="0" skY="0"/>
    </frame>
    <frame displayIndex="14" z="0" duration="1">
     <transform scX="1.1764705882352942" x="-0.4" scY="1.1764705882352942" y="3.15" pX="0" pY="0" skX="0" skY="0"/>
    </frame>
    <frame displayIndex="15" z="0" duration="1">
     <transform scX="1.1764705882352942" x="-0.4" scY="1.1764705882352942" y="3.15" pX="0" pY="0" skX="0" skY="0"/>
    </frame>
    <frame displayIndex="15" z="0" duration="1">
     <transform scX="1.1764705882352942" x="-0.4" scY="1.1764705882352942" y="3.15" pX="0" pY="0" skX="0" skY="0"/>
    </frame>
   </timeline>
   <timeline pX="0" name="smoke" pY="0" scale="1" offset="0">
    <frame z="0" duration="1">
     <transform scX="1" x="0" scY="1" y="0" pX="0" pY="0" skX="0" skY="0"/>
    </frame>
    <frame z="0" duration="1">
     <transform scX="1" x="0" scY="1" y="0" pX="0" pY="0" skX="0" skY="0"/>
    </frame>
    <frame displayIndex="-1" duration="15"/>
   </timeline>
  </animation>
 </armature>
 <armature name="smoke">
  <skin name="default">
   <slot name="cont1" z="0" parent="cont1">
    <display name="cont1" type="armature">
     <transform scX="1" x="0" skX="0" scY="1" y="0" skY="0"/>
    </display>
   </slot>
   <slot name="cont2" z="1" parent="cont2">
    <display name="BulletTower7_smoke_mc" type="armature">
     <transform scX="1" x="0" skX="0" scY="1" y="0" skY="0"/>
    </display>
   </slot>
  </skin>
  <bone name="cont1">
   <transform scX="1" x="0.05" skX="0" scY="1" y="18.15" skY="0"/>
  </bone>
  <bone name="cont2">
   <transform scX="1" x="3.05" skX="0" scY="1" y="43.15" skY="0"/>
  </bone>
  <animation fadeInTime="0" scale="5" loop="0" autoTween="NaN" name="unnamed" duration="2" tweenEasing="2">
   <timeline pX="0" name="cont1" pY="0" scale="1" offset="0">
    <frame z="0" duration="1">
     <transform scX="1" x="0" scY="1" y="0" pX="0" pY="0" skX="0" skY="0"/>
    </frame>
    <frame z="0" duration="1">
     <transform scX="1" x="0" scY="1" y="0" pX="0" pY="0" skX="0" skY="0"/>
    </frame>
   </timeline>
   <timeline pX="0" name="cont2" pY="0" scale="1" offset="0">
    <frame z="0" duration="1">
     <transform scX="1" x="0" scY="1" y="0" pX="0" pY="0" skX="0" skY="0"/>
    </frame>
    <frame z="0" duration="1">
     <transform scX="1" x="0" scY="1" y="0" pX="0" pY="0" skX="0" skY="0"/>
    </frame>
   </timeline>
  </animation>
 </armature>
 <armature name="cont1">
  <skin name="default">
   <slot name="cont1" z="0" parent="cont1">
    <display name="Shape/shape 8439" type="image">
     <transform scX="1" x="0" scY="1" y="0" pX="30" pY="37.55" skX="0" skY="0"/>
    </display>
    <display name="Shape/shape 8441" type="image">
     <transform scX="1" x="0" scY="1" y="0" pX="30" pY="37.55" skX="0" skY="0"/>
    </display>
    <display name="Shape/shape 8443" type="image">
     <transform scX="1" x="0" scY="1" y="0" pX="30" pY="37.55" skX="0" skY="0"/>
    </display>
    <display name="Shape/shape 8445" type="image">
     <transform scX="1" x="0" scY="1" y="0" pX="30" pY="37.55" skX="0" skY="0"/>
    </display>
    <display name="Shape/shape 8447" type="image">
     <transform scX="1" x="0" scY="1" y="0" pX="30" pY="37.55" skX="0" skY="0"/>
    </display>
    <display name="Shape/shape 8449" type="image">
     <transform scX="1" x="0" scY="1" y="0" pX="30" pY="37.55" skX="0" skY="0"/>
    </display>
    <display name="Shape/shape 8451" type="image">
     <transform scX="1" x="0" scY="1" y="0" pX="30" pY="37.55" skX="0" skY="0"/>
    </display>
    <display name="Shape/shape 8453" type="image">
     <transform scX="1" x="0" scY="1" y="0" pX="30" pY="37.55" skX="0" skY="0"/>
    </display>
    <display name="Shape/shape 8455" type="image">
     <transform scX="1" x="0" scY="1" y="0" pX="30" pY="37.55" skX="0" skY="0"/>
    </display>
    <display name="Shape/shape 8457" type="image">
     <transform scX="1" x="0" scY="1" y="0" pX="30" pY="37.55" skX="0" skY="0"/>
    </display>
   </slot>
  </skin>
  <bone name="cont1">
   <transform scX="1" x="0" skX="0" scY="1" y="0" skY="0"/>
  </bone>
  <animation fadeInTime="0" scale="1" loop="1" autoTween="NaN" name="unnamed" duration="11" tweenEasing="NaN">
   <timeline pX="0" name="cont1" pY="0" scale="1" offset="0">
    <frame z="0" duration="1">
     <transform scX="1" x="0" scY="1" y="0" pX="0" pY="0" skX="0" skY="0"/>
    </frame>
    <frame displayIndex="1" z="0" duration="1">
     <transform scX="1" x="0" scY="1" y="0" pX="0" pY="0" skX="0" skY="0"/>
    </frame>
    <frame displayIndex="2" z="0" duration="1">
     <transform scX="1" x="0" scY="1" y="0" pX="0" pY="0" skX="0" skY="0"/>
    </frame>
    <frame displayIndex="3" z="0" duration="1">
     <transform scX="1" x="0" scY="1" y="0" pX="0" pY="0" skX="0" skY="0"/>
    </frame>
    <frame displayIndex="4" z="0" duration="1">
     <transform scX="1" x="0" scY="1" y="0" pX="0" pY="0" skX="0" skY="0"/>
    </frame>
    <frame displayIndex="5" z="0" duration="1">
     <transform scX="1" x="0" scY="1" y="0" pX="0" pY="0" skX="0" skY="0"/>
    </frame>
    <frame displayIndex="6" z="0" duration="1">
     <transform scX="1" x="0" scY="1" y="0" pX="0" pY="0" skX="0" skY="0"/>
    </frame>
    <frame displayIndex="7" z="0" duration="1">
     <transform scX="1" x="0" scY="1" y="0" pX="0" pY="0" skX="0" skY="0"/>
    </frame>
    <frame displayIndex="8" z="0" duration="1">
     <transform scX="1" x="0" scY="1" y="0" pX="0" pY="0" skX="0" skY="0"/>
    </frame>
    <frame displayIndex="9" z="0" duration="1">
     <transform scX="1" x="0" scY="1" y="0" pX="0" pY="0" skX="0" skY="0"/>
    </frame>
    <frame displayIndex="9" z="0" duration="1">
     <transform scX="1" x="0" scY="1" y="0" pX="0" pY="0" skX="0" skY="0"/>
    </frame>
   </timeline>
  </animation>
 </armature>
 <armature name="BulletTower7_smoke_mc">
  <skin name="default">
   <slot name="cont1" z="0" parent="cont1">
    <display name="Shape/shape 8460" type="image">
     <transform scX="1" x="0" scY="1" y="0" pX="23" pY="23" skX="0" skY="0"/>
    </display>
    <display name="Shape/shape 8462" type="image">
     <transform scX="1" x="0" scY="1" y="0" pX="23" pY="23" skX="0" skY="0"/>
    </display>
    <display name="Shape/shape 8464" type="image">
     <transform scX="1" x="0" scY="1" y="0" pX="23" pY="23" skX="0" skY="0"/>
    </display>
    <display name="Shape/shape 8466" type="image">
     <transform scX="1" x="0" scY="1" y="0" pX="23" pY="23" skX="0" skY="0"/>
    </display>
    <display name="Shape/shape 8468" type="image">
     <transform scX="1" x="0" scY="1" y="0" pX="23" pY="23" skX="0" skY="0"/>
    </display>
    <display name="Shape/shape 8470" type="image">
     <transform scX="1" x="0" scY="1" y="0" pX="23" pY="23" skX="0" skY="0"/>
    </display>
    <display name="Shape/shape 8472" type="image">
     <transform scX="1" x="0" scY="1" y="0" pX="23" pY="23" skX="0" skY="0"/>
    </display>
    <display name="Shape/shape 8474" type="image">
     <transform scX="1" x="0" scY="1" y="0" pX="23" pY="23" skX="0" skY="0"/>
    </display>
    <display name="Shape/shape 8476" type="image">
     <transform scX="1" x="0" scY="1" y="0" pX="23" pY="23" skX="0" skY="0"/>
    </display>
    <display name="Shape/shape 8478" type="image">
     <transform scX="1" x="0" scY="1" y="0" pX="23" pY="23" skX="0" skY="0"/>
    </display>
   </slot>
  </skin>
  <bone name="cont1">
   <transform scX="1" x="0" skX="0" scY="1" y="0" skY="0"/>
  </bone>
  <animation fadeInTime="0.3" scale="1" loop="1" autoTween="NaN" name="BulletTower7_smoke_mc" duration="11" tweenEasing="NaN">
   <timeline pX="0" name="cont1" pY="0" scale="1" offset="0">
    <frame z="0" duration="1">
     <transform scX="1" x="0" scY="1" y="0" pX="0" pY="0" skX="0" skY="0"/>
    </frame>
    <frame displayIndex="1" z="0" duration="1">
     <transform scX="1" x="0" scY="1" y="0" pX="0" pY="0" skX="0" skY="0"/>
    </frame>
    <frame displayIndex="2" z="0" duration="1">
     <transform scX="1" x="0" scY="1" y="0" pX="0" pY="0" skX="0" skY="0"/>
    </frame>
    <frame displayIndex="3" z="0" duration="1">
     <transform scX="1" x="0" scY="1" y="0" pX="0" pY="0" skX="0" skY="0"/>
    </frame>
    <frame displayIndex="4" z="0" duration="1">
     <transform scX="1" x="0" scY="1" y="0" pX="0" pY="0" skX="0" skY="0"/>
    </frame>
    <frame displayIndex="5" z="0" duration="1">
     <transform scX="1" x="0" scY="1" y="0" pX="0" pY="0" skX="0" skY="0"/>
    </frame>
    <frame displayIndex="6" z="0" duration="1">
     <transform scX="1" x="0" scY="1" y="0" pX="0" pY="0" skX="0" skY="0"/>
    </frame>
    <frame displayIndex="7" z="0" duration="1">
     <transform scX="1" x="0" scY="1" y="0" pX="0" pY="0" skX="0" skY="0"/>
    </frame>
    <frame displayIndex="8" z="0" duration="1">
     <transform scX="1" x="0" scY="1" y="0" pX="0" pY="0" skX="0" skY="0"/>
    </frame>
    <frame displayIndex="9" z="0" duration="1">
     <transform scX="1" x="0" scY="1" y="0" pX="0" pY="0" skX="0" skY="0"/>
    </frame>
    <frame displayIndex="9" z="0" duration="1">
     <transform scX="1" x="0" scY="1" y="0" pX="0" pY="0" skX="0" skY="0"/>
    </frame>
   </timeline>
  </animation>
 </armature>
</root>