<TextureAtlas name="BulletTower7_mc" imagePath="texture.png">
 <SubTexture name="ball" x="126" y="454" width="63" height="43"/>
 <SubTexture name="Shape/shape 8482" x="0" y="0" width="114" height="91"/>
 <SubTexture name="Shape/shape 8484" x="115" y="276" width="114" height="91"/>
 <SubTexture name="Shape/shape 8486" x="230" y="0" width="114" height="91"/>
 <SubTexture name="Shape/shape 8488" x="115" y="0" width="114" height="91"/>
 <SubTexture name="Shape/shape 8489" x="115" y="184" width="114" height="91"/>
 <SubTexture name="Shape/shape 8491" x="0" y="276" width="114" height="91"/>
 <SubTexture name="Shape/shape 8492" x="230" y="92" width="114" height="91"/>
 <SubTexture name="Shape/shape 8494" x="230" y="276" width="114" height="91"/>
 <SubTexture name="Shape/shape 8495" x="115" y="92" width="114" height="91"/>
 <SubTexture name="Shape/shape 8497" x="345" y="0" width="114" height="91"/>
 <SubTexture name="Shape/shape 8498" x="230" y="184" width="114" height="91"/>
 <SubTexture name="Shape/shape 8500" x="0" y="184" width="114" height="91"/>
 <SubTexture name="Shape/shape 8501" x="345" y="92" width="114" height="91"/>
 <SubTexture name="Shape/shape 8503" x="0" y="92" width="114" height="91"/>
 <SubTexture name="Shape/shape 8504" x="345" y="184" width="114" height="91"/>
 <SubTexture name="Shape/shape 8439" x="303" y="448" width="61" height="84"/>
 <SubTexture name="Shape/shape 8441" x="114" y="368" width="61" height="84"/>
 <SubTexture name="Shape/shape 8443" x="408" y="427" width="61" height="84"/>
 <SubTexture name="Shape/shape 8445" x="345" y="362" width="61" height="84"/>
 <SubTexture name="Shape/shape 8447" x="63" y="454" width="61" height="84"/>
 <SubTexture name="Shape/shape 8449" x="345" y="276" width="61" height="84"/>
 <SubTexture name="Shape/shape 8451" x="0" y="368" width="61" height="84"/>
 <SubTexture name="Shape/shape 8453" x="0" y="454" width="61" height="84"/>
 <SubTexture name="Shape/shape 8455" x="240" y="368" width="61" height="84"/>
 <SubTexture name="Shape/shape 8457" x="177" y="368" width="61" height="84"/>
 <SubTexture name="Shape/shape 8460" x="459" y="366" width="49" height="59"/>
 <SubTexture name="Shape/shape 8462" x="460" y="122" width="49" height="59"/>
 <SubTexture name="Shape/shape 8464" x="63" y="368" width="49" height="59"/>
 <SubTexture name="Shape/shape 8466" x="460" y="183" width="49" height="59"/>
 <SubTexture name="Shape/shape 8468" x="460" y="61" width="49" height="59"/>
 <SubTexture name="Shape/shape 8470" x="459" y="305" width="49" height="59"/>
 <SubTexture name="Shape/shape 8472" x="460" y="244" width="49" height="59"/>
 <SubTexture name="Shape/shape 8474" x="408" y="276" width="49" height="59"/>
 <SubTexture name="Shape/shape 8476" x="460" y="0" width="49" height="59"/>
 <SubTexture name="Shape/shape 8478" x="408" y="337" width="49" height="59"/>
</TextureAtlas>