<root name="Training_4_mc" isGlobal="0" frameRate="30" version="3.0">
 <armature name="Training_4_mc">
  <skin name="default">
   <slot name="Layer 1" z="0" parent="Layer 1">
    <display name="Shape/shape 2308" type="image">
     <transform scX="1" x="0" scY="1" y="0" pX="28" pY="23" skX="0" skY="0"/>
    </display>
    <display name="Shape/shape 2310" type="image">
     <transform scX="1" x="0" scY="1" y="0" pX="28" pY="23" skX="0" skY="0"/>
    </display>
    <display name="Shape/shape 2312" type="image">
     <transform scX="1" x="0" scY="1" y="0" pX="28" pY="23" skX="0" skY="0"/>
    </display>
    <display name="Shape/shape 2314" type="image">
     <transform scX="1" x="0" scY="1" y="0" pX="28" pY="23" skX="0" skY="0"/>
    </display>
    <display name="Shape/shape 2316" type="image">
     <transform scX="1" x="0" scY="1" y="0" pX="28" pY="23" skX="0" skY="0"/>
    </display>
    <display name="Shape/shape 2318" type="image">
     <transform scX="1" x="0" scY="1" y="0" pX="28" pY="23" skX="0" skY="0"/>
    </display>
    <display name="Shape/shape 2322" type="image">
     <transform scX="1" x="0" scY="1" y="0" pX="28" pY="23" skX="0" skY="0"/>
    </display>
    <display name="Shape/shape 2324" type="image">
     <transform scX="1" x="0" scY="1" y="0" pX="28" pY="23" skX="0" skY="0"/>
    </display>
    <display name="Shape/shape 2326" type="image">
     <transform scX="1" x="0" scY="1" y="0" pX="28" pY="23" skX="0" skY="0"/>
    </display>
    <display name="Shape/shape 2328" type="image">
     <transform scX="1" x="0" scY="1" y="0" pX="28" pY="23" skX="0" skY="0"/>
    </display>
    <display name="Shape/shape 2329" type="image">
     <transform scX="1" x="0" scY="1" y="0" pX="28" pY="23" skX="0" skY="0"/>
    </display>
    <display name="Shape/shape 2331" type="image">
     <transform scX="1" x="0" scY="1" y="0" pX="28" pY="23" skX="0" skY="0"/>
    </display>
    <display name="Shape/shape 2334" type="image">
     <transform scX="1" x="0" scY="1" y="0" pX="28" pY="23" skX="0" skY="0"/>
    </display>
    <display name="Shape/shape 2336" type="image">
     <transform scX="1" x="0" scY="1" y="0" pX="28" pY="23" skX="0" skY="0"/>
    </display>
    <display name="Shape/shape 2338" type="image">
     <transform scX="1" x="0" scY="1" y="0" pX="28" pY="23" skX="0" skY="0"/>
    </display>
   </slot>
   <slot name="Layer 2" z="1" parent="Layer 2">
    <display name="__dbTextures/Training_4_mc/Layer 2_5" type="image">
     <transform scX="1" x="-5.4" scY="1" y="-3.75" pX="0" pY="0" skX="0" skY="0"/>
    </display>
    <display name="__dbTextures/Training_4_mc/Layer 2_6" type="image">
     <transform scX="1" x="-7.7" scY="1" y="-5.8" pX="0" pY="0" skX="0" skY="0"/>
    </display>
    <display name="__dbTextures/Training_4_mc/Layer 2_7" type="image">
     <transform scX="1" x="-10" scY="1" y="-7.95" pX="0" pY="0" skX="0" skY="0"/>
    </display>
    <display name="__dbTextures/Training_4_mc/Layer 2_8" type="image">
     <transform scX="1" x="-12.55" scY="1" y="-10.05" pX="0" pY="0" skX="0" skY="0"/>
    </display>
    <display name="__dbTextures/Training_4_mc/Layer 2_9" type="image">
     <transform scX="1" x="-17.55" scY="1" y="-12.3" pX="0" pY="0" skX="0" skY="0"/>
    </display>
    <display name="__dbTextures/Training_4_mc/Layer 2_10" type="image">
     <transform scX="1" x="-16" scY="1" y="-8.35" pX="0" pY="0" skX="0" skY="0"/>
    </display>
    <display name="__dbTextures/Training_4_mc/Layer 2_11" type="image">
     <transform scX="1" x="-17.4" scY="1" y="-12" pX="0" pY="0" skX="0" skY="0"/>
    </display>
    <display name="__dbTextures/Training_4_mc/Layer 2_12" type="image">
     <transform scX="1" x="-17.4" scY="1" y="-12" pX="0" pY="0" skX="0" skY="0"/>
    </display>
   </slot>
  </skin>
  <bone name="Layer 1">
   <transform scX="-1" x="4.25" skX="0" scY="1" y="-0.5" skY="0"/>
  </bone>
  <bone name="Layer 2">
   <transform scX="1" x="16.3" skX="0" scY="1" y="10.85" skY="0"/>
  </bone>
  <animation fadeInTime="0.3" scale="1" loop="1" autoTween="NaN" name="Training_4_mc" duration="27" tweenEasing="NaN">
   <timeline pX="0" name="Layer 1" pY="0" scale="1" offset="0">
    <frame z="0" duration="1">
     <transform scX="1" x="0" scY="1" y="0" pX="0" pY="0" skX="0" skY="0"/>
    </frame>
    <frame displayIndex="1" z="0" duration="1">
     <transform scX="1" x="0" scY="1" y="0" pX="0" pY="0" skX="0" skY="0"/>
    </frame>
    <frame displayIndex="2" z="0" duration="1">
     <transform scX="1" x="0" scY="1" y="0" pX="0" pY="0" skX="0" skY="0"/>
    </frame>
    <frame displayIndex="3" z="0" duration="1">
     <transform scX="1" x="0" scY="1" y="0" pX="0" pY="0" skX="0" skY="0"/>
    </frame>
    <frame displayIndex="4" z="0" duration="1">
     <transform scX="1" x="0" scY="1" y="0" pX="0" pY="0" skX="0" skY="0"/>
    </frame>
    <frame displayIndex="5" z="0" duration="1">
     <transform scX="1" x="0" scY="1" y="0" pX="0" pY="0" skX="0" skY="0"/>
    </frame>
    <frame displayIndex="6" z="0" duration="1">
     <transform scX="1" x="0" scY="1" y="0" pX="0" pY="0" skX="0" skY="0"/>
    </frame>
    <frame displayIndex="7" z="0" duration="1">
     <transform scX="1" x="0" scY="1" y="0" pX="0" pY="0" skX="0" skY="0"/>
    </frame>
    <frame displayIndex="8" z="0" duration="1">
     <transform scX="1" x="0" scY="1" y="0" pX="0" pY="0" skX="0" skY="0"/>
    </frame>
    <frame displayIndex="9" z="0" duration="1">
     <transform scX="1" x="0" scY="1" y="0" pX="0" pY="0" skX="0" skY="0"/>
    </frame>
    <frame displayIndex="10" z="0" duration="1">
     <transform scX="1" x="0" scY="1" y="0" pX="0" pY="0" skX="0" skY="0"/>
    </frame>
    <frame displayIndex="11" z="0" duration="3">
     <transform scX="1" x="0" scY="1" y="0" pX="0" pY="0" skX="0" skY="0"/>
    </frame>
    <frame displayIndex="10" z="0" duration="2">
     <transform scX="1" x="0" scY="1" y="0" pX="0" pY="0" skX="0" skY="0"/>
    </frame>
    <frame displayIndex="9" z="0" duration="3">
     <transform scX="1" x="0" scY="1" y="0" pX="0" pY="0" skX="0" skY="0"/>
    </frame>
    <frame displayIndex="10" z="0" duration="2">
     <transform scX="1" x="0" scY="1" y="0" pX="0" pY="0" skX="0" skY="0"/>
    </frame>
    <frame displayIndex="11" z="0" duration="2">
     <transform scX="1" x="0" scY="1" y="0" pX="0" pY="0" skX="0" skY="0"/>
    </frame>
    <frame displayIndex="12" z="0" duration="1">
     <transform scX="1" x="0" scY="1" y="0" pX="0" pY="0" skX="0" skY="0"/>
    </frame>
    <frame displayIndex="13" z="0" duration="1">
     <transform scX="1" x="0" scY="1" y="0" pX="0" pY="0" skX="0" skY="0"/>
    </frame>
    <frame displayIndex="14" z="0" duration="1">
     <transform scX="1" x="0" scY="1" y="0" pX="0" pY="0" skX="0" skY="0"/>
    </frame>
    <frame displayIndex="14" z="0" duration="1">
     <transform scX="1" x="0" scY="1" y="0" pX="0" pY="0" skX="0" skY="0"/>
    </frame>
   </timeline>
   <timeline pX="0" name="Layer 2" pY="0" scale="1" offset="0">
    <frame displayIndex="-1" duration="5"/>
    <frame z="0" duration="1" tweenEasing="NaN">
     <transform scX="1" x="0" scY="1" y="0" pX="0" pY="0" skX="0" skY="0"/>
    </frame>
    <frame z="0" displayIndex="1" duration="1" tweenEasing="NaN">
     <transform scX="1" x="-4.550000000000001" scY="1" y="-2.75" pX="0" pY="0" skX="0" skY="0"/>
    </frame>
    <frame z="0" displayIndex="2" duration="1" tweenEasing="NaN">
     <transform scX="1" x="-9.100000000000001" scY="1" y="-5.55" pX="0" pY="0" skX="0" skY="0"/>
    </frame>
    <frame z="0" displayIndex="3" duration="1" tweenEasing="NaN">
     <transform scX="1" x="-13.450000000000001" scY="1" y="-8.399999999999999" pX="0" pY="0" skX="0" skY="0"/>
    </frame>
    <frame z="0" displayIndex="4" duration="1" tweenEasing="NaN">
     <transform scX="1" x="-15.3" scY="1" y="-11.299999999999999" pX="0" pY="0" skX="0" skY="0"/>
    </frame>
    <frame z="0" displayIndex="5" duration="1" tweenEasing="NaN">
     <transform scX="1" x="-15.700000000000001" scY="1" y="-14.149999999999999" pX="0" pY="0" skX="0" skY="0"/>
    </frame>
    <frame z="0" displayIndex="6" duration="1" tweenEasing="NaN">
     <transform scX="1" x="-13.15" scY="1" y="-9.799999999999999" pX="0" pY="0" skX="0" skY="0"/>
    </frame>
    <frame z="0" displayIndex="7" duration="11" tweenEasing="NaN">
     <transform scX="1" x="-13.9" scY="1" y="-12.049999999999999" pX="0" pY="0" skX="0" skY="0"/>
    </frame>
    <frame displayIndex="-1" duration="4"/>
   </timeline>
  </animation>
 </armature>
</root>