<dragonBones name="1yrt" frameRate="30" version="2.3">
 <armature name="BulletTower5_1Bang_mc">
  <bone name="Layer 1">
   <transform x="0" y="0" skX="0" skY="0" scX="1" scY="1"/>
  </bone>
  <skin name="default">
   <slot name="Layer 1" parent="Layer 1" z="0">
    <display name="Shape/shape 10491" type="image">
     <transform x="0" y="0" skX="0" skY="0" scX="1" scY="1" pX="40" pY="30"/>
    </display>
    <display name="Shape/shape 10493" type="image">
     <transform x="0" y="0" skX="0" skY="0" scX="1" scY="1" pX="40" pY="30"/>
    </display>
    <display name="Shape/shape 10495" type="image">
     <transform x="0" y="0" skX="0" skY="0" scX="1" scY="1" pX="40" pY="30"/>
    </display>
    <display name="Shape/shape 10497" type="image">
     <transform x="0" y="0" skX="0" skY="0" scX="1" scY="1" pX="40" pY="30"/>
    </display>
    <display name="Shape/shape 10499" type="image">
     <transform x="0" y="0" skX="0" skY="0" scX="1" scY="1" pX="40" pY="30"/>
    </display>
    <display name="Shape/shape 10501" type="image">
     <transform x="0" y="0" skX="0" skY="0" scX="1" scY="1" pX="40" pY="30"/>
    </display>
    <display name="Shape/shape 10503" type="image">
     <transform x="0" y="0" skX="0" skY="0" scX="1" scY="1" pX="40" pY="30"/>
    </display>
    <display name="Shape/shape 10505" type="image">
     <transform x="0" y="0" skX="0" skY="0" scX="1" scY="1" pX="40" pY="30"/>
    </display>
    <display name="Shape/shape 10507" type="image">
     <transform x="0" y="0" skX="0" skY="0" scX="1" scY="1" pX="40" pY="30"/>
    </display>
    <display name="Shape/shape 10509" type="image">
     <transform x="0" y="0" skX="0" skY="0" scX="1" scY="1" pX="40" pY="30"/>
    </display>
    <display name="Shape/shape 10511" type="image">
     <transform x="0" y="0" skX="0" skY="0" scX="1" scY="1" pX="40" pY="30"/>
    </display>
    <display name="Shape/shape 10513" type="image">
     <transform x="0" y="0" skX="0" skY="0" scX="1" scY="1" pX="40" pY="30"/>
    </display>
   </slot>
  </skin>
  <animation name="BulletTower5_1Bang_mc" fadeInTime="0.3" duration="25" scale="1" loop="1" autoTween="1" tweenEasing="NaN">
   <timeline name="Layer 1" scale="1" offset="0">
    <frame z="0" duration="1">
     <transform x="0" y="0" skX="0" skY="0" scX="1" scY="1" pX="0" pY="0"/>
    </frame>
    <frame z="0" displayIndex="1" duration="1">
     <transform x="0" y="0" skX="0" skY="0" scX="1" scY="1" pX="0" pY="0"/>
    </frame>
    <frame z="0" displayIndex="2" duration="2">
     <transform x="0" y="0" skX="0" skY="0" scX="1" scY="1" pX="0" pY="0"/>
    </frame>
    <frame z="0" displayIndex="3" duration="2">
     <transform x="0" y="0" skX="0" skY="0" scX="1" scY="1" pX="0" pY="0"/>
    </frame>
    <frame z="0" displayIndex="4" duration="2">
     <transform x="0" y="0" skX="0" skY="0" scX="1" scY="1" pX="0" pY="0"/>
    </frame>
    <frame z="0" displayIndex="5" duration="2">
     <transform x="0" y="0" skX="0" skY="0" scX="1" scY="1" pX="0" pY="0"/>
    </frame>
    <frame z="0" displayIndex="6" duration="3">
     <transform x="0" y="0" skX="0" skY="0" scX="1" scY="1" pX="0" pY="0"/>
    </frame>
    <frame z="0" displayIndex="7" duration="3">
     <transform x="0" y="0" skX="0" skY="0" scX="1" scY="1" pX="0" pY="0"/>
    </frame>
    <frame z="0" displayIndex="8" duration="3">
     <transform x="0" y="0" skX="0" skY="0" scX="1" scY="1" pX="0" pY="0"/>
    </frame>
    <frame z="0" displayIndex="9" duration="3">
     <transform x="0" y="0" skX="0" skY="0" scX="1" scY="1" pX="0" pY="0"/>
    </frame>
    <frame z="0" displayIndex="10" duration="1">
     <transform x="0" y="0" skX="0" skY="0" scX="1" scY="1" pX="0" pY="0"/>
    </frame>
    <frame z="0" displayIndex="11" duration="1">
     <transform x="0" y="0" skX="0" skY="0" scX="1" scY="1" pX="0" pY="0"/>
    </frame>
    <frame z="0" displayIndex="11" duration="1">
     <transform x="0" y="0" skX="0" skY="0" scX="1" scY="1" pX="0" pY="0"/>
     <colorTransform aO="0" rO="0" gO="0" bO="0" aM="10" rM="100" gM="100" bM="100"/>
    </frame>
   </timeline>
  </animation>
 </armature>
</dragonBones>