<root name="CastMask_mc" isGlobal="0" frameRate="30" version="3.0">
 <armature name="CastMask_mc">
  <skin name="default">
   <slot name="interfaceUpCase" z="0" parent="interfaceUpCase">
    <display name="castCase" type="image">
     <transform scX="1" x="0" scY="1" y="0" pX="25" pY="25" skX="0" skY="0"/>
    </display>
   </slot>
   <slot name="archiveCase" z="1" parent="archiveCase">
    <display name="castCase" type="image">
     <transform scX="1" x="0" scY="1" y="0" pX="25" pY="25" skX="0" skY="0"/>
    </display>
   </slot>
   <slot name="sellCase" z="2" parent="sellCase">
    <display name="castCase" type="image">
     <transform scX="1" x="0" scY="1" y="0" pX="25" pY="25" skX="0" skY="0"/>
    </display>
   </slot>
   <slot name="fireCase" z="3" parent="fireCase">
    <display name="sphereCase" type="image">
     <transform scX="1" x="0" scY="1" y="0" pX="25" pY="25" skX="0" skY="0"/>
    </display>
   </slot>
   <slot name="iceCase" z="4" parent="iceCase">
    <display name="sphereCase" type="image">
     <transform scX="1" x="0" scY="1" y="0" pX="25" pY="25" skX="0" skY="0"/>
    </display>
   </slot>
   <slot name="stoneCase" z="5" parent="stoneCase">
    <display name="sphereCase" type="image">
     <transform scX="1" x="0" scY="1" y="0" pX="25" pY="25" skX="0" skY="0"/>
    </display>
   </slot>
   <slot name="levinCase" z="6" parent="levinCase">
    <display name="sphereCase" type="image">
     <transform scX="1" x="0" scY="1" y="0" pX="25" pY="25" skX="0" skY="0"/>
    </display>
   </slot>
   <slot name="getAllCase" z="7" parent="getAllCase">
    <display name="sphereCase" type="image">
     <transform scX="1" x="0" scY="1" y="0" pX="25" pY="25" skX="0" skY="0"/>
    </display>
   </slot>
  </skin>
  <bone name="iceCase">
   <transform scX="0.9" x="337.15" skX="0" scY="0.9" y="32.65" skY="0"/>
  </bone>
  <bone name="archiveCase">
   <transform scX="7.4" x="400" skX="0" scY="1.6" y="40" skY="0"/>
  </bone>
  <bone name="sellCase">
   <transform scX="0.96" x="650.05" skX="0" scY="0.82" y="31" skY="0"/>
  </bone>
  <bone name="fireCase">
   <transform scX="0.9" x="271.15" skX="0" scY="0.9" y="33.2" skY="0"/>
  </bone>
  <bone name="interfaceUpCase">
   <transform scX="16" x="400" skX="0" scY="1.6" y="40" skY="0"/>
  </bone>
  <bone name="stoneCase">
   <transform scX="0.9" x="403.9" skX="0" scY="0.9" y="32.85" skY="0"/>
  </bone>
  <bone name="levinCase">
   <transform scX="0.9" x="467.2" skX="0" scY="0.9" y="32.8" skY="0"/>
  </bone>
  <bone name="getAllCase">
   <transform scX="0.9" x="529.25" skX="0" scY="0.9" y="33.2" skY="0"/>
  </bone>
  <animation fadeInTime="0.3" scale="5" loop="0" autoTween="NaN" name="CastMask_mc" duration="2" tweenEasing="2">
   <timeline pX="0" name="interfaceUpCase" pY="0" scale="1" offset="0">
    <frame z="0" duration="2">
     <transform scX="1" x="0" scY="1" y="0" pX="0" pY="0" skX="0" skY="0"/>
    </frame>
   </timeline>
   <timeline pX="0" name="archiveCase" pY="0" scale="1" offset="0">
    <frame z="0" duration="2">
     <transform scX="1" x="0" scY="1" y="0" pX="0" pY="0" skX="0" skY="0"/>
    </frame>
   </timeline>
   <timeline pX="0" name="sellCase" pY="0" scale="1" offset="0">
    <frame z="0" duration="2">
     <transform scX="1" x="0" scY="1" y="0" pX="0" pY="0" skX="0" skY="0"/>
    </frame>
   </timeline>
   <timeline pX="0" name="fireCase" pY="0" scale="1" offset="0">
    <frame z="0" duration="2">
     <transform scX="1" x="0" scY="1" y="0" pX="0" pY="0" skX="0" skY="0"/>
    </frame>
   </timeline>
   <timeline pX="0" name="iceCase" pY="0" scale="1" offset="0">
    <frame z="0" duration="2">
     <transform scX="1" x="0" scY="1" y="0" pX="0" pY="0" skX="0" skY="0"/>
    </frame>
   </timeline>
   <timeline pX="0" name="stoneCase" pY="0" scale="1" offset="0">
    <frame z="0" duration="2">
     <transform scX="1" x="0" scY="1" y="0" pX="0" pY="0" skX="0" skY="0"/>
    </frame>
   </timeline>
   <timeline pX="0" name="levinCase" pY="0" scale="1" offset="0">
    <frame z="0" duration="2">
     <transform scX="1" x="0" scY="1" y="0" pX="0" pY="0" skX="0" skY="0"/>
    </frame>
   </timeline>
   <timeline pX="0" name="getAllCase" pY="0" scale="1" offset="0">
    <frame z="0" duration="2">
     <transform scX="1" x="0" scY="1" y="0" pX="0" pY="0" skX="0" skY="0"/>
    </frame>
   </timeline>
  </animation>
 </armature>
</root>