<root name="CastMask_mc" isGlobal="0" frameRate="30" version="3.0">
 <armature name="CastMask_mc">
  <skin name="default">
   <slot name="interfaceUpCase" z="0" parent="interfaceUpCase">
    <display name="castCase" type="image">
     <transform pX="25" pY="25"/>
    </display>
   </slot>
   <slot name="archiveCase" z="1" parent="archiveCase">
    <display name="castCase" type="image">
     <transform pX="25" pY="25"/>
    </display>
   </slot>
   <slot name="sellCase" z="2" parent="sellCase">
    <display name="castCase" type="image">
     <transform pX="25" pY="25"/>
    </display>
   </slot>
   <slot name="castGolemCase" z="3" parent="castGolemCase">
    <display name="castCase" type="image">
     <transform pX="25" pY="25"/>
    </display>
   </slot>
   <slot name="castIcemanCase" z="4" parent="castIcemanCase">
    <display name="castCase" type="image">
     <transform pX="25" pY="25"/>
    </display>
   </slot>
   <slot name="castAirCase" z="5" parent="castAirCase">
    <display name="castCase" type="image">
     <transform pX="25" pY="25"/>
    </display>
   </slot>
   <slot name="fireCase" z="6" parent="fireCase">
    <display name="sphereCase" type="image">
     <transform pX="25" pY="25"/>
    </display>
   </slot>
   <slot name="iceCase" z="7" parent="iceCase">
    <display name="sphereCase" type="image">
     <transform pX="25" pY="25"/>
    </display>
   </slot>
   <slot name="stoneCase" z="8" parent="stoneCase">
    <display name="sphereCase" type="image">
     <transform pX="25" pY="25"/>
    </display>
   </slot>
   <slot name="levinCase" z="9" parent="levinCase">
    <display name="sphereCase" type="image">
     <transform pX="25" pY="25"/>
    </display>
   </slot>
   <slot name="getAllCase" z="10" parent="getAllCase">
    <display name="sphereCase" type="image">
     <transform pX="25" pY="25"/>
    </display>
   </slot>
  </skin>
  <bone name="castAirCase">
   <transform scX="1.34" x="186" scY="1.2" y="571.9"/>
  </bone>
  <bone name="archiveCase">
   <transform scX="7.4" x="400" scY="1.6" y="40"/>
  </bone>
  <bone name="sellCase">
   <transform scX="0.96" x="650.05" scY="0.82" y="31"/>
  </bone>
  <bone name="castGolemCase">
   <transform scX="1.34" x="53" scY="1.2" y="571.9"/>
  </bone>
  <bone name="castIcemanCase">
   <transform scX="1.34" x="119.5" scY="1.2" y="571.9"/>
  </bone>
  <bone name="interfaceUpCase">
   <transform scX="16" x="400" scY="1.6" y="40"/>
  </bone>
  <bone name="fireCase">
   <transform scX="0.9" x="271.15" scY="0.9" y="33.2"/>
  </bone>
  <bone name="iceCase">
   <transform scX="0.9" x="337.15" scY="0.9" y="32.65"/>
  </bone>
  <bone name="stoneCase">
   <transform scX="0.9" x="403.9" scY="0.9" y="32.85"/>
  </bone>
  <bone name="levinCase">
   <transform scX="0.9" x="467.2" scY="0.9" y="32.8"/>
  </bone>
  <bone name="getAllCase">
   <transform scX="0.9" x="529.25" scY="0.9" y="33.2"/>
  </bone>
  <animation fadeInTime="0.3" scale="5" loop="0" autoTween="NaN" name="CastMask_mc" duration="2" tweenEasing="2">
   <timeline name="interfaceUpCase">
    <frame z="0" duration="2">
     <transform/>
    </frame>
   </timeline>
   <timeline name="archiveCase">
    <frame z="0" duration="2">
     <transform/>
    </frame>
   </timeline>
   <timeline name="sellCase">
    <frame z="0" duration="2">
     <transform/>
    </frame>
   </timeline>
   <timeline name="castGolemCase">
    <frame z="0" duration="2">
     <transform/>
    </frame>
   </timeline>
   <timeline name="castIcemanCase">
    <frame z="0" duration="2">
     <transform/>
    </frame>
   </timeline>
   <timeline name="castAirCase">
    <frame z="0" duration="2">
     <transform/>
    </frame>
   </timeline>
   <timeline name="fireCase">
    <frame z="0" duration="2">
     <transform/>
    </frame>
   </timeline>
   <timeline name="iceCase">
    <frame z="0" duration="2">
     <transform/>
    </frame>
   </timeline>
   <timeline name="stoneCase">
    <frame z="0" duration="2">
     <transform/>
    </frame>
   </timeline>
   <timeline name="levinCase">
    <frame z="0" duration="2">
     <transform/>
    </frame>
   </timeline>
   <timeline name="getAllCase">
    <frame z="0" duration="2">
     <transform/>
    </frame>
   </timeline>
  </animation>
 </armature>
</root>