<dragonBones name="1yrt" frameRate="30" version="2.3">
 <armature name="BlowIce_mc">
  <bone name="Layer 1">
   <transform x="0" y="0" skX="0" skY="0" scX="1" scY="1"/>
  </bone>
  <skin name="default">
   <slot name="Layer 1" parent="Layer 1" z="0">
    <display name="Shape/shape 1214" type="image">
     <transform x="0" y="0" skX="0" skY="0" scX="1" scY="1" pX="69" pY="75"/>
    </display>
    <display name="Shape/shape 1216" type="image">
     <transform x="0" y="0" skX="0" skY="0" scX="1" scY="1" pX="69" pY="75"/>
    </display>
    <display name="Shape/shape 1218" type="image">
     <transform x="0" y="0" skX="0" skY="0" scX="1" scY="1" pX="69" pY="75"/>
    </display>
    <display name="Shape/shape 1220" type="image">
     <transform x="0" y="0" skX="0" skY="0" scX="1" scY="1" pX="69" pY="75"/>
    </display>
    <display name="Shape/shape 1222" type="image">
     <transform x="0" y="0" skX="0" skY="0" scX="1" scY="1" pX="69" pY="75"/>
    </display>
    <display name="Shape/shape 1224" type="image">
     <transform x="0" y="0" skX="0" skY="0" scX="1" scY="1" pX="69" pY="75"/>
    </display>
    <display name="Shape/shape 1226" type="image">
     <transform x="0" y="0" skX="0" skY="0" scX="1" scY="1" pX="69" pY="75"/>
    </display>
   </slot>
  </skin>
  <animation name="BlowIce_mc" fadeInTime="0.3" duration="11" scale="1" loop="1" autoTween="1" tweenEasing="NaN">
   <timeline name="Layer 1" scale="1" offset="0">
    <frame z="0" duration="1">
     <transform x="0" y="0" skX="0" skY="0" scX="1" scY="1" pX="0" pY="0"/>
    </frame>
    <frame z="0" displayIndex="1" duration="1">
     <transform x="0" y="0" skX="0" skY="0" scX="1" scY="1" pX="0" pY="0"/>
    </frame>
    <frame z="0" displayIndex="2" duration="1">
     <transform x="0" y="0" skX="0" skY="0" scX="1" scY="1" pX="0" pY="0"/>
    </frame>
    <frame z="0" displayIndex="3" duration="2">
     <transform x="0" y="0" skX="0" skY="0" scX="1" scY="1" pX="0" pY="0"/>
    </frame>
    <frame z="0" displayIndex="4" duration="2">
     <transform x="0" y="0" skX="0" skY="0" scX="1" scY="1" pX="0" pY="0"/>
    </frame>
    <frame z="0" displayIndex="5" duration="2">
     <transform x="0" y="0" skX="0" skY="0" scX="1" scY="1" pX="0" pY="0"/>
    </frame>
    <frame z="0" displayIndex="6" duration="2">
     <transform x="0" y="0" skX="0" skY="0" scX="1" scY="1" pX="0" pY="0"/>
    </frame>
   </timeline>
  </animation>
 </armature>
</dragonBones>