<root name="FastPause_mc" isGlobal="0" frameRate="30" version="3.0">
 <armature name="FastPause_mc">
  <skin name="default">
   <slot name="FastPauseCase" z="0" parent="FastPauseCase">
    <display name="Symbol 1571" type="image">
     <transform scX="1" x="0" scY="1" y="0" pX="350" pY="250" skX="0" skY="0"/>
    </display>
   </slot>
   <slot name="Layer 1" z="1" parent="Layer 1">
    <display name="Symbol 13020" type="image">
     <transform scX="1" x="0" scY="1" y="0" pX="100" pY="40" skX="0" skY="0"/>
    </display>
    <display name="Symbol 13022" type="image">
     <transform scX="1" x="0" scY="1" y="0" pX="100" pY="40" skX="0" skY="0"/>
    </display>
    <display name="Symbol 13024" type="image">
     <transform scX="1" x="0" scY="1" y="0" pX="100" pY="40" skX="0" skY="0"/>
    </display>
    <display name="Symbol 13026" type="image">
     <transform scX="1" x="0" scY="1" y="0" pX="100" pY="40" skX="0" skY="0"/>
    </display>
    <display name="Symbol 13028" type="image">
     <transform scX="1" x="0" scY="1" y="0" pX="100" pY="40" skX="0" skY="0"/>
    </display>
    <display name="Symbol 13030" type="image">
     <transform scX="1" x="0" scY="1" y="0" pX="100" pY="40" skX="0" skY="0"/>
    </display>
    <display name="Symbol 13032" type="image">
     <transform scX="1" x="0" scY="1" y="0" pX="100" pY="40" skX="0" skY="0"/>
    </display>
   </slot>
  </skin>
  <bone name="FastPauseCase">
   <transform scX="1.14" x="500" skX="0" scY="1.2" y="340" skY="0"/>
  </bone>
  <bone name="Layer 1">
   <transform scX="1" x="500" skX="0" scY="1" y="340" skY="0"/>
  </bone>
  <animation fadeInTime="0.3" scale="1" loop="1" autoTween="NaN" name="FastPause_mc" duration="11" tweenEasing="NaN">
   <timeline pX="0" name="FastPauseCase" pY="0" scale="1" offset="0">
    <frame z="0" duration="1">
     <transform scX="1" x="0" scY="1" y="0" pX="0" pY="0" skX="0" skY="0"/>
     <colorTransform bM="100" gO="0" bO="0" aM="0" rM="100" aO="0" gM="100" rO="0"/>
    </frame>
    <frame z="0" duration="1">
     <transform scX="1" x="0" scY="1" y="0" pX="0" pY="0" skX="0" skY="0"/>
     <colorTransform bM="100" gO="0" bO="0" aM="20" rM="100" aO="0" gM="100" rO="0"/>
    </frame>
    <frame z="0" duration="1">
     <transform scX="1" x="0" scY="1" y="0" pX="0" pY="0" skX="0" skY="0"/>
     <colorTransform bM="100" gO="0" bO="0" aM="40" rM="100" aO="0" gM="100" rO="0"/>
    </frame>
    <frame z="0" duration="1">
     <transform scX="1" x="0" scY="1" y="0" pX="0" pY="0" skX="0" skY="0"/>
     <colorTransform bM="100" gO="0" bO="0" aM="60" rM="100" aO="0" gM="100" rO="0"/>
    </frame>
    <frame z="0" duration="1">
     <transform scX="1" x="0" scY="1" y="0" pX="0" pY="0" skX="0" skY="0"/>
     <colorTransform bM="100" gO="0" bO="0" aM="80" rM="100" aO="0" gM="100" rO="0"/>
    </frame>
    <frame z="0" duration="5">
     <transform scX="1" x="0" scY="1" y="0" pX="0" pY="0" skX="0" skY="0"/>
    </frame>
    <frame z="0" duration="1">
     <transform scX="1" x="0" scY="1" y="0" pX="0" pY="0" skX="0" skY="0"/>
    </frame>
   </timeline>
   <timeline pX="0" name="Layer 1" pY="0" scale="1" offset="0">
    <frame displayIndex="-1" duration="2"/>
    <frame z="0" duration="1">
     <transform scX="1" x="0" scY="1" y="0" pX="0" pY="0" skX="0" skY="0"/>
    </frame>
    <frame displayIndex="1" z="0" duration="1">
     <transform scX="1" x="0" scY="1" y="0" pX="0" pY="0" skX="0" skY="0"/>
    </frame>
    <frame displayIndex="2" z="0" duration="1">
     <transform scX="1" x="0" scY="1" y="0" pX="0" pY="0" skX="0" skY="0"/>
    </frame>
    <frame displayIndex="3" z="0" duration="1">
     <transform scX="1" x="0" scY="1" y="0" pX="0" pY="0" skX="0" skY="0"/>
    </frame>
    <frame displayIndex="4" z="0" duration="1">
     <transform scX="1" x="0" scY="1" y="0" pX="0" pY="0" skX="0" skY="0"/>
    </frame>
    <frame displayIndex="5" z="0" duration="1">
     <transform scX="1" x="0" scY="1" y="0" pX="0" pY="0" skX="0" skY="0"/>
    </frame>
    <frame displayIndex="6" z="0" duration="2">
     <transform scX="1" x="0" scY="1" y="0" pX="0" pY="0" skX="0" skY="0"/>
    </frame>
    <frame displayIndex="6" z="0" duration="1">
     <transform scX="1" x="0" scY="1" y="0" pX="0" pY="0" skX="0" skY="0"/>
    </frame>
   </timeline>
  </animation>
 </armature>
</root>