{"armature":[{"skin":[{"name":"default","slot":[{"name":"shadow","z":0,"display":[{"transform":{"pX":10,"pY":10},"name":"shadow","type":"image"}],"parent":"shadow"},{"name":"contSlot","z":1,"display":[{"transform":{},"name":"contSlot","type":"armature"}],"parent":"contSlot"}]}],"name":"unit4","bone":[{"transform":{"scX":1.5,"x":-1.15,"scY":0.63},"name":"shadow"},{"transform":{},"name":"contSlot"}],"animation":[{"name":"cont","timeline":[{"name":"shadow","frame":[{"z":0,"transform":{},"duration":1},{"z":0,"transform":{"x":-0.05},"duration":29},{"z":0,"transform":{"x":-0.05},"duration":1}]},{"name":"contSlot","frame":[{"transform":{},"z":0,"duration":3,"tweenEasing":0},{"transform":{"x":-0.2,"skX":-1.26,"skY":-1.26},"z":0,"duration":1,"tweenEasing":0},{"transform":{"x":-0.3,"y":-0.05,"skX":-1.55,"skY":-1.55},"z":0,"duration":3,"tweenEasing":0},{"transform":{"x":-0.55,"y":-0.05,"skX":-3,"skY":-3},"z":0,"duration":3,"tweenEasing":0},{"transform":{"x":-0.3,"y":-0.05,"skX":-1.76,"skY":-1.76},"z":0,"duration":1,"tweenEasing":0},{"transform":{"x":-0.25,"skX":-1.28,"skY":-1.28},"z":0,"duration":7,"tweenEasing":0},{"transform":{"x":0.25,"skX":1.29,"skY":1.29},"z":0,"duration":1,"tweenEasing":0},{"transform":{"x":0.3,"y":0.05,"skX":1.76,"skY":1.76},"z":0,"duration":3,"tweenEasing":0},{"transform":{"x":0.55,"y":0.05,"skX":3,"skY":3},"z":0,"duration":3,"tweenEasing":0},{"transform":{"x":0.3,"y":0.05,"skX":1.55,"skY":1.55},"z":0,"duration":1,"tweenEasing":0},{"transform":{"x":0.2,"skX":1.26,"skY":1.26},"z":0,"duration":3,"tweenEasing":0},{"z":0,"transform":{},"duration":1},{"z":0,"transform":{},"duration":1}]}],"frame":[{"duration":30},{"duration":1}],"autoTween":null,"fadeInTime":0.3,"duration":31,"tweenEasing":null}]},{"skin":[{"name":"default","slot":[{"name":"contSlot","z":0,"display":[{"transform":{"pX":14,"pY":23},"name":"Shape/shape 2415","type":"image"},{"transform":{"pX":13,"pY":23},"name":"Shape/shape 2417","type":"image"}],"parent":"contSlot"}]}],"name":"contSlot","bone":[{"transform":{},"name":"contSlot"}],"animation":[{"fadeInTime":0.3,"timeline":[{"name":"contSlot","frame":[{"z":0,"transform":{},"duration":1},{"displayIndex":1,"transform":{},"z":0,"duration":1},{"displayIndex":1,"transform":{},"z":0,"duration":1}]}],"autoTween":null,"name":"dir","duration":3,"tweenEasing":null}]}],"name":"unit4","isGlobal":0,"frameRate":30,"version":"3.0"}