<TextureAtlas name="DeathAit1_mc" imagePath="texture.png">
 <SubTexture name="Shape/shape 1248" x="0" y="86" width="60" height="84"/>
 <SubTexture name="Shape/shape 1250" x="62" y="172" width="60" height="84"/>
 <SubTexture name="Shape/shape 1252" x="0" y="172" width="60" height="84"/>
 <SubTexture name="Shape/shape 1254" x="0" y="0" width="60" height="84"/>
 <SubTexture name="Shape/shape 1256" x="186" y="86" width="60" height="84"/>
 <SubTexture name="Shape/shape 1258" x="62" y="86" width="60" height="84"/>
 <SubTexture name="Shape/shape 1260" x="124" y="0" width="60" height="84"/>
 <SubTexture name="Shape/shape 1262" x="186" y="0" width="60" height="84"/>
 <SubTexture name="Shape/shape 1264" x="62" y="0" width="60" height="84"/>
 <SubTexture name="Shape/shape 1266" x="124" y="86" width="60" height="84"/>
</TextureAtlas>