<root name="MoneyAdd_mc" isGlobal="0" frameRate="30" version="3.0">
 <armature name="MoneyAdd_mc">
  <skin name="default">
   <slot name="Layer 1" z="0" parent="Layer 1">
    <display name="Shape/shape 12785" type="image">
     <transform pX="20" pY="24"/>
    </display>
    <display name="Shape/shape 12787" type="image">
     <transform pX="20" pY="24"/>
    </display>
    <display name="Shape/shape 12789" type="image">
     <transform pX="20" pY="24"/>
    </display>
   </slot>
   <slot name="noteTXT" z="1" parent="noteTXT">
    <display name="text" type="text">
     <transform x="-2" y="-2"/>
     <text alignV="top" size="12" text="444" alignH="left" face="FZJianTiS-R-GB Bold" lineType="multiline" width="38" bold="0" textType="dynamic" height="33" italic="0">
      <color g="204" r="255" b="0" a="255"/>
     </text>
    </display>
   </slot>
  </skin>
  <bone name="Layer 1">
   <transform scX="0.49" x="5.05" scY="0.49" y="-0.6"/>
  </bone>
  <bone name="noteTXT">
   <transform scX="0.49" x="15.05" scY="0.49" y="-0.5"/>
  </bone>
  <animation name="MoneyAdd_mc" autoTween="NaN" fadeInTime="0.3" duration="41" tweenEasing="NaN">
   <timeline name="Layer 1">
    <frame z="0" duration="1">
     <transform/>
    </frame>
    <frame z="0" displayIndex="1" duration="2" tweenEasing="0">
     <transform scX="1.551" x="-1" scY="1.551"/>
    </frame>
    <frame displayIndex="1" z="0" duration="1">
     <transform scX="2.0408" x="-2" scY="2.0408"/>
    </frame>
    <frame displayIndex="2" z="0" duration="3">
     <transform scX="2.0408" x="-2" scY="2.0408"/>
    </frame>
    <frame z="0" duration="3">
     <transform scX="2.0408" x="-2" scY="2.0408"/>
    </frame>
    <frame displayIndex="1" z="0" duration="3">
     <transform scX="2.0408" x="-2" scY="2.0408"/>
    </frame>
    <frame displayIndex="2" z="0" duration="3">
     <transform scX="2.0408" x="-2" scY="2.0408"/>
    </frame>
    <frame z="0" duration="3">
     <transform scX="2.0408" x="-2" scY="2.0408"/>
    </frame>
    <frame displayIndex="1" z="0" duration="3">
     <transform scX="2.0408" x="-2" scY="2.0408"/>
    </frame>
    <frame displayIndex="2" z="0" duration="3">
     <transform scX="2.0408" x="-2" scY="2.0408"/>
    </frame>
    <frame z="0" duration="3">
     <transform scX="2.0408" x="-2" scY="2.0408"/>
    </frame>
    <frame displayIndex="1" z="0" duration="3">
     <transform scX="2.0408" x="-2" scY="2.0408"/>
    </frame>
    <frame displayIndex="2" z="0" duration="3">
     <transform scX="2.0408" x="-2" scY="2.0408"/>
    </frame>
    <frame z="0" duration="3">
     <transform scX="2.0408" x="-2" scY="2.0408"/>
    </frame>
    <frame displayIndex="1" z="0" duration="3">
     <transform scX="2.0408" x="-2" scY="2.0408"/>
    </frame>
    <frame displayIndex="1" z="0" duration="1">
     <transform scX="2.0408" x="-2" scY="2.0408"/>
    </frame>
   </timeline>
   <timeline name="noteTXT">
    <frame z="0" duration="2" tweenEasing="0">
     <transform/>
    </frame>
    <frame z="0" duration="1">
     <transform scX="2.2449" x="10.05" scY="2.2449" y="1.15"/>
    </frame>
    <frame z="0" duration="37">
     <transform scX="2.1224" x="9.1" scY="2.1224" y="1"/>
    </frame>
    <frame z="0" duration="1">
     <transform scX="2.1224" x="9.1" scY="2.1224" y="1"/>
    </frame>
   </timeline>
   <frame duration="40"/>
   <frame duration="1"/>
  </animation>
 </armature>
</root>