<dragonBones name="1yrt" frameRate="30" version="2.3">
 <armature name="boneBlock">
  <bone name="Layer 1">
   <transform x="0" y="0" skX="0" skY="0" scX="1" scY="1"/>
  </bone>
  <skin name="default">
   <slot name="Layer 1" parent="Layer 1" z="0">
    <display name="Shape/shape 6357" type="image">
     <transform x="0" y="0" skX="0" skY="0" scX="1" scY="1" pX="52" pY="39"/>
    </display>
    <display name="Shape/shape 6359" type="image">
     <transform x="0" y="0" skX="0" skY="0" scX="1" scY="1" pX="52" pY="39"/>
    </display>
    <display name="Shape/shape 6361" type="image">
     <transform x="0" y="0" skX="0" skY="0" scX="1" scY="1" pX="52" pY="39"/>
    </display>
    <display name="Shape/shape 6363" type="image">
     <transform x="0" y="0" skX="0" skY="0" scX="1" scY="1" pX="52" pY="39"/>
    </display>
    <display name="Shape/shape 6365" type="image">
     <transform x="0" y="0" skX="0" skY="0" scX="1" scY="1" pX="52" pY="39"/>
    </display>
    <display name="Shape/shape 6367" type="image">
     <transform x="0" y="0" skX="0" skY="0" scX="1" scY="1" pX="52" pY="39"/>
    </display>
    <display name="Shape/shape 6368" type="image">
     <transform x="0" y="0" skX="0" skY="0" scX="1" scY="1" pX="52" pY="39"/>
    </display>
    <display name="Shape/shape 6370" type="image">
     <transform x="0" y="0" skX="0" skY="0" scX="1" scY="1" pX="52" pY="39"/>
    </display>
    <display name="Shape/shape 6372" type="image">
     <transform x="0" y="0" skX="0" skY="0" scX="1" scY="1" pX="52" pY="39"/>
    </display>
    <display name="Shape/shape 6374" type="image">
     <transform x="0" y="0" skX="0" skY="0" scX="1" scY="1" pX="52" pY="39"/>
    </display>
    <display name="Shape/shape 6376" type="image">
     <transform x="0" y="0" skX="0" skY="0" scX="1" scY="1" pX="52" pY="39"/>
    </display>
    <display name="Shape/shape 6378" type="image">
     <transform x="0" y="0" skX="0" skY="0" scX="1" scY="1" pX="52" pY="39"/>
    </display>
    <display name="Shape/shape 6380" type="image">
     <transform x="0" y="0" skX="0" skY="0" scX="1" scY="1" pX="52" pY="39"/>
    </display>
    <display name="Shape/shape 6382" type="image">
     <transform x="0" y="0" skX="0" skY="0" scX="1" scY="1"/>
    </display>
   </slot>
  </skin>
  <animation name="boneBlock" fadeInTime="0.3" duration="18" scale="1" loop="1" autoTween="1" tweenEasing="NaN">
   <timeline name="Layer 1" scale="1" offset="0">
    <frame z="0" duration="2">
     <transform x="0" y="0" skX="0" skY="0" scX="1" scY="1" pX="0" pY="0"/>
    </frame>
    <frame z="0" displayIndex="1" duration="2">
     <transform x="0" y="0" skX="0" skY="0" scX="1" scY="1" pX="0" pY="0"/>
    </frame>
    <frame z="0" displayIndex="2" duration="2">
     <transform x="0" y="0" skX="0" skY="0" scX="1" scY="1" pX="0" pY="0"/>
    </frame>
    <frame z="0" displayIndex="3" duration="2">
     <transform x="0" y="0" skX="0" skY="0" scX="1" scY="1" pX="0" pY="0"/>
    </frame>
    <frame z="0" displayIndex="4" duration="1">
     <transform x="0" y="0" skX="0" skY="0" scX="1" scY="1" pX="0" pY="0"/>
    </frame>
    <frame z="0" displayIndex="5" duration="1">
     <transform x="0" y="0" skX="0" skY="0" scX="1" scY="1" pX="0" pY="0"/>
    </frame>
    <frame z="0" displayIndex="6" duration="1">
     <transform x="0" y="0" skX="0" skY="0" scX="1" scY="1" pX="0" pY="0"/>
    </frame>
    <frame z="0" displayIndex="7" duration="1">
     <transform x="0" y="0" skX="0" skY="0" scX="1" scY="1" pX="0" pY="0"/>
    </frame>
    <frame z="0" displayIndex="8" duration="1">
     <transform x="0" y="0" skX="0" skY="0" scX="1" scY="1" pX="0" pY="0"/>
    </frame>
    <frame z="0" displayIndex="9" duration="1">
     <transform x="0" y="0" skX="0" skY="0" scX="1" scY="1" pX="0" pY="0"/>
    </frame>
    <frame z="0" displayIndex="10" duration="1">
     <transform x="0" y="0" skX="0" skY="0" scX="1" scY="1" pX="0" pY="0"/>
    </frame>
    <frame z="0" displayIndex="11" duration="1">
     <transform x="0" y="0" skX="0" skY="0" scX="1" scY="1" pX="0" pY="0"/>
    </frame>
    <frame z="0" displayIndex="12" duration="1">
     <transform x="0" y="0" skX="0" skY="0" scX="1" scY="1" pX="0" pY="0"/>
    </frame>
    <frame z="0" displayIndex="13" duration="1">
     <transform x="0" y="0" skX="0" skY="0" scX="1" scY="1" pX="0" pY="0"/>
    </frame>
   </timeline>
   <frame duration="10"/>
   <frame duration="8" event="a"/>
  </animation>
 </armature>
</dragonBones>