<TextureAtlas name="boneBlock" imagePath="texture.png">
 <SubTexture name="Shape/shape 6357" x="214" y="160" width="105" height="78"/>
 <SubTexture name="Shape/shape 6359" x="321" y="0" width="105" height="78"/>
 <SubTexture name="Shape/shape 6361" x="107" y="0" width="105" height="78"/>
 <SubTexture name="Shape/shape 6363" x="214" y="80" width="105" height="78"/>
 <SubTexture name="Shape/shape 6365" x="107" y="160" width="105" height="78"/>
 <SubTexture name="Shape/shape 6367" x="107" y="80" width="105" height="78"/>
 <SubTexture name="Shape/shape 6368" x="0" y="80" width="105" height="78"/>
 <SubTexture name="Shape/shape 6370" x="0" y="160" width="105" height="78"/>
 <SubTexture name="Shape/shape 6372" x="214" y="0" width="105" height="78"/>
 <SubTexture name="Shape/shape 6374" x="0" y="240" width="105" height="78"/>
 <SubTexture name="Shape/shape 6376" x="321" y="80" width="105" height="78"/>
 <SubTexture name="Shape/shape 6378" x="0" y="0" width="105" height="78"/>
 <SubTexture name="Shape/shape 6380" x="321" y="160" width="105" height="78"/>
</TextureAtlas>