<root name="Iceman_mc" isGlobal="0" frameRate="30" version="3.0">
 <armature name="Iceman_mc">
  <skin name="default">
   <slot name="cont1" z="0" parent="cont1">
    <display name="Shape/shape 1098" type="image">
     <transform scX="1" x="0" scY="1" y="0" pX="18" pY="43" skX="0" skY="0"/>
    </display>
    <display name="Shape/shape 1101" type="image">
     <transform scX="1" x="0" scY="1" y="0" pX="18" pY="43" skX="0" skY="0"/>
    </display>
    <display name="Shape/shape 1104" type="image">
     <transform scX="1" x="0" scY="1" y="0" pX="18" pY="43" skX="0" skY="0"/>
    </display>
    <display name="Shape/shape 1107" type="image">
     <transform scX="1" x="0" scY="1" y="0" pX="18" pY="43" skX="0" skY="0"/>
    </display>
    <display name="Shape/shape 1110" type="image">
     <transform scX="1" x="0" scY="1" y="0" pX="18" pY="43" skX="0" skY="0"/>
    </display>
    <display name="Shape/shape 1113" type="image">
     <transform scX="1" x="0" scY="1" y="0" pX="18" pY="43" skX="0" skY="0"/>
    </display>
    <display name="Shape/shape 1116" type="image">
     <transform scX="1" x="0" scY="1" y="0" pX="18" pY="43" skX="0" skY="0"/>
    </display>
    <display name="Shape/shape 1119" type="image">
     <transform scX="1" x="0" scY="1" y="0" pX="18" pY="43" skX="0" skY="0"/>
    </display>
    <display name="Shape/shape 1122" type="image">
     <transform scX="1" x="0" scY="1" y="0" pX="18" pY="43" skX="0" skY="0"/>
    </display>
    <display name="Shape/shape 1125" type="image">
     <transform scX="1" x="0" scY="1" y="0" pX="18" pY="43" skX="0" skY="0"/>
    </display>
    <display name="Shape/shape 1128" type="image">
     <transform scX="1" x="0" scY="1" y="0" pX="18" pY="43" skX="0" skY="0"/>
    </display>
    <display name="Shape/shape 1131" type="image">
     <transform scX="1" x="0" scY="1" y="0" pX="18" pY="43" skX="0" skY="0"/>
    </display>
    <display name="Shape/shape 1134" type="image">
     <transform scX="1" x="0" scY="1" y="0" pX="18" pY="43" skX="0" skY="0"/>
    </display>
    <display name="Shape/shape 1178" type="image">
     <transform scX="1" x="0" scY="1" y="0" pX="18" pY="43" skX="0" skY="0"/>
    </display>
    <display name="Shape/shape 1179" type="image">
     <transform scX="1" x="0" scY="1" y="0" pX="18" pY="43" skX="0" skY="0"/>
    </display>
    <display name="Shape/shape 1180" type="image">
     <transform scX="1" x="0" scY="1" y="0" pX="18" pY="43" skX="0" skY="0"/>
    </display>
    <display name="Shape/shape 1181" type="image">
     <transform scX="1" x="0" scY="1" y="0" pX="18" pY="43" skX="0" skY="0"/>
    </display>
    <display name="Shape/shape 1182" type="image">
     <transform scX="1" x="0" scY="1" y="0" pX="18" pY="43" skX="0" skY="0"/>
    </display>
    <display name="Shape/shape 1183" type="image">
     <transform scX="1" x="0" scY="1" y="0" pX="18" pY="43" skX="0" skY="0"/>
    </display>
    <display name="Shape/shape 1184" type="image">
     <transform scX="1" x="0" scY="1" y="0" pX="18" pY="43" skX="0" skY="0"/>
    </display>
    <display name="Shape/shape 1185" type="image">
     <transform scX="1" x="0" scY="1" y="0" pX="18" pY="43" skX="0" skY="0"/>
    </display>
    <display name="Shape/shape 1186" type="image">
     <transform scX="1" x="0" scY="1" y="0" pX="18" pY="43" skX="0" skY="0"/>
    </display>
    <display name="Shape/shape 1187" type="image">
     <transform scX="1" x="0" scY="1" y="0" pX="18" pY="43" skX="0" skY="0"/>
    </display>
    <display name="Shape/shape 1188" type="image">
     <transform scX="1" x="0" scY="1" y="0" pX="18" pY="43" skX="0" skY="0"/>
    </display>
    <display name="Shape/shape 1189" type="image">
     <transform scX="1" x="0" scY="1" y="0" pX="18" pY="43" skX="0" skY="0"/>
    </display>
    <display name="Shape/shape 1190" type="image">
     <transform scX="1" x="0" scY="1" y="0" pX="18" pY="43" skX="0" skY="0"/>
    </display>
   </slot>
   <slot name="cont" z="1" parent="cont">
    <display name="Shape/shape 1063" type="image">
     <transform scX="1" x="0" scY="1" y="0" pX="31" pY="43" skX="0" skY="0"/>
    </display>
    <display name="Shape/shape 1066" type="image">
     <transform scX="1" x="0" scY="1" y="0" pX="31" pY="43" skX="0" skY="0"/>
    </display>
    <display name="Shape/shape 1069" type="image">
     <transform scX="1" x="0" scY="1" y="0" pX="31" pY="43" skX="0" skY="0"/>
    </display>
    <display name="Shape/shape 1072" type="image">
     <transform scX="1" x="0" scY="1" y="0" pX="31" pY="43" skX="0" skY="0"/>
    </display>
    <display name="Shape/shape 1075" type="image">
     <transform scX="1" x="0" scY="1" y="0" pX="31" pY="43" skX="0" skY="0"/>
    </display>
    <display name="Shape/shape 1078" type="image">
     <transform scX="1" x="0" scY="1" y="0" pX="31" pY="43" skX="0" skY="0"/>
    </display>
    <display name="Shape/shape 1081" type="image">
     <transform scX="1" x="0" scY="1" y="0" pX="31" pY="43" skX="0" skY="0"/>
    </display>
    <display name="Shape/shape 1084" type="image">
     <transform scX="1" x="0" scY="1" y="0" pX="31" pY="43" skX="0" skY="0"/>
    </display>
    <display name="Shape/shape 1087" type="image">
     <transform scX="1" x="0" scY="1" y="0" pX="31" pY="43" skX="0" skY="0"/>
    </display>
    <display name="Shape/shape 1090" type="image">
     <transform scX="1" x="0" scY="1" y="0" pX="31" pY="43" skX="0" skY="0"/>
    </display>
    <display name="Shape/shape 1093" type="image">
     <transform scX="1" x="0" scY="1" y="0" pX="31" pY="43" skX="0" skY="0"/>
    </display>
    <display name="Shape/shape 1096" type="image">
     <transform scX="1" x="0" scY="1" y="0" pX="31" pY="43" skX="0" skY="0"/>
    </display>
    <display name="Shape/shape 1100" type="image">
     <transform scX="1" x="0" scY="1" y="0" pX="31" pY="38.55" skX="0" skY="0"/>
    </display>
    <display name="Shape/shape 1103" type="image">
     <transform scX="1" x="0" scY="1" y="0" pX="31" pY="38.55" skX="0" skY="0"/>
    </display>
    <display name="Shape/shape 1106" type="image">
     <transform scX="1" x="0" scY="1" y="0" pX="31" pY="38.55" skX="0" skY="0"/>
    </display>
    <display name="Shape/shape 1109" type="image">
     <transform scX="1" x="0" scY="1" y="0" pX="31" pY="38.55" skX="0" skY="0"/>
    </display>
    <display name="Shape/shape 1112" type="image">
     <transform scX="1" x="0" scY="1" y="0" pX="31" pY="38.55" skX="0" skY="0"/>
    </display>
    <display name="Shape/shape 1115" type="image">
     <transform scX="1" x="0" scY="1" y="0" pX="31" pY="39" skX="0" skY="0"/>
    </display>
    <display name="Shape/shape 1118" type="image">
     <transform scX="1" x="0" scY="1" y="0" pX="31" pY="39" skX="0" skY="0"/>
    </display>
    <display name="Shape/shape 1121" type="image">
     <transform scX="1" x="0" scY="1" y="0" pX="31" pY="39" skX="0" skY="0"/>
    </display>
    <display name="Shape/shape 1124" type="image">
     <transform scX="1" x="0" scY="1" y="0" pX="31" pY="39" skX="0" skY="0"/>
    </display>
    <display name="Shape/shape 1127" type="image">
     <transform scX="1" x="0" scY="1" y="0" pX="31" pY="39" skX="0" skY="0"/>
    </display>
    <display name="Shape/shape 1130" type="image">
     <transform scX="1" x="0" scY="1" y="0" pX="31" pY="39" skX="0" skY="0"/>
    </display>
    <display name="Shape/shape 1133" type="image">
     <transform scX="1" x="0" scY="1" y="0" pX="31" pY="39" skX="0" skY="0"/>
    </display>
    <display name="Shape/shape 1136" type="image">
     <transform scX="1" x="0" scY="1" y="0" pX="31" pY="39" skX="0" skY="0"/>
    </display>
    <display name="Shape/shape 1138" type="image">
     <transform scX="1" x="0" scY="1" y="0" pX="31" pY="38.55" skX="0" skY="0"/>
    </display>
    <display name="Shape/shape 1140" type="image">
     <transform scX="1" x="0" scY="1" y="0" pX="31" pY="38.55" skX="0" skY="0"/>
    </display>
    <display name="Shape/shape 1142" type="image">
     <transform scX="1" x="0" scY="1" y="0" pX="31" pY="38.55" skX="0" skY="0"/>
    </display>
    <display name="Shape/shape 1144" type="image">
     <transform scX="1" x="0" scY="1" y="0" pX="31" pY="38.55" skX="0" skY="0"/>
    </display>
    <display name="Shape/shape 1146" type="image">
     <transform scX="1" x="0" scY="1" y="0" pX="31" pY="38.55" skX="0" skY="0"/>
    </display>
    <display name="Shape/shape 1148" type="image">
     <transform scX="1" x="0" scY="1" y="0" pX="31" pY="38.55" skX="0" skY="0"/>
    </display>
    <display name="Shape/shape 1150" type="image">
     <transform scX="1" x="0" scY="1" y="0" pX="31" pY="38.55" skX="0" skY="0"/>
    </display>
    <display name="Shape/shape 1152" type="image">
     <transform scX="1" x="0" scY="1" y="0" pX="31" pY="38.55" skX="0" skY="0"/>
    </display>
    <display name="Shape/shape 1154" type="image">
     <transform scX="1" x="0" scY="1" y="0" pX="31" pY="43" skX="0" skY="0"/>
    </display>
    <display name="Shape/shape 1156" type="image">
     <transform scX="1" x="0" scY="1" y="0" pX="31" pY="43" skX="0" skY="0"/>
    </display>
    <display name="Shape/shape 1158" type="image">
     <transform scX="1" x="0" scY="1" y="0" pX="31" pY="43" skX="0" skY="0"/>
    </display>
    <display name="Shape/shape 1160" type="image">
     <transform scX="1" x="0" scY="1" y="0" pX="31" pY="43" skX="0" skY="0"/>
    </display>
    <display name="Shape/shape 1162" type="image">
     <transform scX="1" x="0" scY="1" y="0" pX="31" pY="43" skX="0" skY="0"/>
    </display>
    <display name="Shape/shape 1164" type="image">
     <transform scX="1" x="0" scY="1" y="0" pX="31" pY="43" skX="0" skY="0"/>
    </display>
    <display name="Shape/shape 1166" type="image">
     <transform scX="1" x="0" scY="1" y="0" pX="31" pY="43" skX="0" skY="0"/>
    </display>
    <display name="Shape/shape 1168" type="image">
     <transform scX="1" x="0" scY="1" y="0" pX="31" pY="43" skX="0" skY="0"/>
    </display>
    <display name="Shape/shape 1170" type="image">
     <transform scX="1" x="0" scY="1" y="0" pX="31" pY="43" skX="0" skY="0"/>
    </display>
    <display name="Shape/shape 1172" type="image">
     <transform scX="1" x="0" scY="1" y="0" pX="31" pY="43" skX="0" skY="0"/>
    </display>
    <display name="Shape/shape 1174" type="image">
     <transform scX="1" x="0" scY="1" y="0" pX="31" pY="43" skX="0" skY="0"/>
    </display>
    <display name="Shape/shape 1176" type="image">
     <transform scX="1" x="0" scY="1" y="0" pX="31" pY="43" skX="0" skY="0"/>
    </display>
   </slot>
  </skin>
  <bone name="cont1">
   <transform scX="1" x="0" skX="0" scY="1" y="0" skY="0"/>
  </bone>
  <bone name="cont">
   <transform scX="1" x="0" skX="0" scY="1" y="0" skY="0"/>
  </bone>
  <animation fadeInTime="0.3" scale="1" loop="1" autoTween="NaN" name="Iceman_mc" duration="151" tweenEasing="NaN">
   <timeline pX="0" name="cont1" pY="0" scale="1" offset="0">
    <frame displayIndex="-1" duration="24"/>
    <frame z="0" duration="1">
     <transform scX="1" x="0" scY="1" y="0" pX="0" pY="0" skX="0" skY="0"/>
    </frame>
    <frame displayIndex="1" z="0" duration="2">
     <transform scX="1" x="0" scY="1" y="0" pX="0" pY="0" skX="0" skY="0"/>
    </frame>
    <frame displayIndex="2" z="0" duration="2">
     <transform scX="1" x="0" scY="1" y="0" pX="0" pY="0" skX="0" skY="0"/>
    </frame>
    <frame displayIndex="3" z="0" duration="2">
     <transform scX="1" x="0" scY="1" y="0" pX="0" pY="0" skX="0" skY="0"/>
    </frame>
    <frame displayIndex="4" z="0" duration="2">
     <transform scX="1" x="0" scY="1" y="0" pX="0" pY="0" skX="0" skY="0"/>
    </frame>
    <frame displayIndex="5" z="0" duration="2">
     <transform scX="1" x="0" scY="1" y="0" pX="0" pY="0" skX="0" skY="0"/>
    </frame>
    <frame displayIndex="6" z="0" duration="2">
     <transform scX="1" x="0" scY="1" y="0" pX="0" pY="0" skX="0" skY="0"/>
    </frame>
    <frame displayIndex="7" z="0" duration="2">
     <transform scX="1" x="0" scY="1" y="0" pX="0" pY="0" skX="0" skY="0"/>
    </frame>
    <frame displayIndex="8" z="0" duration="2">
     <transform scX="1" x="0" scY="1" y="0" pX="0" pY="0" skX="0" skY="0"/>
    </frame>
    <frame displayIndex="9" z="0" duration="2">
     <transform scX="1" x="0" scY="1" y="0" pX="0" pY="0" skX="0" skY="0"/>
    </frame>
    <frame displayIndex="10" z="0" duration="2">
     <transform scX="1" x="0" scY="1" y="0" pX="0" pY="0" skX="0" skY="0"/>
    </frame>
    <frame displayIndex="11" z="0" duration="2">
     <transform scX="1" x="0" scY="1" y="0" pX="0" pY="0" skX="0" skY="0"/>
    </frame>
    <frame displayIndex="12" z="0" duration="2">
     <transform scX="1" x="0" scY="1" y="0" pX="0" pY="0" skX="0" skY="0"/>
    </frame>
    <frame z="0" duration="1">
     <transform scX="1" x="0" scY="1" y="0" pX="0" pY="0" skX="0" skY="0"/>
    </frame>
    <frame displayIndex="-1" duration="24"/>
    <frame z="0" duration="1">
     <transform scX="1" x="0" scY="1" y="0" pX="0" pY="0" skX="0" skY="0"/>
    </frame>
    <frame displayIndex="1" z="0" duration="2">
     <transform scX="1" x="0" scY="1" y="0" pX="0" pY="0" skX="0" skY="0"/>
    </frame>
    <frame displayIndex="2" z="0" duration="2">
     <transform scX="1" x="0" scY="1" y="0" pX="0" pY="0" skX="0" skY="0"/>
    </frame>
    <frame displayIndex="3" z="0" duration="2">
     <transform scX="1" x="0" scY="1" y="0" pX="0" pY="0" skX="0" skY="0"/>
    </frame>
    <frame displayIndex="4" z="0" duration="2">
     <transform scX="1" x="0" scY="1" y="0" pX="0" pY="0" skX="0" skY="0"/>
    </frame>
    <frame displayIndex="5" z="0" duration="2">
     <transform scX="1" x="0" scY="1" y="0" pX="0" pY="0" skX="0" skY="0"/>
    </frame>
    <frame displayIndex="6" z="0" duration="2">
     <transform scX="1" x="0" scY="1" y="0" pX="0" pY="0" skX="0" skY="0"/>
    </frame>
    <frame displayIndex="7" z="0" duration="2">
     <transform scX="1" x="0" scY="1" y="0" pX="0" pY="0" skX="0" skY="0"/>
    </frame>
    <frame displayIndex="8" z="0" duration="2">
     <transform scX="1" x="0" scY="1" y="0" pX="0" pY="0" skX="0" skY="0"/>
    </frame>
    <frame displayIndex="9" z="0" duration="2">
     <transform scX="1" x="0" scY="1" y="0" pX="0" pY="0" skX="0" skY="0"/>
    </frame>
    <frame displayIndex="10" z="0" duration="2">
     <transform scX="1" x="0" scY="1" y="0" pX="0" pY="0" skX="0" skY="0"/>
    </frame>
    <frame displayIndex="11" z="0" duration="2">
     <transform scX="1" x="0" scY="1" y="0" pX="0" pY="0" skX="0" skY="0"/>
    </frame>
    <frame displayIndex="12" z="0" duration="2">
     <transform scX="1" x="0" scY="1" y="0" pX="0" pY="0" skX="0" skY="0"/>
    </frame>
    <frame z="0" duration="1">
     <transform scX="1" x="0" scY="1" y="0" pX="0" pY="0" skX="0" skY="0"/>
    </frame>
    <frame displayIndex="-1" duration="24"/>
    <frame displayIndex="13" z="0" duration="1">
     <transform scX="1" x="0" scY="1" y="0" pX="0" pY="0" skX="0" skY="0"/>
    </frame>
    <frame displayIndex="14" z="0" duration="2">
     <transform scX="1" x="0" scY="1" y="0" pX="0" pY="0" skX="0" skY="0"/>
    </frame>
    <frame displayIndex="15" z="0" duration="2">
     <transform scX="1" x="0" scY="1" y="0" pX="0" pY="0" skX="0" skY="0"/>
    </frame>
    <frame displayIndex="16" z="0" duration="2">
     <transform scX="1" x="0" scY="1" y="0" pX="0" pY="0" skX="0" skY="0"/>
    </frame>
    <frame displayIndex="17" z="0" duration="2">
     <transform scX="1" x="0" scY="1" y="0" pX="0" pY="0" skX="0" skY="0"/>
    </frame>
    <frame displayIndex="18" z="0" duration="2">
     <transform scX="1" x="0" scY="1" y="0" pX="0" pY="0" skX="0" skY="0"/>
    </frame>
    <frame displayIndex="19" z="0" duration="2">
     <transform scX="1" x="0" scY="1" y="0" pX="0" pY="0" skX="0" skY="0"/>
    </frame>
    <frame displayIndex="20" z="0" duration="2">
     <transform scX="1" x="0" scY="1" y="0" pX="0" pY="0" skX="0" skY="0"/>
    </frame>
    <frame displayIndex="21" z="0" duration="2">
     <transform scX="1" x="0" scY="1" y="0" pX="0" pY="0" skX="0" skY="0"/>
    </frame>
    <frame displayIndex="22" z="0" duration="2">
     <transform scX="1" x="0" scY="1" y="0" pX="0" pY="0" skX="0" skY="0"/>
    </frame>
    <frame displayIndex="23" z="0" duration="2">
     <transform scX="1" x="0" scY="1" y="0" pX="0" pY="0" skX="0" skY="0"/>
    </frame>
    <frame displayIndex="24" z="0" duration="2">
     <transform scX="1" x="0" scY="1" y="0" pX="0" pY="0" skX="0" skY="0"/>
    </frame>
    <frame displayIndex="25" z="0" duration="2">
     <transform scX="1" x="0" scY="1" y="0" pX="0" pY="0" skX="0" skY="0"/>
    </frame>
    <frame displayIndex="13" z="0" duration="1">
     <transform scX="1" x="0" scY="1" y="0" pX="0" pY="0" skX="0" skY="0"/>
    </frame>
    <frame displayIndex="13" z="0" duration="1">
     <transform scX="1" x="0" scY="1" y="0" pX="0" pY="0" skX="0" skY="0"/>
    </frame>
   </timeline>
   <timeline pX="0" name="cont" pY="0" scale="1" offset="0">
    <frame z="0" duration="2">
     <transform scX="1" x="0" scY="1" y="0" pX="0" pY="0" skX="0" skY="0"/>
    </frame>
    <frame displayIndex="1" z="0" duration="2">
     <transform scX="1" x="0" scY="1" y="0" pX="0" pY="0" skX="0" skY="0"/>
    </frame>
    <frame displayIndex="2" z="0" duration="2">
     <transform scX="1" x="0" scY="1" y="0" pX="0" pY="0" skX="0" skY="0"/>
    </frame>
    <frame displayIndex="3" z="0" duration="2">
     <transform scX="1" x="0" scY="1" y="0" pX="0" pY="0" skX="0" skY="0"/>
    </frame>
    <frame displayIndex="4" z="0" duration="2">
     <transform scX="1" x="0" scY="1" y="0" pX="0" pY="0" skX="0" skY="0"/>
    </frame>
    <frame displayIndex="5" z="0" duration="2">
     <transform scX="1" x="0" scY="1" y="0" pX="0" pY="0" skX="0" skY="0"/>
    </frame>
    <frame displayIndex="6" z="0" duration="2">
     <transform scX="1" x="0" scY="1" y="0" pX="0" pY="0" skX="0" skY="0"/>
    </frame>
    <frame displayIndex="7" z="0" duration="2">
     <transform scX="1" x="0" scY="1" y="0" pX="0" pY="0" skX="0" skY="0"/>
    </frame>
    <frame displayIndex="8" z="0" duration="2">
     <transform scX="1" x="0" scY="1" y="0" pX="0" pY="0" skX="0" skY="0"/>
    </frame>
    <frame displayIndex="9" z="0" duration="2">
     <transform scX="1" x="0" scY="1" y="0" pX="0" pY="0" skX="0" skY="0"/>
    </frame>
    <frame displayIndex="10" z="0" duration="2">
     <transform scX="1" x="0" scY="1" y="0" pX="0" pY="0" skX="0" skY="0"/>
    </frame>
    <frame displayIndex="11" z="0" duration="2">
     <transform scX="1" x="0" scY="1" y="0" pX="0" pY="0" skX="0" skY="0"/>
    </frame>
    <frame displayIndex="12" z="0" duration="2">
     <transform scX="1" x="0" scY="1" y="-0.45" pX="0" pY="0" skX="0" skY="0"/>
    </frame>
    <frame displayIndex="13" z="0" duration="2">
     <transform scX="1" x="0" scY="1" y="-0.45" pX="0" pY="0" skX="0" skY="0"/>
    </frame>
    <frame displayIndex="14" z="0" duration="2">
     <transform scX="1" x="0" scY="1" y="-0.45" pX="0" pY="0" skX="0" skY="0"/>
    </frame>
    <frame displayIndex="15" z="0" duration="2">
     <transform scX="1" x="0" scY="1" y="-0.45" pX="0" pY="0" skX="0" skY="0"/>
    </frame>
    <frame displayIndex="16" z="0" duration="2">
     <transform scX="1" x="0" scY="1" y="-0.45" pX="0" pY="0" skX="0" skY="0"/>
    </frame>
    <frame displayIndex="17" z="0" duration="2">
     <transform scX="1" x="0" scY="1" y="0" pX="0" pY="0" skX="0" skY="0"/>
    </frame>
    <frame displayIndex="18" z="0" duration="2">
     <transform scX="1" x="0" scY="1" y="0" pX="0" pY="0" skX="0" skY="0"/>
    </frame>
    <frame displayIndex="19" z="0" duration="2">
     <transform scX="1" x="0" scY="1" y="0" pX="0" pY="0" skX="0" skY="0"/>
    </frame>
    <frame displayIndex="20" z="0" duration="2">
     <transform scX="1" x="0" scY="1" y="0" pX="0" pY="0" skX="0" skY="0"/>
    </frame>
    <frame displayIndex="21" z="0" duration="2">
     <transform scX="1" x="0" scY="1" y="0" pX="0" pY="0" skX="0" skY="0"/>
    </frame>
    <frame displayIndex="22" z="0" duration="2">
     <transform scX="1" x="0" scY="1" y="0" pX="0" pY="0" skX="0" skY="0"/>
    </frame>
    <frame displayIndex="23" z="0" duration="2">
     <transform scX="1" x="0" scY="1" y="0" pX="0" pY="0" skX="0" skY="0"/>
    </frame>
    <frame displayIndex="24" z="0" duration="2">
     <transform scX="1" x="0" scY="1" y="0" pX="0" pY="0" skX="0" skY="0"/>
    </frame>
    <frame z="0" duration="2">
     <transform scX="1" x="0" scY="1" y="0" pX="0" pY="0" skX="0" skY="0"/>
    </frame>
    <frame displayIndex="1" z="0" duration="2">
     <transform scX="1" x="0" scY="1" y="0" pX="0" pY="0" skX="0" skY="0"/>
    </frame>
    <frame displayIndex="2" z="0" duration="2">
     <transform scX="1" x="0" scY="1" y="0" pX="0" pY="0" skX="0" skY="0"/>
    </frame>
    <frame displayIndex="3" z="0" duration="2">
     <transform scX="1" x="0" scY="1" y="0" pX="0" pY="0" skX="0" skY="0"/>
    </frame>
    <frame displayIndex="4" z="0" duration="2">
     <transform scX="1" x="0" scY="1" y="0" pX="0" pY="0" skX="0" skY="0"/>
    </frame>
    <frame displayIndex="5" z="0" duration="2">
     <transform scX="1" x="0" scY="1" y="0" pX="0" pY="0" skX="0" skY="0"/>
    </frame>
    <frame displayIndex="6" z="0" duration="2">
     <transform scX="1" x="0" scY="1" y="0" pX="0" pY="0" skX="0" skY="0"/>
    </frame>
    <frame displayIndex="7" z="0" duration="2">
     <transform scX="1" x="0" scY="1" y="0" pX="0" pY="0" skX="0" skY="0"/>
    </frame>
    <frame displayIndex="8" z="0" duration="2">
     <transform scX="1" x="0" scY="1" y="0" pX="0" pY="0" skX="0" skY="0"/>
    </frame>
    <frame displayIndex="9" z="0" duration="2">
     <transform scX="1" x="0" scY="1" y="0" pX="0" pY="0" skX="0" skY="0"/>
    </frame>
    <frame displayIndex="10" z="0" duration="2">
     <transform scX="1" x="0" scY="1" y="0" pX="0" pY="0" skX="0" skY="0"/>
    </frame>
    <frame displayIndex="11" z="0" duration="2">
     <transform scX="1" x="0" scY="1" y="0" pX="0" pY="0" skX="0" skY="0"/>
    </frame>
    <frame displayIndex="12" z="0" duration="2">
     <transform scX="1" x="0" scY="1" y="-0.45" pX="0" pY="0" skX="0" skY="0"/>
    </frame>
    <frame displayIndex="13" z="0" duration="2">
     <transform scX="1" x="0" scY="1" y="-0.45" pX="0" pY="0" skX="0" skY="0"/>
    </frame>
    <frame displayIndex="14" z="0" duration="2">
     <transform scX="1" x="0" scY="1" y="-0.45" pX="0" pY="0" skX="0" skY="0"/>
    </frame>
    <frame displayIndex="15" z="0" duration="2">
     <transform scX="1" x="0" scY="1" y="-0.45" pX="0" pY="0" skX="0" skY="0"/>
    </frame>
    <frame displayIndex="16" z="0" duration="2">
     <transform scX="1" x="0" scY="1" y="-0.45" pX="0" pY="0" skX="0" skY="0"/>
    </frame>
    <frame displayIndex="25" z="0" duration="2">
     <transform scX="1" x="0" scY="1" y="-0.45" pX="0" pY="0" skX="0" skY="0"/>
    </frame>
    <frame displayIndex="26" z="0" duration="2">
     <transform scX="1" x="0" scY="1" y="-0.45" pX="0" pY="0" skX="0" skY="0"/>
    </frame>
    <frame displayIndex="27" z="0" duration="2">
     <transform scX="1" x="0" scY="1" y="-0.45" pX="0" pY="0" skX="0" skY="0"/>
    </frame>
    <frame displayIndex="28" z="0" duration="2">
     <transform scX="1" x="0" scY="1" y="-0.45" pX="0" pY="0" skX="0" skY="0"/>
    </frame>
    <frame displayIndex="29" z="0" duration="2">
     <transform scX="1" x="0" scY="1" y="-0.45" pX="0" pY="0" skX="0" skY="0"/>
    </frame>
    <frame displayIndex="30" z="0" duration="2">
     <transform scX="1" x="0" scY="1" y="-0.45" pX="0" pY="0" skX="0" skY="0"/>
    </frame>
    <frame displayIndex="31" z="0" duration="2">
     <transform scX="1" x="0" scY="1" y="-0.45" pX="0" pY="0" skX="0" skY="0"/>
    </frame>
    <frame displayIndex="32" z="0" duration="2">
     <transform scX="1" x="0" scY="1" y="-0.45" pX="0" pY="0" skX="0" skY="0"/>
    </frame>
    <frame displayIndex="33" z="0" duration="2">
     <transform scX="1" x="0" scY="1" y="0" pX="0" pY="0" skX="0" skY="0"/>
    </frame>
    <frame displayIndex="34" z="0" duration="2">
     <transform scX="1" x="0" scY="1" y="0" pX="0" pY="0" skX="0" skY="0"/>
    </frame>
    <frame displayIndex="35" z="0" duration="2">
     <transform scX="1" x="0" scY="1" y="0" pX="0" pY="0" skX="0" skY="0"/>
    </frame>
    <frame displayIndex="36" z="0" duration="2">
     <transform scX="1" x="0" scY="1" y="0" pX="0" pY="0" skX="0" skY="0"/>
    </frame>
    <frame displayIndex="37" z="0" duration="2">
     <transform scX="1" x="0" scY="1" y="0" pX="0" pY="0" skX="0" skY="0"/>
    </frame>
    <frame displayIndex="38" z="0" duration="2">
     <transform scX="1" x="0" scY="1" y="0" pX="0" pY="0" skX="0" skY="0"/>
    </frame>
    <frame displayIndex="39" z="0" duration="2">
     <transform scX="1" x="0" scY="1" y="0" pX="0" pY="0" skX="0" skY="0"/>
    </frame>
    <frame displayIndex="40" z="0" duration="2">
     <transform scX="1" x="0" scY="1" y="0" pX="0" pY="0" skX="0" skY="0"/>
    </frame>
    <frame displayIndex="41" z="0" duration="2">
     <transform scX="1" x="0" scY="1" y="0" pX="0" pY="0" skX="0" skY="0"/>
    </frame>
    <frame displayIndex="42" z="0" duration="2">
     <transform scX="1" x="0" scY="1" y="0" pX="0" pY="0" skX="0" skY="0"/>
    </frame>
    <frame displayIndex="43" z="0" duration="2">
     <transform scX="1" x="0" scY="1" y="0" pX="0" pY="0" skX="0" skY="0"/>
    </frame>
    <frame displayIndex="44" z="0" duration="2">
     <transform scX="1" x="0" scY="1" y="0" pX="0" pY="0" skX="0" skY="0"/>
    </frame>
    <frame displayIndex="12" z="0" duration="2">
     <transform scX="1" x="0" scY="1" y="0" pX="0" pY="0" skX="0" skY="0"/>
    </frame>
    <frame displayIndex="13" z="0" duration="2">
     <transform scX="1" x="0" scY="1" y="0" pX="0" pY="0" skX="0" skY="0"/>
    </frame>
    <frame displayIndex="14" z="0" duration="2">
     <transform scX="1" x="0" scY="1" y="0" pX="0" pY="0" skX="0" skY="0"/>
    </frame>
    <frame displayIndex="15" z="0" duration="2">
     <transform scX="1" x="0" scY="1" y="0" pX="0" pY="0" skX="0" skY="0"/>
    </frame>
    <frame displayIndex="16" z="0" duration="2">
     <transform scX="1" x="0" scY="1" y="0" pX="0" pY="0" skX="0" skY="0"/>
    </frame>
    <frame displayIndex="25" z="0" duration="2">
     <transform scX="1" x="0" scY="1" y="0" pX="0" pY="0" skX="0" skY="0"/>
    </frame>
    <frame displayIndex="26" z="0" duration="2">
     <transform scX="1" x="0" scY="1" y="0" pX="0" pY="0" skX="0" skY="0"/>
    </frame>
    <frame displayIndex="27" z="0" duration="2">
     <transform scX="1" x="0" scY="1" y="0" pX="0" pY="0" skX="0" skY="0"/>
    </frame>
    <frame displayIndex="28" z="0" duration="2">
     <transform scX="1" x="0" scY="1" y="0" pX="0" pY="0" skX="0" skY="0"/>
    </frame>
    <frame displayIndex="29" z="0" duration="2">
     <transform scX="1" x="0" scY="1" y="0" pX="0" pY="0" skX="0" skY="0"/>
    </frame>
    <frame displayIndex="30" z="0" duration="2">
     <transform scX="1" x="0" scY="1" y="0" pX="0" pY="0" skX="0" skY="0"/>
    </frame>
    <frame displayIndex="31" z="0" duration="2">
     <transform scX="1" x="0" scY="1" y="0" pX="0" pY="0" skX="0" skY="0"/>
    </frame>
    <frame displayIndex="32" z="0" duration="2">
     <transform scX="1" x="0" scY="1" y="0" pX="0" pY="0" skX="0" skY="0"/>
    </frame>
    <frame displayIndex="32" z="0" duration="1">
     <transform scX="1" x="0" scY="1" y="0" pX="0" pY="0" skX="0" skY="0"/>
    </frame>
   </timeline>
  </animation>
 </armature>
</root>