<TextureAtlas name="Iceman_mc" imagePath="texture.png">
 <SubTexture name="Shape/shape 1098" x="126" y="388" width="40" height="56"/>
 <SubTexture name="Shape/shape 1101" x="84" y="388" width="40" height="56"/>
 <SubTexture name="Shape/shape 1104" x="252" y="330" width="40" height="56"/>
 <SubTexture name="Shape/shape 1107" x="420" y="336" width="40" height="56"/>
 <SubTexture name="Shape/shape 1110" x="394" y="278" width="40" height="56"/>
 <SubTexture name="Shape/shape 1113" x="462" y="336" width="40" height="56"/>
 <SubTexture name="Shape/shape 1116" x="310" y="278" width="40" height="56"/>
 <SubTexture name="Shape/shape 1119" x="210" y="330" width="40" height="56"/>
 <SubTexture name="Shape/shape 1122" x="252" y="388" width="40" height="56"/>
 <SubTexture name="Shape/shape 1125" x="210" y="388" width="40" height="56"/>
 <SubTexture name="Shape/shape 1128" x="352" y="278" width="40" height="56"/>
 <SubTexture name="Shape/shape 1131" x="436" y="278" width="40" height="56"/>
 <SubTexture name="Shape/shape 1134" x="0" y="330" width="40" height="56"/>
 <SubTexture name="Shape/shape 1178" x="42" y="388" width="40" height="56"/>
 <SubTexture name="Shape/shape 1179" x="294" y="336" width="40" height="56"/>
 <SubTexture name="Shape/shape 1180" x="378" y="394" width="40" height="56"/>
 <SubTexture name="Shape/shape 1181" x="294" y="394" width="40" height="56"/>
 <SubTexture name="Shape/shape 1182" x="42" y="330" width="40" height="56"/>
 <SubTexture name="Shape/shape 1183" x="0" y="388" width="40" height="56"/>
 <SubTexture name="Shape/shape 1184" x="126" y="330" width="40" height="56"/>
 <SubTexture name="Shape/shape 1185" x="378" y="336" width="40" height="56"/>
 <SubTexture name="Shape/shape 1186" x="336" y="394" width="40" height="56"/>
 <SubTexture name="Shape/shape 1187" x="84" y="330" width="40" height="56"/>
 <SubTexture name="Shape/shape 1188" x="336" y="336" width="40" height="56"/>
 <SubTexture name="Shape/shape 1189" x="168" y="388" width="40" height="56"/>
 <SubTexture name="Shape/shape 1190" x="168" y="330" width="40" height="56"/>
 <SubTexture name="Shape/shape 1063" x="186" y="116" width="60" height="56"/>
 <SubTexture name="Shape/shape 1066" x="434" y="0" width="60" height="56"/>
 <SubTexture name="Shape/shape 1069" x="248" y="0" width="60" height="56"/>
 <SubTexture name="Shape/shape 1072" x="372" y="58" width="60" height="56"/>
 <SubTexture name="Shape/shape 1075" x="434" y="58" width="60" height="56"/>
 <SubTexture name="Shape/shape 1078" x="248" y="116" width="60" height="56"/>
 <SubTexture name="Shape/shape 1081" x="372" y="0" width="60" height="56"/>
 <SubTexture name="Shape/shape 1084" x="310" y="0" width="60" height="56"/>
 <SubTexture name="Shape/shape 1087" x="310" y="58" width="60" height="56"/>
 <SubTexture name="Shape/shape 1090" x="0" y="0" width="60" height="56"/>
 <SubTexture name="Shape/shape 1093" x="62" y="58" width="60" height="56"/>
 <SubTexture name="Shape/shape 1096" x="434" y="116" width="60" height="56"/>
 <SubTexture name="Shape/shape 1100" x="0" y="226" width="60" height="50"/>
 <SubTexture name="Shape/shape 1103" x="372" y="174" width="60" height="50"/>
 <SubTexture name="Shape/shape 1106" x="248" y="278" width="60" height="50"/>
 <SubTexture name="Shape/shape 1109" x="248" y="226" width="60" height="50"/>
 <SubTexture name="Shape/shape 1112" x="186" y="226" width="60" height="50"/>
 <SubTexture name="Shape/shape 1115" x="434" y="174" width="60" height="50"/>
 <SubTexture name="Shape/shape 1118" x="124" y="278" width="60" height="50"/>
 <SubTexture name="Shape/shape 1121" x="372" y="226" width="60" height="50"/>
 <SubTexture name="Shape/shape 1124" x="62" y="226" width="60" height="50"/>
 <SubTexture name="Shape/shape 1127" x="124" y="174" width="60" height="50"/>
 <SubTexture name="Shape/shape 1130" x="434" y="226" width="60" height="50"/>
 <SubTexture name="Shape/shape 1133" x="186" y="174" width="60" height="50"/>
 <SubTexture name="Shape/shape 1136" x="310" y="226" width="60" height="50"/>
 <SubTexture name="Shape/shape 1138" x="62" y="174" width="60" height="50"/>
 <SubTexture name="Shape/shape 1140" x="186" y="278" width="60" height="50"/>
 <SubTexture name="Shape/shape 1142" x="310" y="174" width="60" height="50"/>
 <SubTexture name="Shape/shape 1144" x="124" y="226" width="60" height="50"/>
 <SubTexture name="Shape/shape 1146" x="248" y="174" width="60" height="50"/>
 <SubTexture name="Shape/shape 1148" x="0" y="278" width="60" height="50"/>
 <SubTexture name="Shape/shape 1150" x="62" y="278" width="60" height="50"/>
 <SubTexture name="Shape/shape 1152" x="0" y="174" width="60" height="50"/>
 <SubTexture name="Shape/shape 1154" x="62" y="116" width="60" height="56"/>
 <SubTexture name="Shape/shape 1156" x="124" y="116" width="60" height="56"/>
 <SubTexture name="Shape/shape 1158" x="62" y="0" width="60" height="56"/>
 <SubTexture name="Shape/shape 1160" x="372" y="116" width="60" height="56"/>
 <SubTexture name="Shape/shape 1162" x="124" y="58" width="60" height="56"/>
 <SubTexture name="Shape/shape 1164" x="186" y="0" width="60" height="56"/>
 <SubTexture name="Shape/shape 1166" x="248" y="58" width="60" height="56"/>
 <SubTexture name="Shape/shape 1168" x="0" y="58" width="60" height="56"/>
 <SubTexture name="Shape/shape 1170" x="124" y="0" width="60" height="56"/>
 <SubTexture name="Shape/shape 1172" x="310" y="116" width="60" height="56"/>
 <SubTexture name="Shape/shape 1174" x="186" y="58" width="60" height="56"/>
 <SubTexture name="Shape/shape 1176" x="0" y="116" width="60" height="56"/>
</TextureAtlas>