<root name="Tower3_mc" isGlobal="0" frameRate="30" version="3.0">
 <armature name="Tower3_mc">
  <skin name="default">
   <slot name="bg" z="0" parent="bg">
    <display name="Shape/shape 4538" type="image">
     <transform scX="1" x="0" scY="1" y="0" pX="27" pY="44" skX="0" skY="0"/>
    </display>
   </slot>
   <slot name="cont" z="1" parent="cont">
    <display name="Shape/shape 4540" type="image">
     <transform scX="1" x="0" scY="1" y="0" pX="17" pY="21" skX="0" skY="0"/>
    </display>
    <display name="Shape/shape 4542" type="image">
     <transform scX="1" x="0" scY="1" y="0" pX="17" pY="21" skX="0" skY="0"/>
    </display>
    <display name="Shape/shape 4544" type="image">
     <transform scX="1" x="0" scY="1" y="0" pX="17" pY="21" skX="0" skY="0"/>
    </display>
    <display name="Shape/shape 4546" type="image">
     <transform scX="1" x="0" scY="1" y="0" pX="17" pY="21" skX="0" skY="0"/>
    </display>
    <display name="Shape/shape 4548" type="image">
     <transform scX="1" x="0" scY="1" y="0" pX="17" pY="21" skX="0" skY="0"/>
    </display>
    <display name="Shape/shape 4550" type="image">
     <transform scX="1" x="0" scY="1" y="0" pX="17" pY="21" skX="0" skY="0"/>
    </display>
    <display name="Shape/shape 4552" type="image">
     <transform scX="1" x="0" scY="1" y="0" pX="17" pY="21" skX="0" skY="0"/>
    </display>
    <display name="Shape/shape 4554" type="image">
     <transform scX="1" x="0" scY="1" y="0" pX="17" pY="21" skX="0" skY="0"/>
    </display>
    <display name="Shape/shape 4556" type="image">
     <transform scX="1" x="0" scY="1" y="0" pX="17" pY="21" skX="0" skY="0"/>
    </display>
    <display name="Shape/shape 4558" type="image">
     <transform scX="1" x="0" scY="1" y="0" pX="17" pY="21" skX="0" skY="0"/>
    </display>
    <display name="Shape/shape 4560" type="image">
     <transform scX="1" x="0" scY="1" y="0" pX="17" pY="21" skX="0" skY="0"/>
    </display>
    <display name="Shape/shape 4562" type="image">
     <transform scX="1" x="0" scY="1" y="0" pX="17" pY="21" skX="0" skY="0"/>
    </display>
    <display name="Shape/shape 4564" type="image">
     <transform scX="1" x="0" scY="1" y="0" pX="17" pY="21" skX="0" skY="0"/>
    </display>
    <display name="Shape/shape 4566" type="image">
     <transform scX="1" x="0" scY="1" y="0" pX="17" pY="21" skX="0" skY="0"/>
    </display>
    <display name="Shape/shape 4568" type="image">
     <transform scX="1" x="0" scY="1" y="0" pX="17" pY="21" skX="0" skY="0"/>
    </display>
    <display name="Shape/shape 4570" type="image">
     <transform scX="1" x="0" scY="1" y="0" pX="17" pY="21" skX="0" skY="0"/>
    </display>
    <display name="Shape/shape 4572" type="image">
     <transform scX="1" x="0" scY="1" y="0" pX="17" pY="21" skX="0" skY="0"/>
    </display>
    <display name="Shape/shape 4574" type="image">
     <transform scX="1" x="0" scY="1" y="0" pX="17" pY="21" skX="0" skY="0"/>
    </display>
    <display name="Shape/shape 4576" type="image">
     <transform scX="1" x="0" scY="1" y="0" pX="17" pY="21" skX="0" skY="0"/>
    </display>
    <display name="Shape/shape 4578" type="image">
     <transform scX="1" x="0" scY="1" y="0" pX="17" pY="21" skX="0" skY="0"/>
    </display>
    <display name="Shape/shape 4580" type="image">
     <transform scX="1" x="0" scY="1" y="0" pX="17" pY="21" skX="0" skY="0"/>
    </display>
    <display name="Shape/shape 4582" type="image">
     <transform scX="1" x="0" scY="1" y="0" pX="17" pY="21" skX="0" skY="0"/>
    </display>
    <display name="Shape/shape 4584" type="image">
     <transform scX="1" x="0" scY="1" y="0" pX="17" pY="21" skX="0" skY="0"/>
    </display>
    <display name="Shape/shape 4586" type="image">
     <transform scX="1" x="0" scY="1" y="0" pX="17" pY="21" skX="0" skY="0"/>
    </display>
    <display name="Shape/shape 4588" type="image">
     <transform scX="1" x="0" scY="1" y="0" pX="17" pY="21" skX="0" skY="0"/>
    </display>
   </slot>
   <slot name="selectTower" z="2" parent="selectTower">
    <display name="selectTower" type="image">
     <transform scX="1" x="0" scY="1" y="0" pX="32" pY="51" skX="0" skY="0"/>
    </display>
   </slot>
   <slot name="sphere1" z="3" parent="sphere1">
    <display name="sphere1" type="armature">
     <transform scX="1" x="0" skX="0" scY="1" y="0" skY="0"/>
    </display>
   </slot>
   <slot name="sphere2_1" z="4" parent="sphere2_1">
    <display name="bullet" type="armature">
     <transform scX="1" x="0" skX="0" scY="1" y="0" skY="0"/>
    </display>
   </slot>
   <slot name="sphere2_2" z="5" parent="sphere2_2">
    <display name="bullet" type="armature">
     <transform scX="1" x="0" skX="0" scY="1" y="0" skY="0"/>
    </display>
   </slot>
   <slot name="sphere3_1" z="6" parent="sphere3_1">
    <display name="sphere3_3" type="armature">
     <transform scX="1" x="0" skX="0" scY="1" y="0" skY="0"/>
    </display>
   </slot>
   <slot name="sphere3_2" z="7" parent="sphere3_2">
    <display name="sphere3_3" type="armature">
     <transform scX="1" x="0" skX="0" scY="1" y="0" skY="0"/>
    </display>
   </slot>
   <slot name="sphere3_3" z="8" parent="sphere3_3">
    <display name="sphere3_3" type="armature">
     <transform scX="1" x="0" skX="0" scY="1" y="0" skY="0"/>
    </display>
   </slot>
   <slot name="boneBlock" z="9" parent="boneBlock">
    <display name="case" type="image">
     <transform scX="1" x="0" scY="1" y="0" pX="25" pY="25" skX="0" skY="0"/>
    </display>
   </slot>
   <slot name="blockTower" z="10" parent="blockTower">
    <display name="case" type="image">
     <transform scX="1" x="0" scY="1" y="0" pX="25" pY="25" skX="0" skY="0"/>
    </display>
   </slot>
   <slot name="towerCase" z="11" parent="towerCase">
    <display name="case" type="image">
     <transform scX="1" x="0" scY="1" y="0" pX="25" pY="25" skX="0" skY="0"/>
    </display>
   </slot>
  </skin>
  <bone name="sphere3_1">
   <transform scX="1" x="0" skX="0" scY="1" y="-24" skY="0"/>
  </bone>
  <bone name="cont">
   <transform scX="1" x="0" skX="0" scY="1" y="0" skY="0"/>
  </bone>
  <bone name="selectTower">
   <transform scX="1" x="0" skX="0" scY="1" y="1" skY="0"/>
  </bone>
  <bone name="sphere1">
   <transform scX="1" x="0" skX="0" scY="1" y="-22" skY="0"/>
  </bone>
  <bone name="sphere2_1">
   <transform scX="1" x="0" skX="0" scY="1" y="-22" skY="0"/>
  </bone>
  <bone name="sphere2_2">
   <transform scX="1" x="0" skX="0" scY="1" y="-22" skY="0"/>
  </bone>
  <bone name="bg">
   <transform scX="1" x="0" skX="0" scY="1" y="0" skY="0"/>
  </bone>
  <bone name="sphere3_2">
   <transform scX="1" x="0" skX="0" scY="1" y="-24" skY="0"/>
  </bone>
  <bone name="sphere3_3">
   <transform scX="1" x="0" skX="0" scY="1" y="-24" skY="0"/>
  </bone>
  <bone name="boneBlock">
   <transform scX="1" x="-2" skX="0" scY="1" y="-1" skY="0"/>
  </bone>
  <bone name="blockTower">
   <transform scX="1" x="0" skX="0" scY="1" y="-17" skY="0"/>
  </bone>
  <bone name="towerCase">
   <transform scX="0.93" x="0" skX="0" scY="1.1" y="-16" skY="0"/>
  </bone>
  <animation name="Tower3_mc" scale="1" loop="1" autoTween="NaN" fadeInTime="0.3" duration="26" tweenEasing="NaN">
   <timeline pX="0" name="bg" pY="0" scale="1" offset="0">
    <frame z="0" duration="25">
     <transform scX="1" x="0" scY="1" y="0" pX="0" pY="0" skX="0" skY="0"/>
    </frame>
    <frame z="0" duration="1">
     <transform scX="1" x="0" scY="1" y="0" pX="0" pY="0" skX="0" skY="0"/>
    </frame>
   </timeline>
   <timeline pX="0" name="cont" pY="0" scale="1" offset="0">
    <frame z="0" duration="1">
     <transform scX="1" x="0" scY="1" y="0" pX="0" pY="0" skX="0" skY="0"/>
    </frame>
    <frame displayIndex="1" z="0" duration="1">
     <transform scX="1" x="0" scY="1" y="0" pX="0" pY="0" skX="0" skY="0"/>
    </frame>
    <frame displayIndex="2" z="0" duration="1">
     <transform scX="1" x="0" scY="1" y="0" pX="0" pY="0" skX="0" skY="0"/>
    </frame>
    <frame displayIndex="3" z="0" duration="1">
     <transform scX="1" x="0" scY="1" y="0" pX="0" pY="0" skX="0" skY="0"/>
    </frame>
    <frame displayIndex="4" z="0" duration="1">
     <transform scX="1" x="0" scY="1" y="0" pX="0" pY="0" skX="0" skY="0"/>
    </frame>
    <frame displayIndex="5" z="0" duration="1">
     <transform scX="1" x="0" scY="1" y="0" pX="0" pY="0" skX="0" skY="0"/>
    </frame>
    <frame displayIndex="6" z="0" duration="1">
     <transform scX="1" x="0" scY="1" y="0" pX="0" pY="0" skX="0" skY="0"/>
    </frame>
    <frame displayIndex="7" z="0" duration="1">
     <transform scX="1" x="0" scY="1" y="0" pX="0" pY="0" skX="0" skY="0"/>
    </frame>
    <frame displayIndex="8" z="0" duration="1">
     <transform scX="1" x="0" scY="1" y="0" pX="0" pY="0" skX="0" skY="0"/>
    </frame>
    <frame displayIndex="9" z="0" duration="1">
     <transform scX="1" x="0" scY="1" y="0" pX="0" pY="0" skX="0" skY="0"/>
    </frame>
    <frame displayIndex="10" z="0" duration="1">
     <transform scX="1" x="0" scY="1" y="0" pX="0" pY="0" skX="0" skY="0"/>
    </frame>
    <frame displayIndex="11" z="0" duration="1">
     <transform scX="1" x="0" scY="1" y="0" pX="0" pY="0" skX="0" skY="0"/>
    </frame>
    <frame displayIndex="12" z="0" duration="1">
     <transform scX="1" x="0" scY="1" y="0" pX="0" pY="0" skX="0" skY="0"/>
    </frame>
    <frame displayIndex="13" z="0" duration="1">
     <transform scX="1" x="0" scY="1" y="0" pX="0" pY="0" skX="0" skY="0"/>
    </frame>
    <frame displayIndex="14" z="0" duration="1">
     <transform scX="1" x="0" scY="1" y="0" pX="0" pY="0" skX="0" skY="0"/>
    </frame>
    <frame displayIndex="15" z="0" duration="1">
     <transform scX="1" x="0" scY="1" y="0" pX="0" pY="0" skX="0" skY="0"/>
    </frame>
    <frame displayIndex="16" z="0" duration="1">
     <transform scX="1" x="0" scY="1" y="0" pX="0" pY="0" skX="0" skY="0"/>
    </frame>
    <frame displayIndex="17" z="0" duration="1">
     <transform scX="1" x="0" scY="1" y="0" pX="0" pY="0" skX="0" skY="0"/>
    </frame>
    <frame displayIndex="18" z="0" duration="1">
     <transform scX="1" x="0" scY="1" y="0" pX="0" pY="0" skX="0" skY="0"/>
    </frame>
    <frame displayIndex="19" z="0" duration="1">
     <transform scX="1" x="0" scY="1" y="0" pX="0" pY="0" skX="0" skY="0"/>
    </frame>
    <frame displayIndex="20" z="0" duration="1">
     <transform scX="1" x="0" scY="1" y="0" pX="0" pY="0" skX="0" skY="0"/>
    </frame>
    <frame displayIndex="21" z="0" duration="1">
     <transform scX="1" x="0" scY="1" y="0" pX="0" pY="0" skX="0" skY="0"/>
    </frame>
    <frame displayIndex="22" z="0" duration="1">
     <transform scX="1" x="0" scY="1" y="0" pX="0" pY="0" skX="0" skY="0"/>
    </frame>
    <frame displayIndex="23" z="0" duration="1">
     <transform scX="1" x="0" scY="1" y="0" pX="0" pY="0" skX="0" skY="0"/>
    </frame>
    <frame displayIndex="24" z="0" duration="1">
     <transform scX="1" x="0" scY="1" y="0" pX="0" pY="0" skX="0" skY="0"/>
    </frame>
    <frame displayIndex="24" z="0" duration="1">
     <transform scX="1" x="0" scY="1" y="0" pX="0" pY="0" skX="0" skY="0"/>
    </frame>
   </timeline>
   <timeline pX="0" name="selectTower" pY="0" scale="1" offset="0">
    <frame z="0" duration="25">
     <transform scX="1" x="0" scY="1" y="0" pX="0" pY="0" skX="0" skY="0"/>
    </frame>
    <frame z="0" duration="1">
     <transform scX="1" x="0" scY="1" y="0" pX="0" pY="0" skX="0" skY="0"/>
    </frame>
   </timeline>
   <timeline pX="0" name="sphere1" pY="0" scale="1" offset="0">
    <frame z="0" duration="25">
     <transform scX="1" x="0" scY="1" y="0" pX="0" pY="0" skX="0" skY="0"/>
    </frame>
    <frame z="0" duration="1">
     <transform scX="1" x="0" scY="1" y="0" pX="0" pY="0" skX="0" skY="0"/>
    </frame>
   </timeline>
   <timeline pX="0" name="sphere2_1" pY="0" scale="1" offset="0">
    <frame z="0" duration="25">
     <transform scX="1" x="0" scY="1" y="0" pX="0" pY="0" skX="0" skY="0"/>
    </frame>
    <frame z="0" duration="1">
     <transform scX="1" x="0" scY="1" y="0" pX="0" pY="0" skX="0" skY="0"/>
    </frame>
   </timeline>
   <timeline pX="0" name="sphere2_2" pY="0" scale="1" offset="0">
    <frame z="0" duration="25">
     <transform scX="1" x="0" scY="1" y="0" pX="0" pY="0" skX="0" skY="0"/>
    </frame>
    <frame z="0" duration="1">
     <transform scX="1" x="0" scY="1" y="0" pX="0" pY="0" skX="0" skY="0"/>
    </frame>
   </timeline>
   <timeline pX="0" name="sphere3_1" pY="0" scale="1" offset="0">
    <frame z="0" duration="25">
     <transform scX="1" x="0" scY="1" y="0" pX="0" pY="0" skX="0" skY="0"/>
    </frame>
    <frame z="0" duration="1">
     <transform scX="1" x="0" scY="1" y="0" pX="0" pY="0" skX="0" skY="0"/>
    </frame>
   </timeline>
   <timeline pX="0" name="sphere3_2" pY="0" scale="1" offset="0">
    <frame z="0" duration="25">
     <transform scX="1" x="0" scY="1" y="0" pX="0" pY="0" skX="0" skY="0"/>
    </frame>
    <frame z="0" duration="1">
     <transform scX="1" x="0" scY="1" y="0" pX="0" pY="0" skX="0" skY="0"/>
    </frame>
   </timeline>
   <timeline pX="0" name="sphere3_3" pY="0" scale="1" offset="0">
    <frame z="0" duration="25">
     <transform scX="1" x="0" scY="1" y="0" pX="0" pY="0" skX="0" skY="0"/>
    </frame>
    <frame z="0" duration="1">
     <transform scX="1" x="0" scY="1" y="0" pX="0" pY="0" skX="0" skY="0"/>
    </frame>
   </timeline>
   <timeline pX="0" name="boneBlock" pY="0" scale="1" offset="0">
    <frame z="0" duration="25">
     <transform scX="1" x="0" scY="1" y="0" pX="0" pY="0" skX="0" skY="0"/>
    </frame>
    <frame z="0" duration="1">
     <transform scX="1" x="0" scY="1" y="0" pX="0" pY="0" skX="0" skY="0"/>
    </frame>
   </timeline>
   <timeline pX="0" name="blockTower" pY="0" scale="1" offset="0">
    <frame z="0" duration="25">
     <transform scX="1" x="0" scY="1" y="0" pX="0" pY="0" skX="0" skY="0"/>
    </frame>
    <frame z="0" duration="1">
     <transform scX="1" x="0" scY="1" y="0" pX="0" pY="0" skX="0" skY="0"/>
    </frame>
   </timeline>
   <timeline pX="0" name="towerCase" pY="0" scale="1" offset="0">
    <frame z="0" duration="25">
     <transform scX="1" x="0" scY="1" y="0" pX="0" pY="0" skX="0" skY="0"/>
    </frame>
    <frame z="0" duration="1">
     <transform scX="1" x="0" scY="1" y="0" pX="0" pY="0" skX="0" skY="0"/>
    </frame>
   </timeline>
   <frame duration="25"/>
   <frame duration="1"/>
  </animation>
 </armature>
 <armature name="sphere1">
  <skin name="default">
   <slot z="0" name="cont" parent="cont"/>
  </skin>
  <bone name="cont">
   <transform scX="0.77" x="-15.15" skX="0" scY="0.77" y="-24.25" skY="0"/>
  </bone>
  <animation fadeInTime="0.3" scale="1" loop="1" autoTween="NaN" name="sphere1" duration="40" tweenEasing="NaN">
   <timeline pX="0" name="cont" pY="0" scale="1" offset="0">
    <frame z="0" duration="1" tweenEasing="0">
     <transform scX="1" x="0" scY="1" y="0" pX="0" pY="0" skX="0" skY="0"/>
    </frame>
    <frame z="0" duration="1" tweenEasing="0">
     <transform scX="1" x="0.5" scY="1" y="-1.9499999999999993" pX="0" pY="0" skX="0" skY="0"/>
    </frame>
    <frame z="0" duration="1" tweenEasing="0">
     <transform scX="1" x="1.75" scY="1" y="-3.5500000000000007" pX="0" pY="0" skX="0" skY="0"/>
    </frame>
    <frame z="0" duration="13" tweenEasing="0">
     <transform scX="1" x="3.3499999999999996" scY="1" y="-4.850000000000001" pX="0" pY="0" skX="0" skY="0"/>
    </frame>
    <frame z="0" duration="1" tweenEasing="0">
     <transform scX="1" x="28.6" scY="1" y="-3.6000000000000014" pX="0" pY="0" skX="0" skY="0"/>
    </frame>
    <frame z="0" duration="1" tweenEasing="0">
     <transform scX="1" x="29.85" scY="1" y="-1.9499999999999993" pX="0" pY="0" skX="0" skY="0"/>
    </frame>
    <frame z="0" duration="3" tweenEasing="0">
     <transform scX="1" x="30.3" scY="1" y="0" pX="0" pY="0" skX="0" skY="0"/>
    </frame>
    <frame z="0" duration="14" tweenEasing="0">
     <transform scX="1" x="26.950000000000003" scY="1" y="4.75" pX="0" pY="0" skX="0" skY="0"/>
    </frame>
    <frame z="0" duration="1" tweenEasing="0">
     <transform scX="1" x="3.3499999999999996" scY="1" y="4.850000000000001" pX="0" pY="0" skX="0" skY="0"/>
    </frame>
    <frame z="0" duration="1" tweenEasing="0">
     <transform scX="1" x="1.700000000000001" scY="1" y="3.5500000000000007" pX="0" pY="0" skX="0" skY="0"/>
    </frame>
    <frame z="0" duration="1" tweenEasing="0">
     <transform scX="1" x="0.45000000000000107" scY="1" y="1.9499999999999993" pX="0" pY="0" skX="0" skY="0"/>
    </frame>
    <frame z="0" duration="1">
     <transform scX="1" x="0" scY="1" y="0" pX="0" pY="0" skX="0" skY="0"/>
    </frame>
    <frame z="0" duration="1">
     <transform scX="1" x="0" scY="1" y="0" pX="0" pY="0" skX="0" skY="0"/>
    </frame>
   </timeline>
  </animation>
 </armature>
 <armature name="bullet">
  <skin name="default">
   <slot z="0" name="cont" parent="cont"/>
  </skin>
  <bone name="cont">
   <transform scX="0.77" x="-15.15" skX="0" scY="0.77" y="-24.25" skY="0"/>
  </bone>
  <animation fadeInTime="0.3" scale="1" loop="1" autoTween="NaN" name="bullet" duration="47" tweenEasing="NaN">
   <timeline pX="0" name="cont" pY="0" scale="1" offset="0">
    <frame z="0" duration="1" tweenEasing="0">
     <transform scX="1" x="0" scY="1" y="0" pX="0" pY="0" skX="0" skY="0"/>
    </frame>
    <frame z="0" duration="1" tweenEasing="0">
     <transform scX="1" x="0.34999999999999964" scY="1" y="-1.6499999999999986" pX="0" pY="0" skX="0" skY="0"/>
    </frame>
    <frame z="0" duration="17" tweenEasing="0">
     <transform scX="1" x="1.25" scY="1" y="-3.0500000000000007" pX="0" pY="0" skX="0" skY="0"/>
    </frame>
    <frame z="0" duration="1" tweenEasing="0">
     <transform scX="1" x="28.15" scY="1" y="-4" pX="0" pY="0" skX="0" skY="0"/>
    </frame>
    <frame z="0" duration="1" tweenEasing="0">
     <transform scX="1" x="29.35" scY="1" y="-2.75" pX="0" pY="0" skX="0" skY="0"/>
    </frame>
    <frame z="0" duration="1" tweenEasing="0">
     <transform scX="1" x="30.05" scY="1" y="-1.3500000000000014" pX="0" pY="0" skX="0" skY="0"/>
    </frame>
    <frame z="0" duration="3" tweenEasing="0">
     <transform scX="1" x="30.15" scY="1" y="0.3000000000000007" pX="0" pY="0" skX="0" skY="0"/>
    </frame>
    <frame z="0" duration="1" tweenEasing="0">
     <transform scX="1" x="27.3" scY="1" y="4.449999999999999" pX="0" pY="0" skX="0" skY="0"/>
    </frame>
    <frame z="0" duration="17" tweenEasing="0">
     <transform scX="1" x="25.9" scY="1" y="5.449999999999999" pX="0" pY="0" skX="0" skY="0"/>
    </frame>
    <frame z="0" duration="1" tweenEasing="0">
     <transform scX="1" x="1.4000000000000004" scY="1" y="3.3000000000000007" pX="0" pY="0" skX="0" skY="0"/>
    </frame>
    <frame z="0" duration="1" tweenEasing="0">
     <transform scX="1" x="0.34999999999999964" scY="1" y="1.75" pX="0" pY="0" skX="0" skY="0"/>
    </frame>
    <frame z="0" duration="1">
     <transform scX="1" x="0" scY="1" y="0" pX="0" pY="0" skX="0" skY="0"/>
    </frame>
    <frame z="0" duration="1">
     <transform scX="1" x="0" scY="1" y="0" pX="0" pY="0" skX="0" skY="0"/>
    </frame>
   </timeline>
  </animation>
 </armature>
 <armature name="sphere3_3">
  <skin name="default">
   <slot z="0" name="cont" parent="cont"/>
  </skin>
  <bone name="cont">
   <transform scX="0.77" x="-15.15" skX="0" scY="0.77" y="-24.25" skY="0"/>
  </bone>
  <animation fadeInTime="0.3" scale="1" loop="1" autoTween="NaN" name="sphere3_3" duration="52" tweenEasing="NaN">
   <timeline pX="0" name="cont" pY="0" scale="1" offset="0">
    <frame z="0" duration="1" tweenEasing="0">
     <transform scX="1" x="0" scY="1" y="0" pX="0" pY="0" skX="0" skY="0"/>
    </frame>
    <frame z="0" duration="1" tweenEasing="0">
     <transform scX="1" x="0.3000000000000007" scY="1" y="-1.5" pX="0" pY="0" skX="0" skY="0"/>
    </frame>
    <frame z="0" duration="20" tweenEasing="0">
     <transform scX="1" x="1.0999999999999996" scY="1" y="-2.8500000000000014" pX="0" pY="0" skX="0" skY="0"/>
    </frame>
    <frame z="0" duration="1" tweenEasing="0">
     <transform scX="1" x="29.55" scY="1" y="-2.4499999999999993" pX="0" pY="0" skX="0" skY="0"/>
    </frame>
    <frame z="0" duration="1" tweenEasing="0">
     <transform scX="1" x="30.15" scY="1" y="-1.1499999999999986" pX="0" pY="0" skX="0" skY="0"/>
    </frame>
    <frame z="0" duration="2" tweenEasing="0">
     <transform scX="1" x="30.05" scY="1" y="0.4499999999999993" pX="0" pY="0" skX="0" skY="0"/>
    </frame>
    <frame z="0" duration="2" tweenEasing="0">
     <transform scX="1" x="28.4" scY="1" y="3.3000000000000007" pX="0" pY="0" skX="0" skY="0"/>
    </frame>
    <frame z="0" duration="19" tweenEasing="0">
     <transform scX="1" x="25.9" scY="1" y="5.449999999999999" pX="0" pY="0" skX="0" skY="0"/>
    </frame>
    <frame z="0" duration="1" tweenEasing="0">
     <transform scX="1" x="1.9000000000000004" scY="1" y="3.8000000000000007" pX="0" pY="0" skX="0" skY="0"/>
    </frame>
    <frame z="0" duration="1" tweenEasing="0">
     <transform scX="1" x="0.9000000000000004" scY="1" y="2.6999999999999993" pX="0" pY="0" skX="0" skY="0"/>
    </frame>
    <frame z="0" duration="1" tweenEasing="0">
     <transform scX="1" x="0.20000000000000107" scY="1" y="1.4499999999999993" pX="0" pY="0" skX="0" skY="0"/>
    </frame>
    <frame z="0" duration="1">
     <transform scX="1" x="0" scY="1" y="0" pX="0" pY="0" skX="0" skY="0"/>
    </frame>
    <frame z="0" duration="1">
     <transform scX="1" x="0" scY="1" y="0" pX="0" pY="0" skX="0" skY="0"/>
    </frame>
   </timeline>
  </animation>
 </armature>
</root>