<root name="Unit26VerticalDeath_mc" isGlobal="0" frameRate="30" version="3.0">
 <armature name="Unit26VerticalDeath_mc">
  <skin name="default">
   <slot name="Layer 1" z="0" parent="Layer 1">
    <display name="Shape/shape 10516" type="image">
     <transform scX="1" x="0" scY="1" y="0" pX="42" pY="54" skX="0" skY="0"/>
    </display>
    <display name="Shape/shape 10518" type="image">
     <transform scX="1" x="0" scY="1" y="0" pX="42" pY="54" skX="0" skY="0"/>
    </display>
    <display name="Shape/shape 10520" type="image">
     <transform scX="1" x="0" scY="1" y="0" pX="42" pY="54" skX="0" skY="0"/>
    </display>
    <display name="Shape/shape 10522" type="image">
     <transform scX="1" x="0" scY="1" y="0" pX="42" pY="54" skX="0" skY="0"/>
    </display>
    <display name="Shape/shape 10524" type="image">
     <transform scX="1" x="0" scY="1" y="0" pX="42" pY="54" skX="0" skY="0"/>
    </display>
    <display name="Shape/shape 10526" type="image">
     <transform scX="1" x="0" scY="1" y="0" pX="42" pY="54" skX="0" skY="0"/>
    </display>
    <display name="Shape/shape 10528" type="image">
     <transform scX="1" x="0" scY="1" y="0" pX="42" pY="54" skX="0" skY="0"/>
    </display>
    <display name="Shape/shape 10530" type="image">
     <transform scX="1" x="0" scY="1" y="0" pX="42" pY="54" skX="0" skY="0"/>
    </display>
    <display name="Shape/shape 10532" type="image">
     <transform scX="1" x="0" scY="1" y="0" pX="42" pY="54" skX="0" skY="0"/>
    </display>
    <display name="Shape/shape 10534" type="image">
     <transform scX="1" x="0" scY="1" y="0" pX="42" pY="54" skX="0" skY="0"/>
    </display>
    <display name="Shape/shape 10536" type="image">
     <transform scX="1" x="0" scY="1" y="0" pX="42" pY="54" skX="0" skY="0"/>
    </display>
    <display name="Shape/shape 10538" type="image">
     <transform scX="1" x="0" scY="1" y="0" pX="42" pY="54" skX="0" skY="0"/>
    </display>
    <display name="Shape/shape 10540" type="image">
     <transform scX="1" x="0" scY="1" y="0" pX="42" pY="54" skX="0" skY="0"/>
    </display>
    <display name="Shape/shape 10542" type="image">
     <transform scX="1" x="0" scY="1" y="0" pX="42" pY="54" skX="0" skY="0"/>
    </display>
    <display name="Shape/shape 10544" type="image">
     <transform scX="1" x="0" scY="1" y="0" pX="42" pY="54" skX="0" skY="0"/>
    </display>
    <display name="Shape/shape 10546" type="image">
     <transform scX="1" x="0" scY="1" y="0" pX="42" pY="54" skX="0" skY="0"/>
    </display>
    <display name="Shape/shape 10548" type="image">
     <transform scX="1" x="0" scY="1" y="0" pX="42" pY="54" skX="0" skY="0"/>
    </display>
    <display name="Shape/shape 10550" type="image">
     <transform scX="1" x="0" scY="1" y="0" pX="42" pY="54" skX="0" skY="0"/>
    </display>
    <display name="Shape/shape 10552" type="image">
     <transform scX="1" x="0" scY="1" y="0" pX="42" pY="54" skX="0" skY="0"/>
    </display>
    <display name="Shape/shape 10554" type="image">
     <transform scX="1" x="0" scY="1" y="0" pX="42" pY="54" skX="0" skY="0"/>
    </display>
    <display name="Shape/shape 10556" type="image">
     <transform scX="1" x="0" scY="1" y="0" pX="42" pY="54" skX="0" skY="0"/>
    </display>
    <display name="Shape/shape 10558" type="image">
     <transform scX="1" x="0" scY="1" y="0" pX="42" pY="54" skX="0" skY="0"/>
    </display>
    <display name="Shape/shape 10560" type="image">
     <transform scX="1" x="0" scY="1" y="0" pX="42" pY="54" skX="0" skY="0"/>
    </display>
    <display name="Shape/shape 10562" type="image">
     <transform scX="1" x="0" scY="1" y="0" pX="42" pY="54" skX="0" skY="0"/>
    </display>
    <display name="Shape/shape 10564" type="image">
     <transform scX="1" x="0" scY="1" y="0" pX="42" pY="54" skX="0" skY="0"/>
    </display>
    <display name="Shape/shape 10566" type="image">
     <transform scX="1" x="0" scY="1" y="0" pX="42" pY="54" skX="0" skY="0"/>
    </display>
    <display name="Shape/shape 10568" type="image">
     <transform scX="1" x="0" scY="1" y="0" pX="42" pY="54" skX="0" skY="0"/>
    </display>
    <display name="Shape/shape 10570" type="image">
     <transform scX="1" x="0" scY="1" y="0" pX="42" pY="54" skX="0" skY="0"/>
    </display>
    <display name="Shape/shape 10572" type="image">
     <transform scX="1" x="0" scY="1" y="0" pX="42" pY="54" skX="0" skY="0"/>
    </display>
    <display name="Shape/shape 10574" type="image">
     <transform scX="1" x="0" scY="1" y="0" pX="42" pY="54" skX="0" skY="0"/>
    </display>
   </slot>
  </skin>
  <bone name="Layer 1">
   <transform scX="1" x="0" skX="0" scY="1" y="0" skY="0"/>
  </bone>
  <animation fadeInTime="0.3" scale="1" loop="1" autoTween="NaN" name="Unit26VerticalDeath_mc" duration="38" tweenEasing="NaN">
   <timeline pX="0" name="Layer 1" pY="0" scale="1" offset="0">
    <frame z="0" duration="2">
     <transform scX="1" x="0" scY="1" y="0" pX="0" pY="0" skX="0" skY="0"/>
    </frame>
    <frame displayIndex="1" z="0" duration="2">
     <transform scX="1" x="0" scY="1" y="0" pX="0" pY="0" skX="0" skY="0"/>
    </frame>
    <frame displayIndex="2" z="0" duration="2">
     <transform scX="1" x="0" scY="1" y="0" pX="0" pY="0" skX="0" skY="0"/>
    </frame>
    <frame displayIndex="3" z="0" duration="2">
     <transform scX="1" x="0" scY="1" y="0" pX="0" pY="0" skX="0" skY="0"/>
    </frame>
    <frame displayIndex="4" z="0" duration="2">
     <transform scX="1" x="0" scY="1" y="0" pX="0" pY="0" skX="0" skY="0"/>
    </frame>
    <frame displayIndex="5" z="0" duration="2">
     <transform scX="1" x="0" scY="1" y="0" pX="0" pY="0" skX="0" skY="0"/>
    </frame>
    <frame displayIndex="6" z="0" duration="2">
     <transform scX="1" x="0" scY="1" y="0" pX="0" pY="0" skX="0" skY="0"/>
    </frame>
    <frame displayIndex="7" z="0" duration="2">
     <transform scX="1" x="0" scY="1" y="0" pX="0" pY="0" skX="0" skY="0"/>
    </frame>
    <frame displayIndex="8" z="0" duration="1">
     <transform scX="1" x="0" scY="1" y="0" pX="0" pY="0" skX="0" skY="0"/>
    </frame>
    <frame displayIndex="9" z="0" duration="1">
     <transform scX="1" x="0" scY="1" y="0" pX="0" pY="0" skX="0" skY="0"/>
    </frame>
    <frame displayIndex="10" z="0" duration="1">
     <transform scX="1" x="0" scY="1" y="0" pX="0" pY="0" skX="0" skY="0"/>
    </frame>
    <frame displayIndex="11" z="0" duration="1">
     <transform scX="1" x="0" scY="1" y="0" pX="0" pY="0" skX="0" skY="0"/>
    </frame>
    <frame displayIndex="12" z="0" duration="1">
     <transform scX="1" x="0" scY="1" y="0" pX="0" pY="0" skX="0" skY="0"/>
    </frame>
    <frame displayIndex="13" z="0" duration="1">
     <transform scX="1" x="0" scY="1" y="0" pX="0" pY="0" skX="0" skY="0"/>
    </frame>
    <frame displayIndex="14" z="0" duration="1">
     <transform scX="1" x="0" scY="1" y="0" pX="0" pY="0" skX="0" skY="0"/>
    </frame>
    <frame displayIndex="15" z="0" duration="1">
     <transform scX="1" x="0" scY="1" y="0" pX="0" pY="0" skX="0" skY="0"/>
    </frame>
    <frame displayIndex="16" z="0" duration="1">
     <transform scX="1" x="0" scY="1" y="0" pX="0" pY="0" skX="0" skY="0"/>
    </frame>
    <frame displayIndex="17" z="0" duration="1">
     <transform scX="1" x="0" scY="1" y="0" pX="0" pY="0" skX="0" skY="0"/>
    </frame>
    <frame displayIndex="18" z="0" duration="1">
     <transform scX="1" x="0" scY="1" y="0" pX="0" pY="0" skX="0" skY="0"/>
    </frame>
    <frame displayIndex="19" z="0" duration="1">
     <transform scX="1" x="0" scY="1" y="0" pX="0" pY="0" skX="0" skY="0"/>
    </frame>
    <frame displayIndex="20" z="0" duration="1">
     <transform scX="1" x="0" scY="1" y="0" pX="0" pY="0" skX="0" skY="0"/>
    </frame>
    <frame displayIndex="21" z="0" duration="1">
     <transform scX="1" x="0" scY="1" y="0" pX="0" pY="0" skX="0" skY="0"/>
    </frame>
    <frame displayIndex="22" z="0" duration="1">
     <transform scX="1" x="0" scY="1" y="0" pX="0" pY="0" skX="0" skY="0"/>
    </frame>
    <frame displayIndex="23" z="0" duration="1">
     <transform scX="1" x="0" scY="1" y="0" pX="0" pY="0" skX="0" skY="0"/>
    </frame>
    <frame displayIndex="24" z="0" duration="1">
     <transform scX="1" x="0" scY="1" y="0" pX="0" pY="0" skX="0" skY="0"/>
    </frame>
    <frame displayIndex="25" z="0" duration="1">
     <transform scX="1" x="0" scY="1" y="0" pX="0" pY="0" skX="0" skY="0"/>
    </frame>
    <frame displayIndex="26" z="0" duration="1">
     <transform scX="1" x="0" scY="1" y="0" pX="0" pY="0" skX="0" skY="0"/>
    </frame>
    <frame displayIndex="27" z="0" duration="1">
     <transform scX="1" x="0" scY="1" y="0" pX="0" pY="0" skX="0" skY="0"/>
    </frame>
    <frame displayIndex="28" z="0" duration="1">
     <transform scX="1" x="0" scY="1" y="0" pX="0" pY="0" skX="0" skY="0"/>
    </frame>
    <frame displayIndex="29" z="0" duration="1">
     <transform scX="1" x="0" scY="1" y="0" pX="0" pY="0" skX="0" skY="0"/>
    </frame>
   </timeline>
  </animation>
 </armature>
</root>