<root name="Unit16_mc" isGlobal="0" frameRate="30" version="3.0">
 <armature name="Unit16_mc">
  <skin name="default">
   <slot name="dust4" z="0" parent="dust4">
    <display name="dust4" type="image">
     <transform scX="1" x="0" scY="1" y="0" pX="25" pY="25" skX="0" skY="0"/>
    </display>
   </slot>
   <slot name="selectUnit" z="1" parent="selectUnit">
    <display name="selectUnit" type="image">
     <transform scX="1" x="0" scY="1" y="0" pX="25" pY="25" skX="0" skY="0"/>
    </display>
   </slot>
   <slot name="shadow" z="2" parent="shadow">
    <display name="sprite 7652" type="image">
     <transform scX="1" x="0" scY="1" y="0" pX="25" pY="25" skX="0" skY="0"/>
    </display>
   </slot>
   <slot name="cont" z="3" parent="cont">
    <display name="cont" type="armature">
     <transform scX="1" x="0" skX="0" scY="1" y="0" skY="0"/>
    </display>
   </slot>
   <slot name="healthBar" z="4" parent="healthBar">
    <display name="healthBar" type="image">
     <transform scX="1" x="0" scY="1" y="0" pX="25" pY="25" skX="0" skY="0"/>
    </display>
   </slot>
   <slot name="armor" z="5" parent="armor">
    <display name="armor" type="image">
     <transform scX="1" x="0" scY="1" y="0" pX="25" pY="25" skX="0" skY="0"/>
    </display>
   </slot>
   <slot name="iceEffect" z="6" parent="iceEffect">
    <display name="iceEffect" type="image">
     <transform scX="1" x="0" scY="1" y="0" pX="25" pY="25" skX="0" skY="0"/>
    </display>
   </slot>
   <slot name="fireEffect" z="7" parent="fireEffect">
    <display name="fireEffect" type="image">
     <transform scX="1" x="0" scY="1" y="0" pX="25" pY="25" skX="0" skY="0"/>
    </display>
   </slot>
   <slot name="iceFreez" z="8" parent="iceFreez">
    <display name="iceFreez" type="image">
     <transform scX="1" x="0" scY="1" y="0" pX="25" pY="25" skX="0" skY="0"/>
    </display>
   </slot>
   <slot name="levinAttack" z="9" parent="levinAttack">
    <display name="levinattack" type="image">
     <transform scX="1" x="0" scY="1" y="0" pX="25" pY="25" skX="0" skY="0"/>
    </display>
   </slot>
   <slot name="iceAttack" z="10" parent="iceAttack">
    <display name="iceattack" type="image">
     <transform scX="1" x="0" scY="1" y="0" pX="25" pY="25" skX="0" skY="0"/>
    </display>
   </slot>
   <slot name="fireAttack" z="11" parent="fireAttack">
    <display name="fireattack" type="image">
     <transform scX="1" x="0" scY="1" y="0" pX="25" pY="25" skX="0" skY="0"/>
    </display>
   </slot>
   <slot name="dust3" z="12" parent="dust3">
    <display name="dust3" type="image">
     <transform scX="1" x="0" scY="1" y="0" pX="25" pY="25" skX="0" skY="0"/>
    </display>
   </slot>
   <slot name="dust2" z="13" parent="dust2">
    <display name="dust2" type="image">
     <transform scX="1" x="0" scY="1" y="0" pX="25" pY="25" skX="0" skY="0"/>
    </display>
   </slot>
   <slot name="dust1" z="14" parent="dust1">
    <display name="dust1" type="image">
     <transform scX="1" x="0" scY="1" y="0" pX="25" pY="25" skX="0" skY="0"/>
    </display>
   </slot>
   <slot name="buffSpeed" z="15" parent="buffSpeed">
    <display name="buffSpeed" type="image">
     <transform scX="1" x="0" scY="1" y="0" pX="25" pY="25" skX="0" skY="0"/>
    </display>
   </slot>
   <slot name="airShock" z="16" parent="airShock">
    <display name="airShock" type="image">
     <transform scX="1" x="0" scY="1" y="0" pX="25" pY="25" skX="0" skY="0"/>
    </display>
   </slot>
   <slot name="buffHP" z="17" parent="buffHP">
    <display name="buffHP" type="image">
     <transform scX="1" x="0" scY="1" y="0" pX="25" pY="25" skX="0" skY="0"/>
    </display>
   </slot>
   <slot name="iceDeath" z="18" parent="iceDeath">
    <display name="iceDeath" type="image">
     <transform scX="1" x="0" scY="1" y="0" pX="25" pY="25" skX="0" skY="0"/>
    </display>
   </slot>
   <slot name="stoneDeath" z="19" parent="stoneDeath">
    <display name="stonedeath" type="image">
     <transform scX="1" x="0" scY="1" y="0" pX="25" pY="25" skX="0" skY="0"/>
    </display>
   </slot>
   <slot name="levinDeath" z="20" parent="levinDeath">
    <display name="levindeath" type="image">
     <transform scX="1" x="0" scY="1" y="0" pX="25" pY="25" skX="0" skY="0"/>
    </display>
   </slot>
   <slot name="unitCase" z="21" parent="unitCase">
    <display name="case" type="image">
     <transform scX="1" x="0" scY="1" y="0" pX="25" pY="25" skX="0" skY="0"/>
    </display>
   </slot>
  </skin>
  <bone name="fireAttack">
   <transform scX="0.7" x="2" skX="0" scY="0.7" y="-5" skY="0"/>
  </bone>
  <bone name="selectUnit">
   <transform scX="1.47" x="-0.7" skX="0" scY="1.47" y="0" skY="0"/>
  </bone>
  <bone name="shadow">
   <transform scX="1.5" x="-0.15" skX="0" scY="0.75" y="1" skY="0"/>
  </bone>
  <bone name="cont">
   <transform scX="1" x="2.15" skX="4.87" scY="1" y="1" skY="2.06"/>
  </bone>
  <bone name="healthBar">
   <transform scX="1" x="0" skX="0" scY="1" y="-26" skY="0"/>
  </bone>
  <bone name="armor">
   <transform scX="0.76" x="-1" skX="0" scY="0.76" y="0" skY="0"/>
  </bone>
  <bone name="iceEffect">
   <transform scX="0.46" x="3" skX="0" scY="0.46" y="0" skY="0"/>
  </bone>
  <bone name="fireEffect">
   <transform scX="0.69" x="1" skX="0" scY="0.69" y="-24" skY="0"/>
  </bone>
  <bone name="iceFreez">
   <transform scX="0.68" x="0" skX="0" scY="0.68" y="-10" skY="0"/>
  </bone>
  <bone name="levinAttack">
   <transform scX="1" x="3" skX="0" scY="1" y="-8" skY="0"/>
  </bone>
  <bone name="iceAttack">
   <transform scX="0.7" x="0" skX="0" scY="0.7" y="-8" skY="0"/>
  </bone>
  <bone name="dust4">
   <transform scX="1" x="1" skX="0" scY="1" y="-5" skY="0"/>
  </bone>
  <bone name="dust3">
   <transform scX="1" x="2" skX="0" scY="1" y="0" skY="0"/>
  </bone>
  <bone name="dust2">
   <transform scX="0.46" x="2" skX="0" scY="0.46" y="2" skY="0"/>
  </bone>
  <bone name="dust1">
   <transform scX="0.46" x="-1" skX="0" scY="0.46" y="1" skY="0"/>
  </bone>
  <bone name="buffSpeed">
   <transform scX="0.4" x="-15" skX="0" scY="0.4" y="-8" skY="0"/>
  </bone>
  <bone name="airShock">
   <transform scX="1.2" x="0" skX="0" scY="1.2" y="-26" skY="0"/>
  </bone>
  <bone name="buffHP">
   <transform scX="1" x="0" skX="0" scY="1" y="-13" skY="0"/>
  </bone>
  <bone name="iceDeath">
   <transform scX="0.78" x="0" skX="0" scY="0.78" y="-8" skY="0"/>
  </bone>
  <bone name="stoneDeath">
   <transform scX="1.64" x="1" skX="0" scY="1.54" y="-9" skY="0"/>
  </bone>
  <bone name="levinDeath">
   <transform scX="1.08" x="1" skX="0" scY="1.16" y="-8" skY="0"/>
  </bone>
  <bone name="unitCase">
   <transform scX="0.53" x="-0.75" skX="0" scY="0.6" y="-9.05" skY="0"/>
  </bone>
  <animation name="Unit16_mc" scale="1" loop="1" autoTween="NaN" fadeInTime="0.3" duration="38" tweenEasing="NaN">
   <timeline pX="0" name="dust4" pY="0" scale="1" offset="0">
    <frame z="0" duration="37">
     <transform scX="1" x="0" scY="1" y="0" pX="0" pY="0" skX="0" skY="0"/>
    </frame>
    <frame z="0" duration="1">
     <transform scX="1" x="0" scY="1" y="0" pX="0" pY="0" skX="0" skY="0"/>
    </frame>
   </timeline>
   <timeline pX="0" name="selectUnit" pY="0" scale="1" offset="0">
    <frame z="0" duration="37">
     <transform scX="1" x="0" scY="1" y="0" pX="0" pY="0" skX="0" skY="0"/>
    </frame>
    <frame z="0" duration="1">
     <transform scX="1" x="0" scY="1" y="0" pX="0" pY="0" skX="0" skY="0"/>
    </frame>
   </timeline>
   <timeline pX="0" name="shadow" pY="0" scale="1" offset="0">
    <frame z="0" duration="5" tweenEasing="0">
     <transform scX="1" x="0" scY="1" y="0" pX="0" pY="0" skX="0" skY="0"/>
    </frame>
    <frame z="0" duration="2" tweenEasing="0">
     <transform scX="0.7333333333333334" x="0" scY="0.7333333333333334" y="0" pX="0" pY="0" skX="0" skY="0"/>
    </frame>
    <frame z="0" duration="4" tweenEasing="0">
     <transform scX="0.7333333333333334" x="1.4" scY="0.7333333333333334" y="0" pX="0" pY="0" skX="0" skY="0"/>
    </frame>
    <frame z="0" duration="1">
     <transform scX="0.9466666666666667" x="0.25" scY="0.9466666666666667" y="0" pX="0" pY="0" skX="0" skY="0"/>
    </frame>
    <frame z="0" duration="7" tweenEasing="0">
     <transform scX="1" x="0" scY="1" y="0" pX="0" pY="0" skX="0" skY="0"/>
    </frame>
    <frame z="0" duration="1" tweenEasing="0">
     <transform scX="1" x="0" scY="1" y="0" pX="0" pY="0" skX="0" skY="0"/>
    </frame>
    <frame z="0" duration="1" tweenEasing="0">
     <transform scX="0.96" x="0.15" scY="0.96" y="0" pX="0" pY="0" skX="0" skY="0"/>
    </frame>
    <frame z="0" duration="1" tweenEasing="0">
     <transform scX="0.9199999999999999" x="0.3" scY="0.9199999999999999" y="-0.050000000000000044" pX="0" pY="0" skX="0" skY="0"/>
    </frame>
    <frame z="0" duration="2" tweenEasing="0">
     <transform scX="0.88" x="0.44999999999999996" scY="0.88" y="0" pX="0" pY="0" skX="0" skY="0"/>
    </frame>
    <frame z="0" duration="2" tweenEasing="0">
     <transform scX="0.7933333333333333" x="0.8" scY="0.7999999999999999" y="0" pX="0" pY="0" skX="0" skY="0"/>
    </frame>
    <frame z="0" duration="2" tweenEasing="0">
     <transform scX="0.7933333333333333" x="1.15" scY="0.7999999999999999" y="0" pX="0" pY="0" skX="0" skY="0"/>
    </frame>
    <frame z="0" duration="1" tweenEasing="0">
     <transform scX="0.88" x="0.65" scY="0.88" y="0" pX="0" pY="0" skX="0" skY="0"/>
    </frame>
    <frame z="0" duration="1" tweenEasing="0">
     <transform scX="0.9199999999999999" x="0.44999999999999996" scY="0.9199999999999999" y="-0.050000000000000044" pX="0" pY="0" skX="0" skY="0"/>
    </frame>
    <frame z="0" duration="1">
     <transform scX="0.96" x="0.2" scY="0.96" y="0" pX="0" pY="0" skX="0" skY="0"/>
    </frame>
    <frame z="0" duration="6">
     <transform scX="1" x="0" scY="1" y="0" pX="0" pY="0" skX="0" skY="0"/>
    </frame>
    <frame z="0" duration="1">
     <transform scX="1" x="0" scY="1" y="0" pX="0" pY="0" skX="0" skY="0"/>
    </frame>
   </timeline>
   <timeline pX="0" name="cont" pY="0" scale="1" offset="0">
    <frame z="0" duration="1" tweenEasing="0">
     <transform scX="1" x="0" scY="1" y="0" pX="0" pY="0" skX="0" skY="0"/>
    </frame>
    <frame z="0" duration="4" tweenEasing="0">
     <transform scX="1" x="0.050000000000000266" scY="1" y="-0.25" pX="0" pY="0" skX="-0.8200000000000003" skY="-0.30000000000000004"/>
    </frame>
    <frame z="0" duration="2" tweenEasing="0">
     <transform scX="1" x="0.5" scY="1" y="-1.25" pX="0" pY="0" skX="-4.87" skY="-2.06"/>
    </frame>
    <frame z="0" duration="1" tweenEasing="0">
     <transform scX="1" x="1.35" scY="1" y="-1.25" pX="0" pY="0" skX="-6.66" skY="-2.06"/>
    </frame>
    <frame z="0" duration="3" tweenEasing="0">
     <transform scX="1" x="1.15" scY="1" y="-1" pX="0" pY="0" skX="-6.38" skY="-2.06"/>
    </frame>
    <frame z="0" duration="1" tweenEasing="0">
     <transform scX="1" x="0.6499999999999999" scY="1" y="-0.25" pX="0" pY="0" skX="-5.15" skY="-2.06"/>
    </frame>
    <frame z="0" duration="1" tweenEasing="0">
     <transform scX="1" x="0.5500000000000003" scY="1" y="0" pX="0" pY="0" skX="-4.87" skY="-2.06"/>
    </frame>
    <frame z="0" duration="1" tweenEasing="0">
     <transform scX="1" x="0.3999999999999999" scY="1" y="0.050000000000000044" pX="0" pY="0" skX="-4.28" skY="-1.78"/>
    </frame>
    <frame z="0" duration="3" tweenEasing="0">
     <transform scX="1" x="0.3500000000000001" scY="1" y="0" pX="0" pY="0" skX="-3.5" skY="-1.5"/>
    </frame>
    <frame z="0" duration="1">
     <transform scX="1" x="0.050000000000000266" scY="1" y="0" pX="0" pY="0" skX="-0.7800000000000002" skY="-0.28"/>
    </frame>
    <frame z="0" duration="1" tweenEasing="0">
     <transform scX="1" x="0" scY="1" y="0" pX="0" pY="0" skX="0" skY="0"/>
    </frame>
    <frame z="0" duration="1" tweenEasing="0">
     <transform scX="1" x="0" scY="1" y="0" pX="0" pY="0" skX="0" skY="0"/>
    </frame>
    <frame z="0" duration="3" tweenEasing="0">
     <transform scX="1" x="0.050000000000000266" scY="1" y="-0.19999999999999996" pX="0" pY="0" skX="-0.8200000000000003" skY="-0.30000000000000004"/>
    </frame>
    <frame z="0" duration="1" tweenEasing="0">
     <transform scX="1" x="0.3999999999999999" scY="1" y="-0.9" pX="0" pY="0" skX="-4.05" skY="-1.76"/>
    </frame>
    <frame z="0" duration="2" tweenEasing="0">
     <transform scX="1" x="0.5" scY="1" y="-1.25" pX="0" pY="0" skX="-4.87" skY="-2.06"/>
    </frame>
    <frame z="0" duration="1" tweenEasing="0">
     <transform scX="1" x="1.35" scY="1" y="-1.25" pX="0" pY="0" skX="-6.66" skY="-2.06"/>
    </frame>
    <frame z="0" duration="3" tweenEasing="0">
     <transform scX="1" x="1.15" scY="1" y="-1" pX="0" pY="0" skX="-6.38" skY="-2.06"/>
    </frame>
    <frame z="0" duration="1" tweenEasing="0">
     <transform scX="1" x="0.6499999999999999" scY="1" y="-0.25" pX="0" pY="0" skX="-5.15" skY="-2.06"/>
    </frame>
    <frame z="0" duration="1" tweenEasing="0">
     <transform scX="1" x="0.5500000000000003" scY="1" y="0" pX="0" pY="0" skX="-4.87" skY="-2.06"/>
    </frame>
    <frame z="0" duration="1" tweenEasing="0">
     <transform scX="1" x="0.3999999999999999" scY="1" y="0.050000000000000044" pX="0" pY="0" skX="-4.28" skY="-1.78"/>
    </frame>
    <frame z="0" duration="4" tweenEasing="0">
     <transform scX="1" x="0.3500000000000001" scY="1" y="0" pX="0" pY="0" skX="-3.5" skY="-1.5"/>
    </frame>
    <frame z="0" duration="1">
     <transform scX="1" x="0" scY="1" y="0" pX="0" pY="0" skX="0" skY="0"/>
    </frame>
   </timeline>
   <timeline pX="0" name="healthBar" pY="0" scale="1" offset="0">
    <frame z="0" duration="37">
     <transform scX="1" x="0" scY="1" y="0" pX="0" pY="0" skX="0" skY="0"/>
    </frame>
    <frame z="0" duration="1">
     <transform scX="1" x="0" scY="1" y="0" pX="0" pY="0" skX="0" skY="0"/>
    </frame>
   </timeline>
   <timeline pX="0" name="armor" pY="0" scale="1" offset="0">
    <frame z="0" duration="37">
     <transform scX="1" x="0" scY="1" y="0" pX="0" pY="0" skX="0" skY="0"/>
    </frame>
    <frame z="0" duration="1">
     <transform scX="1" x="0" scY="1" y="0" pX="0" pY="0" skX="0" skY="0"/>
    </frame>
   </timeline>
   <timeline pX="0" name="iceEffect" pY="0" scale="1" offset="0">
    <frame z="0" duration="37">
     <transform scX="1" x="0" scY="1" y="0" pX="0" pY="0" skX="0" skY="0"/>
    </frame>
    <frame z="0" duration="1">
     <transform scX="1" x="0" scY="1" y="0" pX="0" pY="0" skX="0" skY="0"/>
    </frame>
   </timeline>
   <timeline pX="0" name="fireEffect" pY="0" scale="1" offset="0">
    <frame z="0" duration="37">
     <transform scX="1" x="0" scY="1" y="0" pX="0" pY="0" skX="0" skY="0"/>
    </frame>
    <frame z="0" duration="1">
     <transform scX="1" x="0" scY="1" y="0" pX="0" pY="0" skX="0" skY="0"/>
    </frame>
   </timeline>
   <timeline pX="0" name="iceFreez" pY="0" scale="1" offset="0">
    <frame z="0" duration="37">
     <transform scX="1" x="0" scY="1" y="0" pX="0" pY="0" skX="0" skY="0"/>
    </frame>
    <frame z="0" duration="1">
     <transform scX="1" x="0" scY="1" y="0" pX="0" pY="0" skX="0" skY="0"/>
    </frame>
   </timeline>
   <timeline pX="0" name="levinAttack" pY="0" scale="1" offset="0">
    <frame z="0" duration="37">
     <transform scX="1" x="0" scY="1" y="0" pX="0" pY="0" skX="0" skY="0"/>
    </frame>
    <frame z="0" duration="1">
     <transform scX="1" x="0" scY="1" y="0" pX="0" pY="0" skX="0" skY="0"/>
    </frame>
   </timeline>
   <timeline pX="0" name="iceAttack" pY="0" scale="1" offset="0">
    <frame z="0" duration="37">
     <transform scX="1" x="0" scY="1" y="0" pX="0" pY="0" skX="0" skY="0"/>
    </frame>
    <frame z="0" duration="1">
     <transform scX="1" x="0" scY="1" y="0" pX="0" pY="0" skX="0" skY="0"/>
    </frame>
   </timeline>
   <timeline pX="0" name="fireAttack" pY="0" scale="1" offset="0">
    <frame z="0" duration="37">
     <transform scX="1" x="0" scY="1" y="0" pX="0" pY="0" skX="0" skY="0"/>
    </frame>
    <frame z="0" duration="1">
     <transform scX="1" x="0" scY="1" y="0" pX="0" pY="0" skX="0" skY="0"/>
    </frame>
   </timeline>
   <timeline pX="0" name="dust3" pY="0" scale="1" offset="0">
    <frame z="0" duration="37">
     <transform scX="1" x="0" scY="1" y="0" pX="0" pY="0" skX="0" skY="0"/>
    </frame>
    <frame z="0" duration="1">
     <transform scX="1" x="0" scY="1" y="0" pX="0" pY="0" skX="0" skY="0"/>
    </frame>
   </timeline>
   <timeline pX="0" name="dust2" pY="0" scale="1" offset="0">
    <frame z="0" duration="37">
     <transform scX="1" x="0" scY="1" y="0" pX="0" pY="0" skX="0" skY="0"/>
    </frame>
    <frame z="0" duration="1">
     <transform scX="1" x="0" scY="1" y="0" pX="0" pY="0" skX="0" skY="0"/>
    </frame>
   </timeline>
   <timeline pX="0" name="dust1" pY="0" scale="1" offset="0">
    <frame z="0" duration="37">
     <transform scX="1" x="0" scY="1" y="0" pX="0" pY="0" skX="0" skY="0"/>
    </frame>
    <frame z="0" duration="1">
     <transform scX="1" x="0" scY="1" y="0" pX="0" pY="0" skX="0" skY="0"/>
    </frame>
   </timeline>
   <timeline pX="0" name="buffSpeed" pY="0" scale="1" offset="0">
    <frame z="0" duration="37">
     <transform scX="1" x="0" scY="1" y="0" pX="0" pY="0" skX="0" skY="0"/>
    </frame>
    <frame z="0" duration="1">
     <transform scX="1" x="0" scY="1" y="0" pX="0" pY="0" skX="0" skY="0"/>
    </frame>
   </timeline>
   <timeline pX="0" name="airShock" pY="0" scale="1" offset="0">
    <frame z="0" duration="37">
     <transform scX="1" x="0" scY="1" y="0" pX="0" pY="0" skX="0" skY="0"/>
    </frame>
    <frame z="0" duration="1">
     <transform scX="1" x="0" scY="1" y="0" pX="0" pY="0" skX="0" skY="0"/>
    </frame>
   </timeline>
   <timeline pX="0" name="buffHP" pY="0" scale="1" offset="0">
    <frame z="0" duration="37">
     <transform scX="1" x="0" scY="1" y="0" pX="0" pY="0" skX="0" skY="0"/>
    </frame>
    <frame z="0" duration="1">
     <transform scX="1" x="0" scY="1" y="0" pX="0" pY="0" skX="0" skY="0"/>
    </frame>
   </timeline>
   <timeline pX="0" name="iceDeath" pY="0" scale="1" offset="0">
    <frame z="0" duration="37">
     <transform scX="1" x="0" scY="1" y="0" pX="0" pY="0" skX="0" skY="0"/>
    </frame>
    <frame z="0" duration="1">
     <transform scX="1" x="0" scY="1" y="0" pX="0" pY="0" skX="0" skY="0"/>
    </frame>
   </timeline>
   <timeline pX="0" name="stoneDeath" pY="0" scale="1" offset="0">
    <frame z="0" duration="37">
     <transform scX="1" x="0" scY="1" y="0" pX="0" pY="0" skX="0" skY="0"/>
    </frame>
    <frame z="0" duration="1">
     <transform scX="1" x="0" scY="1" y="0" pX="0" pY="0" skX="0" skY="0"/>
    </frame>
   </timeline>
   <timeline pX="0" name="levinDeath" pY="0" scale="1" offset="0">
    <frame z="0" duration="37">
     <transform scX="1" x="0" scY="1" y="0" pX="0" pY="0" skX="0" skY="0"/>
    </frame>
    <frame z="0" duration="1">
     <transform scX="1" x="0" scY="1" y="0" pX="0" pY="0" skX="0" skY="0"/>
    </frame>
   </timeline>
   <timeline pX="0" name="unitCase" pY="0" scale="1" offset="0">
    <frame z="0" duration="37">
     <transform scX="1" x="0" scY="1" y="0" pX="0" pY="0" skX="0" skY="0"/>
    </frame>
    <frame z="0" duration="1">
     <transform scX="1" x="0" scY="1" y="0" pX="0" pY="0" skX="0" skY="0"/>
    </frame>
   </timeline>
   <frame duration="37"/>
   <frame duration="1"/>
  </animation>
 </armature>
 <armature name="cont">
  <skin name="default">
   <slot name="cont" z="0" parent="cont">
    <display name="Shape/shape 2827" type="image">
     <transform scX="1" x="0" scY="1" y="0" pX="25" pY="34" skX="0" skY="0"/>
    </display>
    <display name="Shape/shape 2829" type="image">
     <transform scX="1" x="0" scY="1" y="0" pX="25" pY="34" skX="0" skY="0"/>
    </display>
    <display name="Shape/shape 2831" type="image">
     <transform scX="1" x="0" scY="1" y="0" pX="25" pY="34" skX="0" skY="0"/>
    </display>
    <display name="Shape/shape 2833" type="image">
     <transform scX="1" x="0" scY="1" y="0" pX="25" pY="34" skX="0" skY="0"/>
    </display>
    <display name="Shape/shape 2835" type="image">
     <transform scX="1" x="0" scY="1" y="0" pX="25" pY="34" skX="0" skY="0"/>
    </display>
    <display name="Shape/shape 2837" type="image">
     <transform scX="1" x="0" scY="1" y="0" pX="25" pY="34" skX="0" skY="0"/>
    </display>
    <display name="Shape/shape 2839" type="image">
     <transform scX="1" x="0" scY="1" y="0" pX="25" pY="34" skX="0" skY="0"/>
    </display>
    <display name="Shape/shape 2841" type="image">
     <transform scX="1" x="0" scY="1" y="0" pX="25" pY="34" skX="0" skY="0"/>
    </display>
    <display name="Shape/shape 2843" type="image">
     <transform scX="1" x="0" scY="1" y="0" pX="25" pY="34" skX="0" skY="0"/>
    </display>
    <display name="Shape/shape 2845" type="image">
     <transform scX="1" x="0" scY="1" y="0" pX="25" pY="34" skX="0" skY="0"/>
    </display>
    <display name="Shape/shape 2847" type="image">
     <transform scX="1" x="0" scY="1" y="0" pX="25" pY="34" skX="0" skY="0"/>
    </display>
    <display name="Shape/shape 2849" type="image">
     <transform scX="1" x="0" scY="1" y="0" pX="25" pY="34" skX="0" skY="0"/>
    </display>
    <display name="Shape/shape 2851" type="image">
     <transform scX="1" x="0" scY="1" y="0" pX="25" pY="34" skX="0" skY="0"/>
    </display>
    <display name="Shape/shape 2853" type="image">
     <transform scX="1" x="0" scY="1" y="0" pX="25" pY="34" skX="0" skY="0"/>
    </display>
    <display name="Shape/shape 2855" type="image">
     <transform scX="1" x="0" scY="1" y="0" pX="25" pY="34" skX="0" skY="0"/>
    </display>
    <display name="Shape/shape 2857" type="image">
     <transform scX="1" x="0" scY="1" y="0" pX="25" pY="34" skX="0" skY="0"/>
    </display>
    <display name="Shape/shape 2859" type="image">
     <transform scX="1" x="0" scY="1" y="0" pX="25" pY="34" skX="0" skY="0"/>
    </display>
    <display name="Shape/shape 2861" type="image">
     <transform scX="1" x="0" scY="1" y="0" pX="25" pY="34" skX="0" skY="0"/>
    </display>
    <display name="Shape/shape 2863" type="image">
     <transform scX="1" x="0" scY="1" y="0" pX="25" pY="34" skX="0" skY="0"/>
    </display>
    <display name="Shape/shape 2865" type="image">
     <transform scX="1" x="0" scY="1" y="0" pX="25" pY="34" skX="0" skY="0"/>
    </display>
    <display name="Shape/shape 2867" type="image">
     <transform scX="1" x="0" scY="1" y="0" pX="25" pY="34" skX="0" skY="0"/>
    </display>
    <display name="Shape/shape 2869" type="image">
     <transform scX="1" x="0" scY="1" y="0" pX="25" pY="34" skX="0" skY="0"/>
    </display>
    <display name="Shape/shape 2871" type="image">
     <transform scX="1" x="0" scY="1" y="0" pX="25" pY="34" skX="0" skY="0"/>
    </display>
    <display name="Shape/shape 2873" type="image">
     <transform scX="1" x="0" scY="1" y="0" pX="25" pY="34" skX="0" skY="0"/>
    </display>
    <display name="Shape/shape 2875" type="image">
     <transform scX="1" x="0" scY="1" y="0" pX="25" pY="34" skX="0" skY="0"/>
    </display>
    <display name="Shape/shape 2877" type="image">
     <transform scX="1" x="0" scY="1" y="0" pX="25" pY="34" skX="0" skY="0"/>
    </display>
    <display name="Shape/shape 2879" type="image">
     <transform scX="1" x="0" scY="1" y="0" pX="25" pY="34" skX="0" skY="0"/>
    </display>
    <display name="Shape/shape 2881" type="image">
     <transform scX="1" x="0" scY="1" y="0" pX="25" pY="34" skX="0" skY="0"/>
    </display>
    <display name="Shape/shape 2883" type="image">
     <transform scX="1" x="0" scY="1" y="0" pX="25" pY="34" skX="0" skY="0"/>
    </display>
    <display name="Shape/shape 2885" type="image">
     <transform scX="1" x="0" scY="1" y="0" pX="25" pY="34" skX="0" skY="0"/>
    </display>
    <display name="Shape/shape 2887" type="image">
     <transform scX="1" x="0" scY="1" y="0" pX="23" pY="34" skX="0" skY="0"/>
    </display>
    <display name="Shape/shape 2889" type="image">
     <transform scX="1" x="0" scY="1" y="0" pX="23" pY="34" skX="0" skY="0"/>
    </display>
    <display name="Shape/shape 2891" type="image">
     <transform scX="1" x="0" scY="1" y="0" pX="23" pY="34" skX="0" skY="0"/>
    </display>
    <display name="Shape/shape 2893" type="image">
     <transform scX="1" x="0" scY="1" y="0" pX="23" pY="34" skX="0" skY="0"/>
    </display>
    <display name="Shape/shape 2895" type="image">
     <transform scX="1" x="0" scY="1" y="0" pX="23" pY="34" skX="0" skY="0"/>
    </display>
    <display name="Shape/shape 2897" type="image">
     <transform scX="1" x="0" scY="1" y="0" pX="23" pY="34" skX="0" skY="0"/>
    </display>
    <display name="Shape/shape 2899" type="image">
     <transform scX="1" x="0" scY="1" y="0" pX="23" pY="34" skX="0" skY="0"/>
    </display>
    <display name="Shape/shape 2901" type="image">
     <transform scX="1" x="0" scY="1" y="0" pX="23" pY="34" skX="0" skY="0"/>
    </display>
    <display name="Shape/shape 2903" type="image">
     <transform scX="1" x="0" scY="1" y="0" pX="23" pY="34" skX="0" skY="0"/>
    </display>
    <display name="Shape/shape 2905" type="image">
     <transform scX="1" x="0" scY="1" y="0" pX="23" pY="34" skX="0" skY="0"/>
    </display>
    <display name="Shape/shape 2907" type="image">
     <transform scX="1" x="0" scY="1" y="0" pX="23" pY="34" skX="0" skY="0"/>
    </display>
    <display name="Shape/shape 2909" type="image">
     <transform scX="1" x="0" scY="1" y="0" pX="23" pY="34" skX="0" skY="0"/>
    </display>
    <display name="Shape/shape 2911" type="image">
     <transform scX="1" x="0" scY="1" y="0" pX="23" pY="34" skX="0" skY="0"/>
    </display>
    <display name="Shape/shape 2913" type="image">
     <transform scX="1" x="0" scY="1" y="0" pX="23" pY="34" skX="0" skY="0"/>
    </display>
    <display name="Shape/shape 2915" type="image">
     <transform scX="1" x="0" scY="1" y="0" pX="23" pY="34" skX="0" skY="0"/>
    </display>
    <display name="Shape/shape 2917" type="image">
     <transform scX="1" x="0" scY="1" y="0" pX="23" pY="34" skX="0" skY="0"/>
    </display>
    <display name="Shape/shape 2919" type="image">
     <transform scX="1" x="0" scY="1" y="0" pX="23" pY="34" skX="0" skY="0"/>
    </display>
    <display name="Shape/shape 2921" type="image">
     <transform scX="1" x="0" scY="1" y="0" pX="23" pY="34" skX="0" skY="0"/>
    </display>
    <display name="Shape/shape 2923" type="image">
     <transform scX="1" x="0" scY="1" y="0" pX="23" pY="34" skX="0" skY="0"/>
    </display>
    <display name="Shape/shape 2925" type="image">
     <transform scX="1" x="0" scY="1" y="0" pX="23" pY="34" skX="0" skY="0"/>
    </display>
    <display name="Shape/shape 2927" type="image">
     <transform scX="1" x="0" scY="1" y="0" pX="23" pY="34" skX="0" skY="0"/>
    </display>
    <display name="Shape/shape 2929" type="image">
     <transform scX="1" x="0" scY="1" y="0" pX="23" pY="34" skX="0" skY="0"/>
    </display>
    <display name="Shape/shape 2931" type="image">
     <transform scX="1" x="0" scY="1" y="0" pX="23" pY="34" skX="0" skY="0"/>
    </display>
    <display name="Shape/shape 2933" type="image">
     <transform scX="1" x="0" scY="1" y="0" pX="23" pY="34" skX="0" skY="0"/>
    </display>
    <display name="Shape/shape 2935" type="image">
     <transform scX="1" x="0" scY="1" y="0" pX="23" pY="34" skX="0" skY="0"/>
    </display>
    <display name="Shape/shape 2937" type="image">
     <transform scX="1" x="0" scY="1" y="0" pX="23" pY="34" skX="0" skY="0"/>
    </display>
    <display name="Shape/shape 2939" type="image">
     <transform scX="1" x="0" scY="1" y="0" pX="23" pY="34" skX="0" skY="0"/>
    </display>
    <display name="Shape/shape 2941" type="image">
     <transform scX="1" x="0" scY="1" y="0" pX="23" pY="34" skX="0" skY="0"/>
    </display>
    <display name="Shape/shape 2943" type="image">
     <transform scX="1" x="0" scY="1" y="0" pX="23" pY="34" skX="0" skY="0"/>
    </display>
    <display name="Shape/shape 2945" type="image">
     <transform scX="1" x="0" scY="1" y="0" pX="23" pY="34" skX="0" skY="0"/>
    </display>
   </slot>
  </skin>
  <bone name="cont">
   <transform scX="1" x="0" skX="0" scY="1" y="0" skY="0"/>
  </bone>
  <animation fadeInTime="0.3" scale="1" loop="1" autoTween="NaN" name="cont" duration="60" tweenEasing="NaN">
   <timeline pX="0" name="cont" pY="0" scale="1" offset="0">
    <frame z="0" duration="1">
     <transform scX="1" x="0" scY="1" y="0" pX="0" pY="0" skX="0" skY="0"/>
    </frame>
    <frame displayIndex="1" z="0" duration="1">
     <transform scX="1" x="0" scY="1" y="0" pX="0" pY="0" skX="0" skY="0"/>
    </frame>
    <frame displayIndex="2" z="0" duration="1">
     <transform scX="1" x="0" scY="1" y="0" pX="0" pY="0" skX="0" skY="0"/>
    </frame>
    <frame displayIndex="3" z="0" duration="1">
     <transform scX="1" x="0" scY="1" y="0" pX="0" pY="0" skX="0" skY="0"/>
    </frame>
    <frame displayIndex="4" z="0" duration="1">
     <transform scX="1" x="0" scY="1" y="0" pX="0" pY="0" skX="0" skY="0"/>
    </frame>
    <frame displayIndex="5" z="0" duration="1">
     <transform scX="1" x="0" scY="1" y="0" pX="0" pY="0" skX="0" skY="0"/>
    </frame>
    <frame displayIndex="6" z="0" duration="1">
     <transform scX="1" x="0" scY="1" y="0" pX="0" pY="0" skX="0" skY="0"/>
    </frame>
    <frame displayIndex="7" z="0" duration="1">
     <transform scX="1" x="0" scY="1" y="0" pX="0" pY="0" skX="0" skY="0"/>
    </frame>
    <frame displayIndex="8" z="0" duration="1">
     <transform scX="1" x="0" scY="1" y="0" pX="0" pY="0" skX="0" skY="0"/>
    </frame>
    <frame displayIndex="9" z="0" duration="1">
     <transform scX="1" x="0" scY="1" y="0" pX="0" pY="0" skX="0" skY="0"/>
    </frame>
    <frame displayIndex="10" z="0" duration="1">
     <transform scX="1" x="0" scY="1" y="0" pX="0" pY="0" skX="0" skY="0"/>
    </frame>
    <frame displayIndex="11" z="0" duration="1">
     <transform scX="1" x="0" scY="1" y="0" pX="0" pY="0" skX="0" skY="0"/>
    </frame>
    <frame displayIndex="12" z="0" duration="1">
     <transform scX="1" x="0" scY="1" y="0" pX="0" pY="0" skX="0" skY="0"/>
    </frame>
    <frame displayIndex="13" z="0" duration="1">
     <transform scX="1" x="0" scY="1" y="0" pX="0" pY="0" skX="0" skY="0"/>
    </frame>
    <frame displayIndex="14" z="0" duration="1">
     <transform scX="1" x="0" scY="1" y="0" pX="0" pY="0" skX="0" skY="0"/>
    </frame>
    <frame displayIndex="15" z="0" duration="1">
     <transform scX="1" x="0" scY="1" y="0" pX="0" pY="0" skX="0" skY="0"/>
    </frame>
    <frame displayIndex="16" z="0" duration="1">
     <transform scX="1" x="0" scY="1" y="0" pX="0" pY="0" skX="0" skY="0"/>
    </frame>
    <frame displayIndex="17" z="0" duration="1">
     <transform scX="1" x="0" scY="1" y="0" pX="0" pY="0" skX="0" skY="0"/>
    </frame>
    <frame displayIndex="18" z="0" duration="1">
     <transform scX="1" x="0" scY="1" y="0" pX="0" pY="0" skX="0" skY="0"/>
    </frame>
    <frame displayIndex="19" z="0" duration="1">
     <transform scX="1" x="0" scY="1" y="0" pX="0" pY="0" skX="0" skY="0"/>
    </frame>
    <frame displayIndex="20" z="0" duration="1">
     <transform scX="1" x="0" scY="1" y="0" pX="0" pY="0" skX="0" skY="0"/>
    </frame>
    <frame displayIndex="21" z="0" duration="1">
     <transform scX="1" x="0" scY="1" y="0" pX="0" pY="0" skX="0" skY="0"/>
    </frame>
    <frame displayIndex="22" z="0" duration="1">
     <transform scX="1" x="0" scY="1" y="0" pX="0" pY="0" skX="0" skY="0"/>
    </frame>
    <frame displayIndex="23" z="0" duration="1">
     <transform scX="1" x="0" scY="1" y="0" pX="0" pY="0" skX="0" skY="0"/>
    </frame>
    <frame displayIndex="24" z="0" duration="1">
     <transform scX="1" x="0" scY="1" y="0" pX="0" pY="0" skX="0" skY="0"/>
    </frame>
    <frame displayIndex="25" z="0" duration="1">
     <transform scX="1" x="0" scY="1" y="0" pX="0" pY="0" skX="0" skY="0"/>
    </frame>
    <frame displayIndex="26" z="0" duration="1">
     <transform scX="1" x="0" scY="1" y="0" pX="0" pY="0" skX="0" skY="0"/>
    </frame>
    <frame displayIndex="27" z="0" duration="1">
     <transform scX="1" x="0" scY="1" y="0" pX="0" pY="0" skX="0" skY="0"/>
    </frame>
    <frame displayIndex="28" z="0" duration="1">
     <transform scX="1" x="0" scY="1" y="0" pX="0" pY="0" skX="0" skY="0"/>
    </frame>
    <frame displayIndex="29" z="0" duration="1">
     <transform scX="1" x="0" scY="1" y="0" pX="0" pY="0" skX="0" skY="0"/>
    </frame>
    <frame displayIndex="30" z="0" duration="1">
     <transform scX="1" x="0" scY="1" y="0" pX="0" pY="0" skX="0" skY="0"/>
    </frame>
    <frame displayIndex="31" z="0" duration="1">
     <transform scX="1" x="0" scY="1" y="0" pX="0" pY="0" skX="0" skY="0"/>
    </frame>
    <frame displayIndex="32" z="0" duration="1">
     <transform scX="1" x="0" scY="1" y="0" pX="0" pY="0" skX="0" skY="0"/>
    </frame>
    <frame displayIndex="33" z="0" duration="1">
     <transform scX="1" x="0" scY="1" y="0" pX="0" pY="0" skX="0" skY="0"/>
    </frame>
    <frame displayIndex="34" z="0" duration="1">
     <transform scX="1" x="0" scY="1" y="0" pX="0" pY="0" skX="0" skY="0"/>
    </frame>
    <frame displayIndex="35" z="0" duration="1">
     <transform scX="1" x="0" scY="1" y="0" pX="0" pY="0" skX="0" skY="0"/>
    </frame>
    <frame displayIndex="36" z="0" duration="1">
     <transform scX="1" x="0" scY="1" y="0" pX="0" pY="0" skX="0" skY="0"/>
    </frame>
    <frame displayIndex="37" z="0" duration="1">
     <transform scX="1" x="0" scY="1" y="0" pX="0" pY="0" skX="0" skY="0"/>
    </frame>
    <frame displayIndex="38" z="0" duration="1">
     <transform scX="1" x="0" scY="1" y="0" pX="0" pY="0" skX="0" skY="0"/>
    </frame>
    <frame displayIndex="39" z="0" duration="1">
     <transform scX="1" x="0" scY="1" y="0" pX="0" pY="0" skX="0" skY="0"/>
    </frame>
    <frame displayIndex="40" z="0" duration="1">
     <transform scX="1" x="0" scY="1" y="0" pX="0" pY="0" skX="0" skY="0"/>
    </frame>
    <frame displayIndex="41" z="0" duration="1">
     <transform scX="1" x="0" scY="1" y="0" pX="0" pY="0" skX="0" skY="0"/>
    </frame>
    <frame displayIndex="42" z="0" duration="1">
     <transform scX="1" x="0" scY="1" y="0" pX="0" pY="0" skX="0" skY="0"/>
    </frame>
    <frame displayIndex="43" z="0" duration="1">
     <transform scX="1" x="0" scY="1" y="0" pX="0" pY="0" skX="0" skY="0"/>
    </frame>
    <frame displayIndex="44" z="0" duration="1">
     <transform scX="1" x="0" scY="1" y="0" pX="0" pY="0" skX="0" skY="0"/>
    </frame>
    <frame displayIndex="45" z="0" duration="1">
     <transform scX="1" x="0" scY="1" y="0" pX="0" pY="0" skX="0" skY="0"/>
    </frame>
    <frame displayIndex="46" z="0" duration="1">
     <transform scX="1" x="0" scY="1" y="0" pX="0" pY="0" skX="0" skY="0"/>
    </frame>
    <frame displayIndex="47" z="0" duration="1">
     <transform scX="1" x="0" scY="1" y="0" pX="0" pY="0" skX="0" skY="0"/>
    </frame>
    <frame displayIndex="48" z="0" duration="1">
     <transform scX="1" x="0" scY="1" y="0" pX="0" pY="0" skX="0" skY="0"/>
    </frame>
    <frame displayIndex="49" z="0" duration="1">
     <transform scX="1" x="0" scY="1" y="0" pX="0" pY="0" skX="0" skY="0"/>
    </frame>
    <frame displayIndex="50" z="0" duration="1">
     <transform scX="1" x="0" scY="1" y="0" pX="0" pY="0" skX="0" skY="0"/>
    </frame>
    <frame displayIndex="51" z="0" duration="1">
     <transform scX="1" x="0" scY="1" y="0" pX="0" pY="0" skX="0" skY="0"/>
    </frame>
    <frame displayIndex="52" z="0" duration="1">
     <transform scX="1" x="0" scY="1" y="0" pX="0" pY="0" skX="0" skY="0"/>
    </frame>
    <frame displayIndex="53" z="0" duration="1">
     <transform scX="1" x="0" scY="1" y="0" pX="0" pY="0" skX="0" skY="0"/>
    </frame>
    <frame displayIndex="54" z="0" duration="1">
     <transform scX="1" x="0" scY="1" y="0" pX="0" pY="0" skX="0" skY="0"/>
    </frame>
    <frame displayIndex="55" z="0" duration="1">
     <transform scX="1" x="0" scY="1" y="0" pX="0" pY="0" skX="0" skY="0"/>
    </frame>
    <frame displayIndex="56" z="0" duration="1">
     <transform scX="1" x="0" scY="1" y="0" pX="0" pY="0" skX="0" skY="0"/>
    </frame>
    <frame displayIndex="57" z="0" duration="1">
     <transform scX="1" x="0" scY="1" y="0" pX="0" pY="0" skX="0" skY="0"/>
    </frame>
    <frame displayIndex="58" z="0" duration="1">
     <transform scX="1" x="0" scY="1" y="0" pX="0" pY="0" skX="0" skY="0"/>
    </frame>
    <frame displayIndex="59" z="0" duration="1">
     <transform scX="1" x="0" scY="1" y="0" pX="0" pY="0" skX="0" skY="0"/>
    </frame>
   </timeline>
  </animation>
 </armature>
</root>