<root name="level" isGlobal="0" frameRate="30" version="3.0">
 <armature name="level">
  <skin name="default">
   <slot name="bg" z="0" parent="bg">
    <display name="Shape/shape 701" type="image">
     <transform scX="1" x="0" scY="1" y="0" pX="27" pY="55" skX="0" skY="0"/>
    </display>
    <display name="Shape/shape 703" type="image">
     <transform scX="1" x="0" scY="1" y="0" pX="27" pY="55" skX="0" skY="0"/>
    </display>
    <display name="Shape/shape 749" type="image">
     <transform scX="1" x="0" scY="1" y="0" pX="48" pY="34" skX="0" skY="0"/>
    </display>
    <display name="Shape/shape 751" type="image">
     <transform scX="1" x="0" scY="1" y="0" pX="48" pY="34" skX="0" skY="0"/>
    </display>
   </slot>
   <slot name="wreath" z="1" parent="wreath">
    <display name="Sprite/sprite 745" type="armature">
     <transform scX="1" x="0" skX="0" scY="1" y="0" skY="0"/>
    </display>
   </slot>
   <slot name="towerEffect" z="2" parent="towerEffect">
    <display name="Sprite/sprite 720" type="armature">
     <transform scX="1" x="0" skX="0" scY="1" y="0" skY="0"/>
    </display>
   </slot>
   <slot name="Layer 3" z="3" parent="Layer 3">
    <display name="Shape/shape 714" type="image">
     <transform scX="1" x="0" scY="1" y="0" pX="32" pY="29" skX="0" skY="0"/>
    </display>
    <display name="Shape/shape 747" type="image">
     <transform scX="1" x="0" scY="1" y="0" pX="32" pY="29" skX="0" skY="0"/>
    </display>
   </slot>
   <slot name="star1" z="4" parent="star1">
    <display name="Sprite/sprite 723" type="armature">
     <transform scX="1" x="0" skX="0" scY="1" y="0" skY="0"/>
    </display>
   </slot>
   <slot name="star2" z="5" parent="star2">
    <display name="Sprite/sprite 724" type="armature">
     <transform scX="1" x="0" skX="0" scY="1" y="0" skY="0"/>
    </display>
   </slot>
   <slot name="star3" z="6" parent="star3">
    <display name="Sprite/sprite 726" type="armature">
     <transform scX="1" x="0" skX="0" scY="1" y="0" skY="0"/>
    </display>
   </slot>
   <slot name="levelCase" z="7" parent="levelCase">
    <display name="Sprite/case" type="image">
     <transform scX="1" x="0" scY="1" y="0" pX="25" pY="25" skX="0" skY="0"/>
    </display>
   </slot>
  </skin>
  <bone name="star1">
   <transform scX="0.7" x="0" skX="0" scY="0.7" y="5" skY="0"/>
  </bone>
  <bone name="wreath">
   <transform scX="1" x="2" skX="0" scY="1" y="10" skY="0"/>
  </bone>
  <bone name="towerEffect">
   <transform scX="1" x="-1" skX="0" scY="1" y="0" skY="0"/>
  </bone>
  <bone name="Layer 3">
   <transform scX="1" x="0" skX="0" scY="1" y="0" skY="0"/>
  </bone>
  <bone name="bg">
   <transform scX="1" x="0" skX="0" scY="1" y="0" skY="0"/>
  </bone>
  <bone name="star2">
   <transform scX="0.7" x="1" skX="0" scY="0.7" y="4" skY="0"/>
  </bone>
  <bone name="star3">
   <transform scX="0.7" x="0" skX="0" scY="0.7" y="4" skY="0"/>
  </bone>
  <bone name="levelCase">
   <transform scX="0.55" x="-1" skX="0" scY="1.2" y="-10.55" skY="0"/>
  </bone>
  <animation fadeInTime="0.3" scale="1" loop="1" autoTween="NaN" name="level" duration="10" tweenEasing="NaN">
   <timeline pX="0" name="bg" pY="0" scale="1" offset="0">
    <frame z="0" duration="1">
     <transform scX="1" x="0" scY="1" y="0" pX="0" pY="0" skX="0" skY="0"/>
    </frame>
    <frame displayIndex="1" z="0" duration="6">
     <transform scX="1" x="0" scY="1" y="0" pX="0" pY="0" skX="0" skY="0"/>
    </frame>
    <frame displayIndex="2" z="0" duration="1">
     <transform scX="1" x="0" scY="1" y="0" pX="0" pY="0" skX="0" skY="0"/>
    </frame>
    <frame displayIndex="3" z="0" duration="2">
     <transform scX="1" x="0" scY="1" y="0" pX="0" pY="0" skX="0" skY="0"/>
    </frame>
   </timeline>
   <timeline pX="0" name="wreath" pY="0" scale="1" offset="0">
    <frame displayIndex="-1" duration="4"/>
    <frame z="0" duration="3">
     <transform scX="1" x="0" scY="1" y="0" pX="0" pY="0" skX="0" skY="0"/>
    </frame>
    <frame displayIndex="-1" duration="3"/>
   </timeline>
   <timeline pX="0" name="towerEffect" pY="0" scale="1" offset="0">
    <frame displayIndex="-1" duration="3"/>
    <frame z="0" duration="1">
     <transform scX="1" x="0" scY="1" y="0" pX="0" pY="0" skX="0" skY="0"/>
    </frame>
    <frame displayIndex="-1" duration="6"/>
   </timeline>
   <timeline pX="0" name="Layer 3" pY="0" scale="1" offset="0">
    <frame displayIndex="-1" duration="4"/>
    <frame z="0" duration="1">
     <transform scX="1" x="0" scY="1" y="0" pX="0" pY="0" skX="0" skY="0"/>
    </frame>
    <frame displayIndex="1" z="0" duration="2">
     <transform scX="1" x="0" scY="1" y="0" pX="0" pY="0" skX="0" skY="0"/>
    </frame>
    <frame displayIndex="-1" duration="3"/>
   </timeline>
   <timeline pX="0" name="star1" pY="0" scale="1" offset="0">
    <frame displayIndex="-1" duration="3"/>
    <frame z="0" duration="7">
     <transform scX="1" x="0" scY="1" y="0" pX="0" pY="0" skX="0" skY="0"/>
    </frame>
   </timeline>
   <timeline pX="0" name="star2" pY="0" scale="1" offset="0">
    <frame displayIndex="-1" duration="3"/>
    <frame z="0" duration="7">
     <transform scX="1" x="0" scY="1" y="0" pX="0" pY="0" skX="0" skY="0"/>
    </frame>
   </timeline>
   <timeline pX="0" name="star3" pY="0" scale="1" offset="0">
    <frame displayIndex="-1" duration="3"/>
    <frame z="0" duration="7">
     <transform scX="1" x="0" scY="1" y="0" pX="0" pY="0" skX="0" skY="0"/>
    </frame>
   </timeline>
   <timeline pX="0" name="levelCase" pY="0" scale="1" offset="0">
    <frame z="0" duration="4">
     <transform scX="1" x="0" scY="1" y="0" pX="0" pY="0" skX="0" skY="0"/>
    </frame>
    <frame z="0" duration="2" tweenEasing="0">
     <transform scX="1.3454545454545452" x="0.44999999999999996" scY="0.7083333333333334" y="12.350000000000001" pX="0" pY="0" skX="0" skY="0"/>
    </frame>
    <frame z="0" duration="1">
     <transform scX="1.3454545454545452" x="0.44999999999999996" scY="0.7083333333333334" y="12.350000000000001" pX="0" pY="0" skX="0" skY="0"/>
    </frame>
    <frame z="0" duration="3">
     <transform scX="2.1636363636363636" x="0.44999999999999996" scY="0.7333333333333334" y="13.15" pX="0" pY="0" skX="0" skY="0"/>
    </frame>
   </timeline>
  </animation>
 </armature>
 <armature name="Sprite/sprite 745">
  <skin name="default">
   <slot name="Layer 1" z="0" parent="Layer 1">
    <display name="Shape/shape 728" type="image">
     <transform scX="1" x="0" scY="1" y="0" pX="41" pY="34" skX="0" skY="0"/>
    </display>
    <display name="Shape/shape 730" type="image">
     <transform scX="1" x="0" scY="1" y="0" pX="41" pY="34" skX="0" skY="0"/>
    </display>
    <display name="Shape/shape 732" type="image">
     <transform scX="1" x="0" scY="1" y="0" pX="41" pY="34" skX="0" skY="0"/>
    </display>
    <display name="Shape/shape 734" type="image">
     <transform scX="1" x="0" scY="1" y="0" pX="41" pY="34" skX="0" skY="0"/>
    </display>
    <display name="Shape/shape 736" type="image">
     <transform scX="1" x="0" scY="1" y="0" pX="41" pY="34" skX="0" skY="0"/>
    </display>
    <display name="Shape/shape 738" type="image">
     <transform scX="1" x="0" scY="1" y="0" pX="41" pY="34" skX="0" skY="0"/>
    </display>
    <display name="Shape/shape 740" type="image">
     <transform scX="1" x="0" scY="1" y="0" pX="41" pY="34" skX="0" skY="0"/>
    </display>
    <display name="Shape/shape 742" type="image">
     <transform scX="1" x="0" scY="1" y="0" pX="41" pY="34" skX="0" skY="0"/>
    </display>
    <display name="Shape/shape 744" type="image">
     <transform scX="1" x="0" scY="1" y="0" pX="41" pY="34" skX="0" skY="0"/>
    </display>
   </slot>
  </skin>
  <bone name="Layer 1">
   <transform scX="1" x="0" skX="0" scY="1" y="0" skY="0"/>
  </bone>
  <animation fadeInTime="0.3" scale="1" loop="1" autoTween="NaN" name="wreath" duration="9" tweenEasing="NaN">
   <timeline pX="0" name="Layer 1" pY="0" scale="1" offset="0">
    <frame z="0" duration="1">
     <transform scX="1" x="0" scY="1" y="0" pX="0" pY="0" skX="0" skY="0"/>
    </frame>
    <frame displayIndex="1" z="0" duration="1">
     <transform scX="1" x="0" scY="1" y="0" pX="0" pY="0" skX="0" skY="0"/>
    </frame>
    <frame displayIndex="2" z="0" duration="1">
     <transform scX="1" x="0" scY="1" y="0" pX="0" pY="0" skX="0" skY="0"/>
    </frame>
    <frame displayIndex="3" z="0" duration="1">
     <transform scX="1" x="0" scY="1" y="0" pX="0" pY="0" skX="0" skY="0"/>
    </frame>
    <frame displayIndex="4" z="0" duration="1">
     <transform scX="1" x="0" scY="1" y="0" pX="0" pY="0" skX="0" skY="0"/>
    </frame>
    <frame displayIndex="5" z="0" duration="1">
     <transform scX="1" x="0" scY="1" y="0" pX="0" pY="0" skX="0" skY="0"/>
    </frame>
    <frame displayIndex="6" z="0" duration="1">
     <transform scX="1" x="0" scY="1" y="0" pX="0" pY="0" skX="0" skY="0"/>
    </frame>
    <frame displayIndex="7" z="0" duration="1">
     <transform scX="1" x="0" scY="1" y="0" pX="0" pY="0" skX="0" skY="0"/>
    </frame>
    <frame displayIndex="8" z="0" duration="1">
     <transform scX="1" x="0" scY="1" y="0" pX="0" pY="0" skX="0" skY="0"/>
    </frame>
   </timeline>
  </animation>
 </armature>
 <armature name="Sprite/sprite 720">
  <skin name="default">
   <slot name="Layer 1" z="0" parent="Layer 1">
    <display name="Shape/shape 714" type="image">
     <transform scX="1" x="0" scY="1" y="0" pX="32" pY="29" skX="0" skY="0"/>
    </display>
   </slot>
   <slot name="Layer 2" z="1" parent="Layer 2">
    <display name="Shape/shape 715" type="image">
     <transform scX="1" x="0" scY="1" y="0" pX="33.35" pY="47.25" skX="0" skY="0"/>
    </display>
    <display name="Shape/shape 716" type="image">
     <transform scX="1" x="0" scY="1" y="0" pX="33.25" pY="47.8" skX="0" skY="0"/>
    </display>
    <display name="Shape/shape 717" type="image">
     <transform scX="1" x="0" scY="1" y="0" pX="33.5" pY="48.6" skX="0" skY="0"/>
    </display>
    <display name="Shape/shape 718" type="image">
     <transform scX="1" x="0" scY="1" y="0" pX="35" pY="46.95" skX="0" skY="0"/>
    </display>
    <display name="Shape/shape 719" type="image">
     <transform scX="1" x="0" scY="1" y="0" pX="35" pY="49.05" skX="0" skY="0"/>
    </display>
   </slot>
   <slot name="Layer 7" z="2" parent="Layer 7">
    <display name="Shape/shape 705" type="image">
     <transform scX="1" x="0" scY="1" y="0" pX="13.15" pY="23.1" skX="0" skY="0"/>
    </display>
    <display name="Shape/shape 707" type="image">
     <transform scX="1" x="0" scY="1" y="0" pX="13.15" pY="15.3" skX="0" skY="0"/>
    </display>
    <display name="Shape/shape 709" type="image">
     <transform scX="1" x="0" scY="1" y="0" pX="13.15" pY="-0.05" skX="0" skY="0"/>
    </display>
   </slot>
   <slot name="Layer 8" z="3" parent="Layer 8">
    <display name="Shape/shape 704" type="image">
     <transform scX="1" x="0" scY="1" y="0" pX="13.15" pY="40" skX="0" skY="0"/>
    </display>
    <display name="Shape/shape 706" type="image">
     <transform scX="1" x="0" scY="1" y="0" pX="18.3" pY="-0.2" skX="0" skY="0"/>
    </display>
    <display name="Shape/shape 708" type="image">
     <transform scX="1" x="0" scY="1" y="0" pX="26.6" pY="17.4" skX="0" skY="0"/>
    </display>
    <display name="Sprite/sprite 711" type="image">
     <transform scX="1" x="0" scY="1" y="0" pX="14.45" pY="16.55" skX="0" skY="0"/>
    </display>
   </slot>
   <slot name="Layer 13" z="4" parent="Layer 13">
    <display name="Shape/shape 712" type="image">
     <transform scX="1" x="0" scY="1" y="0" pX="30.4" pY="32.95" skX="0" skY="0"/>
    </display>
   </slot>
  </skin>
  <bone name="Layer 7">
   <transform scX="1" x="0" skX="0" scY="1" y="0" skY="0"/>
  </bone>
  <bone name="Layer 2">
   <transform scX="0.76" x="1.25" skX="0" scY="1" y="20.2" skY="0"/>
  </bone>
  <bone name="Layer 1">
   <transform scX="1" x="1" skX="0" scY="1" y="0" skY="0"/>
  </bone>
  <bone name="Layer 8">
   <transform scX="1" x="0" skX="0" scY="1" y="0" skY="0"/>
  </bone>
  <bone name="Layer 13">
   <transform scX="0.76" x="1.3" skX="0" scY="1" y="19.9" skY="0"/>
  </bone>
  <animation fadeInTime="0.3" scale="1" loop="1" autoTween="NaN" name="towerEffect" duration="11" tweenEasing="NaN">
   <timeline pX="0" name="Layer 1" pY="0" scale="1" offset="0">
    <frame displayIndex="-1" duration="5"/>
    <frame z="0" duration="6">
     <transform scX="1" x="0" scY="1" y="0" pX="0" pY="0" skX="0" skY="0"/>
    </frame>
   </timeline>
   <timeline pX="0" name="Layer 2" pY="0" scale="1" offset="0">
    <frame displayIndex="-1" duration="5"/>
    <frame z="0" duration="1">
     <transform scX="1" x="0" scY="1" y="0" pX="0" pY="0" skX="0" skY="0"/>
     <colorTransform bM="100" gO="0" bO="0" aM="61" rM="100" aO="0" gM="100" rO="0"/>
    </frame>
    <frame z="0" displayIndex="1" duration="1">
     <transform scX="1" x="-0.050000000000000044" scY="1" y="0.3500000000000014" pX="0" pY="0" skX="0" skY="0"/>
     <colorTransform bM="100" gO="0" bO="0" aM="68" rM="100" aO="0" gM="100" rO="0"/>
    </frame>
    <frame z="0" displayIndex="2" duration="1">
     <transform scX="1" x="-0.10000000000000009" scY="1" y="0.6500000000000021" pX="0" pY="0" skX="0" skY="0"/>
     <colorTransform bM="100" gO="0" bO="0" aM="75" rM="100" aO="0" gM="100" rO="0"/>
    </frame>
    <frame z="0" displayIndex="3" duration="1">
     <transform scX="1" x="-0.10000000000000009" scY="1" y="1" pX="0" pY="0" skX="0" skY="0"/>
     <colorTransform bM="100" gO="0" bO="0" aM="82" rM="100" aO="0" gM="100" rO="0"/>
    </frame>
    <frame z="0" displayIndex="4" duration="1">
     <transform scX="1" x="-0.1499999999999999" scY="1" y="1.3000000000000007" pX="0" pY="0" skX="0" skY="0"/>
     <colorTransform bM="100" gO="0" bO="0" aM="89" rM="100" aO="0" gM="100" rO="0"/>
    </frame>
    <frame displayIndex="-1" duration="1"/>
   </timeline>
   <timeline pX="0" name="Layer 7" pY="0" scale="1" offset="0">
    <frame displayIndex="-1" duration="2"/>
    <frame z="0" duration="1">
     <transform scX="1" x="0" scY="1" y="0" pX="0" pY="0" skX="0" skY="0"/>
    </frame>
    <frame displayIndex="1" z="0" duration="1">
     <transform scX="1" x="0" scY="1" y="0" pX="0" pY="0" skX="0" skY="0"/>
    </frame>
    <frame displayIndex="2" z="0" duration="1">
     <transform scX="1" x="0" scY="1" y="0" pX="0" pY="0" skX="0" skY="0"/>
    </frame>
    <frame displayIndex="-1" duration="6"/>
   </timeline>
   <timeline pX="0" name="Layer 8" pY="0" scale="1" offset="0">
    <frame z="0" duration="2">
     <transform scX="1" x="0" scY="1" y="0" pX="0" pY="0" skX="0" skY="0"/>
    </frame>
    <frame z="0" displayIndex="1" duration="1">
     <transform scX="0.76" x="1.35" scY="1" y="19.25" pX="0" pY="0" skX="0" skY="0"/>
     <colorTransform bM="100" gO="0" bO="0" aM="40" rM="100" aO="0" gM="100" rO="0"/>
    </frame>
    <frame z="0" displayIndex="2" duration="1">
     <transform scX="0.76" x="1.3" scY="1" y="19.55" pX="0" pY="0" skX="0" skY="0"/>
     <colorTransform bM="100" gO="0" bO="0" aM="47" rM="100" aO="0" gM="100" rO="0"/>
    </frame>
    <frame z="0" displayIndex="3" duration="1">
     <transform scX="1.2" x="0" scY="1.2" y="0" pX="0" pY="0" skX="0" skY="0"/>
     <colorTransform bM="100" gO="0" bO="0" aM="30" rM="100" aO="0" gM="100" rO="0"/>
    </frame>
    <frame displayIndex="-1" duration="6"/>
   </timeline>
   <timeline pX="0" name="Layer 13" pY="0" scale="1" offset="0">
    <frame displayIndex="-1" duration="4"/>
    <frame z="0" duration="1">
     <transform scX="1" x="0" scY="1" y="0" pX="0" pY="0" skX="0" skY="0"/>
     <colorTransform bM="100" gO="0" bO="0" aM="54" rM="100" aO="0" gM="100" rO="0"/>
    </frame>
    <frame displayIndex="-1" duration="6"/>
   </timeline>
  </animation>
 </armature>
 <armature name="Sprite/sprite 723">
  <skin name="default">
   <slot name="Layer 1" z="0" parent="Layer 1">
    <display name="Sprite/sprite 325" type="image">
     <transform scX="1" x="0" scY="1" y="0" pX="19" pY="18.1" skX="0" skY="0"/>
    </display>
    <display name="Shape/shape 722" type="image">
     <transform scX="1" x="0" scY="1" y="0" pX="-6" pY="-4" skX="0" skY="0"/>
    </display>
   </slot>
  </skin>
  <bone name="Layer 1">
   <transform scX="0.75" x="-30.15" skX="0" scY="0.75" y="0.75" skY="0"/>
  </bone>
  <animation fadeInTime="0.3" scale="1" loop="1" autoTween="NaN" name="star1" duration="18" tweenEasing="NaN">
   <timeline pX="0" name="Layer 1" pY="0" scale="1" offset="0">
    <frame displayIndex="-1" duration="11"/>
    <frame z="0" duration="3" tweenEasing="0">
     <transform scX="1" x="0" scY="1" y="0" pX="0" pY="0" skX="0" skY="0"/>
     <colorTransform bM="100" gO="0" bO="0" aM="0" rM="100" aO="0" gM="100" rO="0"/>
    </frame>
    <frame z="0" duration="1" tweenEasing="0">
     <transform scX="0.6" x="11.849999999999998" scY="0.6" y="13.75" pX="0" pY="0" skX="0" skY="0"/>
    </frame>
    <frame z="0" duration="1" tweenEasing="0">
     <transform scX="0.6" x="12" scY="0.5066666666666667" y="14.25" pX="0" pY="0" skX="0" skY="0"/>
    </frame>
    <frame z="0" duration="1">
     <transform scX="0.6" x="11.849999999999998" scY="0.6" y="13.7" pX="0" pY="0" skX="0" skY="0"/>
    </frame>
    <frame displayIndex="1" z="0" duration="1">
     <transform scX="1.3333333333333333" x="-5.850000000000001" scY="1.3333333333333333" y="-1.75" pX="0" pY="0" skX="0" skY="0"/>
    </frame>
   </timeline>
  </animation>
 </armature>
 <armature name="Sprite/sprite 724">
  <skin name="default">
   <slot name="Layer 1" z="0" parent="Layer 1">
    <display name="Sprite/sprite 325" type="image">
     <transform scX="1" x="0" scY="1" y="0" pX="19" pY="18.1" skX="0" skY="0"/>
    </display>
    <display name="Shape/shape 722" type="image">
     <transform scX="1" x="0" scY="1" y="0" pX="-6" pY="-4" skX="0" skY="0"/>
    </display>
   </slot>
  </skin>
  <bone name="Layer 1">
   <transform scX="0.75" x="29.2" skX="0" scY="0.75" y="1.1" skY="0"/>
  </bone>
  <animation fadeInTime="0.3" scale="1" loop="1" autoTween="NaN" name="star2" duration="25" tweenEasing="NaN">
   <timeline pX="0" name="Layer 1" pY="0" scale="1" offset="0">
    <frame displayIndex="-1" duration="18"/>
    <frame z="0" duration="3" tweenEasing="0">
     <transform scX="1" x="0" scY="1" y="0" pX="0" pY="0" skX="0" skY="0"/>
     <colorTransform bM="100" gO="0" bO="0" aM="0" rM="100" aO="0" gM="100" rO="0"/>
    </frame>
    <frame z="0" duration="1" tweenEasing="0">
     <transform scX="0.6" x="-11.55" scY="0.6" y="14.15" pX="0" pY="0" skX="0" skY="0"/>
    </frame>
    <frame z="0" duration="1" tweenEasing="0">
     <transform scX="0.6" x="-11.899999999999999" scY="0.5066666666666667" y="15.000000000000002" pX="0" pY="0" skX="0" skY="0"/>
    </frame>
    <frame z="0" duration="1">
     <transform scX="0.6" x="-11.55" scY="0.6" y="14.15" pX="0" pY="0" skX="0" skY="0"/>
    </frame>
    <frame displayIndex="1" z="0" duration="1">
     <transform scX="1.3333333333333333" x="-29.2" scY="1.3333333333333333" y="-1.1" pX="0" pY="0" skX="0" skY="0"/>
    </frame>
   </timeline>
  </animation>
 </armature>
 <armature name="Sprite/sprite 726">
  <skin name="default">
   <slot name="Layer 1" z="0" parent="Layer 1">
    <display name="Sprite/sprite 325" type="image">
     <transform scX="1" x="0" scY="1" y="0" pX="19" pY="18.1" skX="0" skY="0"/>
    </display>
    <display name="Shape/shape 725" type="image">
     <transform scX="1" x="0" scY="1" y="0" pX="15" pY="0" skX="0" skY="0"/>
    </display>
   </slot>
  </skin>
  <bone name="Layer 1">
   <transform scX="0.9" x="-0.2" skX="0" scY="0.9" y="-24.25" skY="0"/>
  </bone>
  <animation fadeInTime="0.3" scale="1" loop="1" autoTween="NaN" name="star3" duration="32" tweenEasing="NaN">
   <timeline pX="0" name="Layer 1" pY="0" scale="1" offset="0">
    <frame displayIndex="-1" duration="25"/>
    <frame z="0" duration="3" tweenEasing="0">
     <transform scX="1" x="0" scY="1" y="0" pX="0" pY="0" skX="0" skY="0"/>
     <colorTransform bM="100" gO="0" bO="0" aM="0" rM="100" aO="0" gM="100" rO="0"/>
    </frame>
    <frame z="0" duration="1" tweenEasing="0">
     <transform scX="0.6777777777777777" x="-0.04999999999999999" scY="0.7222222222222222" y="39" pX="0" pY="0" skX="0" skY="0"/>
    </frame>
    <frame z="0" duration="1" tweenEasing="0">
     <transform scX="0.6666666666666666" x="-0.04999999999999999" scY="0.6" y="40.3" pX="0" pY="0" skX="0" skY="0"/>
    </frame>
    <frame z="0" duration="1">
     <transform scX="0.6666666666666666" x="-0.04999999999999999" scY="0.6666666666666666" y="39" pX="0" pY="0" skX="0" skY="0"/>
    </frame>
    <frame displayIndex="1" z="0" duration="1">
     <transform scX="1.1111111111111112" x="0.2" scY="1.1111111111111112" y="24.25" pX="0" pY="0" skX="0" skY="0"/>
    </frame>
   </timeline>
  </animation>
 </armature>
</root>