<TextureAtlas name="level" imagePath="texture.png">
 <SubTexture name="Shape/shape 701" x="368" y="138" width="56" height="93"/>
 <SubTexture name="Shape/shape 703" x="282" y="138" width="56" height="93"/>
 <SubTexture name="Shape/shape 749" x="105" y="0" width="103" height="86"/>
 <SubTexture name="Shape/shape 751" x="0" y="0" width="103" height="86"/>
 <SubTexture name="Shape/shape 714" x="72" y="157" width="70" height="74"/>
 <SubTexture name="Shape/shape 747" x="0" y="157" width="70" height="74"/>
 <SubTexture name="Sprite/case" x="455" y="143" width="50" height="50"/>
 <SubTexture name="Shape/shape 728" x="210" y="69" width="82" height="67"/>
 <SubTexture name="Shape/shape 730" x="294" y="0" width="82" height="67"/>
 <SubTexture name="Shape/shape 732" x="378" y="0" width="82" height="67"/>
 <SubTexture name="Shape/shape 734" x="210" y="0" width="82" height="67"/>
 <SubTexture name="Shape/shape 736" x="84" y="88" width="82" height="67"/>
 <SubTexture name="Shape/shape 738" x="198" y="138" width="82" height="67"/>
 <SubTexture name="Shape/shape 740" x="0" y="88" width="82" height="67"/>
 <SubTexture name="Shape/shape 742" x="378" y="69" width="82" height="67"/>
 <SubTexture name="Shape/shape 744" x="294" y="69" width="82" height="67"/>
 <SubTexture name="Shape/shape 715" x="144" y="207" width="62" height="51"/>
 <SubTexture name="Shape/shape 716" x="426" y="195" width="66" height="50"/>
 <SubTexture name="Shape/shape 717" x="207" y="207" width="65" height="47"/>
 <SubTexture name="Shape/shape 718" x="70" y="233" width="66" height="45"/>
 <SubTexture name="Shape/shape 719" x="0" y="233" width="69" height="42"/>
 <SubTexture name="Shape/shape 705" x="462" y="99" width="27" height="43"/>
 <SubTexture name="Shape/shape 707" x="340" y="138" width="27" height="35"/>
 <SubTexture name="Shape/shape 709" x="426" y="167" width="27" height="20"/>
 <SubTexture name="Shape/shape 704" x="462" y="0" width="27" height="60"/>
 <SubTexture name="Shape/shape 706" x="144" y="190" width="34" height="8"/>
 <SubTexture name="Shape/shape 708" x="144" y="160" width="51" height="28"/>
 <SubTexture name="Sprite/sprite 711" x="168" y="125" width="29" height="34"/>
 <SubTexture name="Shape/shape 712" x="273" y="233" width="57" height="40"/>
 <SubTexture name="Sprite/sprite 325" x="462" y="61" width="39" height="37"/>
 <SubTexture name="Shape/shape 722" x="426" y="138" width="27" height="27"/>
 <SubTexture name="Shape/shape 725" x="168" y="88" width="35" height="35"/>
</TextureAtlas>