<root name="Training_1_mc" isGlobal="0" frameRate="30" version="3.0">
 <armature name="Training_1_mc">
  <skin name="default">
   <slot name="Layer 1" z="0" parent="Layer 1">
    <display name="Shape/shape 2308" type="image">
     <transform x="0" pX="28" pY="23" skX="0" skY="0" scX="1" y="0" scY="1"/>
    </display>
    <display name="Shape/shape 2310" type="image">
     <transform x="0" pX="28" pY="23" skX="0" skY="0" scX="1" y="0" scY="1"/>
    </display>
    <display name="Shape/shape 2312" type="image">
     <transform x="0" pX="28" pY="23" skX="0" skY="0" scX="1" y="0" scY="1"/>
    </display>
    <display name="Shape/shape 2314" type="image">
     <transform x="0" pX="28" pY="23" skX="0" skY="0" scX="1" y="0" scY="1"/>
    </display>
    <display name="Shape/shape 2316" type="image">
     <transform x="0" pX="28" pY="23" skX="0" skY="0" scX="1" y="0" scY="1"/>
    </display>
    <display name="Shape/shape 2318" type="image">
     <transform x="0" pX="28" pY="23" skX="0" skY="0" scX="1" y="0" scY="1"/>
    </display>
    <display name="Shape/shape 2322" type="image">
     <transform x="0" pX="28" pY="23" skX="0" skY="0" scX="1" y="0" scY="1"/>
    </display>
    <display name="Shape/shape 2324" type="image">
     <transform x="0" pX="28" pY="23" skX="0" skY="0" scX="1" y="0" scY="1"/>
    </display>
    <display name="Shape/shape 2326" type="image">
     <transform x="0" pX="28" pY="23" skX="0" skY="0" scX="1" y="0" scY="1"/>
    </display>
    <display name="Shape/shape 2328" type="image">
     <transform x="0" pX="28" pY="23" skX="0" skY="0" scX="1" y="0" scY="1"/>
    </display>
    <display name="Shape/shape 2329" type="image">
     <transform x="0" pX="28" pY="23" skX="0" skY="0" scX="1" y="0" scY="1"/>
    </display>
    <display name="Shape/shape 2331" type="image">
     <transform x="0" pX="28" pY="23" skX="0" skY="0" scX="1" y="0" scY="1"/>
    </display>
    <display name="Shape/shape 2334" type="image">
     <transform x="0" pX="28" pY="23" skX="0" skY="0" scX="1" y="0" scY="1"/>
    </display>
    <display name="Shape/shape 2336" type="image">
     <transform x="0" pX="28" pY="23" skX="0" skY="0" scX="1" y="0" scY="1"/>
    </display>
    <display name="Shape/shape 2338" type="image">
     <transform x="0" pX="28" pY="23" skX="0" skY="0" scX="1" y="0" scY="1"/>
    </display>
   </slot>
   <slot name="Layer 2" z="1" parent="Layer 2">
    <display name="补间 6" type="image">
     <transform x="0" pX="9.5" pY="6.5" skX="0" skY="0" scX="1" y="0" scY="1"/>
    </display>
    <display name="补间 4" type="image">
     <transform x="0" pX="31" pY="22" skX="0" skY="0" scX="1" y="0" scY="1"/>
    </display>
    <display name="补间 5" type="image">
     <transform x="0" pX="30.5" pY="21.5" skX="0" skY="0" scX="1" y="0" scY="1"/>
    </display>
    <display name="补间 3" type="image">
     <transform x="0" pX="30.5" pY="21.5" skX="0" skY="0" scX="1" y="0" scY="1"/>
    </display>
    <display name="补间 1" type="image">
     <transform x="0" pX="31" pY="22" skX="0" skY="0" scX="1" y="0" scY="1"/>
    </display>
    <display name="补间 2" type="image">
     <transform x="0" pX="30.5" pY="21.5" skX="0" skY="0" scX="1" y="0" scY="1"/>
    </display>
   </slot>
  </skin>
  <bone name="Layer 1">
   <transform y="0" skY="0" x="-4" scX="1" skX="0" scY="1"/>
  </bone>
  <bone name="Layer 2">
   <transform y="14.2" skY="0" x="-15.9" scX="1" skX="0" scY="1"/>
  </bone>
  <animation name="Training_1_mc" scale="1" loop="1" duration="26" autoTween="NaN" fadeInTime="0.3" tweenEasing="NaN">
   <timeline name="Layer 1" scale="1" pX="0" pY="0" offset="0">
    <frame z="0" duration="1">
     <transform x="0" pX="0" pY="0" skX="0" skY="0" scX="1" y="0" scY="1"/>
    </frame>
    <frame displayIndex="1" z="0" duration="1">
     <transform x="0" pX="0" pY="0" skX="0" skY="0" scX="1" y="0" scY="1"/>
    </frame>
    <frame displayIndex="2" z="0" duration="1">
     <transform x="0" pX="0" pY="0" skX="0" skY="0" scX="1" y="0" scY="1"/>
    </frame>
    <frame displayIndex="3" z="0" duration="1">
     <transform x="0" pX="0" pY="0" skX="0" skY="0" scX="1" y="0" scY="1"/>
    </frame>
    <frame displayIndex="4" z="0" duration="1">
     <transform x="0" pX="0" pY="0" skX="0" skY="0" scX="1" y="0" scY="1"/>
    </frame>
    <frame displayIndex="5" z="0" duration="1">
     <transform x="0" pX="0" pY="0" skX="0" skY="0" scX="1" y="0" scY="1"/>
    </frame>
    <frame displayIndex="6" z="0" duration="1">
     <transform x="0" pX="0" pY="0" skX="0" skY="0" scX="1" y="0" scY="1"/>
    </frame>
    <frame displayIndex="7" z="0" duration="1">
     <transform x="0" pX="0" pY="0" skX="0" skY="0" scX="1" y="0" scY="1"/>
    </frame>
    <frame displayIndex="8" z="0" duration="1">
     <transform x="0" pX="0" pY="0" skX="0" skY="0" scX="1" y="0" scY="1"/>
    </frame>
    <frame displayIndex="9" z="0" duration="1">
     <transform x="0" pX="0" pY="0" skX="0" skY="0" scX="1" y="0" scY="1"/>
    </frame>
    <frame displayIndex="10" z="0" duration="1">
     <transform x="0" pX="0" pY="0" skX="0" skY="0" scX="1" y="0" scY="1"/>
    </frame>
    <frame displayIndex="11" z="0" duration="3">
     <transform x="0" pX="0" pY="0" skX="0" skY="0" scX="1" y="0" scY="1"/>
    </frame>
    <frame displayIndex="10" z="0" duration="2">
     <transform x="0" pX="0" pY="0" skX="0" skY="0" scX="1" y="0" scY="1"/>
    </frame>
    <frame displayIndex="9" z="0" duration="3">
     <transform x="0" pX="0" pY="0" skX="0" skY="0" scX="1" y="0" scY="1"/>
    </frame>
    <frame displayIndex="10" z="0" duration="2">
     <transform x="0" pX="0" pY="0" skX="0" skY="0" scX="1" y="0" scY="1"/>
    </frame>
    <frame displayIndex="11" z="0" duration="2">
     <transform x="0" pX="0" pY="0" skX="0" skY="0" scX="1" y="0" scY="1"/>
    </frame>
    <frame displayIndex="12" z="0" duration="1">
     <transform x="0" pX="0" pY="0" skX="0" skY="0" scX="1" y="0" scY="1"/>
    </frame>
    <frame displayIndex="13" z="0" duration="1">
     <transform x="0" pX="0" pY="0" skX="0" skY="0" scX="1" y="0" scY="1"/>
    </frame>
    <frame displayIndex="14" z="0" duration="1">
     <transform x="0" pX="0" pY="0" skX="0" skY="0" scX="1" y="0" scY="1"/>
    </frame>
   </timeline>
   <timeline name="Layer 2" scale="1" pX="0" pY="0" offset="0">
    <frame displayIndex="-1" duration="5"/>
    <frame z="0" duration="3" tweenEasing="0">
     <transform x="0" pX="0" pY="0" skX="0" skY="0" scX="1" y="0" scY="1"/>
    </frame>
    <frame z="0" displayIndex="1" duration="3" tweenEasing="0">
     <transform x="23.5" pX="0" pY="0" skX="0" skY="0" scX="1" y="-7.799999999999999" scY="1"/>
    </frame>
    <frame displayIndex="2" z="0" duration="1">
     <transform x="22.7" pX="0" pY="0" skX="0" skY="0" scX="1" y="-7.499999999999999" scY="1"/>
    </frame>
    <frame z="0" displayIndex="3" duration="5" tweenEasing="0">
     <transform x="22.7" pX="0" pY="0" skX="0" skY="0" scX="1" y="-7.499999999999999" scY="1"/>
    </frame>
    <frame z="0" displayIndex="4" duration="5" tweenEasing="0">
     <transform x="24.25" pX="0" pY="0" skX="0" skY="0" scX="1" y="-7.799999999999999" scY="1"/>
    </frame>
    <frame displayIndex="5" z="0" duration="1">
     <transform x="24.200000000000003" pX="0" pY="0" skX="0" skY="0" scX="1" y="-6.799999999999999" scY="1"/>
    </frame>
    <frame displayIndex="-1" duration="3"/>
   </timeline>
  </animation>
 </armature>
</root>