<dragonBones name="1yrt" frameRate="30" version="2.3">
 <armature name="TowerMenu_mc_btnGetAll">
  <bone name="Layer 1">
   <transform x="0" y="0" skX="0" skY="0" scX="1" scY="1"/>
  </bone>
  <bone name="Layer 2">
   <transform x="0" y="0" skX="0" skY="0" scX="0.6" scY="0.6"/>
  </bone>
  <skin name="default">
   <slot name="Layer 1" parent="Layer 1" z="0">
    <display name="Shape/shape 11081" type="image">
     <transform x="0" y="0" skX="0" skY="0" scX="1" scY="1" pX="16" pY="16"/>
    </display>
    <display name="Shape/shape 11083" type="image">
     <transform x="0" y="0" skX="0" skY="0" scX="1" scY="1" pX="16" pY="16"/>
    </display>
    <display name="Shape/shape 11085" type="image">
     <transform x="0" y="0" skX="0" skY="0" scX="1" scY="1" pX="16" pY="16"/>
    </display>
    <display name="Shape/shape 11087" type="image">
     <transform x="0" y="0" skX="0" skY="0" scX="1" scY="1" pX="16" pY="16"/>
    </display>
    <display name="Shape/shape 11089" type="image">
     <transform x="0" y="0" skX="0" skY="0" scX="1" scY="1" pX="16" pY="16"/>
    </display>
    <display name="Shape/shape 11091" type="image">
     <transform x="0" y="0" skX="0" skY="0" scX="1" scY="1" pX="16" pY="16"/>
    </display>
    <display name="Shape/shape 11093" type="image">
     <transform x="0" y="0" skX="0" skY="0" scX="1" scY="1" pX="16" pY="16"/>
    </display>
    <display name="Shape/shape 11095" type="image">
     <transform x="0" y="0" skX="0" skY="0" scX="1" scY="1" pX="16" pY="16"/>
    </display>
    <display name="Shape/shape 11097" type="image">
     <transform x="0" y="0" skX="0" skY="0" scX="1" scY="1" pX="16" pY="16"/>
    </display>
    <display name="Shape/shape 11099" type="image">
     <transform x="0" y="0" skX="0" skY="0" scX="1" scY="1" pX="16" pY="16"/>
    </display>
    <display name="Shape/shape 11101" type="image">
     <transform x="0" y="0" skX="0" skY="0" scX="1" scY="1" pX="16" pY="16"/>
    </display>
    <display name="Shape/shape 11103" type="image">
     <transform x="0" y="0" skX="0" skY="0" scX="1" scY="1" pX="16" pY="16"/>
    </display>
    <display name="Shape/shape 11105" type="image">
     <transform x="0" y="0" skX="0" skY="0" scX="1" scY="1" pX="16" pY="16"/>
    </display>
    <display name="Shape/shape 11107" type="image">
     <transform x="0" y="0" skX="0" skY="0" scX="1" scY="1" pX="16" pY="16"/>
    </display>
    <display name="Shape/shape 11109" type="image">
     <transform x="0" y="0" skX="0" skY="0" scX="1" scY="1" pX="16" pY="16"/>
    </display>
    <display name="Shape/shape 11111" type="image">
     <transform x="0" y="0" skX="0" skY="0" scX="1" scY="1" pX="16" pY="16"/>
    </display>
    <display name="Shape/shape 11113" type="image">
     <transform x="0" y="0" skX="0" skY="0" scX="1" scY="1" pX="16" pY="16"/>
    </display>
    <display name="Shape/shape 11115" type="image">
     <transform x="0" y="0" skX="0" skY="0" scX="1" scY="1" pX="16" pY="16"/>
    </display>
    <display name="Shape/shape 11117" type="image">
     <transform x="0" y="0" skX="0" skY="0" scX="1" scY="1" pX="16" pY="16"/>
    </display>
    <display name="Shape/shape 11119" type="image">
     <transform x="0" y="0" skX="0" skY="0" scX="1" scY="1" pX="16" pY="16"/>
    </display>
    <display name="Shape/shape 11121" type="image">
     <transform x="0" y="0" skX="0" skY="0" scX="1" scY="1" pX="16" pY="16"/>
    </display>
    <display name="Shape/shape 11123" type="image">
     <transform x="0" y="0" skX="0" skY="0" scX="1" scY="1" pX="16" pY="16"/>
    </display>
    <display name="Shape/shape 11125" type="image">
     <transform x="0" y="0" skX="0" skY="0" scX="1" scY="1" pX="16" pY="16"/>
    </display>
    <display name="Shape/shape 11127" type="image">
     <transform x="0" y="0" skX="0" skY="0" scX="1" scY="1" pX="16" pY="16"/>
    </display>
    <display name="Shape/shape 11129" type="image">
     <transform x="0" y="0" skX="0" skY="0" scX="1" scY="1" pX="16" pY="16"/>
    </display>
    <display name="Shape/shape 11131" type="image">
     <transform x="0" y="0" skX="0" skY="0" scX="1" scY="1" pX="16" pY="16"/>
    </display>
    <display name="Shape/shape 11133" type="image">
     <transform x="0" y="0" skX="0" skY="0" scX="1" scY="1"/>
    </display>
    <display name="Shape/shape 11135" type="image">
     <transform x="0" y="0" skX="0" skY="0" scX="1" scY="1"/>
    </display>
    <display name="Shape/shape 11137" type="image">
     <transform x="0" y="0" skX="0" skY="0" scX="1" scY="1"/>
    </display>
    <display name="Shape/shape 11139" type="image">
     <transform x="0" y="0" skX="0" skY="0" scX="1" scY="1"/>
    </display>
    <display name="Shape/shape 11141" type="image">
     <transform x="0" y="0" skX="0" skY="0" scX="1" scY="1"/>
    </display>
   </slot>
   <slot name="Layer 2" parent="Layer 2" z="1">
    <display name="Sprite/sprite 47" type="image">
     <transform x="0" y="0" skX="0" skY="0" scX="1" scY="1"/>
    </display>
   </slot>
  </skin>
  <animation name="TowerMenu_mc_btnGetAll" fadeInTime="0.3" duration="31" scale="1" loop="1" autoTween="1" tweenEasing="NaN">
   <timeline name="Layer 1" scale="1" offset="0">
    <frame z="0" duration="1">
     <transform x="0" y="0" skX="0" skY="0" scX="1" scY="1" pX="0" pY="0"/>
    </frame>
    <frame z="0" displayIndex="1" duration="1">
     <transform x="0" y="0" skX="0" skY="0" scX="1" scY="1" pX="0" pY="0"/>
    </frame>
    <frame z="0" displayIndex="2" duration="1">
     <transform x="0" y="0" skX="0" skY="0" scX="1" scY="1" pX="0" pY="0"/>
    </frame>
    <frame z="0" displayIndex="3" duration="1">
     <transform x="0" y="0" skX="0" skY="0" scX="1" scY="1" pX="0" pY="0"/>
    </frame>
    <frame z="0" displayIndex="4" duration="1">
     <transform x="0" y="0" skX="0" skY="0" scX="1" scY="1" pX="0" pY="0"/>
    </frame>
    <frame z="0" displayIndex="5" duration="1">
     <transform x="0" y="0" skX="0" skY="0" scX="1" scY="1" pX="0" pY="0"/>
    </frame>
    <frame z="0" displayIndex="6" duration="1">
     <transform x="0" y="0" skX="0" skY="0" scX="1" scY="1" pX="0" pY="0"/>
    </frame>
    <frame z="0" displayIndex="7" duration="1">
     <transform x="0" y="0" skX="0" skY="0" scX="1" scY="1" pX="0" pY="0"/>
    </frame>
    <frame z="0" displayIndex="8" duration="1">
     <transform x="0" y="0" skX="0" skY="0" scX="1" scY="1" pX="0" pY="0"/>
    </frame>
    <frame z="0" displayIndex="9" duration="1">
     <transform x="0" y="0" skX="0" skY="0" scX="1" scY="1" pX="0" pY="0"/>
    </frame>
    <frame z="0" displayIndex="10" duration="1">
     <transform x="0" y="0" skX="0" skY="0" scX="1" scY="1" pX="0" pY="0"/>
    </frame>
    <frame z="0" displayIndex="11" duration="1">
     <transform x="0" y="0" skX="0" skY="0" scX="1" scY="1" pX="0" pY="0"/>
    </frame>
    <frame z="0" displayIndex="12" duration="1">
     <transform x="0" y="0" skX="0" skY="0" scX="1" scY="1" pX="0" pY="0"/>
    </frame>
    <frame z="0" displayIndex="13" duration="1">
     <transform x="0" y="0" skX="0" skY="0" scX="1" scY="1" pX="0" pY="0"/>
    </frame>
    <frame z="0" displayIndex="14" duration="1">
     <transform x="0" y="0" skX="0" skY="0" scX="1" scY="1" pX="0" pY="0"/>
    </frame>
    <frame z="0" displayIndex="15" duration="1">
     <transform x="0" y="0" skX="0" skY="0" scX="1" scY="1" pX="0" pY="0"/>
    </frame>
    <frame z="0" displayIndex="16" duration="1">
     <transform x="0" y="0" skX="0" skY="0" scX="1" scY="1" pX="0" pY="0"/>
    </frame>
    <frame z="0" displayIndex="17" duration="1">
     <transform x="0" y="0" skX="0" skY="0" scX="1" scY="1" pX="0" pY="0"/>
    </frame>
    <frame z="0" displayIndex="18" duration="1">
     <transform x="0" y="0" skX="0" skY="0" scX="1" scY="1" pX="0" pY="0"/>
    </frame>
    <frame z="0" displayIndex="19" duration="1">
     <transform x="0" y="0" skX="0" skY="0" scX="1" scY="1" pX="0" pY="0"/>
    </frame>
    <frame z="0" displayIndex="20" duration="1">
     <transform x="0" y="0" skX="0" skY="0" scX="1" scY="1" pX="0" pY="0"/>
    </frame>
    <frame z="0" displayIndex="21" duration="1">
     <transform x="0" y="0" skX="0" skY="0" scX="1" scY="1" pX="0" pY="0"/>
    </frame>
    <frame z="0" displayIndex="22" duration="1">
     <transform x="0" y="0" skX="0" skY="0" scX="1" scY="1" pX="0" pY="0"/>
    </frame>
    <frame z="0" displayIndex="23" duration="1">
     <transform x="0" y="0" skX="0" skY="0" scX="1" scY="1" pX="0" pY="0"/>
    </frame>
    <frame z="0" displayIndex="24" duration="1">
     <transform x="0" y="0" skX="0" skY="0" scX="1" scY="1" pX="0" pY="0"/>
    </frame>
    <frame z="0" displayIndex="25" duration="1">
     <transform x="0" y="0" skX="0" skY="0" scX="1" scY="1" pX="0" pY="0"/>
    </frame>
    <frame z="0" displayIndex="26" duration="1">
     <transform x="0" y="0" skX="0" skY="0" scX="1" scY="1" pX="0" pY="0"/>
    </frame>
    <frame z="0" displayIndex="27" duration="1">
     <transform x="0" y="0" skX="0" skY="0" scX="1" scY="1" pX="0" pY="0"/>
    </frame>
    <frame z="0" displayIndex="28" duration="1">
     <transform x="0" y="0" skX="0" skY="0" scX="1" scY="1" pX="0" pY="0"/>
    </frame>
    <frame z="0" displayIndex="29" duration="1">
     <transform x="0" y="0" skX="0" skY="0" scX="1" scY="1" pX="0" pY="0"/>
    </frame>
    <frame z="0" displayIndex="30" duration="1">
     <transform x="0" y="0" skX="0" skY="0" scX="1" scY="1" pX="0" pY="0"/>
    </frame>
   </timeline>
   <timeline name="Layer 2" scale="1" offset="0">
    <frame z="1" duration="31">
     <transform x="0" y="0" skX="0" skY="0" scX="0.6" scY="0.6" pX="0" pY="0"/>
    </frame>
   </timeline>
  </animation>
 </armature>
</dragonBones>