<root name="Unit25HorisontDeath_mc" isGlobal="0" frameRate="30" version="3.0">
 <armature name="Unit25HorisontDeath_mc">
  <skin name="default">
   <slot name="cont" z="0" parent="cont">
    <display name="Shape/shape 11682" type="image">
     <transform scX="1" x="0" scY="1" y="0" pX="28" pY="43" skX="0" skY="0"/>
    </display>
    <display name="Shape/shape 11684" type="image">
     <transform scX="1" x="0" scY="1" y="0" pX="28" pY="43" skX="0" skY="0"/>
    </display>
    <display name="Shape/shape 11686" type="image">
     <transform scX="1" x="0" scY="1" y="0" pX="28" pY="43" skX="0" skY="0"/>
    </display>
    <display name="Shape/shape 11688" type="image">
     <transform scX="1" x="0" scY="1" y="0" pX="28" pY="43" skX="0" skY="0"/>
    </display>
    <display name="Shape/shape 11690" type="image">
     <transform scX="1" x="0" scY="1" y="0" pX="28" pY="43" skX="0" skY="0"/>
    </display>
    <display name="Shape/shape 11692" type="image">
     <transform scX="1" x="0" scY="1" y="0" pX="28" pY="43" skX="0" skY="0"/>
    </display>
    <display name="Shape/shape 11694" type="image">
     <transform scX="1" x="0" scY="1" y="0" pX="28" pY="43" skX="0" skY="0"/>
    </display>
    <display name="Shape/shape 11696" type="image">
     <transform scX="1" x="0" scY="1" y="0" pX="28" pY="43" skX="0" skY="0"/>
    </display>
    <display name="Shape/shape 11698" type="image">
     <transform scX="1" x="0" scY="1" y="0" pX="28" pY="43" skX="0" skY="0"/>
    </display>
    <display name="Shape/shape 11700" type="image">
     <transform scX="1" x="0" scY="1" y="0" pX="28" pY="43" skX="0" skY="0"/>
    </display>
    <display name="Shape/shape 11702" type="image">
     <transform scX="1" x="0" scY="1" y="0" pX="28" pY="43" skX="0" skY="0"/>
    </display>
    <display name="Shape/shape 11704" type="image">
     <transform scX="1" x="0" scY="1" y="0" pX="28" pY="43" skX="0" skY="0"/>
    </display>
    <display name="Shape/shape 11706" type="image">
     <transform scX="1" x="0" scY="1" y="0" pX="28" pY="43" skX="0" skY="0"/>
    </display>
    <display name="Shape/shape 11708" type="image">
     <transform scX="1" x="0" scY="1" y="0" pX="28" pY="43" skX="0" skY="0"/>
    </display>
    <display name="Shape/shape 11710" type="image">
     <transform scX="1" x="0" scY="1" y="0" pX="28" pY="43" skX="0" skY="0"/>
    </display>
    <display name="Shape/shape 11712" type="image">
     <transform scX="1" x="0" scY="1" y="0" pX="28" pY="43" skX="0" skY="0"/>
    </display>
    <display name="Shape/shape 11714" type="image">
     <transform scX="1" x="0" scY="1" y="0" pX="28" pY="43" skX="0" skY="0"/>
    </display>
    <display name="Shape/shape 11716" type="image">
     <transform scX="1" x="0" scY="1" y="0" pX="28" pY="43" skX="0" skY="0"/>
    </display>
    <display name="Shape/shape 11718" type="image">
     <transform scX="1" x="0" scY="1" y="0" pX="28" pY="43" skX="0" skY="0"/>
    </display>
    <display name="Shape/shape 11720" type="image">
     <transform scX="1" x="0" scY="1" y="0" pX="28" pY="43" skX="0" skY="0"/>
    </display>
    <display name="Shape/shape 11722" type="image">
     <transform scX="1" x="0" scY="1" y="0" pX="28" pY="43" skX="0" skY="0"/>
    </display>
    <display name="Shape/shape 11724" type="image">
     <transform scX="1" x="0" scY="1" y="0" pX="28" pY="43" skX="0" skY="0"/>
    </display>
    <display name="Shape/shape 11726" type="image">
     <transform scX="1" x="0" scY="1" y="0" pX="28" pY="43" skX="0" skY="0"/>
    </display>
    <display name="Shape/shape 11728" type="image">
     <transform scX="1" x="0" scY="1" y="0" pX="28" pY="43" skX="0" skY="0"/>
    </display>
    <display name="Shape/shape 11730" type="image">
     <transform scX="1" x="0" scY="1" y="0" pX="28" pY="43" skX="0" skY="0"/>
    </display>
    <display name="Shape/shape 11732" type="image">
     <transform scX="1" x="0" scY="1" y="0" pX="28" pY="43" skX="0" skY="0"/>
    </display>
    <display name="Shape/shape 11734" type="image">
     <transform scX="1" x="0" scY="1" y="0" pX="28" pY="43" skX="0" skY="0"/>
    </display>
    <display name="Shape/shape 11736" type="image">
     <transform scX="1" x="0" scY="1" y="0" pX="28" pY="43" skX="0" skY="0"/>
    </display>
    <display name="Shape/shape 11738" type="image">
     <transform scX="1" x="0" scY="1" y="0" pX="28" pY="43" skX="0" skY="0"/>
    </display>
    <display name="Shape/shape 11740" type="image">
     <transform scX="1" x="0" scY="1" y="0" pX="28" pY="43" skX="0" skY="0"/>
    </display>
    <display name="Shape/shape 11742" type="image">
     <transform scX="1" x="0" scY="1" y="0" pX="28" pY="43" skX="0" skY="0"/>
    </display>
    <display name="Shape/shape 11744" type="image">
     <transform scX="1" x="0" scY="1" y="0" pX="28" pY="43" skX="0" skY="0"/>
    </display>
    <display name="Shape/shape 11746" type="image">
     <transform scX="1" x="0" scY="1" y="0" pX="28" pY="43" skX="0" skY="0"/>
    </display>
    <display name="Shape/shape 11748" type="image">
     <transform scX="1" x="0" scY="1" y="0" pX="28" pY="43" skX="0" skY="0"/>
    </display>
    <display name="Shape/shape 11750" type="image">
     <transform scX="1" x="0" scY="1" y="0" pX="28" pY="43" skX="0" skY="0"/>
    </display>
   </slot>
  </skin>
  <bone name="cont">
   <transform scX="1" x="0" skX="0" scY="1" y="0" skY="0"/>
  </bone>
  <animation fadeInTime="0.3" scale="1" loop="1" autoTween="NaN" name="Unit25HorisontDeath_mc" duration="35" tweenEasing="NaN">
   <timeline pX="0" name="cont" pY="0" scale="1" offset="0">
    <frame z="0" duration="1">
     <transform scX="1" x="0" scY="1" y="0" pX="0" pY="0" skX="0" skY="0"/>
    </frame>
    <frame displayIndex="1" z="0" duration="1">
     <transform scX="1" x="0" scY="1" y="0" pX="0" pY="0" skX="0" skY="0"/>
    </frame>
    <frame displayIndex="2" z="0" duration="1">
     <transform scX="1" x="0" scY="1" y="0" pX="0" pY="0" skX="0" skY="0"/>
    </frame>
    <frame displayIndex="3" z="0" duration="1">
     <transform scX="1" x="0" scY="1" y="0" pX="0" pY="0" skX="0" skY="0"/>
    </frame>
    <frame displayIndex="4" z="0" duration="1">
     <transform scX="1" x="0" scY="1" y="0" pX="0" pY="0" skX="0" skY="0"/>
    </frame>
    <frame displayIndex="5" z="0" duration="1">
     <transform scX="1" x="0" scY="1" y="0" pX="0" pY="0" skX="0" skY="0"/>
    </frame>
    <frame displayIndex="6" z="0" duration="1">
     <transform scX="1" x="0" scY="1" y="0" pX="0" pY="0" skX="0" skY="0"/>
    </frame>
    <frame displayIndex="7" z="0" duration="1">
     <transform scX="1" x="0" scY="1" y="0" pX="0" pY="0" skX="0" skY="0"/>
    </frame>
    <frame displayIndex="8" z="0" duration="1">
     <transform scX="1" x="0" scY="1" y="0" pX="0" pY="0" skX="0" skY="0"/>
    </frame>
    <frame displayIndex="9" z="0" duration="1">
     <transform scX="1" x="0" scY="1" y="0" pX="0" pY="0" skX="0" skY="0"/>
    </frame>
    <frame displayIndex="10" z="0" duration="1">
     <transform scX="1" x="0" scY="1" y="0" pX="0" pY="0" skX="0" skY="0"/>
    </frame>
    <frame displayIndex="11" z="0" duration="1">
     <transform scX="1" x="0" scY="1" y="0" pX="0" pY="0" skX="0" skY="0"/>
    </frame>
    <frame displayIndex="12" z="0" duration="1">
     <transform scX="1" x="0" scY="1" y="0" pX="0" pY="0" skX="0" skY="0"/>
    </frame>
    <frame displayIndex="13" z="0" duration="1">
     <transform scX="1" x="0" scY="1" y="0" pX="0" pY="0" skX="0" skY="0"/>
    </frame>
    <frame displayIndex="14" z="0" duration="1">
     <transform scX="1" x="0" scY="1" y="0" pX="0" pY="0" skX="0" skY="0"/>
    </frame>
    <frame displayIndex="15" z="0" duration="1">
     <transform scX="1" x="0" scY="1" y="0" pX="0" pY="0" skX="0" skY="0"/>
    </frame>
    <frame displayIndex="16" z="0" duration="1">
     <transform scX="1" x="0" scY="1" y="0" pX="0" pY="0" skX="0" skY="0"/>
    </frame>
    <frame displayIndex="17" z="0" duration="1">
     <transform scX="1" x="0" scY="1" y="0" pX="0" pY="0" skX="0" skY="0"/>
    </frame>
    <frame displayIndex="18" z="0" duration="1">
     <transform scX="1" x="0" scY="1" y="0" pX="0" pY="0" skX="0" skY="0"/>
    </frame>
    <frame displayIndex="19" z="0" duration="1">
     <transform scX="1" x="0" scY="1" y="0" pX="0" pY="0" skX="0" skY="0"/>
    </frame>
    <frame displayIndex="20" z="0" duration="1">
     <transform scX="1" x="0" scY="1" y="0" pX="0" pY="0" skX="0" skY="0"/>
    </frame>
    <frame displayIndex="21" z="0" duration="1">
     <transform scX="1" x="0" scY="1" y="0" pX="0" pY="0" skX="0" skY="0"/>
    </frame>
    <frame displayIndex="22" z="0" duration="1">
     <transform scX="1" x="0" scY="1" y="0" pX="0" pY="0" skX="0" skY="0"/>
    </frame>
    <frame displayIndex="23" z="0" duration="1">
     <transform scX="1" x="0" scY="1" y="0" pX="0" pY="0" skX="0" skY="0"/>
    </frame>
    <frame displayIndex="24" z="0" duration="1">
     <transform scX="1" x="0" scY="1" y="0" pX="0" pY="0" skX="0" skY="0"/>
    </frame>
    <frame displayIndex="25" z="0" duration="1">
     <transform scX="1" x="0" scY="1" y="0" pX="0" pY="0" skX="0" skY="0"/>
    </frame>
    <frame displayIndex="26" z="0" duration="1">
     <transform scX="1" x="0" scY="1" y="0" pX="0" pY="0" skX="0" skY="0"/>
    </frame>
    <frame displayIndex="27" z="0" duration="1">
     <transform scX="1" x="0" scY="1" y="0" pX="0" pY="0" skX="0" skY="0"/>
    </frame>
    <frame displayIndex="28" z="0" duration="1">
     <transform scX="1" x="0" scY="1" y="0" pX="0" pY="0" skX="0" skY="0"/>
    </frame>
    <frame displayIndex="29" z="0" duration="1">
     <transform scX="1" x="0" scY="1" y="0" pX="0" pY="0" skX="0" skY="0"/>
    </frame>
    <frame displayIndex="30" z="0" duration="1">
     <transform scX="1" x="0" scY="1" y="0" pX="0" pY="0" skX="0" skY="0"/>
    </frame>
    <frame displayIndex="31" z="0" duration="1">
     <transform scX="1" x="0" scY="1" y="0" pX="0" pY="0" skX="0" skY="0"/>
    </frame>
    <frame displayIndex="32" z="0" duration="1">
     <transform scX="1" x="0" scY="1" y="0" pX="0" pY="0" skX="0" skY="0"/>
    </frame>
    <frame displayIndex="33" z="0" duration="1">
     <transform scX="1" x="0" scY="1" y="0" pX="0" pY="0" skX="0" skY="0"/>
    </frame>
    <frame displayIndex="34" z="0" duration="1">
     <transform scX="1" x="0" scY="1" y="0" pX="0" pY="0" skX="0" skY="0"/>
    </frame>
   </timeline>
  </animation>
 </armature>
</root>