{"armature":[{"skin":[{"name":"default","slot":[{"name":"dust2","z":0,"display":[{"transform":{},"name":"dust2","type":"armature"}],"parent":"dust2"},{"name":"cont","z":1,"display":[{"transform":{"pX":49,"pY":70},"name":"Shape/shape 2195","type":"image"},{"transform":{"pX":49,"pY":70},"name":"Shape/shape 2197","type":"image"},{"transform":{"pX":49,"pY":70},"name":"Shape/shape 2199","type":"image"},{"transform":{"pX":49,"pY":70},"name":"Shape/shape 2201","type":"image"},{"transform":{"pX":49,"pY":70},"name":"Shape/shape 2203","type":"image"},{"transform":{"pX":49,"pY":70},"name":"Shape/shape 2205","type":"image"},{"transform":{"pX":49,"pY":70},"name":"Shape/shape 2207","type":"image"},{"transform":{"pX":49,"pY":70},"name":"Shape/shape 2209","type":"image"},{"transform":{"pX":49,"pY":70},"name":"Shape/shape 2211","type":"image"},{"transform":{"pX":49,"pY":70},"name":"Shape/shape 2213","type":"image"},{"transform":{"pX":49,"pY":70},"name":"Shape/shape 2215","type":"image"},{"transform":{"pX":49,"pY":70},"name":"Shape/shape 2217","type":"image"},{"transform":{"pX":49,"pY":70},"name":"Shape/shape 2219","type":"image"},{"transform":{"pX":49,"pY":70},"name":"Shape/shape 2221","type":"image"},{"transform":{"pX":49,"pY":70},"name":"Shape/shape 2223","type":"image"},{"transform":{"pX":49,"pY":70},"name":"Shape/shape 2225","type":"image"},{"transform":{"pX":49,"pY":70},"name":"Shape/shape 2227","type":"image"},{"transform":{"pX":49,"pY":70},"name":"Shape/shape 2229","type":"image"},{"transform":{"pX":49,"pY":70},"name":"Shape/shape 2231","type":"image"},{"transform":{"pX":49,"pY":70},"name":"Shape/shape 2233","type":"image"},{"transform":{"pX":49,"pY":70},"name":"Shape/shape 2235","type":"image"},{"transform":{"pX":49,"pY":70},"name":"Shape/shape 2237","type":"image"},{"transform":{"pX":49,"pY":70},"name":"Shape/shape 2239","type":"image"},{"transform":{"pX":49,"pY":70},"name":"Shape/shape 2241","type":"image"},{"transform":{"pX":49,"pY":70},"name":"Shape/shape 2243","type":"image"},{"transform":{"pX":49,"pY":70},"name":"Shape/shape 2245","type":"image"},{"transform":{"pX":49,"pY":70},"name":"Shape/shape 2247","type":"image"},{"transform":{"pX":49,"pY":70},"name":"Shape/shape 2249","type":"image"},{"transform":{"pX":43,"pY":68},"name":"Shape/shape 2251","type":"image"},{"transform":{"pX":43,"pY":68},"name":"Shape/shape 2253","type":"image"},{"transform":{"pX":43,"pY":68},"name":"Shape/shape 2255","type":"image"},{"transform":{"pX":43,"pY":68},"name":"Shape/shape 2257","type":"image"},{"transform":{"pX":43,"pY":68},"name":"Shape/shape 2259","type":"image"},{"transform":{"pX":43,"pY":68},"name":"Shape/shape 2261","type":"image"},{"transform":{"pX":43,"pY":68},"name":"Shape/shape 2263","type":"image"},{"transform":{"pX":43,"pY":68},"name":"Shape/shape 2265","type":"image"},{"transform":{"pX":43,"pY":68},"name":"Shape/shape 2267","type":"image"},{"transform":{"pX":43,"pY":68},"name":"Shape/shape 2269","type":"image"},{"transform":{"pX":43,"pY":68},"name":"Shape/shape 2271","type":"image"},{"transform":{"pX":43,"pY":68},"name":"Shape/shape 2273","type":"image"},{"transform":{"pX":43,"pY":68},"name":"Shape/shape 2275","type":"image"},{"transform":{"pX":43,"pY":68},"name":"Shape/shape 2277","type":"image"},{"transform":{"pX":43,"pY":68},"name":"Shape/shape 2279","type":"image"},{"transform":{"pX":43,"pY":68},"name":"Shape/shape 2281","type":"image"},{"transform":{"pX":43,"pY":68},"name":"Shape/shape 2283","type":"image"},{"transform":{"pX":43,"pY":68},"name":"Shape/shape 2285","type":"image"},{"transform":{"pX":43,"pY":68},"name":"Shape/shape 2287","type":"image"},{"transform":{"pX":43,"pY":68},"name":"Shape/shape 2289","type":"image"},{"transform":{"pX":43,"pY":68},"name":"Shape/shape 2291","type":"image"},{"transform":{"pX":43,"pY":68},"name":"Shape/shape 2293","type":"image"},{"transform":{"pX":43,"pY":68},"name":"Shape/shape 2295","type":"image"},{"transform":{"pX":43,"pY":68},"name":"Shape/shape 2297","type":"image"},{"transform":{"pX":43,"pY":68},"name":"Shape/shape 2299","type":"image"},{"transform":{"pX":43,"pY":68},"name":"Shape/shape 2301","type":"image"},{"transform":{"pX":43,"pY":68},"name":"Shape/shape 2303","type":"image"},{"transform":{"pX":43,"pY":68},"name":"Shape/shape 2305","type":"image"},{"transform":{"pX":50,"pY":68},"name":"Shape/shape 1715","type":"image"},{"transform":{"pX":50,"pY":68},"name":"Shape/shape 1717","type":"image"}],"parent":"cont"},{"name":"dust1","z":2,"display":[{"transform":{},"name":"dust1","type":"armature"}],"parent":"dust1"}]}],"name":"Golem1_mc","bone":[{"transform":{"x":-3,"y":-33},"name":"dust2"},{"transform":{},"name":"cont"},{"transform":{"x":-5,"y":-22},"name":"dust1"}],"animation":[{"name":"Golem1_mc","timeline":[{"name":"dust2","frame":[{"z":0,"transform":{},"duration":58},{"z":0,"transform":{},"duration":1}]},{"name":"cont","frame":[{"z":0,"transform":{},"duration":1},{"displayIndex":1,"transform":{},"z":0,"duration":1},{"displayIndex":2,"transform":{},"z":0,"duration":1},{"displayIndex":3,"transform":{},"z":0,"duration":1},{"displayIndex":4,"transform":{},"z":0,"duration":1},{"displayIndex":5,"transform":{},"z":0,"duration":1},{"displayIndex":6,"transform":{},"z":0,"duration":1},{"displayIndex":7,"transform":{},"z":0,"duration":1},{"displayIndex":8,"transform":{},"z":0,"duration":1},{"displayIndex":9,"transform":{},"z":0,"duration":1},{"displayIndex":10,"transform":{},"z":0,"duration":1},{"displayIndex":11,"transform":{},"z":0,"duration":1},{"displayIndex":12,"transform":{},"z":0,"duration":1},{"displayIndex":13,"transform":{},"z":0,"duration":1},{"displayIndex":14,"transform":{},"z":0,"duration":1},{"displayIndex":15,"transform":{},"z":0,"duration":1},{"displayIndex":16,"transform":{},"z":0,"duration":1},{"displayIndex":17,"transform":{},"z":0,"duration":1},{"displayIndex":18,"transform":{},"z":0,"duration":1},{"displayIndex":19,"transform":{},"z":0,"duration":1},{"displayIndex":20,"transform":{},"z":0,"duration":1},{"displayIndex":21,"transform":{},"z":0,"duration":1},{"displayIndex":22,"transform":{},"z":0,"duration":1},{"displayIndex":23,"transform":{},"z":0,"duration":1},{"displayIndex":24,"transform":{},"z":0,"duration":1},{"displayIndex":25,"transform":{},"z":0,"duration":1},{"displayIndex":26,"transform":{},"z":0,"duration":1},{"displayIndex":27,"transform":{},"z":0,"duration":1},{"displayIndex":28,"transform":{},"z":0,"duration":1},{"displayIndex":29,"transform":{},"z":0,"duration":1},{"displayIndex":30,"transform":{},"z":0,"duration":1},{"displayIndex":31,"transform":{},"z":0,"duration":1},{"displayIndex":32,"transform":{},"z":0,"duration":1},{"displayIndex":33,"transform":{},"z":0,"duration":1},{"displayIndex":34,"transform":{},"z":0,"duration":1},{"displayIndex":35,"transform":{},"z":0,"duration":1},{"displayIndex":36,"transform":{},"z":0,"duration":1},{"displayIndex":37,"transform":{},"z":0,"duration":1},{"displayIndex":38,"transform":{},"z":0,"duration":1},{"displayIndex":39,"transform":{},"z":0,"duration":1},{"displayIndex":40,"transform":{},"z":0,"duration":1},{"displayIndex":41,"transform":{},"z":0,"duration":1},{"displayIndex":42,"transform":{},"z":0,"duration":1},{"displayIndex":43,"transform":{},"z":0,"duration":1},{"displayIndex":44,"transform":{},"z":0,"duration":1},{"displayIndex":45,"transform":{},"z":0,"duration":1},{"displayIndex":46,"transform":{},"z":0,"duration":1},{"displayIndex":47,"transform":{},"z":0,"duration":1},{"displayIndex":48,"transform":{},"z":0,"duration":1},{"displayIndex":49,"transform":{},"z":0,"duration":1},{"displayIndex":50,"transform":{},"z":0,"duration":1},{"displayIndex":51,"transform":{},"z":0,"duration":1},{"displayIndex":52,"transform":{},"z":0,"duration":1},{"displayIndex":53,"transform":{},"z":0,"duration":1},{"displayIndex":54,"transform":{},"z":0,"duration":1},{"displayIndex":55,"transform":{},"z":0,"duration":1},{"displayIndex":56,"transform":{},"z":0,"duration":1},{"displayIndex":57,"transform":{},"z":0,"duration":1},{"displayIndex":57,"transform":{},"z":0,"duration":1}]},{"name":"dust1","frame":[{"z":0,"transform":{},"duration":58},{"z":0,"transform":{},"duration":1}]}],"frame":[{"duration":58},{"duration":1}],"autoTween":null,"fadeInTime":0.3,"duration":59,"tweenEasing":null}]},{"skin":[{"name":"default","slot":[{"name":"dust2","z":0,"display":[{"transform":{"pX":56,"pY":64},"name":"Shape/shape 1269","type":"image"},{"transform":{"pX":56,"pY":64},"name":"Shape/shape 1271","type":"image"},{"transform":{"pX":56,"pY":64},"name":"Shape/shape 1273","type":"image"},{"transform":{"pX":56,"pY":64},"name":"Shape/shape 1275","type":"image"},{"transform":{"pX":56,"pY":64},"name":"Shape/shape 1277","type":"image"},{"transform":{"pX":56,"pY":64},"name":"Shape/shape 1279","type":"image"},{"transform":{"pX":56,"pY":64},"name":"Shape/shape 1281","type":"image"}],"parent":"dust2"}]}],"name":"dust2","bone":[{"transform":{},"name":"dust2"}],"animation":[{"timeline":[{"name":"dust2","frame":[{"displayIndex":-1,"duration":2},{"z":0,"transform":{},"duration":1},{"displayIndex":1,"transform":{},"z":0,"duration":1},{"displayIndex":2,"transform":{},"z":0,"duration":2},{"displayIndex":3,"transform":{},"z":0,"duration":2},{"displayIndex":4,"transform":{},"z":0,"duration":2},{"displayIndex":5,"transform":{},"z":0,"duration":2},{"displayIndex":6,"transform":{},"z":0,"duration":1}]}],"autoTween":null,"name":"unnamed","duration":13,"tweenEasing":null}]},{"skin":[{"name":"default","slot":[{"name":"Layer 1","z":0,"display":[{"transform":{"pX":58,"pY":50},"name":"Shape/shape 1365","type":"image"},{"transform":{"pX":58,"pY":50},"name":"Shape/shape 1367","type":"image"},{"transform":{"pX":58,"pY":50},"name":"Shape/shape 1369","type":"image"},{"transform":{"pX":58,"pY":50},"name":"Shape/shape 1371","type":"image"},{"transform":{"pX":58,"pY":50},"name":"Shape/shape 1373","type":"image"},{"transform":{"pX":58,"pY":50},"name":"Shape/shape 1375","type":"image"},{"transform":{"pX":58,"pY":50},"name":"Shape/shape 1377","type":"image"},{"transform":{"pX":58,"pY":50},"name":"Shape/shape 1379","type":"image"},{"transform":{"pX":58,"pY":50},"name":"Shape/shape 1381","type":"image"}],"parent":"Layer 1"}]}],"name":"dust1","bone":[{"transform":{},"name":"Layer 1"}],"animation":[{"timeline":[{"name":"Layer 1","frame":[{"displayIndex":-1,"duration":1},{"z":0,"transform":{},"duration":1},{"displayIndex":1,"transform":{},"z":0,"duration":1},{"displayIndex":2,"transform":{},"z":0,"duration":1},{"displayIndex":3,"transform":{},"z":0,"duration":2},{"displayIndex":4,"transform":{},"z":0,"duration":2},{"displayIndex":5,"transform":{},"z":0,"duration":2},{"displayIndex":6,"transform":{},"z":0,"duration":2},{"displayIndex":7,"transform":{},"z":0,"duration":2},{"displayIndex":8,"transform":{},"z":0,"duration":2}]}],"autoTween":null,"name":"unnamed","duration":16,"tweenEasing":null}]}],"name":"Golem1_mc","isGlobal":0,"frameRate":30,"version":"3.0"}