<TextureAtlas name="Golem1_mc" imagePath="texture.png">
 <SubTexture name="Shape/shape 2195" x="690" y="180" width="79" height="81"/>
 <SubTexture name="Shape/shape 2197" x="933" y="254" width="79" height="81"/>
 <SubTexture name="Shape/shape 2199" x="609" y="180" width="79" height="81"/>
 <SubTexture name="Shape/shape 2201" x="852" y="254" width="79" height="81"/>
 <SubTexture name="Shape/shape 2203" x="729" y="263" width="79" height="81"/>
 <SubTexture name="Shape/shape 2205" x="486" y="244" width="79" height="81"/>
 <SubTexture name="Shape/shape 2207" x="405" y="180" width="79" height="81"/>
 <SubTexture name="Shape/shape 2209" x="405" y="263" width="79" height="81"/>
 <SubTexture name="Shape/shape 2211" x="243" y="180" width="79" height="81"/>
 <SubTexture name="Shape/shape 2213" x="567" y="263" width="79" height="81"/>
 <SubTexture name="Shape/shape 2215" x="891" y="337" width="79" height="81"/>
 <SubTexture name="Shape/shape 2217" x="81" y="346" width="79" height="81"/>
 <SubTexture name="Shape/shape 2219" x="771" y="180" width="79" height="81"/>
 <SubTexture name="Shape/shape 2221" x="162" y="180" width="79" height="81"/>
 <SubTexture name="Shape/shape 2223" x="0" y="259" width="79" height="81"/>
 <SubTexture name="Shape/shape 2225" x="0" y="176" width="79" height="81"/>
 <SubTexture name="Shape/shape 2227" x="0" y="342" width="79" height="81"/>
 <SubTexture name="Shape/shape 2229" x="486" y="327" width="79" height="81"/>
 <SubTexture name="Shape/shape 2231" x="648" y="263" width="79" height="81"/>
 <SubTexture name="Shape/shape 2233" x="81" y="180" width="79" height="81"/>
 <SubTexture name="Shape/shape 2235" x="81" y="263" width="79" height="81"/>
 <SubTexture name="Shape/shape 2237" x="915" y="171" width="79" height="81"/>
 <SubTexture name="Shape/shape 2239" x="810" y="337" width="79" height="81"/>
 <SubTexture name="Shape/shape 2241" x="324" y="263" width="79" height="81"/>
 <SubTexture name="Shape/shape 2243" x="243" y="263" width="79" height="81"/>
 <SubTexture name="Shape/shape 2245" x="324" y="180" width="79" height="81"/>
 <SubTexture name="Shape/shape 2247" x="915" y="88" width="79" height="81"/>
 <SubTexture name="Shape/shape 2249" x="162" y="263" width="79" height="81"/>
 <SubTexture name="Shape/shape 2251" x="646" y="346" width="77" height="76"/>
 <SubTexture name="Shape/shape 2253" x="241" y="346" width="77" height="76"/>
 <SubTexture name="Shape/shape 2255" x="162" y="424" width="77" height="76"/>
 <SubTexture name="Shape/shape 2257" x="557" y="424" width="77" height="76"/>
 <SubTexture name="Shape/shape 2259" x="557" y="502" width="77" height="76"/>
 <SubTexture name="Shape/shape 2261" x="636" y="502" width="77" height="76"/>
 <SubTexture name="Shape/shape 2263" x="0" y="425" width="77" height="76"/>
 <SubTexture name="Shape/shape 2265" x="395" y="502" width="77" height="76"/>
 <SubTexture name="Shape/shape 2267" x="316" y="502" width="77" height="76"/>
 <SubTexture name="Shape/shape 2269" x="478" y="488" width="77" height="76"/>
 <SubTexture name="Shape/shape 2271" x="241" y="424" width="77" height="76"/>
 <SubTexture name="Shape/shape 2273" x="158" y="502" width="77" height="76"/>
 <SubTexture name="Shape/shape 2275" x="162" y="346" width="77" height="76"/>
 <SubTexture name="Shape/shape 2277" x="794" y="498" width="77" height="76"/>
 <SubTexture name="Shape/shape 2279" x="320" y="346" width="77" height="76"/>
 <SubTexture name="Shape/shape 2281" x="478" y="410" width="77" height="76"/>
 <SubTexture name="Shape/shape 2283" x="530" y="88" width="77" height="76"/>
 <SubTexture name="Shape/shape 2285" x="399" y="346" width="77" height="76"/>
 <SubTexture name="Shape/shape 2287" x="237" y="502" width="77" height="76"/>
 <SubTexture name="Shape/shape 2289" x="567" y="346" width="77" height="76"/>
 <SubTexture name="Shape/shape 2291" x="79" y="429" width="77" height="76"/>
 <SubTexture name="Shape/shape 2293" x="320" y="424" width="77" height="76"/>
 <SubTexture name="Shape/shape 2295" x="530" y="166" width="77" height="76"/>
 <SubTexture name="Shape/shape 2297" x="399" y="424" width="77" height="76"/>
 <SubTexture name="Shape/shape 2299" x="636" y="424" width="77" height="76"/>
 <SubTexture name="Shape/shape 2301" x="804" y="420" width="77" height="76"/>
 <SubTexture name="Shape/shape 2303" x="715" y="424" width="77" height="76"/>
 <SubTexture name="Shape/shape 2305" x="725" y="346" width="77" height="76"/>
 <SubTexture name="Shape/shape 1715" x="883" y="488" width="93" height="67"/>
 <SubTexture name="Shape/shape 1717" x="883" y="420" width="93" height="67"/>
 <SubTexture name="Shape/shape 1269" x="609" y="88" width="100" height="90"/>
 <SubTexture name="Shape/shape 1271" x="326" y="88" width="100" height="90"/>
 <SubTexture name="Shape/shape 1273" x="224" y="88" width="100" height="90"/>
 <SubTexture name="Shape/shape 1275" x="813" y="88" width="100" height="90"/>
 <SubTexture name="Shape/shape 1277" x="122" y="88" width="100" height="90"/>
 <SubTexture name="Shape/shape 1279" x="428" y="88" width="100" height="90"/>
 <SubTexture name="Shape/shape 1281" x="711" y="88" width="100" height="90"/>
 <SubTexture name="Shape/shape 1365" x="854" y="0" width="120" height="86"/>
 <SubTexture name="Shape/shape 1367" x="488" y="0" width="120" height="86"/>
 <SubTexture name="Shape/shape 1369" x="0" y="88" width="120" height="86"/>
 <SubTexture name="Shape/shape 1371" x="732" y="0" width="120" height="86"/>
 <SubTexture name="Shape/shape 1373" x="366" y="0" width="120" height="86"/>
 <SubTexture name="Shape/shape 1375" x="610" y="0" width="120" height="86"/>
 <SubTexture name="Shape/shape 1377" x="122" y="0" width="120" height="86"/>
 <SubTexture name="Shape/shape 1379" x="0" y="0" width="120" height="86"/>
 <SubTexture name="Shape/shape 1381" x="244" y="0" width="120" height="86"/>
</TextureAtlas>