{"imagePath":"texture.png","SubTexture":[{"name":"Shape/shape 2195","x":933,"width":79,"y":254,"height":81},{"name":"Shape/shape 2197","x":405,"width":79,"y":263,"height":81},{"name":"Shape/shape 2199","x":0,"width":79,"y":342,"height":81},{"name":"Shape/shape 2201","x":567,"width":79,"y":263,"height":81},{"name":"Shape/shape 2203","x":0,"width":79,"y":259,"height":81},{"name":"Shape/shape 2205","x":915,"width":79,"y":88,"height":81},{"name":"Shape/shape 2207","x":0,"width":79,"y":176,"height":81},{"name":"Shape/shape 2209","x":771,"width":79,"y":180,"height":81},{"name":"Shape/shape 2211","x":243,"width":79,"y":180,"height":81},{"name":"Shape/shape 2213","x":690,"width":79,"y":180,"height":81},{"name":"Shape/shape 2215","x":81,"width":79,"y":180,"height":81},{"name":"Shape/shape 2217","x":243,"width":79,"y":263,"height":81},{"name":"Shape/shape 2219","x":852,"width":79,"y":254,"height":81},{"name":"Shape/shape 2221","x":609,"width":79,"y":180,"height":81},{"name":"Shape/shape 2223","x":81,"width":79,"y":346,"height":81},{"name":"Shape/shape 2225","x":324,"width":79,"y":263,"height":81},{"name":"Shape/shape 2227","x":729,"width":79,"y":263,"height":81},{"name":"Shape/shape 2229","x":915,"width":79,"y":171,"height":81},{"name":"Shape/shape 2231","x":648,"width":79,"y":263,"height":81},{"name":"Shape/shape 2233","x":486,"width":79,"y":327,"height":81},{"name":"Shape/shape 2235","x":324,"width":79,"y":180,"height":81},{"name":"Shape/shape 2237","x":405,"width":79,"y":180,"height":81},{"name":"Shape/shape 2239","x":162,"width":79,"y":180,"height":81},{"name":"Shape/shape 2241","x":810,"width":79,"y":337,"height":81},{"name":"Shape/shape 2243","x":486,"width":79,"y":244,"height":81},{"name":"Shape/shape 2245","x":891,"width":79,"y":337,"height":81},{"name":"Shape/shape 2247","x":81,"width":79,"y":263,"height":81},{"name":"Shape/shape 2249","x":162,"width":79,"y":263,"height":81},{"name":"Shape/shape 2251","x":646,"width":77,"y":346,"height":76},{"name":"Shape/shape 2253","x":636,"width":77,"y":502,"height":76},{"name":"Shape/shape 2255","x":557,"width":77,"y":502,"height":76},{"name":"Shape/shape 2257","x":530,"width":77,"y":166,"height":76},{"name":"Shape/shape 2259","x":567,"width":77,"y":346,"height":76},{"name":"Shape/shape 2261","x":804,"width":77,"y":420,"height":76},{"name":"Shape/shape 2263","x":725,"width":77,"y":346,"height":76},{"name":"Shape/shape 2265","x":478,"width":77,"y":488,"height":76},{"name":"Shape/shape 2267","x":636,"width":77,"y":424,"height":76},{"name":"Shape/shape 2269","x":395,"width":77,"y":502,"height":76},{"name":"Shape/shape 2271","x":158,"width":77,"y":502,"height":76},{"name":"Shape/shape 2273","x":478,"width":77,"y":410,"height":76},{"name":"Shape/shape 2275","x":162,"width":77,"y":346,"height":76},{"name":"Shape/shape 2277","x":530,"width":77,"y":88,"height":76},{"name":"Shape/shape 2279","x":794,"width":77,"y":498,"height":76},{"name":"Shape/shape 2281","x":316,"width":77,"y":502,"height":76},{"name":"Shape/shape 2283","x":557,"width":77,"y":424,"height":76},{"name":"Shape/shape 2285","x":0,"width":77,"y":425,"height":76},{"name":"Shape/shape 2287","x":241,"width":77,"y":424,"height":76},{"name":"Shape/shape 2289","x":241,"width":77,"y":346,"height":76},{"name":"Shape/shape 2291","x":715,"width":77,"y":424,"height":76},{"name":"Shape/shape 2293","x":320,"width":77,"y":424,"height":76},{"name":"Shape/shape 2295","x":399,"width":77,"y":424,"height":76},{"name":"Shape/shape 2297","x":162,"width":77,"y":424,"height":76},{"name":"Shape/shape 2299","x":79,"width":77,"y":429,"height":76},{"name":"Shape/shape 2301","x":320,"width":77,"y":346,"height":76},{"name":"Shape/shape 2303","x":237,"width":77,"y":502,"height":76},{"name":"Shape/shape 2305","x":399,"width":77,"y":346,"height":76},{"name":"Shape/shape 1715","x":883,"width":93,"y":488,"height":67},{"name":"Shape/shape 1717","x":883,"width":93,"y":420,"height":67},{"name":"Shape/shape 1269","x":224,"width":100,"y":88,"height":90},{"name":"Shape/shape 1271","x":711,"width":100,"y":88,"height":90},{"name":"Shape/shape 1273","x":326,"width":100,"y":88,"height":90},{"name":"Shape/shape 1275","x":609,"width":100,"y":88,"height":90},{"name":"Shape/shape 1277","x":428,"width":100,"y":88,"height":90},{"name":"Shape/shape 1279","x":813,"width":100,"y":88,"height":90},{"name":"Shape/shape 1281","x":122,"width":100,"y":88,"height":90},{"name":"Shape/shape 1365","x":244,"width":120,"y":0,"height":86},{"name":"Shape/shape 1367","x":488,"width":120,"y":0,"height":86},{"name":"Shape/shape 1369","x":366,"width":120,"y":0,"height":86},{"name":"Shape/shape 1371","x":0,"width":120,"y":0,"height":86},{"name":"Shape/shape 1373","x":732,"width":120,"y":0,"height":86},{"name":"Shape/shape 1375","x":610,"width":120,"y":0,"height":86},{"name":"Shape/shape 1377","x":0,"width":120,"y":88,"height":86},{"name":"Shape/shape 1379","x":122,"width":120,"y":0,"height":86},{"name":"Shape/shape 1381","x":854,"width":120,"y":0,"height":86}],"name":"Golem1_mc"}