<dragonBones name="1yrt" frameRate="30" version="2.3">
 <armature name="BulletTower51_1_mc">
  <bone name="Layer 1">
   <transform x="0" y="0" skX="0" skY="0" scX="1" scY="1"/>
  </bone>
  <bone name="Layer 2">
   <transform x="0" y="0" skX="0" skY="0" scX="1" scY="1"/>
  </bone>
  <skin name="default">
   <slot name="Layer 1" parent="Layer 1" z="0">
    <display name="Shape/shape 10396" type="image">
     <transform x="0" y="0" skX="0" skY="0" scX="1" scY="1" pX="9.6" pY="30"/>
    </display>
    <display name="Shape/shape 10398" type="image">
     <transform x="0" y="0" skX="0" skY="0" scX="1" scY="1" pX="9.6" pY="30"/>
    </display>
    <display name="Shape/shape 10400" type="image">
     <transform x="0" y="0" skX="0" skY="0" scX="1" scY="1" pX="9.6" pY="30"/>
    </display>
    <display name="Shape/shape 10402" type="image">
     <transform x="0" y="0" skX="0" skY="0" scX="1" scY="1" pX="9.6" pY="30"/>
    </display>
    <display name="Shape/shape 10404" type="image">
     <transform x="0" y="0" skX="0" skY="0" scX="1" scY="1" pX="9.6" pY="30"/>
    </display>
    <display name="Shape/shape 10406" type="image">
     <transform x="0" y="0" skX="0" skY="0" scX="1" scY="1" pX="9.6" pY="30"/>
    </display>
    <display name="Shape/shape 10408" type="image">
     <transform x="0" y="0" skX="0" skY="0" scX="1" scY="1" pX="9.6" pY="30"/>
    </display>
   </slot>
   <slot name="Layer 2" parent="Layer 2" z="1">
    <display name="Shape/shape 10410" type="image">
     <transform x="0" y="0" skX="0" skY="0" scX="1" scY="1" pX="11.6" pY="15"/>
    </display>
    <display name="Shape/shape 10412" type="image">
     <transform x="0" y="0" skX="0" skY="0" scX="1" scY="1" pX="10.1" pY="12"/>
    </display>
    <display name="Shape/shape 10414" type="image">
     <transform x="0" y="0" skX="0" skY="0" scX="1" scY="1" pX="10.1" pY="12"/>
    </display>
    <display name="Shape/shape 10416" type="image">
     <transform x="0" y="0" skX="0" skY="0" scX="1" scY="1" pX="10.1" pY="12"/>
    </display>
    <display name="Shape/shape 10418" type="image">
     <transform x="0" y="0" skX="0" skY="0" scX="1" scY="1" pX="10.1" pY="12"/>
    </display>
    <display name="Shape/shape 10420" type="image">
     <transform x="0" y="0" skX="0" skY="0" scX="1" scY="1" pX="10.1" pY="12"/>
    </display>
    <display name="Shape/shape 10422" type="image">
     <transform x="0" y="0" skX="0" skY="0" scX="1" scY="1" pX="10.1" pY="12"/>
    </display>
    <display name="Shape/shape 10424" type="image">
     <transform x="0" y="0" skX="0" skY="0" scX="1" scY="1" pX="11.6" pY="15"/>
    </display>
   </slot>
  </skin>
  <animation name="BulletTower51_1_mc" fadeInTime="0.3" duration="15" scale="1" loop="1" autoTween="1" tweenEasing="NaN">
   <timeline name="Layer 1" scale="1" offset="0">
    <frame z="0" duration="1">
     <transform x="0" y="0" skX="0" skY="0" scX="1" scY="1" pX="0" pY="0"/>
    </frame>
    <frame z="0" displayIndex="1" duration="1">
     <transform x="0" y="0" skX="0" skY="0" scX="1" scY="1" pX="0" pY="0"/>
    </frame>
    <frame z="0" displayIndex="2" duration="1">
     <transform x="0" y="0" skX="0" skY="0" scX="1" scY="1" pX="0" pY="0"/>
    </frame>
    <frame z="0" displayIndex="3" duration="1">
     <transform x="0" y="0" skX="0" skY="0" scX="1" scY="1" pX="0" pY="0"/>
    </frame>
    <frame z="0" displayIndex="4" duration="1">
     <transform x="0" y="0" skX="0" skY="0" scX="1" scY="1" pX="0" pY="0"/>
    </frame>
    <frame z="0" displayIndex="5" duration="1">
     <transform x="0" y="0" skX="0" skY="0" scX="1" scY="1" pX="0" pY="0"/>
    </frame>
    <frame z="0" displayIndex="6" duration="9">
     <transform x="0" y="0" skX="0" skY="0" scX="1" scY="1" pX="0" pY="0"/>
    </frame>
   </timeline>
   <timeline name="Layer 2" scale="1" offset="0">
    <frame duration="6" displayIndex="-1"/>
    <frame z="1" duration="1">
     <transform x="0" y="0" skX="0" skY="0" scX="1" scY="1" pX="0" pY="0"/>
    </frame>
    <frame z="1" displayIndex="1" duration="1">
     <transform x="0" y="0" skX="0" skY="0" scX="1" scY="1" pX="0" pY="0"/>
    </frame>
    <frame z="1" displayIndex="2" duration="1">
     <transform x="0" y="0" skX="0" skY="0" scX="1" scY="1" pX="0" pY="0"/>
    </frame>
    <frame z="1" displayIndex="3" duration="1">
     <transform x="0" y="0" skX="0" skY="0" scX="1" scY="1" pX="0" pY="0"/>
    </frame>
    <frame z="1" displayIndex="4" duration="1">
     <transform x="0" y="0" skX="0" skY="0" scX="1" scY="1" pX="0" pY="0"/>
    </frame>
    <frame z="1" displayIndex="5" duration="2">
     <transform x="0" y="0" skX="0" skY="0" scX="1" scY="1" pX="0" pY="0"/>
    </frame>
    <frame z="1" displayIndex="6" duration="1">
     <transform x="0" y="0" skX="0" skY="0" scX="1" scY="1" pX="0" pY="0"/>
    </frame>
    <frame z="1" displayIndex="7" duration="1">
     <transform x="0" y="0" skX="0" skY="0" scX="1" scY="1" pX="0" pY="0"/>
    </frame>
   </timeline>
  </animation>
 </armature>
</dragonBones>