<dragonBones name="1yrt" frameRate="30" version="2.3">
 <armature name="Golem2HorisontDeath_mc">
  <bone name="Layer 1">
   <transform x="0" y="0" skX="0" skY="0" scX="1" scY="1"/>
  </bone>
  <skin name="default">
   <slot name="Layer 1" parent="Layer 1" z="0">
    <display name="Shape/shape 1781" type="image">
     <transform x="0" y="0" skX="0" skY="0" scX="1" scY="1" pX="74" pY="80"/>
    </display>
    <display name="Shape/shape 1783" type="image">
     <transform x="0" y="0" skX="0" skY="0" scX="1" scY="1" pX="74" pY="80"/>
    </display>
    <display name="Shape/shape 1785" type="image">
     <transform x="0" y="0" skX="0" skY="0" scX="1" scY="1" pX="74" pY="80"/>
    </display>
    <display name="Shape/shape 1787" type="image">
     <transform x="0" y="0" skX="0" skY="0" scX="1" scY="1" pX="74" pY="80"/>
    </display>
    <display name="Shape/shape 1789" type="image">
     <transform x="0" y="0" skX="0" skY="0" scX="1" scY="1" pX="74" pY="80"/>
    </display>
    <display name="Shape/shape 1791" type="image">
     <transform x="0" y="0" skX="0" skY="0" scX="1" scY="1" pX="74" pY="80"/>
    </display>
    <display name="Shape/shape 1793" type="image">
     <transform x="0" y="0" skX="0" skY="0" scX="1" scY="1" pX="74" pY="80"/>
    </display>
    <display name="Shape/shape 1795" type="image">
     <transform x="0" y="0" skX="0" skY="0" scX="1" scY="1" pX="74" pY="80"/>
    </display>
    <display name="Shape/shape 1797" type="image">
     <transform x="0" y="0" skX="0" skY="0" scX="1" scY="1" pX="74" pY="80"/>
    </display>
    <display name="Shape/shape 1799" type="image">
     <transform x="0" y="0" skX="0" skY="0" scX="1" scY="1" pX="74" pY="80"/>
    </display>
    <display name="Shape/shape 1801" type="image">
     <transform x="0" y="0" skX="0" skY="0" scX="1" scY="1" pX="74" pY="80"/>
    </display>
    <display name="Shape/shape 1803" type="image">
     <transform x="0" y="0" skX="0" skY="0" scX="1" scY="1" pX="74" pY="80"/>
    </display>
    <display name="Shape/shape 1805" type="image">
     <transform x="0" y="0" skX="0" skY="0" scX="1" scY="1" pX="74" pY="80"/>
    </display>
    <display name="Shape/shape 1807" type="image">
     <transform x="0" y="0" skX="0" skY="0" scX="1" scY="1" pX="74" pY="80"/>
    </display>
    <display name="Shape/shape 1809" type="image">
     <transform x="0" y="0" skX="0" skY="0" scX="1" scY="1" pX="74" pY="80"/>
    </display>
    <display name="Shape/shape 1811" type="image">
     <transform x="0" y="0" skX="0" skY="0" scX="1" scY="1" pX="74" pY="80"/>
    </display>
    <display name="Shape/shape 1813" type="image">
     <transform x="0" y="0" skX="0" skY="0" scX="1" scY="1" pX="74" pY="80"/>
    </display>
    <display name="Shape/shape 1815" type="image">
     <transform x="0" y="0" skX="0" skY="0" scX="1" scY="1" pX="74" pY="80"/>
    </display>
    <display name="Shape/shape 1817" type="image">
     <transform x="0" y="0" skX="0" skY="0" scX="1" scY="1" pX="74" pY="80"/>
    </display>
    <display name="Shape/shape 1819" type="image">
     <transform x="0" y="0" skX="0" skY="0" scX="1" scY="1" pX="74" pY="80"/>
    </display>
    <display name="Shape/shape 1821" type="image">
     <transform x="0" y="0" skX="0" skY="0" scX="1" scY="1" pX="74" pY="80"/>
    </display>
    <display name="Shape/shape 1823" type="image">
     <transform x="0" y="0" skX="0" skY="0" scX="1" scY="1" pX="74" pY="80"/>
    </display>
    <display name="Shape/shape 1825" type="image">
     <transform x="0" y="0" skX="0" skY="0" scX="1" scY="1" pX="74" pY="80"/>
    </display>
    <display name="Shape/shape 1827" type="image">
     <transform x="0" y="0" skX="0" skY="0" scX="1" scY="1"/>
    </display>
    <display name="Shape/shape 1829" type="image">
     <transform x="0" y="0" skX="0" skY="0" scX="1" scY="1"/>
    </display>
    <display name="Shape/shape 1831" type="image">
     <transform x="0" y="0" skX="0" skY="0" scX="1" scY="1"/>
    </display>
    <display name="Shape/shape 1833" type="image">
     <transform x="0" y="0" skX="0" skY="0" scX="1" scY="1"/>
    </display>
    <display name="Shape/shape 1835" type="image">
     <transform x="0" y="0" skX="0" skY="0" scX="1" scY="1"/>
    </display>
   </slot>
  </skin>
  <animation name="Golem2HorisontDeath_mc" fadeInTime="0.3" duration="46" scale="1" loop="1" autoTween="1" tweenEasing="NaN">
   <timeline name="Layer 1" scale="1" offset="0">
    <frame z="0" duration="1">
     <transform x="0" y="0" skX="0" skY="0" scX="1" scY="1" pX="0" pY="0"/>
    </frame>
    <frame z="0" displayIndex="1" duration="1">
     <transform x="0" y="0" skX="0" skY="0" scX="1" scY="1" pX="0" pY="0"/>
    </frame>
    <frame z="0" displayIndex="2" duration="1">
     <transform x="0" y="0" skX="0" skY="0" scX="1" scY="1" pX="0" pY="0"/>
    </frame>
    <frame z="0" displayIndex="3" duration="1">
     <transform x="0" y="0" skX="0" skY="0" scX="1" scY="1" pX="0" pY="0"/>
    </frame>
    <frame z="0" displayIndex="4" duration="1">
     <transform x="0" y="0" skX="0" skY="0" scX="1" scY="1" pX="0" pY="0"/>
    </frame>
    <frame z="0" displayIndex="5" duration="1">
     <transform x="0" y="0" skX="0" skY="0" scX="1" scY="1" pX="0" pY="0"/>
    </frame>
    <frame z="0" displayIndex="6" duration="1">
     <transform x="0" y="0" skX="0" skY="0" scX="1" scY="1" pX="0" pY="0"/>
    </frame>
    <frame z="0" displayIndex="7" duration="1">
     <transform x="0" y="0" skX="0" skY="0" scX="1" scY="1" pX="0" pY="0"/>
    </frame>
    <frame z="0" displayIndex="8" duration="1">
     <transform x="0" y="0" skX="0" skY="0" scX="1" scY="1" pX="0" pY="0"/>
    </frame>
    <frame z="0" displayIndex="9" duration="1">
     <transform x="0" y="0" skX="0" skY="0" scX="1" scY="1" pX="0" pY="0"/>
    </frame>
    <frame z="0" displayIndex="10" duration="1">
     <transform x="0" y="0" skX="0" skY="0" scX="1" scY="1" pX="0" pY="0"/>
    </frame>
    <frame z="0" displayIndex="11" duration="2">
     <transform x="0" y="0" skX="0" skY="0" scX="1" scY="1" pX="0" pY="0"/>
    </frame>
    <frame z="0" displayIndex="12" duration="2">
     <transform x="0" y="0" skX="0" skY="0" scX="1" scY="1" pX="0" pY="0"/>
    </frame>
    <frame z="0" displayIndex="13" duration="2">
     <transform x="0" y="0" skX="0" skY="0" scX="1" scY="1" pX="0" pY="0"/>
    </frame>
    <frame z="0" displayIndex="14" duration="2">
     <transform x="0" y="0" skX="0" skY="0" scX="1" scY="1" pX="0" pY="0"/>
    </frame>
    <frame z="0" displayIndex="15" duration="2">
     <transform x="0" y="0" skX="0" skY="0" scX="1" scY="1" pX="0" pY="0"/>
    </frame>
    <frame z="0" displayIndex="16" duration="2">
     <transform x="0" y="0" skX="0" skY="0" scX="1" scY="1" pX="0" pY="0"/>
    </frame>
    <frame z="0" displayIndex="17" duration="2">
     <transform x="0" y="0" skX="0" skY="0" scX="1" scY="1" pX="0" pY="0"/>
    </frame>
    <frame z="0" displayIndex="18" duration="2">
     <transform x="0" y="0" skX="0" skY="0" scX="1" scY="1" pX="0" pY="0"/>
    </frame>
    <frame z="0" displayIndex="19" duration="2">
     <transform x="0" y="0" skX="0" skY="0" scX="1" scY="1" pX="0" pY="0"/>
    </frame>
    <frame z="0" displayIndex="20" duration="2">
     <transform x="0" y="0" skX="0" skY="0" scX="1" scY="1" pX="0" pY="0"/>
    </frame>
    <frame z="0" displayIndex="21" duration="2">
     <transform x="0" y="0" skX="0" skY="0" scX="1" scY="1" pX="0" pY="0"/>
    </frame>
    <frame z="0" displayIndex="22" duration="2">
     <transform x="0" y="0" skX="0" skY="0" scX="1" scY="1" pX="0" pY="0"/>
    </frame>
    <frame z="0" displayIndex="23" duration="2">
     <transform x="0" y="0" skX="0" skY="0" scX="1" scY="1" pX="0" pY="0"/>
    </frame>
    <frame z="0" displayIndex="24" duration="2">
     <transform x="0" y="0" skX="0" skY="0" scX="1" scY="1" pX="0" pY="0"/>
    </frame>
    <frame z="0" displayIndex="25" duration="2">
     <transform x="0" y="0" skX="0" skY="0" scX="1" scY="1" pX="0" pY="0"/>
    </frame>
    <frame z="0" displayIndex="26" duration="2">
     <transform x="0" y="0" skX="0" skY="0" scX="1" scY="1" pX="0" pY="0"/>
    </frame>
    <frame z="0" displayIndex="27" duration="2">
     <transform x="0" y="0" skX="0" skY="0" scX="1" scY="1" pX="0" pY="0"/>
    </frame>
    <frame z="0" displayIndex="27" duration="1">
     <transform x="0" y="0" skX="0" skY="0" scX="0.01" scY="0.01" pX="0" pY="0"/>
     <colorTransform aO="0" rO="0" gO="0" bO="0" aM="0" rM="100" gM="100" bM="100"/>
    </frame>
   </timeline>
  </animation>
 </armature>
</dragonBones>