{"armature":[{"skin":[{"name":"default","slot":[{"name":"shadow","z":0,"display":[{"transform":{"pX":10,"pY":10},"name":"shadow","type":"image"}],"parent":"shadow"},{"name":"contSlot","z":1,"display":[{"transform":{},"name":"contSlot","type":"armature"}],"parent":"contSlot"}]}],"name":"unit10","bone":[{"transform":{"scX":1.18,"x":0.35,"scY":0.59,"y":0.25},"name":"shadow"},{"transform":{"scY":1.01,"skX":5.33,"skY":0.77},"name":"contSlot"}],"animation":[{"name":"cont","timeline":[{"name":"shadow","frame":[{"transform":{},"z":0,"duration":8,"tweenEasing":0},{"transform":{"scX":1.0763,"x":-0.85},"z":0,"duration":1,"tweenEasing":0},{"transform":{"scX":1.0169,"x":-0.75,"scY":0.9492,"y":0.05},"z":0,"duration":1,"tweenEasing":0},{"transform":{"scX":0.9576,"x":-0.65,"scY":0.8983},"z":0,"duration":2,"tweenEasing":0},{"transform":{"scX":0.839,"x":-0.45,"scY":0.7797},"z":0,"duration":1,"tweenEasing":0},{"transform":{"scX":0.7797,"x":-0.4,"scY":0.7288,"y":0.05},"z":0,"duration":1,"tweenEasing":0},{"transform":{"scX":0.7373,"x":-0.35,"scY":0.6949},"z":0,"duration":2,"tweenEasing":0},{"z":0,"transform":{"scX":0.9153,"x":-0.1,"scY":0.8983},"duration":1},{"transform":{},"z":0,"duration":1,"tweenEasing":0},{"transform":{},"z":0,"duration":8,"tweenEasing":0},{"transform":{"scX":1.0763,"x":-0.85},"z":0,"duration":4,"tweenEasing":0},{"transform":{"scX":0.839,"x":-0.85,"scY":0.7797,"y":-0.75},"z":0,"duration":1,"tweenEasing":0},{"transform":{"scX":0.7797,"x":-0.9,"scY":0.7288,"y":-0.9},"z":0,"duration":1,"tweenEasing":0},{"transform":{"scX":0.7373,"x":-0.85,"scY":0.6949,"y":-0.9},"z":0,"duration":3,"tweenEasing":0},{"z":0,"transform":{},"duration":1},{"z":0,"transform":{},"duration":1}]},{"name":"contSlot","frame":[{"transform":{},"z":0,"duration":1,"tweenEasing":0},{"transform":{"x":-0.1,"scY":0.9901,"skX":-1.78,"skY":-0.26},"z":0,"duration":1,"tweenEasing":0},{"transform":{"x":-0.25,"scY":0.9901,"y":0.05,"skX":-3.55,"skY":-0.51},"z":0,"duration":1,"tweenEasing":0},{"transform":{"x":-0.35,"scY":0.9901,"y":0.05,"skX":-5.33,"skY":-0.77},"z":0,"duration":1,"tweenEasing":0},{"transform":{"x":-0.45,"scY":0.9901,"y":0.1,"skX":-6.41,"skY":-1.33},"z":0,"duration":1,"tweenEasing":0},{"transform":{"x":-0.5,"scY":0.9901,"y":0.15,"skX":-7.67,"skY":-2.08},"z":0,"duration":1,"tweenEasing":0},{"transform":{"x":-0.6,"scY":0.9901,"y":0.2,"skX":-9.13,"skY":-2.83},"z":0,"duration":2,"tweenEasing":0},{"transform":{"x":-0.7,"scY":0.9901,"y":0.3,"skX":-11.66,"skY":-4.33},"z":0,"duration":1,"tweenEasing":0},{"transform":{"x":-0.65,"scY":0.9901,"y":-0.55,"skX":-10.6,"skY":-3.84},"z":0,"duration":5,"tweenEasing":0},{"transform":{"x":-0.3,"scY":0.9703,"y":-5.1,"skX":-4.6,"skY":-1.55},"z":0,"duration":2,"tweenEasing":0},{"transform":{"x":-0.15,"scY":0.9901,"y":-2,"skX":-2.27,"skY":-0.76},"z":0,"duration":2,"tweenEasing":0},{"transform":{"skX":2.71,"skY":2.5},"z":0,"duration":1,"tweenEasing":0},{"transform":{"scY":0.9901,"y":-0.05,"skX":-0.22,"skY":1.28},"z":0,"duration":1,"tweenEasing":0},{"transform":{"x":-0.05,"scY":0.9901,"skX":-2.78,"skY":0.26},"z":0,"duration":1,"tweenEasing":0},{"transform":{"x":-0.05,"scY":0.9901,"y":0.05,"skX":-5.33,"skY":-0.77},"z":0,"duration":5,"tweenEasing":0},{"transform":{"x":-0.3,"scY":0.9901,"y":0.05,"skX":-9.64,"skY":-1.82},"z":0,"duration":6,"tweenEasing":0},{"transform":{"x":0.05,"scY":0.9703,"y":-5.3,"skX":-4.05,"skY":-1.01},"z":0,"duration":3,"tweenEasing":0},{"z":0,"transform":{"skX":2.71,"skY":2.5},"duration":1},{"z":0,"transform":{"skX":2.71,"skY":2.5},"duration":1}]}],"frame":[{"duration":35},{"duration":1},{"duration":1}],"autoTween":null,"fadeInTime":0.3,"duration":37,"tweenEasing":null}]},{"skin":[{"name":"default","slot":[{"name":"contSlot","z":0,"display":[{"transform":{"pX":15,"pY":20},"name":"Shape/shape 2701","type":"image"},{"transform":{"pX":14,"pY":20},"name":"Shape/shape 2703","type":"image"}],"parent":"contSlot"}]}],"name":"contSlot","bone":[{"transform":{},"name":"contSlot"}],"animation":[{"name":"dir","timeline":[{"name":"contSlot","frame":[{"z":0,"transform":{},"duration":1},{"displayIndex":1,"transform":{},"z":0,"duration":1},{"displayIndex":1,"transform":{},"z":0,"duration":1}]}],"frame":[{"duration":2},{"duration":1}],"autoTween":null,"fadeInTime":0.3,"duration":3,"tweenEasing":null}]}],"name":"unit10","isGlobal":0,"frameRate":30,"version":"3.0"}