<root name="CastFire_mc" isGlobal="0" frameRate="30" version="3.0">
 <armature name="CastFire_mc">
  <skin name="default">
   <slot name="Layer 1" z="0" parent="Layer 1">
    <display name="Shape/shape 6970" type="image">
     <transform pX="56" pY="50"/>
    </display>
    <display name="Shape/shape 6972" type="image">
     <transform pX="56" pY="50"/>
    </display>
    <display name="Shape/shape 6974" type="image">
     <transform pX="56" pY="50"/>
    </display>
    <display name="Shape/shape 6976" type="image">
     <transform pX="56" pY="50"/>
    </display>
    <display name="Shape/shape 6978" type="image">
     <transform pX="56" pY="50"/>
    </display>
    <display name="Shape/shape 6980" type="image">
     <transform pX="56" pY="50"/>
    </display>
    <display name="Shape/shape 6982" type="image">
     <transform pX="56" pY="50"/>
    </display>
    <display name="Shape/shape 6984" type="image">
     <transform pX="56" pY="50"/>
    </display>
    <display name="Shape/shape 6986" type="image">
     <transform pX="56" pY="50"/>
    </display>
    <display name="Shape/shape 6988" type="image">
     <transform pX="56" pY="50"/>
    </display>
   </slot>
  </skin>
  <bone name="Layer 1">
   <transform/>
  </bone>
  <animation name="CastFire_mc" fadeInTime="0.3" autoTween="NaN" duration="25" tweenEasing="NaN">
   <timeline name="Layer 1">
    <frame z="0" duration="2">
     <transform/>
    </frame>
    <frame displayIndex="1" z="0" duration="2">
     <transform/>
    </frame>
    <frame displayIndex="2" z="0" duration="2">
     <transform/>
    </frame>
    <frame displayIndex="3" z="0" duration="2">
     <transform/>
    </frame>
    <frame displayIndex="4" z="0" duration="3">
     <transform/>
    </frame>
    <frame displayIndex="5" z="0" duration="3">
     <transform/>
    </frame>
    <frame displayIndex="6" z="0" duration="3">
     <transform/>
    </frame>
    <frame displayIndex="7" z="0" duration="3">
     <transform/>
    </frame>
    <frame displayIndex="8" z="0" duration="2">
     <transform/>
    </frame>
    <frame displayIndex="9" z="0" duration="2">
     <transform/>
    </frame>
    <frame displayIndex="9" z="0" duration="1">
     <transform/>
    </frame>
   </timeline>
   <frame duration="24"/>
   <frame duration="1"/>
  </animation>
 </armature>
</root>