<dragonBones name="1yrt" frameRate="30" version="2.3">
 <armature name="levinattack">
  <bone name="Layer 1">
   <transform x="0" y="0" skX="0" skY="0" scX="1" scY="1"/>
  </bone>
  <skin name="default">
   <slot name="Layer 1" parent="Layer 1" z="0">
    <display name="Shape/shape 7855" type="image">
     <transform x="0" y="0" skX="0" skY="0" scX="1" scY="1" pX="19" pY="18"/>
    </display>
    <display name="Shape/shape 7857" type="image">
     <transform x="0" y="0" skX="0" skY="0" scX="1" scY="1" pX="19" pY="18"/>
    </display>
    <display name="Shape/shape 7859" type="image">
     <transform x="0" y="0" skX="0" skY="0" scX="1" scY="1" pX="19" pY="18"/>
    </display>
    <display name="Shape/shape 7861" type="image">
     <transform x="0" y="0" skX="0" skY="0" scX="1" scY="1" pX="19" pY="18"/>
    </display>
    <display name="Shape/shape 7863" type="image">
     <transform x="0" y="0" skX="0" skY="0" scX="1" scY="1" pX="19" pY="18"/>
    </display>
    <display name="Shape/shape 7865" type="image">
     <transform x="0" y="0" skX="0" skY="0" scX="1" scY="1" pX="19" pY="18"/>
    </display>
    <display name="Shape/shape 7867" type="image">
     <transform x="0" y="0" skX="0" skY="0" scX="1" scY="1" pX="19" pY="18"/>
    </display>
    <display name="Shape/shape 7869" type="image">
     <transform x="0" y="0" skX="0" skY="0" scX="1" scY="1" pX="19" pY="18"/>
    </display>
    <display name="Shape/shape 7871" type="image">
     <transform x="0" y="0" skX="0" skY="0" scX="1" scY="1"/>
    </display>
   </slot>
  </skin>
  <animation name="levinattack" fadeInTime="0.3" duration="9" scale="1" loop="1" autoTween="1" tweenEasing="NaN">
   <timeline name="Layer 1" scale="1" offset="0">
    <frame z="0" duration="1">
     <transform x="0" y="0" skX="0" skY="0" scX="1" scY="1" pX="0" pY="0"/>
    </frame>
    <frame z="0" displayIndex="1" duration="1">
     <transform x="0" y="0" skX="0" skY="0" scX="1" scY="1" pX="0" pY="0"/>
    </frame>
    <frame z="0" displayIndex="2" duration="1">
     <transform x="0" y="0" skX="0" skY="0" scX="1" scY="1" pX="0" pY="0"/>
    </frame>
    <frame z="0" displayIndex="3" duration="1">
     <transform x="0" y="0" skX="0" skY="0" scX="1" scY="1" pX="0" pY="0"/>
    </frame>
    <frame z="0" displayIndex="4" duration="1">
     <transform x="0" y="0" skX="0" skY="0" scX="1" scY="1" pX="0" pY="0"/>
    </frame>
    <frame z="0" displayIndex="5" duration="1">
     <transform x="0" y="0" skX="0" skY="0" scX="1" scY="1" pX="0" pY="0"/>
    </frame>
    <frame z="0" displayIndex="6" duration="1">
     <transform x="0" y="0" skX="0" skY="0" scX="1" scY="1" pX="0" pY="0"/>
    </frame>
    <frame z="0" displayIndex="7" duration="1">
     <transform x="0" y="0" skX="0" skY="0" scX="1" scY="1" pX="0" pY="0"/>
    </frame>
    <frame z="0" displayIndex="8" duration="1">
     <transform x="0" y="0" skX="0" skY="0" scX="1" scY="1" pX="0" pY="0"/>
    </frame>
   </timeline>
  </animation>
 </armature>
</dragonBones>