<TextureAtlas name="levinattack" imagePath="texture.png">
 <SubTexture name="Shape/shape 7855" x="82" y="38" width="39" height="36"/>
 <SubTexture name="Shape/shape 7857" x="82" y="0" width="39" height="36"/>
 <SubTexture name="Shape/shape 7859" x="41" y="0" width="39" height="36"/>
 <SubTexture name="Shape/shape 7861" x="0" y="38" width="39" height="36"/>
 <SubTexture name="Shape/shape 7863" x="0" y="76" width="39" height="36"/>
 <SubTexture name="Shape/shape 7865" x="41" y="76" width="39" height="36"/>
 <SubTexture name="Shape/shape 7867" x="0" y="0" width="39" height="36"/>
 <SubTexture name="Shape/shape 7869" x="41" y="38" width="39" height="36"/>
</TextureAtlas>