<TextureAtlas name="Unit28_mc" imagePath="texture.png">
 <SubTexture name="dust4" x="0" y="304" width="50" height="50"/>
 <SubTexture name="selectUnit" x="52" y="252" width="50" height="50"/>
 <SubTexture name="sprite 7652" x="260" y="264" width="50" height="50"/>
 <SubTexture name="healthBar" x="260" y="212" width="50" height="50"/>
 <SubTexture name="armor" x="460" y="200" width="50" height="50"/>
 <SubTexture name="iceEffect" x="156" y="252" width="50" height="50"/>
 <SubTexture name="fireEffect" x="252" y="160" width="50" height="50"/>
 <SubTexture name="iceFreez" x="156" y="200" width="50" height="50"/>
 <SubTexture name="levinattack" x="0" y="252" width="50" height="50"/>
 <SubTexture name="iceattack" x="208" y="212" width="50" height="50"/>
 <SubTexture name="fireattack" x="52" y="200" width="50" height="50"/>
 <SubTexture name="dust3" x="356" y="200" width="50" height="50"/>
 <SubTexture name="dust2" x="0" y="200" width="50" height="50"/>
 <SubTexture name="dust1" x="416" y="252" width="50" height="50"/>
 <SubTexture name="buffSpeed" x="208" y="264" width="50" height="50"/>
 <SubTexture name="airShock" x="104" y="200" width="50" height="50"/>
 <SubTexture name="buffHP" x="312" y="252" width="50" height="50"/>
 <SubTexture name="iceDeath" x="364" y="252" width="50" height="50"/>
 <SubTexture name="stonedeath" x="408" y="200" width="50" height="50"/>
 <SubTexture name="levindeath" x="104" y="252" width="50" height="50"/>
 <SubTexture name="case" x="304" y="160" width="50" height="50"/>
 <SubTexture name="Shape/shape 10697" x="288" y="80" width="34" height="78"/>
 <SubTexture name="Shape/shape 10699" x="360" y="0" width="34" height="78"/>
 <SubTexture name="Shape/shape 10701" x="0" y="80" width="34" height="78"/>
 <SubTexture name="Shape/shape 10703" x="252" y="80" width="34" height="78"/>
 <SubTexture name="Shape/shape 10705" x="108" y="80" width="34" height="78"/>
 <SubTexture name="Shape/shape 10707" x="324" y="80" width="34" height="78"/>
 <SubTexture name="Shape/shape 10709" x="36" y="0" width="34" height="78"/>
 <SubTexture name="Shape/shape 10711" x="72" y="0" width="34" height="78"/>
 <SubTexture name="Shape/shape 10713" x="144" y="80" width="34" height="78"/>
 <SubTexture name="Shape/shape 10715" x="108" y="0" width="34" height="78"/>
 <SubTexture name="Shape/shape 10717" x="216" y="80" width="34" height="78"/>
 <SubTexture name="Shape/shape 10719" x="180" y="0" width="34" height="78"/>
 <SubTexture name="Shape/shape 10721" x="468" y="0" width="34" height="78"/>
 <SubTexture name="Shape/shape 10723" x="360" y="80" width="34" height="78"/>
 <SubTexture name="Shape/shape 10725" x="252" y="0" width="34" height="78"/>
 <SubTexture name="Shape/shape 10727" x="0" y="0" width="34" height="78"/>
 <SubTexture name="Shape/shape 10729" x="216" y="0" width="34" height="78"/>
 <SubTexture name="Shape/shape 10731" x="180" y="80" width="34" height="78"/>
 <SubTexture name="Shape/shape 10733" x="144" y="0" width="34" height="78"/>
 <SubTexture name="Shape/shape 10735" x="288" y="0" width="34" height="78"/>
 <SubTexture name="Shape/shape 10737" x="432" y="0" width="34" height="78"/>
 <SubTexture name="Shape/shape 10739" x="396" y="0" width="34" height="78"/>
 <SubTexture name="Shape/shape 10741" x="324" y="0" width="34" height="78"/>
 <SubTexture name="Shape/shape 10743" x="36" y="80" width="34" height="78"/>
 <SubTexture name="Shape/shape 10745" x="432" y="80" width="34" height="78"/>
 <SubTexture name="Shape/shape 10747" x="72" y="80" width="34" height="78"/>
 <SubTexture name="Shape/shape 10749" x="396" y="80" width="34" height="78"/>
 <SubTexture name="Shape/shape 3621" x="30" y="160" width="35" height="38"/>
 <SubTexture name="Shape/shape 3623" x="104" y="160" width="35" height="38"/>
 <SubTexture name="Shape/shape 3625" x="356" y="160" width="35" height="38"/>
 <SubTexture name="Shape/shape 3627" x="67" y="160" width="35" height="38"/>
 <SubTexture name="Shape/shape 3628" x="468" y="120" width="35" height="38"/>
 <SubTexture name="Shape/shape 3629" x="468" y="80" width="35" height="38"/>
 <SubTexture name="Shape/shape 3631" x="178" y="160" width="35" height="38"/>
 <SubTexture name="Shape/shape 3633" x="141" y="160" width="35" height="38"/>
 <SubTexture name="Shape/shape 3635" x="393" y="160" width="35" height="38"/>
 <SubTexture name="Shape/shape 3637" x="215" y="160" width="35" height="38"/>
 <SubTexture name="Shape/shape 3638" x="430" y="160" width="35" height="38"/>
 <SubTexture name="Shape/shape 3640" x="0" y="160" width="28" height="36"/>
</TextureAtlas>