<root name="Training_3_mc" isGlobal="0" frameRate="30" version="3.0">
 <armature name="Training_3_mc">
  <skin name="default">
   <slot name="bg" z="0" parent="bg">
    <display name="1" type="image">
     <transform scX="1" x="-400" scY="1" y="-300" pX="25" pY="25" skX="0" skY="0"/>
    </display>
   </slot>
   <slot name="Layer 2" z="1" parent="Layer 2">
    <display name="Shape/shape 2308" type="image">
     <transform scX="1" x="0" scY="1" y="0" pX="28" pY="23" skX="0" skY="0"/>
    </display>
    <display name="Shape/shape 2310" type="image">
     <transform scX="1" x="0" scY="1" y="0" pX="28" pY="23" skX="0" skY="0"/>
    </display>
    <display name="Shape/shape 2312" type="image">
     <transform scX="1" x="0" scY="1" y="0" pX="28" pY="23" skX="0" skY="0"/>
    </display>
    <display name="Shape/shape 2314" type="image">
     <transform scX="1" x="0" scY="1" y="0" pX="28" pY="23" skX="0" skY="0"/>
    </display>
    <display name="Shape/shape 2316" type="image">
     <transform scX="1" x="0" scY="1" y="0" pX="28" pY="23" skX="0" skY="0"/>
    </display>
    <display name="Shape/shape 2318" type="image">
     <transform scX="1" x="0" scY="1" y="0" pX="28" pY="23" skX="0" skY="0"/>
    </display>
    <display name="Shape/shape 2322" type="image">
     <transform scX="1" x="0" scY="1" y="0" pX="28" pY="23" skX="0" skY="0"/>
    </display>
    <display name="Shape/shape 2324" type="image">
     <transform scX="1" x="0" scY="1" y="0" pX="28" pY="23" skX="0" skY="0"/>
    </display>
    <display name="Shape/shape 2326" type="image">
     <transform scX="1" x="0" scY="1" y="0" pX="28" pY="23" skX="0" skY="0"/>
    </display>
    <display name="Shape/shape 2328" type="image">
     <transform scX="1" x="0" scY="1" y="0" pX="28" pY="23" skX="0" skY="0"/>
    </display>
    <display name="Shape/shape 2329" type="image">
     <transform scX="1" x="0" scY="1" y="0" pX="28" pY="23" skX="0" skY="0"/>
    </display>
    <display name="Shape/shape 2331" type="image">
     <transform scX="1" x="0" scY="1" y="0" pX="28" pY="23" skX="0" skY="0"/>
    </display>
    <display name="Shape/shape 2334" type="image">
     <transform scX="1" x="0" scY="1" y="0" pX="28" pY="23" skX="0" skY="0"/>
    </display>
    <display name="Shape/shape 2336" type="image">
     <transform scX="1" x="0" scY="1" y="0" pX="28" pY="23" skX="0" skY="0"/>
    </display>
    <display name="Shape/shape 2338" type="image">
     <transform scX="1" x="0" scY="1" y="0" pX="28" pY="23" skX="0" skY="0"/>
    </display>
   </slot>
   <slot name="Layer 3_0" z="2" parent="Layer 3_0">
    <display name="__dbTextures/Training_3_mc/Layer 3_0_8" type="image">
     <transform scX="1" x="-5.4" scY="1" y="-3.7" pX="0" pY="0" skX="0" skY="0"/>
    </display>
    <display name="__dbTextures/Training_3_mc/Layer 3_0_12" type="image">
     <transform scX="1" x="-17.65" scY="1" y="-12.1" pX="0" pY="0" skX="0" skY="0"/>
    </display>
    <display name="__dbTextures/Training_3_mc/Layer 3_0_14" type="image">
     <transform scX="1" x="-17.55" scY="1" y="-12" pX="0" pY="0" skX="0" skY="0"/>
    </display>
    <display name="补间 27" type="image">
     <transform scX="1" x="0" scY="1" y="0" pX="17.65" pY="12.1" skX="0" skY="0"/>
    </display>
    <display name="补间 28" type="image">
     <transform scX="1" x="0" scY="1" y="0" pX="17.6" pY="12.05" skX="0" skY="0"/>
    </display>
    <display name="__dbTextures/Training_3_mc/Layer 3_0_57" type="image">
     <transform scX="1" x="-5.4" scY="1" y="-3.75" pX="0" pY="0" skX="0" skY="0"/>
    </display>
    <display name="__dbTextures/Training_3_mc/Layer 3_0_61" type="image">
     <transform scX="1" x="-17.7" scY="1" y="-12.35" pX="0" pY="0" skX="0" skY="0"/>
    </display>
    <display name="__dbTextures/Training_3_mc/Layer 3_0_63" type="image">
     <transform scX="1" x="-17.45" scY="1" y="-12.1" pX="0" pY="0" skX="0" skY="0"/>
    </display>
    <display name="__dbTextures/Training_3_mc/Layer 3_0_64" type="image">
     <transform scX="1" x="-17.55" scY="1" y="-12.2" pX="0" pY="0" skX="0" skY="0"/>
    </display>
    <display name="补间 29" type="image">
     <transform scX="1" x="0" scY="1" y="0" pX="17.55" pY="12.15" skX="0" skY="0"/>
    </display>
    <display name="补间 41" type="image">
     <transform scX="1" x="0" scY="1" y="0" pX="17.45" pY="12.1" skX="0" skY="0"/>
    </display>
   </slot>
  </skin>
  <bone name="bg">
   <transform scX="1" x="400" skX="0" scY="1" y="300" skY="0"/>
  </bone>
  <bone name="Layer 2">
   <transform scX="1" x="244" skX="0" scY="1" y="244" skY="0"/>
  </bone>
  <bone name="Layer 3_0">
   <transform scX="1" x="227.3" skX="0" scY="1" y="256.3" skY="0"/>
  </bone>
  <animation name="Training_3_mc" scale="1" loop="1" autoTween="NaN" fadeInTime="0.3" duration="100" tweenEasing="NaN">
   <timeline pX="0" name="bg" pY="0" scale="1" offset="0">
    <frame z="0" duration="100">
     <transform scX="1" x="0" scY="1" y="0" pX="0" pY="0" skX="0" skY="0"/>
    </frame>
   </timeline>
   <timeline pX="0" name="Layer 2" pY="0" scale="1" offset="0">
    <frame displayIndex="-1" duration="3"/>
    <frame z="0" duration="1">
     <transform scX="1" x="0" scY="1" y="0" pX="0" pY="0" skX="0" skY="0"/>
    </frame>
    <frame displayIndex="1" z="0" duration="1">
     <transform scX="1" x="0" scY="1" y="0" pX="0" pY="0" skX="0" skY="0"/>
    </frame>
    <frame displayIndex="2" z="0" duration="1">
     <transform scX="1" x="0" scY="1" y="0" pX="0" pY="0" skX="0" skY="0"/>
    </frame>
    <frame displayIndex="3" z="0" duration="1">
     <transform scX="1" x="0" scY="1" y="0" pX="0" pY="0" skX="0" skY="0"/>
    </frame>
    <frame displayIndex="4" z="0" duration="1">
     <transform scX="1" x="0" scY="1" y="0" pX="0" pY="0" skX="0" skY="0"/>
    </frame>
    <frame displayIndex="5" z="0" duration="1">
     <transform scX="1" x="0" scY="1" y="0" pX="0" pY="0" skX="0" skY="0"/>
    </frame>
    <frame displayIndex="6" z="0" duration="1">
     <transform scX="1" x="0" scY="1" y="0" pX="0" pY="0" skX="0" skY="0"/>
    </frame>
    <frame displayIndex="7" z="0" duration="1">
     <transform scX="1" x="0" scY="1" y="0" pX="0" pY="0" skX="0" skY="0"/>
    </frame>
    <frame displayIndex="8" z="0" duration="1">
     <transform scX="1" x="0" scY="1" y="0" pX="0" pY="0" skX="0" skY="0"/>
    </frame>
    <frame displayIndex="9" z="0" duration="1">
     <transform scX="1" x="0" scY="1" y="0" pX="0" pY="0" skX="0" skY="0"/>
    </frame>
    <frame displayIndex="10" z="0" duration="1">
     <transform scX="1" x="0" scY="1" y="0" pX="0" pY="0" skX="0" skY="0"/>
    </frame>
    <frame displayIndex="11" z="0" duration="3">
     <transform scX="1" x="0" scY="1" y="0" pX="0" pY="0" skX="0" skY="0"/>
    </frame>
    <frame displayIndex="10" z="0" duration="2">
     <transform scX="1" x="0" scY="1" y="0" pX="0" pY="0" skX="0" skY="0"/>
    </frame>
    <frame displayIndex="9" z="0" duration="3">
     <transform scX="1" x="0" scY="1" y="0" pX="0" pY="0" skX="0" skY="0"/>
    </frame>
    <frame displayIndex="10" z="0" duration="1">
     <transform scX="1" x="0" scY="1" y="0" pX="0" pY="0" skX="0" skY="0"/>
    </frame>
    <frame displayIndex="11" z="0" duration="2">
     <transform scX="1" x="0" scY="1" y="0" pX="0" pY="0" skX="0" skY="0"/>
    </frame>
    <frame displayIndex="10" z="0" duration="2">
     <transform scX="1" x="0" scY="1" y="0" pX="0" pY="0" skX="0" skY="0"/>
    </frame>
    <frame displayIndex="9" z="0" duration="3">
     <transform scX="1" x="0" scY="1" y="0" pX="0" pY="0" skX="0" skY="0"/>
    </frame>
    <frame displayIndex="10" z="0" duration="2">
     <transform scX="1" x="0" scY="1" y="0" pX="0" pY="0" skX="0" skY="0"/>
    </frame>
    <frame displayIndex="11" z="0" duration="3">
     <transform scX="1" x="0" scY="1" y="0" pX="0" pY="0" skX="0" skY="0"/>
    </frame>
    <frame displayIndex="10" z="0" duration="2">
     <transform scX="1" x="0" scY="1" y="0" pX="0" pY="0" skX="0" skY="0"/>
    </frame>
    <frame displayIndex="9" z="0" duration="3">
     <transform scX="1" x="0" scY="1" y="0" pX="0" pY="0" skX="0" skY="0"/>
    </frame>
    <frame displayIndex="10" z="0" duration="2">
     <transform scX="1" x="0" scY="1" y="0" pX="0" pY="0" skX="0" skY="0"/>
    </frame>
    <frame displayIndex="11" z="0" duration="2">
     <transform scX="1" x="0" scY="1" y="0" pX="0" pY="0" skX="0" skY="0"/>
    </frame>
    <frame displayIndex="12" z="0" duration="1">
     <transform scX="1" x="0" scY="1" y="0" pX="0" pY="0" skX="0" skY="0"/>
    </frame>
    <frame displayIndex="13" z="0" duration="1">
     <transform scX="1" x="0" scY="1" y="0" pX="0" pY="0" skX="0" skY="0"/>
    </frame>
    <frame displayIndex="14" z="0" duration="1">
     <transform scX="1" x="0" scY="1" y="0" pX="0" pY="0" skX="0" skY="0"/>
    </frame>
    <frame displayIndex="-1" duration="8"/>
    <frame displayIndex="3" z="0" duration="1">
     <transform scX="-1.18" x="74.89999999999998" scY="1.18" y="-180" pX="0" pY="0" skX="180" skY="-180"/>
    </frame>
    <frame displayIndex="4" z="0" duration="1">
     <transform scX="-1.18" x="74.89999999999998" scY="1.18" y="-180" pX="0" pY="0" skX="180" skY="-180"/>
    </frame>
    <frame displayIndex="5" z="0" duration="1">
     <transform scX="-1.18" x="74.89999999999998" scY="1.18" y="-180" pX="0" pY="0" skX="180" skY="-180"/>
    </frame>
    <frame displayIndex="6" z="0" duration="1">
     <transform scX="-1.18" x="74.89999999999998" scY="1.18" y="-180" pX="0" pY="0" skX="180" skY="-180"/>
    </frame>
    <frame displayIndex="7" z="0" duration="1">
     <transform scX="-1.18" x="74.89999999999998" scY="1.18" y="-180" pX="0" pY="0" skX="180" skY="-180"/>
    </frame>
    <frame displayIndex="8" z="0" duration="1">
     <transform scX="-1.18" x="74.89999999999998" scY="1.18" y="-180" pX="0" pY="0" skX="180" skY="-180"/>
    </frame>
    <frame displayIndex="9" z="0" duration="1">
     <transform scX="-1.18" x="74.89999999999998" scY="1.18" y="-180" pX="0" pY="0" skX="180" skY="-180"/>
    </frame>
    <frame displayIndex="10" z="0" duration="1">
     <transform scX="-1.18" x="74.89999999999998" scY="1.18" y="-180" pX="0" pY="0" skX="180" skY="-180"/>
    </frame>
    <frame displayIndex="11" z="0" duration="3">
     <transform scX="-1.18" x="74.89999999999998" scY="1.18" y="-180" pX="0" pY="0" skX="180" skY="-180"/>
    </frame>
    <frame displayIndex="10" z="0" duration="2">
     <transform scX="-1.18" x="74.89999999999998" scY="1.18" y="-180" pX="0" pY="0" skX="180" skY="-180"/>
    </frame>
    <frame displayIndex="9" z="0" duration="3">
     <transform scX="-1.18" x="74.89999999999998" scY="1.18" y="-180" pX="0" pY="0" skX="180" skY="-180"/>
    </frame>
    <frame displayIndex="10" z="0" duration="2">
     <transform scX="-1.18" x="74.89999999999998" scY="1.18" y="-180" pX="0" pY="0" skX="180" skY="-180"/>
    </frame>
    <frame displayIndex="11" z="0" duration="3">
     <transform scX="-1.18" x="74.89999999999998" scY="1.18" y="-180" pX="0" pY="0" skX="180" skY="-180"/>
    </frame>
    <frame displayIndex="10" z="0" duration="2">
     <transform scX="-1.18" x="74.89999999999998" scY="1.18" y="-180" pX="0" pY="0" skX="180" skY="-180"/>
    </frame>
    <frame displayIndex="9" z="0" duration="3">
     <transform scX="-1.18" x="74.89999999999998" scY="1.18" y="-180" pX="0" pY="0" skX="180" skY="-180"/>
    </frame>
    <frame displayIndex="10" z="0" duration="2">
     <transform scX="-1.18" x="74.89999999999998" scY="1.18" y="-180" pX="0" pY="0" skX="180" skY="-180"/>
    </frame>
    <frame displayIndex="11" z="0" duration="3">
     <transform scX="-1.18" x="74.89999999999998" scY="1.18" y="-180" pX="0" pY="0" skX="180" skY="-180"/>
    </frame>
    <frame displayIndex="10" z="0" duration="2">
     <transform scX="-1.18" x="74.89999999999998" scY="1.18" y="-180" pX="0" pY="0" skX="180" skY="-180"/>
    </frame>
    <frame displayIndex="9" z="0" duration="3">
     <transform scX="-1.18" x="74.89999999999998" scY="1.18" y="-180" pX="0" pY="0" skX="180" skY="-180"/>
    </frame>
    <frame displayIndex="10" z="0" duration="2">
     <transform scX="-1.18" x="74.89999999999998" scY="1.18" y="-180" pX="0" pY="0" skX="180" skY="-180"/>
    </frame>
    <frame displayIndex="11" z="0" duration="2">
     <transform scX="-1.18" x="74.89999999999998" scY="1.18" y="-180" pX="0" pY="0" skX="180" skY="-180"/>
    </frame>
    <frame displayIndex="12" z="0" duration="1">
     <transform scX="-1.18" x="74.89999999999998" scY="1.18" y="-180" pX="0" pY="0" skX="180" skY="-180"/>
    </frame>
    <frame displayIndex="13" z="0" duration="1">
     <transform scX="-1.18" x="74.89999999999998" scY="1.18" y="-180" pX="0" pY="0" skX="180" skY="-180"/>
    </frame>
    <frame displayIndex="14" z="0" duration="1">
     <transform scX="-1.18" x="74.89999999999998" scY="1.18" y="-180" pX="0" pY="0" skX="180" skY="-180"/>
    </frame>
    <frame z="0" duration="1">
     <transform scX="-1.18" x="74.89999999999998" scY="1.18" y="-180" pX="0" pY="0" skX="180" skY="-180"/>
    </frame>
    <frame z="0" duration="1">
     <transform scX="-1.18" x="74.89999999999998" scY="1.18" y="-180" pX="0" pY="0" skX="180" skY="-180"/>
    </frame>
   </timeline>
   <timeline pX="0" name="Layer 3_0" pY="0" scale="1" offset="0">
    <frame displayIndex="-1" duration="8"/>
    <frame z="0" duration="4" tweenEasing="NaN">
     <transform scX="1" x="0" scY="1" y="0" pX="0" pY="0" skX="0" skY="0"/>
    </frame>
    <frame z="0" displayIndex="1" duration="2" tweenEasing="NaN">
     <transform scX="1" x="11.949999999999989" scY="1" y="-14.800000000000011" pX="0" pY="0" skX="0" skY="0"/>
    </frame>
    <frame z="0" displayIndex="2" duration="1" tweenEasing="NaN">
     <transform scX="1" x="9.699999999999989" scY="1" y="-13.450000000000017" pX="0" pY="0" skX="0" skY="0"/>
    </frame>
    <frame z="0" displayIndex="3" duration="28" tweenEasing="0">
     <transform scX="1" x="15.949999999999989" scY="1" y="-14.600000000000023" pX="0" pY="0" skX="0" skY="0"/>
    </frame>
    <frame displayIndex="4" z="0" duration="1">
     <transform scX="1" x="15.949999999999989" scY="1" y="-13.850000000000023" pX="0" pY="0" skX="0" skY="0"/>
    </frame>
    <frame displayIndex="-1" duration="13"/>
    <frame z="0" displayIndex="5" duration="4" tweenEasing="NaN">
     <transform scX="1" x="77.94999999999999" scY="1" y="-202.3" pX="0" pY="0" skX="0" skY="0"/>
    </frame>
    <frame z="0" displayIndex="6" duration="2" tweenEasing="NaN">
     <transform scX="1" x="90.69999999999999" scY="1" y="-189.85000000000002" pX="0" pY="0" skX="0" skY="0"/>
    </frame>
    <frame z="0" displayIndex="7" duration="1" tweenEasing="NaN">
     <transform scX="1" x="89.89999999999998" scY="1" y="-189" pX="0" pY="0" skX="0" skY="0"/>
    </frame>
    <frame z="0" displayIndex="8" duration="2" tweenEasing="NaN">
     <transform scX="1" x="90.30000000000001" scY="1" y="-192" pX="0" pY="0" skX="0" skY="0"/>
    </frame>
    <frame z="0" displayIndex="9" duration="28" tweenEasing="0">
     <transform scX="1" x="90.64999999999998" scY="1" y="-190.45000000000002" pX="0" pY="0" skX="0" skY="0"/>
    </frame>
    <frame displayIndex="10" z="0" duration="1">
     <transform scX="1" x="90.84999999999997" scY="1" y="-191.05" pX="0" pY="0" skX="0" skY="0"/>
    </frame>
    <frame displayIndex="-1" duration="5"/>
   </timeline>
   <frame duration="99"/>
   <frame duration="1"/>
  </animation>
 </armature>
</root>