<TextureAtlas name="Training_3_mc" imagePath="texture.png">
 <SubTexture name="1" x="198" y="0" width="50" height="50"/>
 <SubTexture name="Shape/shape 2308" x="0" y="147" width="65" height="47"/>
 <SubTexture name="Shape/shape 2310" x="0" y="49" width="65" height="47"/>
 <SubTexture name="Shape/shape 2312" x="132" y="147" width="65" height="47"/>
 <SubTexture name="Shape/shape 2314" x="132" y="98" width="65" height="47"/>
 <SubTexture name="Shape/shape 2316" x="66" y="147" width="65" height="47"/>
 <SubTexture name="Shape/shape 2318" x="66" y="0" width="65" height="47"/>
 <SubTexture name="Shape/shape 2322" x="0" y="0" width="65" height="47"/>
 <SubTexture name="Shape/shape 2324" x="132" y="0" width="65" height="47"/>
 <SubTexture name="Shape/shape 2326" x="132" y="49" width="65" height="47"/>
 <SubTexture name="Shape/shape 2328" x="132" y="196" width="65" height="47"/>
 <SubTexture name="Shape/shape 2329" x="0" y="98" width="65" height="47"/>
 <SubTexture name="Shape/shape 2331" x="0" y="196" width="65" height="47"/>
 <SubTexture name="Shape/shape 2334" x="66" y="49" width="65" height="47"/>
 <SubTexture name="Shape/shape 2336" x="66" y="98" width="65" height="47"/>
 <SubTexture name="Shape/shape 2338" x="66" y="196" width="65" height="47"/>
 <SubTexture name="__dbTextures/Training_3_mc/Layer 3_0_8" x="235" y="61" width="11" height="8"/>
 <SubTexture name="__dbTextures/Training_3_mc/Layer 3_0_12" x="198" y="78" width="36" height="25"/>
 <SubTexture name="__dbTextures/Training_3_mc/Layer 3_0_14" x="198" y="208" width="36" height="24"/>
 <SubTexture name="补间 27" x="198" y="104" width="36" height="25"/>
 <SubTexture name="补间 28" x="198" y="130" width="36" height="25"/>
 <SubTexture name="__dbTextures/Training_3_mc/Layer 3_0_57" x="235" y="52" width="11" height="8"/>
 <SubTexture name="__dbTextures/Training_3_mc/Layer 3_0_61" x="198" y="52" width="36" height="25"/>
 <SubTexture name="__dbTextures/Training_3_mc/Layer 3_0_63" x="198" y="234" width="35" height="25"/>
 <SubTexture name="__dbTextures/Training_3_mc/Layer 3_0_64" x="198" y="156" width="36" height="25"/>
 <SubTexture name="补间 29" x="198" y="182" width="36" height="25"/>
 <SubTexture name="补间 41" x="0" y="245" width="35" height="25"/>
</TextureAtlas>