<TextureAtlas name="Training_3_mc" imagePath="texture.png">
 <SubTexture name="Shape/shape 2308" x="0" y="49" width="65" height="47"/>
 <SubTexture name="Shape/shape 2310" x="134" y="147" width="65" height="47"/>
 <SubTexture name="Shape/shape 2312" x="67" y="49" width="65" height="47"/>
 <SubTexture name="Shape/shape 2314" x="0" y="196" width="65" height="47"/>
 <SubTexture name="Shape/shape 2316" x="0" y="147" width="65" height="47"/>
 <SubTexture name="Shape/shape 2318" x="134" y="49" width="65" height="47"/>
 <SubTexture name="Shape/shape 2322" x="0" y="0" width="65" height="47"/>
 <SubTexture name="Shape/shape 2324" x="67" y="196" width="65" height="47"/>
 <SubTexture name="Shape/shape 2326" x="134" y="196" width="65" height="47"/>
 <SubTexture name="Shape/shape 2328" x="134" y="0" width="65" height="47"/>
 <SubTexture name="Shape/shape 2329" x="0" y="98" width="65" height="47"/>
 <SubTexture name="Shape/shape 2331" x="134" y="98" width="65" height="47"/>
 <SubTexture name="Shape/shape 2334" x="67" y="147" width="65" height="47"/>
 <SubTexture name="Shape/shape 2336" x="67" y="98" width="65" height="47"/>
 <SubTexture name="Shape/shape 2338" x="67" y="0" width="65" height="47"/>
 <SubTexture name="__dbTextures/Training_3_mc/Layer 3_0_8" x="239" y="10" width="11" height="8"/>
 <SubTexture name="__dbTextures/Training_3_mc/Layer 3_0_12" x="201" y="135" width="36" height="25"/>
 <SubTexture name="__dbTextures/Training_3_mc/Layer 3_0_14" x="201" y="162" width="36" height="24"/>
 <SubTexture name="补间 27" x="201" y="81" width="36" height="25"/>
 <SubTexture name="补间 28" x="201" y="108" width="36" height="25"/>
 <SubTexture name="__dbTextures/Training_3_mc/Layer 3_0_57" x="239" y="0" width="11" height="8"/>
 <SubTexture name="__dbTextures/Training_3_mc/Layer 3_0_61" x="201" y="54" width="36" height="25"/>
 <SubTexture name="__dbTextures/Training_3_mc/Layer 3_0_63" x="201" y="215" width="35" height="25"/>
 <SubTexture name="__dbTextures/Training_3_mc/Layer 3_0_64" x="201" y="27" width="36" height="25"/>
 <SubTexture name="补间 29" x="201" y="0" width="36" height="25"/>
 <SubTexture name="补间 41" x="201" y="188" width="35" height="25"/>
</TextureAtlas>