<root name="DefMenu_mc" isGlobal="0" frameRate="30" version="3.0">
 <armature name="DefMenu_mc">
  <skin name="default">
   <slot name="shadow" z="0" parent="shadow">
    <display name="Symbol 1571" type="image">
     <transform x="0" pX="350" pY="250" skX="0" skY="0" scX="1" y="0" scY="1"/>
    </display>
    <display name="Symbol 1600" type="image">
     <transform x="0" pX="350" pY="250" skX="0" skY="0" scX="1" y="0" scY="1"/>
    </display>
   </slot>
   <slot name="first" z="1" parent="first">
    <display name="Symbol 11297" type="armature">
     <transform scY="1" skY="0" x="0" scX="1" skX="0" y="0"/>
    </display>
   </slot>
  </skin>
  <bone name="shadow">
   <transform y="550" skY="0" x="750" scX="1.14" skX="0" scY="1.2"/>
  </bone>
  <bone name="first">
   <transform y="687.45" skY="0" x="750" scX="0.18" skX="0" scY="0.18"/>
  </bone>
  <animation name="DefMenu_mc" scale="1" loop="1" fadeInTime="0.3" autoTween="NaN" duration="22" tweenEasing="NaN">
   <timeline name="shadow" scale="1" pX="0" pY="0" offset="0">
    <frame z="0" duration="1">
     <transform x="0" pX="0" pY="0" skX="0" skY="0" scX="1" y="0" scY="1"/>
     <colorTransform bM="100" gO="0" bO="0" aM="0" rM="100" aO="0" gM="100" rO="0"/>
    </frame>
    <frame z="0" duration="1">
     <transform x="0" pX="0" pY="0" skX="0" skY="0" scX="1" y="0" scY="1"/>
     <colorTransform bM="100" gO="0" bO="0" aM="20" rM="100" aO="0" gM="100" rO="0"/>
    </frame>
    <frame z="0" duration="1">
     <transform x="0" pX="0" pY="0" skX="0" skY="0" scX="1" y="0" scY="1"/>
     <colorTransform bM="100" gO="0" bO="0" aM="40" rM="100" aO="0" gM="100" rO="0"/>
    </frame>
    <frame z="0" duration="1">
     <transform x="0" pX="0" pY="0" skX="0" skY="0" scX="1" y="0" scY="1"/>
     <colorTransform bM="100" gO="0" bO="0" aM="60" rM="100" aO="0" gM="100" rO="0"/>
    </frame>
    <frame z="0" duration="1">
     <transform x="0" pX="0" pY="0" skX="0" skY="0" scX="1" y="0" scY="1"/>
     <colorTransform bM="100" gO="0" bO="0" aM="80" rM="100" aO="0" gM="100" rO="0"/>
    </frame>
    <frame z="0" duration="5">
     <transform x="0" pX="0" pY="0" skX="0" skY="0" scX="1" y="0" scY="1"/>
    </frame>
    <frame z="0" duration="5">
     <transform x="0" pX="0" pY="0" skX="0" skY="0" scX="1" y="0" scY="1"/>
    </frame>
    <frame displayIndex="1" z="0" duration="6">
     <transform x="0" pX="0" pY="0" skX="0" skY="0" scX="1" y="0" scY="1"/>
    </frame>
    <frame displayIndex="1" z="0" duration="1">
     <transform x="0" pX="0" pY="0" skX="0" skY="0" scX="1" y="0" scY="1"/>
    </frame>
   </timeline>
   <timeline name="first" scale="1" pX="0" pY="0" offset="0">
    <frame z="0" duration="1">
     <transform x="0" pX="0" pY="0" skX="0" skY="0" scX="1" y="0" scY="1"/>
     <colorTransform bM="100" gO="0" bO="0" aM="5" rM="100" aO="0" gM="100" rO="0"/>
    </frame>
    <frame z="0" duration="1">
     <transform x="0.10000000000002274" pX="0" pY="0" skX="0" skY="0" scX="2.5" y="-49.15000000000009" scY="2.5"/>
     <colorTransform bM="100" gO="0" bO="0" aM="33" rM="100" aO="0" gM="100" rO="0"/>
    </frame>
    <frame z="0" duration="1">
     <transform x="0.14999999999997726" pX="0" pY="0" skX="0" skY="0" scX="4.055555555555555" y="-98.35000000000002" scY="4.055555555555555"/>
     <colorTransform bM="100" gO="0" bO="0" aM="61" rM="100" aO="0" gM="100" rO="0"/>
    </frame>
    <frame z="0" duration="1">
     <transform x="0.25" pX="0" pY="0" skX="0" skY="0" scX="5.555555555555555" y="-147.55000000000007" scY="5.555555555555555"/>
     <colorTransform bM="100" gO="0" bO="0" aM="90" rM="100" aO="0" gM="100" rO="0"/>
    </frame>
    <frame z="0" duration="1">
     <transform x="0.25" pX="0" pY="0" skX="0" skY="0" scX="5.944444444444445" y="-162.30000000000007" scY="5.944444444444445"/>
     <colorTransform bM="100" gO="0" bO="0" aM="95" rM="100" aO="0" gM="100" rO="0"/>
    </frame>
    <frame z="0" duration="1">
     <transform x="0.25" pX="0" pY="0" skX="0" skY="0" scX="6.333333333333333" y="-177.00000000000006" scY="6.333333333333333"/>
    </frame>
    <frame z="0" duration="1">
     <transform x="0.25" pX="0" pY="0" skX="0" skY="0" scX="5.944444444444445" y="-162.30000000000007" scY="5.944444444444445"/>
    </frame>
    <frame z="0" duration="1">
     <transform x="0.25" pX="0" pY="0" skX="0" skY="0" scX="5.555555555555555" y="-147.55000000000007" scY="5.555555555555555"/>
    </frame>
    <frame z="0" duration="1">
     <transform x="0.25" pX="0" pY="0" skX="0" skY="0" scX="5.555555555555555" y="-147.45000000000005" scY="5.555555555555555"/>
    </frame>
    <frame z="0" duration="1">
     <transform x="0.25" pX="0" pY="0" skX="0" skY="0" scX="5.555555555555555" y="-147.5" scY="5.555555555555555"/>
    </frame>
    <frame z="0" duration="1">
     <transform x="0.20000000000004547" pX="0" pY="0" skX="0" skY="0" scX="5.555555555555555" y="-147.5" scY="5.555555555555555"/>
    </frame>
    <frame z="0" duration="1">
     <transform x="0.20000000000004547" pX="0" pY="0" skX="0" skY="0" scX="5.555555555555555" y="-147.45000000000005" scY="5.555555555555555"/>
    </frame>
    <frame z="0" duration="1">
     <transform x="0.20000000000004547" pX="0" pY="0" skX="0" skY="0" scX="5.555555555555555" y="-147.5" scY="5.555555555555555"/>
    </frame>
    <frame z="0" duration="1">
     <transform x="0.14999999999997726" pX="0" pY="0" skX="0" skY="0" scX="5.555555555555555" y="-147.45000000000005" scY="5.555555555555555"/>
    </frame>
    <frame z="0" duration="1">
     <transform x="0.14999999999997726" pX="0" pY="0" skX="0" skY="0" scX="5.555555555555555" y="-147.45000000000005" scY="5.555555555555555"/>
    </frame>
    <frame z="0" duration="1">
     <transform x="0.10000000000002274" pX="0" pY="0" skX="0" skY="0" scX="5.555555555555555" y="-147.5" scY="5.555555555555555"/>
    </frame>
    <frame z="0" duration="1">
     <transform x="0.10000000000002274" pX="0" pY="0" skX="0" skY="0" scX="5.555555555555555" y="-147.45000000000005" scY="5.555555555555555"/>
    </frame>
    <frame z="0" duration="1">
     <transform x="0.10000000000002274" pX="0" pY="0" skX="0" skY="0" scX="5.555555555555555" y="-147.45000000000005" scY="5.555555555555555"/>
    </frame>
    <frame z="0" duration="1">
     <transform x="0.049999999999954525" pX="0" pY="0" skX="0" skY="0" scX="5.555555555555555" y="-147.5" scY="5.555555555555555"/>
    </frame>
    <frame z="0" duration="1">
     <transform x="0.049999999999954525" pX="0" pY="0" skX="0" skY="0" scX="5.555555555555555" y="-147.45000000000005" scY="5.555555555555555"/>
    </frame>
    <frame z="0" duration="1">
     <transform x="0" pX="0" pY="0" skX="0" skY="0" scX="5.555555555555555" y="-147.5" scY="5.555555555555555"/>
    </frame>
    <frame z="0" duration="1">
     <transform x="0" pX="0" pY="0" skX="0" skY="0" scX="5.555555555555555" y="-147.5" scY="5.555555555555555"/>
    </frame>
   </timeline>
   <frame duration="21"/>
   <frame duration="1"/>
  </animation>
 </armature>
 <armature name="Symbol 11297">
  <skin name="default">
   <slot name="fire" z="0" parent="fire">
    <display name="Symbol 11278" type="armature">
     <transform scY="1" skY="0" x="0" scX="1" skX="0" y="0"/>
    </display>
   </slot>
   <slot name="bg" z="1" parent="bg">
    <display name="__dbTextures/Symbol 11297/bg_0" type="image">
     <transform x="-223" pX="0" pY="0" skX="0" skY="0" scX="1" y="-195.5" scY="1"/>
    </display>
    <display name="__dbTextures/Symbol 11297/bg_21" type="image">
     <transform x="-223" pX="0" pY="0" skX="0" skY="0" scX="1" y="-195.5" scY="1"/>
    </display>
   </slot>
   <slot name="rightFlag" z="2" parent="rightFlag">
    <display name="Symbol 11283" type="image">
     <transform x="0" pX="52" pY="138" skX="0" skY="0" scX="1" y="0" scY="1"/>
    </display>
   </slot>
   <slot name="leftFlag" z="3" parent="leftFlag">
    <display name="Symbol 11283" type="image">
     <transform x="0" pX="52" pY="138" skX="0" skY="0" scX="1" y="0" scY="1"/>
    </display>
   </slot>
   <slot name="scroll" z="4" parent="scroll">
    <display name="Symbol 11291" type="armature">
     <transform scY="1" skY="0" x="0" scX="1" skX="0" y="0"/>
    </display>
   </slot>
  </skin>
  <bone name="rightFlag">
   <transform y="-41.45" skY="0" x="140.1" scX="1.1" skX="6" scY="1.18"/>
  </bone>
  <bone name="bg">
   <transform y="-33.5" skY="0" x="0" scX="1" skX="0" scY="1"/>
  </bone>
  <bone name="fire">
   <transform y="-146" skY="0" x="3" scX="0.75" skX="0" scY="0.75"/>
  </bone>
  <bone name="leftFlag">
   <transform y="-41.45" skY="0" x="-138.3" scX="-1.1" skX="-6" scY="1.18"/>
  </bone>
  <bone name="scroll">
   <transform y="109" skY="0" x="0" scX="1" skX="0" scY="1"/>
  </bone>
  <animation name="first" scale="1" loop="1" fadeInTime="0.3" autoTween="NaN" duration="22" tweenEasing="NaN">
   <timeline name="fire" scale="1" pX="0" pY="0" offset="0">
    <frame z="0" duration="21">
     <transform x="0" pX="0" pY="0" skX="0" skY="0" scX="1" y="0" scY="1"/>
    </frame>
    <frame z="0" duration="1">
     <transform x="0" pX="0" pY="0" skX="0" skY="0" scX="1" y="0" scY="1"/>
    </frame>
   </timeline>
   <timeline name="bg" scale="1" pX="0" pY="0" offset="0">
    <frame z="0" duration="21" tweenEasing="NaN">
     <transform x="0" pX="0" pY="0" skX="0" skY="0" scX="1" y="0" scY="1"/>
    </frame>
    <frame z="0" displayIndex="1" duration="1" tweenEasing="NaN">
     <transform x="0" pX="0" pY="0" skX="0" skY="0" scX="1" y="0" scY="1"/>
    </frame>
   </timeline>
   <timeline name="rightFlag" scale="1" pX="0" pY="0" offset="0">
    <frame z="0" duration="5">
     <transform x="0" pX="0" pY="0" skX="0" skY="0" scX="1" y="0" scY="1"/>
    </frame>
    <frame z="0" duration="1">
     <transform x="18.400000000000006" pX="0" pY="0" skX="-6" skY="0" scX="1" y="-13.149999999999999" scY="0.9322033898305085"/>
    </frame>
    <frame z="0" duration="1">
     <transform x="25.950000000000017" pX="0" pY="0" skX="-9" skY="0" scX="1" y="-19.549999999999997" scY="0.8898305084745763"/>
    </frame>
    <frame z="0" duration="2">
     <transform x="39.05000000000001" pX="0" pY="0" skX="-16.560000000000002" skY="0" scX="1.0727272727272725" y="-24.5" scY="0.8474576271186441"/>
    </frame>
    <frame z="0" duration="1">
     <transform x="33.099999999999994" pX="0" pY="0" skX="-11.5" skY="0" scX="1.0272727272727271" y="-25.64999999999999" scY="0.864406779661017"/>
    </frame>
    <frame z="0" duration="1">
     <transform x="26.55000000000001" pX="0" pY="0" skX="-8.55" skY="0" scX="1.0363636363636362" y="-22.349999999999994" scY="0.8728813559322035"/>
    </frame>
    <frame z="0" duration="10">
     <transform x="15.900000000000006" pX="0" pY="0" skX="-6" skY="0" scX="1" y="-10.549999999999997" scY="0.9322033898305085"/>
    </frame>
    <frame z="0" duration="1">
     <transform x="15.900000000000006" pX="0" pY="0" skX="-6" skY="0" scX="1" y="-10.549999999999997" scY="0.9322033898305085"/>
    </frame>
   </timeline>
   <timeline name="leftFlag" scale="1" pX="0" pY="0" offset="0">
    <frame z="0" duration="5">
     <transform x="0" pX="0" pY="0" skX="0" skY="0" scX="1" y="0" scY="1"/>
    </frame>
    <frame z="0" duration="1">
     <transform x="-20" pX="0" pY="0" skX="6" skY="0" scX="1" y="-10.949999999999996" scY="0.9322033898305085"/>
    </frame>
    <frame z="0" duration="1">
     <transform x="-27.75" pX="0" pY="0" skX="9" skY="0" scX="1" y="-19.549999999999997" scY="0.8898305084745763"/>
    </frame>
    <frame z="0" duration="2">
     <transform x="-40.849999999999994" pX="0" pY="0" skX="16.560000000000002" skY="0" scX="1.0727272727272725" y="-25.599999999999994" scY="0.8474576271186441"/>
    </frame>
    <frame z="0" duration="1">
     <transform x="-32.14999999999998" pX="0" pY="0" skX="11.5" skY="0" scX="1.0272727272727271" y="-25.64999999999999" scY="0.864406779661017"/>
    </frame>
    <frame z="0" duration="1">
     <transform x="-26.69999999999999" pX="0" pY="0" skX="8.55" skY="0" scX="1.0363636363636362" y="-22.349999999999994" scY="0.8728813559322035"/>
    </frame>
    <frame z="0" duration="10">
     <transform x="-19.69999999999999" pX="0" pY="0" skX="6" skY="0" scX="1" y="-10.549999999999997" scY="0.9322033898305085"/>
    </frame>
    <frame z="0" duration="1">
     <transform x="-19.69999999999999" pX="0" pY="0" skX="6" skY="0" scX="1" y="-10.549999999999997" scY="0.9322033898305085"/>
    </frame>
   </timeline>
   <timeline name="scroll" scale="1" pX="0" pY="0" offset="0">
    <frame z="0" duration="21">
     <transform x="0" pX="0" pY="0" skX="0" skY="0" scX="1" y="0" scY="1"/>
    </frame>
    <frame z="0" duration="1">
     <transform x="0" pX="0" pY="0" skX="0" skY="0" scX="1" y="0" scY="1"/>
    </frame>
   </timeline>
   <frame duration="21"/>
   <frame duration="1"/>
  </animation>
 </armature>
 <armature name="Symbol 11278">
  <skin name="default">
   <slot name="图层 1" z="0" parent="图层 1">
    <display name="未标题-1.png" type="image">
     <transform x="-100" pX="0" pY="0" skX="0" skY="0" scX="1" y="-100" scY="1"/>
    </display>
    <display name="未标题-1.png 副本" type="image">
     <transform x="-100" pX="0" pY="0" skX="0" skY="0" scX="1" y="-100" scY="1"/>
    </display>
    <display name="未标题-1.png 副本 2" type="image">
     <transform x="-100" pX="0" pY="0" skX="0" skY="0" scX="1" y="-100" scY="1"/>
    </display>
    <display name="未标题-1.png 副本 3" type="image">
     <transform x="-150" pX="0" pY="0" skX="0" skY="0" scX="1" y="-150" scY="1"/>
    </display>
    <display name="未标题-1.png 副本 4" type="image">
     <transform x="-150" pX="0" pY="0" skX="0" skY="0" scX="1" y="-150" scY="1"/>
    </display>
    <display name="未标题-1.png 副本 5" type="image">
     <transform x="-150" pX="0" pY="0" skX="0" skY="0" scX="1" y="-150" scY="1"/>
    </display>
    <display name="未标题-1.png 副本 6" type="image">
     <transform x="-150" pX="0" pY="0" skX="0" skY="0" scX="1" y="-150" scY="1"/>
    </display>
    <display name="未标题-1.png 副本 7" type="image">
     <transform x="-150" pX="0" pY="0" skX="0" skY="0" scX="1" y="-150" scY="1"/>
    </display>
    <display name="未标题-1.png 副本 8" type="image">
     <transform x="-150" pX="0" pY="0" skX="0" skY="0" scX="1" y="-150" scY="1"/>
    </display>
    <display name="未标题-1.png 副本 9" type="image">
     <transform x="-150" pX="0" pY="0" skX="0" skY="0" scX="1" y="-150" scY="1"/>
    </display>
    <display name="未标题-1.png 副本 10" type="image">
     <transform x="-150" pX="0" pY="0" skX="0" skY="0" scX="1" y="-150" scY="1"/>
    </display>
    <display name="未标题-1.png 副本 11" type="image">
     <transform x="-150" pX="0" pY="0" skX="0" skY="0" scX="1" y="-150" scY="1"/>
    </display>
    <display name="未标题-1.png 副本 12" type="image">
     <transform x="-150" pX="0" pY="0" skX="0" skY="0" scX="1" y="-150" scY="1"/>
    </display>
    <display name="未标题-1.png 副本 13" type="image">
     <transform x="-150" pX="0" pY="0" skX="0" skY="0" scX="1" y="-150" scY="1"/>
    </display>
    <display name="未标题-1.png 副本 14" type="image">
     <transform x="-150" pX="0" pY="0" skX="0" skY="0" scX="1" y="-150" scY="1"/>
    </display>
   </slot>
  </skin>
  <bone name="图层 1">
   <transform y="-79.6" skY="0" x="-4.35" scX="1" skX="0" scY="1"/>
  </bone>
  <animation name="fire" scale="1" loop="1" fadeInTime="0.3" autoTween="NaN" duration="16" tweenEasing="NaN">
   <timeline name="图层 1" scale="1" pX="0" pY="0" offset="0">
    <frame z="0" duration="1">
     <transform x="0" pX="0" pY="0" skX="0" skY="0" scX="1" y="0" scY="1"/>
    </frame>
    <frame displayIndex="1" z="0" duration="1">
     <transform x="-0.6500000000000004" pX="0" pY="0" skX="0" skY="0" scX="1" y="2.8499999999999943" scY="1"/>
    </frame>
    <frame displayIndex="2" z="0" duration="1">
     <transform x="-5" pX="0" pY="0" skX="0" skY="0" scX="1" y="-8.150000000000006" scY="1"/>
    </frame>
    <frame displayIndex="3" z="0" duration="1">
     <transform x="3.3499999999999996" pX="0" pY="0" skX="0" skY="0" scX="1" y="-7.400000000000006" scY="1"/>
    </frame>
    <frame displayIndex="4" z="0" duration="1">
     <transform x="5.35" pX="0" pY="0" skX="0" skY="0" scX="1" y="9.599999999999994" scY="1"/>
    </frame>
    <frame displayIndex="5" z="0" duration="1">
     <transform x="21.35" pX="0" pY="0" skX="0" skY="0" scX="1" y="10.599999999999994" scY="1"/>
    </frame>
    <frame displayIndex="6" z="0" duration="1">
     <transform x="6.35" pX="0" pY="0" skX="0" skY="0" scX="1" y="1.5999999999999943" scY="1"/>
    </frame>
    <frame displayIndex="7" z="0" duration="1">
     <transform x="9.1" pX="0" pY="0" skX="0" skY="0" scX="1" y="-4.8500000000000085" scY="1"/>
    </frame>
    <frame displayIndex="8" z="0" duration="1">
     <transform x="4.35" pX="0" pY="0" skX="0" skY="0" scX="1" y="-1.4000000000000057" scY="1"/>
    </frame>
    <frame displayIndex="9" z="0" duration="1">
     <transform x="19.35" pX="0" pY="0" skX="0" skY="0" scX="1" y="-7.400000000000006" scY="1"/>
    </frame>
    <frame displayIndex="10" z="0" duration="1">
     <transform x="5.35" pX="0" pY="0" skX="0" skY="0" scX="1" y="-7.400000000000006" scY="1"/>
    </frame>
    <frame displayIndex="11" z="0" duration="1">
     <transform x="1.3499999999999996" pX="0" pY="0" skX="0" skY="0" scX="1" y="-5.400000000000006" scY="1"/>
    </frame>
    <frame displayIndex="12" z="0" duration="1">
     <transform x="-1.6500000000000004" pX="0" pY="0" skX="0" skY="0" scX="1" y="-7.400000000000006" scY="1"/>
    </frame>
    <frame displayIndex="13" z="0" duration="1">
     <transform x="4.35" pX="0" pY="0" skX="0" skY="0" scX="1" y="-6.400000000000006" scY="1"/>
    </frame>
    <frame displayIndex="14" z="0" duration="1">
     <transform x="-31.65" pX="0" pY="0" skX="0" skY="0" scX="1" y="-47.400000000000006" scY="1"/>
    </frame>
    <frame displayIndex="-1" duration="1"/>
   </timeline>
   <frame duration="15"/>
   <frame duration="1"/>
  </animation>
 </armature>
 <armature name="Symbol 11291">
  <skin name="default">
   <slot name="Layer 7" z="0" parent="Layer 7">
    <display name="__dbTextures/Symbol 11291/Layer 7_0" type="image">
     <transform x="-108.5" pX="0" pY="0" skX="0" skY="0" scX="1" y="-6.5" scY="1"/>
    </display>
    <display name="__dbTextures/Symbol 11291/Layer 7_1" type="image">
     <transform x="-108.5" pX="0" pY="0" skX="0" skY="0" scX="1" y="-19" scY="1"/>
    </display>
    <display name="__dbTextures/Symbol 11291/Layer 7_2" type="image">
     <transform x="-108.5" pX="0" pY="0" skX="0" skY="0" scX="1" y="-31.5" scY="1"/>
    </display>
    <display name="__dbTextures/Symbol 11291/Layer 7_3" type="image">
     <transform x="-108.5" pX="0" pY="0" skX="0" skY="0" scX="1" y="-44" scY="1"/>
    </display>
    <display name="__dbTextures/Symbol 11291/Layer 7_4" type="image">
     <transform x="-108.5" pX="0" pY="0" skX="0" skY="0" scX="1" y="-56.5" scY="1"/>
    </display>
    <display name="__dbTextures/Symbol 11291/Layer 7_5" type="image">
     <transform x="-108.5" pX="0" pY="0" skX="0" skY="0" scX="1" y="-69" scY="1"/>
    </display>
    <display name="__dbTextures/Symbol 11291/Layer 7_10" type="image">
     <transform x="-108.5" pX="0" pY="0" skX="0" skY="0" scX="1" y="-69" scY="1"/>
    </display>
   </slot>
   <slot name="Layer 6" z="1" parent="Layer 6">
    <display name="Symbol 11286" type="image">
     <transform x="0" pX="200" pY="42" skX="0" skY="0" scX="1" y="0" scY="1"/>
    </display>
   </slot>
   <slot name="btnRestart" z="2" parent="btnRestart">
    <display name="Symbol 11290" type="armature">
     <transform scY="1" skY="0" x="0" scX="1" skX="0" y="0"/>
    </display>
   </slot>
   <slot name="btnContinue" z="3" parent="btnContinue">
    <display name="Symbol 11288" type="armature">
     <transform scY="1" skY="0" x="0" scX="1" skX="0" y="0"/>
    </display>
   </slot>
   <slot name="Layer 2" z="4" parent="Layer 2">
    <display name="Symbol 11286" type="image">
     <transform x="0" pX="200" pY="42" skX="0" skY="0" scX="1" y="0" scY="1"/>
    </display>
   </slot>
   <slot name="logo" z="5" parent="logo">
    <display name="Symbol 57" type="image">
     <transform x="0" pX="25" pY="25" skX="0" skY="0" scX="1" y="0" scY="1"/>
    </display>
   </slot>
  </skin>
  <bone name="btnContinue">
   <transform y="-21" skY="0" x="1" scX="1" skX="0" scY="1"/>
  </bone>
  <bone name="Layer 6">
   <transform y="-66" skY="0" x="0" scX="0.72" skX="0" scY="0.67"/>
  </bone>
  <bone name="btnRestart">
   <transform y="21" skY="0" x="-1" scX="1" skX="0" scY="1"/>
  </bone>
  <bone name="Layer 7">
   <transform y="-57.5" skY="0" x="0.5" scX="1" skX="0" scY="1"/>
  </bone>
  <bone name="Layer 2">
   <transform y="-30.55" skY="0" x="0" scX="0.72" skX="0" scY="0.65"/>
  </bone>
  <bone name="logo">
   <transform y="-136" skY="0" x="1.85" scX="0.38" skX="0" scY="0.38"/>
  </bone>
  <animation name="scroll" scale="1" loop="1" fadeInTime="0.3" autoTween="NaN" duration="11" tweenEasing="NaN">
   <timeline name="Layer 7" scale="1" pX="0" pY="0" offset="0">
    <frame z="0" duration="1" tweenEasing="NaN">
     <transform x="0" pX="0" pY="0" skX="0" skY="0" scX="1" y="0" scY="1"/>
    </frame>
    <frame z="0" displayIndex="1" duration="1" tweenEasing="NaN">
     <transform x="0" pX="0" pY="0" skX="0" skY="0" scX="1" y="12.5" scY="1"/>
    </frame>
    <frame z="0" displayIndex="2" duration="1" tweenEasing="NaN">
     <transform x="0" pX="0" pY="0" skX="0" skY="0" scX="1" y="25" scY="1"/>
    </frame>
    <frame z="0" displayIndex="3" duration="1" tweenEasing="NaN">
     <transform x="0" pX="0" pY="0" skX="0" skY="0" scX="1" y="37.5" scY="1"/>
    </frame>
    <frame z="0" displayIndex="4" duration="1" tweenEasing="NaN">
     <transform x="0" pX="0" pY="0" skX="0" skY="0" scX="1" y="50" scY="1"/>
    </frame>
    <frame z="0" displayIndex="5" duration="5" tweenEasing="NaN">
     <transform x="0" pX="0" pY="0" skX="0" skY="0" scX="1" y="62.5" scY="1"/>
    </frame>
    <frame z="0" displayIndex="6" duration="1" tweenEasing="NaN">
     <transform x="0" pX="0" pY="0" skX="0" skY="0" scX="1" y="62.5" scY="1"/>
    </frame>
   </timeline>
   <timeline name="Layer 6" scale="1" pX="0" pY="0" offset="0">
    <frame z="0" duration="10">
     <transform x="0" pX="0" pY="0" skX="0" skY="0" scX="1" y="0" scY="1"/>
    </frame>
    <frame z="0" duration="1">
     <transform x="0" pX="0" pY="0" skX="0" skY="0" scX="1" y="0" scY="1"/>
    </frame>
   </timeline>
   <timeline name="btnRestart" scale="1" pX="0" pY="0" offset="0">
    <frame displayIndex="-1" duration="3"/>
    <frame z="0" duration="7">
     <transform x="0" pX="0" pY="0" skX="0" skY="0" scX="1" y="0" scY="1"/>
    </frame>
    <frame z="0" duration="1">
     <transform x="0" pX="0" pY="0" skX="0" skY="0" scX="1" y="0" scY="1"/>
    </frame>
   </timeline>
   <timeline name="btnContinue" scale="1" pX="0" pY="0" offset="0">
    <frame displayIndex="-1" duration="2"/>
    <frame z="0" duration="8">
     <transform x="0" pX="0" pY="0" skX="0" skY="0" scX="1" y="0" scY="1"/>
    </frame>
    <frame z="0" duration="1">
     <transform x="0" pX="0" pY="0" skX="0" skY="0" scX="1" y="0" scY="1"/>
    </frame>
   </timeline>
   <timeline name="Layer 2" scale="1" pX="0" pY="0" offset="0">
    <frame z="0" duration="1">
     <transform x="0" pX="0" pY="0" skX="0" skY="0" scX="1" y="0" scY="1"/>
    </frame>
    <frame z="0" duration="1">
     <transform x="0" pX="0" pY="0" skX="0" skY="0" scX="1" y="19.6" scY="1.0153846153846153"/>
    </frame>
    <frame z="0" duration="1">
     <transform x="0" pX="0" pY="0" skX="0" skY="0" scX="1" y="39.2" scY="1.0153846153846153"/>
    </frame>
    <frame z="0" duration="1">
     <transform x="0" pX="0" pY="0" skX="0" skY="0" scX="1" y="58.8" scY="1.0153846153846153"/>
    </frame>
    <frame z="0" duration="1">
     <transform x="0" pX="0" pY="0" skX="0" skY="0" scX="1" y="78.4" scY="1.0307692307692309"/>
    </frame>
    <frame z="0" duration="1">
     <transform x="0" pX="0" pY="0" skX="0" skY="0" scX="1" y="98" scY="1.0307692307692309"/>
    </frame>
    <frame z="0" duration="1">
     <transform x="0" pX="0" pY="0" skX="0" skY="0" scX="1" y="102.6" scY="1.0307692307692309"/>
    </frame>
    <frame z="0" duration="1">
     <transform x="0" pX="0" pY="0" skX="0" skY="0" scX="1" y="107.25" scY="1.0307692307692309"/>
    </frame>
    <frame z="0" duration="1">
     <transform x="0" pX="0" pY="0" skX="0" skY="0" scX="1" y="102.35" scY="1.0307692307692309"/>
    </frame>
    <frame z="0" duration="1">
     <transform x="0" pX="0" pY="0" skX="0" skY="0" scX="1" y="97.55" scY="1.0307692307692309"/>
    </frame>
    <frame z="0" duration="1">
     <transform x="0" pX="0" pY="0" skX="0" skY="0" scX="1" y="97.55" scY="1.0307692307692309"/>
    </frame>
   </timeline>
   <timeline name="logo" scale="1" pX="0" pY="0" offset="0">
    <frame z="0" duration="10">
     <transform x="0" pX="0" pY="0" skX="0" skY="0" scX="1" y="0" scY="1"/>
    </frame>
    <frame z="0" duration="1">
     <transform x="0" pX="0" pY="0" skX="0" skY="0" scX="1" y="4" scY="1"/>
    </frame>
   </timeline>
   <frame duration="10"/>
   <frame duration="1"/>
  </animation>
 </armature>
 <armature name="Symbol 11290">
  <skin name="default">
   <slot name="Layer 3" z="0" parent="Layer 3">
    <display name="Symbol 11289" type="image">
     <transform x="0" pX="56.5" pY="8.9" skX="0" skY="0" scX="1" y="0" scY="1"/>
    </display>
   </slot>
   <slot name="arrow" z="1" parent="arrow">
    <display name="Symbol 6248" type="armature">
     <transform x="0" pX="0" pY="0" skX="0" skY="0" scX="1" y="0" scY="1"/>
    </display>
   </slot>
   <slot name="restartCase" z="2" parent="restartCase">
    <display name="Symbol 47" type="image">
     <transform x="0" pX="25" pY="25" skX="0" skY="0" scX="1" y="0" scY="1"/>
    </display>
   </slot>
  </skin>
  <bone name="Layer 3">
   <transform y="0" skY="0" x="0" scX="1" skX="0" scY="1"/>
  </bone>
  <bone name="arrow">
   <transform y="18.4" skY="0" x="-0.1" scX="0.7" skX="0" scY="0.7"/>
  </bone>
  <bone name="restartCase">
   <transform y="1.65" skY="0" x="-0.3" scX="2.27" skX="0" scY="0.44"/>
  </bone>
  <animation name="btnRestart" scale="1" loop="1" fadeInTime="0.3" autoTween="NaN" duration="4" tweenEasing="NaN">
   <timeline name="Layer 3" scale="1" pX="0" pY="0" offset="0">
    <frame z="0" duration="3">
     <transform x="0" pX="0" pY="0" skX="0" skY="0" scX="1" y="0" scY="1"/>
    </frame>
    <frame z="0" duration="1">
     <transform x="0" pX="0" pY="0" skX="0" skY="0" scX="1" y="0" scY="1"/>
    </frame>
   </timeline>
   <timeline name="arrow" scale="1" pX="0" pY="0" offset="0">
    <frame z="0" duration="3">
     <transform x="0" pX="0" pY="0" skX="0" skY="0" scX="1" y="0" scY="1"/>
    </frame>
    <frame z="0" duration="1">
     <transform x="0" pX="0" pY="0" skX="0" skY="0" scX="1" y="0" scY="1"/>
    </frame>
   </timeline>
   <timeline name="restartCase" scale="1" pX="0" pY="0" offset="0">
    <frame z="0" duration="3">
     <transform x="0" pX="0" pY="0" skX="0" skY="0" scX="1" y="0" scY="1"/>
    </frame>
    <frame z="0" duration="1">
     <transform x="0" pX="0" pY="0" skX="0" skY="0" scX="1" y="0" scY="1"/>
    </frame>
   </timeline>
   <frame duration="3"/>
   <frame duration="1"/>
  </animation>
 </armature>
 <armature name="Symbol 11288">
  <skin name="default">
   <slot name="Layer 3" z="0" parent="Layer 3">
    <display name="Symbol 11287" type="image">
     <transform x="0" pX="29.65" pY="12.5" skX="0" skY="0" scX="1" y="0" scY="1"/>
    </display>
   </slot>
   <slot name="arrow" z="1" parent="arrow">
    <display name="Symbol 6248" type="armature">
     <transform scY="1" skY="0" x="0" scX="1" skX="0" y="0"/>
    </display>
   </slot>
   <slot name="continueCase" z="2" parent="continueCase">
    <display name="Symbol 47" type="image">
     <transform x="0" pX="25" pY="25" skX="0" skY="0" scX="1" y="0" scY="1"/>
    </display>
   </slot>
  </skin>
  <bone name="Layer 3">
   <transform y="0" skY="0" x="0" scX="1" skX="0" scY="1"/>
  </bone>
  <bone name="arrow">
   <transform y="15.25" skY="0" x="-0.45" scX="0.7" skX="0" scY="0.7"/>
  </bone>
  <bone name="continueCase">
   <transform y="-2.15" skY="0" x="-1.45" scX="2.74" skX="0" scY="0.44"/>
  </bone>
  <animation name="btnContinue" scale="1" loop="1" fadeInTime="0.3" autoTween="NaN" duration="4" tweenEasing="NaN">
   <timeline name="Layer 3" scale="1" pX="0" pY="0" offset="0">
    <frame z="0" duration="3">
     <transform x="0" pX="0" pY="0" skX="0" skY="0" scX="1" y="0" scY="1"/>
    </frame>
    <frame z="0" duration="1">
     <transform x="0" pX="0" pY="0" skX="0" skY="0" scX="1" y="0" scY="1"/>
    </frame>
   </timeline>
   <timeline name="arrow" scale="1" pX="0" pY="0" offset="0">
    <frame z="0" duration="3">
     <transform x="0" pX="0" pY="0" skX="0" skY="0" scX="1" y="0" scY="1"/>
    </frame>
    <frame z="0" duration="1">
     <transform x="0" pX="0" pY="0" skX="0" skY="0" scX="1" y="0" scY="1"/>
    </frame>
   </timeline>
   <timeline name="continueCase" scale="1" pX="0" pY="0" offset="0">
    <frame z="0" duration="3">
     <transform x="0" pX="0" pY="0" skX="0" skY="0" scX="1" y="0" scY="1"/>
    </frame>
    <frame z="0" duration="1">
     <transform x="0" pX="0" pY="0" skX="0" skY="0" scX="1" y="0" scY="1"/>
    </frame>
   </timeline>
   <frame duration="3"/>
   <frame duration="1"/>
  </animation>
 </armature>
 <armature name="Symbol 6248">
  <skin name="default">
   <slot name="Layer 1" z="0" parent="Layer 1">
    <display name="__dbTextures/Symbol 6248/Layer 1_0" type="image">
     <transform x="-114" pX="0" pY="0" skX="0" skY="0" scX="1" y="-15" scY="1"/>
    </display>
    <display name="__dbTextures/Symbol 6248/Layer 1_1" type="image">
     <transform x="-114" pX="0" pY="0" skX="0" skY="0" scX="1" y="-15" scY="1"/>
    </display>
    <display name="__dbTextures/Symbol 6248/Layer 1_2" type="image">
     <transform x="-114" pX="0" pY="0" skX="0" skY="0" scX="1" y="-15" scY="1"/>
    </display>
    <display name="__dbTextures/Symbol 6248/Layer 1_3" type="image">
     <transform x="-114" pX="0" pY="0" skX="0" skY="0" scX="1" y="-15" scY="1"/>
    </display>
    <display name="__dbTextures/Symbol 6248/Layer 1_4" type="image">
     <transform x="-114" pX="0" pY="0" skX="0" skY="0" scX="1" y="-15" scY="1"/>
    </display>
    <display name="__dbTextures/Symbol 6248/Layer 1_5" type="image">
     <transform x="-114" pX="0" pY="0" skX="0" skY="0" scX="1" y="-15" scY="1"/>
    </display>
   </slot>
  </skin>
  <bone name="Layer 1">
   <transform y="0" skY="0" x="0" scX="1" skX="0" scY="1"/>
  </bone>
  <animation name="arrow" scale="1" loop="1" fadeInTime="0.3" autoTween="NaN" duration="6" tweenEasing="NaN">
   <timeline name="Layer 1" scale="1" pX="0" pY="0" offset="0">
    <frame z="0" duration="1" tweenEasing="NaN">
     <transform x="0" pX="0" pY="0" skX="0" skY="0" scX="1" y="0" scY="1"/>
    </frame>
    <frame z="0" displayIndex="1" duration="1" tweenEasing="NaN">
     <transform x="0" pX="0" pY="0" skX="0" skY="0" scX="1" y="0" scY="1"/>
    </frame>
    <frame z="0" displayIndex="2" duration="1" tweenEasing="NaN">
     <transform x="0" pX="0" pY="0" skX="0" skY="0" scX="1" y="0" scY="1"/>
    </frame>
    <frame z="0" displayIndex="3" duration="1" tweenEasing="NaN">
     <transform x="0" pX="0" pY="0" skX="0" skY="0" scX="1" y="0" scY="1"/>
    </frame>
    <frame z="0" displayIndex="4" duration="1" tweenEasing="NaN">
     <transform x="0" pX="0" pY="0" skX="0" skY="0" scX="1" y="0" scY="1"/>
    </frame>
    <frame z="0" displayIndex="5" duration="1" tweenEasing="NaN">
     <transform x="0" pX="0" pY="0" skX="0" skY="0" scX="1" y="0" scY="1"/>
    </frame>
   </timeline>
   <frame duration="5"/>
   <frame duration="1"/>
  </animation>
 </armature>
</root>