<TextureAtlas name="DefMenu_mc" imagePath="texture.png">
 <SubTexture name="Symbol 1571" x="0" y="0" width="700" height="500"/>
 <SubTexture name="Symbol 1600" x="702" y="0" width="700" height="500"/>
 <SubTexture name="__dbTextures/Symbol 11297/bg_0" x="1404" y="393" width="446" height="391"/>
 <SubTexture name="__dbTextures/Symbol 11297/bg_21" x="1404" y="0" width="446" height="391"/>
 <SubTexture name="Symbol 11283" x="1852" y="0" width="92" height="262"/>
 <SubTexture name="未标题-1.png" x="1812" y="988" width="200" height="200"/>
 <SubTexture name="未标题-1.png 副本" x="0" y="1106" width="200" height="200"/>
 <SubTexture name="未标题-1.png 副本 2" x="1812" y="786" width="200" height="200"/>
 <SubTexture name="未标题-1.png 副本 3" x="604" y="804" width="300" height="300"/>
 <SubTexture name="未标题-1.png 副本 4" x="1208" y="1088" width="300" height="300"/>
 <SubTexture name="未标题-1.png 副本 5" x="1208" y="786" width="300" height="300"/>
 <SubTexture name="未标题-1.png 副本 6" x="302" y="804" width="300" height="300"/>
 <SubTexture name="未标题-1.png 副本 7" x="302" y="502" width="300" height="300"/>
 <SubTexture name="未标题-1.png 副本 8" x="906" y="804" width="300" height="300"/>
 <SubTexture name="未标题-1.png 副本 9" x="1510" y="1088" width="300" height="300"/>
 <SubTexture name="未标题-1.png 副本 10" x="0" y="804" width="300" height="300"/>
 <SubTexture name="未标题-1.png 副本 11" x="906" y="502" width="300" height="300"/>
 <SubTexture name="未标题-1.png 副本 12" x="1510" y="786" width="300" height="300"/>
 <SubTexture name="未标题-1.png 副本 13" x="0" y="502" width="300" height="300"/>
 <SubTexture name="未标题-1.png 副本 14" x="604" y="502" width="300" height="300"/>
 <SubTexture name="__dbTextures/Symbol 11291/Layer 7_0" x="870" y="1310" width="217" height="14"/>
 <SubTexture name="__dbTextures/Symbol 11291/Layer 7_1" x="202" y="1283" width="217" height="39"/>
 <SubTexture name="__dbTextures/Symbol 11291/Layer 7_2" x="421" y="1246" width="217" height="64"/>
 <SubTexture name="__dbTextures/Symbol 11291/Layer 7_3" x="202" y="1193" width="217" height="88"/>
 <SubTexture name="__dbTextures/Symbol 11291/Layer 7_4" x="1812" y="1190" width="217" height="113"/>
 <SubTexture name="__dbTextures/Symbol 11291/Layer 7_5" x="823" y="1106" width="217" height="138"/>
 <SubTexture name="__dbTextures/Symbol 11291/Layer 7_10" x="604" y="1106" width="217" height="138"/>
 <SubTexture name="Symbol 11286" x="202" y="1106" width="400" height="85"/>
 <SubTexture name="Symbol 57" x="1946" y="0" width="50" height="50"/>
 <SubTexture name="Symbol 11289" x="1852" y="264" width="113" height="22"/>
 <SubTexture name="Symbol 47" x="1946" y="52" width="50" height="50"/>
 <SubTexture name="Symbol 11287" x="1946" y="104" width="57" height="21"/>
 <SubTexture name="__dbTextures/Symbol 6248/Layer 1_0" x="640" y="1310" width="228" height="30"/>
 <SubTexture name="__dbTextures/Symbol 6248/Layer 1_1" x="870" y="1278" width="228" height="30"/>
 <SubTexture name="__dbTextures/Symbol 6248/Layer 1_2" x="870" y="1246" width="228" height="30"/>
 <SubTexture name="__dbTextures/Symbol 6248/Layer 1_3" x="1812" y="1305" width="228" height="30"/>
 <SubTexture name="__dbTextures/Symbol 6248/Layer 1_4" x="640" y="1278" width="228" height="30"/>
 <SubTexture name="__dbTextures/Symbol 6248/Layer 1_5" x="640" y="1246" width="228" height="30"/>
</TextureAtlas>