{"armature":[{"skin":[{"name":"default","slot":[{"name":"shadow","z":0,"display":[{"transform":{"pX":10,"pY":10},"name":"shadow","type":"image"}],"parent":"shadow"},{"name":"contSlot","z":1,"display":[{"transform":{},"name":"contSlot","type":"armature"}],"parent":"contSlot"}]}],"name":"unit9","bone":[{"transform":{"scX":1.77,"x":1.85,"scY":0.78,"y":-1.1},"name":"shadow"},{"transform":{"x":-0.2,"scY":1.01,"y":-0.05,"skX":5.33,"skY":0.77},"name":"contSlot"}],"animation":[{"name":"cont","timeline":[{"name":"shadow","frame":[{"transform":{},"z":0,"duration":8,"tweenEasing":0},{"transform":{"scX":0.8814,"x":-3.7,"scY":0.7564,"y":0.3},"z":0,"duration":5,"tweenEasing":0},{"transform":{"scX":0.5198,"x":-1.85,"scY":0.5513,"y":1.1},"z":0,"duration":2,"tweenEasing":0},{"transform":{"scX":0.5932,"x":-1.45,"scY":0.6154,"y":0.8},"z":0,"duration":1,"tweenEasing":0},{"transform":{"scX":0.6949,"x":-1.1,"scY":0.7179,"y":0.65},"z":0,"duration":2,"tweenEasing":0},{"z":0,"transform":{"scX":0.8983,"x":-0.35,"scY":0.9103,"y":0.2},"duration":1},{"transform":{},"z":0,"duration":1,"tweenEasing":0},{"transform":{},"z":0,"duration":2,"tweenEasing":0},{"transform":{"scX":0.9831,"x":-0.5,"scY":0.9359,"y":0.25},"z":0,"duration":1,"tweenEasing":0},{"transform":{"scX":0.9718,"x":-0.65,"scY":0.9103,"y":0.4},"z":0,"duration":3,"tweenEasing":0},{"transform":{"scX":0.9435,"x":-1.35,"scY":0.8205,"y":0.85},"z":0,"duration":2,"tweenEasing":0},{"transform":{"scX":0.9209,"x":-1.85,"scY":0.7564,"y":1.1},"z":0,"duration":1,"tweenEasing":0},{"transform":{"scX":0.8475,"x":-1.85,"scY":0.7179,"y":1,"skY":0.5},"z":0,"duration":1,"tweenEasing":0},{"transform":{"scX":0.7684,"x":-1.9,"scY":0.6795,"y":0.85,"skY":1},"z":0,"duration":1,"tweenEasing":0},{"transform":{"scX":0.6949,"x":-1.85,"scY":0.6282,"y":0.8,"skY":1.51},"z":0,"duration":2,"tweenEasing":0},{"transform":{"scX":0.5424,"x":-1.85,"scY":0.5513,"y":0.6,"skY":2.51},"z":0,"duration":1,"tweenEasing":0},{"transform":{"scX":0.5198,"x":-1.85,"scY":0.5256,"y":0.6,"skY":2.5},"z":0,"duration":5,"tweenEasing":0},{"z":0,"transform":{},"duration":1},{"z":0,"transform":{},"duration":1}]},{"name":"contSlot","frame":[{"transform":{},"z":0,"duration":1,"tweenEasing":0},{"transform":{"x":-0.25,"scY":0.9901,"skX":-1.78,"skY":-0.26},"z":0,"duration":1,"tweenEasing":0},{"transform":{"x":-0.45,"scY":0.9901,"y":0.05,"skX":-3.55,"skY":-0.51},"z":0,"duration":1,"tweenEasing":0},{"transform":{"x":-0.7,"scY":0.9901,"y":0.05,"skX":-5.33,"skY":-0.77},"z":0,"duration":1,"tweenEasing":0},{"transform":{"x":-0.8,"scY":0.9901,"y":0.1,"skX":-6.41,"skY":-1.33},"z":0,"duration":3,"tweenEasing":0},{"transform":{"x":-1.35,"scY":0.9901,"y":-0.05,"skX":-10.4,"skY":-3.58},"z":0,"duration":1,"tweenEasing":0},{"transform":{"x":-1.5,"scY":0.9901,"y":-0.4,"skX":-11.66,"skY":-4.33},"z":0,"duration":1,"tweenEasing":0},{"transform":{"x":-1.3,"scY":0.9901,"y":-1.15,"skX":-10.6,"skY":-3.84},"z":0,"duration":3,"tweenEasing":0},{"transform":{"x":-0.8,"scY":0.9901,"y":-3.35,"skX":-6.67,"skY":-2.36},"z":0,"duration":1,"tweenEasing":0},{"transform":{"x":-0.8,"scY":0.9901,"y":-4,"skX":-5.8,"skY":-2.05},"z":0,"duration":2,"tweenEasing":0},{"transform":{"x":-0.55,"scY":0.9703,"y":-4,"skX":-4.06,"skY":-1.32},"z":0,"duration":4,"tweenEasing":0},{"transform":{"x":-0.15,"y":0.6,"skX":-0.82,"skY":-0.27},"z":0,"duration":1,"tweenEasing":0},{"transform":{"x":0.55,"y":0.4,"skX":2.71,"skY":2.5},"z":0,"duration":2,"tweenEasing":0},{"transform":{"x":-0.1,"scY":0.9901,"y":0.9,"skX":-2.78,"skY":0.26},"z":0,"duration":1,"tweenEasing":0},{"transform":{"x":-0.45,"scY":0.9901,"y":0.55,"skX":-5.33,"skY":-0.77},"z":0,"duration":2,"tweenEasing":0},{"transform":{"x":-0.65,"scY":0.9901,"y":0.55,"skX":-6.9,"skY":-1.08},"z":0,"duration":1,"tweenEasing":0},{"transform":{"x":-0.75,"scY":0.9901,"y":0.6,"skX":-7.69,"skY":-1.32},"z":0,"duration":2,"tweenEasing":0},{"transform":{"x":-1,"scY":0.9901,"y":0.6,"skX":-9.64,"skY":-1.82},"z":0,"duration":5,"tweenEasing":0},{"transform":{"x":-0.55,"scY":0.9901,"y":-3.85,"skX":-5.8,"skY":-2.05},"z":0,"duration":1,"tweenEasing":0},{"transform":{"x":-0.35,"scY":0.9703,"y":-4.6,"skX":-4.36,"skY":-1.32},"z":0,"duration":1,"tweenEasing":0},{"transform":{"x":-0.25,"scY":0.9703,"y":-3.65,"skX":-3.53,"skY":-0.79},"z":0,"duration":1,"tweenEasing":0},{"transform":{"x":-0.1,"scY":0.9802,"y":-2.8,"skX":-2.5,"skY":-0.26},"z":0,"duration":3,"tweenEasing":0},{"z":0,"transform":{"x":0.35,"scY":0.9901,"y":-0.1,"skX":0.77,"skY":1.51},"duration":1},{"z":0,"transform":{"x":0.35,"scY":0.9901,"y":-0.1,"skX":0.77,"skY":1.51},"duration":1}]}],"frame":[{"duration":39},{"duration":1},{"duration":1}],"autoTween":null,"fadeInTime":0.3,"duration":41,"tweenEasing":null}]},{"skin":[{"name":"default","slot":[{"name":"contSlot","z":0,"display":[{"transform":{"pX":21,"pY":35},"name":"Shape/shape 2638","type":"image"},{"transform":{"pX":21,"pY":35},"name":"Shape/shape 2640","type":"image"},{"transform":{"pX":21,"pY":35},"name":"Shape/shape 2642","type":"image"},{"transform":{"pX":21,"pY":35},"name":"Shape/shape 2644","type":"image"},{"transform":{"pX":21,"pY":35},"name":"Shape/shape 2646","type":"image"},{"transform":{"pX":21,"pY":35},"name":"Shape/shape 2648","type":"image"},{"transform":{"pX":21,"pY":35},"name":"Shape/shape 2650","type":"image"},{"transform":{"pX":21,"pY":35},"name":"Shape/shape 2652","type":"image"},{"transform":{"pX":21,"pY":35},"name":"Shape/shape 2654","type":"image"},{"transform":{"pX":21,"pY":35},"name":"Shape/shape 2656","type":"image"},{"transform":{"pX":21,"pY":35},"name":"Shape/shape 2658","type":"image"},{"transform":{"pX":21,"pY":35},"name":"Shape/shape 2660","type":"image"},{"transform":{"pX":21,"pY":35},"name":"Shape/shape 2662","type":"image"},{"transform":{"pX":21,"pY":35},"name":"Shape/shape 2664","type":"image"},{"transform":{"pX":21,"pY":35},"name":"Shape/shape 2666","type":"image"},{"transform":{"pX":19,"pY":34},"name":"Shape/shape 2668","type":"image"},{"transform":{"pX":19,"pY":34},"name":"Shape/shape 2670","type":"image"},{"transform":{"pX":19,"pY":34},"name":"Shape/shape 2672","type":"image"},{"transform":{"pX":19,"pY":34},"name":"Shape/shape 2674","type":"image"},{"transform":{"pX":19,"pY":34},"name":"Shape/shape 2676","type":"image"},{"transform":{"pX":19,"pY":34},"name":"Shape/shape 2678","type":"image"},{"transform":{"pX":19,"pY":34},"name":"Shape/shape 2680","type":"image"},{"transform":{"pX":19,"pY":34},"name":"Shape/shape 2682","type":"image"},{"transform":{"pX":19,"pY":34},"name":"Shape/shape 2684","type":"image"},{"transform":{"pX":19,"pY":34},"name":"Shape/shape 2686","type":"image"},{"transform":{"pX":19,"pY":34},"name":"Shape/shape 2688","type":"image"},{"transform":{"pX":19,"pY":34},"name":"Shape/shape 2690","type":"image"},{"transform":{"pX":19,"pY":34},"name":"Shape/shape 2692","type":"image"},{"transform":{"pX":19,"pY":34},"name":"Shape/shape 2694","type":"image"},{"transform":{"pX":19,"pY":34},"name":"Shape/shape 2696","type":"image"}],"parent":"contSlot"}]}],"name":"contSlot","bone":[{"transform":{},"name":"contSlot"}],"animation":[{"name":"dir","timeline":[{"name":"contSlot","frame":[{"z":0,"transform":{},"duration":2},{"displayIndex":1,"transform":{},"z":0,"duration":2},{"displayIndex":2,"transform":{},"z":0,"duration":2},{"displayIndex":3,"transform":{},"z":0,"duration":2},{"displayIndex":4,"transform":{},"z":0,"duration":2},{"displayIndex":5,"transform":{},"z":0,"duration":2},{"displayIndex":6,"transform":{},"z":0,"duration":2},{"displayIndex":7,"transform":{},"z":0,"duration":2},{"displayIndex":8,"transform":{},"z":0,"duration":2},{"displayIndex":9,"transform":{},"z":0,"duration":2},{"displayIndex":10,"transform":{},"z":0,"duration":2},{"displayIndex":11,"transform":{},"z":0,"duration":2},{"displayIndex":12,"transform":{},"z":0,"duration":2},{"displayIndex":13,"transform":{},"z":0,"duration":2},{"displayIndex":14,"transform":{},"z":0,"duration":2},{"displayIndex":15,"transform":{},"z":0,"duration":2},{"displayIndex":16,"transform":{},"z":0,"duration":2},{"displayIndex":17,"transform":{},"z":0,"duration":2},{"displayIndex":18,"transform":{},"z":0,"duration":2},{"displayIndex":19,"transform":{},"z":0,"duration":2},{"displayIndex":20,"transform":{},"z":0,"duration":2},{"displayIndex":21,"transform":{},"z":0,"duration":2},{"displayIndex":22,"transform":{},"z":0,"duration":2},{"displayIndex":23,"transform":{},"z":0,"duration":2},{"displayIndex":24,"transform":{},"z":0,"duration":2},{"displayIndex":25,"transform":{},"z":0,"duration":2},{"displayIndex":26,"transform":{},"z":0,"duration":2},{"displayIndex":27,"transform":{},"z":0,"duration":2},{"displayIndex":28,"transform":{},"z":0,"duration":2},{"displayIndex":29,"transform":{},"z":0,"duration":2},{"displayIndex":29,"transform":{},"z":0,"duration":1}]}],"frame":[{"duration":59},{"duration":1},{"duration":1}],"autoTween":null,"fadeInTime":0.3,"duration":61,"tweenEasing":null}]}],"name":"unit9","isGlobal":0,"frameRate":30,"version":"3.0"}