{"imagePath":"texture.png","SubTexture":[{"name":"shadow","x":230,"width":20,"y":0,"height":20},{"name":"Shape/shape 2638","x":92,"width":44,"y":0,"height":44},{"name":"Shape/shape 2640","x":46,"width":44,"y":92,"height":44},{"name":"Shape/shape 2642","x":46,"width":44,"y":0,"height":44},{"name":"Shape/shape 2644","x":0,"width":44,"y":92,"height":44},{"name":"Shape/shape 2646","x":184,"width":44,"y":92,"height":44},{"name":"Shape/shape 2648","x":138,"width":44,"y":46,"height":44},{"name":"Shape/shape 2650","x":92,"width":44,"y":92,"height":44},{"name":"Shape/shape 2652","x":184,"width":44,"y":46,"height":44},{"name":"Shape/shape 2654","x":92,"width":44,"y":46,"height":44},{"name":"Shape/shape 2656","x":138,"width":44,"y":0,"height":44},{"name":"Shape/shape 2658","x":138,"width":44,"y":92,"height":44},{"name":"Shape/shape 2660","x":184,"width":44,"y":0,"height":44},{"name":"Shape/shape 2662","x":46,"width":44,"y":46,"height":44},{"name":"Shape/shape 2664","x":0,"width":44,"y":46,"height":44},{"name":"Shape/shape 2666","x":0,"width":44,"y":0,"height":44},{"name":"Shape/shape 2668","x":172,"width":41,"y":226,"height":42},{"name":"Shape/shape 2670","x":86,"width":41,"y":226,"height":42},{"name":"Shape/shape 2672","x":129,"width":41,"y":226,"height":42},{"name":"Shape/shape 2674","x":172,"width":41,"y":182,"height":42},{"name":"Shape/shape 2676","x":86,"width":41,"y":138,"height":42},{"name":"Shape/shape 2678","x":172,"width":41,"y":138,"height":42},{"name":"Shape/shape 2680","x":0,"width":41,"y":226,"height":42},{"name":"Shape/shape 2682","x":43,"width":41,"y":182,"height":42},{"name":"Shape/shape 2684","x":43,"width":41,"y":138,"height":42},{"name":"Shape/shape 2686","x":129,"width":41,"y":138,"height":42},{"name":"Shape/shape 2688","x":129,"width":41,"y":182,"height":42},{"name":"Shape/shape 2690","x":86,"width":41,"y":182,"height":42},{"name":"Shape/shape 2692","x":0,"width":41,"y":182,"height":42},{"name":"Shape/shape 2694","x":0,"width":41,"y":138,"height":42},{"name":"Shape/shape 2696","x":43,"width":41,"y":226,"height":42}],"name":"unit9"}