<root name="Training_5_mc" isGlobal="0" frameRate="30" version="3.0">
 <armature name="Training_5_mc">
  <skin name="default">
   <slot name="Layer 1" z="0" parent="Layer 1">
    <display name="Shape/shape 5222" type="image">
     <transform x="0" pX="350" pY="250" skX="0" skY="0" scX="1" y="0" scY="1"/>
    </display>
    <display name="Sprite/sprite 5256" type="image">
     <transform x="0" pX="350" pY="250" skX="0" skY="0" scX="1" y="0" scY="1"/>
    </display>
   </slot>
   <slot name="cont" z="1" parent="cont">
    <display name="Sprite/sprite 12108" type="armature">
     <transform scY="1" skY="0" x="0" scX="1" skX="0" y="0"/>
    </display>
   </slot>
  </skin>
  <bone name="Layer 1">
   <transform y="0" skY="0" x="0" scX="1.14" skX="0" scY="1.2"/>
  </bone>
  <bone name="cont">
   <transform y="180.95" skY="0" x="0" scX="1" skX="0" scY="1"/>
  </bone>
  <animation name="Training_5_mc" scale="1" loop="1" duration="14" autoTween="NaN" fadeInTime="0.3" tweenEasing="NaN">
   <timeline name="Layer 1" scale="1" pX="0" pY="0" offset="0">
    <frame z="0" duration="6" tweenEasing="0">
     <transform x="0" pX="0" pY="0" skX="0" skY="0" scX="1" y="0" scY="1"/>
     <colorTransform bM="100" gO="0" bO="0" aM="0" rM="100" aO="0" gM="100" rO="0"/>
    </frame>
    <frame z="0" duration="1">
     <transform x="0" pX="0" pY="0" skX="0" skY="0" scX="1" y="0" scY="1"/>
    </frame>
    <frame z="0" duration="6">
     <transform x="0" pX="0" pY="0" skX="0" skY="0" scX="1" y="0" scY="1"/>
    </frame>
    <frame displayIndex="1" z="0" duration="1">
     <transform x="0" pX="0" pY="0" skX="0" skY="0" scX="1" y="0" scY="1"/>
    </frame>
   </timeline>
   <timeline name="cont" scale="1" pX="0" pY="0" offset="0">
    <frame z="0" duration="4" tweenEasing="0">
     <transform x="0" pX="0" pY="0" skX="0" skY="0" scX="1" y="0" scY="1"/>
     <colorTransform bM="100" gO="0" bO="0" aM="40" rM="100" aO="0" gM="100" rO="0"/>
    </frame>
    <frame z="0" duration="2" tweenEasing="0">
     <transform x="0" pX="0" pY="0" skX="0" skY="0" scX="1" y="-180" scY="1"/>
    </frame>
    <frame z="0" duration="3" tweenEasing="0">
     <transform x="0" pX="0" pY="0" skX="0" skY="0" scX="1.11" y="-209.64999999999998" scY="1.11"/>
    </frame>
    <frame z="0" duration="2" tweenEasing="0">
     <transform x="0" pX="0" pY="0" skX="0" skY="0" scX="0.98" y="-177" scY="0.98"/>
    </frame>
    <frame z="0" duration="2" tweenEasing="0">
     <transform x="0" pX="0" pY="0" skX="0" skY="0" scX="1.03" y="-180.45" scY="1"/>
    </frame>
    <frame z="0" duration="1">
     <transform x="0" pX="0" pY="0" skX="0" skY="0" scX="1" y="-180.95" scY="1"/>
    </frame>
   </timeline>
  </animation>
 </armature>
 <armature name="Sprite/sprite 12108">
  <skin name="default">
   <slot name="Layer 5" z="0" parent="Layer 5">
    <display name="__dbTextures/Sprite/sprite 12108/Layer 5_0" type="image">
     <transform x="-12" pX="0" pY="0" skX="0" skY="0" scX="1" y="-182" scY="1"/>
    </display>
    <display name="__dbTextures/Sprite/sprite 12108/Layer 5_1" type="image">
     <transform x="-52.15" pX="0" pY="0" skX="0" skY="0" scX="1" y="-182" scY="1"/>
    </display>
    <display name="__dbTextures/Sprite/sprite 12108/Layer 5_2" type="image">
     <transform x="-92.25" pX="0" pY="0" skX="0" skY="0" scX="1" y="-182" scY="1"/>
    </display>
    <display name="__dbTextures/Sprite/sprite 12108/Layer 5_3" type="image">
     <transform x="-132.4" pX="0" pY="0" skX="0" skY="0" scX="1" y="-182" scY="1"/>
    </display>
    <display name="__dbTextures/Sprite/sprite 12108/Layer 5_4" type="image">
     <transform x="-172.55" pX="0" pY="0" skX="0" skY="0" scX="1" y="-182" scY="1"/>
    </display>
    <display name="__dbTextures/Sprite/sprite 12108/Layer 5_5" type="image">
     <transform x="-212.7" pX="0" pY="0" skX="0" skY="0" scX="1" y="-182" scY="1"/>
    </display>
    <display name="__dbTextures/Sprite/sprite 12108/Layer 5_6" type="image">
     <transform x="-252.85" pX="0" pY="0" skX="0" skY="0" scX="1" y="-182" scY="1"/>
    </display>
    <display name="__dbTextures/Sprite/sprite 12108/Layer 5_7" type="image">
     <transform x="-293" pX="0" pY="0" skX="0" skY="0" scX="1" y="-182" scY="1"/>
    </display>
    <display name="__dbTextures/Sprite/sprite 12108/Layer 5_15" type="image">
     <transform x="-293" pX="0" pY="0" skX="0" skY="0" scX="1" y="-182" scY="1"/>
    </display>
   </slot>
   <slot name="cont1" z="1" parent="cont1">
    <display name="__dbTextures/Sprite/sprite 12108/cont1_0" type="image">
     <transform x="-16.5" pX="0" pY="0" skX="0" skY="0" scX="1" y="-169" scY="1"/>
    </display>
    <display name="__dbTextures/Sprite/sprite 12108/cont1_1" type="image">
     <transform x="-53.75" pX="0" pY="0" skX="0" skY="0" scX="1" y="-169" scY="1"/>
    </display>
    <display name="__dbTextures/Sprite/sprite 12108/cont1_2" type="image">
     <transform x="-91" pX="0" pY="0" skX="0" skY="0" scX="1" y="-169" scY="1"/>
    </display>
    <display name="__dbTextures/Sprite/sprite 12108/cont1_3" type="image">
     <transform x="-128.25" pX="0" pY="0" skX="0" skY="0" scX="1" y="-169" scY="1"/>
    </display>
    <display name="__dbTextures/Sprite/sprite 12108/cont1_4" type="image">
     <transform x="-165.5" pX="0" pY="0" skX="0" skY="0" scX="1" y="-169" scY="1"/>
    </display>
    <display name="__dbTextures/Sprite/sprite 12108/cont1_5" type="image">
     <transform x="-202.75" pX="0" pY="0" skX="0" skY="0" scX="1" y="-169" scY="1"/>
    </display>
    <display name="__dbTextures/Sprite/sprite 12108/cont1_6" type="image">
     <transform x="-240" pX="0" pY="0" skX="0" skY="0" scX="1" y="-169" scY="1"/>
    </display>
    <display name="Symbol 12107" type="armature">
     <transform scY="1" skY="0" x="0" scX="1" skX="0" y="0"/>
    </display>
   </slot>
   <slot name="Layer 2" z="2" parent="Layer 2">
    <display name="Symbol 10319" type="image">
     <transform x="0" pX="21" pY="148" skX="0" skY="0" scX="1" y="0" scY="1"/>
    </display>
   </slot>
   <slot name="Layer 1" z="3" parent="Layer 1">
    <display name="Symbol 10321" type="image">
     <transform x="0" pX="22" pY="150" skX="0" skY="0" scX="1" y="0" scY="1"/>
    </display>
   </slot>
  </skin>
  <bone name="Layer 2">
   <transform y="0" skY="0" x="11.95" scX="1.19" skX="0" scY="1.19"/>
  </bone>
  <bone name="cont1">
   <transform y="2.7" skY="0" x="-4.5" scX="1" skX="0" scY="1"/>
  </bone>
  <bone name="Layer 5">
   <transform y="3" skY="0" x="-5" scX="1" skX="0" scY="1"/>
  </bone>
  <bone name="Layer 1">
   <transform y="0" skY="0" x="-11.95" scX="1.19" skX="0" scY="1.19"/>
  </bone>
  <animation name="cont" scale="1" loop="1" fadeInTime="0.3" autoTween="NaN" duration="16" tweenEasing="NaN">
   <timeline name="Layer 5" scale="1" pX="0" pY="0" offset="0">
    <frame z="0" duration="1" tweenEasing="NaN">
     <transform x="0" pX="0" pY="0" skX="0" skY="0" scX="1" y="0" scY="1"/>
    </frame>
    <frame z="0" displayIndex="1" duration="1" tweenEasing="NaN">
     <transform x="0.8499999999999996" pX="0" pY="0" skX="0" skY="0" scX="1" y="0" scY="1"/>
    </frame>
    <frame z="0" displayIndex="2" duration="1" tweenEasing="NaN">
     <transform x="1.7000000000000002" pX="0" pY="0" skX="0" skY="0" scX="1" y="0" scY="1"/>
    </frame>
    <frame z="0" displayIndex="3" duration="1" tweenEasing="NaN">
     <transform x="2.55" pX="0" pY="0" skX="0" skY="0" scX="1" y="0" scY="1"/>
    </frame>
    <frame z="0" displayIndex="4" duration="1" tweenEasing="NaN">
     <transform x="3.4" pX="0" pY="0" skX="0" skY="0" scX="1" y="0" scY="1"/>
    </frame>
    <frame z="0" displayIndex="5" duration="1" tweenEasing="NaN">
     <transform x="4.25" pX="0" pY="0" skX="0" skY="0" scX="1" y="0" scY="1"/>
    </frame>
    <frame z="0" displayIndex="6" duration="1" tweenEasing="NaN">
     <transform x="5.15" pX="0" pY="0" skX="0" skY="0" scX="1" y="0" scY="1"/>
    </frame>
    <frame z="0" displayIndex="7" duration="8" tweenEasing="NaN">
     <transform x="6" pX="0" pY="0" skX="0" skY="0" scX="1" y="0" scY="1"/>
    </frame>
    <frame z="0" displayIndex="8" duration="1" tweenEasing="NaN">
     <transform x="6" pX="0" pY="0" skX="0" skY="0" scX="1" y="0" scY="1"/>
    </frame>
   </timeline>
   <timeline name="cont1" scale="1" pX="0" pY="0" offset="0">
    <frame z="0" duration="1" tweenEasing="NaN">
     <transform x="0" pX="0" pY="0" skX="0" skY="0" scX="1" y="0" scY="1"/>
    </frame>
    <frame z="0" displayIndex="1" duration="1" tweenEasing="NaN">
     <transform x="1.25" pX="0" pY="0" skX="0" skY="0" scX="1" y="0" scY="1"/>
    </frame>
    <frame z="0" displayIndex="2" duration="1" tweenEasing="NaN">
     <transform x="2.5" pX="0" pY="0" skX="0" skY="0" scX="1" y="0" scY="1"/>
    </frame>
    <frame z="0" displayIndex="3" duration="1" tweenEasing="NaN">
     <transform x="3.75" pX="0" pY="0" skX="0" skY="0" scX="1" y="0" scY="1"/>
    </frame>
    <frame z="0" displayIndex="4" duration="1" tweenEasing="NaN">
     <transform x="5" pX="0" pY="0" skX="0" skY="0" scX="1" y="0" scY="1"/>
    </frame>
    <frame z="0" displayIndex="5" duration="1" tweenEasing="NaN">
     <transform x="6.25" pX="0" pY="0" skX="0" skY="0" scX="1" y="0" scY="1"/>
    </frame>
    <frame z="0" displayIndex="6" duration="1" tweenEasing="NaN">
     <transform x="7.5" pX="0" pY="0" skX="0" skY="0" scX="1" y="0" scY="1"/>
    </frame>
    <frame displayIndex="7" z="0" duration="8">
     <transform x="4.5" pX="0" pY="0" skX="0" skY="0" scX="1" y="-5.7" scY="1"/>
    </frame>
    <frame displayIndex="7" z="0" duration="1">
     <transform x="4.5" pX="0" pY="0" skX="0" skY="0" scX="1" y="-5.7" scY="1"/>
    </frame>
   </timeline>
   <timeline name="Layer 2" scale="1" pX="0" pY="0" offset="0">
    <frame z="0" duration="1">
     <transform x="0" pX="0" pY="0" skX="0" skY="0" scX="1" y="0" scY="1"/>
    </frame>
    <frame z="0" duration="1">
     <transform x="37.150000000000006" pX="0" pY="0" skX="0" skY="0" scX="1" y="0" scY="1"/>
    </frame>
    <frame z="0" duration="1">
     <transform x="74.3" pX="0" pY="0" skX="0" skY="0" scX="1" y="0" scY="1"/>
    </frame>
    <frame z="0" duration="1">
     <transform x="111.45" pX="0" pY="0" skX="0" skY="0" scX="1" y="0" scY="1"/>
    </frame>
    <frame z="0" duration="1">
     <transform x="148.60000000000002" pX="0" pY="0" skX="0" skY="0" scX="1" y="0" scY="1"/>
    </frame>
    <frame z="0" duration="1">
     <transform x="185.75" pX="0" pY="0" skX="0" skY="0" scX="1" y="0" scY="1"/>
    </frame>
    <frame z="0" duration="1">
     <transform x="222.9" pX="0" pY="0" skX="0" skY="0" scX="1" y="0" scY="1"/>
    </frame>
    <frame z="0" duration="8">
     <transform x="260.05" pX="0" pY="0" skX="0" skY="0" scX="1" y="0" scY="1"/>
    </frame>
    <frame z="0" duration="1">
     <transform x="260.05" pX="0" pY="0" skX="0" skY="0" scX="1" y="0" scY="1"/>
    </frame>
   </timeline>
   <timeline name="Layer 1" scale="1" pX="0" pY="0" offset="0">
    <frame z="0" duration="1">
     <transform x="0" pX="0" pY="0" skX="0" skY="0" scX="1" y="0" scY="1"/>
    </frame>
    <frame z="0" duration="1">
     <transform x="-37" pX="0" pY="0" skX="0" skY="0" scX="1" y="0" scY="1"/>
    </frame>
    <frame z="0" duration="1">
     <transform x="-74" pX="0" pY="0" skX="0" skY="0" scX="1" y="0" scY="1"/>
    </frame>
    <frame z="0" duration="1">
     <transform x="-111" pX="0" pY="0" skX="0" skY="0" scX="1" y="0" scY="1"/>
    </frame>
    <frame z="0" duration="1">
     <transform x="-148.05" pX="0" pY="0" skX="0" skY="0" scX="1" y="0" scY="1"/>
    </frame>
    <frame z="0" duration="1">
     <transform x="-185.05" pX="0" pY="0" skX="0" skY="0" scX="1" y="0" scY="1"/>
    </frame>
    <frame z="0" duration="1">
     <transform x="-222.05" pX="0" pY="0" skX="0" skY="0" scX="1" y="0" scY="1"/>
    </frame>
    <frame z="0" duration="8">
     <transform x="-259.05" pX="0" pY="0" skX="0" skY="0" scX="1" y="0" scY="1"/>
    </frame>
    <frame z="0" duration="1">
     <transform x="-259.05" pX="0" pY="0" skX="0" skY="0" scX="1" y="0" scY="1"/>
    </frame>
   </timeline>
   <frame duration="15"/>
   <frame duration="1"/>
  </animation>
 </armature>
 <armature name="Symbol 12107">
  <skin name="default">
   <slot name="Layer 11" z="0" parent="Layer 11">
    <display name="__dbTextures/Symbol 12107/Layer 11_0" type="image">
     <transform x="-61.5" pX="0" pY="0" skX="0" skY="0" scX="1" y="-31" scY="1"/>
    </display>
    <display name="__dbTextures/Symbol 12107/Layer 11_1" type="image">
     <transform x="-81" pX="0" pY="0" skX="0" skY="0" scX="1" y="-31" scY="1"/>
    </display>
    <display name="__dbTextures/Symbol 12107/Layer 11_2" type="image">
     <transform x="-59.5" pX="0" pY="0" skX="0" skY="0" scX="1" y="-29" scY="1"/>
    </display>
    <display name="__dbTextures/Symbol 12107/Layer 11_3" type="image">
     <transform x="-86" pX="0" pY="0" skX="0" skY="0" scX="1" y="-29" scY="1"/>
    </display>
    <display name="__dbTextures/Symbol 12107/Layer 11_4" type="image">
     <transform x="-79" pX="0" pY="0" skX="0" skY="0" scX="1" y="-29" scY="1"/>
    </display>
    <display name="__dbTextures/Symbol 12107/Layer 11_5" type="image">
     <transform x="-71" pX="0" pY="0" skX="0" skY="0" scX="1" y="-29" scY="1"/>
    </display>
    <display name="__dbTextures/Symbol 12107/Layer 11_6" type="image">
     <transform x="-99.65" pX="0" pY="0" skX="0" skY="0" scX="1" y="-71.2" scY="1"/>
    </display>
    <display name="__dbTextures/Symbol 12107/Layer 11_7" type="image">
     <transform x="-67.5" pX="0" pY="0" skX="0" skY="0" scX="1" y="-29" scY="1"/>
    </display>
    <display name="__dbTextures/Symbol 12107/Layer 11_8" type="image">
     <transform x="-67.5" pX="0" pY="0" skX="0" skY="0" scX="1" y="-29" scY="1"/>
    </display>
   </slot>
   <slot name="Layer 10" z="1" parent="Layer 10">
    <display name="__dbTextures/Symbol 12107/Layer 10_0" type="image">
     <transform x="-69.25" pX="0" pY="0" skX="0" skY="0" scX="1" y="-69.75" scY="1"/>
    </display>
    <display name="__dbTextures/Symbol 12107/Layer 10_1" type="image">
     <transform x="-124.5" pX="0" pY="0" skX="0" skY="0" scX="1" y="-21.4" scY="1"/>
    </display>
    <display name="__dbTextures/Symbol 12107/Layer 10_2" type="image">
     <transform x="-112" pX="0" pY="0" skX="0" skY="0" scX="1" y="-22.5" scY="1"/>
    </display>
    <display name="__dbTextures/Symbol 12107/Layer 10_3" type="image">
     <transform x="-147" pX="0" pY="0" skX="0" skY="0" scX="1" y="-25.5" scY="1"/>
    </display>
    <display name="__dbTextures/Symbol 12107/Layer 10_4" type="image">
     <transform x="-112" pX="0" pY="0" skX="0" skY="0" scX="1" y="-22.5" scY="1"/>
    </display>
    <display name="__dbTextures/Symbol 12107/Layer 10_5" type="image">
     <transform x="-112" pX="0" pY="0" skX="0" skY="0" scX="1" y="-22.5" scY="1"/>
    </display>
    <display name="__dbTextures/Symbol 12107/Layer 10_6" type="image">
     <transform x="-95.5" pX="0" pY="0" skX="0" skY="0" scX="1" y="-24.15" scY="1"/>
    </display>
    <display name="__dbTextures/Symbol 12107/Layer 10_7" type="image">
     <transform x="-258" pX="0" pY="0" skX="0" skY="0" scX="1" y="-30" scY="1"/>
    </display>
    <display name="__dbTextures/Symbol 12107/Layer 10_8" type="image">
     <transform x="-258" pX="0" pY="0" skX="0" skY="0" scX="1" y="-30" scY="1"/>
    </display>
   </slot>
   <slot name="Layer 9" z="2" parent="Layer 9">
    <display name="__dbTextures/Symbol 12107/Layer 9_0" type="image">
     <transform x="-103" pX="0" pY="0" skX="0" skY="0" scX="1" y="-29.5" scY="1"/>
    </display>
    <display name="__dbTextures/Symbol 12107/Layer 9_6" type="image">
     <transform x="-111.5" pX="0" pY="0" skX="0" skY="0" scX="1" y="-23.5" scY="1"/>
    </display>
    <display name="Symbol 12104" type="image">
     <transform x="0" pX="237" pY="110" skX="0" skY="0" scX="1" y="0" scY="1"/>
    </display>
   </slot>
   <slot name="Layer 7" z="3" parent="Layer 7">
    <display name="Symbol 12058" type="image">
     <transform x="0" pX="174" pY="95" skX="0" skY="0" scX="1" y="0" scY="1"/>
    </display>
    <display name="Symbol 12065" type="image">
     <transform x="0" pX="212" pY="95" skX="0" skY="0" scX="1" y="0" scY="1"/>
    </display>
    <display name="Symbol 12072" type="image">
     <transform x="0" pX="214" pY="99" skX="0" skY="0" scX="1" y="0" scY="1"/>
    </display>
    <display name="Symbol 12079" type="image">
     <transform x="0" pX="202" pY="95" skX="0" skY="0" scX="1" y="0" scY="1"/>
    </display>
    <display name="Symbol 12085" type="image">
     <transform x="0" pX="212" pY="95" skX="0" skY="0" scX="1" y="0" scY="1"/>
    </display>
    <display name="Symbol 12091" type="image">
     <transform x="0" pX="212" pY="95" skX="0" skY="0" scX="1" y="0" scY="1"/>
    </display>
    <display name="Symbol 12098" type="image">
     <transform x="0" pX="212" pY="83" skX="0" skY="0" scX="1" y="0" scY="1"/>
    </display>
   </slot>
   <slot name="Layer 4" z="4" parent="Layer 4">
    <display name="Symbol 12060" type="image">
     <transform x="0" pX="-22" pY="104" skX="0" skY="0" scX="1" y="0" scY="1"/>
    </display>
    <display name="Symbol 12067" type="image">
     <transform x="0" pX="-22" pY="104" skX="0" skY="0" scX="1" y="0" scY="1"/>
    </display>
    <display name="Symbol 12074" type="image">
     <transform x="0" pX="-22" pY="104" skX="0" skY="0" scX="1" y="0" scY="1"/>
    </display>
    <display name="Symbol 12081" type="image">
     <transform x="0" pX="-22" pY="104" skX="0" skY="0" scX="1" y="0" scY="1"/>
    </display>
    <display name="Symbol 12087" type="image">
     <transform x="0" pX="-22" pY="104" skX="0" skY="0" scX="1" y="0" scY="1"/>
    </display>
    <display name="Symbol 12093" type="image">
     <transform x="0" pX="-22" pY="104" skX="0" skY="0" scX="1" y="0" scY="1"/>
    </display>
    <display name="Symbol 12099" type="image">
     <transform x="0" pX="-22" pY="104" skX="0" skY="0" scX="1" y="0" scY="1"/>
    </display>
    <display name="Symbol 12106" type="image">
     <transform x="0" pX="248" pY="120" skX="0" skY="0" scX="1" y="0" scY="1"/>
    </display>
   </slot>
   <slot name="btnOk" z="5" parent="btnOk">
    <display name="Symbol 10240" type="armature">
     <transform scY="1" skY="0" x="0" scX="1" skX="0" y="0"/>
    </display>
   </slot>
   <slot name="btnRight" z="6" parent="btnRight">
    <display name="Symbol 3975" type="armature">
     <transform scY="1" skY="0" x="0" scX="1" skX="0" y="0"/>
    </display>
   </slot>
   <slot name="btnLeft" z="7" parent="btnLeft">
    <display name="Symbol 3975" type="armature">
     <transform scY="1" skY="0" x="0" scX="1" skX="0" y="0"/>
    </display>
   </slot>
  </skin>
  <bone name="Layer 4">
   <transform y="0" skY="0" x="0" scX="1" skX="0" scY="1"/>
  </bone>
  <bone name="Layer 10">
   <transform y="-30.25" skY="0" x="-146.75" scX="1" skX="0" scY="1"/>
  </bone>
  <bone name="Layer 9">
   <transform y="62.65" skY="0" x="-134" scX="1" skX="0" scY="1"/>
  </bone>
  <bone name="Layer 7">
   <transform y="0" skY="0" x="0" scX="1" skX="0" scY="1"/>
  </bone>
  <bone name="Layer 11">
   <transform y="-132.3" skY="0" x="-12.6" scX="1" skX="0" scY="1"/>
  </bone>
  <bone name="btnOk">
   <transform y="145" skY="0" x="0" scX="1" skX="0" scY="1"/>
  </bone>
  <bone name="btnRight">
   <transform y="145" skY="0" x="200" scX="1" skX="0" scY="1"/>
  </bone>
  <bone name="btnLeft">
   <transform y="145" skY="0" x="-200" scX="-1" skX="0" scY="1"/>
  </bone>
  <animation name="cont1" scale="1" loop="1" fadeInTime="0.3" autoTween="NaN" duration="9" tweenEasing="NaN">
   <timeline name="Layer 11" scale="1" pX="0" pY="0" offset="0">
    <frame z="0" duration="1" tweenEasing="NaN">
     <transform x="0" pX="0" pY="0" skX="0" skY="0" scX="1" y="0" scY="1"/>
    </frame>
    <frame z="0" displayIndex="1" duration="1" tweenEasing="NaN">
     <transform x="6.3" pX="0" pY="0" skX="0" skY="0" scX="1" y="-3" scY="1"/>
    </frame>
    <frame z="0" displayIndex="2" duration="1" tweenEasing="NaN">
     <transform x="5.8" pX="0" pY="0" skX="0" skY="0" scX="1" y="1" scY="1"/>
    </frame>
    <frame z="0" displayIndex="3" duration="1" tweenEasing="NaN">
     <transform x="4.299999999999999" pX="0" pY="0" skX="0" skY="0" scX="1" y="3" scY="1"/>
    </frame>
    <frame z="0" displayIndex="4" duration="1" tweenEasing="NaN">
     <transform x="8.3" pX="0" pY="0" skX="0" skY="0" scX="1" y="3" scY="1"/>
    </frame>
    <frame z="0" displayIndex="5" duration="1" tweenEasing="NaN">
     <transform x="8.3" pX="0" pY="0" skX="0" skY="0" scX="1" y="-2" scY="1"/>
    </frame>
    <frame z="0" displayIndex="6" duration="1" tweenEasing="NaN">
     <transform x="144.25" pX="0" pY="0" skX="0" skY="0" scX="1" y="108.50000000000001" scY="1"/>
    </frame>
    <frame z="0" displayIndex="7" duration="1" tweenEasing="NaN">
     <transform x="9.8" pX="0" pY="0" skX="0" skY="0" scX="1" y="-8" scY="1"/>
    </frame>
    <frame z="0" displayIndex="8" duration="1" tweenEasing="NaN">
     <transform x="9.8" pX="0" pY="0" skX="0" skY="0" scX="1" y="-8" scY="1"/>
    </frame>
   </timeline>
   <timeline name="Layer 10" scale="1" pX="0" pY="0" offset="0">
    <frame z="0" duration="1" tweenEasing="NaN">
     <transform x="0" pX="0" pY="0" skX="0" skY="0" scX="1" y="0" scY="1"/>
    </frame>
    <frame z="0" displayIndex="1" duration="1" tweenEasing="NaN">
     <transform x="21.299999999999997" pX="0" pY="0" skX="0" skY="0" scX="1" y="84.8" scY="1"/>
    </frame>
    <frame z="0" displayIndex="2" duration="1" tweenEasing="NaN">
     <transform x="15.800000000000011" pX="0" pY="0" skX="0" skY="0" scX="1" y="91.9" scY="1"/>
    </frame>
    <frame z="0" displayIndex="3" duration="1" tweenEasing="NaN">
     <transform x="21.799999999999997" pX="0" pY="0" skX="0" skY="0" scX="1" y="95.8" scY="1"/>
    </frame>
    <frame z="0" displayIndex="4" duration="1" tweenEasing="NaN">
     <transform x="10.800000000000011" pX="0" pY="0" skX="0" skY="0" scX="1" y="83.9" scY="1"/>
    </frame>
    <frame z="0" displayIndex="5" duration="1" tweenEasing="NaN">
     <transform x="10.800000000000011" pX="0" pY="0" skX="0" skY="0" scX="1" y="82.9" scY="1"/>
    </frame>
    <frame z="0" displayIndex="6" duration="1" tweenEasing="NaN">
     <transform x="137.95" pX="0" pY="0" skX="0" skY="0" scX="1" y="-112.9" scY="1"/>
    </frame>
    <frame z="0" displayIndex="7" duration="1" tweenEasing="NaN">
     <transform x="149.75" pX="0" pY="0" skX="0" skY="0" scX="1" y="135.25" scY="1"/>
    </frame>
    <frame z="0" displayIndex="8" duration="1" tweenEasing="NaN">
     <transform x="149.75" pX="0" pY="0" skX="0" skY="0" scX="1" y="135.25" scY="1"/>
    </frame>
   </timeline>
   <timeline name="Layer 9" scale="1" pX="0" pY="0" offset="0">
    <frame z="0" duration="1" tweenEasing="NaN">
     <transform x="0" pX="0" pY="0" skX="0" skY="0" scX="1" y="0" scY="1"/>
    </frame>
    <frame displayIndex="-1" duration="5"/>
    <frame z="0" displayIndex="1" duration="1" tweenEasing="NaN">
     <transform x="-6.449999999999989" pX="0" pY="0" skX="0" skY="0" scX="1" y="-10" scY="1"/>
    </frame>
    <frame displayIndex="2" z="0" duration="1">
     <transform x="134" pX="0" pY="0" skX="0" skY="0" scX="1" y="-62.65" scY="1"/>
    </frame>
    <frame displayIndex="2" z="0" duration="1">
     <transform x="134" pX="0" pY="0" skX="0" skY="0" scX="1" y="-62.65" scY="1"/>
    </frame>
   </timeline>
   <timeline name="Layer 7" scale="1" pX="0" pY="0" offset="0">
    <frame z="0" duration="1">
     <transform x="0" pX="0" pY="0" skX="0" skY="0" scX="1" y="0" scY="1"/>
    </frame>
    <frame displayIndex="1" z="0" duration="1">
     <transform x="0" pX="0" pY="0" skX="0" skY="0" scX="1" y="0" scY="1"/>
    </frame>
    <frame displayIndex="2" z="0" duration="1">
     <transform x="0" pX="0" pY="0" skX="0" skY="0" scX="1" y="0" scY="1"/>
    </frame>
    <frame displayIndex="3" z="0" duration="1">
     <transform x="0" pX="0" pY="0" skX="0" skY="0" scX="1" y="0" scY="1"/>
    </frame>
    <frame displayIndex="4" z="0" duration="1">
     <transform x="0" pX="0" pY="0" skX="0" skY="0" scX="1" y="0" scY="1"/>
    </frame>
    <frame displayIndex="5" z="0" duration="1">
     <transform x="0" pX="0" pY="0" skX="0" skY="0" scX="1" y="0" scY="1"/>
    </frame>
    <frame displayIndex="6" z="0" duration="1">
     <transform x="0" pX="0" pY="0" skX="0" skY="0" scX="1" y="0" scY="1"/>
    </frame>
    <frame displayIndex="-1" duration="2"/>
   </timeline>
   <timeline name="Layer 4" scale="1" pX="0" pY="0" offset="0">
    <frame z="0" duration="1">
     <transform x="0" pX="0" pY="0" skX="0" skY="0" scX="1" y="0" scY="1"/>
    </frame>
    <frame displayIndex="1" z="0" duration="1">
     <transform x="0" pX="0" pY="0" skX="0" skY="0" scX="1" y="0" scY="1"/>
    </frame>
    <frame displayIndex="2" z="0" duration="1">
     <transform x="0" pX="0" pY="0" skX="0" skY="0" scX="1" y="0" scY="1"/>
    </frame>
    <frame displayIndex="3" z="0" duration="1">
     <transform x="0" pX="0" pY="0" skX="0" skY="0" scX="1" y="0" scY="1"/>
    </frame>
    <frame displayIndex="4" z="0" duration="1">
     <transform x="0" pX="0" pY="0" skX="0" skY="0" scX="1" y="0" scY="1"/>
    </frame>
    <frame displayIndex="5" z="0" duration="1">
     <transform x="0" pX="0" pY="0" skX="0" skY="0" scX="1" y="0" scY="1"/>
    </frame>
    <frame displayIndex="6" z="0" duration="1">
     <transform x="0" pX="0" pY="0" skX="0" skY="0" scX="1" y="0" scY="1"/>
    </frame>
    <frame displayIndex="7" z="0" duration="1">
     <transform x="0" pX="0" pY="0" skX="0" skY="0" scX="1" y="0" scY="1"/>
    </frame>
    <frame displayIndex="7" z="0" duration="1">
     <transform x="0" pX="0" pY="0" skX="0" skY="0" scX="1" y="0" scY="1"/>
    </frame>
   </timeline>
   <timeline name="btnOk" scale="1" pX="0" pY="0" offset="0">
    <frame z="0" duration="8">
     <transform x="0" pX="0" pY="0" skX="0" skY="0" scX="1" y="0" scY="1"/>
    </frame>
    <frame z="0" duration="1">
     <transform x="0" pX="0" pY="0" skX="0" skY="0" scX="1" y="0" scY="1"/>
    </frame>
   </timeline>
   <timeline name="btnRight" scale="1" pX="0" pY="0" offset="0">
    <frame z="0" duration="8">
     <transform x="0" pX="0" pY="0" skX="0" skY="0" scX="1" y="0" scY="1"/>
    </frame>
    <frame z="0" duration="1">
     <transform x="0" pX="0" pY="0" skX="0" skY="0" scX="1" y="0" scY="1"/>
    </frame>
   </timeline>
   <timeline name="btnLeft" scale="1" pX="0" pY="0" offset="0">
    <frame z="0" duration="8">
     <transform x="0" pX="0" pY="0" skX="0" skY="0" scX="1" y="0" scY="1"/>
    </frame>
    <frame z="0" duration="1">
     <transform x="0" pX="0" pY="0" skX="0" skY="0" scX="1" y="0" scY="1"/>
    </frame>
   </timeline>
   <frame duration="8"/>
   <frame duration="1"/>
  </animation>
 </armature>
 <armature name="Symbol 10240">
  <skin name="default">
   <slot name="Layer 2" z="0" parent="Layer 2">
    <display name="位图 1" type="image">
     <transform x="-52" pX="0" pY="0" skX="0" skY="0" scX="1" y="-29" scY="1"/>
    </display>
    <display name="位图 2" type="image">
     <transform x="-52" pX="0" pY="0" skX="0" skY="0" scX="1" y="-29" scY="1"/>
    </display>
    <display name="位图 3" type="image">
     <transform x="-52" pX="0" pY="0" skX="0" skY="0" scX="1" y="-29" scY="1"/>
    </display>
   </slot>
   <slot name="okCase" z="1" parent="okCase">
    <display name="Symbol 47" type="image">
     <transform x="0" pX="25" pY="25" skX="0" skY="0" scX="1" y="0" scY="1"/>
    </display>
   </slot>
  </skin>
  <bone name="Layer 2">
   <transform y="0.15" skY="0" x="-0.7" scX="1" skX="0" scY="1"/>
  </bone>
  <bone name="okCase">
   <transform y="-1.8" skY="0" x="-1.7" scX="1.22" skX="0" scY="0.67"/>
  </bone>
  <animation name="btnOk" scale="1" loop="1" fadeInTime="0.3" autoTween="NaN" duration="4" tweenEasing="NaN">
   <timeline name="Layer 2" scale="1" pX="0" pY="0" offset="0">
    <frame z="0" duration="1">
     <transform x="0" pX="0" pY="0" skX="0" skY="0" scX="1" y="0" scY="1"/>
    </frame>
    <frame displayIndex="1" z="0" duration="1">
     <transform x="0" pX="0" pY="0" skX="0" skY="0" scX="1" y="0" scY="1"/>
    </frame>
    <frame displayIndex="2" z="0" duration="2">
     <transform x="0" pX="0" pY="0" skX="0" skY="0" scX="1" y="0" scY="1"/>
    </frame>
   </timeline>
   <timeline name="okCase" scale="1" pX="0" pY="0" offset="0">
    <frame z="0" duration="3">
     <transform x="0" pX="0" pY="0" skX="0" skY="0" scX="1" y="0" scY="1"/>
    </frame>
    <frame z="0" duration="1">
     <transform x="0" pX="0" pY="0" skX="0" skY="0" scX="1" y="0" scY="1"/>
    </frame>
   </timeline>
   <frame duration="3"/>
   <frame duration="1"/>
  </animation>
 </armature>
 <armature name="Symbol 3975">
  <skin name="default">
   <slot name="Layer 2" z="0" parent="Layer 2">
    <display name="__dbTextures/Symbol 3975/Layer 2_0" type="image">
     <transform x="-22.25" pX="0" pY="0" skX="0" skY="0" scX="1" y="-17.5" scY="1"/>
    </display>
    <display name="__dbTextures/Symbol 3975/Layer 2_1" type="image">
     <transform x="-22.25" pX="0" pY="0" skX="0" skY="0" scX="1" y="-17.5" scY="1"/>
    </display>
    <display name="__dbTextures/Symbol 3975/Layer 2_2" type="image">
     <transform x="-22.25" pX="0" pY="0" skX="0" skY="0" scX="1" y="-17.5" scY="1"/>
    </display>
    <display name="__dbTextures/Symbol 3975/Layer 2_3" type="image">
     <transform x="-22.25" pX="0" pY="0" skX="0" skY="0" scX="1" y="-17.5" scY="1"/>
    </display>
   </slot>
   <slot name="arrowCase" z="1" parent="arrowCase">
    <display name="Symbol 47" type="image">
     <transform x="0" pX="25" pY="25" skX="0" skY="0" scX="1" y="0" scY="1"/>
    </display>
   </slot>
  </skin>
  <bone name="Layer 2">
   <transform y="-0.5" skY="0" x="0.25" scX="1" skX="0" scY="1"/>
  </bone>
  <bone name="arrowCase">
   <transform y="-0.45" skY="0" x="0" scX="0.76" skX="0" scY="0.6"/>
  </bone>
  <animation name="btnRight" scale="1" loop="1" fadeInTime="0.3" autoTween="NaN" duration="4" tweenEasing="NaN">
   <timeline name="Layer 2" scale="1" pX="0" pY="0" offset="0">
    <frame z="0" duration="1" tweenEasing="NaN">
     <transform x="0" pX="0" pY="0" skX="0" skY="0" scX="1" y="0" scY="1"/>
    </frame>
    <frame z="0" displayIndex="1" duration="1" tweenEasing="NaN">
     <transform x="0" pX="0" pY="0" skX="0" skY="0" scX="1" y="0" scY="1"/>
    </frame>
    <frame z="0" displayIndex="2" duration="1" tweenEasing="NaN">
     <transform x="0" pX="0" pY="0" skX="0" skY="0" scX="1" y="0" scY="1"/>
    </frame>
    <frame z="0" displayIndex="3" duration="1" tweenEasing="NaN">
     <transform x="0" pX="0" pY="0" skX="0" skY="0" scX="1" y="0" scY="1"/>
    </frame>
   </timeline>
   <timeline name="arrowCase" scale="1" pX="0" pY="0" offset="0">
    <frame z="0" duration="3">
     <transform x="0" pX="0" pY="0" skX="0" skY="0" scX="1" y="0" scY="1"/>
    </frame>
    <frame z="0" duration="1">
     <transform x="0" pX="0" pY="0" skX="0" skY="0" scX="1" y="0" scY="1"/>
    </frame>
   </timeline>
   <frame duration="3"/>
   <frame duration="1"/>
  </animation>
 </armature>
</root>