<root name="Training_5_mc" isGlobal="0" frameRate="30" version="3.0">
 <armature name="Training_5_mc">
  <skin name="default">
   <slot name="Layer 1" z="0" parent="Layer 1">
    <display name="Shape/shape 5222" type="image">
     <transform scX="1" x="0" scY="1" y="0" pX="350" pY="250" skX="0" skY="0"/>
    </display>
    <display name="Sprite/sprite 5256" type="image">
     <transform scX="1" x="0" scY="1" y="0" pX="350" pY="250" skX="0" skY="0"/>
    </display>
   </slot>
   <slot name="cont" z="1" parent="cont">
    <display name="Sprite/sprite 12108" type="armature">
     <transform scX="1" x="0" skX="0" scY="1" y="0" skY="0"/>
    </display>
   </slot>
  </skin>
  <bone name="Layer 1">
   <transform scX="1.14" x="0" skX="0" scY="1.2" y="0" skY="0"/>
  </bone>
  <bone name="cont">
   <transform scX="1" x="0" skX="0" scY="1" y="180.95" skY="0"/>
  </bone>
  <animation fadeInTime="0.3" scale="1" loop="1" autoTween="NaN" name="Training_5_mc" duration="14" tweenEasing="NaN">
   <timeline pX="0" name="Layer 1" pY="0" scale="1" offset="0">
    <frame z="0" duration="6" tweenEasing="0">
     <transform scX="1" x="0" scY="1" y="0" pX="0" pY="0" skX="0" skY="0"/>
     <colorTransform bM="100" gO="0" bO="0" aM="0" rM="100" aO="0" gM="100" rO="0"/>
    </frame>
    <frame z="0" duration="1">
     <transform scX="1" x="0" scY="1" y="0" pX="0" pY="0" skX="0" skY="0"/>
    </frame>
    <frame z="0" duration="6">
     <transform scX="1" x="0" scY="1" y="0" pX="0" pY="0" skX="0" skY="0"/>
    </frame>
    <frame displayIndex="1" z="0" duration="1">
     <transform scX="1" x="0" scY="1" y="0" pX="0" pY="0" skX="0" skY="0"/>
    </frame>
   </timeline>
   <timeline pX="0" name="cont" pY="0" scale="1" offset="0">
    <frame z="0" duration="4" tweenEasing="0">
     <transform scX="1" x="0" scY="1" y="0" pX="0" pY="0" skX="0" skY="0"/>
     <colorTransform bM="100" gO="0" bO="0" aM="40" rM="100" aO="0" gM="100" rO="0"/>
    </frame>
    <frame z="0" duration="2" tweenEasing="0">
     <transform scX="1" x="0" scY="1" y="-180" pX="0" pY="0" skX="0" skY="0"/>
    </frame>
    <frame z="0" duration="3" tweenEasing="0">
     <transform scX="1.11" x="0" scY="1.11" y="-209.64999999999998" pX="0" pY="0" skX="0" skY="0"/>
    </frame>
    <frame z="0" duration="2" tweenEasing="0">
     <transform scX="0.98" x="0" scY="0.98" y="-177" pX="0" pY="0" skX="0" skY="0"/>
    </frame>
    <frame z="0" duration="2" tweenEasing="0">
     <transform scX="1.03" x="0" scY="1" y="-180.45" pX="0" pY="0" skX="0" skY="0"/>
    </frame>
    <frame z="0" duration="1">
     <transform scX="1" x="0" scY="1" y="-180.95" pX="0" pY="0" skX="0" skY="0"/>
    </frame>
   </timeline>
  </animation>
 </armature>
 <armature name="Sprite/sprite 12108">
  <skin name="default">
   <slot name="Layer 5" z="0" parent="Layer 5">
    <display name="__dbTextures/Sprite/sprite 12108/Layer 5_0" type="image">
     <transform scX="1" x="-12" scY="1" y="-182" pX="0" pY="0" skX="0" skY="0"/>
    </display>
    <display name="__dbTextures/Sprite/sprite 12108/Layer 5_1" type="image">
     <transform scX="1" x="-52.15" scY="1" y="-182" pX="0" pY="0" skX="0" skY="0"/>
    </display>
    <display name="__dbTextures/Sprite/sprite 12108/Layer 5_2" type="image">
     <transform scX="1" x="-92.25" scY="1" y="-182" pX="0" pY="0" skX="0" skY="0"/>
    </display>
    <display name="__dbTextures/Sprite/sprite 12108/Layer 5_3" type="image">
     <transform scX="1" x="-132.4" scY="1" y="-182" pX="0" pY="0" skX="0" skY="0"/>
    </display>
    <display name="__dbTextures/Sprite/sprite 12108/Layer 5_4" type="image">
     <transform scX="1" x="-172.55" scY="1" y="-182" pX="0" pY="0" skX="0" skY="0"/>
    </display>
    <display name="__dbTextures/Sprite/sprite 12108/Layer 5_5" type="image">
     <transform scX="1" x="-212.7" scY="1" y="-182" pX="0" pY="0" skX="0" skY="0"/>
    </display>
    <display name="__dbTextures/Sprite/sprite 12108/Layer 5_6" type="image">
     <transform scX="1" x="-252.85" scY="1" y="-182" pX="0" pY="0" skX="0" skY="0"/>
    </display>
    <display name="__dbTextures/Sprite/sprite 12108/Layer 5_7" type="image">
     <transform scX="1" x="-293" scY="1" y="-182" pX="0" pY="0" skX="0" skY="0"/>
    </display>
    <display name="__dbTextures/Sprite/sprite 12108/Layer 5_15" type="image">
     <transform scX="1" x="-293" scY="1" y="-182" pX="0" pY="0" skX="0" skY="0"/>
    </display>
   </slot>
   <slot name="cont1" z="1" parent="cont1">
    <display name="__dbTextures/Sprite/sprite 12108/cont1_0" type="image">
     <transform scX="1" x="-16.5" scY="1" y="-169" pX="0" pY="0" skX="0" skY="0"/>
    </display>
    <display name="__dbTextures/Sprite/sprite 12108/cont1_1" type="image">
     <transform scX="1" x="-53.75" scY="1" y="-169" pX="0" pY="0" skX="0" skY="0"/>
    </display>
    <display name="__dbTextures/Sprite/sprite 12108/cont1_2" type="image">
     <transform scX="1" x="-91" scY="1" y="-169" pX="0" pY="0" skX="0" skY="0"/>
    </display>
    <display name="__dbTextures/Sprite/sprite 12108/cont1_3" type="image">
     <transform scX="1" x="-128.25" scY="1" y="-169" pX="0" pY="0" skX="0" skY="0"/>
    </display>
    <display name="__dbTextures/Sprite/sprite 12108/cont1_4" type="image">
     <transform scX="1" x="-165.5" scY="1" y="-169" pX="0" pY="0" skX="0" skY="0"/>
    </display>
    <display name="__dbTextures/Sprite/sprite 12108/cont1_5" type="image">
     <transform scX="1" x="-202.75" scY="1" y="-169" pX="0" pY="0" skX="0" skY="0"/>
    </display>
    <display name="__dbTextures/Sprite/sprite 12108/cont1_6" type="image">
     <transform scX="1" x="-240" scY="1" y="-169" pX="0" pY="0" skX="0" skY="0"/>
    </display>
    <display name="Symbol 12107" type="armature">
     <transform scX="1" x="0" skX="0" scY="1" y="0" skY="0"/>
    </display>
   </slot>
   <slot name="Layer 2" z="2" parent="Layer 2">
    <display name="Symbol 10319" type="image">
     <transform scX="1" x="0" scY="1" y="0" pX="21" pY="148" skX="0" skY="0"/>
    </display>
   </slot>
   <slot name="Layer 1" z="3" parent="Layer 1">
    <display name="Symbol 10321" type="image">
     <transform scX="1" x="0" scY="1" y="0" pX="22" pY="150" skX="0" skY="0"/>
    </display>
   </slot>
  </skin>
  <bone name="Layer 2">
   <transform scX="1.19" x="11.95" skX="0" scY="1.19" y="0" skY="0"/>
  </bone>
  <bone name="cont1">
   <transform scX="1" x="-4.5" skX="0" scY="1" y="2.7" skY="0"/>
  </bone>
  <bone name="Layer 5">
   <transform scX="1" x="-5" skX="0" scY="1" y="3" skY="0"/>
  </bone>
  <bone name="Layer 1">
   <transform scX="1.19" x="-11.95" skX="0" scY="1.19" y="0" skY="0"/>
  </bone>
  <animation name="cont" scale="1" loop="1" autoTween="NaN" fadeInTime="0.3" duration="16" tweenEasing="NaN">
   <timeline pX="0" name="Layer 5" pY="0" scale="1" offset="0">
    <frame z="0" duration="1" tweenEasing="NaN">
     <transform scX="1" x="0" scY="1" y="0" pX="0" pY="0" skX="0" skY="0"/>
    </frame>
    <frame z="0" displayIndex="1" duration="1" tweenEasing="NaN">
     <transform scX="1" x="0.8499999999999996" scY="1" y="0" pX="0" pY="0" skX="0" skY="0"/>
    </frame>
    <frame z="0" displayIndex="2" duration="1" tweenEasing="NaN">
     <transform scX="1" x="1.7000000000000002" scY="1" y="0" pX="0" pY="0" skX="0" skY="0"/>
    </frame>
    <frame z="0" displayIndex="3" duration="1" tweenEasing="NaN">
     <transform scX="1" x="2.55" scY="1" y="0" pX="0" pY="0" skX="0" skY="0"/>
    </frame>
    <frame z="0" displayIndex="4" duration="1" tweenEasing="NaN">
     <transform scX="1" x="3.4" scY="1" y="0" pX="0" pY="0" skX="0" skY="0"/>
    </frame>
    <frame z="0" displayIndex="5" duration="1" tweenEasing="NaN">
     <transform scX="1" x="4.25" scY="1" y="0" pX="0" pY="0" skX="0" skY="0"/>
    </frame>
    <frame z="0" displayIndex="6" duration="1" tweenEasing="NaN">
     <transform scX="1" x="5.15" scY="1" y="0" pX="0" pY="0" skX="0" skY="0"/>
    </frame>
    <frame z="0" displayIndex="7" duration="8" tweenEasing="NaN">
     <transform scX="1" x="6" scY="1" y="0" pX="0" pY="0" skX="0" skY="0"/>
    </frame>
    <frame z="0" displayIndex="8" duration="1" tweenEasing="NaN">
     <transform scX="1" x="6" scY="1" y="0" pX="0" pY="0" skX="0" skY="0"/>
    </frame>
   </timeline>
   <timeline pX="0" name="cont1" pY="0" scale="1" offset="0">
    <frame z="0" duration="1" tweenEasing="NaN">
     <transform scX="1" x="0" scY="1" y="0" pX="0" pY="0" skX="0" skY="0"/>
    </frame>
    <frame z="0" displayIndex="1" duration="1" tweenEasing="NaN">
     <transform scX="1" x="1.25" scY="1" y="0" pX="0" pY="0" skX="0" skY="0"/>
    </frame>
    <frame z="0" displayIndex="2" duration="1" tweenEasing="NaN">
     <transform scX="1" x="2.5" scY="1" y="0" pX="0" pY="0" skX="0" skY="0"/>
    </frame>
    <frame z="0" displayIndex="3" duration="1" tweenEasing="NaN">
     <transform scX="1" x="3.75" scY="1" y="0" pX="0" pY="0" skX="0" skY="0"/>
    </frame>
    <frame z="0" displayIndex="4" duration="1" tweenEasing="NaN">
     <transform scX="1" x="5" scY="1" y="0" pX="0" pY="0" skX="0" skY="0"/>
    </frame>
    <frame z="0" displayIndex="5" duration="1" tweenEasing="NaN">
     <transform scX="1" x="6.25" scY="1" y="0" pX="0" pY="0" skX="0" skY="0"/>
    </frame>
    <frame z="0" displayIndex="6" duration="1" tweenEasing="NaN">
     <transform scX="1" x="7.5" scY="1" y="0" pX="0" pY="0" skX="0" skY="0"/>
    </frame>
    <frame displayIndex="7" z="0" duration="8">
     <transform scX="1" x="4.5" scY="1" y="-5.7" pX="0" pY="0" skX="0" skY="0"/>
    </frame>
    <frame displayIndex="7" z="0" duration="1">
     <transform scX="1" x="4.5" scY="1" y="-5.7" pX="0" pY="0" skX="0" skY="0"/>
    </frame>
   </timeline>
   <timeline pX="0" name="Layer 2" pY="0" scale="1" offset="0">
    <frame z="0" duration="1">
     <transform scX="1" x="0" scY="1" y="0" pX="0" pY="0" skX="0" skY="0"/>
    </frame>
    <frame z="0" duration="1">
     <transform scX="1" x="37.150000000000006" scY="1" y="0" pX="0" pY="0" skX="0" skY="0"/>
    </frame>
    <frame z="0" duration="1">
     <transform scX="1" x="74.3" scY="1" y="0" pX="0" pY="0" skX="0" skY="0"/>
    </frame>
    <frame z="0" duration="1">
     <transform scX="1" x="111.45" scY="1" y="0" pX="0" pY="0" skX="0" skY="0"/>
    </frame>
    <frame z="0" duration="1">
     <transform scX="1" x="148.60000000000002" scY="1" y="0" pX="0" pY="0" skX="0" skY="0"/>
    </frame>
    <frame z="0" duration="1">
     <transform scX="1" x="185.75" scY="1" y="0" pX="0" pY="0" skX="0" skY="0"/>
    </frame>
    <frame z="0" duration="1">
     <transform scX="1" x="222.9" scY="1" y="0" pX="0" pY="0" skX="0" skY="0"/>
    </frame>
    <frame z="0" duration="8">
     <transform scX="1" x="260.05" scY="1" y="0" pX="0" pY="0" skX="0" skY="0"/>
    </frame>
    <frame z="0" duration="1">
     <transform scX="1" x="260.05" scY="1" y="0" pX="0" pY="0" skX="0" skY="0"/>
    </frame>
   </timeline>
   <timeline pX="0" name="Layer 1" pY="0" scale="1" offset="0">
    <frame z="0" duration="1">
     <transform scX="1" x="0" scY="1" y="0" pX="0" pY="0" skX="0" skY="0"/>
    </frame>
    <frame z="0" duration="1">
     <transform scX="1" x="-37" scY="1" y="0" pX="0" pY="0" skX="0" skY="0"/>
    </frame>
    <frame z="0" duration="1">
     <transform scX="1" x="-74" scY="1" y="0" pX="0" pY="0" skX="0" skY="0"/>
    </frame>
    <frame z="0" duration="1">
     <transform scX="1" x="-111" scY="1" y="0" pX="0" pY="0" skX="0" skY="0"/>
    </frame>
    <frame z="0" duration="1">
     <transform scX="1" x="-148.05" scY="1" y="0" pX="0" pY="0" skX="0" skY="0"/>
    </frame>
    <frame z="0" duration="1">
     <transform scX="1" x="-185.05" scY="1" y="0" pX="0" pY="0" skX="0" skY="0"/>
    </frame>
    <frame z="0" duration="1">
     <transform scX="1" x="-222.05" scY="1" y="0" pX="0" pY="0" skX="0" skY="0"/>
    </frame>
    <frame z="0" duration="8">
     <transform scX="1" x="-259.05" scY="1" y="0" pX="0" pY="0" skX="0" skY="0"/>
    </frame>
    <frame z="0" duration="1">
     <transform scX="1" x="-259.05" scY="1" y="0" pX="0" pY="0" skX="0" skY="0"/>
    </frame>
   </timeline>
   <frame duration="15"/>
   <frame duration="1"/>
  </animation>
 </armature>
 <armature name="Symbol 12107">
  <skin name="default">
   <slot name="Layer 11" z="0" parent="Layer 11">
    <display name="__dbTextures/Symbol 12107/Layer 11_0" type="image">
     <transform scX="1" x="-61.5" scY="1" y="-31" pX="0" pY="0" skX="0" skY="0"/>
    </display>
    <display name="__dbTextures/Symbol 12107/Layer 11_1" type="image">
     <transform scX="1" x="-81" scY="1" y="-31" pX="0" pY="0" skX="0" skY="0"/>
    </display>
    <display name="__dbTextures/Symbol 12107/Layer 11_2" type="image">
     <transform scX="1" x="-59.5" scY="1" y="-29" pX="0" pY="0" skX="0" skY="0"/>
    </display>
    <display name="__dbTextures/Symbol 12107/Layer 11_3" type="image">
     <transform scX="1" x="-86" scY="1" y="-29" pX="0" pY="0" skX="0" skY="0"/>
    </display>
    <display name="__dbTextures/Symbol 12107/Layer 11_4" type="image">
     <transform scX="1" x="-79" scY="1" y="-29" pX="0" pY="0" skX="0" skY="0"/>
    </display>
    <display name="__dbTextures/Symbol 12107/Layer 11_5" type="image">
     <transform scX="1" x="-71" scY="1" y="-29" pX="0" pY="0" skX="0" skY="0"/>
    </display>
    <display name="__dbTextures/Symbol 12107/Layer 11_6" type="image">
     <transform scX="1" x="-99.65" scY="1" y="-71.2" pX="0" pY="0" skX="0" skY="0"/>
    </display>
    <display name="__dbTextures/Symbol 12107/Layer 11_7" type="image">
     <transform scX="1" x="-67.5" scY="1" y="-29" pX="0" pY="0" skX="0" skY="0"/>
    </display>
    <display name="__dbTextures/Symbol 12107/Layer 11_8" type="image">
     <transform scX="1" x="-67.5" scY="1" y="-29" pX="0" pY="0" skX="0" skY="0"/>
    </display>
   </slot>
   <slot name="Layer 10" z="1" parent="Layer 10">
    <display name="__dbTextures/Symbol 12107/Layer 10_0" type="image">
     <transform scX="1" x="-69.25" scY="1" y="-69.75" pX="0" pY="0" skX="0" skY="0"/>
    </display>
    <display name="__dbTextures/Symbol 12107/Layer 10_1" type="image">
     <transform scX="1" x="-124.5" scY="1" y="-21.4" pX="0" pY="0" skX="0" skY="0"/>
    </display>
    <display name="__dbTextures/Symbol 12107/Layer 10_2" type="image">
     <transform scX="1" x="-112" scY="1" y="-22.5" pX="0" pY="0" skX="0" skY="0"/>
    </display>
    <display name="__dbTextures/Symbol 12107/Layer 10_3" type="image">
     <transform scX="1" x="-147" scY="1" y="-25.5" pX="0" pY="0" skX="0" skY="0"/>
    </display>
    <display name="__dbTextures/Symbol 12107/Layer 10_4" type="image">
     <transform scX="1" x="-112" scY="1" y="-22.5" pX="0" pY="0" skX="0" skY="0"/>
    </display>
    <display name="__dbTextures/Symbol 12107/Layer 10_5" type="image">
     <transform scX="1" x="-112" scY="1" y="-22.5" pX="0" pY="0" skX="0" skY="0"/>
    </display>
    <display name="__dbTextures/Symbol 12107/Layer 10_6" type="image">
     <transform scX="1" x="-95.5" scY="1" y="-24.15" pX="0" pY="0" skX="0" skY="0"/>
    </display>
    <display name="__dbTextures/Symbol 12107/Layer 10_7" type="image">
     <transform scX="1" x="-258" scY="1" y="-30" pX="0" pY="0" skX="0" skY="0"/>
    </display>
    <display name="__dbTextures/Symbol 12107/Layer 10_8" type="image">
     <transform scX="1" x="-258" scY="1" y="-30" pX="0" pY="0" skX="0" skY="0"/>
    </display>
   </slot>
   <slot name="Layer 9" z="2" parent="Layer 9">
    <display name="__dbTextures/Symbol 12107/Layer 9_0" type="image">
     <transform scX="1" x="-103" scY="1" y="-29.5" pX="0" pY="0" skX="0" skY="0"/>
    </display>
    <display name="__dbTextures/Symbol 12107/Layer 9_6" type="image">
     <transform scX="1" x="-111.5" scY="1" y="-23.5" pX="0" pY="0" skX="0" skY="0"/>
    </display>
    <display name="Symbol 12104" type="image">
     <transform scX="1" x="0" scY="1" y="0" pX="237" pY="110" skX="0" skY="0"/>
    </display>
   </slot>
   <slot name="Layer 7" z="3" parent="Layer 7">
    <display name="Symbol 12058" type="image">
     <transform scX="1" x="0" scY="1" y="0" pX="174" pY="95" skX="0" skY="0"/>
    </display>
    <display name="Symbol 12065" type="image">
     <transform scX="1" x="0" scY="1" y="0" pX="212" pY="95" skX="0" skY="0"/>
    </display>
    <display name="Symbol 12072" type="image">
     <transform scX="1" x="0" scY="1" y="0" pX="214" pY="99" skX="0" skY="0"/>
    </display>
    <display name="Symbol 12079" type="image">
     <transform scX="1" x="0" scY="1" y="0" pX="202" pY="95" skX="0" skY="0"/>
    </display>
    <display name="Symbol 12085" type="image">
     <transform scX="1" x="0" scY="1" y="0" pX="212" pY="95" skX="0" skY="0"/>
    </display>
    <display name="Symbol 12091" type="image">
     <transform scX="1" x="0" scY="1" y="0" pX="212" pY="95" skX="0" skY="0"/>
    </display>
    <display name="Symbol 12098" type="image">
     <transform scX="1" x="0" scY="1" y="0" pX="212" pY="83" skX="0" skY="0"/>
    </display>
   </slot>
   <slot name="Layer 4" z="4" parent="Layer 4">
    <display name="Symbol 12060" type="image">
     <transform scX="1" x="0" scY="1" y="0" pX="-22" pY="104" skX="0" skY="0"/>
    </display>
    <display name="Symbol 12067" type="image">
     <transform scX="1" x="0" scY="1" y="0" pX="-22" pY="104" skX="0" skY="0"/>
    </display>
    <display name="Symbol 12074" type="image">
     <transform scX="1" x="0" scY="1" y="0" pX="-22" pY="104" skX="0" skY="0"/>
    </display>
    <display name="Symbol 12081" type="image">
     <transform scX="1" x="0" scY="1" y="0" pX="-22" pY="104" skX="0" skY="0"/>
    </display>
    <display name="Symbol 12087" type="image">
     <transform scX="1" x="0" scY="1" y="0" pX="-22" pY="104" skX="0" skY="0"/>
    </display>
    <display name="Symbol 12093" type="image">
     <transform scX="1" x="0" scY="1" y="0" pX="-22" pY="104" skX="0" skY="0"/>
    </display>
    <display name="Symbol 12099" type="image">
     <transform scX="1" x="0" scY="1" y="0" pX="-22" pY="104" skX="0" skY="0"/>
    </display>
    <display name="Symbol 12106" type="image">
     <transform scX="1" x="0" scY="1" y="0" pX="248" pY="120" skX="0" skY="0"/>
    </display>
   </slot>
   <slot name="btnOk" z="5" parent="btnOk">
    <display name="Symbol 10240" type="armature">
     <transform scX="1" x="0" skX="0" scY="1" y="0" skY="0"/>
    </display>
   </slot>
   <slot name="btnRight" z="6" parent="btnRight">
    <display name="Symbol 3975" type="armature">
     <transform scX="1" x="0" skX="0" scY="1" y="0" skY="0"/>
    </display>
   </slot>
   <slot name="btnLeft" z="7" parent="btnLeft">
    <display name="Symbol 3975" type="armature">
     <transform scX="1" x="0" skX="0" scY="1" y="0" skY="0"/>
    </display>
   </slot>
  </skin>
  <bone name="Layer 4">
   <transform scX="1" x="0" skX="0" scY="1" y="0" skY="0"/>
  </bone>
  <bone name="Layer 10">
   <transform scX="1" x="-146.75" skX="0" scY="1" y="-30.25" skY="0"/>
  </bone>
  <bone name="Layer 9">
   <transform scX="1" x="-134" skX="0" scY="1" y="62.65" skY="0"/>
  </bone>
  <bone name="Layer 7">
   <transform scX="1" x="0" skX="0" scY="1" y="0" skY="0"/>
  </bone>
  <bone name="Layer 11">
   <transform scX="1" x="-12.6" skX="0" scY="1" y="-132.3" skY="0"/>
  </bone>
  <bone name="btnOk">
   <transform scX="1" x="0" skX="0" scY="1" y="145" skY="0"/>
  </bone>
  <bone name="btnRight">
   <transform scX="1" x="200" skX="0" scY="1" y="145" skY="0"/>
  </bone>
  <bone name="btnLeft">
   <transform scX="-1" x="-200" skX="0" scY="1" y="145" skY="0"/>
  </bone>
  <animation name="cont1" scale="1" loop="1" autoTween="NaN" fadeInTime="0.3" duration="9" tweenEasing="NaN">
   <timeline pX="0" name="Layer 11" pY="0" scale="1" offset="0">
    <frame z="0" duration="1" tweenEasing="NaN">
     <transform scX="1" x="0" scY="1" y="0" pX="0" pY="0" skX="0" skY="0"/>
    </frame>
    <frame z="0" displayIndex="1" duration="1" tweenEasing="NaN">
     <transform scX="1" x="6.3" scY="1" y="-3" pX="0" pY="0" skX="0" skY="0"/>
    </frame>
    <frame z="0" displayIndex="2" duration="1" tweenEasing="NaN">
     <transform scX="1" x="5.8" scY="1" y="1" pX="0" pY="0" skX="0" skY="0"/>
    </frame>
    <frame z="0" displayIndex="3" duration="1" tweenEasing="NaN">
     <transform scX="1" x="4.299999999999999" scY="1" y="3" pX="0" pY="0" skX="0" skY="0"/>
    </frame>
    <frame z="0" displayIndex="4" duration="1" tweenEasing="NaN">
     <transform scX="1" x="8.3" scY="1" y="3" pX="0" pY="0" skX="0" skY="0"/>
    </frame>
    <frame z="0" displayIndex="5" duration="1" tweenEasing="NaN">
     <transform scX="1" x="8.3" scY="1" y="-2" pX="0" pY="0" skX="0" skY="0"/>
    </frame>
    <frame z="0" displayIndex="6" duration="1" tweenEasing="NaN">
     <transform scX="1" x="144.25" scY="1" y="108.50000000000001" pX="0" pY="0" skX="0" skY="0"/>
    </frame>
    <frame z="0" displayIndex="7" duration="1" tweenEasing="NaN">
     <transform scX="1" x="9.8" scY="1" y="-8" pX="0" pY="0" skX="0" skY="0"/>
    </frame>
    <frame z="0" displayIndex="8" duration="1" tweenEasing="NaN">
     <transform scX="1" x="9.8" scY="1" y="-8" pX="0" pY="0" skX="0" skY="0"/>
    </frame>
   </timeline>
   <timeline pX="0" name="Layer 10" pY="0" scale="1" offset="0">
    <frame z="0" duration="1" tweenEasing="NaN">
     <transform scX="1" x="0" scY="1" y="0" pX="0" pY="0" skX="0" skY="0"/>
    </frame>
    <frame z="0" displayIndex="1" duration="1" tweenEasing="NaN">
     <transform scX="1" x="21.299999999999997" scY="1" y="84.8" pX="0" pY="0" skX="0" skY="0"/>
    </frame>
    <frame z="0" displayIndex="2" duration="1" tweenEasing="NaN">
     <transform scX="1" x="15.800000000000011" scY="1" y="91.9" pX="0" pY="0" skX="0" skY="0"/>
    </frame>
    <frame z="0" displayIndex="3" duration="1" tweenEasing="NaN">
     <transform scX="1" x="21.799999999999997" scY="1" y="95.8" pX="0" pY="0" skX="0" skY="0"/>
    </frame>
    <frame z="0" displayIndex="4" duration="1" tweenEasing="NaN">
     <transform scX="1" x="10.800000000000011" scY="1" y="83.9" pX="0" pY="0" skX="0" skY="0"/>
    </frame>
    <frame z="0" displayIndex="5" duration="1" tweenEasing="NaN">
     <transform scX="1" x="10.800000000000011" scY="1" y="82.9" pX="0" pY="0" skX="0" skY="0"/>
    </frame>
    <frame z="0" displayIndex="6" duration="1" tweenEasing="NaN">
     <transform scX="1" x="137.95" scY="1" y="-112.9" pX="0" pY="0" skX="0" skY="0"/>
    </frame>
    <frame z="0" displayIndex="7" duration="1" tweenEasing="NaN">
     <transform scX="1" x="149.75" scY="1" y="135.25" pX="0" pY="0" skX="0" skY="0"/>
    </frame>
    <frame z="0" displayIndex="8" duration="1" tweenEasing="NaN">
     <transform scX="1" x="149.75" scY="1" y="135.25" pX="0" pY="0" skX="0" skY="0"/>
    </frame>
   </timeline>
   <timeline pX="0" name="Layer 9" pY="0" scale="1" offset="0">
    <frame z="0" duration="1" tweenEasing="NaN">
     <transform scX="1" x="0" scY="1" y="0" pX="0" pY="0" skX="0" skY="0"/>
    </frame>
    <frame displayIndex="-1" duration="5"/>
    <frame z="0" displayIndex="1" duration="1" tweenEasing="NaN">
     <transform scX="1" x="-6.449999999999989" scY="1" y="-10" pX="0" pY="0" skX="0" skY="0"/>
    </frame>
    <frame displayIndex="2" z="0" duration="1">
     <transform scX="1" x="134" scY="1" y="-62.65" pX="0" pY="0" skX="0" skY="0"/>
    </frame>
    <frame displayIndex="2" z="0" duration="1">
     <transform scX="1" x="134" scY="1" y="-62.65" pX="0" pY="0" skX="0" skY="0"/>
    </frame>
   </timeline>
   <timeline pX="0" name="Layer 7" pY="0" scale="1" offset="0">
    <frame z="0" duration="1">
     <transform scX="1" x="0" scY="1" y="0" pX="0" pY="0" skX="0" skY="0"/>
    </frame>
    <frame displayIndex="1" z="0" duration="1">
     <transform scX="1" x="0" scY="1" y="0" pX="0" pY="0" skX="0" skY="0"/>
    </frame>
    <frame displayIndex="2" z="0" duration="1">
     <transform scX="1" x="0" scY="1" y="0" pX="0" pY="0" skX="0" skY="0"/>
    </frame>
    <frame displayIndex="3" z="0" duration="1">
     <transform scX="1" x="0" scY="1" y="0" pX="0" pY="0" skX="0" skY="0"/>
    </frame>
    <frame displayIndex="4" z="0" duration="1">
     <transform scX="1" x="0" scY="1" y="0" pX="0" pY="0" skX="0" skY="0"/>
    </frame>
    <frame displayIndex="5" z="0" duration="1">
     <transform scX="1" x="0" scY="1" y="0" pX="0" pY="0" skX="0" skY="0"/>
    </frame>
    <frame displayIndex="6" z="0" duration="1">
     <transform scX="1" x="0" scY="1" y="0" pX="0" pY="0" skX="0" skY="0"/>
    </frame>
    <frame displayIndex="-1" duration="2"/>
   </timeline>
   <timeline pX="0" name="Layer 4" pY="0" scale="1" offset="0">
    <frame z="0" duration="1">
     <transform scX="1" x="0" scY="1" y="0" pX="0" pY="0" skX="0" skY="0"/>
    </frame>
    <frame displayIndex="1" z="0" duration="1">
     <transform scX="1" x="0" scY="1" y="0" pX="0" pY="0" skX="0" skY="0"/>
    </frame>
    <frame displayIndex="2" z="0" duration="1">
     <transform scX="1" x="0" scY="1" y="0" pX="0" pY="0" skX="0" skY="0"/>
    </frame>
    <frame displayIndex="3" z="0" duration="1">
     <transform scX="1" x="0" scY="1" y="0" pX="0" pY="0" skX="0" skY="0"/>
    </frame>
    <frame displayIndex="4" z="0" duration="1">
     <transform scX="1" x="0" scY="1" y="0" pX="0" pY="0" skX="0" skY="0"/>
    </frame>
    <frame displayIndex="5" z="0" duration="1">
     <transform scX="1" x="0" scY="1" y="0" pX="0" pY="0" skX="0" skY="0"/>
    </frame>
    <frame displayIndex="6" z="0" duration="1">
     <transform scX="1" x="0" scY="1" y="0" pX="0" pY="0" skX="0" skY="0"/>
    </frame>
    <frame displayIndex="7" z="0" duration="1">
     <transform scX="1" x="0" scY="1" y="0" pX="0" pY="0" skX="0" skY="0"/>
    </frame>
    <frame displayIndex="7" z="0" duration="1">
     <transform scX="1" x="0" scY="1" y="0" pX="0" pY="0" skX="0" skY="0"/>
    </frame>
   </timeline>
   <timeline pX="0" name="btnOk" pY="0" scale="1" offset="0">
    <frame z="0" duration="8">
     <transform scX="1" x="0" scY="1" y="0" pX="0" pY="0" skX="0" skY="0"/>
    </frame>
    <frame z="0" duration="1">
     <transform scX="1" x="0" scY="1" y="0" pX="0" pY="0" skX="0" skY="0"/>
    </frame>
   </timeline>
   <timeline pX="0" name="btnRight" pY="0" scale="1" offset="0">
    <frame z="0" duration="8">
     <transform scX="1" x="0" scY="1" y="0" pX="0" pY="0" skX="0" skY="0"/>
    </frame>
    <frame z="0" duration="1">
     <transform scX="1" x="0" scY="1" y="0" pX="0" pY="0" skX="0" skY="0"/>
    </frame>
   </timeline>
   <timeline pX="0" name="btnLeft" pY="0" scale="1" offset="0">
    <frame z="0" duration="8">
     <transform scX="1" x="0" scY="1" y="0" pX="0" pY="0" skX="0" skY="0"/>
    </frame>
    <frame z="0" duration="1">
     <transform scX="1" x="0" scY="1" y="0" pX="0" pY="0" skX="0" skY="0"/>
    </frame>
   </timeline>
   <frame duration="8"/>
   <frame duration="1"/>
  </animation>
 </armature>
 <armature name="Symbol 10240">
  <skin name="default">
   <slot name="Layer 2" z="0" parent="Layer 2">
    <display name="__dbTextures/Symbol 10240/Layer 2_1" type="image">
     <transform scX="1" x="-52.2" scY="1" y="-29.1" pX="0" pY="0" skX="0" skY="0"/>
    </display>
    <display name="__dbTextures/Symbol 10240/Layer 2_2" type="image">
     <transform scX="1" x="-52.2" scY="1" y="-29.1" pX="0" pY="0" skX="0" skY="0"/>
    </display>
    <display name="__dbTextures/Symbol 10240/Layer 2_3" type="image">
     <transform scX="1" x="-52.2" scY="1" y="-29.1" pX="0" pY="0" skX="0" skY="0"/>
    </display>
   </slot>
   <slot name="okCase" z="1" parent="okCase">
    <display name="Symbol 47" type="image">
     <transform scX="1" x="0" scY="1" y="0" pX="25" pY="25" skX="0" skY="0"/>
    </display>
   </slot>
  </skin>
  <bone name="Layer 2">
   <transform scX="1" x="-0.5" skX="0" scY="1" y="0.25" skY="0"/>
  </bone>
  <bone name="okCase">
   <transform scX="1.22" x="-1.7" skX="0" scY="0.67" y="-1.8" skY="0"/>
  </bone>
  <animation name="btnOk" scale="1" loop="1" autoTween="NaN" fadeInTime="0.3" duration="4" tweenEasing="NaN">
   <timeline pX="0" name="Layer 2" pY="0" scale="1" offset="0">
    <frame displayIndex="-1" duration="1"/>
    <frame z="0" duration="1" tweenEasing="NaN">
     <transform scX="1" x="0" scY="1" y="0" pX="0" pY="0" skX="0" skY="0"/>
    </frame>
    <frame z="0" displayIndex="1" duration="1" tweenEasing="NaN">
     <transform scX="1" x="0" scY="1" y="0" pX="0" pY="0" skX="0" skY="0"/>
    </frame>
    <frame z="0" displayIndex="2" duration="1" tweenEasing="NaN">
     <transform scX="1" x="0" scY="1" y="0" pX="0" pY="0" skX="0" skY="0"/>
    </frame>
   </timeline>
   <timeline pX="0" name="okCase" pY="0" scale="1" offset="0">
    <frame z="0" duration="3">
     <transform scX="1" x="0" scY="1" y="0" pX="0" pY="0" skX="0" skY="0"/>
    </frame>
    <frame z="0" duration="1">
     <transform scX="1" x="0" scY="1" y="0" pX="0" pY="0" skX="0" skY="0"/>
    </frame>
   </timeline>
   <frame duration="3"/>
   <frame duration="1"/>
  </animation>
 </armature>
 <armature name="Symbol 3975">
  <skin name="default">
   <slot name="Layer 2" z="0" parent="Layer 2">
    <display name="__dbTextures/Symbol 3975/Layer 2_1" type="image">
     <transform scX="1" x="-22.25" scY="1" y="-17.5" pX="0" pY="0" skX="0" skY="0"/>
    </display>
    <display name="__dbTextures/Symbol 3975/Layer 2_2" type="image">
     <transform scX="1" x="-22.25" scY="1" y="-17.5" pX="0" pY="0" skX="0" skY="0"/>
    </display>
    <display name="__dbTextures/Symbol 3975/Layer 2_3" type="image">
     <transform scX="1" x="-22.25" scY="1" y="-17.5" pX="0" pY="0" skX="0" skY="0"/>
    </display>
   </slot>
   <slot name="arrowCase" z="1" parent="arrowCase">
    <display name="Symbol 47" type="image">
     <transform scX="1" x="0" scY="1" y="0" pX="25" pY="25" skX="0" skY="0"/>
    </display>
   </slot>
  </skin>
  <bone name="Layer 2">
   <transform scX="1" x="0.25" skX="0" scY="1" y="-0.5" skY="0"/>
  </bone>
  <bone name="arrowCase">
   <transform scX="0.76" x="0" skX="0" scY="0.6" y="-0.45" skY="0"/>
  </bone>
  <animation name="btnRight" scale="1" loop="1" autoTween="NaN" fadeInTime="0.3" duration="4" tweenEasing="NaN">
   <timeline pX="0" name="Layer 2" pY="0" scale="1" offset="0">
    <frame displayIndex="-1" duration="1"/>
    <frame z="0" duration="1" tweenEasing="NaN">
     <transform scX="1" x="0" scY="1" y="0" pX="0" pY="0" skX="0" skY="0"/>
    </frame>
    <frame z="0" displayIndex="1" duration="1" tweenEasing="NaN">
     <transform scX="1" x="0" scY="1" y="0" pX="0" pY="0" skX="0" skY="0"/>
    </frame>
    <frame z="0" displayIndex="2" duration="1" tweenEasing="NaN">
     <transform scX="1" x="0" scY="1" y="0" pX="0" pY="0" skX="0" skY="0"/>
    </frame>
   </timeline>
   <timeline pX="0" name="arrowCase" pY="0" scale="1" offset="0">
    <frame z="0" duration="3">
     <transform scX="1" x="0" scY="1" y="0" pX="0" pY="0" skX="0" skY="0"/>
    </frame>
    <frame z="0" duration="1">
     <transform scX="1" x="0" scY="1" y="0" pX="0" pY="0" skX="0" skY="0"/>
    </frame>
   </timeline>
   <frame duration="3"/>
   <frame duration="1"/>
  </animation>
 </armature>
</root>