<root name="BulletSphereTower_mc" isGlobal="0" frameRate="30" version="3.0">
 <armature name="BulletSphereTower_mc">
  <skin name="default">
   <slot name="cont" z="0" parent="cont">
    <display name="BulletFireTower_mc" type="armature">
     <transform scY="1" skY="0" x="0" scX="1" skX="0" y="0"/>
    </display>
    <display name="BulletIceTower_mc" type="armature">
     <transform scY="1" skY="0" x="0" scX="1" skX="0" y="0"/>
    </display>
    <display name="BulletStoneTower_mc" type="armature">
     <transform scY="1" skY="0" x="0" scX="1" skX="0" y="0"/>
    </display>
    <display name="BulletLevinTower_mc" type="armature">
     <transform scY="1" skY="0" x="0" scX="1" skX="0" y="0"/>
    </display>
   </slot>
  </skin>
  <bone name="cont">
   <transform y="0" skY="0" x="0" scX="1" skX="0" scY="1"/>
  </bone>
  <animation name="BulletSphereTower_mc" scale="1" loop="1" duration="4" autoTween="NaN" fadeInTime="0.3" tweenEasing="NaN">
   <timeline name="cont" scale="1" pX="0" pY="0" offset="0">
    <frame z="0" duration="1">
     <transform x="0" pX="0" pY="0" skX="0" skY="0" scX="1" y="0" scY="1"/>
    </frame>
    <frame displayIndex="1" z="0" duration="1">
     <transform x="0" pX="0" pY="0" skX="0" skY="0" scX="1" y="0" scY="1"/>
    </frame>
    <frame displayIndex="2" z="0" duration="1">
     <transform x="0" pX="0" pY="0" skX="0" skY="0" scX="1" y="0" scY="1"/>
    </frame>
    <frame displayIndex="3" z="0" duration="1">
     <transform x="0" pX="0" pY="0" skX="0" skY="0" scX="1" y="0" scY="1"/>
    </frame>
   </timeline>
  </animation>
 </armature>
 <armature name="BulletFireTower_mc">
  <skin name="default">
   <slot name="cont" z="0" parent="cont">
    <display name="Shape/shape 6340" type="image">
     <transform x="0" pX="10" pY="10" skX="0" skY="0" scX="1" y="0" scY="1"/>
    </display>
    <display name="Shape/shape 6342" type="image">
     <transform x="0" pX="10" pY="10" skX="0" skY="0" scX="1" y="0" scY="1"/>
    </display>
    <display name="Shape/shape 6344" type="image">
     <transform x="0" pX="10" pY="10" skX="0" skY="0" scX="1" y="0" scY="1"/>
    </display>
    <display name="Shape/shape 6346" type="image">
     <transform x="0" pX="10" pY="10" skX="0" skY="0" scX="1" y="0" scY="1"/>
    </display>
    <display name="Shape/shape 6348" type="image">
     <transform x="0" pX="10" pY="10" skX="0" skY="0" scX="1" y="0" scY="1"/>
    </display>
   </slot>
  </skin>
  <bone name="cont">
   <transform y="0" skY="0" x="0" scX="1" skX="0" scY="1"/>
  </bone>
  <animation name="BulletFireTower_mc" scale="1" loop="1" duration="10" autoTween="NaN" fadeInTime="0.3" tweenEasing="NaN">
   <timeline name="cont" scale="1" pX="0" pY="0" offset="0">
    <frame z="0" duration="2">
     <transform x="0" pX="0" pY="0" skX="0" skY="0" scX="1" y="0" scY="1"/>
    </frame>
    <frame displayIndex="1" z="0" duration="2">
     <transform x="0" pX="0" pY="0" skX="0" skY="0" scX="1" y="0" scY="1"/>
    </frame>
    <frame displayIndex="2" z="0" duration="2">
     <transform x="0" pX="0" pY="0" skX="0" skY="0" scX="1" y="0" scY="1"/>
    </frame>
    <frame displayIndex="3" z="0" duration="2">
     <transform x="0" pX="0" pY="0" skX="0" skY="0" scX="1" y="0" scY="1"/>
    </frame>
    <frame displayIndex="4" z="0" duration="1">
     <transform x="0" pX="0" pY="0" skX="0" skY="0" scX="1" y="0" scY="1"/>
    </frame>
    <frame displayIndex="4" z="0" duration="1">
     <transform x="0" pX="0" pY="0" skX="0" skY="0" scX="1" y="0" scY="1"/>
    </frame>
   </timeline>
  </animation>
 </armature>
 <armature name="BulletIceTower_mc">
  <skin name="default">
   <slot name="cont" z="0" parent="cont">
    <display name="Shape/shape 6292" type="image">
     <transform x="0" pX="10" pY="11" skX="0" skY="0" scX="1" y="0" scY="1"/>
    </display>
    <display name="Shape/shape 6293" type="image">
     <transform x="0" pX="10" pY="11" skX="0" skY="0" scX="1" y="0" scY="1"/>
    </display>
    <display name="Shape/shape 6294" type="image">
     <transform x="0" pX="10" pY="11" skX="0" skY="0" scX="1" y="0" scY="1"/>
    </display>
    <display name="Shape/shape 6295" type="image">
     <transform x="0" pX="10" pY="11" skX="0" skY="0" scX="1" y="0" scY="1"/>
    </display>
    <display name="Shape/shape 6296" type="image">
     <transform x="0" pX="10" pY="11" skX="0" skY="0" scX="1" y="0" scY="1"/>
    </display>
    <display name="Shape/shape 6297" type="image">
     <transform x="0" pX="10" pY="11" skX="0" skY="0" scX="1" y="0" scY="1"/>
    </display>
    <display name="Shape/shape 6298" type="image">
     <transform x="0" pX="10" pY="11" skX="0" skY="0" scX="1" y="0" scY="1"/>
    </display>
    <display name="Shape/shape 6299" type="image">
     <transform x="0" pX="10" pY="11" skX="0" skY="0" scX="1" y="0" scY="1"/>
    </display>
    <display name="Shape/shape 6300" type="image">
     <transform x="0" pX="10" pY="11" skX="0" skY="0" scX="1" y="0" scY="1"/>
    </display>
    <display name="Shape/shape 6301" type="image">
     <transform x="0" pX="10" pY="11" skX="0" skY="0" scX="1" y="0" scY="1"/>
    </display>
    <display name="Shape/shape 6302" type="image">
     <transform x="0" pX="10" pY="11" skX="0" skY="0" scX="1" y="0" scY="1"/>
    </display>
    <display name="Shape/shape 6303" type="image">
     <transform x="0" pX="10" pY="11" skX="0" skY="0" scX="1" y="0" scY="1"/>
    </display>
    <display name="Shape/shape 6304" type="image">
     <transform x="0" pX="10" pY="11" skX="0" skY="0" scX="1" y="0" scY="1"/>
    </display>
    <display name="Shape/shape 6305" type="image">
     <transform x="0" pX="10" pY="11" skX="0" skY="0" scX="1" y="0" scY="1"/>
    </display>
    <display name="Shape/shape 6306" type="image">
     <transform x="0" pX="10" pY="11" skX="0" skY="0" scX="1" y="0" scY="1"/>
    </display>
    <display name="Shape/shape 6307" type="image">
     <transform x="0" pX="10" pY="11" skX="0" skY="0" scX="1" y="0" scY="1"/>
    </display>
    <display name="Shape/shape 6308" type="image">
     <transform x="0" pX="10" pY="11" skX="0" skY="0" scX="1" y="0" scY="1"/>
    </display>
    <display name="Shape/shape 6309" type="image">
     <transform x="0" pX="10" pY="11" skX="0" skY="0" scX="1" y="0" scY="1"/>
    </display>
    <display name="Shape/shape 6310" type="image">
     <transform x="0" pX="10" pY="11" skX="0" skY="0" scX="1" y="0" scY="1"/>
    </display>
    <display name="Shape/shape 6311" type="image">
     <transform x="0" pX="10" pY="11" skX="0" skY="0" scX="1" y="0" scY="1"/>
    </display>
    <display name="Shape/shape 6312" type="image">
     <transform x="0" pX="10" pY="11" skX="0" skY="0" scX="1" y="0" scY="1"/>
    </display>
    <display name="Shape/shape 6313" type="image">
     <transform x="0" pX="10" pY="11" skX="0" skY="0" scX="1" y="0" scY="1"/>
    </display>
    <display name="Shape/shape 6314" type="image">
     <transform x="0" pX="10" pY="11" skX="0" skY="0" scX="1" y="0" scY="1"/>
    </display>
    <display name="Shape/shape 6315" type="image">
     <transform x="0" pX="10" pY="11" skX="0" skY="0" scX="1" y="0" scY="1"/>
    </display>
    <display name="Shape/shape 6316" type="image">
     <transform x="0" pX="10" pY="11" skX="0" skY="0" scX="1" y="0" scY="1"/>
    </display>
   </slot>
  </skin>
  <bone name="cont">
   <transform y="0" skY="0" x="0" scX="1" skX="0" scY="1"/>
  </bone>
  <animation name="BulletIceTower_mc" scale="1" loop="1" duration="50" autoTween="NaN" fadeInTime="0.3" tweenEasing="NaN">
   <timeline name="cont" scale="1" pX="0" pY="0" offset="0">
    <frame z="0" duration="2">
     <transform x="0" pX="0" pY="0" skX="0" skY="0" scX="1" y="0" scY="1"/>
    </frame>
    <frame displayIndex="1" z="0" duration="2">
     <transform x="0" pX="0" pY="0" skX="0" skY="0" scX="1" y="0" scY="1"/>
    </frame>
    <frame displayIndex="2" z="0" duration="2">
     <transform x="0" pX="0" pY="0" skX="0" skY="0" scX="1" y="0" scY="1"/>
    </frame>
    <frame displayIndex="3" z="0" duration="2">
     <transform x="0" pX="0" pY="0" skX="0" skY="0" scX="1" y="0" scY="1"/>
    </frame>
    <frame displayIndex="4" z="0" duration="2">
     <transform x="0" pX="0" pY="0" skX="0" skY="0" scX="1" y="0" scY="1"/>
    </frame>
    <frame displayIndex="5" z="0" duration="2">
     <transform x="0" pX="0" pY="0" skX="0" skY="0" scX="1" y="0" scY="1"/>
    </frame>
    <frame displayIndex="6" z="0" duration="2">
     <transform x="0" pX="0" pY="0" skX="0" skY="0" scX="1" y="0" scY="1"/>
    </frame>
    <frame displayIndex="7" z="0" duration="2">
     <transform x="0" pX="0" pY="0" skX="0" skY="0" scX="1" y="0" scY="1"/>
    </frame>
    <frame displayIndex="8" z="0" duration="2">
     <transform x="0" pX="0" pY="0" skX="0" skY="0" scX="1" y="0" scY="1"/>
    </frame>
    <frame displayIndex="9" z="0" duration="2">
     <transform x="0" pX="0" pY="0" skX="0" skY="0" scX="1" y="0" scY="1"/>
    </frame>
    <frame displayIndex="10" z="0" duration="2">
     <transform x="0" pX="0" pY="0" skX="0" skY="0" scX="1" y="0" scY="1"/>
    </frame>
    <frame displayIndex="11" z="0" duration="2">
     <transform x="0" pX="0" pY="0" skX="0" skY="0" scX="1" y="0" scY="1"/>
    </frame>
    <frame displayIndex="12" z="0" duration="2">
     <transform x="0" pX="0" pY="0" skX="0" skY="0" scX="1" y="0" scY="1"/>
    </frame>
    <frame displayIndex="13" z="0" duration="2">
     <transform x="0" pX="0" pY="0" skX="0" skY="0" scX="1" y="0" scY="1"/>
    </frame>
    <frame displayIndex="14" z="0" duration="2">
     <transform x="0" pX="0" pY="0" skX="0" skY="0" scX="1" y="0" scY="1"/>
    </frame>
    <frame displayIndex="15" z="0" duration="2">
     <transform x="0" pX="0" pY="0" skX="0" skY="0" scX="1" y="0" scY="1"/>
    </frame>
    <frame displayIndex="16" z="0" duration="2">
     <transform x="0" pX="0" pY="0" skX="0" skY="0" scX="1" y="0" scY="1"/>
    </frame>
    <frame displayIndex="17" z="0" duration="2">
     <transform x="0" pX="0" pY="0" skX="0" skY="0" scX="1" y="0" scY="1"/>
    </frame>
    <frame displayIndex="18" z="0" duration="2">
     <transform x="0" pX="0" pY="0" skX="0" skY="0" scX="1" y="0" scY="1"/>
    </frame>
    <frame displayIndex="19" z="0" duration="2">
     <transform x="0" pX="0" pY="0" skX="0" skY="0" scX="1" y="0" scY="1"/>
    </frame>
    <frame displayIndex="20" z="0" duration="2">
     <transform x="0" pX="0" pY="0" skX="0" skY="0" scX="1" y="0" scY="1"/>
    </frame>
    <frame displayIndex="21" z="0" duration="2">
     <transform x="0" pX="0" pY="0" skX="0" skY="0" scX="1" y="0" scY="1"/>
    </frame>
    <frame displayIndex="22" z="0" duration="2">
     <transform x="0" pX="0" pY="0" skX="0" skY="0" scX="1" y="0" scY="1"/>
    </frame>
    <frame displayIndex="23" z="0" duration="2">
     <transform x="0" pX="0" pY="0" skX="0" skY="0" scX="1" y="0" scY="1"/>
    </frame>
    <frame displayIndex="24" z="0" duration="1">
     <transform x="0" pX="0" pY="0" skX="0" skY="0" scX="1" y="0" scY="1"/>
    </frame>
    <frame displayIndex="24" z="0" duration="1">
     <transform x="0" pX="0" pY="0" skX="0" skY="0" scX="1" y="0" scY="1"/>
    </frame>
   </timeline>
  </animation>
 </armature>
 <armature name="BulletStoneTower_mc">
  <skin name="default">
   <slot name="cont" z="0" parent="cont">
    <display name="Shape/shape 4305" type="image">
     <transform x="0" pX="12" pY="10" skX="0" skY="0" scX="1" y="0" scY="1"/>
    </display>
    <display name="Shape/shape 4307" type="image">
     <transform x="0" pX="11" pY="10" skX="0" skY="0" scX="1" y="0" scY="1"/>
    </display>
    <display name="Shape/shape 4309" type="image">
     <transform x="0" pX="11" pY="10" skX="0" skY="0" scX="1" y="0" scY="1"/>
    </display>
    <display name="Shape/shape 4311" type="image">
     <transform x="0" pX="11" pY="10" skX="0" skY="0" scX="1" y="0" scY="1"/>
    </display>
    <display name="Shape/shape 4313" type="image">
     <transform x="0" pX="11" pY="10" skX="0" skY="0" scX="1" y="0" scY="1"/>
    </display>
    <display name="Shape/shape 4315" type="image">
     <transform x="0" pX="12" pY="10" skX="0" skY="0" scX="1" y="0" scY="1"/>
    </display>
    <display name="Shape/shape 4316" type="image">
     <transform x="0" pX="11" pY="10" skX="0" skY="0" scX="1" y="0" scY="1"/>
    </display>
    <display name="Shape/shape 4317" type="image">
     <transform x="0" pX="11" pY="10" skX="0" skY="0" scX="1" y="0" scY="1"/>
    </display>
    <display name="Shape/shape 4318" type="image">
     <transform x="0" pX="11" pY="10" skX="0" skY="0" scX="1" y="0" scY="1"/>
    </display>
    <display name="Shape/shape 4319" type="image">
     <transform x="0" pX="11" pY="10" skX="0" skY="0" scX="1" y="0" scY="1"/>
    </display>
    <display name="Shape/shape 4320" type="image">
     <transform x="0" pX="12" pY="10" skX="0" skY="0" scX="1" y="0" scY="1"/>
    </display>
    <display name="Shape/shape 4322" type="image">
     <transform x="0" pX="12" pY="11" skX="0" skY="0" scX="1" y="0" scY="1"/>
    </display>
    <display name="Shape/shape 4324" type="image">
     <transform x="0" pX="12" pY="10" skX="0" skY="0" scX="1" y="0" scY="1"/>
    </display>
    <display name="Shape/shape 4326" type="image">
     <transform x="0" pX="12" pY="10" skX="0" skY="0" scX="1" y="0" scY="1"/>
    </display>
    <display name="Shape/shape 4328" type="image">
     <transform x="0" pX="11" pY="10" skX="0" skY="0" scX="1" y="0" scY="1"/>
    </display>
    <display name="Shape/shape 4330" type="image">
     <transform x="0" pX="11" pY="10" skX="0" skY="0" scX="1" y="0" scY="1"/>
    </display>
    <display name="Shape/shape 4332" type="image">
     <transform x="0" pX="11" pY="11" skX="0" skY="0" scX="1" y="0" scY="1"/>
    </display>
    <display name="Shape/shape 4333" type="image">
     <transform x="0" pX="11" pY="10" skX="0" skY="0" scX="1" y="0" scY="1"/>
    </display>
    <display name="Shape/shape 4334" type="image">
     <transform x="0" pX="11" pY="10" skX="0" skY="0" scX="1" y="0" scY="1"/>
    </display>
    <display name="Shape/shape 4336" type="image">
     <transform x="0" pX="12" pY="10" skX="0" skY="0" scX="1" y="0" scY="1"/>
    </display>
    <display name="Shape/shape 4337" type="image">
     <transform x="0" pX="12" pY="11" skX="0" skY="0" scX="1" y="0" scY="1"/>
    </display>
   </slot>
  </skin>
  <bone name="cont">
   <transform y="-0.85" skY="0" x="-0.2" scX="0.65" skX="0" scY="0.65"/>
  </bone>
  <animation name="BulletStoneTower_mc" scale="1" loop="1" duration="44" autoTween="NaN" fadeInTime="0.3" tweenEasing="NaN">
   <timeline name="cont" scale="1" pX="0" pY="0" offset="0">
    <frame z="0" duration="2">
     <transform x="0" pX="0" pY="0" skX="0" skY="0" scX="1" y="0" scY="1"/>
    </frame>
    <frame displayIndex="1" z="0" duration="2">
     <transform x="0" pX="0" pY="0" skX="0" skY="0" scX="1" y="0" scY="1"/>
    </frame>
    <frame displayIndex="2" z="0" duration="2">
     <transform x="0" pX="0" pY="0" skX="0" skY="0" scX="1" y="0" scY="1"/>
    </frame>
    <frame displayIndex="3" z="0" duration="2">
     <transform x="0" pX="0" pY="0" skX="0" skY="0" scX="1" y="0" scY="1"/>
    </frame>
    <frame displayIndex="4" z="0" duration="2">
     <transform x="0" pX="0" pY="0" skX="0" skY="0" scX="1" y="0" scY="1"/>
    </frame>
    <frame displayIndex="5" z="0" duration="3">
     <transform x="0" pX="0" pY="0" skX="0" skY="0" scX="1" y="0" scY="1"/>
    </frame>
    <frame displayIndex="6" z="0" duration="2">
     <transform x="0" pX="0" pY="0" skX="0" skY="0" scX="1" y="0" scY="1"/>
    </frame>
    <frame displayIndex="7" z="0" duration="2">
     <transform x="0" pX="0" pY="0" skX="0" skY="0" scX="1" y="0" scY="1"/>
    </frame>
    <frame displayIndex="8" z="0" duration="2">
     <transform x="0" pX="0" pY="0" skX="0" skY="0" scX="1" y="0" scY="1"/>
    </frame>
    <frame displayIndex="9" z="0" duration="2">
     <transform x="0" pX="0" pY="0" skX="0" skY="0" scX="1" y="0" scY="1"/>
    </frame>
    <frame displayIndex="10" z="0" duration="2">
     <transform x="0" pX="0" pY="0" skX="0" skY="0" scX="1" y="0" scY="1"/>
    </frame>
    <frame displayIndex="11" z="0" duration="2">
     <transform x="0" pX="0" pY="0" skX="0" skY="0" scX="1" y="0" scY="1"/>
    </frame>
    <frame displayIndex="12" z="0" duration="2">
     <transform x="0" pX="0" pY="0" skX="0" skY="0" scX="1" y="0" scY="1"/>
    </frame>
    <frame displayIndex="13" z="0" duration="2">
     <transform x="0" pX="0" pY="0" skX="0" skY="0" scX="1" y="0" scY="1"/>
    </frame>
    <frame displayIndex="14" z="0" duration="2">
     <transform x="0" pX="0" pY="0" skX="0" skY="0" scX="1" y="0" scY="1"/>
    </frame>
    <frame displayIndex="15" z="0" duration="2">
     <transform x="0" pX="0" pY="0" skX="0" skY="0" scX="1" y="0" scY="1"/>
    </frame>
    <frame displayIndex="16" z="0" duration="3">
     <transform x="0" pX="0" pY="0" skX="0" skY="0" scX="1" y="0" scY="1"/>
    </frame>
    <frame displayIndex="17" z="0" duration="2">
     <transform x="0" pX="0" pY="0" skX="0" skY="0" scX="1" y="0" scY="1"/>
    </frame>
    <frame displayIndex="18" z="0" duration="2">
     <transform x="0" pX="0" pY="0" skX="0" skY="0" scX="1" y="0" scY="1"/>
    </frame>
    <frame displayIndex="19" z="0" duration="2">
     <transform x="0" pX="0" pY="0" skX="0" skY="0" scX="1" y="0" scY="1"/>
    </frame>
    <frame displayIndex="20" z="0" duration="1">
     <transform x="0" pX="0" pY="0" skX="0" skY="0" scX="1" y="0" scY="1"/>
    </frame>
    <frame displayIndex="20" z="0" duration="1">
     <transform x="0" pX="0" pY="0" skX="0" skY="0" scX="1" y="0" scY="1"/>
    </frame>
   </timeline>
  </animation>
 </armature>
 <armature name="BulletLevinTower_mc">
  <skin name="default">
   <slot name="cont" z="0" parent="cont">
    <display name="Shape/shape 4340" type="image">
     <transform x="0" pX="20" pY="20" skX="0" skY="0" scX="1" y="0" scY="1"/>
    </display>
    <display name="Shape/shape 4342" type="image">
     <transform x="0" pX="20" pY="20" skX="0" skY="0" scX="1" y="0" scY="1"/>
    </display>
    <display name="Shape/shape 4344" type="image">
     <transform x="0" pX="20" pY="20" skX="0" skY="0" scX="1" y="0" scY="1"/>
    </display>
    <display name="Shape/shape 4346" type="image">
     <transform x="0" pX="20" pY="20" skX="0" skY="0" scX="1" y="0" scY="1"/>
    </display>
    <display name="Shape/shape 4348" type="image">
     <transform x="0" pX="20" pY="20" skX="0" skY="0" scX="1" y="0" scY="1"/>
    </display>
    <display name="Shape/shape 4350" type="image">
     <transform x="0" pX="20" pY="20" skX="0" skY="0" scX="1" y="0" scY="1"/>
    </display>
    <display name="Shape/shape 4352" type="image">
     <transform x="0" pX="20" pY="20" skX="0" skY="0" scX="1" y="0" scY="1"/>
    </display>
    <display name="Shape/shape 4354" type="image">
     <transform x="0" pX="20" pY="20" skX="0" skY="0" scX="1" y="0" scY="1"/>
    </display>
    <display name="Shape/shape 4356" type="image">
     <transform x="0" pX="20" pY="20" skX="0" skY="0" scX="1" y="0" scY="1"/>
    </display>
    <display name="Shape/shape 4358" type="image">
     <transform x="0" pX="20" pY="20" skX="0" skY="0" scX="1" y="0" scY="1"/>
    </display>
    <display name="Shape/shape 4360" type="image">
     <transform x="0" pX="20" pY="20" skX="0" skY="0" scX="1" y="0" scY="1"/>
    </display>
    <display name="Shape/shape 4362" type="image">
     <transform x="0" pX="20" pY="20" skX="0" skY="0" scX="1" y="0" scY="1"/>
    </display>
    <display name="Shape/shape 4364" type="image">
     <transform x="0" pX="20" pY="20" skX="0" skY="0" scX="1" y="0" scY="1"/>
    </display>
    <display name="Shape/shape 4366" type="image">
     <transform x="0" pX="20" pY="20" skX="0" skY="0" scX="1" y="0" scY="1"/>
    </display>
    <display name="Shape/shape 4368" type="image">
     <transform x="0" pX="20" pY="20" skX="0" skY="0" scX="1" y="0" scY="1"/>
    </display>
    <display name="Shape/shape 4370" type="image">
     <transform x="0" pX="20" pY="20" skX="0" skY="0" scX="1" y="0" scY="1"/>
    </display>
    <display name="Shape/shape 4372" type="image">
     <transform x="0" pX="20" pY="20" skX="0" skY="0" scX="1" y="0" scY="1"/>
    </display>
    <display name="Shape/shape 4374" type="image">
     <transform x="0" pX="20" pY="20" skX="0" skY="0" scX="1" y="0" scY="1"/>
    </display>
    <display name="Shape/shape 4376" type="image">
     <transform x="0" pX="20" pY="20" skX="0" skY="0" scX="1" y="0" scY="1"/>
    </display>
    <display name="Shape/shape 4378" type="image">
     <transform x="0" pX="20" pY="20" skX="0" skY="0" scX="1" y="0" scY="1"/>
    </display>
    <display name="Shape/shape 4380" type="image">
     <transform x="0" pX="20" pY="20" skX="0" skY="0" scX="1" y="0" scY="1"/>
    </display>
    <display name="Shape/shape 4382" type="image">
     <transform x="0" pX="20" pY="20" skX="0" skY="0" scX="1" y="0" scY="1"/>
    </display>
    <display name="Shape/shape 4384" type="image">
     <transform x="0" pX="20" pY="20" skX="0" skY="0" scX="1" y="0" scY="1"/>
    </display>
    <display name="Shape/shape 4386" type="image">
     <transform x="0" pX="20" pY="20" skX="0" skY="0" scX="1" y="0" scY="1"/>
    </display>
    <display name="Shape/shape 4388" type="image">
     <transform x="0" pX="20" pY="20" skX="0" skY="0" scX="1" y="0" scY="1"/>
    </display>
    <display name="Shape/shape 4390" type="image">
     <transform x="0" pX="20" pY="20" skX="0" skY="0" scX="1" y="0" scY="1"/>
    </display>
    <display name="Shape/shape 4392" type="image">
     <transform x="0" pX="20" pY="20" skX="0" skY="0" scX="1" y="0" scY="1"/>
    </display>
    <display name="Shape/shape 4394" type="image">
     <transform x="0" pX="20" pY="20" skX="0" skY="0" scX="1" y="0" scY="1"/>
    </display>
    <display name="Shape/shape 4396" type="image">
     <transform x="0" pX="20" pY="20" skX="0" skY="0" scX="1" y="0" scY="1"/>
    </display>
    <display name="Shape/shape 4398" type="image">
     <transform x="0" pX="20" pY="20" skX="0" skY="0" scX="1" y="0" scY="1"/>
    </display>
    <display name="Shape/shape 4400" type="image">
     <transform x="0" pX="20" pY="20" skX="0" skY="0" scX="1" y="0" scY="1"/>
    </display>
    <display name="Shape/shape 4402" type="image">
     <transform x="0" pX="20" pY="20" skX="0" skY="0" scX="1" y="0" scY="1"/>
    </display>
    <display name="Shape/shape 4404" type="image">
     <transform x="0" pX="20" pY="20" skX="0" skY="0" scX="1" y="0" scY="1"/>
    </display>
    <display name="Shape/shape 4406" type="image">
     <transform x="0" pX="20" pY="20" skX="0" skY="0" scX="1" y="0" scY="1"/>
    </display>
    <display name="Shape/shape 4408" type="image">
     <transform x="0" pX="20" pY="20" skX="0" skY="0" scX="1" y="0" scY="1"/>
    </display>
    <display name="Shape/shape 4410" type="image">
     <transform x="0" pX="20" pY="20" skX="0" skY="0" scX="1" y="0" scY="1"/>
    </display>
    <display name="Shape/shape 4412" type="image">
     <transform x="0" pX="20" pY="20" skX="0" skY="0" scX="1" y="0" scY="1"/>
    </display>
    <display name="Shape/shape 4414" type="image">
     <transform x="0" pX="20" pY="20" skX="0" skY="0" scX="1" y="0" scY="1"/>
    </display>
    <display name="Shape/shape 4416" type="image">
     <transform x="0" pX="20" pY="20" skX="0" skY="0" scX="1" y="0" scY="1"/>
    </display>
    <display name="Shape/shape 4418" type="image">
     <transform x="0" pX="20" pY="20" skX="0" skY="0" scX="1" y="0" scY="1"/>
    </display>
    <display name="Shape/shape 4420" type="image">
     <transform x="0" pX="20" pY="20" skX="0" skY="0" scX="1" y="0" scY="1"/>
    </display>
    <display name="Shape/shape 4422" type="image">
     <transform x="0" pX="20" pY="20" skX="0" skY="0" scX="1" y="0" scY="1"/>
    </display>
    <display name="Shape/shape 4424" type="image">
     <transform x="0" pX="20" pY="20" skX="0" skY="0" scX="1" y="0" scY="1"/>
    </display>
    <display name="Shape/shape 4426" type="image">
     <transform x="0" pX="20" pY="20" skX="0" skY="0" scX="1" y="0" scY="1"/>
    </display>
   </slot>
  </skin>
  <bone name="cont">
   <transform y="1" skY="0" x="0" scX="0.65" skX="0" scY="0.65"/>
  </bone>
  <animation name="BulletLevinTower_mc" scale="1" loop="1" duration="44" autoTween="NaN" fadeInTime="0.3" tweenEasing="NaN">
   <timeline name="cont" scale="1" pX="0" pY="0" offset="0">
    <frame z="0" duration="1">
     <transform x="0" pX="0" pY="0" skX="0" skY="0" scX="1" y="0" scY="1"/>
    </frame>
    <frame displayIndex="1" z="0" duration="1">
     <transform x="0" pX="0" pY="0" skX="0" skY="0" scX="1" y="0" scY="1"/>
    </frame>
    <frame displayIndex="2" z="0" duration="1">
     <transform x="0" pX="0" pY="0" skX="0" skY="0" scX="1" y="0" scY="1"/>
    </frame>
    <frame displayIndex="3" z="0" duration="1">
     <transform x="0" pX="0" pY="0" skX="0" skY="0" scX="1" y="0" scY="1"/>
    </frame>
    <frame displayIndex="4" z="0" duration="1">
     <transform x="0" pX="0" pY="0" skX="0" skY="0" scX="1" y="0" scY="1"/>
    </frame>
    <frame displayIndex="5" z="0" duration="1">
     <transform x="0" pX="0" pY="0" skX="0" skY="0" scX="1" y="0" scY="1"/>
    </frame>
    <frame displayIndex="6" z="0" duration="1">
     <transform x="0" pX="0" pY="0" skX="0" skY="0" scX="1" y="0" scY="1"/>
    </frame>
    <frame displayIndex="7" z="0" duration="1">
     <transform x="0" pX="0" pY="0" skX="0" skY="0" scX="1" y="0" scY="1"/>
    </frame>
    <frame displayIndex="8" z="0" duration="1">
     <transform x="0" pX="0" pY="0" skX="0" skY="0" scX="1" y="0" scY="1"/>
    </frame>
    <frame displayIndex="9" z="0" duration="1">
     <transform x="0" pX="0" pY="0" skX="0" skY="0" scX="1" y="0" scY="1"/>
    </frame>
    <frame displayIndex="10" z="0" duration="1">
     <transform x="0" pX="0" pY="0" skX="0" skY="0" scX="1" y="0" scY="1"/>
    </frame>
    <frame displayIndex="11" z="0" duration="1">
     <transform x="0" pX="0" pY="0" skX="0" skY="0" scX="1" y="0" scY="1"/>
    </frame>
    <frame displayIndex="12" z="0" duration="1">
     <transform x="0" pX="0" pY="0" skX="0" skY="0" scX="1" y="0" scY="1"/>
    </frame>
    <frame displayIndex="13" z="0" duration="1">
     <transform x="0" pX="0" pY="0" skX="0" skY="0" scX="1" y="0" scY="1"/>
    </frame>
    <frame displayIndex="14" z="0" duration="1">
     <transform x="0" pX="0" pY="0" skX="0" skY="0" scX="1" y="0" scY="1"/>
    </frame>
    <frame displayIndex="15" z="0" duration="1">
     <transform x="0" pX="0" pY="0" skX="0" skY="0" scX="1" y="0" scY="1"/>
    </frame>
    <frame displayIndex="16" z="0" duration="1">
     <transform x="0" pX="0" pY="0" skX="0" skY="0" scX="1" y="0" scY="1"/>
    </frame>
    <frame displayIndex="17" z="0" duration="1">
     <transform x="0" pX="0" pY="0" skX="0" skY="0" scX="1" y="0" scY="1"/>
    </frame>
    <frame displayIndex="18" z="0" duration="1">
     <transform x="0" pX="0" pY="0" skX="0" skY="0" scX="1" y="0" scY="1"/>
    </frame>
    <frame displayIndex="19" z="0" duration="1">
     <transform x="0" pX="0" pY="0" skX="0" skY="0" scX="1" y="0" scY="1"/>
    </frame>
    <frame displayIndex="20" z="0" duration="1">
     <transform x="0" pX="0" pY="0" skX="0" skY="0" scX="1" y="0" scY="1"/>
    </frame>
    <frame displayIndex="21" z="0" duration="1">
     <transform x="0" pX="0" pY="0" skX="0" skY="0" scX="1" y="0" scY="1"/>
    </frame>
    <frame displayIndex="22" z="0" duration="1">
     <transform x="0" pX="0" pY="0" skX="0" skY="0" scX="1" y="0" scY="1"/>
    </frame>
    <frame displayIndex="23" z="0" duration="1">
     <transform x="0" pX="0" pY="0" skX="0" skY="0" scX="1" y="0" scY="1"/>
    </frame>
    <frame displayIndex="24" z="0" duration="1">
     <transform x="0" pX="0" pY="0" skX="0" skY="0" scX="1" y="0" scY="1"/>
    </frame>
    <frame displayIndex="25" z="0" duration="1">
     <transform x="0" pX="0" pY="0" skX="0" skY="0" scX="1" y="0" scY="1"/>
    </frame>
    <frame displayIndex="26" z="0" duration="1">
     <transform x="0" pX="0" pY="0" skX="0" skY="0" scX="1" y="0" scY="1"/>
    </frame>
    <frame displayIndex="27" z="0" duration="1">
     <transform x="0" pX="0" pY="0" skX="0" skY="0" scX="1" y="0" scY="1"/>
    </frame>
    <frame displayIndex="28" z="0" duration="1">
     <transform x="0" pX="0" pY="0" skX="0" skY="0" scX="1" y="0" scY="1"/>
    </frame>
    <frame displayIndex="29" z="0" duration="1">
     <transform x="0" pX="0" pY="0" skX="0" skY="0" scX="1" y="0" scY="1"/>
    </frame>
    <frame displayIndex="30" z="0" duration="1">
     <transform x="0" pX="0" pY="0" skX="0" skY="0" scX="1" y="0" scY="1"/>
    </frame>
    <frame displayIndex="31" z="0" duration="1">
     <transform x="0" pX="0" pY="0" skX="0" skY="0" scX="1" y="0" scY="1"/>
    </frame>
    <frame displayIndex="32" z="0" duration="1">
     <transform x="0" pX="0" pY="0" skX="0" skY="0" scX="1" y="0" scY="1"/>
    </frame>
    <frame displayIndex="33" z="0" duration="1">
     <transform x="0" pX="0" pY="0" skX="0" skY="0" scX="1" y="0" scY="1"/>
    </frame>
    <frame displayIndex="34" z="0" duration="1">
     <transform x="0" pX="0" pY="0" skX="0" skY="0" scX="1" y="0" scY="1"/>
    </frame>
    <frame displayIndex="35" z="0" duration="1">
     <transform x="0" pX="0" pY="0" skX="0" skY="0" scX="1" y="0" scY="1"/>
    </frame>
    <frame displayIndex="36" z="0" duration="1">
     <transform x="0" pX="0" pY="0" skX="0" skY="0" scX="1" y="0" scY="1"/>
    </frame>
    <frame displayIndex="37" z="0" duration="1">
     <transform x="0" pX="0" pY="0" skX="0" skY="0" scX="1" y="0" scY="1"/>
    </frame>
    <frame displayIndex="38" z="0" duration="1">
     <transform x="0" pX="0" pY="0" skX="0" skY="0" scX="1" y="0" scY="1"/>
    </frame>
    <frame displayIndex="39" z="0" duration="1">
     <transform x="0" pX="0" pY="0" skX="0" skY="0" scX="1" y="0" scY="1"/>
    </frame>
    <frame displayIndex="40" z="0" duration="1">
     <transform x="0" pX="0" pY="0" skX="0" skY="0" scX="1" y="0" scY="1"/>
    </frame>
    <frame displayIndex="41" z="0" duration="1">
     <transform x="0" pX="0" pY="0" skX="0" skY="0" scX="1" y="0" scY="1"/>
    </frame>
    <frame displayIndex="42" z="0" duration="1">
     <transform x="0" pX="0" pY="0" skX="0" skY="0" scX="1" y="0" scY="1"/>
    </frame>
    <frame displayIndex="43" z="0" duration="1">
     <transform x="0" pX="0" pY="0" skX="0" skY="0" scX="1" y="0" scY="1"/>
    </frame>
   </timeline>
  </animation>
 </armature>
</root>