<TextureAtlas name="BulletSphereTower_mc" imagePath="texture.png">
 <SubTexture name="Shape/shape 6340" x="444" y="126" width="25" height="22"/>
 <SubTexture name="Shape/shape 6342" x="390" y="126" width="25" height="22"/>
 <SubTexture name="Shape/shape 6344" x="336" y="126" width="25" height="22"/>
 <SubTexture name="Shape/shape 6346" x="363" y="126" width="25" height="22"/>
 <SubTexture name="Shape/shape 6348" x="417" y="126" width="25" height="22"/>
 <SubTexture name="Shape/shape 6292" x="24" y="191" width="22" height="20"/>
 <SubTexture name="Shape/shape 6293" x="392" y="194" width="22" height="20"/>
 <SubTexture name="Shape/shape 6294" x="246" y="191" width="22" height="20"/>
 <SubTexture name="Shape/shape 6295" x="320" y="173" width="22" height="20"/>
 <SubTexture name="Shape/shape 6296" x="320" y="194" width="22" height="20"/>
 <SubTexture name="Shape/shape 6297" x="296" y="190" width="22" height="20"/>
 <SubTexture name="Shape/shape 6298" x="368" y="194" width="22" height="20"/>
 <SubTexture name="Shape/shape 6299" x="198" y="191" width="22" height="20"/>
 <SubTexture name="Shape/shape 6300" x="344" y="173" width="22" height="20"/>
 <SubTexture name="Shape/shape 6301" x="48" y="191" width="22" height="20"/>
 <SubTexture name="Shape/shape 6302" x="174" y="190" width="22" height="20"/>
 <SubTexture name="Shape/shape 6303" x="344" y="194" width="22" height="20"/>
 <SubTexture name="Shape/shape 6304" x="368" y="173" width="22" height="20"/>
 <SubTexture name="Shape/shape 6305" x="416" y="173" width="22" height="20"/>
 <SubTexture name="Shape/shape 6306" x="440" y="194" width="22" height="20"/>
 <SubTexture name="Shape/shape 6307" x="120" y="192" width="22" height="20"/>
 <SubTexture name="Shape/shape 6308" x="96" y="191" width="22" height="20"/>
 <SubTexture name="Shape/shape 6309" x="72" y="191" width="22" height="20"/>
 <SubTexture name="Shape/shape 6310" x="0" y="190" width="22" height="20"/>
 <SubTexture name="Shape/shape 6311" x="440" y="173" width="22" height="20"/>
 <SubTexture name="Shape/shape 6312" x="392" y="173" width="22" height="20"/>
 <SubTexture name="Shape/shape 6313" x="222" y="191" width="22" height="20"/>
 <SubTexture name="Shape/shape 6314" x="416" y="194" width="22" height="20"/>
 <SubTexture name="Shape/shape 6315" x="150" y="190" width="22" height="20"/>
 <SubTexture name="Shape/shape 6316" x="270" y="191" width="22" height="20"/>
 <SubTexture name="Shape/shape 4305" x="414" y="150" width="24" height="21"/>
 <SubTexture name="Shape/shape 4307" x="101" y="168" width="23" height="21"/>
 <SubTexture name="Shape/shape 4309" x="150" y="168" width="23" height="20"/>
 <SubTexture name="Shape/shape 4311" x="466" y="172" width="22" height="20"/>
 <SubTexture name="Shape/shape 4313" x="26" y="168" width="23" height="21"/>
 <SubTexture name="Shape/shape 4315" x="471" y="126" width="25" height="21"/>
 <SubTexture name="Shape/shape 4316" x="76" y="168" width="23" height="21"/>
 <SubTexture name="Shape/shape 4317" x="296" y="168" width="22" height="20"/>
 <SubTexture name="Shape/shape 4318" x="175" y="168" width="23" height="20"/>
 <SubTexture name="Shape/shape 4319" x="51" y="168" width="23" height="21"/>
 <SubTexture name="Shape/shape 4320" x="362" y="150" width="24" height="21"/>
 <SubTexture name="Shape/shape 4322" x="440" y="150" width="24" height="21"/>
 <SubTexture name="Shape/shape 4324" x="0" y="168" width="24" height="20"/>
 <SubTexture name="Shape/shape 4326" x="336" y="150" width="24" height="21"/>
 <SubTexture name="Shape/shape 4328" x="224" y="168" width="22" height="21"/>
 <SubTexture name="Shape/shape 4330" x="248" y="168" width="22" height="21"/>
 <SubTexture name="Shape/shape 4332" x="126" y="168" width="22" height="22"/>
 <SubTexture name="Shape/shape 4333" x="200" y="168" width="22" height="21"/>
 <SubTexture name="Shape/shape 4334" x="272" y="168" width="22" height="21"/>
 <SubTexture name="Shape/shape 4336" x="388" y="150" width="24" height="21"/>
 <SubTexture name="Shape/shape 4337" x="471" y="149" width="24" height="21"/>
 <SubTexture name="Shape/shape 4340" x="336" y="42" width="40" height="40"/>
 <SubTexture name="Shape/shape 4342" x="252" y="0" width="40" height="40"/>
 <SubTexture name="Shape/shape 4344" x="420" y="84" width="40" height="40"/>
 <SubTexture name="Shape/shape 4346" x="0" y="126" width="40" height="40"/>
 <SubTexture name="Shape/shape 4348" x="252" y="42" width="40" height="40"/>
 <SubTexture name="Shape/shape 4350" x="336" y="84" width="40" height="40"/>
 <SubTexture name="Shape/shape 4352" x="336" y="0" width="40" height="40"/>
 <SubTexture name="Shape/shape 4354" x="378" y="42" width="40" height="40"/>
 <SubTexture name="Shape/shape 4356" x="462" y="84" width="40" height="40"/>
 <SubTexture name="Shape/shape 4358" x="294" y="126" width="40" height="40"/>
 <SubTexture name="Shape/shape 4360" x="210" y="0" width="40" height="40"/>
 <SubTexture name="Shape/shape 4362" x="42" y="42" width="40" height="40"/>
 <SubTexture name="Shape/shape 4364" x="294" y="0" width="40" height="40"/>
 <SubTexture name="Shape/shape 4366" x="462" y="0" width="40" height="40"/>
 <SubTexture name="Shape/shape 4368" x="0" y="42" width="40" height="40"/>
 <SubTexture name="Shape/shape 4370" x="42" y="126" width="40" height="40"/>
 <SubTexture name="Shape/shape 4372" x="420" y="0" width="40" height="40"/>
 <SubTexture name="Shape/shape 4374" x="168" y="84" width="40" height="40"/>
 <SubTexture name="Shape/shape 4376" x="210" y="126" width="40" height="40"/>
 <SubTexture name="Shape/shape 4378" x="294" y="84" width="40" height="40"/>
 <SubTexture name="Shape/shape 4380" x="84" y="42" width="40" height="40"/>
 <SubTexture name="Shape/shape 4382" x="378" y="84" width="40" height="40"/>
 <SubTexture name="Shape/shape 4384" x="210" y="42" width="40" height="40"/>
 <SubTexture name="Shape/shape 4386" x="126" y="84" width="40" height="40"/>
 <SubTexture name="Shape/shape 4388" x="126" y="0" width="40" height="40"/>
 <SubTexture name="Shape/shape 4390" x="462" y="42" width="40" height="40"/>
 <SubTexture name="Shape/shape 4392" x="42" y="84" width="40" height="40"/>
 <SubTexture name="Shape/shape 4394" x="294" y="42" width="40" height="40"/>
 <SubTexture name="Shape/shape 4396" x="168" y="0" width="40" height="40"/>
 <SubTexture name="Shape/shape 4398" x="126" y="126" width="40" height="40"/>
 <SubTexture name="Shape/shape 4400" x="378" y="0" width="40" height="40"/>
 <SubTexture name="Shape/shape 4402" x="126" y="42" width="40" height="40"/>
 <SubTexture name="Shape/shape 4404" x="252" y="126" width="40" height="40"/>
 <SubTexture name="Shape/shape 4406" x="168" y="42" width="40" height="40"/>
 <SubTexture name="Shape/shape 4408" x="252" y="84" width="40" height="40"/>
 <SubTexture name="Shape/shape 4410" x="84" y="126" width="40" height="40"/>
 <SubTexture name="Shape/shape 4412" x="84" y="84" width="40" height="40"/>
 <SubTexture name="Shape/shape 4414" x="168" y="126" width="40" height="40"/>
 <SubTexture name="Shape/shape 4416" x="0" y="0" width="40" height="40"/>
 <SubTexture name="Shape/shape 4418" x="420" y="42" width="40" height="40"/>
 <SubTexture name="Shape/shape 4420" x="84" y="0" width="40" height="40"/>
 <SubTexture name="Shape/shape 4422" x="210" y="84" width="40" height="40"/>
 <SubTexture name="Shape/shape 4424" x="0" y="84" width="40" height="40"/>
 <SubTexture name="Shape/shape 4426" x="42" y="0" width="40" height="40"/>
</TextureAtlas>