<root name="worldStart_mc" isGlobal="0" frameRate="30" version="3.0">
 <armature name="worldStart_mc">
  <skin name="default">
   <slot name="bg2" z="0" parent="bg2">
    <display name="__dbTextures/worldStart_mc/bg2_0" type="image">
     <transform scX="1" x="-153" scY="1" y="-14.5" pX="0" pY="0" skX="0" skY="0"/>
    </display>
   </slot>
   <slot name="bg1" z="1" parent="bg1">
    <display name="__dbTextures/worldStart_mc/bg1_0" type="image">
     <transform scX="1" x="-70" scY="1" y="-32.5" pX="0" pY="0" skX="0" skY="0"/>
    </display>
   </slot>
   <slot name="startWaves" z="2" parent="startWaves">
    <display name="startWaves" type="armature">
     <transform scX="1" x="0" skX="0" scY="1" y="0" skY="0"/>
    </display>
   </slot>
   <slot name="fast" z="3" parent="fast">
    <display name="fast" type="armature">
     <transform scX="1" x="0" skX="0" scY="1" y="0" skY="0"/>
    </display>
   </slot>
  </skin>
  <bone name="startWaves">
   <transform scX="1" x="171.05" skX="0" scY="1" y="-26.2" skY="0"/>
  </bone>
  <bone name="bg1">
   <transform scX="1" x="147" skX="0" scY="1" y="-23.5" skY="0"/>
  </bone>
  <bone name="bg2">
   <transform scX="1" x="153" skX="0" scY="1" y="9.5" skY="0"/>
  </bone>
  <bone name="fast">
   <transform scX="1" x="118.05" skX="0" scY="1" y="-30" skY="0"/>
  </bone>
  <animation fadeInTime="0.3" scale="1" loop="1" autoTween="NaN" name="worldStart_mc" duration="1" tweenEasing="NaN">
   <timeline pX="0" name="bg2" pY="0" scale="1" offset="0">
    <frame z="0" duration="1" tweenEasing="NaN">
     <transform scX="1" x="0" scY="1" y="0" pX="0" pY="0" skX="0" skY="0"/>
    </frame>
   </timeline>
   <timeline pX="0" name="bg1" pY="0" scale="1" offset="0">
    <frame z="0" duration="1" tweenEasing="NaN">
     <transform scX="1" x="0" scY="1" y="0" pX="0" pY="0" skX="0" skY="0"/>
    </frame>
   </timeline>
   <timeline pX="0" name="startWaves" pY="0" scale="1" offset="0">
    <frame z="0" duration="1">
     <transform scX="1" x="0" scY="1" y="0" pX="0" pY="0" skX="0" skY="0"/>
    </frame>
   </timeline>
   <timeline pX="0" name="fast" pY="0" scale="1" offset="0">
    <frame z="0" duration="1">
     <transform scX="1" x="0" scY="1" y="0" pX="0" pY="0" skX="0" skY="0"/>
    </frame>
   </timeline>
  </animation>
 </armature>
 <armature name="startWaves">
  <skin name="default">
   <slot name="Layer 1" z="0" parent="Layer 1">
    <display name="Shape/shape 12653" type="image">
     <transform scX="1" x="0" scY="1" y="0" pX="21" pY="21" skX="0" skY="0"/>
    </display>
    <display name="Shape/shape 12659" type="image">
     <transform scX="1" x="0" scY="1" y="0" pX="24" pY="25" skX="0" skY="0"/>
    </display>
    <display name="Shape/shape 12665" type="image">
     <transform scX="1" x="0" scY="1" y="0" pX="21" pY="21" skX="0" skY="0"/>
    </display>
   </slot>
   <slot name="Layer 2" z="1" parent="Layer 2">
    <display name="Shape/shape 12654" type="image">
     <transform scX="1" x="0" scY="1" y="0" pX="20" pY="16" skX="0" skY="0"/>
    </display>
    <display name="Shape/shape 12655" type="image">
     <transform scX="1" x="0" scY="1" y="0" pX="20" pY="16" skX="0" skY="0"/>
    </display>
    <display name="Shape/shape 12656" type="image">
     <transform scX="1" x="0" scY="1" y="0" pX="20" pY="16" skX="0" skY="0"/>
    </display>
    <display name="Shape/shape 12657" type="image">
     <transform scX="1" x="0" scY="1" y="0" pX="20" pY="16" skX="0" skY="0"/>
    </display>
    <display name="Shape/shape 12658" type="image">
     <transform scX="1" x="0" scY="1" y="0" pX="20" pY="16" skX="0" skY="0"/>
    </display>
    <display name="Shape/shape 12660" type="image">
     <transform scX="1" x="0" scY="1" y="0" pX="24" pY="19" skX="0" skY="0"/>
    </display>
    <display name="Shape/shape 12661" type="image">
     <transform scX="1" x="0" scY="1" y="0" pX="24" pY="19" skX="0" skY="0"/>
    </display>
    <display name="Shape/shape 12662" type="image">
     <transform scX="1" x="0" scY="1" y="0" pX="24" pY="19" skX="0" skY="0"/>
    </display>
    <display name="Shape/shape 12663" type="image">
     <transform scX="1" x="0" scY="1" y="0" pX="24" pY="19" skX="0" skY="0"/>
    </display>
    <display name="Shape/shape 12664" type="image">
     <transform scX="1" x="0" scY="1" y="0" pX="24" pY="19" skX="0" skY="0"/>
    </display>
   </slot>
   <slot name="startWavesCase" z="2" parent="startWavesCase">
    <display name="Case" type="image">
     <transform scX="1" x="0" scY="1" y="0" pX="25" pY="25" skX="0" skY="0"/>
    </display>
   </slot>
  </skin>
  <bone name="Layer 1">
   <transform scX="1" x="0" skX="0" scY="1" y="0" skY="0"/>
  </bone>
  <bone name="Layer 2">
   <transform scX="1" x="0" skX="0" scY="1" y="0" skY="0"/>
  </bone>
  <bone name="startWavesCase">
   <transform scX="0.92" x="-1.25" skX="0" scY="0.93" y="-2.1" skY="0"/>
  </bone>
  <animation name="startWaves" scale="1" loop="1" autoTween="NaN" fadeInTime="0.3" duration="22" tweenEasing="NaN">
   <timeline pX="0" name="Layer 1" pY="0" scale="1" offset="0">
    <frame z="0" duration="10">
     <transform scX="1" x="0" scY="1" y="0" pX="0" pY="0" skX="0" skY="0"/>
    </frame>
    <frame displayIndex="1" z="0" duration="10">
     <transform scX="1" x="0" scY="1" y="0" pX="0" pY="0" skX="0" skY="0"/>
    </frame>
    <frame displayIndex="2" z="0" duration="1">
     <transform scX="1" x="0" scY="1" y="0" pX="0" pY="0" skX="0" skY="0"/>
    </frame>
    <frame displayIndex="2" z="0" duration="1">
     <transform scX="1" x="0" scY="1" y="0" pX="0" pY="0" skX="0" skY="0"/>
    </frame>
   </timeline>
   <timeline pX="0" name="Layer 2" pY="0" scale="1" offset="0">
    <frame z="0" duration="2">
     <transform scX="1" x="0" scY="1" y="0" pX="0" pY="0" skX="0" skY="0"/>
    </frame>
    <frame displayIndex="1" z="0" duration="2">
     <transform scX="1" x="0" scY="1" y="0" pX="0" pY="0" skX="0" skY="0"/>
    </frame>
    <frame displayIndex="2" z="0" duration="2">
     <transform scX="1" x="0" scY="1" y="0" pX="0" pY="0" skX="0" skY="0"/>
    </frame>
    <frame displayIndex="3" z="0" duration="2">
     <transform scX="1" x="0" scY="1" y="0" pX="0" pY="0" skX="0" skY="0"/>
    </frame>
    <frame displayIndex="4" z="0" duration="2">
     <transform scX="1" x="0" scY="1" y="0" pX="0" pY="0" skX="0" skY="0"/>
    </frame>
    <frame displayIndex="5" z="0" duration="2">
     <transform scX="1" x="0" scY="1" y="0" pX="0" pY="0" skX="0" skY="0"/>
    </frame>
    <frame displayIndex="6" z="0" duration="2">
     <transform scX="1" x="0" scY="1" y="0" pX="0" pY="0" skX="0" skY="0"/>
    </frame>
    <frame displayIndex="7" z="0" duration="2">
     <transform scX="1" x="0" scY="1" y="0" pX="0" pY="0" skX="0" skY="0"/>
    </frame>
    <frame displayIndex="8" z="0" duration="2">
     <transform scX="1" x="0" scY="1" y="0" pX="0" pY="0" skX="0" skY="0"/>
    </frame>
    <frame displayIndex="9" z="0" duration="2">
     <transform scX="1" x="0" scY="1" y="0" pX="0" pY="0" skX="0" skY="0"/>
    </frame>
    <frame displayIndex="9" z="0" duration="1">
     <transform scX="1" x="0" scY="1" y="0" pX="0" pY="0" skX="0" skY="0"/>
    </frame>
    <frame displayIndex="-1" duration="1"/>
   </timeline>
   <timeline pX="0" name="startWavesCase" pY="0" scale="1" offset="0">
    <frame z="0" duration="21">
     <transform scX="1" x="0" scY="1" y="0" pX="0" pY="0" skX="0" skY="0"/>
    </frame>
    <frame z="0" duration="1">
     <transform scX="1" x="0" scY="1" y="0" pX="0" pY="0" skX="0" skY="0"/>
    </frame>
   </timeline>
   <frame duration="21"/>
   <frame duration="1"/>
  </animation>
 </armature>
 <armature name="fast">
  <skin name="default">
   <slot name="cont" z="0" parent="cont">
    <display name="Shape/shape 12693" type="image">
     <transform scX="1" x="0" scY="1" y="0" pX="20" pY="20" skX="0" skY="0"/>
    </display>
    <display name="Shape/shape 12695" type="image">
     <transform scX="1" x="0" scY="1" y="0" pX="20" pY="20" skX="0" skY="0"/>
    </display>
    <display name="Shape/shape 12696" type="image">
     <transform scX="1" x="0" scY="1" y="0" pX="18" pY="18" skX="0" skY="0"/>
    </display>
    <display name="fast.cont.cont1" type="armature">
     <transform scX="1" x="0" skX="0" scY="1" y="0" skY="0"/>
    </display>
    <display name="fast.cont.cont2" type="armature">
     <transform scX="1" x="0" skX="0" scY="1" y="0" skY="0"/>
    </display>
    <display name="Shape/shape 12739" type="image">
     <transform scX="1" x="0" scY="1" y="0" pX="18" pY="18" skX="0" skY="0"/>
    </display>
   </slot>
   <slot name="fastCase" z="1" parent="fastCase">
    <display name="Case" type="image">
     <transform scX="1" x="0" scY="1" y="0" pX="25" pY="25" skX="0" skY="0"/>
    </display>
   </slot>
  </skin>
  <bone name="cont">
   <transform scX="1" x="0" skX="0" scY="1" y="0" skY="0"/>
  </bone>
  <bone name="fastCase">
   <transform scX="0.8" x="2.3" skX="0" scY="0.8" y="1.55" skY="0"/>
  </bone>
  <animation fadeInTime="0.3" scale="1" loop="1" autoTween="NaN" name="faster" duration="6" tweenEasing="NaN">
   <timeline pX="0" name="cont" pY="0" scale="1" offset="0">
    <frame z="0" duration="1">
     <transform scX="1" x="0" scY="1" y="0" pX="0" pY="0" skX="0" skY="0"/>
    </frame>
    <frame displayIndex="1" z="0" duration="1">
     <transform scX="1.1" x="0" scY="1.1" y="0" pX="0" pY="0" skX="0" skY="0"/>
    </frame>
    <frame displayIndex="2" z="0" duration="1">
     <transform scX="1" x="0" scY="1" y="0" pX="0" pY="0" skX="0" skY="0"/>
    </frame>
    <frame displayIndex="3" z="0" duration="1">
     <transform scX="1" x="0" scY="1" y="0" pX="0" pY="0" skX="0" skY="0"/>
    </frame>
    <frame displayIndex="4" z="0" duration="1">
     <transform scX="1.1" x="0" scY="1.1" y="0" pX="0" pY="0" skX="0" skY="0"/>
    </frame>
    <frame displayIndex="5" z="0" duration="1">
     <transform scX="1" x="0" scY="1" y="0" pX="0" pY="0" skX="0" skY="0"/>
    </frame>
   </timeline>
   <timeline pX="0" name="fastCase" pY="0" scale="1" offset="0">
    <frame z="0" duration="6">
     <transform scX="1" x="0" scY="1" y="0" pX="0" pY="0" skX="0" skY="0"/>
    </frame>
   </timeline>
  </animation>
 </armature>
 <armature name="fast.cont.cont1">
  <skin name="default">
   <slot name="faster" z="0" parent="faster">
    <display name="Shape/shape 12695" type="image">
     <transform scX="1" x="0" scY="1" y="0" pX="20" pY="20" skX="0" skY="0"/>
    </display>
    <display name="Shape/shape 12698" type="image">
     <transform scX="1" x="0" scY="1" y="0" pX="20" pY="20" skX="0" skY="0"/>
    </display>
    <display name="Shape/shape 12700" type="image">
     <transform scX="1" x="0" scY="1" y="0" pX="20" pY="20" skX="0" skY="0"/>
    </display>
    <display name="Shape/shape 12702" type="image">
     <transform scX="1" x="0" scY="1" y="0" pX="20" pY="20" skX="0" skY="0"/>
    </display>
    <display name="Shape/shape 12704" type="image">
     <transform scX="1" x="0" scY="1" y="0" pX="20" pY="20" skX="0" skY="0"/>
    </display>
    <display name="Shape/shape 12706" type="image">
     <transform scX="1" x="0" scY="1" y="0" pX="20" pY="20" skX="0" skY="0"/>
    </display>
    <display name="Shape/shape 12708" type="image">
     <transform scX="1" x="0" scY="1" y="0" pX="20" pY="20" skX="0" skY="0"/>
    </display>
    <display name="Shape/shape 12710" type="image">
     <transform scX="1" x="0" scY="1" y="0" pX="20" pY="20" skX="0" skY="0"/>
    </display>
    <display name="Shape/shape 12712" type="image">
     <transform scX="1" x="0" scY="1" y="0" pX="20" pY="20" skX="0" skY="0"/>
    </display>
    <display name="Shape/shape 12714" type="image">
     <transform scX="1" x="0" scY="1" y="0" pX="20" pY="20" skX="0" skY="0"/>
    </display>
    <display name="Shape/shape 12716" type="image">
     <transform scX="1" x="0" scY="1" y="0" pX="20" pY="20" skX="0" skY="0"/>
    </display>
   </slot>
  </skin>
  <bone name="faster">
   <transform scX="1" x="0" skX="0" scY="1" y="0" skY="0"/>
  </bone>
  <animation fadeInTime="0.3" scale="1" loop="1" autoTween="NaN" name="cont" duration="12" tweenEasing="NaN">
   <timeline pX="0" name="faster" pY="0" scale="1" offset="0">
    <frame z="0" duration="1">
     <transform scX="1" x="0" scY="1" y="0" pX="0" pY="0" skX="0" skY="0"/>
    </frame>
    <frame displayIndex="1" z="0" duration="1">
     <transform scX="1" x="0" scY="1" y="0" pX="0" pY="0" skX="0" skY="0"/>
    </frame>
    <frame displayIndex="2" z="0" duration="1">
     <transform scX="1" x="0" scY="1" y="0" pX="0" pY="0" skX="0" skY="0"/>
    </frame>
    <frame displayIndex="3" z="0" duration="1">
     <transform scX="1" x="0" scY="1" y="0" pX="0" pY="0" skX="0" skY="0"/>
    </frame>
    <frame displayIndex="4" z="0" duration="1">
     <transform scX="1" x="0" scY="1" y="0" pX="0" pY="0" skX="0" skY="0"/>
    </frame>
    <frame displayIndex="5" z="0" duration="1">
     <transform scX="1" x="0" scY="1" y="0" pX="0" pY="0" skX="0" skY="0"/>
    </frame>
    <frame displayIndex="6" z="0" duration="1">
     <transform scX="1" x="0" scY="1" y="0" pX="0" pY="0" skX="0" skY="0"/>
    </frame>
    <frame displayIndex="7" z="0" duration="1">
     <transform scX="1" x="0" scY="1" y="0" pX="0" pY="0" skX="0" skY="0"/>
    </frame>
    <frame displayIndex="8" z="0" duration="1">
     <transform scX="1" x="0" scY="1" y="0" pX="0" pY="0" skX="0" skY="0"/>
    </frame>
    <frame displayIndex="9" z="0" duration="1">
     <transform scX="1" x="0" scY="1" y="0" pX="0" pY="0" skX="0" skY="0"/>
    </frame>
    <frame displayIndex="10" z="0" duration="1">
     <transform scX="1" x="0" scY="1" y="0" pX="0" pY="0" skX="0" skY="0"/>
    </frame>
    <frame displayIndex="10" z="0" duration="1">
     <transform scX="1" x="0" scY="1" y="0" pX="0" pY="0" skX="0" skY="0"/>
    </frame>
   </timeline>
  </animation>
 </armature>
 <armature name="fast.cont.cont2">
  <skin name="default">
   <slot name="Layer 1" z="0" parent="Layer 1">
    <display name="Shape/shape 12693" type="image">
     <transform scX="1" x="0" scY="1" y="0" pX="20" pY="20" skX="0" skY="0"/>
    </display>
    <display name="Shape/shape 12719" type="image">
     <transform scX="1" x="0" scY="1" y="0" pX="20" pY="20" skX="0" skY="0"/>
    </display>
    <display name="Shape/shape 12721" type="image">
     <transform scX="1" x="0" scY="1" y="0" pX="20" pY="20" skX="0" skY="0"/>
    </display>
    <display name="Shape/shape 12723" type="image">
     <transform scX="1" x="0" scY="1" y="0" pX="20" pY="20" skX="0" skY="0"/>
    </display>
    <display name="Shape/shape 12725" type="image">
     <transform scX="1" x="0" scY="1" y="0" pX="20" pY="20" skX="0" skY="0"/>
    </display>
    <display name="Shape/shape 12727" type="image">
     <transform scX="1" x="0" scY="1" y="0" pX="20" pY="20" skX="0" skY="0"/>
    </display>
    <display name="Shape/shape 12729" type="image">
     <transform scX="1" x="0" scY="1" y="0" pX="20" pY="20" skX="0" skY="0"/>
    </display>
    <display name="Shape/shape 12731" type="image">
     <transform scX="1" x="0" scY="1" y="0" pX="20" pY="20" skX="0" skY="0"/>
    </display>
    <display name="Shape/shape 12733" type="image">
     <transform scX="1" x="0" scY="1" y="0" pX="20" pY="20" skX="0" skY="0"/>
    </display>
    <display name="Shape/shape 12735" type="image">
     <transform scX="1" x="0" scY="1" y="0" pX="20" pY="20" skX="0" skY="0"/>
    </display>
    <display name="Shape/shape 12737" type="image">
     <transform scX="1" x="0" scY="1" y="0" pX="20" pY="20" skX="0" skY="0"/>
    </display>
   </slot>
  </skin>
  <bone name="Layer 1">
   <transform scX="1" x="0" skX="0" scY="1" y="0" skY="0"/>
  </bone>
  <animation fadeInTime="0.3" scale="1" loop="1" autoTween="NaN" name="cont" duration="12" tweenEasing="NaN">
   <timeline pX="0" name="Layer 1" pY="0" scale="1" offset="0">
    <frame z="0" duration="1">
     <transform scX="1" x="0" scY="1" y="0" pX="0" pY="0" skX="0" skY="0"/>
    </frame>
    <frame displayIndex="1" z="0" duration="1">
     <transform scX="1" x="0" scY="1" y="0" pX="0" pY="0" skX="0" skY="0"/>
    </frame>
    <frame displayIndex="2" z="0" duration="1">
     <transform scX="1" x="0" scY="1" y="0" pX="0" pY="0" skX="0" skY="0"/>
    </frame>
    <frame displayIndex="3" z="0" duration="1">
     <transform scX="1" x="0" scY="1" y="0" pX="0" pY="0" skX="0" skY="0"/>
    </frame>
    <frame displayIndex="4" z="0" duration="1">
     <transform scX="1" x="0" scY="1" y="0" pX="0" pY="0" skX="0" skY="0"/>
    </frame>
    <frame displayIndex="5" z="0" duration="1">
     <transform scX="1" x="0" scY="1" y="0" pX="0" pY="0" skX="0" skY="0"/>
    </frame>
    <frame displayIndex="6" z="0" duration="1">
     <transform scX="1" x="0" scY="1" y="0" pX="0" pY="0" skX="0" skY="0"/>
    </frame>
    <frame displayIndex="7" z="0" duration="1">
     <transform scX="1" x="0" scY="1" y="0" pX="0" pY="0" skX="0" skY="0"/>
    </frame>
    <frame displayIndex="8" z="0" duration="1">
     <transform scX="1" x="0" scY="1" y="0" pX="0" pY="0" skX="0" skY="0"/>
    </frame>
    <frame displayIndex="9" z="0" duration="1">
     <transform scX="1" x="0" scY="1" y="0" pX="0" pY="0" skX="0" skY="0"/>
    </frame>
    <frame displayIndex="10" z="0" duration="1">
     <transform scX="1" x="0" scY="1" y="0" pX="0" pY="0" skX="0" skY="0"/>
    </frame>
    <frame displayIndex="10" z="0" duration="1">
     <transform scX="1" x="0" scY="1" y="0" pX="0" pY="0" skX="0" skY="0"/>
    </frame>
   </timeline>
  </animation>
 </armature>
</root>