{"armature":[{"skin":[{"name":"default","slot":[{"name":"bg2","z":0,"display":[{"transform":{"x":-153,"y":-14.5},"name":"__dbTextures/worldStart_mc/bg2_0","type":"image"}],"parent":"bg2"},{"name":"bg1","z":1,"display":[{"transform":{"x":-70,"y":-32.5},"name":"__dbTextures/worldStart_mc/bg1_0","type":"image"}],"parent":"bg1"},{"name":"startWaves","z":2,"display":[{"transform":{},"name":"startWaves","type":"armature"}],"parent":"startWaves"},{"name":"fast","z":3,"display":[{"transform":{},"name":"fast","type":"armature"}],"parent":"fast"}]}],"name":"worldStart_mc","bone":[{"transform":{"x":-44.95,"y":-14.2},"name":"startWaves"},{"transform":{"x":-69,"y":-11.05},"name":"bg1"},{"transform":{"x":-75,"y":14.5},"name":"bg2"},{"transform":{"x":-96.95,"y":-18.55},"name":"fast"}],"animation":[{"fadeInTime":0.3,"timeline":[{"name":"bg2","frame":[{"transform":{},"z":0,"duration":1,"tweenEasing":null}]},{"name":"bg1","frame":[{"transform":{},"z":0,"duration":1,"tweenEasing":null}]},{"name":"startWaves","frame":[{"z":0,"transform":{},"duration":1}]},{"name":"fast","frame":[{"z":0,"transform":{},"duration":1}]}],"autoTween":1,"name":"worldStart_mc","duration":1,"tweenEasing":null}]},{"skin":[{"name":"default","slot":[{"name":"Layer 1","z":0,"display":[{"transform":{"pX":21,"pY":21},"name":"Shape/shape 12653","type":"image"},{"transform":{"pX":24,"pY":25},"name":"Shape/shape 12659","type":"image"},{"transform":{"pX":21,"pY":21},"name":"Shape/shape 12665","type":"image"}],"parent":"Layer 1"},{"name":"Layer 2","z":1,"display":[{"transform":{"pX":20,"pY":16},"name":"Shape/shape 12654","type":"image"},{"transform":{"pX":20,"pY":16},"name":"Shape/shape 12655","type":"image"},{"transform":{"pX":20,"pY":16},"name":"Shape/shape 12656","type":"image"},{"transform":{"pX":20,"pY":16},"name":"Shape/shape 12657","type":"image"},{"transform":{"pX":20,"pY":16},"name":"Shape/shape 12658","type":"image"},{"transform":{"pX":24,"pY":19},"name":"Shape/shape 12660","type":"image"},{"transform":{"pX":24,"pY":19},"name":"Shape/shape 12661","type":"image"},{"transform":{"pX":24,"pY":19},"name":"Shape/shape 12662","type":"image"},{"transform":{"pX":24,"pY":19},"name":"Shape/shape 12663","type":"image"},{"transform":{"pX":24,"pY":19},"name":"Shape/shape 12664","type":"image"}],"parent":"Layer 2"},{"name":"startWavesCase","z":2,"display":[{"transform":{"pX":25,"pY":25},"name":"Case","type":"image"}],"parent":"startWavesCase"}]}],"name":"startWaves","bone":[{"transform":{},"name":"Layer 1"},{"transform":{},"name":"Layer 2"},{"transform":{"scX":0.92,"x":-1.25,"scY":0.93,"y":-2.1},"name":"startWavesCase"}],"animation":[{"fadeInTime":0.3,"timeline":[{"name":"Layer 1","frame":[{"z":0,"transform":{},"duration":10},{"displayIndex":1,"transform":{},"z":0,"duration":9}]},{"name":"Layer 2","frame":[{"z":0,"transform":{},"duration":2},{"displayIndex":1,"transform":{},"z":0,"duration":2},{"displayIndex":2,"transform":{},"z":0,"duration":2},{"displayIndex":3,"transform":{},"z":0,"duration":2},{"displayIndex":4,"transform":{},"z":0,"duration":2},{"displayIndex":5,"transform":{},"z":0,"duration":2},{"displayIndex":6,"transform":{},"z":0,"duration":2},{"displayIndex":7,"transform":{},"z":0,"duration":2},{"displayIndex":8,"transform":{},"z":0,"duration":2},{"displayIndex":9,"transform":{},"z":0,"duration":1}]},{"name":"startWavesCase","frame":[{"z":0,"transform":{},"duration":19}]}],"autoTween":1,"name":"startWaves","duration":19,"tweenEasing":null},{"name":"startWaves_0","timeline":[{"name":"Layer 1","frame":[{"displayIndex":2,"transform":{},"z":0,"duration":1},{"displayIndex":2,"transform":{},"z":0,"duration":1},{"displayIndex":2,"transform":{},"z":0,"duration":1}]},{"name":"Layer 2","frame":[{"displayIndex":9,"transform":{},"z":0,"duration":1},{"displayIndex":-1,"duration":2}]},{"name":"startWavesCase","frame":[{"z":0,"transform":{},"duration":1},{"z":0,"transform":{},"duration":2}]}],"frame":[{"duration":1},{"duration":2}],"autoTween":1,"fadeInTime":0.3,"duration":3,"tweenEasing":null}]},{"skin":[{"name":"default","slot":[{"name":"cont","z":0,"display":[{"transform":{"pX":20,"pY":20},"name":"Shape/shape 12693","type":"image"},{"transform":{"pX":20,"pY":20},"name":"Shape/shape 12695","type":"image"},{"transform":{"pX":18,"pY":18},"name":"Shape/shape 12696","type":"image"},{"transform":{},"name":"fast.cont.cont1","type":"armature"},{"transform":{},"name":"fast.cont.cont2","type":"armature"},{"transform":{"pX":18,"pY":18},"name":"Shape/shape 12739","type":"image"}],"parent":"cont"},{"name":"fastCase","z":1,"display":[{"transform":{"pX":25,"pY":25},"name":"Case","type":"image"}],"parent":"fastCase"}]}],"name":"fast","bone":[{"transform":{},"name":"cont"},{"transform":{"scX":0.8,"x":2.3,"scY":0.8,"y":1.55},"name":"fastCase"}],"animation":[{"name":"faster","timeline":[{"name":"cont","frame":[{"z":0,"transform":{},"duration":1},{"displayIndex":1,"transform":{"scX":1.1,"scY":1.1},"z":0,"duration":1},{"displayIndex":2,"transform":{},"z":0,"duration":1},{"displayIndex":3,"transform":{},"z":0,"duration":1},{"displayIndex":4,"transform":{"scX":1.1,"scY":1.1},"z":0,"duration":1},{"displayIndex":5,"transform":{},"z":0,"duration":1},{"displayIndex":5,"transform":{},"z":0,"duration":1}]},{"name":"fastCase","frame":[{"z":0,"transform":{},"duration":6},{"z":0,"transform":{},"duration":1}]}],"frame":[{"duration":6},{"duration":1}],"autoTween":1,"fadeInTime":0.3,"duration":7,"tweenEasing":null}]},{"skin":[{"name":"default","slot":[{"name":"faster","z":0,"display":[{"transform":{"pX":20,"pY":20},"name":"Shape/shape 12695","type":"image"},{"transform":{"pX":20,"pY":20},"name":"Shape/shape 12698","type":"image"},{"transform":{"pX":20,"pY":20},"name":"Shape/shape 12700","type":"image"},{"transform":{"pX":20,"pY":20},"name":"Shape/shape 12702","type":"image"},{"transform":{"pX":20,"pY":20},"name":"Shape/shape 12704","type":"image"},{"transform":{"pX":20,"pY":20},"name":"Shape/shape 12706","type":"image"},{"transform":{"pX":20,"pY":20},"name":"Shape/shape 12708","type":"image"},{"transform":{"pX":20,"pY":20},"name":"Shape/shape 12710","type":"image"},{"transform":{"pX":20,"pY":20},"name":"Shape/shape 12712","type":"image"},{"transform":{"pX":20,"pY":20},"name":"Shape/shape 12714","type":"image"},{"transform":{"pX":20,"pY":20},"name":"Shape/shape 12716","type":"image"}],"parent":"faster"}]}],"name":"fast.cont.cont1","bone":[{"transform":{},"name":"faster"}],"animation":[{"fadeInTime":0.3,"timeline":[{"name":"faster","frame":[{"z":0,"transform":{},"duration":1},{"displayIndex":1,"transform":{},"z":0,"duration":1},{"displayIndex":2,"transform":{},"z":0,"duration":1},{"displayIndex":3,"transform":{},"z":0,"duration":1},{"displayIndex":4,"transform":{},"z":0,"duration":1},{"displayIndex":5,"transform":{},"z":0,"duration":1},{"displayIndex":6,"transform":{},"z":0,"duration":1},{"displayIndex":7,"transform":{},"z":0,"duration":1},{"displayIndex":8,"transform":{},"z":0,"duration":1},{"displayIndex":9,"transform":{},"z":0,"duration":1},{"displayIndex":10,"transform":{},"z":0,"duration":1},{"displayIndex":10,"transform":{},"z":0,"duration":1}]}],"autoTween":1,"name":"cont","duration":12,"tweenEasing":null}]},{"skin":[{"name":"default","slot":[{"name":"Layer 1","z":0,"display":[{"transform":{"pX":20,"pY":20},"name":"Shape/shape 12693","type":"image"},{"transform":{"pX":20,"pY":20},"name":"Shape/shape 12719","type":"image"},{"transform":{"pX":20,"pY":20},"name":"Shape/shape 12721","type":"image"},{"transform":{"pX":20,"pY":20},"name":"Shape/shape 12723","type":"image"},{"transform":{"pX":20,"pY":20},"name":"Shape/shape 12725","type":"image"},{"transform":{"pX":20,"pY":20},"name":"Shape/shape 12727","type":"image"},{"transform":{"pX":20,"pY":20},"name":"Shape/shape 12729","type":"image"},{"transform":{"pX":20,"pY":20},"name":"Shape/shape 12731","type":"image"},{"transform":{"pX":20,"pY":20},"name":"Shape/shape 12733","type":"image"},{"transform":{"pX":20,"pY":20},"name":"Shape/shape 12735","type":"image"},{"transform":{"pX":20,"pY":20},"name":"Shape/shape 12737","type":"image"}],"parent":"Layer 1"}]}],"name":"fast.cont.cont2","bone":[{"transform":{},"name":"Layer 1"}],"animation":[{"fadeInTime":0.3,"timeline":[{"name":"Layer 1","frame":[{"z":0,"transform":{},"duration":1},{"displayIndex":1,"transform":{},"z":0,"duration":1},{"displayIndex":2,"transform":{},"z":0,"duration":1},{"displayIndex":3,"transform":{},"z":0,"duration":1},{"displayIndex":4,"transform":{},"z":0,"duration":1},{"displayIndex":5,"transform":{},"z":0,"duration":1},{"displayIndex":6,"transform":{},"z":0,"duration":1},{"displayIndex":7,"transform":{},"z":0,"duration":1},{"displayIndex":8,"transform":{},"z":0,"duration":1},{"displayIndex":9,"transform":{},"z":0,"duration":1},{"displayIndex":10,"transform":{},"z":0,"duration":1},{"displayIndex":10,"transform":{},"z":0,"duration":1}]}],"autoTween":1,"name":"cont","duration":12,"tweenEasing":null}]}],"name":"worldStart_mc","isGlobal":0,"frameRate":30,"version":"3.0"}