{"imagePath":"texture.png","SubTexture":[{"name":"__dbTextures/worldStart_mc/bg2_0","x":0,"width":306,"y":0,"height":29},{"name":"__dbTextures/worldStart_mc/bg1_0","x":308,"width":140,"y":0,"height":65},{"name":"Shape/shape 12653","x":91,"width":41,"y":31,"height":44},{"name":"Shape/shape 12659","x":0,"width":48,"y":31,"height":51},{"name":"Shape/shape 12665","x":49,"width":41,"y":31,"height":44},{"name":"Shape/shape 12654","x":86,"width":40,"y":118,"height":21},{"name":"Shape/shape 12655","x":0,"width":40,"y":147,"height":21},{"name":"Shape/shape 12656","x":299,"width":40,"y":151,"height":21},{"name":"Shape/shape 12657","x":86,"width":40,"y":140,"height":21},{"name":"Shape/shape 12658","x":0,"width":40,"y":125,"height":21},{"name":"Shape/shape 12660","x":434,"width":49,"y":136,"height":26},{"name":"Shape/shape 12661","x":127,"width":49,"y":157,"height":26},{"name":"Shape/shape 12662","x":177,"width":49,"y":157,"height":26},{"name":"Shape/shape 12663","x":340,"width":49,"y":151,"height":26},{"name":"Shape/shape 12664","x":227,"width":49,"y":157,"height":26},{"name":"Case","x":450,"width":50,"y":0,"height":50},{"name":"Shape/shape 12693","x":176,"width":41,"y":73,"height":40},{"name":"Shape/shape 12695","x":219,"width":41,"y":31,"height":40},{"name":"Shape/shape 12696","x":260,"width":38,"y":115,"height":37},{"name":"Shape/shape 12739","x":49,"width":38,"y":76,"height":37},{"name":"Shape/shape 12698","x":174,"width":41,"y":115,"height":40},{"name":"Shape/shape 12700","x":217,"width":41,"y":115,"height":40},{"name":"Shape/shape 12702","x":391,"width":41,"y":109,"height":40},{"name":"Shape/shape 12704","x":450,"width":41,"y":52,"height":40},{"name":"Shape/shape 12706","x":305,"width":41,"y":67,"height":40},{"name":"Shape/shape 12708","x":348,"width":41,"y":67,"height":40},{"name":"Shape/shape 12710","x":133,"width":41,"y":73,"height":40},{"name":"Shape/shape 12712","x":88,"width":41,"y":76,"height":40},{"name":"Shape/shape 12714","x":133,"width":41,"y":31,"height":40},{"name":"Shape/shape 12716","x":0,"width":41,"y":83,"height":40},{"name":"Shape/shape 12719","x":262,"width":41,"y":31,"height":40},{"name":"Shape/shape 12721","x":348,"width":41,"y":109,"height":40},{"name":"Shape/shape 12723","x":262,"width":41,"y":73,"height":40},{"name":"Shape/shape 12725","x":219,"width":41,"y":73,"height":40},{"name":"Shape/shape 12727","x":305,"width":41,"y":109,"height":40},{"name":"Shape/shape 12729","x":391,"width":41,"y":67,"height":40},{"name":"Shape/shape 12731","x":176,"width":41,"y":31,"height":40},{"name":"Shape/shape 12733","x":131,"width":41,"y":115,"height":40},{"name":"Shape/shape 12735","x":43,"width":41,"y":114,"height":40},{"name":"Shape/shape 12737","x":434,"width":41,"y":94,"height":40}],"name":"worldStart_mc"}