<root name="Unit24VerticalDeath_mc" isGlobal="0" frameRate="30" version="3.0">
 <armature name="Unit24VerticalDeath_mc">
  <skin name="default">
   <slot name="Layer 1" z="0" parent="Layer 1">
    <display name="Shape/shape 11627" type="image">
     <transform scX="1" x="0" scY="1" y="0" pX="24" pY="53" skX="0" skY="0"/>
    </display>
    <display name="Shape/shape 11629" type="image">
     <transform scX="1" x="0" scY="1" y="0" pX="24" pY="53" skX="0" skY="0"/>
    </display>
    <display name="Shape/shape 11631" type="image">
     <transform scX="1" x="0" scY="1" y="0" pX="24" pY="53" skX="0" skY="0"/>
    </display>
    <display name="Shape/shape 11633" type="image">
     <transform scX="1" x="0" scY="1" y="0" pX="24" pY="53" skX="0" skY="0"/>
    </display>
    <display name="Shape/shape 11635" type="image">
     <transform scX="1" x="0" scY="1" y="0" pX="24" pY="53" skX="0" skY="0"/>
    </display>
    <display name="Shape/shape 11637" type="image">
     <transform scX="1" x="0" scY="1" y="0" pX="24" pY="53" skX="0" skY="0"/>
    </display>
    <display name="Shape/shape 11639" type="image">
     <transform scX="1" x="0" scY="1" y="0" pX="24" pY="53" skX="0" skY="0"/>
    </display>
    <display name="Shape/shape 11641" type="image">
     <transform scX="1" x="0" scY="1" y="0" pX="24" pY="53" skX="0" skY="0"/>
    </display>
    <display name="Shape/shape 11643" type="image">
     <transform scX="1" x="0" scY="1" y="0" pX="24" pY="53" skX="0" skY="0"/>
    </display>
    <display name="Shape/shape 11645" type="image">
     <transform scX="1" x="0" scY="1" y="0" pX="24" pY="53" skX="0" skY="0"/>
    </display>
    <display name="Shape/shape 11647" type="image">
     <transform scX="1" x="0" scY="1" y="0" pX="24" pY="53" skX="0" skY="0"/>
    </display>
    <display name="Shape/shape 11649" type="image">
     <transform scX="1" x="0" scY="1" y="0" pX="24" pY="53" skX="0" skY="0"/>
    </display>
    <display name="Shape/shape 11651" type="image">
     <transform scX="1" x="0" scY="1" y="0" pX="24" pY="53" skX="0" skY="0"/>
    </display>
    <display name="Shape/shape 11653" type="image">
     <transform scX="1" x="0" scY="1" y="0" pX="24" pY="53" skX="0" skY="0"/>
    </display>
    <display name="Shape/shape 11655" type="image">
     <transform scX="1" x="0" scY="1" y="0" pX="24" pY="53" skX="0" skY="0"/>
    </display>
    <display name="Shape/shape 11657" type="image">
     <transform scX="1" x="0" scY="1" y="0" pX="24" pY="53" skX="0" skY="0"/>
    </display>
    <display name="Shape/shape 11659" type="image">
     <transform scX="1" x="0" scY="1" y="0" pX="24" pY="53" skX="0" skY="0"/>
    </display>
    <display name="Shape/shape 11661" type="image">
     <transform scX="1" x="0" scY="1" y="0" pX="24" pY="53" skX="0" skY="0"/>
    </display>
    <display name="Shape/shape 11663" type="image">
     <transform scX="1" x="0" scY="1" y="0" pX="24" pY="53" skX="0" skY="0"/>
    </display>
   </slot>
  </skin>
  <bone name="Layer 1">
   <transform scX="1" x="0" skX="0" scY="1" y="0" skY="0"/>
  </bone>
  <animation fadeInTime="0.3" scale="1" loop="1" autoTween="NaN" name="Unit24VerticalDeath_mc" duration="37" tweenEasing="NaN">
   <timeline pX="0" name="Layer 1" pY="0" scale="1" offset="0">
    <frame z="0" duration="2">
     <transform scX="1" x="0" scY="1" y="0" pX="0" pY="0" skX="0" skY="0"/>
    </frame>
    <frame displayIndex="1" z="0" duration="2">
     <transform scX="1" x="0" scY="1" y="0" pX="0" pY="0" skX="0" skY="0"/>
    </frame>
    <frame displayIndex="2" z="0" duration="2">
     <transform scX="1" x="0" scY="1" y="0" pX="0" pY="0" skX="0" skY="0"/>
    </frame>
    <frame displayIndex="3" z="0" duration="2">
     <transform scX="1" x="0" scY="1" y="0" pX="0" pY="0" skX="0" skY="0"/>
    </frame>
    <frame displayIndex="4" z="0" duration="2">
     <transform scX="1" x="0" scY="1" y="0" pX="0" pY="0" skX="0" skY="0"/>
    </frame>
    <frame displayIndex="5" z="0" duration="2">
     <transform scX="1" x="0" scY="1" y="0" pX="0" pY="0" skX="0" skY="0"/>
    </frame>
    <frame displayIndex="6" z="0" duration="2">
     <transform scX="1" x="0" scY="1" y="0" pX="0" pY="0" skX="0" skY="0"/>
    </frame>
    <frame displayIndex="7" z="0" duration="2">
     <transform scX="1" x="0" scY="1" y="0" pX="0" pY="0" skX="0" skY="0"/>
    </frame>
    <frame displayIndex="8" z="0" duration="2">
     <transform scX="1" x="0" scY="1" y="0" pX="0" pY="0" skX="0" skY="0"/>
    </frame>
    <frame displayIndex="9" z="0" duration="2">
     <transform scX="1" x="0" scY="1" y="0" pX="0" pY="0" skX="0" skY="0"/>
    </frame>
    <frame displayIndex="10" z="0" duration="2">
     <transform scX="1" x="0" scY="1" y="0" pX="0" pY="0" skX="0" skY="0"/>
    </frame>
    <frame displayIndex="11" z="0" duration="2">
     <transform scX="1" x="0" scY="1" y="0" pX="0" pY="0" skX="0" skY="0"/>
    </frame>
    <frame displayIndex="12" z="0" duration="1">
     <transform scX="1" x="0" scY="1" y="0" pX="0" pY="0" skX="0" skY="0"/>
    </frame>
    <frame displayIndex="13" z="0" duration="2">
     <transform scX="1" x="0" scY="1" y="0" pX="0" pY="0" skX="0" skY="0"/>
    </frame>
    <frame displayIndex="14" z="0" duration="2">
     <transform scX="1" x="0" scY="1" y="0" pX="0" pY="0" skX="0" skY="0"/>
    </frame>
    <frame displayIndex="15" z="0" duration="2">
     <transform scX="1" x="0" scY="1" y="0" pX="0" pY="0" skX="0" skY="0"/>
    </frame>
    <frame displayIndex="16" z="0" duration="2">
     <transform scX="1" x="0" scY="1" y="0" pX="0" pY="0" skX="0" skY="0"/>
    </frame>
    <frame displayIndex="17" z="0" duration="2">
     <transform scX="1" x="0" scY="1" y="0" pX="0" pY="0" skX="0" skY="0"/>
    </frame>
    <frame displayIndex="18" z="0" duration="1">
     <transform scX="1" x="0" scY="1" y="0" pX="0" pY="0" skX="0" skY="0"/>
    </frame>
    <frame displayIndex="18" z="0" duration="1">
     <transform scX="1" x="0" scY="1" y="0" pX="0" pY="0" skX="0" skY="0"/>
    </frame>
   </timeline>
  </animation>
 </armature>
</root>