<TextureAtlas name="Unit24VerticalDeath_mc" imagePath="texture.png">
 <SubTexture name="Shape/shape 11627" x="54" y="128" width="52" height="62"/>
 <SubTexture name="Shape/shape 11629" x="108" y="64" width="52" height="62"/>
 <SubTexture name="Shape/shape 11631" x="0" y="192" width="52" height="62"/>
 <SubTexture name="Shape/shape 11633" x="162" y="192" width="52" height="62"/>
 <SubTexture name="Shape/shape 11635" x="0" y="64" width="52" height="62"/>
 <SubTexture name="Shape/shape 11637" x="54" y="192" width="52" height="62"/>
 <SubTexture name="Shape/shape 11639" x="108" y="128" width="52" height="62"/>
 <SubTexture name="Shape/shape 11641" x="54" y="0" width="52" height="62"/>
 <SubTexture name="Shape/shape 11643" x="0" y="256" width="52" height="62"/>
 <SubTexture name="Shape/shape 11645" x="162" y="128" width="52" height="62"/>
 <SubTexture name="Shape/shape 11647" x="54" y="64" width="52" height="62"/>
 <SubTexture name="Shape/shape 11649" x="108" y="192" width="52" height="62"/>
 <SubTexture name="Shape/shape 11651" x="108" y="0" width="52" height="62"/>
 <SubTexture name="Shape/shape 11653" x="54" y="256" width="52" height="62"/>
 <SubTexture name="Shape/shape 11655" x="0" y="128" width="52" height="62"/>
 <SubTexture name="Shape/shape 11657" x="162" y="64" width="52" height="62"/>
 <SubTexture name="Shape/shape 11659" x="162" y="0" width="52" height="62"/>
 <SubTexture name="Shape/shape 11661" x="0" y="0" width="52" height="62"/>
 <SubTexture name="Shape/shape 11663" x="108" y="256" width="52" height="62"/>
</TextureAtlas>