<root name="MoveAir_mc" isGlobal="0" frameRate="30" version="3.0">
 <armature name="MoveAir_mc">
  <skin name="default">
   <slot name="right" z="0" parent="right">
    <display name="leftright" type="armature">
     <transform scX="1" x="0" skX="0" scY="1" y="0" skY="0"/>
    </display>
   </slot>
   <slot name="cont" z="1" parent="cont">
    <display name="Shape/shape 216" type="image">
     <transform scX="1" x="0" scY="1" y="0" pX="19" pY="19" skX="0" skY="0"/>
    </display>
    <display name="Shape/shape 218" type="image">
     <transform scX="1" x="0" scY="1" y="0" pX="19" pY="17" skX="0" skY="0"/>
    </display>
   </slot>
   <slot name="left" z="2" parent="left">
    <display name="leftright" type="armature">
     <transform scX="1" x="0" skX="0" scY="1" y="0" skY="0"/>
    </display>
   </slot>
   <slot name="up" z="3" parent="up">
    <display name="updown" type="armature">
     <transform scX="1" x="0" skX="0" scY="1" y="0" skY="0"/>
    </display>
   </slot>
   <slot name="down" z="4" parent="down">
    <display name="updown" type="armature">
     <transform scX="1" x="0" skX="0" scY="1" y="0" skY="0"/>
    </display>
   </slot>
   <slot name="bg" z="5" parent="bg">
    <display name="Shape/shape 214" type="image">
     <transform scX="1" x="0" scY="1" y="0" pX="31" pY="32" skX="0" skY="0"/>
    </display>
   </slot>
  </skin>
  <bone name="up">
   <transform scX="1" x="1" skX="0" scY="1" y="-63" skY="0"/>
  </bone>
  <bone name="cont">
   <transform scX="1" x="0" skX="0" scY="1" y="0" skY="0"/>
  </bone>
  <bone name="left">
   <transform scX="-1" x="-58" skX="0" scY="1" y="1" skY="0"/>
  </bone>
  <bone name="right">
   <transform scX="1" x="58" skX="0" scY="1" y="1" skY="0"/>
  </bone>
  <bone name="down">
   <transform scX="-1" x="1" skX="180" scY="1" y="63" skY="-180"/>
  </bone>
  <bone name="bg">
   <transform scX="1" x="0" skX="0" scY="1" y="0" skY="0"/>
  </bone>
  <animation fadeInTime="0.3" scale="1" loop="1" autoTween="NaN" name="MoveAir_mc" duration="4" tweenEasing="NaN">
   <timeline pX="0" name="right" pY="0" scale="1" offset="0">
    <frame z="0" duration="1">
     <transform scX="1" x="0" scY="1" y="0" pX="0" pY="0" skX="0" skY="0"/>
    </frame>
    <frame z="0" duration="1">
     <transform scX="1" x="0" scY="1" y="0" pX="0" pY="0" skX="0" skY="0"/>
    </frame>
    <frame displayIndex="-1" duration="2"/>
   </timeline>
   <timeline pX="0" name="cont" pY="0" scale="1" offset="0">
    <frame displayIndex="-1" duration="1"/>
    <frame z="0" duration="1">
     <transform scX="1" x="0" scY="1" y="0" pX="0" pY="0" skX="0" skY="0"/>
    </frame>
    <frame displayIndex="1" z="0" duration="1">
     <transform scX="1" x="0" scY="1" y="0" pX="0" pY="0" skX="0" skY="0"/>
    </frame>
    <frame displayIndex="1" z="0" duration="1">
     <transform scX="1" x="0" scY="1" y="0" pX="0" pY="0" skX="0" skY="0"/>
    </frame>
   </timeline>
   <timeline pX="0" name="left" pY="0" scale="1" offset="0">
    <frame z="0" duration="1">
     <transform scX="1" x="0" scY="1" y="0" pX="0" pY="0" skX="0" skY="0"/>
    </frame>
    <frame z="0" duration="1">
     <transform scX="1" x="0" scY="1" y="0" pX="0" pY="0" skX="0" skY="0"/>
    </frame>
    <frame displayIndex="-1" duration="2"/>
   </timeline>
   <timeline pX="0" name="up" pY="0" scale="1" offset="0">
    <frame z="0" duration="1">
     <transform scX="1" x="0" scY="1" y="0" pX="0" pY="0" skX="0" skY="0"/>
    </frame>
    <frame z="0" duration="1">
     <transform scX="1" x="0" scY="1" y="0" pX="0" pY="0" skX="0" skY="0"/>
    </frame>
    <frame displayIndex="-1" duration="2"/>
   </timeline>
   <timeline pX="0" name="down" pY="0" scale="1" offset="0">
    <frame z="0" duration="1">
     <transform scX="1" x="0" scY="1" y="0" pX="0" pY="0" skX="0" skY="0"/>
    </frame>
    <frame z="0" duration="1">
     <transform scX="1" x="0" scY="1" y="0" pX="0" pY="0" skX="0" skY="0"/>
    </frame>
    <frame displayIndex="-1" duration="2"/>
   </timeline>
   <timeline pX="0" name="bg" pY="0" scale="1" offset="0">
    <frame z="0" duration="1">
     <transform scX="1" x="0" scY="1" y="0" pX="0" pY="0" skX="0" skY="0"/>
    </frame>
    <frame z="0" duration="1">
     <transform scX="1" x="0" scY="1" y="0" pX="0" pY="0" skX="0" skY="0"/>
    </frame>
    <frame displayIndex="-1" duration="2"/>
   </timeline>
  </animation>
 </armature>
 <armature name="leftright">
  <skin name="default">
   <slot name="cont" z="0" parent="cont">
    <display name="Shape/shape 188" type="image">
     <transform scX="1" x="0" scY="1" y="0" pX="81" pY="42" skX="0" skY="0"/>
    </display>
    <display name="Shape/shape 190" type="image">
     <transform scX="1" x="0" scY="1" y="0" pX="81" pY="42" skX="0" skY="0"/>
    </display>
    <display name="Shape/shape 192" type="image">
     <transform scX="1" x="0" scY="1" y="0" pX="81" pY="42" skX="0" skY="0"/>
    </display>
    <display name="Shape/shape 194" type="image">
     <transform scX="1" x="0" scY="1" y="0" pX="81" pY="42" skX="0" skY="0"/>
    </display>
    <display name="Shape/shape 196" type="image">
     <transform scX="1" x="0" scY="1" y="0" pX="81" pY="42" skX="0" skY="0"/>
    </display>
    <display name="Shape/shape 198" type="image">
     <transform scX="1" x="0" scY="1" y="0" pX="81" pY="42" skX="0" skY="0"/>
    </display>
    <display name="Shape/shape 200" type="image">
     <transform scX="1" x="0" scY="1" y="0" pX="81" pY="42" skX="0" skY="0"/>
    </display>
    <display name="Shape/shape 202" type="image">
     <transform scX="1" x="0" scY="1" y="0" pX="81" pY="42" skX="0" skY="0"/>
    </display>
   </slot>
  </skin>
  <bone name="cont">
   <transform scX="1" x="0" skX="0" scY="1" y="0" skY="0"/>
  </bone>
  <animation fadeInTime="0.3" scale="1" loop="1" autoTween="NaN" name="leftright" duration="16" tweenEasing="NaN">
   <timeline pX="0" name="cont" pY="0" scale="1" offset="0">
    <frame z="0" duration="2">
     <transform scX="1" x="0" scY="1" y="0" pX="0" pY="0" skX="0" skY="0"/>
    </frame>
    <frame displayIndex="1" z="0" duration="2">
     <transform scX="1" x="0" scY="1" y="0" pX="0" pY="0" skX="0" skY="0"/>
    </frame>
    <frame displayIndex="2" z="0" duration="2">
     <transform scX="1" x="0" scY="1" y="0" pX="0" pY="0" skX="0" skY="0"/>
    </frame>
    <frame displayIndex="3" z="0" duration="2">
     <transform scX="1" x="0" scY="1" y="0" pX="0" pY="0" skX="0" skY="0"/>
    </frame>
    <frame displayIndex="4" z="0" duration="2">
     <transform scX="1" x="0" scY="1" y="0" pX="0" pY="0" skX="0" skY="0"/>
    </frame>
    <frame displayIndex="5" z="0" duration="2">
     <transform scX="1" x="0" scY="1" y="0" pX="0" pY="0" skX="0" skY="0"/>
    </frame>
    <frame displayIndex="6" z="0" duration="2">
     <transform scX="1" x="0" scY="1" y="0" pX="0" pY="0" skX="0" skY="0"/>
    </frame>
    <frame displayIndex="7" z="0" duration="1">
     <transform scX="1" x="0" scY="1" y="0" pX="0" pY="0" skX="0" skY="0"/>
    </frame>
    <frame displayIndex="7" z="0" duration="1">
     <transform scX="1" x="0" scY="1" y="0" pX="0" pY="0" skX="0" skY="0"/>
    </frame>
   </timeline>
  </animation>
 </armature>
 <armature name="updown">
  <skin name="default">
   <slot name="cont" z="0" parent="cont">
    <display name="Shape/shape 204" type="image">
     <transform scX="1" x="0" scY="1" y="0" pX="42" pY="82" skX="0" skY="0"/>
    </display>
    <display name="Shape/shape 205" type="image">
     <transform scX="1" x="0" scY="1" y="0" pX="42" pY="82" skX="0" skY="0"/>
    </display>
    <display name="Shape/shape 206" type="image">
     <transform scX="1" x="0" scY="1" y="0" pX="42" pY="82" skX="0" skY="0"/>
    </display>
    <display name="Shape/shape 207" type="image">
     <transform scX="1" x="0" scY="1" y="0" pX="42" pY="82" skX="0" skY="0"/>
    </display>
    <display name="Shape/shape 208" type="image">
     <transform scX="1" x="0" scY="1" y="0" pX="42" pY="82" skX="0" skY="0"/>
    </display>
    <display name="Shape/shape 209" type="image">
     <transform scX="1" x="0" scY="1" y="0" pX="42" pY="82" skX="0" skY="0"/>
    </display>
    <display name="Shape/shape 210" type="image">
     <transform scX="1" x="0" scY="1" y="0" pX="42" pY="82" skX="0" skY="0"/>
    </display>
    <display name="Shape/shape 211" type="image">
     <transform scX="1" x="0" scY="1" y="0" pX="42" pY="82" skX="0" skY="0"/>
    </display>
   </slot>
  </skin>
  <bone name="cont">
   <transform scX="1" x="0" skX="0" scY="1" y="0" skY="0"/>
  </bone>
  <animation fadeInTime="0.3" scale="1" loop="1" autoTween="NaN" name="updown" duration="16" tweenEasing="NaN">
   <timeline pX="0" name="cont" pY="0" scale="1" offset="0">
    <frame z="0" duration="2">
     <transform scX="1" x="0" scY="1" y="0" pX="0" pY="0" skX="0" skY="0"/>
    </frame>
    <frame displayIndex="1" z="0" duration="2">
     <transform scX="1" x="0" scY="1" y="0" pX="0" pY="0" skX="0" skY="0"/>
    </frame>
    <frame displayIndex="2" z="0" duration="2">
     <transform scX="1" x="0" scY="1" y="0" pX="0" pY="0" skX="0" skY="0"/>
    </frame>
    <frame displayIndex="3" z="0" duration="2">
     <transform scX="1" x="0" scY="1" y="0" pX="0" pY="0" skX="0" skY="0"/>
    </frame>
    <frame displayIndex="4" z="0" duration="2">
     <transform scX="1" x="0" scY="1" y="0" pX="0" pY="0" skX="0" skY="0"/>
    </frame>
    <frame displayIndex="5" z="0" duration="2">
     <transform scX="1" x="0" scY="1" y="0" pX="0" pY="0" skX="0" skY="0"/>
    </frame>
    <frame displayIndex="6" z="0" duration="2">
     <transform scX="1" x="0" scY="1" y="0" pX="0" pY="0" skX="0" skY="0"/>
    </frame>
    <frame displayIndex="7" z="0" duration="1">
     <transform scX="1" x="0" scY="1" y="0" pX="0" pY="0" skX="0" skY="0"/>
    </frame>
    <frame displayIndex="7" z="0" duration="1">
     <transform scX="1" x="0" scY="1" y="0" pX="0" pY="0" skX="0" skY="0"/>
    </frame>
   </timeline>
  </animation>
 </armature>
</root>