<TextureAtlas name="Golem2_mc" imagePath="texture.png">
 <SubTexture name="Shape/shape 1603" x="495" y="496" width="97" height="100"/>
 <SubTexture name="Shape/shape 1605" x="0" y="394" width="97" height="100"/>
 <SubTexture name="Shape/shape 1607" x="792" y="102" width="97" height="100"/>
 <SubTexture name="Shape/shape 1609" x="198" y="598" width="97" height="100"/>
 <SubTexture name="Shape/shape 1611" x="396" y="394" width="97" height="100"/>
 <SubTexture name="Shape/shape 1613" x="0" y="598" width="97" height="100"/>
 <SubTexture name="Shape/shape 1615" x="891" y="102" width="97" height="100"/>
 <SubTexture name="Shape/shape 1617" x="198" y="190" width="97" height="100"/>
 <SubTexture name="Shape/shape 1619" x="396" y="496" width="97" height="100"/>
 <SubTexture name="Shape/shape 1621" x="297" y="394" width="97" height="100"/>
 <SubTexture name="Shape/shape 1623" x="693" y="394" width="97" height="100"/>
 <SubTexture name="Shape/shape 1625" x="0" y="88" width="97" height="100"/>
 <SubTexture name="Shape/shape 1627" x="198" y="496" width="97" height="100"/>
 <SubTexture name="Shape/shape 1629" x="198" y="88" width="97" height="100"/>
 <SubTexture name="Shape/shape 1631" x="594" y="190" width="97" height="100"/>
 <SubTexture name="Shape/shape 1633" x="0" y="292" width="97" height="100"/>
 <SubTexture name="Shape/shape 1635" x="792" y="204" width="97" height="100"/>
 <SubTexture name="Shape/shape 1637" x="297" y="292" width="97" height="100"/>
 <SubTexture name="Shape/shape 1639" x="495" y="190" width="97" height="100"/>
 <SubTexture name="Shape/shape 1641" x="495" y="394" width="97" height="100"/>
 <SubTexture name="Shape/shape 1643" x="99" y="496" width="97" height="100"/>
 <SubTexture name="Shape/shape 1645" x="198" y="394" width="97" height="100"/>
 <SubTexture name="Shape/shape 1647" x="792" y="510" width="97" height="100"/>
 <SubTexture name="Shape/shape 1649" x="396" y="88" width="97" height="100"/>
 <SubTexture name="Shape/shape 1651" x="396" y="292" width="97" height="100"/>
 <SubTexture name="Shape/shape 1653" x="99" y="394" width="97" height="100"/>
 <SubTexture name="Shape/shape 1655" x="792" y="306" width="97" height="100"/>
 <SubTexture name="Shape/shape 1657" x="495" y="292" width="97" height="100"/>
 <SubTexture name="Shape/shape 1659" x="594" y="292" width="97" height="100"/>
 <SubTexture name="Shape/shape 1661" x="99" y="88" width="97" height="100"/>
 <SubTexture name="Shape/shape 1663" x="693" y="292" width="97" height="100"/>
 <SubTexture name="Shape/shape 1665" x="891" y="204" width="97" height="100"/>
 <SubTexture name="Shape/shape 1667" x="99" y="598" width="97" height="100"/>
 <SubTexture name="Shape/shape 1669" x="297" y="88" width="97" height="100"/>
 <SubTexture name="Shape/shape 1671" x="99" y="292" width="97" height="100"/>
 <SubTexture name="Shape/shape 1673" x="198" y="292" width="97" height="100"/>
 <SubTexture name="Shape/shape 1675" x="891" y="306" width="97" height="100"/>
 <SubTexture name="Shape/shape 1677" x="594" y="88" width="97" height="100"/>
 <SubTexture name="Shape/shape 1679" x="495" y="88" width="97" height="100"/>
 <SubTexture name="Shape/shape 1681" x="396" y="190" width="97" height="100"/>
 <SubTexture name="Shape/shape 1683" x="693" y="496" width="97" height="100"/>
 <SubTexture name="Shape/shape 1685" x="0" y="496" width="97" height="100"/>
 <SubTexture name="Shape/shape 1687" x="693" y="190" width="97" height="100"/>
 <SubTexture name="Shape/shape 1689" x="297" y="496" width="97" height="100"/>
 <SubTexture name="Shape/shape 1691" x="854" y="0" width="97" height="100"/>
 <SubTexture name="Shape/shape 1693" x="891" y="408" width="97" height="100"/>
 <SubTexture name="Shape/shape 1695" x="594" y="496" width="97" height="100"/>
 <SubTexture name="Shape/shape 1697" x="99" y="190" width="97" height="100"/>
 <SubTexture name="Shape/shape 1699" x="891" y="510" width="97" height="100"/>
 <SubTexture name="Shape/shape 1701" x="792" y="408" width="97" height="100"/>
 <SubTexture name="Shape/shape 1703" x="594" y="394" width="97" height="100"/>
 <SubTexture name="Shape/shape 1705" x="297" y="190" width="97" height="100"/>
 <SubTexture name="Shape/shape 1707" x="693" y="88" width="97" height="100"/>
 <SubTexture name="Shape/shape 1709" x="0" y="190" width="97" height="100"/>
 <SubTexture name="Shape/shape 1711" x="297" y="598" width="93" height="67"/>
 <SubTexture name="Shape/shape 1713" x="493" y="598" width="93" height="67"/>
 <SubTexture name="Shape/shape 1715" x="297" y="690" width="100" height="90"/>
 <SubTexture name="Shape/shape 1717" x="689" y="598" width="100" height="90"/>
 <SubTexture name="Shape/shape 1269" x="791" y="612" width="100" height="90"/>
 <SubTexture name="Shape/shape 1271" x="893" y="612" width="100" height="90"/>
 <SubTexture name="Shape/shape 1273" x="587" y="598" width="100" height="90"/>
 <SubTexture name="Shape/shape 1275" x="391" y="598" width="100" height="90"/>
 <SubTexture name="Shape/shape 1277" x="122" y="0" width="120" height="86"/>
 <SubTexture name="Shape/shape 1279" x="732" y="0" width="120" height="86"/>
 <SubTexture name="Shape/shape 1281" x="244" y="0" width="120" height="86"/>
 <SubTexture name="Shape/shape 1365" x="0" y="0" width="120" height="86"/>
 <SubTexture name="Shape/shape 1367" x="366" y="0" width="120" height="86"/>
 <SubTexture name="Shape/shape 1369" x="610" y="0" width="120" height="86"/>
 <SubTexture name="Shape/shape 1371" x="488" y="0" width="120" height="86"/>
</TextureAtlas>