<root name="IcemanVerticalDeath_mc" isGlobal="0" frameRate="30" version="3.0">
 <armature name="IcemanVerticalDeath_mc">
  <skin name="default">
   <slot name="cont" z="0" parent="cont">
    <display name="Shape/shape 1024" type="image">
     <transform scX="1" x="0" scY="1" y="0" pX="29" pY="44" skX="0" skY="0"/>
    </display>
    <display name="Shape/shape 1026" type="image">
     <transform scX="1" x="0" scY="1" y="0" pX="29" pY="44" skX="0" skY="0"/>
    </display>
    <display name="Shape/shape 1028" type="image">
     <transform scX="1" x="0" scY="1" y="0" pX="29" pY="44" skX="0" skY="0"/>
    </display>
    <display name="Shape/shape 1030" type="image">
     <transform scX="1" x="0" scY="1" y="0" pX="29" pY="44" skX="0" skY="0"/>
    </display>
    <display name="Shape/shape 1032" type="image">
     <transform scX="1" x="0" scY="1" y="0" pX="29" pY="44" skX="0" skY="0"/>
    </display>
    <display name="Shape/shape 1034" type="image">
     <transform scX="1" x="0" scY="1" y="0" pX="29" pY="44" skX="0" skY="0"/>
    </display>
    <display name="Shape/shape 1036" type="image">
     <transform scX="1" x="0" scY="1" y="0" pX="29" pY="44" skX="0" skY="0"/>
    </display>
    <display name="Shape/shape 1038" type="image">
     <transform scX="1" x="0" scY="1" y="0" pX="29" pY="44" skX="0" skY="0"/>
    </display>
    <display name="Shape/shape 1040" type="image">
     <transform scX="1" x="0" scY="1" y="0" pX="29" pY="44" skX="0" skY="0"/>
    </display>
   </slot>
  </skin>
  <bone name="cont">
   <transform scX="1" x="0" skX="0" scY="1" y="0" skY="0"/>
  </bone>
  <animation fadeInTime="0.3" scale="1" loop="1" autoTween="NaN" name="IcemanVerticalDeath_mc" duration="16" tweenEasing="NaN">
   <timeline pX="0" name="cont" pY="0" scale="1" offset="0">
    <frame z="0" duration="1">
     <transform scX="1" x="0" scY="1" y="0" pX="0" pY="0" skX="0" skY="0"/>
    </frame>
    <frame displayIndex="1" z="0" duration="1">
     <transform scX="1" x="0" scY="1" y="0" pX="0" pY="0" skX="0" skY="0"/>
    </frame>
    <frame displayIndex="2" z="0" duration="1">
     <transform scX="1" x="0" scY="1" y="0" pX="0" pY="0" skX="0" skY="0"/>
    </frame>
    <frame displayIndex="3" z="0" duration="2">
     <transform scX="1" x="0" scY="1" y="0" pX="0" pY="0" skX="0" skY="0"/>
    </frame>
    <frame displayIndex="4" z="0" duration="2">
     <transform scX="1" x="0" scY="1" y="0" pX="0" pY="0" skX="0" skY="0"/>
    </frame>
    <frame displayIndex="5" z="0" duration="2">
     <transform scX="1" x="0" scY="1" y="0" pX="0" pY="0" skX="0" skY="0"/>
    </frame>
    <frame displayIndex="6" z="0" duration="2">
     <transform scX="1" x="0" scY="1" y="0" pX="0" pY="0" skX="0" skY="0"/>
    </frame>
    <frame displayIndex="7" z="0" duration="2">
     <transform scX="1" x="0" scY="1" y="0" pX="0" pY="0" skX="0" skY="0"/>
    </frame>
    <frame displayIndex="8" z="0" duration="2">
     <transform scX="1" x="0" scY="1" y="0" pX="0" pY="0" skX="0" skY="0"/>
    </frame>
    <frame displayIndex="8" z="0" duration="1">
     <transform scX="1" x="0" scY="1" y="0" pX="0" pY="0" skX="0" skY="0"/>
    </frame>
   </timeline>
  </animation>
 </armature>
</root>