<TextureAtlas name="IcemanVerticalDeath_mc" imagePath="texture.png">
 <SubTexture name="Shape/shape 1024" x="62" y="58" width="60" height="56"/>
 <SubTexture name="Shape/shape 1026" x="0" y="116" width="60" height="56"/>
 <SubTexture name="Shape/shape 1028" x="0" y="0" width="60" height="56"/>
 <SubTexture name="Shape/shape 1030" x="186" y="58" width="60" height="56"/>
 <SubTexture name="Shape/shape 1032" x="124" y="58" width="60" height="56"/>
 <SubTexture name="Shape/shape 1034" x="62" y="0" width="60" height="56"/>
 <SubTexture name="Shape/shape 1036" x="186" y="0" width="60" height="56"/>
 <SubTexture name="Shape/shape 1038" x="0" y="58" width="60" height="56"/>
 <SubTexture name="Shape/shape 1040" x="124" y="0" width="60" height="56"/>
</TextureAtlas>