<root name="Training_11_mc" isGlobal="0" frameRate="30" version="3.0">
 <armature name="Training_11_mc">
  <skin name="default">
   <slot name="Layer 1" z="0" parent="Layer 1">
    <display name="Shape/shape 5191" type="image">
     <transform scX="1" x="0" scY="1" y="0" pX="42" pY="21" skX="0" skY="0"/>
    </display>
    <display name="Shape/shape 5193" type="image">
     <transform scX="1" x="0" scY="1" y="0" pX="42" pY="21" skX="0" skY="0"/>
    </display>
    <display name="Shape/shape 5195" type="image">
     <transform scX="1" x="0" scY="1" y="0" pX="42" pY="21" skX="0" skY="0"/>
    </display>
    <display name="Shape/shape 5197" type="image">
     <transform scX="1" x="0" scY="1" y="0" pX="42" pY="21" skX="0" skY="0"/>
    </display>
    <display name="Shape/shape 5199" type="image">
     <transform scX="1" x="0" scY="1" y="0" pX="42" pY="21" skX="0" skY="0"/>
    </display>
    <display name="Shape/shape 5201" type="image">
     <transform scX="1" x="0" scY="1" y="0" pX="42" pY="21" skX="0" skY="0"/>
    </display>
    <display name="Shape/shape 5204" type="image">
     <transform scX="1" x="0" scY="1" y="0" pX="42" pY="21" skX="0" skY="0"/>
    </display>
    <display name="Shape/shape 5206" type="image">
     <transform scX="1" x="0" scY="1" y="0" pX="42" pY="21" skX="0" skY="0"/>
    </display>
    <display name="Shape/shape 5208" type="image">
     <transform scX="1" x="0" scY="1" y="0" pX="42" pY="21" skX="0" skY="0"/>
    </display>
    <display name="Shape/shape 5210" type="image">
     <transform scX="1" x="0" scY="1" y="0" pX="42" pY="21" skX="0" skY="0"/>
    </display>
    <display name="Shape/shape 5212" type="image">
     <transform scX="1" x="0" scY="1" y="0" pX="42" pY="21" skX="0" skY="0"/>
    </display>
    <display name="Shape/shape 5214" type="image">
     <transform scX="1" x="0" scY="1" y="0" pX="42" pY="21" skX="0" skY="0"/>
    </display>
    <display name="Shape/shape 5216" type="image">
     <transform scX="1" x="0" scY="1" y="0" pX="42" pY="21" skX="0" skY="0"/>
    </display>
    <display name="Shape/shape 5218" type="image">
     <transform scX="1" x="0" scY="1" y="0" pX="42" pY="21" skX="0" skY="0"/>
    </display>
    <display name="Shape/shape 5220" type="image">
     <transform scX="1" x="0" scY="1" y="0" pX="42" pY="21" skX="0" skY="0"/>
    </display>
   </slot>
   <slot name="Layer 2" z="1" parent="Layer 2">
    <display name="__dbTextures/Training_11_mc/Layer 2_5" type="image">
     <transform scX="1" x="-7.35" scY="1" y="-2.3" pX="0" pY="0" skX="0" skY="0"/>
    </display>
    <display name="__dbTextures/Training_11_mc/Layer 2_7" type="image">
     <transform scX="1" x="-17.45" scY="1" y="-5.5" pX="0" pY="0" skX="0" skY="0"/>
    </display>
    <display name="补间 7" type="image">
     <transform scX="1" x="0" scY="1" y="0" pX="17.65" pY="5.6" skX="0" skY="0"/>
    </display>
    <display name="补间 8" type="image">
     <transform scX="1" x="0" scY="1" y="0" pX="17.45" pY="5.5" skX="0" skY="0"/>
    </display>
    <display name="补间 5" type="image">
     <transform scX="1" x="0" scY="1" y="0" pX="17.45" pY="5.5" skX="0" skY="0"/>
    </display>
    <display name="补间 6" type="image">
     <transform scX="1" x="0" scY="1" y="0" pX="17.7" pY="5.6" skX="0" skY="0"/>
    </display>
    <display name="__dbTextures/Training_11_mc/Layer 2_22" type="image">
     <transform scX="1" x="-17.45" scY="1" y="-5.5" pX="0" pY="0" skX="0" skY="0"/>
    </display>
   </slot>
  </skin>
  <bone name="Layer 1">
   <transform scX="-1.3" x="54.6" skX="180" scY="1.3" y="27.95" skY="-180"/>
  </bone>
  <bone name="Layer 2">
   <transform scX="1" x="17.1" skX="0" scY="1" y="26.65" skY="0"/>
  </bone>
  <animation fadeInTime="0.3" scale="1" loop="1" autoTween="NaN" name="Training_11_mc" duration="27" tweenEasing="NaN">
   <timeline pX="0" name="Layer 1" pY="0" scale="1" offset="0">
    <frame z="0" duration="1">
     <transform scX="1" x="0" scY="1" y="0" pX="0" pY="0" skX="0" skY="0"/>
    </frame>
    <frame displayIndex="1" z="0" duration="1">
     <transform scX="1" x="0" scY="1" y="0" pX="0" pY="0" skX="0" skY="0"/>
    </frame>
    <frame displayIndex="2" z="0" duration="1">
     <transform scX="1" x="0" scY="1" y="0" pX="0" pY="0" skX="0" skY="0"/>
    </frame>
    <frame displayIndex="3" z="0" duration="1">
     <transform scX="1" x="0" scY="1" y="0" pX="0" pY="0" skX="0" skY="0"/>
    </frame>
    <frame displayIndex="4" z="0" duration="1">
     <transform scX="1" x="0" scY="1" y="0" pX="0" pY="0" skX="0" skY="0"/>
    </frame>
    <frame displayIndex="5" z="0" duration="1">
     <transform scX="1" x="0" scY="1" y="0" pX="0" pY="0" skX="0" skY="0"/>
    </frame>
    <frame displayIndex="6" z="0" duration="1">
     <transform scX="1" x="0" scY="1" y="0" pX="0" pY="0" skX="0" skY="0"/>
    </frame>
    <frame displayIndex="7" z="0" duration="1">
     <transform scX="1" x="0" scY="1" y="0" pX="0" pY="0" skX="0" skY="0"/>
    </frame>
    <frame displayIndex="8" z="0" duration="1">
     <transform scX="1" x="0" scY="1" y="0" pX="0" pY="0" skX="0" skY="0"/>
    </frame>
    <frame displayIndex="9" z="0" duration="1">
     <transform scX="1" x="0" scY="1" y="0" pX="0" pY="0" skX="0" skY="0"/>
    </frame>
    <frame displayIndex="10" z="0" duration="1">
     <transform scX="1" x="0" scY="1" y="0" pX="0" pY="0" skX="0" skY="0"/>
    </frame>
    <frame displayIndex="11" z="0" duration="3">
     <transform scX="1" x="0" scY="1" y="0" pX="0" pY="0" skX="0" skY="0"/>
    </frame>
    <frame displayIndex="10" z="0" duration="2">
     <transform scX="1" x="0" scY="1" y="0" pX="0" pY="0" skX="0" skY="0"/>
    </frame>
    <frame displayIndex="9" z="0" duration="3">
     <transform scX="1" x="0" scY="1" y="0" pX="0" pY="0" skX="0" skY="0"/>
    </frame>
    <frame displayIndex="10" z="0" duration="2">
     <transform scX="1" x="0" scY="1" y="0" pX="0" pY="0" skX="0" skY="0"/>
    </frame>
    <frame displayIndex="11" z="0" duration="2">
     <transform scX="1" x="0" scY="1" y="0" pX="0" pY="0" skX="0" skY="0"/>
    </frame>
    <frame displayIndex="12" z="0" duration="1">
     <transform scX="1" x="0" scY="1" y="0" pX="0" pY="0" skX="0" skY="0"/>
    </frame>
    <frame displayIndex="13" z="0" duration="1">
     <transform scX="1" x="0" scY="1" y="0" pX="0" pY="0" skX="0" skY="0"/>
    </frame>
    <frame displayIndex="14" z="0" duration="1">
     <transform scX="1" x="0" scY="1" y="0" pX="0" pY="0" skX="0" skY="0"/>
    </frame>
    <frame displayIndex="14" z="0" duration="1">
     <transform scX="1" x="0" scY="1" y="0" pX="0" pY="0" skX="0" skY="0"/>
    </frame>
   </timeline>
   <timeline pX="0" name="Layer 2" pY="0" scale="1" offset="0">
    <frame displayIndex="-1" duration="5"/>
    <frame z="0" duration="2" tweenEasing="NaN">
     <transform scX="1" x="0" scY="1" y="0" pX="0" pY="0" skX="0" skY="0"/>
    </frame>
    <frame z="0" displayIndex="1" duration="1" tweenEasing="0">
     <transform scX="1" x="16.6" scY="1" y="1.4500000000000028" pX="0" pY="0" skX="0" skY="0"/>
    </frame>
    <frame z="0" displayIndex="2" duration="3" tweenEasing="0">
     <transform scX="1" x="18.4" scY="1" y="4.150000000000002" pX="0" pY="0" skX="0" skY="0"/>
    </frame>
    <frame displayIndex="3" z="0" duration="1">
     <transform scX="1" x="16.4" scY="1" y="3.150000000000002" pX="0" pY="0" skX="0" skY="0"/>
    </frame>
    <frame z="0" displayIndex="4" duration="5" tweenEasing="0">
     <transform scX="1" x="16.6" scY="1" y="3.0500000000000007" pX="0" pY="0" skX="0" skY="0"/>
    </frame>
    <frame z="0" displayIndex="5" duration="5" tweenEasing="0">
     <transform scX="1" x="21.6" scY="1" y="5" pX="0" pY="0" skX="0" skY="0"/>
    </frame>
    <frame z="0" displayIndex="6" duration="1" tweenEasing="NaN">
     <transform scX="1" x="20.6" scY="1" y="3.0500000000000007" pX="0" pY="0" skX="0" skY="0"/>
    </frame>
    <frame displayIndex="-1" duration="4"/>
   </timeline>
  </animation>
 </armature>
</root>