<TextureAtlas name="Training_11_mc" imagePath="texture.png">
 <SubTexture name="Shape/shape 5191" x="0" y="44" width="84" height="43"/>
 <SubTexture name="Shape/shape 5193" x="0" y="176" width="84" height="43"/>
 <SubTexture name="Shape/shape 5195" x="0" y="132" width="84" height="43"/>
 <SubTexture name="Shape/shape 5197" x="85" y="44" width="84" height="43"/>
 <SubTexture name="Shape/shape 5199" x="85" y="132" width="84" height="43"/>
 <SubTexture name="Shape/shape 5201" x="170" y="44" width="84" height="43"/>
 <SubTexture name="Shape/shape 5204" x="85" y="88" width="84" height="43"/>
 <SubTexture name="Shape/shape 5206" x="170" y="0" width="84" height="43"/>
 <SubTexture name="Shape/shape 5208" x="0" y="88" width="84" height="43"/>
 <SubTexture name="Shape/shape 5210" x="0" y="0" width="84" height="43"/>
 <SubTexture name="Shape/shape 5212" x="170" y="88" width="84" height="43"/>
 <SubTexture name="Shape/shape 5214" x="170" y="176" width="84" height="43"/>
 <SubTexture name="Shape/shape 5216" x="85" y="0" width="84" height="43"/>
 <SubTexture name="Shape/shape 5218" x="170" y="132" width="84" height="43"/>
 <SubTexture name="Shape/shape 5220" x="85" y="176" width="84" height="43"/>
 <SubTexture name="__dbTextures/Training_11_mc/Layer 2_5" x="146" y="220" width="15" height="5"/>
 <SubTexture name="__dbTextures/Training_11_mc/Layer 2_7" x="74" y="220" width="35" height="12"/>
 <SubTexture name="补间 7" x="0" y="220" width="36" height="12"/>
 <SubTexture name="补间 8" x="162" y="220" width="35" height="12"/>
 <SubTexture name="补间 5" x="198" y="220" width="35" height="12"/>
 <SubTexture name="补间 6" x="37" y="220" width="36" height="12"/>
 <SubTexture name="__dbTextures/Training_11_mc/Layer 2_22" x="110" y="220" width="35" height="12"/>
</TextureAtlas>