<root name="BuildTowerSmoke_mc" isGlobal="0" frameRate="30" version="3.0">
 <armature name="BuildTowerSmoke_mc">
  <skin name="default">
   <slot name="Layer 1" z="0" parent="Layer 1">
    <display name="Shape/shape 6319" type="image">
     <transform scX="1" x="0" scY="1" y="0" pX="41" pY="57" skX="0" skY="0"/>
    </display>
    <display name="Shape/shape 6321" type="image">
     <transform scX="1" x="0" scY="1" y="0" pX="41" pY="57" skX="0" skY="0"/>
    </display>
    <display name="Shape/shape 6323" type="image">
     <transform scX="1" x="0" scY="1" y="0" pX="41" pY="57" skX="0" skY="0"/>
    </display>
    <display name="Shape/shape 6325" type="image">
     <transform scX="1" x="0" scY="1" y="0" pX="41" pY="57" skX="0" skY="0"/>
    </display>
    <display name="Shape/shape 6327" type="image">
     <transform scX="1" x="0" scY="1" y="0" pX="41" pY="57" skX="0" skY="0"/>
    </display>
    <display name="Shape/shape 6329" type="image">
     <transform scX="1" x="0" scY="1" y="0" pX="41" pY="57" skX="0" skY="0"/>
    </display>
    <display name="Shape/shape 6331" type="image">
     <transform scX="1" x="0" scY="1" y="0" pX="41" pY="57" skX="0" skY="0"/>
    </display>
    <display name="Shape/shape 6333" type="image">
     <transform scX="1" x="0" scY="1" y="0" pX="41" pY="57" skX="0" skY="0"/>
    </display>
    <display name="Shape/shape 6335" type="image">
     <transform scX="1" x="0" scY="1" y="0" pX="41" pY="57" skX="0" skY="0"/>
    </display>
   </slot>
  </skin>
  <bone name="Layer 1">
   <transform scX="1" x="0" skX="0" scY="1" y="0" skY="0"/>
  </bone>
  <animation name="BuildTowerSmoke_mc" scale="1" loop="1" autoTween="NaN" fadeInTime="0.3" duration="14" tweenEasing="NaN">
   <timeline pX="0" name="Layer 1" pY="0" scale="1" offset="0">
    <frame z="0" duration="1">
     <transform scX="1" x="0" scY="1" y="0" pX="0" pY="0" skX="0" skY="0"/>
    </frame>
    <frame displayIndex="1" z="0" duration="1">
     <transform scX="1" x="0" scY="1" y="0" pX="0" pY="0" skX="0" skY="0"/>
    </frame>
    <frame displayIndex="2" z="0" duration="1">
     <transform scX="1" x="0" scY="1" y="0" pX="0" pY="0" skX="0" skY="0"/>
    </frame>
    <frame displayIndex="3" z="0" duration="2">
     <transform scX="1" x="0" scY="1" y="0" pX="0" pY="0" skX="0" skY="0"/>
    </frame>
    <frame displayIndex="4" z="0" duration="2">
     <transform scX="1" x="0" scY="1" y="0" pX="0" pY="0" skX="0" skY="0"/>
    </frame>
    <frame displayIndex="5" z="0" duration="2">
     <transform scX="1" x="0" scY="1" y="0" pX="0" pY="0" skX="0" skY="0"/>
    </frame>
    <frame displayIndex="6" z="0" duration="2">
     <transform scX="1" x="0" scY="1" y="0" pX="0" pY="0" skX="0" skY="0"/>
    </frame>
    <frame displayIndex="7" z="0" duration="1">
     <transform scX="1" x="0" scY="1" y="0" pX="0" pY="0" skX="0" skY="0"/>
    </frame>
    <frame displayIndex="8" z="0" duration="1">
     <transform scX="1" x="0" scY="1" y="0" pX="0" pY="0" skX="0" skY="0"/>
    </frame>
    <frame displayIndex="8" z="0" duration="1">
     <transform scX="1" x="0" scY="1" y="0" pX="0" pY="0" skX="0" skY="0"/>
    </frame>
   </timeline>
   <frame duration="13"/>
   <frame duration="1"/>
  </animation>
 </armature>
</root>