<root name="Unit33_mc" isGlobal="0" frameRate="30" version="3.0">
 <armature name="Unit33_mc">
  <skin name="default">
   <slot name="dust4" z="0" parent="dust4">
    <display name="dust4" type="image">
     <transform scX="1" x="0" scY="1" y="0" pX="25" pY="25" skX="0" skY="0"/>
    </display>
   </slot>
   <slot name="selectUnit" z="1" parent="selectUnit">
    <display name="selectUnit" type="image">
     <transform scX="1" x="0" scY="1" y="0" pX="25" pY="25" skX="0" skY="0"/>
    </display>
   </slot>
   <slot name="shadow" z="2" parent="shadow">
    <display name="sprite 7652" type="image">
     <transform scX="1" x="0" scY="1" y="0" pX="25" pY="25" skX="0" skY="0"/>
    </display>
   </slot>
   <slot name="cont" z="3" parent="cont">
    <display name="cont" type="armature">
     <transform scX="1" x="0" skX="0" scY="1" y="0" skY="0"/>
    </display>
   </slot>
   <slot name="healthBar" z="4" parent="healthBar">
    <display name="healthBar" type="image">
     <transform scX="1" x="0" scY="1" y="0" pX="25" pY="25" skX="0" skY="0"/>
    </display>
   </slot>
   <slot name="armor" z="5" parent="armor">
    <display name="armor" type="image">
     <transform scX="1" x="0" scY="1" y="0" pX="25" pY="25" skX="0" skY="0"/>
    </display>
   </slot>
   <slot name="iceEffect" z="6" parent="iceEffect">
    <display name="iceEffect" type="image">
     <transform scX="1" x="0" scY="1" y="0" pX="25" pY="25" skX="0" skY="0"/>
    </display>
   </slot>
   <slot name="fireEffect" z="7" parent="fireEffect">
    <display name="fireEffect" type="image">
     <transform scX="1" x="0" scY="1" y="0" pX="25" pY="25" skX="0" skY="0"/>
    </display>
   </slot>
   <slot name="iceFreez" z="8" parent="iceFreez">
    <display name="iceFreez" type="image">
     <transform scX="1" x="0" scY="1" y="0" pX="25" pY="25" skX="0" skY="0"/>
    </display>
   </slot>
   <slot name="levinAttack" z="9" parent="levinAttack">
    <display name="levinattack" type="image">
     <transform scX="1" x="0" scY="1" y="0" pX="25" pY="25" skX="0" skY="0"/>
    </display>
   </slot>
   <slot name="iceAttack" z="10" parent="iceAttack">
    <display name="iceattack" type="image">
     <transform scX="1" x="0" scY="1" y="0" pX="25" pY="25" skX="0" skY="0"/>
    </display>
   </slot>
   <slot name="fireAttack" z="11" parent="fireAttack">
    <display name="fireattack" type="image">
     <transform scX="1" x="0" scY="1" y="0" pX="25" pY="25" skX="0" skY="0"/>
    </display>
   </slot>
   <slot name="dust3" z="12" parent="dust3">
    <display name="dust3" type="image">
     <transform scX="1" x="0" scY="1" y="0" pX="25" pY="25" skX="0" skY="0"/>
    </display>
   </slot>
   <slot name="dust2" z="13" parent="dust2">
    <display name="dust2" type="image">
     <transform scX="1" x="0" scY="1" y="0" pX="25" pY="25" skX="0" skY="0"/>
    </display>
   </slot>
   <slot name="dust1" z="14" parent="dust1">
    <display name="dust1" type="image">
     <transform scX="1" x="0" scY="1" y="0" pX="25" pY="25" skX="0" skY="0"/>
    </display>
   </slot>
   <slot name="buffSpeed" z="15" parent="buffSpeed">
    <display name="buffSpeed" type="image">
     <transform scX="1" x="0" scY="1" y="0" pX="25" pY="25" skX="0" skY="0"/>
    </display>
   </slot>
   <slot name="airShock" z="16" parent="airShock">
    <display name="airShock" type="image">
     <transform scX="1" x="0" scY="1" y="0" pX="25" pY="25" skX="0" skY="0"/>
    </display>
   </slot>
   <slot name="buffHP" z="17" parent="buffHP">
    <display name="buffHP" type="image">
     <transform scX="1" x="0" scY="1" y="0" pX="25" pY="25" skX="0" skY="0"/>
    </display>
   </slot>
   <slot name="unitCase" z="18" parent="unitCase">
    <display name="case" type="image">
     <transform scX="1" x="0" scY="1" y="0" pX="25" pY="25" skX="0" skY="0"/>
    </display>
   </slot>
  </skin>
  <bone name="levinAttack">
   <transform scX="1" x="3" skX="0" scY="1" y="-8" skY="0"/>
  </bone>
  <bone name="selectUnit">
   <transform scX="1.47" x="-0.7" skX="0" scY="1.47" y="0" skY="0"/>
  </bone>
  <bone name="shadow">
   <transform scX="0.74" x="-1.85" skX="0" scY="0.37" y="0.85" skY="0"/>
  </bone>
  <bone name="cont">
   <transform scX="1" x="0" skX="0" scY="1" y="0" skY="0"/>
  </bone>
  <bone name="healthBar">
   <transform scX="1" x="0" skX="0" scY="1" y="-26" skY="0"/>
  </bone>
  <bone name="armor">
   <transform scX="0.76" x="-1" skX="0" scY="0.76" y="0" skY="0"/>
  </bone>
  <bone name="iceEffect">
   <transform scX="0.46" x="3" skX="0" scY="0.46" y="0" skY="0"/>
  </bone>
  <bone name="fireEffect">
   <transform scX="0.69" x="1" skX="0" scY="0.69" y="-24" skY="0"/>
  </bone>
  <bone name="iceFreez">
   <transform scX="0.68" x="0" skX="0" scY="0.68" y="-10" skY="0"/>
  </bone>
  <bone name="dust4">
   <transform scX="1" x="1" skX="0" scY="1" y="-5" skY="0"/>
  </bone>
  <bone name="iceAttack">
   <transform scX="0.7" x="0" skX="0" scY="0.7" y="-8" skY="0"/>
  </bone>
  <bone name="fireAttack">
   <transform scX="0.7" x="2" skX="0" scY="0.7" y="-5" skY="0"/>
  </bone>
  <bone name="dust3">
   <transform scX="1" x="2" skX="0" scY="1" y="0" skY="0"/>
  </bone>
  <bone name="dust2">
   <transform scX="0.46" x="2" skX="0" scY="0.46" y="2" skY="0"/>
  </bone>
  <bone name="dust1">
   <transform scX="0.46" x="-1" skX="0" scY="0.46" y="1" skY="0"/>
  </bone>
  <bone name="buffSpeed">
   <transform scX="0.4" x="-15" skX="0" scY="0.4" y="-8" skY="0"/>
  </bone>
  <bone name="airShock">
   <transform scX="1.2" x="0" skX="0" scY="1.2" y="-26" skY="0"/>
  </bone>
  <bone name="buffHP">
   <transform scX="1" x="0" skX="0" scY="1" y="-13" skY="0"/>
  </bone>
  <bone name="unitCase">
   <transform scX="0.53" x="-0.75" skX="0" scY="0.6" y="-9.05" skY="0"/>
  </bone>
  <animation fadeInTime="0.3" scale="1" loop="1" autoTween="NaN" name="Unit33_mc" duration="1" tweenEasing="NaN">
   <timeline pX="0" name="dust4" pY="0" scale="1" offset="0">
    <frame z="0" duration="1">
     <transform scX="1" x="0" scY="1" y="0" pX="0" pY="0" skX="0" skY="0"/>
    </frame>
   </timeline>
   <timeline pX="0" name="selectUnit" pY="0" scale="1" offset="0">
    <frame z="0" duration="1">
     <transform scX="1" x="0" scY="1" y="0" pX="0" pY="0" skX="0" skY="0"/>
    </frame>
   </timeline>
   <timeline pX="0" name="shadow" pY="0" scale="1" offset="0">
    <frame z="0" duration="1">
     <transform scX="1" x="0" scY="1" y="0" pX="0" pY="0" skX="0" skY="0"/>
    </frame>
   </timeline>
   <timeline pX="0" name="cont" pY="0" scale="1" offset="0">
    <frame z="0" duration="1">
     <transform scX="1" x="0" scY="1" y="0" pX="0" pY="0" skX="0" skY="0"/>
    </frame>
   </timeline>
   <timeline pX="0" name="healthBar" pY="0" scale="1" offset="0">
    <frame z="0" duration="1">
     <transform scX="1" x="0" scY="1" y="0" pX="0" pY="0" skX="0" skY="0"/>
    </frame>
   </timeline>
   <timeline pX="0" name="armor" pY="0" scale="1" offset="0">
    <frame z="0" duration="1">
     <transform scX="1" x="0" scY="1" y="0" pX="0" pY="0" skX="0" skY="0"/>
    </frame>
   </timeline>
   <timeline pX="0" name="iceEffect" pY="0" scale="1" offset="0">
    <frame z="0" duration="1">
     <transform scX="1" x="0" scY="1" y="0" pX="0" pY="0" skX="0" skY="0"/>
    </frame>
   </timeline>
   <timeline pX="0" name="fireEffect" pY="0" scale="1" offset="0">
    <frame z="0" duration="1">
     <transform scX="1" x="0" scY="1" y="0" pX="0" pY="0" skX="0" skY="0"/>
    </frame>
   </timeline>
   <timeline pX="0" name="iceFreez" pY="0" scale="1" offset="0">
    <frame z="0" duration="1">
     <transform scX="1" x="0" scY="1" y="0" pX="0" pY="0" skX="0" skY="0"/>
    </frame>
   </timeline>
   <timeline pX="0" name="levinAttack" pY="0" scale="1" offset="0">
    <frame z="0" duration="1">
     <transform scX="1" x="0" scY="1" y="0" pX="0" pY="0" skX="0" skY="0"/>
    </frame>
   </timeline>
   <timeline pX="0" name="iceAttack" pY="0" scale="1" offset="0">
    <frame z="0" duration="1">
     <transform scX="1" x="0" scY="1" y="0" pX="0" pY="0" skX="0" skY="0"/>
    </frame>
   </timeline>
   <timeline pX="0" name="fireAttack" pY="0" scale="1" offset="0">
    <frame z="0" duration="1">
     <transform scX="1" x="0" scY="1" y="0" pX="0" pY="0" skX="0" skY="0"/>
    </frame>
   </timeline>
   <timeline pX="0" name="dust3" pY="0" scale="1" offset="0">
    <frame z="0" duration="1">
     <transform scX="1" x="0" scY="1" y="0" pX="0" pY="0" skX="0" skY="0"/>
    </frame>
   </timeline>
   <timeline pX="0" name="dust2" pY="0" scale="1" offset="0">
    <frame z="0" duration="1">
     <transform scX="1" x="0" scY="1" y="0" pX="0" pY="0" skX="0" skY="0"/>
    </frame>
   </timeline>
   <timeline pX="0" name="dust1" pY="0" scale="1" offset="0">
    <frame z="0" duration="1">
     <transform scX="1" x="0" scY="1" y="0" pX="0" pY="0" skX="0" skY="0"/>
    </frame>
   </timeline>
   <timeline pX="0" name="buffSpeed" pY="0" scale="1" offset="0">
    <frame z="0" duration="1">
     <transform scX="1" x="0" scY="1" y="0" pX="0" pY="0" skX="0" skY="0"/>
    </frame>
   </timeline>
   <timeline pX="0" name="airShock" pY="0" scale="1" offset="0">
    <frame z="0" duration="1">
     <transform scX="1" x="0" scY="1" y="0" pX="0" pY="0" skX="0" skY="0"/>
    </frame>
   </timeline>
   <timeline pX="0" name="buffHP" pY="0" scale="1" offset="0">
    <frame z="0" duration="1">
     <transform scX="1" x="0" scY="1" y="0" pX="0" pY="0" skX="0" skY="0"/>
    </frame>
   </timeline>
   <timeline pX="0" name="unitCase" pY="0" scale="1" offset="0">
    <frame z="0" duration="1">
     <transform scX="1" x="0" scY="1" y="0" pX="0" pY="0" skX="0" skY="0"/>
    </frame>
   </timeline>
  </animation>
 </armature>
 <armature name="cont">
  <skin name="default">
   <slot name="cont" z="0" parent="cont">
    <display name="Shape/shape 3930" type="image">
     <transform scX="1" x="0" scY="1" y="0" pX="17" pY="24" skX="0" skY="0"/>
    </display>
    <display name="Shape/shape 3932" type="image">
     <transform scX="1" x="0" scY="1" y="0" pX="17" pY="24" skX="0" skY="0"/>
    </display>
    <display name="Shape/shape 3934" type="image">
     <transform scX="1" x="0" scY="1" y="0" pX="17" pY="24" skX="0" skY="0"/>
    </display>
    <display name="Shape/shape 3936" type="image">
     <transform scX="1" x="0" scY="1" y="0" pX="17" pY="24" skX="0" skY="0"/>
    </display>
    <display name="Shape/shape 3938" type="image">
     <transform scX="1" x="0" scY="1" y="0" pX="17" pY="24" skX="0" skY="0"/>
    </display>
    <display name="Shape/shape 3940" type="image">
     <transform scX="1" x="0" scY="1" y="0" pX="17" pY="24" skX="0" skY="0"/>
    </display>
    <display name="Shape/shape 3942" type="image">
     <transform scX="1" x="0" scY="1" y="0" pX="17" pY="24" skX="0" skY="0"/>
    </display>
    <display name="Shape/shape 3944" type="image">
     <transform scX="1" x="0" scY="1" y="0" pX="17" pY="24" skX="0" skY="0"/>
    </display>
    <display name="Shape/shape 3946" type="image">
     <transform scX="1" x="0" scY="1" y="0" pX="17" pY="24" skX="0" skY="0"/>
    </display>
    <display name="Shape/shape 3948" type="image">
     <transform scX="1" x="0" scY="1" y="0" pX="17" pY="24" skX="0" skY="0"/>
    </display>
    <display name="Shape/shape 3950" type="image">
     <transform scX="1" x="0" scY="1" y="0" pX="17" pY="24" skX="0" skY="0"/>
    </display>
    <display name="Shape/shape 3952" type="image">
     <transform scX="1" x="0" scY="1" y="0" pX="17" pY="24" skX="0" skY="0"/>
    </display>
    <display name="Shape/shape 3954" type="image">
     <transform scX="1" x="0" scY="1" y="0" pX="17" pY="24" skX="0" skY="0"/>
    </display>
    <display name="Shape/shape 3956" type="image">
     <transform scX="1" x="0" scY="1" y="0" pX="17" pY="24" skX="0" skY="0"/>
    </display>
    <display name="Shape/shape 3958" type="image">
     <transform scX="1" x="0" scY="1" y="0" pX="17" pY="24" skX="0" skY="0"/>
    </display>
   </slot>
  </skin>
  <bone name="cont">
   <transform scX="1" x="0" skX="0" scY="1" y="0" skY="0"/>
  </bone>
  <animation fadeInTime="0.3" scale="1" loop="1" autoTween="NaN" name="cont" duration="15" tweenEasing="NaN">
   <timeline pX="0" name="cont" pY="0" scale="1" offset="0">
    <frame z="0" duration="1">
     <transform scX="1" x="0" scY="1" y="0" pX="0" pY="0" skX="0" skY="0"/>
    </frame>
    <frame displayIndex="1" z="0" duration="1">
     <transform scX="1" x="0" scY="1" y="0" pX="0" pY="0" skX="0" skY="0"/>
    </frame>
    <frame displayIndex="2" z="0" duration="1">
     <transform scX="1" x="0" scY="1" y="0" pX="0" pY="0" skX="0" skY="0"/>
    </frame>
    <frame displayIndex="3" z="0" duration="1">
     <transform scX="1" x="0" scY="1" y="0" pX="0" pY="0" skX="0" skY="0"/>
    </frame>
    <frame displayIndex="4" z="0" duration="1">
     <transform scX="1" x="0" scY="1" y="0" pX="0" pY="0" skX="0" skY="0"/>
    </frame>
    <frame displayIndex="5" z="0" duration="1">
     <transform scX="1" x="0" scY="1" y="0" pX="0" pY="0" skX="0" skY="0"/>
    </frame>
    <frame displayIndex="6" z="0" duration="1">
     <transform scX="1" x="0" scY="1" y="0" pX="0" pY="0" skX="0" skY="0"/>
    </frame>
    <frame displayIndex="7" z="0" duration="1">
     <transform scX="1" x="0" scY="1" y="0" pX="0" pY="0" skX="0" skY="0"/>
    </frame>
    <frame displayIndex="8" z="0" duration="1">
     <transform scX="1" x="0" scY="1" y="0" pX="0" pY="0" skX="0" skY="0"/>
    </frame>
    <frame displayIndex="9" z="0" duration="1">
     <transform scX="1" x="0" scY="1" y="0" pX="0" pY="0" skX="0" skY="0"/>
    </frame>
    <frame displayIndex="10" z="0" duration="1">
     <transform scX="1" x="0" scY="1" y="0" pX="0" pY="0" skX="0" skY="0"/>
    </frame>
    <frame displayIndex="11" z="0" duration="1">
     <transform scX="1" x="0" scY="1" y="0" pX="0" pY="0" skX="0" skY="0"/>
    </frame>
    <frame displayIndex="12" z="0" duration="1">
     <transform scX="1" x="0" scY="1" y="0" pX="0" pY="0" skX="0" skY="0"/>
    </frame>
    <frame displayIndex="13" z="0" duration="1">
     <transform scX="1" x="0" scY="1" y="0" pX="0" pY="0" skX="0" skY="0"/>
    </frame>
    <frame displayIndex="14" z="0" duration="1">
     <transform scX="1" x="0" scY="1" y="0" pX="0" pY="0" skX="0" skY="0"/>
    </frame>
   </timeline>
  </animation>
 </armature>
</root>