<root name="Unit31_mc" isGlobal="0" frameRate="30" version="3.0">
 <armature name="Unit31_mc">
  <skin name="default">
   <slot name="dust4" z="0" parent="dust4">
    <display name="dust4" type="image">
     <transform scX="1" x="0" scY="1" y="0" pX="25" pY="25" skX="0" skY="0"/>
    </display>
   </slot>
   <slot name="selectUnit" z="1" parent="selectUnit">
    <display name="selectUnit" type="image">
     <transform scX="1" x="0" scY="1" y="0" pX="25" pY="25" skX="0" skY="0"/>
    </display>
   </slot>
   <slot name="shadow" z="2" parent="shadow">
    <display name="sprite 7652" type="image">
     <transform scX="1" x="0" scY="1" y="0" pX="25" pY="25" skX="0" skY="0"/>
    </display>
   </slot>
   <slot name="cont" z="3" parent="cont">
    <display name="cont" type="armature">
     <transform scX="1" x="0" skX="0" scY="1" y="0" skY="0"/>
    </display>
   </slot>
   <slot name="healthBar" z="4" parent="healthBar">
    <display name="healthBar" type="image">
     <transform scX="1" x="0" scY="1" y="0" pX="25" pY="25" skX="0" skY="0"/>
    </display>
   </slot>
   <slot name="armor" z="5" parent="armor">
    <display name="armor" type="image">
     <transform scX="1" x="0" scY="1" y="0" pX="25" pY="25" skX="0" skY="0"/>
    </display>
   </slot>
   <slot name="iceEffect" z="6" parent="iceEffect">
    <display name="iceEffect" type="image">
     <transform scX="1" x="0" scY="1" y="0" pX="25" pY="25" skX="0" skY="0"/>
    </display>
   </slot>
   <slot name="fireEffect" z="7" parent="fireEffect">
    <display name="fireEffect" type="image">
     <transform scX="1" x="0" scY="1" y="0" pX="25" pY="25" skX="0" skY="0"/>
    </display>
   </slot>
   <slot name="iceFreez" z="8" parent="iceFreez">
    <display name="iceFreez" type="image">
     <transform scX="1" x="0" scY="1" y="0" pX="25" pY="25" skX="0" skY="0"/>
    </display>
   </slot>
   <slot name="levinAttack" z="9" parent="levinAttack">
    <display name="levinattack" type="image">
     <transform scX="1" x="0" scY="1" y="0" pX="25" pY="25" skX="0" skY="0"/>
    </display>
   </slot>
   <slot name="iceAttack" z="10" parent="iceAttack">
    <display name="iceattack" type="image">
     <transform scX="1" x="0" scY="1" y="0" pX="25" pY="25" skX="0" skY="0"/>
    </display>
   </slot>
   <slot name="fireAttack" z="11" parent="fireAttack">
    <display name="fireattack" type="image">
     <transform scX="1" x="0" scY="1" y="0" pX="25" pY="25" skX="0" skY="0"/>
    </display>
   </slot>
   <slot name="dust3" z="12" parent="dust3">
    <display name="dust3" type="image">
     <transform scX="1" x="0" scY="1" y="0" pX="25" pY="25" skX="0" skY="0"/>
    </display>
   </slot>
   <slot name="dust2" z="13" parent="dust2">
    <display name="dust2" type="image">
     <transform scX="1" x="0" scY="1" y="0" pX="25" pY="25" skX="0" skY="0"/>
    </display>
   </slot>
   <slot name="dust1" z="14" parent="dust1">
    <display name="dust1" type="image">
     <transform scX="1" x="0" scY="1" y="0" pX="25" pY="25" skX="0" skY="0"/>
    </display>
   </slot>
   <slot name="buffSpeed" z="15" parent="buffSpeed">
    <display name="buffSpeed" type="image">
     <transform scX="1" x="0" scY="1" y="0" pX="25" pY="25" skX="0" skY="0"/>
    </display>
   </slot>
   <slot name="airShock" z="16" parent="airShock">
    <display name="airShock" type="image">
     <transform scX="1" x="0" scY="1" y="0" pX="25" pY="25" skX="0" skY="0"/>
    </display>
   </slot>
   <slot name="buffHP" z="17" parent="buffHP">
    <display name="buffHP" type="image">
     <transform scX="1" x="0" scY="1" y="0" pX="25" pY="25" skX="0" skY="0"/>
    </display>
   </slot>
   <slot name="iceDeath" z="18" parent="iceDeath">
    <display name="iceDeath" type="image">
     <transform scX="1" x="0" scY="1" y="0" pX="25" pY="25" skX="0" skY="0"/>
    </display>
   </slot>
   <slot name="stoneDeath" z="19" parent="stoneDeath">
    <display name="stonedeath" type="image">
     <transform scX="1" x="0" scY="1" y="0" pX="25" pY="25" skX="0" skY="0"/>
    </display>
   </slot>
   <slot name="levinDeath" z="20" parent="levinDeath">
    <display name="levindeath" type="image">
     <transform scX="1" x="0" scY="1" y="0" pX="25" pY="25" skX="0" skY="0"/>
    </display>
   </slot>
   <slot name="unitCase" z="21" parent="unitCase">
    <display name="case" type="image">
     <transform scX="1" x="0" scY="1" y="0" pX="25" pY="25" skX="0" skY="0"/>
    </display>
   </slot>
  </skin>
  <bone name="fireAttack">
   <transform scX="0.7" x="2" skX="0" scY="0.7" y="-5" skY="0"/>
  </bone>
  <bone name="selectUnit">
   <transform scX="1.47" x="-0.7" skX="0" scY="1.47" y="0" skY="0"/>
  </bone>
  <bone name="shadow">
   <transform scX="1.17" x="0.5" skX="0" scY="0.45" y="1.75" skY="0"/>
  </bone>
  <bone name="cont">
   <transform scX="1" x="-0.3" skX="5.26" scY="1" y="0" skY="0"/>
  </bone>
  <bone name="healthBar">
   <transform scX="1" x="0" skX="0" scY="1" y="-26" skY="0"/>
  </bone>
  <bone name="armor">
   <transform scX="0.76" x="-1" skX="0" scY="0.76" y="0" skY="0"/>
  </bone>
  <bone name="iceEffect">
   <transform scX="0.46" x="3" skX="0" scY="0.46" y="0" skY="0"/>
  </bone>
  <bone name="fireEffect">
   <transform scX="0.69" x="1" skX="0" scY="0.69" y="-24" skY="0"/>
  </bone>
  <bone name="iceFreez">
   <transform scX="0.68" x="0" skX="0" scY="0.68" y="-10" skY="0"/>
  </bone>
  <bone name="levinAttack">
   <transform scX="1" x="3" skX="0" scY="1" y="-8" skY="0"/>
  </bone>
  <bone name="iceAttack">
   <transform scX="0.7" x="0" skX="0" scY="0.7" y="-8" skY="0"/>
  </bone>
  <bone name="dust4">
   <transform scX="1" x="1" skX="0" scY="1" y="-5" skY="0"/>
  </bone>
  <bone name="dust3">
   <transform scX="1" x="2" skX="0" scY="1" y="0" skY="0"/>
  </bone>
  <bone name="dust2">
   <transform scX="0.46" x="2" skX="0" scY="0.46" y="2" skY="0"/>
  </bone>
  <bone name="dust1">
   <transform scX="0.46" x="-1" skX="0" scY="0.46" y="1" skY="0"/>
  </bone>
  <bone name="buffSpeed">
   <transform scX="0.4" x="-15" skX="0" scY="0.4" y="-8" skY="0"/>
  </bone>
  <bone name="airShock">
   <transform scX="1.2" x="0" skX="0" scY="1.2" y="-26" skY="0"/>
  </bone>
  <bone name="buffHP">
   <transform scX="1" x="0" skX="0" scY="1" y="-13" skY="0"/>
  </bone>
  <bone name="iceDeath">
   <transform scX="0.78" x="0" skX="0" scY="0.78" y="-8" skY="0"/>
  </bone>
  <bone name="stoneDeath">
   <transform scX="1.64" x="1" skX="0" scY="1.54" y="-9" skY="0"/>
  </bone>
  <bone name="levinDeath">
   <transform scX="1.08" x="1" skX="0" scY="1.16" y="-8" skY="0"/>
  </bone>
  <bone name="unitCase">
   <transform scX="0.53" x="-0.75" skX="0" scY="0.6" y="-9.05" skY="0"/>
  </bone>
  <animation fadeInTime="0.3" scale="1" loop="1" autoTween="NaN" name="Unit31_mc" duration="13" tweenEasing="NaN">
   <timeline pX="0" name="dust4" pY="0" scale="1" offset="0">
    <frame z="0" duration="13">
     <transform scX="1" x="0" scY="1" y="0" pX="0" pY="0" skX="0" skY="0"/>
    </frame>
   </timeline>
   <timeline pX="0" name="selectUnit" pY="0" scale="1" offset="0">
    <frame z="0" duration="13">
     <transform scX="1" x="0" scY="1" y="0" pX="0" pY="0" skX="0" skY="0"/>
    </frame>
   </timeline>
   <timeline pX="0" name="shadow" pY="0" scale="1" offset="0">
    <frame z="0" duration="5" tweenEasing="0">
     <transform scX="1" x="0" scY="1" y="0" pX="0" pY="0" skX="0" skY="0"/>
    </frame>
    <frame z="0" duration="4" tweenEasing="0">
     <transform scX="0.717948717948718" x="-0.8" scY="0.7111111111111111" y="0" pX="0" pY="0" skX="0" skY="0"/>
    </frame>
    <frame z="0" duration="3" tweenEasing="0">
     <transform scX="0.9316239316239318" x="-0.04999999999999999" scY="0.888888888888889" y="0" pX="0" pY="0" skX="0" skY="0"/>
    </frame>
    <frame z="0" duration="1">
     <transform scX="1" x="-0.04999999999999999" scY="1" y="0" pX="0" pY="0" skX="0" skY="0"/>
    </frame>
   </timeline>
   <timeline pX="0" name="cont" pY="0" scale="1" offset="0">
    <frame z="0" duration="5" tweenEasing="0">
     <transform scX="1" x="0" scY="1" y="0" pX="0" pY="0" skX="0" skY="0"/>
    </frame>
    <frame z="0" duration="2" tweenEasing="0">
     <transform scX="1.04" x="0.44999999999999996" scY="1.04" y="-2.2" pX="0" pY="0" skX="-9.26" skY="0"/>
    </frame>
    <frame z="0" duration="3" tweenEasing="0">
     <transform scX="1.02" x="0.25" scY="1" y="-1.15" pX="0" pY="0" skX="-4.7299999999999995" skY="0"/>
    </frame>
    <frame z="0" duration="2" tweenEasing="0">
     <transform scX="1" x="0.25" scY="0.96" y="0.4" pX="0" pY="0" skX="-3.9899999999999998" skY="0"/>
    </frame>
    <frame z="0" duration="1">
     <transform scX="1" x="0.09999999999999998" scY="0.99" y="0.1" pX="0" pY="0" skX="-1.4499999999999997" skY="0"/>
    </frame>
   </timeline>
   <timeline pX="0" name="healthBar" pY="0" scale="1" offset="0">
    <frame z="0" duration="13">
     <transform scX="1" x="0" scY="1" y="0" pX="0" pY="0" skX="0" skY="0"/>
    </frame>
   </timeline>
   <timeline pX="0" name="armor" pY="0" scale="1" offset="0">
    <frame z="0" duration="13">
     <transform scX="1" x="0" scY="1" y="0" pX="0" pY="0" skX="0" skY="0"/>
    </frame>
   </timeline>
   <timeline pX="0" name="iceEffect" pY="0" scale="1" offset="0">
    <frame z="0" duration="13">
     <transform scX="1" x="0" scY="1" y="0" pX="0" pY="0" skX="0" skY="0"/>
    </frame>
   </timeline>
   <timeline pX="0" name="fireEffect" pY="0" scale="1" offset="0">
    <frame z="0" duration="13">
     <transform scX="1" x="0" scY="1" y="0" pX="0" pY="0" skX="0" skY="0"/>
    </frame>
   </timeline>
   <timeline pX="0" name="iceFreez" pY="0" scale="1" offset="0">
    <frame z="0" duration="13">
     <transform scX="1" x="0" scY="1" y="0" pX="0" pY="0" skX="0" skY="0"/>
    </frame>
   </timeline>
   <timeline pX="0" name="levinAttack" pY="0" scale="1" offset="0">
    <frame z="0" duration="13">
     <transform scX="1" x="0" scY="1" y="0" pX="0" pY="0" skX="0" skY="0"/>
    </frame>
   </timeline>
   <timeline pX="0" name="iceAttack" pY="0" scale="1" offset="0">
    <frame z="0" duration="13">
     <transform scX="1" x="0" scY="1" y="0" pX="0" pY="0" skX="0" skY="0"/>
    </frame>
   </timeline>
   <timeline pX="0" name="fireAttack" pY="0" scale="1" offset="0">
    <frame z="0" duration="13">
     <transform scX="1" x="0" scY="1" y="0" pX="0" pY="0" skX="0" skY="0"/>
    </frame>
   </timeline>
   <timeline pX="0" name="dust3" pY="0" scale="1" offset="0">
    <frame z="0" duration="13">
     <transform scX="1" x="0" scY="1" y="0" pX="0" pY="0" skX="0" skY="0"/>
    </frame>
   </timeline>
   <timeline pX="0" name="dust2" pY="0" scale="1" offset="0">
    <frame z="0" duration="13">
     <transform scX="1" x="0" scY="1" y="0" pX="0" pY="0" skX="0" skY="0"/>
    </frame>
   </timeline>
   <timeline pX="0" name="dust1" pY="0" scale="1" offset="0">
    <frame z="0" duration="13">
     <transform scX="1" x="0" scY="1" y="0" pX="0" pY="0" skX="0" skY="0"/>
    </frame>
   </timeline>
   <timeline pX="0" name="buffSpeed" pY="0" scale="1" offset="0">
    <frame z="0" duration="13">
     <transform scX="1" x="0" scY="1" y="0" pX="0" pY="0" skX="0" skY="0"/>
    </frame>
   </timeline>
   <timeline pX="0" name="airShock" pY="0" scale="1" offset="0">
    <frame z="0" duration="13">
     <transform scX="1" x="0" scY="1" y="0" pX="0" pY="0" skX="0" skY="0"/>
    </frame>
   </timeline>
   <timeline pX="0" name="buffHP" pY="0" scale="1" offset="0">
    <frame z="0" duration="13">
     <transform scX="1" x="0" scY="1" y="0" pX="0" pY="0" skX="0" skY="0"/>
    </frame>
   </timeline>
   <timeline pX="0" name="iceDeath" pY="0" scale="1" offset="0">
    <frame z="0" duration="13">
     <transform scX="1" x="0" scY="1" y="0" pX="0" pY="0" skX="0" skY="0"/>
    </frame>
   </timeline>
   <timeline pX="0" name="stoneDeath" pY="0" scale="1" offset="0">
    <frame z="0" duration="13">
     <transform scX="1" x="0" scY="1" y="0" pX="0" pY="0" skX="0" skY="0"/>
    </frame>
   </timeline>
   <timeline pX="0" name="levinDeath" pY="0" scale="1" offset="0">
    <frame z="0" duration="13">
     <transform scX="1" x="0" scY="1" y="0" pX="0" pY="0" skX="0" skY="0"/>
    </frame>
   </timeline>
   <timeline pX="0" name="unitCase" pY="0" scale="1" offset="0">
    <frame z="0" duration="13">
     <transform scX="1" x="0" scY="1" y="0" pX="0" pY="0" skX="0" skY="0"/>
    </frame>
   </timeline>
  </animation>
 </armature>
 <armature name="cont">
  <skin name="default">
   <slot name="cont" z="0" parent="cont">
    <display name="Shape/shape 3913" type="image">
     <transform scX="1" x="0" scY="1" y="0" pX="11" pY="19" skX="0" skY="0"/>
    </display>
    <display name="Shape/shape 3915" type="image">
     <transform scX="1" x="0" scY="1" y="0" pX="9" pY="18" skX="0" skY="0"/>
    </display>
   </slot>
  </skin>
  <bone name="cont">
   <transform scX="1" x="0" skX="0" scY="1" y="0" skY="0"/>
  </bone>
  <animation name="cont" scale="1" loop="1" autoTween="NaN" fadeInTime="0.3" duration="3" tweenEasing="NaN">
   <timeline pX="0" name="cont" pY="0" scale="1" offset="0">
    <frame z="0" duration="1">
     <transform scX="1" x="0" scY="1" y="0" pX="0" pY="0" skX="0" skY="0"/>
    </frame>
    <frame displayIndex="1" z="0" duration="1">
     <transform scX="1" x="0" scY="1" y="0" pX="0" pY="0" skX="0" skY="0"/>
    </frame>
    <frame displayIndex="1" z="0" duration="1">
     <transform scX="1" x="0" scY="1" y="0" pX="0" pY="0" skX="0" skY="0"/>
    </frame>
   </timeline>
   <frame duration="2"/>
   <frame duration="1"/>
  </animation>
 </armature>
</root>