<dragonBones name="1yrt" frameRate="30" version="2.3">
 <armature name="BulletTower71_mc">
  <bone name="Layer 1">
   <transform x="0" y="0" skX="0" skY="0" scX="1" scY="1"/>
  </bone>
  <skin name="default">
   <slot name="Layer 1" parent="Layer 1" z="0">
    <display name="Shape/shape 8398" type="image">
     <transform x="0" y="0" skX="0" skY="0" scX="1" scY="1" pX="84" pY="49"/>
    </display>
    <display name="Shape/shape 8400" type="image">
     <transform x="0" y="0" skX="0" skY="0" scX="1" scY="1" pX="84" pY="49"/>
    </display>
    <display name="Shape/shape 8402" type="image">
     <transform x="0" y="0" skX="0" skY="0" scX="1" scY="1" pX="84" pY="49"/>
    </display>
    <display name="Shape/shape 8404" type="image">
     <transform x="0" y="0" skX="0" skY="0" scX="1" scY="1" pX="84" pY="49"/>
    </display>
    <display name="Shape/shape 8406" type="image">
     <transform x="0" y="0" skX="0" skY="0" scX="1" scY="1" pX="84" pY="49"/>
    </display>
    <display name="Shape/shape 8408" type="image">
     <transform x="0" y="0" skX="0" skY="0" scX="1" scY="1" pX="84" pY="49"/>
    </display>
    <display name="Shape/shape 8410" type="image">
     <transform x="0" y="0" skX="0" skY="0" scX="1" scY="1" pX="84" pY="49"/>
    </display>
    <display name="Shape/shape 8412" type="image">
     <transform x="0" y="0" skX="0" skY="0" scX="1" scY="1" pX="84" pY="49"/>
    </display>
    <display name="Shape/shape 8414" type="image">
     <transform x="0" y="0" skX="0" skY="0" scX="1" scY="1" pX="84" pY="49"/>
    </display>
    <display name="Shape/shape 8416" type="image">
     <transform x="0" y="0" skX="0" skY="0" scX="1" scY="1"/>
    </display>
   </slot>
  </skin>
  <animation name="BulletTower71_mc" fadeInTime="0.3" duration="16" scale="1" loop="1" autoTween="1" tweenEasing="NaN">
   <timeline name="Layer 1" scale="1" offset="0">
    <frame z="0" duration="1">
     <transform x="0" y="0" skX="0" skY="0" scX="1" scY="1" pX="0" pY="0"/>
    </frame>
    <frame z="0" displayIndex="1" duration="1">
     <transform x="0" y="0" skX="0" skY="0" scX="1" scY="1" pX="0" pY="0"/>
    </frame>
    <frame z="0" displayIndex="2" duration="1">
     <transform x="0" y="0" skX="0" skY="0" scX="1" scY="1" pX="0" pY="0"/>
    </frame>
    <frame z="0" displayIndex="3" duration="2">
     <transform x="0" y="0" skX="0" skY="0" scX="1" scY="1" pX="0" pY="0"/>
    </frame>
    <frame z="0" displayIndex="4" duration="2">
     <transform x="0" y="0" skX="0" skY="0" scX="1" scY="1" pX="0" pY="0"/>
    </frame>
    <frame z="0" displayIndex="5" duration="2">
     <transform x="0" y="0" skX="0" skY="0" scX="1" scY="1" pX="0" pY="0"/>
    </frame>
    <frame z="0" displayIndex="6" duration="2">
     <transform x="0" y="0" skX="0" skY="0" scX="1" scY="1" pX="0" pY="0"/>
    </frame>
    <frame z="0" displayIndex="7" duration="2">
     <transform x="0" y="0" skX="0" skY="0" scX="1" scY="1" pX="0" pY="0"/>
    </frame>
    <frame z="0" displayIndex="8" duration="2">
     <transform x="0" y="0" skX="0" skY="0" scX="1" scY="1" pX="0" pY="0"/>
    </frame>
    <frame z="0" displayIndex="9" duration="1">
     <transform x="0" y="0" skX="0" skY="0" scX="1" scY="1" pX="0" pY="0"/>
    </frame>
   </timeline>
  </animation>
 </armature>
</dragonBones>