<dragonBones name="1yrt" frameRate="30" version="2.3">
 <armature name="CastFireIce_mc">
  <bone name="Layer 1">
   <transform x="0" y="0" skX="0" skY="0" scX="1" scY="1"/>
  </bone>
  <skin name="default">
   <slot name="Layer 1" parent="Layer 1" z="0">
    <display name="Shape/shape 6939" type="image">
     <transform x="0" y="0" skX="0" skY="0" scX="1" scY="1" pX="52" pY="48"/>
    </display>
    <display name="Shape/shape 6941" type="image">
     <transform x="0" y="0" skX="0" skY="0" scX="1" scY="1" pX="52" pY="48"/>
    </display>
    <display name="Shape/shape 6943" type="image">
     <transform x="0" y="0" skX="0" skY="0" scX="1" scY="1" pX="52" pY="48"/>
    </display>
    <display name="Shape/shape 6945" type="image">
     <transform x="0" y="0" skX="0" skY="0" scX="1" scY="1" pX="52" pY="48"/>
    </display>
    <display name="Shape/shape 6947" type="image">
     <transform x="0" y="0" skX="0" skY="0" scX="1" scY="1" pX="52" pY="48"/>
    </display>
    <display name="Shape/shape 6949" type="image">
     <transform x="0" y="0" skX="0" skY="0" scX="1" scY="1" pX="52" pY="48"/>
    </display>
    <display name="Shape/shape 6951" type="image">
     <transform x="0" y="0" skX="0" skY="0" scX="1" scY="1" pX="52" pY="48"/>
    </display>
    <display name="Shape/shape 6953" type="image">
     <transform x="0" y="0" skX="0" skY="0" scX="1" scY="1" pX="52" pY="48"/>
    </display>
    <display name="Shape/shape 6955" type="image">
     <transform x="0" y="0" skX="0" skY="0" scX="1" scY="1" pX="52" pY="48"/>
    </display>
    <display name="Shape/shape 6957" type="image">
     <transform x="0" y="0" skX="0" skY="0" scX="1" scY="1" pX="52" pY="48"/>
    </display>
    <display name="Shape/shape 6959" type="image">
     <transform x="0" y="0" skX="0" skY="0" scX="1" scY="1" pX="52" pY="48"/>
    </display>
    <display name="Shape/shape 6961" type="image">
     <transform x="0" y="0" skX="0" skY="0" scX="1" scY="1" pX="52" pY="48"/>
    </display>
    <display name="Shape/shape 6963" type="image">
     <transform x="0" y="0" skX="0" skY="0" scX="1" scY="1" pX="52" pY="48"/>
    </display>
    <display name="Shape/shape 6965" type="image">
     <transform x="0" y="0" skX="0" skY="0" scX="1" scY="1"/>
    </display>
    <display name="Shape/shape 6967" type="image">
     <transform x="0" y="0" skX="0" skY="0" scX="1" scY="1"/>
    </display>
   </slot>
  </skin>
  <animation name="CastFireIce_mc" fadeInTime="0.3" duration="34" scale="1" loop="1" autoTween="1" tweenEasing="NaN">
   <timeline name="Layer 1" scale="1" offset="0">
    <frame z="0" duration="2">
     <transform x="0" y="0" skX="0" skY="0" scX="1" scY="1" pX="0" pY="0"/>
    </frame>
    <frame z="0" displayIndex="1" duration="2">
     <transform x="0" y="0" skX="0" skY="0" scX="1" scY="1" pX="0" pY="0"/>
    </frame>
    <frame z="0" displayIndex="2" duration="2">
     <transform x="0" y="0" skX="0" skY="0" scX="1" scY="1" pX="0" pY="0"/>
    </frame>
    <frame z="0" displayIndex="3" duration="2">
     <transform x="0" y="0" skX="0" skY="0" scX="1" scY="1" pX="0" pY="0"/>
    </frame>
    <frame z="0" displayIndex="4" duration="3">
     <transform x="0" y="0" skX="0" skY="0" scX="1" scY="1" pX="0" pY="0"/>
    </frame>
    <frame z="0" displayIndex="5" duration="3">
     <transform x="0" y="0" skX="0" skY="0" scX="1" scY="1" pX="0" pY="0"/>
    </frame>
    <frame z="0" displayIndex="6" duration="3">
     <transform x="0" y="0" skX="0" skY="0" scX="1" scY="1" pX="0" pY="0"/>
    </frame>
    <frame z="0" displayIndex="7" duration="3">
     <transform x="0" y="0" skX="0" skY="0" scX="1" scY="1" pX="0" pY="0"/>
    </frame>
    <frame z="0" displayIndex="8" duration="2">
     <transform x="0" y="0" skX="0" skY="0" scX="1" scY="1" pX="0" pY="0"/>
    </frame>
    <frame z="0" displayIndex="9" duration="2">
     <transform x="0" y="0" skX="0" skY="0" scX="1" scY="1" pX="0" pY="0"/>
    </frame>
    <frame z="0" displayIndex="10" duration="2">
     <transform x="0" y="0" skX="0" skY="0" scX="1" scY="1" pX="0" pY="0"/>
    </frame>
    <frame z="0" displayIndex="11" duration="2">
     <transform x="0" y="0" skX="0" skY="0" scX="1" scY="1" pX="0" pY="0"/>
    </frame>
    <frame z="0" displayIndex="12" duration="2">
     <transform x="0" y="0" skX="0" skY="0" scX="1" scY="1" pX="0" pY="0"/>
    </frame>
    <frame z="0" displayIndex="13" duration="2">
     <transform x="0" y="0" skX="0" skY="0" scX="1" scY="1" pX="0" pY="0"/>
    </frame>
    <frame z="0" displayIndex="14" duration="2">
     <transform x="0" y="0" skX="0" skY="0" scX="1" scY="1" pX="0" pY="0"/>
    </frame>
   </timeline>
  </animation>
 </armature>
</dragonBones>