<TextureAtlas name="CastFireIce_mc" imagePath="texture.png">
 <SubTexture name="Shape/shape 6939" x="214" y="97" width="105" height="95"/>
 <SubTexture name="Shape/shape 6941" x="214" y="0" width="105" height="95"/>
 <SubTexture name="Shape/shape 6943" x="321" y="0" width="105" height="95"/>
 <SubTexture name="Shape/shape 6945" x="0" y="0" width="105" height="95"/>
 <SubTexture name="Shape/shape 6947" x="107" y="194" width="105" height="95"/>
 <SubTexture name="Shape/shape 6949" x="321" y="97" width="105" height="95"/>
 <SubTexture name="Shape/shape 6951" x="321" y="194" width="105" height="95"/>
 <SubTexture name="Shape/shape 6953" x="214" y="194" width="105" height="95"/>
 <SubTexture name="Shape/shape 6955" x="107" y="97" width="105" height="95"/>
 <SubTexture name="Shape/shape 6957" x="0" y="97" width="105" height="95"/>
 <SubTexture name="Shape/shape 6959" x="0" y="291" width="105" height="95"/>
 <SubTexture name="Shape/shape 6961" x="107" y="0" width="105" height="95"/>
 <SubTexture name="Shape/shape 6963" x="0" y="194" width="105" height="95"/>
</TextureAtlas>