<TextureAtlas name="Unit19_mc" imagePath="texture.png">
 <SubTexture name="dust4" x="0" y="196" width="50" height="50"/>
 <SubTexture name="selectUnit" x="52" y="196" width="50" height="50"/>
 <SubTexture name="sprite 7652" x="52" y="144" width="50" height="50"/>
 <SubTexture name="healthBar" x="156" y="144" width="50" height="50"/>
 <SubTexture name="armor" x="312" y="124" width="50" height="50"/>
 <SubTexture name="iceEffect" x="416" y="176" width="50" height="50"/>
 <SubTexture name="fireEffect" x="312" y="72" width="50" height="50"/>
 <SubTexture name="iceFreez" x="104" y="196" width="50" height="50"/>
 <SubTexture name="levinattack" x="208" y="196" width="50" height="50"/>
 <SubTexture name="iceattack" x="416" y="124" width="50" height="50"/>
 <SubTexture name="fireattack" x="0" y="144" width="50" height="50"/>
 <SubTexture name="dust3" x="364" y="72" width="50" height="50"/>
 <SubTexture name="dust2" x="312" y="176" width="50" height="50"/>
 <SubTexture name="dust1" x="208" y="144" width="50" height="50"/>
 <SubTexture name="buffSpeed" x="416" y="72" width="50" height="50"/>
 <SubTexture name="airShock" x="260" y="196" width="50" height="50"/>
 <SubTexture name="buffHP" x="156" y="196" width="50" height="50"/>
 <SubTexture name="iceDeath" x="260" y="144" width="50" height="50"/>
 <SubTexture name="stonedeath" x="364" y="124" width="50" height="50"/>
 <SubTexture name="levindeath" x="104" y="144" width="50" height="50"/>
 <SubTexture name="case" x="364" y="176" width="50" height="50"/>
 <SubTexture name="Shape/shape 3118" x="468" y="32" width="29" height="30"/>
 <SubTexture name="Shape/shape 3120" x="468" y="192" width="29" height="30"/>
 <SubTexture name="Shape/shape 3122" x="468" y="128" width="29" height="30"/>
 <SubTexture name="Shape/shape 3124" x="468" y="160" width="29" height="30"/>
 <SubTexture name="Shape/shape 3126" x="312" y="228" width="29" height="30"/>
 <SubTexture name="Shape/shape 3128" x="468" y="64" width="29" height="30"/>
 <SubTexture name="Shape/shape 3130" x="468" y="96" width="29" height="30"/>
 <SubTexture name="Shape/shape 3132" x="468" y="224" width="29" height="30"/>
 <SubTexture name="Shape/shape 3134" x="468" y="0" width="29" height="30"/>
 <SubTexture name="Shape/shape 3136" x="343" y="228" width="25" height="30"/>
 <SubTexture name="Shape/shape 11993" x="156" y="72" width="76" height="70"/>
 <SubTexture name="Shape/shape 11995" x="78" y="0" width="76" height="70"/>
 <SubTexture name="Shape/shape 11997" x="0" y="0" width="76" height="70"/>
 <SubTexture name="Shape/shape 11999" x="234" y="72" width="76" height="70"/>
 <SubTexture name="Shape/shape 12001" x="312" y="0" width="76" height="70"/>
 <SubTexture name="Shape/shape 12003" x="156" y="0" width="76" height="70"/>
 <SubTexture name="Shape/shape 12005" x="0" y="72" width="76" height="70"/>
 <SubTexture name="Shape/shape 12007" x="234" y="0" width="76" height="70"/>
 <SubTexture name="Shape/shape 12009" x="78" y="72" width="76" height="70"/>
 <SubTexture name="Shape/shape 12011" x="390" y="0" width="76" height="70"/>
</TextureAtlas>