<root name="BulletTower61_mc" isGlobal="0" frameRate="30" version="3.0">
 <armature name="BulletTower61_mc">
  <skin name="default">
   <slot name="Layer 1" z="0" parent="Layer 1">
    <display name="Shape/shape 12016" type="image">
     <transform scX="1" x="0" scY="1" y="0" pX="83" pY="607" skX="0" skY="0"/>
    </display>
    <display name="Shape/shape 12018" type="image">
     <transform scX="1" x="0" scY="1" y="0" pX="83" pY="607" skX="0" skY="0"/>
    </display>
    <display name="Shape/shape 12020" type="image">
     <transform scX="1" x="0" scY="1" y="0" pX="83" pY="607" skX="0" skY="0"/>
    </display>
    <display name="Shape/shape 12027" type="image">
     <transform scX="1" x="0" scY="1" y="0" pX="83" pY="607" skX="0" skY="0"/>
    </display>
    <display name="Shape/shape 12033" type="image">
     <transform scX="1" x="0" scY="1" y="0" pX="83" pY="607" skX="0" skY="0"/>
    </display>
    <display name="Shape/shape 12039" type="image">
     <transform scX="1" x="0" scY="1" y="0" pX="83" pY="607" skX="0" skY="0"/>
    </display>
    <display name="Shape/shape 12041" type="image">
     <transform scX="1" x="0" scY="1" y="0" pX="83" pY="607" skX="0" skY="0"/>
    </display>
    <display name="Shape/shape 12045" type="image">
     <transform scX="1" x="0" scY="1" y="0" pX="83" pY="607" skX="0" skY="0"/>
    </display>
   </slot>
   <slot name="Layer 2" z="1" parent="Layer 2">
    <display name="Shape/shape 12022" type="image">
     <transform scX="1" x="0" scY="1" y="0" pX="83" pY="81" skX="0" skY="0"/>
    </display>
    <display name="Shape/shape 12025" type="image">
     <transform scX="1" x="0" scY="1" y="0" pX="83" pY="607" skX="0" skY="0"/>
    </display>
    <display name="Shape/shape 12029" type="image">
     <transform scX="1" x="0" scY="1" y="0" pX="83" pY="81" skX="0" skY="0"/>
    </display>
    <display name="Shape/shape 12031" type="image">
     <transform scX="1" x="0" scY="1" y="0" pX="83" pY="81" skX="0" skY="0"/>
    </display>
    <display name="Shape/shape 12035" type="image">
     <transform scX="1" x="0" scY="1" y="0" pX="83" pY="81" skX="0" skY="0"/>
    </display>
    <display name="Shape/shape 12037" type="image">
     <transform scX="1" x="0" scY="1" y="0" pX="83" pY="81" skX="0" skY="0"/>
    </display>
    <display name="Shape/shape 12043" type="image">
     <transform scX="1" x="0" scY="1" y="0" pX="83" pY="81" skX="0" skY="0"/>
    </display>
   </slot>
  </skin>
  <bone name="Layer 1">
   <transform scX="1" x="0" skX="0" scY="1" y="0" skY="0"/>
  </bone>
  <bone name="Layer 2">
   <transform scX="1" x="0" skX="0" scY="1" y="0" skY="0"/>
  </bone>
  <animation fadeInTime="0.3" scale="1" loop="1" autoTween="NaN" name="BulletTower61_mc" duration="14" tweenEasing="NaN">
   <timeline pX="0" name="Layer 1" pY="0" scale="1" offset="0">
    <frame z="0" duration="1">
     <transform scX="1" x="0" scY="1" y="0" pX="0" pY="0" skX="0" skY="0"/>
    </frame>
    <frame displayIndex="1" z="0" duration="1">
     <transform scX="1" x="0" scY="1" y="0" pX="0" pY="0" skX="0" skY="0"/>
    </frame>
    <frame displayIndex="2" z="0" duration="2">
     <transform scX="1" x="0" scY="1" y="0" pX="0" pY="0" skX="0" skY="0"/>
    </frame>
    <frame displayIndex="-1" duration="2"/>
    <frame displayIndex="3" z="0" duration="2">
     <transform scX="1" x="0" scY="1" y="0" pX="0" pY="0" skX="0" skY="0"/>
    </frame>
    <frame displayIndex="4" z="0" duration="2">
     <transform scX="1" x="0" scY="1" y="0" pX="0" pY="0" skX="0" skY="0"/>
    </frame>
    <frame displayIndex="5" z="0" duration="1">
     <transform scX="1" x="0" scY="1" y="0" pX="0" pY="0" skX="0" skY="0"/>
    </frame>
    <frame displayIndex="6" z="0" duration="1">
     <transform scX="1" x="0" scY="1" y="0" pX="0" pY="0" skX="0" skY="0"/>
    </frame>
    <frame displayIndex="7" z="0" duration="1">
     <transform scX="1" x="0" scY="1" y="0" pX="0" pY="0" skX="0" skY="0"/>
    </frame>
    <frame displayIndex="7" z="0" duration="1">
     <transform scX="1" x="0" scY="1" y="0" pX="0" pY="0" skX="0" skY="0"/>
    </frame>
   </timeline>
   <timeline pX="0" name="Layer 2" pY="0" scale="1" offset="0">
    <frame displayIndex="-1" duration="3"/>
    <frame z="0" duration="1">
     <transform scX="1" x="0" scY="1" y="0" pX="0" pY="0" skX="0" skY="0"/>
    </frame>
    <frame displayIndex="1" z="0" duration="2">
     <transform scX="1" x="0" scY="1" y="0" pX="0" pY="0" skX="0" skY="0"/>
    </frame>
    <frame displayIndex="2" z="0" duration="1">
     <transform scX="1" x="0" scY="1" y="0" pX="0" pY="0" skX="0" skY="0"/>
    </frame>
    <frame displayIndex="3" z="0" duration="1">
     <transform scX="1" x="0" scY="1" y="0" pX="0" pY="0" skX="0" skY="0"/>
    </frame>
    <frame displayIndex="4" z="0" duration="1">
     <transform scX="1" x="0" scY="1" y="0" pX="0" pY="0" skX="0" skY="0"/>
    </frame>
    <frame displayIndex="5" z="0" duration="2">
     <transform scX="1" x="0" scY="1" y="0" pX="0" pY="0" skX="0" skY="0"/>
    </frame>
    <frame displayIndex="6" z="0" duration="2">
     <transform scX="1" x="0" scY="1" y="0" pX="0" pY="0" skX="0" skY="0"/>
    </frame>
    <frame displayIndex="6" z="0" duration="1">
     <transform scX="1" x="0" scY="1" y="0" pX="0" pY="0" skX="0" skY="0"/>
    </frame>
   </timeline>
  </animation>
 </armature>
</root>