<dragonBones name="1yrt" frameRate="30" version="2.3">
 <armature name="BulletTower61_mc">
  <bone name="Layer 1">
   <transform x="0" y="0" skX="0" skY="0" scX="1" scY="1"/>
  </bone>
  <bone name="Layer 2">
   <transform x="0" y="0" skX="0" skY="0" scX="1" scY="1"/>
  </bone>
  <skin name="default">
   <slot name="Layer 1" parent="Layer 1" z="0">
    <display name="Shape/shape 12016" type="image">
     <transform x="0" y="0" skX="0" skY="0" scX="1" scY="1" pX="83" pY="607"/>
    </display>
    <display name="Shape/shape 12018" type="image">
     <transform x="0" y="0" skX="0" skY="0" scX="1" scY="1" pX="83" pY="607"/>
    </display>
    <display name="Shape/shape 12020" type="image">
     <transform x="0" y="0" skX="0" skY="0" scX="1" scY="1" pX="83" pY="607"/>
    </display>
    <display name="Shape/shape 12027" type="image">
     <transform x="0" y="0" skX="0" skY="0" scX="1" scY="1" pX="83" pY="607"/>
    </display>
    <display name="Shape/shape 12033" type="image">
     <transform x="0" y="0" skX="0" skY="0" scX="1" scY="1" pX="83" pY="607"/>
    </display>
    <display name="Shape/shape 12039" type="image">
     <transform x="0" y="0" skX="0" skY="0" scX="1" scY="1" pX="83" pY="607"/>
    </display>
    <display name="Shape/shape 12041" type="image">
     <transform x="0" y="0" skX="0" skY="0" scX="1" scY="1" pX="83" pY="81"/>
    </display>
    <display name="Shape/shape 12045" type="image">
     <transform x="0" y="0" skX="0" skY="0" scX="1" scY="1" pX="83" pY="607"/>
    </display>
   </slot>
   <slot name="Layer 2" parent="Layer 2" z="1">
    <display name="Shape/shape 12022" type="image">
     <transform x="0" y="0" skX="0" skY="0" scX="1" scY="1" pX="83" pY="81"/>
    </display>
    <display name="Shape/shape 12025" type="image">
     <transform x="0" y="0" skX="0" skY="0" scX="1" scY="1" pX="83" pY="81"/>
    </display>
    <display name="Shape/shape 12029" type="image">
     <transform x="0" y="0" skX="0" skY="0" scX="1" scY="1" pX="83" pY="81"/>
    </display>
    <display name="Shape/shape 12031" type="image">
     <transform x="0" y="0" skX="0" skY="0" scX="1" scY="1" pX="83" pY="81"/>
    </display>
    <display name="Shape/shape 12035" type="image">
     <transform x="0" y="0" skX="0" skY="0" scX="1" scY="1"/>
    </display>
    <display name="Shape/shape 12037" type="image">
     <transform x="0" y="0" skX="0" skY="0" scX="1" scY="1"/>
    </display>
    <display name="Shape/shape 12043" type="image">
     <transform x="0" y="0" skX="0" skY="0" scX="1" scY="1"/>
    </display>
   </slot>
  </skin>
  <animation name="BulletTower61_mc" fadeInTime="0.3" duration="13" scale="1" loop="1" autoTween="1" tweenEasing="NaN">
   <timeline name="Layer 1" scale="1" offset="0">
    <frame z="0" duration="1">
     <transform x="0" y="0" skX="0" skY="0" scX="1" scY="1" pX="0" pY="0"/>
    </frame>
    <frame z="0" displayIndex="1" duration="1">
     <transform x="0" y="0" skX="0" skY="0" scX="1" scY="1" pX="0" pY="0"/>
    </frame>
    <frame z="0" displayIndex="2" duration="2">
     <transform x="0" y="0" skX="0" skY="0" scX="1" scY="1" pX="0" pY="0"/>
    </frame>
    <frame duration="2" displayIndex="-1"/>
    <frame z="0" displayIndex="3" duration="2">
     <transform x="0" y="0" skX="0" skY="0" scX="1" scY="1" pX="0" pY="0"/>
    </frame>
    <frame z="0" displayIndex="4" duration="2">
     <transform x="0" y="0" skX="0" skY="0" scX="1" scY="1" pX="0" pY="0"/>
    </frame>
    <frame z="0" displayIndex="5" duration="1">
     <transform x="0" y="0" skX="0" skY="0" scX="1" scY="1" pX="0" pY="0"/>
    </frame>
    <frame z="0" displayIndex="6" duration="1">
     <transform x="0" y="0" skX="0" skY="0" scX="1" scY="1" pX="0" pY="0"/>
    </frame>
    <frame z="0" displayIndex="7" duration="1">
     <transform x="0" y="0" skX="0" skY="0" scX="1" scY="1" pX="0" pY="0"/>
    </frame>
   </timeline>
   <timeline name="Layer 2" scale="1" offset="0">
    <frame duration="3" displayIndex="-1"/>
    <frame z="1" duration="1">
     <transform x="0" y="0" skX="0" skY="0" scX="1" scY="1" pX="0" pY="0"/>
    </frame>
    <frame z="1" displayIndex="1" duration="2">
     <transform x="0" y="0" skX="0" skY="0" scX="1" scY="1" pX="0" pY="0"/>
    </frame>
    <frame z="1" displayIndex="2" duration="1">
     <transform x="0" y="0" skX="0" skY="0" scX="1" scY="1" pX="0" pY="0"/>
    </frame>
    <frame z="1" displayIndex="3" duration="1">
     <transform x="0" y="0" skX="0" skY="0" scX="1" scY="1" pX="0" pY="0"/>
    </frame>
    <frame z="1" displayIndex="4" duration="1">
     <transform x="0" y="0" skX="0" skY="0" scX="1" scY="1" pX="0" pY="0"/>
    </frame>
    <frame z="1" displayIndex="5" duration="2">
     <transform x="0" y="0" skX="0" skY="0" scX="1" scY="1" pX="0" pY="0"/>
    </frame>
    <frame z="1" displayIndex="6" duration="2">
     <transform x="0" y="0" skX="0" skY="0" scX="1" scY="1" pX="0" pY="0"/>
    </frame>
   </timeline>
  </animation>
 </armature>
</dragonBones>