<root name="Unit17_mc" isGlobal="0" frameRate="30" version="3.0">
 <armature name="Unit17_mc">
  <skin name="default">
   <slot name="dust4" z="0" parent="dust4">
    <display name="dust4" type="image">
     <transform scX="1" x="0" scY="1" y="0" pX="25" pY="25" skX="0" skY="0"/>
    </display>
   </slot>
   <slot name="selectUnit" z="1" parent="selectUnit">
    <display name="selectUnit" type="image">
     <transform scX="1" x="0" scY="1" y="0" pX="25" pY="25" skX="0" skY="0"/>
    </display>
   </slot>
   <slot name="shadow" z="2" parent="shadow">
    <display name="sprite 7652" type="image">
     <transform scX="1" x="0" scY="1" y="0" pX="25" pY="25" skX="0" skY="0"/>
    </display>
   </slot>
   <slot name="cont" z="3" parent="cont">
    <display name="cont" type="armature">
     <transform scX="1" x="0" skX="0" scY="1" y="0" skY="0"/>
    </display>
   </slot>
   <slot name="healthBar" z="4" parent="healthBar">
    <display name="healthBar" type="image">
     <transform scX="1" x="0" scY="1" y="0" pX="25" pY="25" skX="0" skY="0"/>
    </display>
   </slot>
   <slot name="armor" z="5" parent="armor">
    <display name="armor" type="image">
     <transform scX="1" x="0" scY="1" y="0" pX="25" pY="25" skX="0" skY="0"/>
    </display>
   </slot>
   <slot name="iceEffect" z="6" parent="iceEffect">
    <display name="iceEffect" type="image">
     <transform scX="1" x="0" scY="1" y="0" pX="25" pY="25" skX="0" skY="0"/>
    </display>
   </slot>
   <slot name="fireEffect" z="7" parent="fireEffect">
    <display name="fireEffect" type="image">
     <transform scX="1" x="0" scY="1" y="0" pX="25" pY="25" skX="0" skY="0"/>
    </display>
   </slot>
   <slot name="iceFreez" z="8" parent="iceFreez">
    <display name="iceFreez" type="image">
     <transform scX="1" x="0" scY="1" y="0" pX="25" pY="25" skX="0" skY="0"/>
    </display>
   </slot>
   <slot name="levinAttack" z="9" parent="levinAttack">
    <display name="levinattack" type="image">
     <transform scX="1" x="0" scY="1" y="0" pX="25" pY="25" skX="0" skY="0"/>
    </display>
   </slot>
   <slot name="iceAttack" z="10" parent="iceAttack">
    <display name="iceattack" type="image">
     <transform scX="1" x="0" scY="1" y="0" pX="25" pY="25" skX="0" skY="0"/>
    </display>
   </slot>
   <slot name="fireAttack" z="11" parent="fireAttack">
    <display name="fireattack" type="image">
     <transform scX="1" x="0" scY="1" y="0" pX="25" pY="25" skX="0" skY="0"/>
    </display>
   </slot>
   <slot name="dust3" z="12" parent="dust3">
    <display name="dust3" type="image">
     <transform scX="1" x="0" scY="1" y="0" pX="25" pY="25" skX="0" skY="0"/>
    </display>
   </slot>
   <slot name="dust2" z="13" parent="dust2">
    <display name="dust2" type="image">
     <transform scX="1" x="0" scY="1" y="0" pX="25" pY="25" skX="0" skY="0"/>
    </display>
   </slot>
   <slot name="dust1" z="14" parent="dust1">
    <display name="dust1" type="image">
     <transform scX="1" x="0" scY="1" y="0" pX="25" pY="25" skX="0" skY="0"/>
    </display>
   </slot>
   <slot name="buffSpeed" z="15" parent="buffSpeed">
    <display name="buffSpeed" type="image">
     <transform scX="1" x="0" scY="1" y="0" pX="25" pY="25" skX="0" skY="0"/>
    </display>
   </slot>
   <slot name="airShock" z="16" parent="airShock">
    <display name="airShock" type="image">
     <transform scX="1" x="0" scY="1" y="0" pX="25" pY="25" skX="0" skY="0"/>
    </display>
   </slot>
   <slot name="buffHP" z="17" parent="buffHP">
    <display name="buffHP" type="image">
     <transform scX="1" x="0" scY="1" y="0" pX="25" pY="25" skX="0" skY="0"/>
    </display>
   </slot>
   <slot name="iceDeath" z="18" parent="iceDeath">
    <display name="iceDeath" type="image">
     <transform scX="1" x="0" scY="1" y="0" pX="25" pY="25" skX="0" skY="0"/>
    </display>
   </slot>
   <slot name="stoneDeath" z="19" parent="stoneDeath">
    <display name="stonedeath" type="image">
     <transform scX="1" x="0" scY="1" y="0" pX="25" pY="25" skX="0" skY="0"/>
    </display>
   </slot>
   <slot name="levinDeath" z="20" parent="levinDeath">
    <display name="levindeath" type="image">
     <transform scX="1" x="0" scY="1" y="0" pX="25" pY="25" skX="0" skY="0"/>
    </display>
   </slot>
   <slot name="unitCase" z="21" parent="unitCase">
    <display name="case" type="image">
     <transform scX="1" x="0" scY="1" y="0" pX="25" pY="25" skX="0" skY="0"/>
    </display>
   </slot>
  </skin>
  <bone name="fireAttack">
   <transform scX="0.7" x="2" skX="0" scY="0.7" y="-5" skY="0"/>
  </bone>
  <bone name="selectUnit">
   <transform scX="1.47" x="-0.7" skX="0" scY="1.47" y="0" skY="0"/>
  </bone>
  <bone name="shadow">
   <transform scX="1.78" x="1.1" skX="-4.75" scY="0.86" y="-0.35" skY="0"/>
  </bone>
  <bone name="cont">
   <transform scX="1" x="1.3" skX="5.33" scY="1.01" y="2.5" skY="0.77"/>
  </bone>
  <bone name="healthBar">
   <transform scX="1" x="0" skX="0" scY="1" y="-26" skY="0"/>
  </bone>
  <bone name="armor">
   <transform scX="0.76" x="-1" skX="0" scY="0.76" y="0" skY="0"/>
  </bone>
  <bone name="iceEffect">
   <transform scX="0.46" x="3" skX="0" scY="0.46" y="0" skY="0"/>
  </bone>
  <bone name="fireEffect">
   <transform scX="0.69" x="1" skX="0" scY="0.69" y="-24" skY="0"/>
  </bone>
  <bone name="iceFreez">
   <transform scX="0.68" x="0" skX="0" scY="0.68" y="-10" skY="0"/>
  </bone>
  <bone name="levinAttack">
   <transform scX="1" x="3" skX="0" scY="1" y="-8" skY="0"/>
  </bone>
  <bone name="iceAttack">
   <transform scX="0.7" x="0" skX="0" scY="0.7" y="-8" skY="0"/>
  </bone>
  <bone name="dust4">
   <transform scX="1" x="1" skX="0" scY="1" y="-5" skY="0"/>
  </bone>
  <bone name="dust3">
   <transform scX="1" x="2" skX="0" scY="1" y="0" skY="0"/>
  </bone>
  <bone name="dust2">
   <transform scX="0.46" x="2" skX="0" scY="0.46" y="2" skY="0"/>
  </bone>
  <bone name="dust1">
   <transform scX="0.46" x="-1" skX="0" scY="0.46" y="1" skY="0"/>
  </bone>
  <bone name="buffSpeed">
   <transform scX="0.4" x="-15" skX="0" scY="0.4" y="-8" skY="0"/>
  </bone>
  <bone name="airShock">
   <transform scX="1.2" x="0" skX="0" scY="1.2" y="-26" skY="0"/>
  </bone>
  <bone name="buffHP">
   <transform scX="1" x="0" skX="0" scY="1" y="-13" skY="0"/>
  </bone>
  <bone name="iceDeath">
   <transform scX="0.78" x="0" skX="0" scY="0.78" y="-8" skY="0"/>
  </bone>
  <bone name="stoneDeath">
   <transform scX="1.64" x="1" skX="0" scY="1.54" y="-9" skY="0"/>
  </bone>
  <bone name="levinDeath">
   <transform scX="1.08" x="1" skX="0" scY="1.16" y="-8" skY="0"/>
  </bone>
  <bone name="unitCase">
   <transform scX="0.53" x="-0.75" skX="0" scY="0.6" y="-9.05" skY="0"/>
  </bone>
  <animation name="Unit17_mc" scale="1" loop="1" autoTween="NaN" fadeInTime="0.3" duration="40" tweenEasing="NaN">
   <timeline pX="0" name="dust4" pY="0" scale="1" offset="0">
    <frame z="0" duration="39">
     <transform scX="1" x="0" scY="1" y="0" pX="0" pY="0" skX="0" skY="0"/>
    </frame>
    <frame z="0" duration="1">
     <transform scX="1" x="0" scY="1" y="0" pX="0" pY="0" skX="0" skY="0"/>
    </frame>
   </timeline>
   <timeline pX="0" name="selectUnit" pY="0" scale="1" offset="0">
    <frame z="0" duration="39">
     <transform scX="1" x="0" scY="1" y="0" pX="0" pY="0" skX="0" skY="0"/>
    </frame>
    <frame z="0" duration="1">
     <transform scX="1" x="0" scY="1" y="0" pX="0" pY="0" skX="0" skY="0"/>
    </frame>
   </timeline>
   <timeline pX="0" name="shadow" pY="0" scale="1" offset="0">
    <frame z="0" duration="5" tweenEasing="0">
     <transform scX="1" x="0" scY="1" y="0" pX="0" pY="0" skX="0" skY="0"/>
    </frame>
    <frame z="0" duration="3" tweenEasing="0">
     <transform scX="0.9831460674157303" x="-2" scY="0.930232558139535" y="0.14999999999999997" pX="0" pY="0" skX="2.99" skY="0"/>
    </frame>
    <frame z="0" duration="5" tweenEasing="0">
     <transform scX="0.9719101123595505" x="-3.3000000000000003" scY="0.8953488372093024" y="0.35" pX="0" pY="0" skX="4.75" skY="0"/>
    </frame>
    <frame z="0" duration="1" tweenEasing="0">
     <transform scX="0.5168539325842697" x="-1.35" scY="0.5" y="1.0499999999999998" pX="0" pY="0" skX="4.75" skY="0"/>
    </frame>
    <frame z="0" duration="4" tweenEasing="0">
     <transform scX="0.4887640449438202" x="-1.3" scY="0.4767441860465116" y="1.1" pX="0" pY="0" skX="4.75" skY="0"/>
    </frame>
    <frame z="0" duration="1">
     <transform scX="0.8988764044943821" x="-0.20000000000000007" scY="0.8953488372093024" y="0.19999999999999998" pX="0" pY="0" skX="0.98" skY="0"/>
    </frame>
    <frame z="0" duration="1" tweenEasing="0">
     <transform scX="1" x="0.09999999999999987" scY="1" y="0" pX="0" pY="0" skX="0" skY="0"/>
    </frame>
    <frame z="0" duration="3" tweenEasing="0">
     <transform scX="1" x="0.09999999999999987" scY="1" y="0" pX="0" pY="0" skX="0" skY="0"/>
    </frame>
    <frame z="0" duration="5" tweenEasing="0">
     <transform scX="0.9887640449438202" x="-1.1500000000000001" scY="0.9418604651162792" y="0.35" pX="0" pY="0" skX="1.94" skY="0"/>
    </frame>
    <frame z="0" duration="5" tweenEasing="0">
     <transform scX="0.9719101123595505" x="-3.15" scY="0.8372093023255813" y="1.15" pX="0" pY="0" skX="4.75" skY="0"/>
    </frame>
    <frame z="0" duration="1" tweenEasing="0">
     <transform scX="0.5393258426966292" x="-1.3" scY="0.5" y="0.6" pX="0" pY="0" skX="4.75" skY="2.51"/>
    </frame>
    <frame z="0" duration="2" tweenEasing="0">
     <transform scX="0.5168539325842697" x="-1.35" scY="0.4767441860465116" y="0.6" pX="0" pY="0" skX="4.75" skY="2.5"/>
    </frame>
    <frame z="0" duration="1" tweenEasing="0">
     <transform scX="0.7134831460674157" x="-0.7500000000000001" scY="0.686046511627907" y="0.35" pX="0" pY="0" skX="2.96" skY="1.5"/>
    </frame>
    <frame z="0" duration="2" tweenEasing="0">
     <transform scX="0.8089887640449438" x="-0.45000000000000007" scY="0.7906976744186047" y="0.14999999999999997" pX="0" pY="0" skX="1.9700000000000002" skY="1"/>
    </frame>
    <frame z="0" duration="1">
     <transform scX="1" x="0.09999999999999987" scY="1" y="0" pX="0" pY="0" skX="0" skY="0"/>
    </frame>
   </timeline>
   <timeline pX="0" name="cont" pY="0" scale="1" offset="0">
    <frame z="0" duration="1" tweenEasing="0">
     <transform scX="1" x="0" scY="1" y="0" pX="0" pY="0" skX="0" skY="0"/>
    </frame>
    <frame z="0" duration="1" tweenEasing="0">
     <transform scX="1" x="-0.15000000000000013" scY="0.9900990099009901" y="0" pX="0" pY="0" skX="-1.7800000000000002" skY="-0.26"/>
    </frame>
    <frame z="0" duration="1" tweenEasing="0">
     <transform scX="1" x="-0.3500000000000001" scY="0.9900990099009901" y="0.04999999999999982" pX="0" pY="0" skX="-3.55" skY="-0.51"/>
    </frame>
    <frame z="0" duration="1" tweenEasing="0">
     <transform scX="1" x="-0.55" scY="0.9900990099009901" y="0.04999999999999982" pX="0" pY="0" skX="-5.33" skY="-0.77"/>
    </frame>
    <frame z="0" duration="2" tweenEasing="0">
     <transform scX="1" x="-0.7000000000000001" scY="0.9900990099009901" y="0" pX="0" pY="0" skX="-6.41" skY="-1.33"/>
    </frame>
    <frame z="0" duration="1" tweenEasing="0">
     <transform scX="1" x="-0.9500000000000001" scY="0.9900990099009901" y="0" pX="0" pY="0" skX="-9.129999999999999" skY="-2.83"/>
    </frame>
    <frame z="0" duration="1" tweenEasing="0">
     <transform scX="1" x="-1.1500000000000001" scY="0.9900990099009901" y="-0.10000000000000009" pX="0" pY="0" skX="-10.4" skY="-3.58"/>
    </frame>
    <frame z="0" duration="1" tweenEasing="0">
     <transform scX="1" x="-1.3" scY="0.9900990099009901" y="-0.10000000000000009" pX="0" pY="0" skX="-11.66" skY="-4.33"/>
    </frame>
    <frame z="0" duration="5" tweenEasing="0">
     <transform scX="1" x="-1.1500000000000001" scY="0.9900990099009901" y="-0.95" pX="0" pY="0" skX="-10.6" skY="-3.84"/>
    </frame>
    <frame z="0" duration="6" tweenEasing="0">
     <transform scX="1" x="-0.5" scY="0.9702970297029703" y="-5.15" pX="0" pY="0" skX="-4.82" skY="-1.7800000000000002"/>
    </frame>
    <frame z="0" duration="1" tweenEasing="0">
     <transform scX="1" x="0" scY="1" y="0.04999999999999982" pX="0" pY="0" skX="0" skY="0"/>
    </frame>
    <frame z="0" duration="1" tweenEasing="0">
     <transform scX="1" x="-0.15000000000000013" scY="0.9900990099009901" y="0" pX="0" pY="0" skX="-1.7800000000000002" skY="-0.26"/>
    </frame>
    <frame z="0" duration="1" tweenEasing="0">
     <transform scX="1" x="-0.3500000000000001" scY="0.9900990099009901" y="0.04999999999999982" pX="0" pY="0" skX="-3.55" skY="-0.51"/>
    </frame>
    <frame z="0" duration="1" tweenEasing="0">
     <transform scX="1" x="-0.55" scY="0.9900990099009901" y="0.04999999999999982" pX="0" pY="0" skX="-5.33" skY="-0.77"/>
    </frame>
    <frame z="0" duration="2" tweenEasing="0">
     <transform scX="1" x="-0.7000000000000001" scY="0.9900990099009901" y="0" pX="0" pY="0" skX="-6.41" skY="-1.33"/>
    </frame>
    <frame z="0" duration="1" tweenEasing="0">
     <transform scX="1" x="-0.9500000000000001" scY="0.9900990099009901" y="0" pX="0" pY="0" skX="-9.129999999999999" skY="-2.83"/>
    </frame>
    <frame z="0" duration="1" tweenEasing="0">
     <transform scX="1" x="-1.1500000000000001" scY="0.9900990099009901" y="-0.10000000000000009" pX="0" pY="0" skX="-10.4" skY="-3.58"/>
    </frame>
    <frame z="0" duration="1" tweenEasing="0">
     <transform scX="1" x="-1.3" scY="0.9900990099009901" y="-0.10000000000000009" pX="0" pY="0" skX="-11.66" skY="-4.33"/>
    </frame>
    <frame z="0" duration="5" tweenEasing="0">
     <transform scX="1" x="-1.1500000000000001" scY="0.9900990099009901" y="-0.95" pX="0" pY="0" skX="-10.6" skY="-3.84"/>
    </frame>
    <frame z="0" duration="5" tweenEasing="0">
     <transform scX="1" x="-0.5" scY="0.9702970297029703" y="-5.15" pX="0" pY="0" skX="-4.82" skY="-1.7800000000000002"/>
    </frame>
    <frame z="0" duration="1">
     <transform scX="1" x="-0.050000000000000044" scY="1" y="-0.7" pX="0" pY="0" skX="-0.8200000000000003" skY="-0.27"/>
    </frame>
   </timeline>
   <timeline pX="0" name="healthBar" pY="0" scale="1" offset="0">
    <frame z="0" duration="39">
     <transform scX="1" x="0" scY="1" y="0" pX="0" pY="0" skX="0" skY="0"/>
    </frame>
    <frame z="0" duration="1">
     <transform scX="1" x="0" scY="1" y="0" pX="0" pY="0" skX="0" skY="0"/>
    </frame>
   </timeline>
   <timeline pX="0" name="armor" pY="0" scale="1" offset="0">
    <frame z="0" duration="39">
     <transform scX="1" x="0" scY="1" y="0" pX="0" pY="0" skX="0" skY="0"/>
    </frame>
    <frame z="0" duration="1">
     <transform scX="1" x="0" scY="1" y="0" pX="0" pY="0" skX="0" skY="0"/>
    </frame>
   </timeline>
   <timeline pX="0" name="iceEffect" pY="0" scale="1" offset="0">
    <frame z="0" duration="39">
     <transform scX="1" x="0" scY="1" y="0" pX="0" pY="0" skX="0" skY="0"/>
    </frame>
    <frame z="0" duration="1">
     <transform scX="1" x="0" scY="1" y="0" pX="0" pY="0" skX="0" skY="0"/>
    </frame>
   </timeline>
   <timeline pX="0" name="fireEffect" pY="0" scale="1" offset="0">
    <frame z="0" duration="39">
     <transform scX="1" x="0" scY="1" y="0" pX="0" pY="0" skX="0" skY="0"/>
    </frame>
    <frame z="0" duration="1">
     <transform scX="1" x="0" scY="1" y="0" pX="0" pY="0" skX="0" skY="0"/>
    </frame>
   </timeline>
   <timeline pX="0" name="iceFreez" pY="0" scale="1" offset="0">
    <frame z="0" duration="39">
     <transform scX="1" x="0" scY="1" y="0" pX="0" pY="0" skX="0" skY="0"/>
    </frame>
    <frame z="0" duration="1">
     <transform scX="1" x="0" scY="1" y="0" pX="0" pY="0" skX="0" skY="0"/>
    </frame>
   </timeline>
   <timeline pX="0" name="levinAttack" pY="0" scale="1" offset="0">
    <frame z="0" duration="39">
     <transform scX="1" x="0" scY="1" y="0" pX="0" pY="0" skX="0" skY="0"/>
    </frame>
    <frame z="0" duration="1">
     <transform scX="1" x="0" scY="1" y="0" pX="0" pY="0" skX="0" skY="0"/>
    </frame>
   </timeline>
   <timeline pX="0" name="iceAttack" pY="0" scale="1" offset="0">
    <frame z="0" duration="39">
     <transform scX="1" x="0" scY="1" y="0" pX="0" pY="0" skX="0" skY="0"/>
    </frame>
    <frame z="0" duration="1">
     <transform scX="1" x="0" scY="1" y="0" pX="0" pY="0" skX="0" skY="0"/>
    </frame>
   </timeline>
   <timeline pX="0" name="fireAttack" pY="0" scale="1" offset="0">
    <frame z="0" duration="39">
     <transform scX="1" x="0" scY="1" y="0" pX="0" pY="0" skX="0" skY="0"/>
    </frame>
    <frame z="0" duration="1">
     <transform scX="1" x="0" scY="1" y="0" pX="0" pY="0" skX="0" skY="0"/>
    </frame>
   </timeline>
   <timeline pX="0" name="dust3" pY="0" scale="1" offset="0">
    <frame z="0" duration="39">
     <transform scX="1" x="0" scY="1" y="0" pX="0" pY="0" skX="0" skY="0"/>
    </frame>
    <frame z="0" duration="1">
     <transform scX="1" x="0" scY="1" y="0" pX="0" pY="0" skX="0" skY="0"/>
    </frame>
   </timeline>
   <timeline pX="0" name="dust2" pY="0" scale="1" offset="0">
    <frame z="0" duration="39">
     <transform scX="1" x="0" scY="1" y="0" pX="0" pY="0" skX="0" skY="0"/>
    </frame>
    <frame z="0" duration="1">
     <transform scX="1" x="0" scY="1" y="0" pX="0" pY="0" skX="0" skY="0"/>
    </frame>
   </timeline>
   <timeline pX="0" name="dust1" pY="0" scale="1" offset="0">
    <frame z="0" duration="39">
     <transform scX="1" x="0" scY="1" y="0" pX="0" pY="0" skX="0" skY="0"/>
    </frame>
    <frame z="0" duration="1">
     <transform scX="1" x="0" scY="1" y="0" pX="0" pY="0" skX="0" skY="0"/>
    </frame>
   </timeline>
   <timeline pX="0" name="buffSpeed" pY="0" scale="1" offset="0">
    <frame z="0" duration="39">
     <transform scX="1" x="0" scY="1" y="0" pX="0" pY="0" skX="0" skY="0"/>
    </frame>
    <frame z="0" duration="1">
     <transform scX="1" x="0" scY="1" y="0" pX="0" pY="0" skX="0" skY="0"/>
    </frame>
   </timeline>
   <timeline pX="0" name="airShock" pY="0" scale="1" offset="0">
    <frame z="0" duration="39">
     <transform scX="1" x="0" scY="1" y="0" pX="0" pY="0" skX="0" skY="0"/>
    </frame>
    <frame z="0" duration="1">
     <transform scX="1" x="0" scY="1" y="0" pX="0" pY="0" skX="0" skY="0"/>
    </frame>
   </timeline>
   <timeline pX="0" name="buffHP" pY="0" scale="1" offset="0">
    <frame z="0" duration="39">
     <transform scX="1" x="0" scY="1" y="0" pX="0" pY="0" skX="0" skY="0"/>
    </frame>
    <frame z="0" duration="1">
     <transform scX="1" x="0" scY="1" y="0" pX="0" pY="0" skX="0" skY="0"/>
    </frame>
   </timeline>
   <timeline pX="0" name="iceDeath" pY="0" scale="1" offset="0">
    <frame z="0" duration="39">
     <transform scX="1" x="0" scY="1" y="0" pX="0" pY="0" skX="0" skY="0"/>
    </frame>
    <frame z="0" duration="1">
     <transform scX="1" x="0" scY="1" y="0" pX="0" pY="0" skX="0" skY="0"/>
    </frame>
   </timeline>
   <timeline pX="0" name="stoneDeath" pY="0" scale="1" offset="0">
    <frame z="0" duration="39">
     <transform scX="1" x="0" scY="1" y="0" pX="0" pY="0" skX="0" skY="0"/>
    </frame>
    <frame z="0" duration="1">
     <transform scX="1" x="0" scY="1" y="0" pX="0" pY="0" skX="0" skY="0"/>
    </frame>
   </timeline>
   <timeline pX="0" name="levinDeath" pY="0" scale="1" offset="0">
    <frame z="0" duration="39">
     <transform scX="1" x="0" scY="1" y="0" pX="0" pY="0" skX="0" skY="0"/>
    </frame>
    <frame z="0" duration="1">
     <transform scX="1" x="0" scY="1" y="0" pX="0" pY="0" skX="0" skY="0"/>
    </frame>
   </timeline>
   <timeline pX="0" name="unitCase" pY="0" scale="1" offset="0">
    <frame z="0" duration="39">
     <transform scX="1" x="0" scY="1" y="0" pX="0" pY="0" skX="0" skY="0"/>
    </frame>
    <frame z="0" duration="1">
     <transform scX="1" x="0" scY="1" y="0" pX="0" pY="0" skX="0" skY="0"/>
    </frame>
   </timeline>
   <frame duration="39"/>
   <frame duration="1"/>
  </animation>
 </armature>
 <armature name="cont">
  <skin name="default">
   <slot name="cont" z="0" parent="cont">
    <display name="Shape/shape 2949" type="image">
     <transform scX="1" x="0" scY="1" y="0" pX="29" pY="35" skX="0" skY="0"/>
    </display>
    <display name="Shape/shape 2951" type="image">
     <transform scX="1" x="0" scY="1" y="0" pX="29" pY="35" skX="0" skY="0"/>
    </display>
    <display name="Shape/shape 2953" type="image">
     <transform scX="1" x="0" scY="1" y="0" pX="29" pY="35" skX="0" skY="0"/>
    </display>
    <display name="Shape/shape 2955" type="image">
     <transform scX="1" x="0" scY="1" y="0" pX="29" pY="35" skX="0" skY="0"/>
    </display>
    <display name="Shape/shape 2957" type="image">
     <transform scX="1" x="0" scY="1" y="0" pX="29" pY="35" skX="0" skY="0"/>
    </display>
    <display name="Shape/shape 2959" type="image">
     <transform scX="1" x="0" scY="1" y="0" pX="29" pY="35" skX="0" skY="0"/>
    </display>
    <display name="Shape/shape 2961" type="image">
     <transform scX="1" x="0" scY="1" y="0" pX="29" pY="35" skX="0" skY="0"/>
    </display>
    <display name="Shape/shape 2963" type="image">
     <transform scX="1" x="0" scY="1" y="0" pX="29" pY="35" skX="0" skY="0"/>
    </display>
    <display name="Shape/shape 2965" type="image">
     <transform scX="1" x="0" scY="1" y="0" pX="29" pY="35" skX="0" skY="0"/>
    </display>
    <display name="Shape/shape 2967" type="image">
     <transform scX="1" x="0" scY="1" y="0" pX="29" pY="35" skX="0" skY="0"/>
    </display>
    <display name="Shape/shape 2969" type="image">
     <transform scX="1" x="0" scY="1" y="0" pX="29" pY="35" skX="0" skY="0"/>
    </display>
    <display name="Shape/shape 2971" type="image">
     <transform scX="1" x="0" scY="1" y="0" pX="29" pY="35" skX="0" skY="0"/>
    </display>
    <display name="Shape/shape 2973" type="image">
     <transform scX="1" x="0" scY="1" y="0" pX="29" pY="35" skX="0" skY="0"/>
    </display>
    <display name="Shape/shape 2975" type="image">
     <transform scX="1" x="0" scY="1" y="0" pX="29" pY="35" skX="0" skY="0"/>
    </display>
    <display name="Shape/shape 2977" type="image">
     <transform scX="1" x="0" scY="1" y="0" pX="29" pY="35" skX="0" skY="0"/>
    </display>
    <display name="Shape/shape 2979" type="image">
     <transform scX="1" x="0" scY="1" y="0" pX="29" pY="35" skX="0" skY="0"/>
    </display>
    <display name="Shape/shape 2981" type="image">
     <transform scX="1" x="0" scY="1" y="0" pX="29" pY="35" skX="0" skY="0"/>
    </display>
    <display name="Shape/shape 2983" type="image">
     <transform scX="1" x="0" scY="1" y="0" pX="29" pY="35" skX="0" skY="0"/>
    </display>
    <display name="Shape/shape 2985" type="image">
     <transform scX="1" x="0" scY="1" y="0" pX="29" pY="35" skX="0" skY="0"/>
    </display>
    <display name="Shape/shape 2987" type="image">
     <transform scX="1" x="0" scY="1" y="0" pX="29" pY="35" skX="0" skY="0"/>
    </display>
    <display name="Shape/shape 2989" type="image">
     <transform scX="1" x="0" scY="1" y="0" pX="29" pY="35" skX="0" skY="0"/>
    </display>
    <display name="Shape/shape 2991" type="image">
     <transform scX="1" x="0" scY="1" y="0" pX="29" pY="35" skX="0" skY="0"/>
    </display>
    <display name="Shape/shape 2993" type="image">
     <transform scX="1" x="0" scY="1" y="0" pX="29" pY="35" skX="0" skY="0"/>
    </display>
    <display name="Shape/shape 2995" type="image">
     <transform scX="1" x="0" scY="1" y="0" pX="29" pY="35" skX="0" skY="0"/>
    </display>
    <display name="Shape/shape 2997" type="image">
     <transform scX="1" x="0" scY="1" y="0" pX="29" pY="35" skX="0" skY="0"/>
    </display>
    <display name="Shape/shape 2999" type="image">
     <transform scX="1" x="0" scY="1" y="0" pX="29" pY="35" skX="0" skY="0"/>
    </display>
    <display name="Shape/shape 3001" type="image">
     <transform scX="1" x="0" scY="1" y="0" pX="29" pY="35" skX="0" skY="0"/>
    </display>
    <display name="Shape/shape 3003" type="image">
     <transform scX="1" x="0" scY="1" y="0" pX="29" pY="35" skX="0" skY="0"/>
    </display>
    <display name="Shape/shape 3005" type="image">
     <transform scX="1" x="0" scY="1" y="0" pX="29" pY="35" skX="0" skY="0"/>
    </display>
    <display name="Shape/shape 3007" type="image">
     <transform scX="1" x="0" scY="1" y="0" pX="29" pY="35" skX="0" skY="0"/>
    </display>
    <display name="Shape/shape 3009" type="image">
     <transform scX="1" x="0" scY="1" y="0" pX="29" pY="35" skX="0" skY="0"/>
    </display>
    <display name="Shape/shape 3011" type="image">
     <transform scX="1" x="0" scY="1" y="0" pX="29" pY="35" skX="0" skY="0"/>
    </display>
    <display name="Shape/shape 3013" type="image">
     <transform scX="1" x="0" scY="1" y="0" pX="29" pY="35" skX="0" skY="0"/>
    </display>
    <display name="Shape/shape 3015" type="image">
     <transform scX="1" x="0" scY="1" y="0" pX="29" pY="35" skX="0" skY="0"/>
    </display>
    <display name="Shape/shape 3017" type="image">
     <transform scX="1" x="0" scY="1" y="0" pX="29" pY="35" skX="0" skY="0"/>
    </display>
    <display name="Shape/shape 3019" type="image">
     <transform scX="1" x="0" scY="1" y="0" pX="24" pY="37" skX="0" skY="0"/>
    </display>
    <display name="Shape/shape 3021" type="image">
     <transform scX="1" x="0" scY="1" y="0" pX="24" pY="37" skX="0" skY="0"/>
    </display>
    <display name="Shape/shape 3023" type="image">
     <transform scX="1" x="0" scY="1" y="0" pX="24" pY="37" skX="0" skY="0"/>
    </display>
    <display name="Shape/shape 3025" type="image">
     <transform scX="1" x="0" scY="1" y="0" pX="24" pY="37" skX="0" skY="0"/>
    </display>
    <display name="Shape/shape 3027" type="image">
     <transform scX="1" x="0" scY="1" y="0" pX="24" pY="37" skX="0" skY="0"/>
    </display>
    <display name="Shape/shape 3029" type="image">
     <transform scX="1" x="0" scY="1" y="0" pX="24" pY="37" skX="0" skY="0"/>
    </display>
    <display name="Shape/shape 3031" type="image">
     <transform scX="1" x="0" scY="1" y="0" pX="24" pY="37" skX="0" skY="0"/>
    </display>
    <display name="Shape/shape 3033" type="image">
     <transform scX="1" x="0" scY="1" y="0" pX="24" pY="37" skX="0" skY="0"/>
    </display>
    <display name="Shape/shape 3035" type="image">
     <transform scX="1" x="0" scY="1" y="0" pX="24" pY="37" skX="0" skY="0"/>
    </display>
    <display name="Shape/shape 3037" type="image">
     <transform scX="1" x="0" scY="1" y="0" pX="24" pY="37" skX="0" skY="0"/>
    </display>
    <display name="Shape/shape 3039" type="image">
     <transform scX="1" x="0" scY="1" y="0" pX="24" pY="37" skX="0" skY="0"/>
    </display>
    <display name="Shape/shape 3041" type="image">
     <transform scX="1" x="0" scY="1" y="0" pX="24" pY="37" skX="0" skY="0"/>
    </display>
    <display name="Shape/shape 3043" type="image">
     <transform scX="1" x="0" scY="1" y="0" pX="24" pY="37" skX="0" skY="0"/>
    </display>
    <display name="Shape/shape 3045" type="image">
     <transform scX="1" x="0" scY="1" y="0" pX="24" pY="37" skX="0" skY="0"/>
    </display>
    <display name="Shape/shape 3047" type="image">
     <transform scX="1" x="0" scY="1" y="0" pX="24" pY="37" skX="0" skY="0"/>
    </display>
    <display name="Shape/shape 3049" type="image">
     <transform scX="1" x="0" scY="1" y="0" pX="24" pY="37" skX="0" skY="0"/>
    </display>
    <display name="Shape/shape 3051" type="image">
     <transform scX="1" x="0" scY="1" y="0" pX="24" pY="37" skX="0" skY="0"/>
    </display>
    <display name="Shape/shape 3053" type="image">
     <transform scX="1" x="0" scY="1" y="0" pX="24" pY="37" skX="0" skY="0"/>
    </display>
    <display name="Shape/shape 3055" type="image">
     <transform scX="1" x="0" scY="1" y="0" pX="24" pY="37" skX="0" skY="0"/>
    </display>
    <display name="Shape/shape 3057" type="image">
     <transform scX="1" x="0" scY="1" y="0" pX="24" pY="37" skX="0" skY="0"/>
    </display>
    <display name="Shape/shape 3059" type="image">
     <transform scX="1" x="0" scY="1" y="0" pX="24" pY="37" skX="0" skY="0"/>
    </display>
    <display name="Shape/shape 3061" type="image">
     <transform scX="1" x="0" scY="1" y="0" pX="24" pY="37" skX="0" skY="0"/>
    </display>
    <display name="Shape/shape 3063" type="image">
     <transform scX="1" x="0" scY="1" y="0" pX="24" pY="37" skX="0" skY="0"/>
    </display>
    <display name="Shape/shape 3065" type="image">
     <transform scX="1" x="0" scY="1" y="0" pX="24" pY="37" skX="0" skY="0"/>
    </display>
    <display name="Shape/shape 3067" type="image">
     <transform scX="1" x="0" scY="1" y="0" pX="24" pY="37" skX="0" skY="0"/>
    </display>
    <display name="Shape/shape 3069" type="image">
     <transform scX="1" x="0" scY="1" y="0" pX="24" pY="37" skX="0" skY="0"/>
    </display>
    <display name="Shape/shape 3071" type="image">
     <transform scX="1" x="0" scY="1" y="0" pX="24" pY="37" skX="0" skY="0"/>
    </display>
    <display name="Shape/shape 3073" type="image">
     <transform scX="1" x="0" scY="1" y="0" pX="24" pY="37" skX="0" skY="0"/>
    </display>
    <display name="Shape/shape 3075" type="image">
     <transform scX="1" x="0" scY="1" y="0" pX="24" pY="37" skX="0" skY="0"/>
    </display>
    <display name="Shape/shape 3077" type="image">
     <transform scX="1" x="0" scY="1" y="0" pX="24" pY="37" skX="0" skY="0"/>
    </display>
    <display name="Shape/shape 3079" type="image">
     <transform scX="1" x="0" scY="1" y="0" pX="24" pY="37" skX="0" skY="0"/>
    </display>
    <display name="Shape/shape 3081" type="image">
     <transform scX="1" x="0" scY="1" y="0" pX="24" pY="37" skX="0" skY="0"/>
    </display>
    <display name="Shape/shape 3083" type="image">
     <transform scX="1" x="0" scY="1" y="0" pX="24" pY="37" skX="0" skY="0"/>
    </display>
    <display name="Shape/shape 3085" type="image">
     <transform scX="1" x="0" scY="1" y="0" pX="24" pY="37" skX="0" skY="0"/>
    </display>
    <display name="Shape/shape 3087" type="image">
     <transform scX="1" x="0" scY="1" y="0" pX="24" pY="37" skX="0" skY="0"/>
    </display>
   </slot>
  </skin>
  <bone name="cont">
   <transform scX="1" x="0" skX="0" scY="1" y="0" skY="0"/>
  </bone>
  <animation fadeInTime="0.3" scale="1" loop="1" autoTween="NaN" name="cont" duration="70" tweenEasing="NaN">
   <timeline pX="0" name="cont" pY="0" scale="1" offset="0">
    <frame z="0" duration="1">
     <transform scX="1" x="0" scY="1" y="0" pX="0" pY="0" skX="0" skY="0"/>
    </frame>
    <frame displayIndex="1" z="0" duration="1">
     <transform scX="1" x="0" scY="1" y="0" pX="0" pY="0" skX="0" skY="0"/>
    </frame>
    <frame displayIndex="2" z="0" duration="1">
     <transform scX="1" x="0" scY="1" y="0" pX="0" pY="0" skX="0" skY="0"/>
    </frame>
    <frame displayIndex="3" z="0" duration="1">
     <transform scX="1" x="0" scY="1" y="0" pX="0" pY="0" skX="0" skY="0"/>
    </frame>
    <frame displayIndex="4" z="0" duration="1">
     <transform scX="1" x="0" scY="1" y="0" pX="0" pY="0" skX="0" skY="0"/>
    </frame>
    <frame displayIndex="5" z="0" duration="1">
     <transform scX="1" x="0" scY="1" y="0" pX="0" pY="0" skX="0" skY="0"/>
    </frame>
    <frame displayIndex="6" z="0" duration="1">
     <transform scX="1" x="0" scY="1" y="0" pX="0" pY="0" skX="0" skY="0"/>
    </frame>
    <frame displayIndex="7" z="0" duration="1">
     <transform scX="1" x="0" scY="1" y="0" pX="0" pY="0" skX="0" skY="0"/>
    </frame>
    <frame displayIndex="8" z="0" duration="1">
     <transform scX="1" x="0" scY="1" y="0" pX="0" pY="0" skX="0" skY="0"/>
    </frame>
    <frame displayIndex="9" z="0" duration="1">
     <transform scX="1" x="0" scY="1" y="0" pX="0" pY="0" skX="0" skY="0"/>
    </frame>
    <frame displayIndex="10" z="0" duration="1">
     <transform scX="1" x="0" scY="1" y="0" pX="0" pY="0" skX="0" skY="0"/>
    </frame>
    <frame displayIndex="11" z="0" duration="1">
     <transform scX="1" x="0" scY="1" y="0" pX="0" pY="0" skX="0" skY="0"/>
    </frame>
    <frame displayIndex="12" z="0" duration="1">
     <transform scX="1" x="0" scY="1" y="0" pX="0" pY="0" skX="0" skY="0"/>
    </frame>
    <frame displayIndex="13" z="0" duration="1">
     <transform scX="1" x="0" scY="1" y="0" pX="0" pY="0" skX="0" skY="0"/>
    </frame>
    <frame displayIndex="14" z="0" duration="1">
     <transform scX="1" x="0" scY="1" y="0" pX="0" pY="0" skX="0" skY="0"/>
    </frame>
    <frame displayIndex="15" z="0" duration="1">
     <transform scX="1" x="0" scY="1" y="0" pX="0" pY="0" skX="0" skY="0"/>
    </frame>
    <frame displayIndex="16" z="0" duration="1">
     <transform scX="1" x="0" scY="1" y="0" pX="0" pY="0" skX="0" skY="0"/>
    </frame>
    <frame displayIndex="17" z="0" duration="1">
     <transform scX="1" x="0" scY="1" y="0" pX="0" pY="0" skX="0" skY="0"/>
    </frame>
    <frame displayIndex="18" z="0" duration="1">
     <transform scX="1" x="0" scY="1" y="0" pX="0" pY="0" skX="0" skY="0"/>
    </frame>
    <frame displayIndex="19" z="0" duration="1">
     <transform scX="1" x="0" scY="1" y="0" pX="0" pY="0" skX="0" skY="0"/>
    </frame>
    <frame displayIndex="20" z="0" duration="1">
     <transform scX="1" x="0" scY="1" y="0" pX="0" pY="0" skX="0" skY="0"/>
    </frame>
    <frame displayIndex="21" z="0" duration="1">
     <transform scX="1" x="0" scY="1" y="0" pX="0" pY="0" skX="0" skY="0"/>
    </frame>
    <frame displayIndex="22" z="0" duration="1">
     <transform scX="1" x="0" scY="1" y="0" pX="0" pY="0" skX="0" skY="0"/>
    </frame>
    <frame displayIndex="23" z="0" duration="1">
     <transform scX="1" x="0" scY="1" y="0" pX="0" pY="0" skX="0" skY="0"/>
    </frame>
    <frame displayIndex="24" z="0" duration="1">
     <transform scX="1" x="0" scY="1" y="0" pX="0" pY="0" skX="0" skY="0"/>
    </frame>
    <frame displayIndex="25" z="0" duration="1">
     <transform scX="1" x="0" scY="1" y="0" pX="0" pY="0" skX="0" skY="0"/>
    </frame>
    <frame displayIndex="26" z="0" duration="1">
     <transform scX="1" x="0" scY="1" y="0" pX="0" pY="0" skX="0" skY="0"/>
    </frame>
    <frame displayIndex="27" z="0" duration="1">
     <transform scX="1" x="0" scY="1" y="0" pX="0" pY="0" skX="0" skY="0"/>
    </frame>
    <frame displayIndex="28" z="0" duration="1">
     <transform scX="1" x="0" scY="1" y="0" pX="0" pY="0" skX="0" skY="0"/>
    </frame>
    <frame displayIndex="29" z="0" duration="1">
     <transform scX="1" x="0" scY="1" y="0" pX="0" pY="0" skX="0" skY="0"/>
    </frame>
    <frame displayIndex="30" z="0" duration="1">
     <transform scX="1" x="0" scY="1" y="0" pX="0" pY="0" skX="0" skY="0"/>
    </frame>
    <frame displayIndex="31" z="0" duration="1">
     <transform scX="1" x="0" scY="1" y="0" pX="0" pY="0" skX="0" skY="0"/>
    </frame>
    <frame displayIndex="32" z="0" duration="1">
     <transform scX="1" x="0" scY="1" y="0" pX="0" pY="0" skX="0" skY="0"/>
    </frame>
    <frame displayIndex="33" z="0" duration="1">
     <transform scX="1" x="0" scY="1" y="0" pX="0" pY="0" skX="0" skY="0"/>
    </frame>
    <frame displayIndex="34" z="0" duration="1">
     <transform scX="1" x="0" scY="1" y="0" pX="0" pY="0" skX="0" skY="0"/>
    </frame>
    <frame displayIndex="35" z="0" duration="1">
     <transform scX="1" x="0" scY="1" y="0" pX="0" pY="0" skX="0" skY="0"/>
    </frame>
    <frame displayIndex="36" z="0" duration="1">
     <transform scX="1" x="0" scY="1" y="0" pX="0" pY="0" skX="0" skY="0"/>
    </frame>
    <frame displayIndex="37" z="0" duration="1">
     <transform scX="1" x="0" scY="1" y="0" pX="0" pY="0" skX="0" skY="0"/>
    </frame>
    <frame displayIndex="38" z="0" duration="1">
     <transform scX="1" x="0" scY="1" y="0" pX="0" pY="0" skX="0" skY="0"/>
    </frame>
    <frame displayIndex="39" z="0" duration="1">
     <transform scX="1" x="0" scY="1" y="0" pX="0" pY="0" skX="0" skY="0"/>
    </frame>
    <frame displayIndex="40" z="0" duration="1">
     <transform scX="1" x="0" scY="1" y="0" pX="0" pY="0" skX="0" skY="0"/>
    </frame>
    <frame displayIndex="41" z="0" duration="1">
     <transform scX="1" x="0" scY="1" y="0" pX="0" pY="0" skX="0" skY="0"/>
    </frame>
    <frame displayIndex="42" z="0" duration="1">
     <transform scX="1" x="0" scY="1" y="0" pX="0" pY="0" skX="0" skY="0"/>
    </frame>
    <frame displayIndex="43" z="0" duration="1">
     <transform scX="1" x="0" scY="1" y="0" pX="0" pY="0" skX="0" skY="0"/>
    </frame>
    <frame displayIndex="44" z="0" duration="1">
     <transform scX="1" x="0" scY="1" y="0" pX="0" pY="0" skX="0" skY="0"/>
    </frame>
    <frame displayIndex="45" z="0" duration="1">
     <transform scX="1" x="0" scY="1" y="0" pX="0" pY="0" skX="0" skY="0"/>
    </frame>
    <frame displayIndex="46" z="0" duration="1">
     <transform scX="1" x="0" scY="1" y="0" pX="0" pY="0" skX="0" skY="0"/>
    </frame>
    <frame displayIndex="47" z="0" duration="1">
     <transform scX="1" x="0" scY="1" y="0" pX="0" pY="0" skX="0" skY="0"/>
    </frame>
    <frame displayIndex="48" z="0" duration="1">
     <transform scX="1" x="0" scY="1" y="0" pX="0" pY="0" skX="0" skY="0"/>
    </frame>
    <frame displayIndex="49" z="0" duration="1">
     <transform scX="1" x="0" scY="1" y="0" pX="0" pY="0" skX="0" skY="0"/>
    </frame>
    <frame displayIndex="50" z="0" duration="1">
     <transform scX="1" x="0" scY="1" y="0" pX="0" pY="0" skX="0" skY="0"/>
    </frame>
    <frame displayIndex="51" z="0" duration="1">
     <transform scX="1" x="0" scY="1" y="0" pX="0" pY="0" skX="0" skY="0"/>
    </frame>
    <frame displayIndex="52" z="0" duration="1">
     <transform scX="1" x="0" scY="1" y="0" pX="0" pY="0" skX="0" skY="0"/>
    </frame>
    <frame displayIndex="53" z="0" duration="1">
     <transform scX="1" x="0" scY="1" y="0" pX="0" pY="0" skX="0" skY="0"/>
    </frame>
    <frame displayIndex="54" z="0" duration="1">
     <transform scX="1" x="0" scY="1" y="0" pX="0" pY="0" skX="0" skY="0"/>
    </frame>
    <frame displayIndex="55" z="0" duration="1">
     <transform scX="1" x="0" scY="1" y="0" pX="0" pY="0" skX="0" skY="0"/>
    </frame>
    <frame displayIndex="56" z="0" duration="1">
     <transform scX="1" x="0" scY="1" y="0" pX="0" pY="0" skX="0" skY="0"/>
    </frame>
    <frame displayIndex="57" z="0" duration="1">
     <transform scX="1" x="0" scY="1" y="0" pX="0" pY="0" skX="0" skY="0"/>
    </frame>
    <frame displayIndex="58" z="0" duration="1">
     <transform scX="1" x="0" scY="1" y="0" pX="0" pY="0" skX="0" skY="0"/>
    </frame>
    <frame displayIndex="59" z="0" duration="1">
     <transform scX="1" x="0" scY="1" y="0" pX="0" pY="0" skX="0" skY="0"/>
    </frame>
    <frame displayIndex="60" z="0" duration="1">
     <transform scX="1" x="0" scY="1" y="0" pX="0" pY="0" skX="0" skY="0"/>
    </frame>
    <frame displayIndex="61" z="0" duration="1">
     <transform scX="1" x="0" scY="1" y="0" pX="0" pY="0" skX="0" skY="0"/>
    </frame>
    <frame displayIndex="62" z="0" duration="1">
     <transform scX="1" x="0" scY="1" y="0" pX="0" pY="0" skX="0" skY="0"/>
    </frame>
    <frame displayIndex="63" z="0" duration="1">
     <transform scX="1" x="0" scY="1" y="0" pX="0" pY="0" skX="0" skY="0"/>
    </frame>
    <frame displayIndex="64" z="0" duration="1">
     <transform scX="1" x="0" scY="1" y="0" pX="0" pY="0" skX="0" skY="0"/>
    </frame>
    <frame displayIndex="65" z="0" duration="1">
     <transform scX="1" x="0" scY="1" y="0" pX="0" pY="0" skX="0" skY="0"/>
    </frame>
    <frame displayIndex="66" z="0" duration="1">
     <transform scX="1" x="0" scY="1" y="0" pX="0" pY="0" skX="0" skY="0"/>
    </frame>
    <frame displayIndex="67" z="0" duration="1">
     <transform scX="1" x="0" scY="1" y="0" pX="0" pY="0" skX="0" skY="0"/>
    </frame>
    <frame displayIndex="68" z="0" duration="1">
     <transform scX="1" x="0" scY="1" y="0" pX="0" pY="0" skX="0" skY="0"/>
    </frame>
    <frame displayIndex="69" z="0" duration="1">
     <transform scX="1" x="0" scY="1" y="0" pX="0" pY="0" skX="0" skY="0"/>
    </frame>
   </timeline>
  </animation>
 </armature>
</root>