<root name="RoadsignSphere_mc" isGlobal="0" frameRate="30" version="3.0">
 <armature name="RoadsignLevin_mc">
  <skin name="default">
   <slot name="Layer 1" z="0" parent="Layer 1">
    <display name="Shape/shape 897" type="image">
     <transform pX="26" pY="13"/>
    </display>
   </slot>
   <slot name="Layer 2" z="1" parent="Layer 2">
    <display name="Shape/shape 899" type="image">
     <transform pX="40" pY="70"/>
    </display>
    <display name="Shape/shape 901" type="image">
     <transform pX="40" pY="70"/>
    </display>
    <display name="Shape/shape 903" type="image">
     <transform pX="40" pY="70"/>
    </display>
    <display name="Shape/shape 905" type="image">
     <transform pX="40" pY="70"/>
    </display>
    <display name="Shape/shape 907" type="image">
     <transform pX="40" pY="70"/>
    </display>
    <display name="Shape/shape 909" type="image">
     <transform pX="40" pY="70"/>
    </display>
    <display name="Shape/shape 911" type="image">
     <transform pX="40" pY="70"/>
    </display>
    <display name="Shape/shape 913" type="image">
     <transform pX="40" pY="70"/>
    </display>
    <display name="Shape/shape 915" type="image">
     <transform pX="40" pY="70"/>
    </display>
    <display name="Shape/shape 917" type="image">
     <transform pX="40" pY="70"/>
    </display>
    <display name="Shape/shape 919" type="image">
     <transform pX="40" pY="70"/>
    </display>
    <display name="Shape/shape 921" type="image">
     <transform pX="40" pY="70"/>
    </display>
    <display name="Shape/shape 923" type="image">
     <transform pX="40" pY="70"/>
    </display>
    <display name="Shape/shape 925" type="image">
     <transform pX="40" pY="70"/>
    </display>
    <display name="Shape/shape 927" type="image">
     <transform pX="40" pY="70"/>
    </display>
    <display name="Shape/shape 929" type="image">
     <transform pX="40" pY="70"/>
    </display>
    <display name="Shape/shape 931" type="image">
     <transform pX="40" pY="70"/>
    </display>
    <display name="Shape/shape 933" type="image">
     <transform pX="40" pY="70"/>
    </display>
    <display name="Shape/shape 935" type="image">
     <transform pX="40" pY="70"/>
    </display>
   </slot>
  </skin>
  <bone name="Layer 1">
   <transform/>
  </bone>
  <bone name="Layer 2">
   <transform/>
  </bone>
  <animation name="RoadsignLevin_mc" autoTween="NaN" fadeInTime="0.3" duration="42" tweenEasing="NaN">
   <timeline name="Layer 1">
    <frame z="0" duration="41">
     <transform/>
    </frame>
    <frame z="0" duration="1">
     <transform/>
    </frame>
   </timeline>
   <timeline name="Layer 2">
    <frame displayIndex="-1" duration="1"/>
    <frame z="0" duration="3">
     <transform/>
    </frame>
    <frame displayIndex="1" z="0" duration="3">
     <transform/>
    </frame>
    <frame displayIndex="2" z="0" duration="3">
     <transform/>
    </frame>
    <frame displayIndex="3" z="0" duration="3">
     <transform/>
    </frame>
    <frame displayIndex="4" z="0" duration="3">
     <transform/>
    </frame>
    <frame displayIndex="5" z="0" duration="2">
     <transform/>
    </frame>
    <frame displayIndex="6" z="0" duration="2">
     <transform/>
    </frame>
    <frame displayIndex="7" z="0" duration="2">
     <transform/>
    </frame>
    <frame displayIndex="8" z="0" duration="2">
     <transform/>
    </frame>
    <frame displayIndex="9" z="0" duration="2">
     <transform/>
    </frame>
    <frame displayIndex="10" z="0" duration="2">
     <transform/>
    </frame>
    <frame displayIndex="11" z="0" duration="2">
     <transform/>
    </frame>
    <frame displayIndex="12" z="0" duration="2">
     <transform/>
    </frame>
    <frame displayIndex="13" z="0" duration="1">
     <transform/>
    </frame>
    <frame displayIndex="14" z="0" duration="1">
     <transform/>
    </frame>
    <frame displayIndex="15" z="0" duration="4">
     <transform/>
    </frame>
    <frame displayIndex="16" z="0" duration="1">
     <transform/>
    </frame>
    <frame displayIndex="17" z="0" duration="1">
     <transform/>
    </frame>
    <frame displayIndex="18" z="0" duration="1">
     <transform/>
    </frame>
    <frame displayIndex="18" z="0" duration="1">
     <transform/>
    </frame>
   </timeline>
   <frame duration="41"/>
   <frame duration="1"/>
  </animation>
 </armature>
 <armature name="RoadsignStone_mc">
  <skin name="default">
   <slot name="Layer 1" z="0" parent="Layer 1">
    <display name="Shape/shape 965" type="image">
     <transform pX="26" pY="13"/>
    </display>
   </slot>
   <slot name="Layer 2" z="1" parent="Layer 2">
    <display name="Shape/shape 967" type="image">
     <transform pX="37" pY="24"/>
    </display>
    <display name="Shape/shape 969" type="image">
     <transform pX="37" pY="24"/>
    </display>
    <display name="Shape/shape 971" type="image">
     <transform pX="37" pY="24"/>
    </display>
    <display name="Shape/shape 973" type="image">
     <transform pX="37" pY="24"/>
    </display>
    <display name="Shape/shape 975" type="image">
     <transform pX="37" pY="24"/>
    </display>
    <display name="Shape/shape 977" type="image">
     <transform pX="37" pY="24"/>
    </display>
    <display name="Shape/shape 979" type="image">
     <transform pX="37" pY="24"/>
    </display>
    <display name="Shape/shape 981" type="image">
     <transform pX="37" pY="24"/>
    </display>
    <display name="Shape/shape 983" type="image">
     <transform pX="37" pY="24"/>
    </display>
    <display name="Shape/shape 985" type="image">
     <transform pX="37" pY="24"/>
    </display>
    <display name="Shape/shape 987" type="image">
     <transform pX="37" pY="24"/>
    </display>
    <display name="Shape/shape 989" type="image">
     <transform pX="37" pY="24"/>
    </display>
    <display name="Shape/shape 991" type="image">
     <transform pX="37" pY="24"/>
    </display>
    <display name="Shape/shape 993" type="image">
     <transform pX="37" pY="24"/>
    </display>
    <display name="Shape/shape 995" type="image">
     <transform pX="37" pY="24"/>
    </display>
   </slot>
  </skin>
  <bone name="Layer 1">
   <transform/>
  </bone>
  <bone name="Layer 2">
   <transform/>
  </bone>
  <animation name="RoadsignStone_mc" autoTween="NaN" fadeInTime="0.3" duration="42" tweenEasing="NaN">
   <timeline name="Layer 1">
    <frame z="0" duration="41">
     <transform/>
    </frame>
    <frame z="0" duration="1">
     <transform/>
    </frame>
   </timeline>
   <timeline name="Layer 2">
    <frame displayIndex="-1" duration="1"/>
    <frame z="0" duration="3">
     <transform/>
    </frame>
    <frame displayIndex="1" z="0" duration="3">
     <transform/>
    </frame>
    <frame displayIndex="2" z="0" duration="3">
     <transform/>
    </frame>
    <frame displayIndex="3" z="0" duration="3">
     <transform/>
    </frame>
    <frame displayIndex="4" z="0" duration="3">
     <transform/>
    </frame>
    <frame displayIndex="5" z="0" duration="3">
     <transform/>
    </frame>
    <frame displayIndex="6" z="0" duration="3">
     <transform/>
    </frame>
    <frame displayIndex="7" z="0" duration="3">
     <transform/>
    </frame>
    <frame displayIndex="8" z="0" duration="3">
     <transform/>
    </frame>
    <frame displayIndex="9" z="0" duration="3">
     <transform/>
    </frame>
    <frame displayIndex="10" z="0" duration="3">
     <transform/>
    </frame>
    <frame displayIndex="11" z="0" duration="4">
     <transform/>
    </frame>
    <frame displayIndex="12" z="0" duration="1">
     <transform/>
    </frame>
    <frame displayIndex="13" z="0" duration="1">
     <transform/>
    </frame>
    <frame displayIndex="14" z="0" duration="1">
     <transform/>
    </frame>
    <frame displayIndex="14" z="0" duration="1">
     <transform/>
    </frame>
   </timeline>
   <frame duration="41"/>
   <frame duration="1"/>
  </animation>
 </armature>
 <armature name="RoadsignIce_mc">
  <skin name="default">
   <slot name="Layer 1" z="0" parent="Layer 1">
    <display name="Shape/shape 998" type="image">
     <transform pX="26" pY="13"/>
    </display>
   </slot>
   <slot name="Layer 2" z="1" parent="Layer 2">
    <display name="Shape/shape 1000" type="image">
     <transform pX="37" pY="24"/>
    </display>
    <display name="Shape/shape 1002" type="image">
     <transform pX="37" pY="24"/>
    </display>
    <display name="Shape/shape 1004" type="image">
     <transform pX="37" pY="24"/>
    </display>
    <display name="Shape/shape 1006" type="image">
     <transform pX="37" pY="24"/>
    </display>
    <display name="Shape/shape 1008" type="image">
     <transform pX="37" pY="24"/>
    </display>
    <display name="Shape/shape 1010" type="image">
     <transform pX="37" pY="24"/>
    </display>
    <display name="Shape/shape 1012" type="image">
     <transform pX="37" pY="24"/>
    </display>
    <display name="Shape/shape 1014" type="image">
     <transform pX="37" pY="24"/>
    </display>
    <display name="Shape/shape 1015" type="image">
     <transform pX="37" pY="24"/>
    </display>
    <display name="Shape/shape 1017" type="image">
     <transform pX="37" pY="24"/>
    </display>
    <display name="Shape/shape 1019" type="image">
     <transform pX="37" pY="24"/>
    </display>
    <display name="Shape/shape 1021" type="image">
     <transform pX="37" pY="24"/>
    </display>
   </slot>
  </skin>
  <bone name="Layer 1">
   <transform/>
  </bone>
  <bone name="Layer 2">
   <transform/>
  </bone>
  <animation name="RoadsignIce_mc" autoTween="NaN" fadeInTime="0.3" duration="42" tweenEasing="NaN">
   <timeline name="Layer 1">
    <frame z="0" duration="41">
     <transform/>
    </frame>
    <frame z="0" duration="1">
     <transform/>
    </frame>
   </timeline>
   <timeline name="Layer 2">
    <frame displayIndex="-1" duration="1"/>
    <frame z="0" duration="3">
     <transform/>
    </frame>
    <frame displayIndex="1" z="0" duration="3">
     <transform/>
    </frame>
    <frame displayIndex="2" z="0" duration="3">
     <transform/>
    </frame>
    <frame displayIndex="3" z="0" duration="3">
     <transform/>
    </frame>
    <frame displayIndex="4" z="0" duration="3">
     <transform/>
    </frame>
    <frame displayIndex="5" z="0" duration="3">
     <transform/>
    </frame>
    <frame displayIndex="6" z="0" duration="3">
     <transform/>
    </frame>
    <frame displayIndex="7" z="0" duration="3">
     <transform/>
    </frame>
    <frame displayIndex="8" z="0" duration="13">
     <transform/>
    </frame>
    <frame displayIndex="9" z="0" duration="1">
     <transform/>
    </frame>
    <frame displayIndex="10" z="0" duration="1">
     <transform/>
    </frame>
    <frame displayIndex="11" z="0" duration="1">
     <transform/>
    </frame>
    <frame displayIndex="11" z="0" duration="1">
     <transform/>
    </frame>
   </timeline>
   <frame duration="41"/>
   <frame duration="1"/>
  </animation>
 </armature>
 <armature name="RoadsignFire_mc">
  <skin name="default">
   <slot name="Layer 1" z="0" parent="Layer 1">
    <display name="Shape/shape 938" type="image">
     <transform pX="26" pY="13"/>
    </display>
   </slot>
   <slot name="Layer 2" z="1" parent="Layer 2">
    <display name="Shape/shape 940" type="image">
     <transform pX="36" pY="23"/>
    </display>
    <display name="Shape/shape 942" type="image">
     <transform pX="36" pY="23"/>
    </display>
    <display name="Shape/shape 944" type="image">
     <transform pX="36" pY="23"/>
    </display>
    <display name="Shape/shape 946" type="image">
     <transform pX="36" pY="23"/>
    </display>
    <display name="Shape/shape 948" type="image">
     <transform pX="36" pY="23"/>
    </display>
    <display name="Shape/shape 950" type="image">
     <transform pX="36" pY="23"/>
    </display>
    <display name="Shape/shape 952" type="image">
     <transform pX="36" pY="23"/>
    </display>
    <display name="Shape/shape 954" type="image">
     <transform pX="36" pY="23"/>
    </display>
    <display name="Shape/shape 956" type="image">
     <transform pX="36" pY="23"/>
    </display>
    <display name="Shape/shape 958" type="image">
     <transform pX="36" pY="23"/>
    </display>
    <display name="Shape/shape 960" type="image">
     <transform pX="36" pY="23"/>
    </display>
    <display name="Shape/shape 962" type="image">
     <transform pX="36" pY="23"/>
    </display>
   </slot>
  </skin>
  <bone name="Layer 1">
   <transform/>
  </bone>
  <bone name="Layer 2">
   <transform/>
  </bone>
  <animation fadeInTime="0.3" autoTween="NaN" name="RoadsignFire_mc" duration="43" tweenEasing="NaN">
   <timeline name="Layer 1">
    <frame z="0" duration="41">
     <transform/>
    </frame>
    <frame z="0" duration="1">
     <transform/>
    </frame>
    <frame z="0" duration="1">
     <transform/>
    </frame>
   </timeline>
   <timeline name="Layer 2">
    <frame displayIndex="-1" duration="1"/>
    <frame z="0" duration="3">
     <transform/>
    </frame>
    <frame displayIndex="1" z="0" duration="3">
     <transform/>
    </frame>
    <frame displayIndex="2" z="0" duration="3">
     <transform/>
    </frame>
    <frame displayIndex="3" z="0" duration="3">
     <transform/>
    </frame>
    <frame displayIndex="4" z="0" duration="3">
     <transform/>
    </frame>
    <frame displayIndex="5" z="0" duration="3">
     <transform/>
    </frame>
    <frame displayIndex="6" z="0" duration="3">
     <transform/>
    </frame>
    <frame displayIndex="7" z="0" duration="3">
     <transform/>
    </frame>
    <frame displayIndex="8" z="0" duration="13">
     <transform/>
    </frame>
    <frame displayIndex="9" z="0" duration="1">
     <transform/>
    </frame>
    <frame displayIndex="10" z="0" duration="1">
     <transform/>
    </frame>
    <frame displayIndex="11" z="0" duration="1">
     <transform/>
    </frame>
    <frame displayIndex="11" z="0" duration="1">
     <transform/>
    </frame>
    <frame displayIndex="11" z="0" duration="1">
     <transform/>
    </frame>
   </timeline>
  </animation>
 </armature>
</root>