<TextureAtlas name="RoadsignSphere_mc" imagePath="texture.png">
 <SubTexture name="Shape/shape 897" x="950" y="56" width="52" height="26"/>
 <SubTexture name="Shape/shape 899" x="190" y="0" width="93" height="101"/>
 <SubTexture name="Shape/shape 901" x="570" y="103" width="93" height="101"/>
 <SubTexture name="Shape/shape 903" x="760" y="103" width="93" height="101"/>
 <SubTexture name="Shape/shape 905" x="380" y="103" width="93" height="101"/>
 <SubTexture name="Shape/shape 907" x="380" y="0" width="93" height="101"/>
 <SubTexture name="Shape/shape 909" x="475" y="0" width="93" height="101"/>
 <SubTexture name="Shape/shape 911" x="0" y="0" width="93" height="101"/>
 <SubTexture name="Shape/shape 913" x="855" y="0" width="93" height="101"/>
 <SubTexture name="Shape/shape 915" x="570" y="0" width="93" height="101"/>
 <SubTexture name="Shape/shape 917" x="760" y="0" width="93" height="101"/>
 <SubTexture name="Shape/shape 919" x="285" y="0" width="93" height="101"/>
 <SubTexture name="Shape/shape 921" x="95" y="0" width="93" height="101"/>
 <SubTexture name="Shape/shape 923" x="285" y="103" width="93" height="101"/>
 <SubTexture name="Shape/shape 925" x="665" y="103" width="93" height="101"/>
 <SubTexture name="Shape/shape 927" x="665" y="0" width="93" height="101"/>
 <SubTexture name="Shape/shape 929" x="475" y="103" width="93" height="101"/>
 <SubTexture name="Shape/shape 931" x="0" y="103" width="93" height="101"/>
 <SubTexture name="Shape/shape 933" x="95" y="103" width="93" height="101"/>
 <SubTexture name="Shape/shape 935" x="190" y="103" width="93" height="101"/>
 <SubTexture name="Shape/shape 965" x="950" y="84" width="52" height="26"/>
 <SubTexture name="Shape/shape 967" x="80" y="206" width="78" height="52"/>
 <SubTexture name="Shape/shape 969" x="560" y="260" width="78" height="52"/>
 <SubTexture name="Shape/shape 971" x="800" y="265" width="78" height="52"/>
 <SubTexture name="Shape/shape 973" x="720" y="206" width="78" height="52"/>
 <SubTexture name="Shape/shape 975" x="480" y="206" width="78" height="52"/>
 <SubTexture name="Shape/shape 977" x="400" y="206" width="78" height="52"/>
 <SubTexture name="Shape/shape 979" x="480" y="260" width="78" height="52"/>
 <SubTexture name="Shape/shape 981" x="855" y="103" width="78" height="52"/>
 <SubTexture name="Shape/shape 983" x="640" y="260" width="78" height="52"/>
 <SubTexture name="Shape/shape 985" x="880" y="220" width="78" height="52"/>
 <SubTexture name="Shape/shape 987" x="720" y="260" width="78" height="52"/>
 <SubTexture name="Shape/shape 989" x="240" y="260" width="78" height="52"/>
 <SubTexture name="Shape/shape 991" x="800" y="211" width="78" height="52"/>
 <SubTexture name="Shape/shape 993" x="160" y="206" width="78" height="52"/>
 <SubTexture name="Shape/shape 995" x="0" y="206" width="78" height="52"/>
 <SubTexture name="Shape/shape 998" x="950" y="28" width="52" height="26"/>
 <SubTexture name="Shape/shape 1000" x="320" y="206" width="78" height="52"/>
 <SubTexture name="Shape/shape 1002" x="80" y="260" width="78" height="52"/>
 <SubTexture name="Shape/shape 1004" x="560" y="206" width="78" height="52"/>
 <SubTexture name="Shape/shape 1006" x="935" y="166" width="78" height="52"/>
 <SubTexture name="Shape/shape 1008" x="400" y="260" width="78" height="52"/>
 <SubTexture name="Shape/shape 1010" x="160" y="260" width="78" height="52"/>
 <SubTexture name="Shape/shape 1012" x="320" y="260" width="78" height="52"/>
 <SubTexture name="Shape/shape 1014" x="640" y="206" width="78" height="52"/>
 <SubTexture name="Shape/shape 1015" x="855" y="157" width="78" height="52"/>
 <SubTexture name="Shape/shape 1017" x="240" y="206" width="78" height="52"/>
 <SubTexture name="Shape/shape 1019" x="935" y="112" width="78" height="52"/>
 <SubTexture name="Shape/shape 1021" x="0" y="260" width="78" height="52"/>
 <SubTexture name="Shape/shape 938" x="950" y="0" width="52" height="26"/>
 <SubTexture name="Shape/shape 940" x="78" y="314" width="76" height="50"/>
 <SubTexture name="Shape/shape 942" x="780" y="319" width="76" height="50"/>
 <SubTexture name="Shape/shape 944" x="234" y="314" width="76" height="50"/>
 <SubTexture name="Shape/shape 946" x="468" y="314" width="76" height="50"/>
 <SubTexture name="Shape/shape 948" x="546" y="314" width="76" height="50"/>
 <SubTexture name="Shape/shape 950" x="880" y="274" width="76" height="50"/>
 <SubTexture name="Shape/shape 952" x="390" y="314" width="76" height="50"/>
 <SubTexture name="Shape/shape 954" x="312" y="314" width="76" height="50"/>
 <SubTexture name="Shape/shape 956" x="156" y="314" width="76" height="50"/>
 <SubTexture name="Shape/shape 958" x="702" y="314" width="76" height="50"/>
 <SubTexture name="Shape/shape 960" x="0" y="314" width="76" height="50"/>
 <SubTexture name="Shape/shape 962" x="624" y="314" width="76" height="50"/>
</TextureAtlas>