<root name="MoveSphere_mc" frameRate="30" isGlobal="0" version="3.0">
 <armature name="MoveSphere_mc">
  <bone name="numTXT">
   <transform x="-8" y="3.35" scX="0.4" scY="0.4"/>
  </bone>
  <skin name="default">
   <slot name="numTXT" z="0" parent="numTXT">
    <display name="case" type="image">
     <transform pX="25" pY="25"/>
    </display>
    <display name="text" type="text">
     <transform x="-2" y="-2"/>
     <text face="FZJianTiS-R-GB Bold" textType="dynamic" size="14" alignH="left" text="0" lineType="multiline" width="43" bold="0" alignV="top" height="37" italic="0">
      <color g="204" r="255" b="0" a="255"/>
     </text>
    </display>
   </slot>
  </skin>
  <animation name="MoveSphere_mc" scale="5" loop="0" fadeInTime="0.3" tweenEasing="2" autoTween="NaN" duration="2">
   <timeline name="numTXT">
    <frame z="0" duration="1">
     <transform/>
    </frame>
    <frame duration="1" z="0" displayIndex="1">
     <transform x="11.15" y="4.9" scX="2.5" scY="2.5"/>
    </frame>
   </timeline>
  </animation>
 </armature>
</root>