<TextureAtlas name="Tower6_mc" imagePath="texture.png">
 <SubTexture name="Shape/shape 7529" x="246" y="646" width="82" height="52"/>
 <SubTexture name="Shape/shape 4702" x="492" y="436" width="80" height="72"/>
 <SubTexture name="Shape/shape 4704" x="0" y="572" width="80" height="72"/>
 <SubTexture name="Shape/shape 4706" x="246" y="498" width="80" height="72"/>
 <SubTexture name="Shape/shape 4708" x="164" y="646" width="80" height="72"/>
 <SubTexture name="Shape/shape 4710" x="676" y="258" width="80" height="72"/>
 <SubTexture name="Shape/shape 4712" x="410" y="350" width="80" height="72"/>
 <SubTexture name="Shape/shape 4714" x="410" y="572" width="80" height="72"/>
 <SubTexture name="Shape/shape 4716" x="840" y="184" width="80" height="72"/>
 <SubTexture name="Shape/shape 4718" x="820" y="480" width="80" height="72"/>
 <SubTexture name="Shape/shape 4720" x="0" y="350" width="80" height="72"/>
 <SubTexture name="Shape/shape 4722" x="82" y="572" width="80" height="72"/>
 <SubTexture name="Shape/shape 4724" x="738" y="480" width="80" height="72"/>
 <SubTexture name="Shape/shape 4726" x="164" y="572" width="80" height="72"/>
 <SubTexture name="Shape/shape 4728" x="902" y="406" width="80" height="72"/>
 <SubTexture name="Shape/shape 4730" x="492" y="510" width="80" height="72"/>
 <SubTexture name="Shape/shape 4732" x="82" y="350" width="80" height="72"/>
 <SubTexture name="Shape/shape 4734" x="462" y="276" width="80" height="72"/>
 <SubTexture name="Shape/shape 4736" x="246" y="572" width="80" height="72"/>
 <SubTexture name="Shape/shape 4738" x="544" y="288" width="80" height="72"/>
 <SubTexture name="Shape/shape 4740" x="708" y="332" width="80" height="72"/>
 <SubTexture name="Shape/shape 4742" x="492" y="584" width="80" height="72"/>
 <SubTexture name="Shape/shape 4744" x="656" y="554" width="80" height="72"/>
 <SubTexture name="Shape/shape 4746" x="820" y="554" width="80" height="72"/>
 <SubTexture name="Shape/shape 4748" x="164" y="350" width="80" height="72"/>
 <SubTexture name="Shape/shape 4750" x="656" y="628" width="80" height="72"/>
 <SubTexture name="Shape/shape 4752" x="0" y="646" width="80" height="72"/>
 <SubTexture name="Shape/shape 4754" x="922" y="184" width="80" height="72"/>
 <SubTexture name="Shape/shape 4756" x="922" y="258" width="80" height="72"/>
 <SubTexture name="Shape/shape 4758" x="738" y="554" width="80" height="72"/>
 <SubTexture name="Shape/shape 4760" x="82" y="646" width="80" height="72"/>
 <SubTexture name="Shape/shape 4762" x="872" y="332" width="80" height="72"/>
 <SubTexture name="Shape/shape 4764" x="840" y="258" width="80" height="72"/>
 <SubTexture name="Shape/shape 4766" x="758" y="184" width="80" height="72"/>
 <SubTexture name="Shape/shape 4768" x="0" y="424" width="80" height="72"/>
 <SubTexture name="Shape/shape 4770" x="574" y="554" width="80" height="72"/>
 <SubTexture name="Shape/shape 4772" x="0" y="498" width="80" height="72"/>
 <SubTexture name="Shape/shape 4774" x="164" y="498" width="80" height="72"/>
 <SubTexture name="Shape/shape 4776" x="738" y="628" width="80" height="72"/>
 <SubTexture name="Shape/shape 4778" x="410" y="498" width="80" height="72"/>
 <SubTexture name="Shape/shape 4780" x="656" y="480" width="80" height="72"/>
 <SubTexture name="Shape/shape 4782" x="790" y="332" width="80" height="72"/>
 <SubTexture name="Shape/shape 4784" x="134" y="276" width="80" height="72"/>
 <SubTexture name="Shape/shape 4786" x="298" y="276" width="80" height="72"/>
 <SubTexture name="Shape/shape 4788" x="656" y="406" width="80" height="72"/>
 <SubTexture name="Shape/shape 4790" x="676" y="184" width="80" height="72"/>
 <SubTexture name="Shape/shape 4792" x="574" y="406" width="80" height="72"/>
 <SubTexture name="Shape/shape 4794" x="328" y="498" width="80" height="72"/>
 <SubTexture name="Shape/shape 4796" x="738" y="406" width="80" height="72"/>
 <SubTexture name="Shape/shape 4798" x="820" y="628" width="80" height="72"/>
 <SubTexture name="Shape/shape 4800" x="902" y="554" width="80" height="72"/>
 <SubTexture name="Shape/shape 4802" x="574" y="628" width="80" height="72"/>
 <SubTexture name="Shape/shape 4804" x="52" y="276" width="80" height="72"/>
 <SubTexture name="Shape/shape 4806" x="380" y="276" width="80" height="72"/>
 <SubTexture name="Shape/shape 4808" x="328" y="424" width="80" height="72"/>
 <SubTexture name="Shape/shape 4810" x="758" y="258" width="80" height="72"/>
 <SubTexture name="Shape/shape 4812" x="82" y="498" width="80" height="72"/>
 <SubTexture name="Shape/shape 4814" x="820" y="406" width="80" height="72"/>
 <SubTexture name="Shape/shape 4816" x="410" y="424" width="80" height="72"/>
 <SubTexture name="Shape/shape 4818" x="902" y="480" width="80" height="72"/>
 <SubTexture name="Shape/shape 4820" x="328" y="350" width="80" height="72"/>
 <SubTexture name="Shape/shape 4822" x="246" y="350" width="80" height="72"/>
 <SubTexture name="Shape/shape 4824" x="164" y="424" width="80" height="72"/>
 <SubTexture name="Shape/shape 4826" x="574" y="480" width="80" height="72"/>
 <SubTexture name="Shape/shape 4828" x="328" y="572" width="80" height="72"/>
 <SubTexture name="Shape/shape 4830" x="216" y="276" width="80" height="72"/>
 <SubTexture name="Shape/shape 4832" x="902" y="628" width="80" height="72"/>
 <SubTexture name="Shape/shape 4834" x="246" y="424" width="80" height="72"/>
 <SubTexture name="Shape/shape 4836" x="492" y="362" width="80" height="72"/>
 <SubTexture name="Shape/shape 4838" x="82" y="424" width="80" height="72"/>
 <SubTexture name="Shape/shape 4840" x="626" y="332" width="80" height="72"/>
 <SubTexture name="boneBlock" x="0" y="276" width="50" height="50"/>
 <SubTexture name="blockTower" x="624" y="184" width="50" height="50"/>
 <SubTexture name="case" x="624" y="236" width="50" height="50"/>
 <SubTexture name="Shape/shape 7531" x="702" y="92" width="76" height="90"/>
 <SubTexture name="Shape/shape 7533" x="312" y="0" width="76" height="90"/>
 <SubTexture name="Shape/shape 7535" x="702" y="0" width="76" height="90"/>
 <SubTexture name="Shape/shape 7537" x="78" y="184" width="76" height="90"/>
 <SubTexture name="Shape/shape 7539" x="624" y="92" width="76" height="90"/>
 <SubTexture name="Shape/shape 7541" x="546" y="0" width="76" height="90"/>
 <SubTexture name="Shape/shape 7543" x="234" y="184" width="76" height="90"/>
 <SubTexture name="Shape/shape 7545" x="390" y="92" width="76" height="90"/>
 <SubTexture name="Shape/shape 7547" x="624" y="0" width="76" height="90"/>
 <SubTexture name="Shape/shape 7549" x="78" y="0" width="76" height="90"/>
 <SubTexture name="Shape/shape 7551" x="78" y="92" width="76" height="90"/>
 <SubTexture name="Shape/shape 7553" x="468" y="184" width="76" height="90"/>
 <SubTexture name="Shape/shape 7555" x="546" y="184" width="76" height="90"/>
 <SubTexture name="Shape/shape 7557" x="468" y="92" width="76" height="90"/>
 <SubTexture name="Shape/shape 7559" x="390" y="0" width="76" height="90"/>
 <SubTexture name="Shape/shape 7561" x="858" y="0" width="76" height="90"/>
 <SubTexture name="Shape/shape 7563" x="780" y="0" width="76" height="90"/>
 <SubTexture name="Shape/shape 7565" x="156" y="184" width="76" height="90"/>
 <SubTexture name="Shape/shape 7567" x="0" y="0" width="76" height="90"/>
 <SubTexture name="Shape/shape 7569" x="312" y="184" width="76" height="90"/>
 <SubTexture name="Shape/shape 7571" x="858" y="92" width="76" height="90"/>
 <SubTexture name="Shape/shape 7573" x="0" y="184" width="76" height="90"/>
 <SubTexture name="Shape/shape 7575" x="0" y="92" width="76" height="90"/>
 <SubTexture name="Shape/shape 7577" x="936" y="0" width="76" height="90"/>
 <SubTexture name="Shape/shape 7579" x="234" y="0" width="76" height="90"/>
 <SubTexture name="Shape/shape 7581" x="780" y="92" width="76" height="90"/>
 <SubTexture name="Shape/shape 7583" x="936" y="92" width="76" height="90"/>
 <SubTexture name="Shape/shape 7585" x="468" y="0" width="76" height="90"/>
 <SubTexture name="Shape/shape 7587" x="312" y="92" width="76" height="90"/>
 <SubTexture name="Shape/shape 7589" x="390" y="184" width="76" height="90"/>
 <SubTexture name="Shape/shape 7591" x="546" y="92" width="76" height="90"/>
 <SubTexture name="Shape/shape 7593" x="156" y="0" width="76" height="90"/>
 <SubTexture name="Shape/shape 7595" x="156" y="92" width="76" height="90"/>
 <SubTexture name="Shape/shape 7597" x="234" y="92" width="76" height="90"/>
</TextureAtlas>