<dragonBones name="1yrt" frameRate="30" version="2.3">
 <armature name="dust1">
  <bone name="Layer 1">
   <transform x="0" y="0" skX="0" skY="0" scX="1" scY="1"/>
  </bone>
  <skin name="default">
   <slot name="Layer 1" parent="Layer 1" z="0">
    <display name="Shape/shape 7948" type="image">
     <transform x="0" y="0" skX="0" skY="0" scX="1" scY="1" pX="24" pY="14"/>
    </display>
    <display name="Shape/shape 7950" type="image">
     <transform x="0" y="0" skX="0" skY="0" scX="1" scY="1" pX="24" pY="14"/>
    </display>
    <display name="Shape/shape 7952" type="image">
     <transform x="0" y="0" skX="0" skY="0" scX="1" scY="1" pX="24" pY="14"/>
    </display>
    <display name="Shape/shape 7954" type="image">
     <transform x="0" y="0" skX="0" skY="0" scX="1" scY="1" pX="24" pY="14"/>
    </display>
    <display name="Shape/shape 7956" type="image">
     <transform x="0" y="0" skX="0" skY="0" scX="1" scY="1" pX="24" pY="14"/>
    </display>
    <display name="Shape/shape 7958" type="image">
     <transform x="0" y="0" skX="0" skY="0" scX="1" scY="1" pX="24" pY="14"/>
    </display>
    <display name="Shape/shape 7960" type="image">
     <transform x="0" y="0" skX="0" skY="0" scX="1" scY="1" pX="24" pY="14"/>
    </display>
    <display name="Shape/shape 7962" type="image">
     <transform x="0" y="0" skX="0" skY="0" scX="1" scY="1" pX="24" pY="14"/>
    </display>
   </slot>
  </skin>
  <animation name="dust1" fadeInTime="0.3" duration="8" scale="1" loop="1" autoTween="1" tweenEasing="NaN">
   <timeline name="Layer 1" scale="1" offset="0">
    <frame z="0" duration="1">
     <transform x="0" y="0" skX="0" skY="0" scX="1" scY="1" pX="0" pY="0"/>
    </frame>
    <frame z="0" displayIndex="1" duration="1">
     <transform x="0" y="0" skX="0" skY="0" scX="1" scY="1" pX="0" pY="0"/>
    </frame>
    <frame z="0" displayIndex="2" duration="1">
     <transform x="0" y="0" skX="0" skY="0" scX="1" scY="1" pX="0" pY="0"/>
    </frame>
    <frame z="0" displayIndex="3" duration="1">
     <transform x="0" y="0" skX="0" skY="0" scX="1" scY="1" pX="0" pY="0"/>
    </frame>
    <frame z="0" displayIndex="4" duration="1">
     <transform x="0" y="0" skX="0" skY="0" scX="1" scY="1" pX="0" pY="0"/>
    </frame>
    <frame z="0" displayIndex="5" duration="1">
     <transform x="0" y="0" skX="0" skY="0" scX="1" scY="1" pX="0" pY="0"/>
    </frame>
    <frame z="0" displayIndex="6" duration="1">
     <transform x="0" y="0" skX="0" skY="0" scX="1" scY="1" pX="0" pY="0"/>
    </frame>
    <frame z="0" displayIndex="7" duration="1">
     <transform x="0" y="0" skX="0" skY="0" scX="1" scY="1" pX="0" pY="0"/>
    </frame>
   </timeline>
  </animation>
 </armature>
</dragonBones>