<root name="PauseMenu_mc" isGlobal="0" frameRate="30" version="3.0">
 <armature name="PauseMenu_mc">
  <skin name="default">
   <slot name="shadow" z="0" parent="shadow">
    <display name="Symbol 1600" type="image">
     <transform x="0" pX="350" pY="250" skX="0" skY="0" scX="1" y="0" scY="1"/>
    </display>
   </slot>
   <slot name="scroll" z="1" parent="scroll">
    <display name="scroll" type="armature">
     <transform scY="1" skY="0" x="0" scX="1" skX="0" y="0"/>
    </display>
   </slot>
  </skin>
  <bone name="shadow">
   <transform y="300" skY="0" x="400" scX="1.14" skX="0" scY="1.2"/>
  </bone>
  <bone name="scroll">
   <transform y="300" skY="0" x="400" scX="1" skX="0" scY="1"/>
  </bone>
  <animation name="PauseMenu_mc" scale="1" loop="1" fadeInTime="0.3" autoTween="NaN" duration="9" tweenEasing="NaN">
   <timeline name="shadow" scale="1" pX="0" pY="0" offset="0">
    <frame z="0" duration="1">
     <transform x="0" pX="0" pY="0" skX="0" skY="0" scX="1" y="0" scY="1"/>
     <colorTransform bM="100" gO="0" bO="0" aM="0" rM="100" aO="0" gM="100" rO="0"/>
    </frame>
    <frame z="0" duration="1">
     <transform x="0" pX="0" pY="0" skX="0" skY="0" scX="1" y="0" scY="1"/>
     <colorTransform bM="100" gO="0" bO="0" aM="20" rM="100" aO="0" gM="100" rO="0"/>
    </frame>
    <frame z="0" duration="1">
     <transform x="0" pX="0" pY="0" skX="0" skY="0" scX="1" y="0" scY="1"/>
     <colorTransform bM="100" gO="0" bO="0" aM="40" rM="100" aO="0" gM="100" rO="0"/>
    </frame>
    <frame z="0" duration="1">
     <transform x="0" pX="0" pY="0" skX="0" skY="0" scX="1" y="0" scY="1"/>
     <colorTransform bM="100" gO="0" bO="0" aM="60" rM="100" aO="0" gM="100" rO="0"/>
    </frame>
    <frame z="0" duration="1">
     <transform x="0" pX="0" pY="0" skX="0" skY="0" scX="1" y="0" scY="1"/>
     <colorTransform bM="100" gO="0" bO="0" aM="80" rM="100" aO="0" gM="100" rO="0"/>
    </frame>
    <frame z="0" duration="3">
     <transform x="0" pX="0" pY="0" skX="0" skY="0" scX="1" y="0" scY="1"/>
    </frame>
    <frame z="0" duration="1">
     <transform x="0" pX="0" pY="0" skX="0" skY="0" scX="1" y="0" scY="1"/>
    </frame>
   </timeline>
   <timeline name="scroll" scale="1" pX="0" pY="0" offset="0">
    <frame z="0" duration="8">
     <transform x="0" pX="0" pY="0" skX="0" skY="0" scX="1" y="0" scY="1"/>
    </frame>
    <frame z="0" duration="1">
     <transform x="0" pX="0" pY="0" skX="0" skY="0" scX="1" y="0" scY="1"/>
    </frame>
   </timeline>
   <frame duration="8"/>
   <frame duration="1"/>
  </animation>
 </armature>
 <armature name="scroll">
  <skin name="default">
   <slot name="bg" z="0" parent="bg">
    <display name="__dbTextures/scroll/bg_0" type="image">
     <transform x="-155" pX="0" pY="0" skX="0" skY="0" scX="1" y="-21.75" scY="1"/>
    </display>
    <display name="__dbTextures/scroll/bg_1" type="image">
     <transform x="-155" pX="0" pY="0" skX="0" skY="0" scX="1" y="-30.85" scY="1"/>
    </display>
    <display name="__dbTextures/scroll/bg_2" type="image">
     <transform x="-155" pX="0" pY="0" skX="0" skY="0" scX="1" y="-39.9" scY="1"/>
    </display>
    <display name="__dbTextures/scroll/bg_3" type="image">
     <transform x="-155" pX="0" pY="0" skX="0" skY="0" scX="1" y="-48.95" scY="1"/>
    </display>
    <display name="__dbTextures/scroll/bg_4" type="image">
     <transform x="-155" pX="0" pY="0" skX="0" skY="0" scX="1" y="-58.05" scY="1"/>
    </display>
    <display name="__dbTextures/scroll/bg_5" type="image">
     <transform x="-155" pX="0" pY="0" skX="0" skY="0" scX="1" y="-67.1" scY="1"/>
    </display>
    <display name="__dbTextures/scroll/bg_6" type="image">
     <transform x="-155" pX="0" pY="0" skX="0" skY="0" scX="1" y="-76.15" scY="1"/>
    </display>
    <display name="__dbTextures/scroll/bg_7" type="image">
     <transform x="-155" pX="0" pY="0" skX="0" skY="0" scX="1" y="-85.25" scY="1"/>
    </display>
    <display name="__dbTextures/scroll/bg_8" type="image">
     <transform x="-155" pX="0" pY="0" skX="0" skY="0" scX="1" y="-94.3" scY="1"/>
    </display>
    <display name="__dbTextures/scroll/bg_9" type="image">
     <transform x="-155" pX="0" pY="0" skX="0" skY="0" scX="1" y="-103.4" scY="1"/>
    </display>
    <display name="__dbTextures/scroll/bg_10" type="image">
     <transform x="-155" pX="0" pY="0" skX="0" skY="0" scX="1" y="-112.45" scY="1"/>
    </display>
    <display name="__dbTextures/scroll/bg_11" type="image">
     <transform x="-155" pX="0" pY="0" skX="0" skY="0" scX="1" y="-121.5" scY="1"/>
    </display>
    <display name="__dbTextures/scroll/bg_12" type="image">
     <transform x="-155" pX="0" pY="0" skX="0" skY="0" scX="1" y="-130.6" scY="1"/>
    </display>
    <display name="__dbTextures/scroll/bg_13" type="image">
     <transform x="-155" pX="0" pY="0" skX="0" skY="0" scX="1" y="-139.65" scY="1"/>
    </display>
    <display name="__dbTextures/scroll/bg_14" type="image">
     <transform x="-155" pX="0" pY="0" skX="0" skY="0" scX="1" y="-148.7" scY="1"/>
    </display>
    <display name="__dbTextures/scroll/bg_15" type="image">
     <transform x="-155" pX="0" pY="0" skX="0" skY="0" scX="1" y="-157.8" scY="1"/>
    </display>
    <display name="__dbTextures/scroll/bg_16" type="image">
     <transform x="-155" pX="0" pY="0" skX="0" skY="0" scX="1" y="-166.85" scY="1"/>
    </display>
    <display name="__dbTextures/scroll/bg_17" type="image">
     <transform x="-155" pX="0" pY="0" skX="0" skY="0" scX="1" y="-175.9" scY="1"/>
    </display>
    <display name="__dbTextures/scroll/bg_18" type="image">
     <transform x="-155" pX="0" pY="0" skX="0" skY="0" scX="1" y="-185" scY="1"/>
    </display>
    <display name="__dbTextures/scroll/bg_19" type="image">
     <transform x="-155" pX="0" pY="0" skX="0" skY="0" scX="1" y="-185" scY="1"/>
    </display>
    <display name="__dbTextures/scroll/bg_20" type="image">
     <transform x="-155" pX="0" pY="0" skX="0" skY="0" scX="1" y="-185" scY="1"/>
    </display>
    <display name="__dbTextures/scroll/bg_21" type="image">
     <transform x="-155" pX="0" pY="0" skX="0" skY="0" scX="1" y="-185" scY="1"/>
    </display>
    <display name="__dbTextures/scroll/bg_22" type="image">
     <transform x="-155" pX="0" pY="0" skX="0" skY="0" scX="1" y="-185" scY="1"/>
    </display>
    <display name="__dbTextures/scroll/bg_23" type="image">
     <transform x="-155" pX="0" pY="0" skX="0" skY="0" scX="1" y="-185" scY="1"/>
    </display>
    <display name="__dbTextures/scroll/bg_24" type="image">
     <transform x="-155" pX="0" pY="0" skX="0" skY="0" scX="1" y="-185" scY="1"/>
    </display>
    <display name="__dbTextures/scroll/bg_25" type="image">
     <transform x="-155" pX="0" pY="0" skX="0" skY="0" scX="1" y="-185" scY="1"/>
    </display>
    <display name="__dbTextures/scroll/bg_26" type="image">
     <transform x="-155" pX="0" pY="0" skX="0" skY="0" scX="1" y="-185" scY="1"/>
    </display>
    <display name="__dbTextures/scroll/bg_27" type="image">
     <transform x="-155" pX="0" pY="0" skX="0" skY="0" scX="1" y="-185" scY="1"/>
    </display>
    <display name="__dbTextures/scroll/bg_28" type="image">
     <transform x="-155" pX="0" pY="0" skX="0" skY="0" scX="1" y="-185" scY="1"/>
    </display>
    <display name="__dbTextures/scroll/bg_29" type="image">
     <transform x="-155" pX="0" pY="0" skX="0" skY="0" scX="1" y="-185" scY="1"/>
    </display>
    <display name="__dbTextures/scroll/bg_30" type="image">
     <transform x="-155" pX="0" pY="0" skX="0" skY="0" scX="1" y="-185" scY="1"/>
    </display>
    <display name="__dbTextures/scroll/bg_31" type="image">
     <transform x="-155" pX="0" pY="0" skX="0" skY="0" scX="1" y="-185" scY="1"/>
    </display>
   </slot>
   <slot name="btnExit" z="1" parent="btnExit">
    <display name="Symbol 12985" type="armature">
     <transform scY="1" skY="0" x="0" scX="1" skX="0" y="0"/>
    </display>
   </slot>
   <slot name="btnResume" z="2" parent="btnResume">
    <display name="Symbol 12987" type="armature">
     <transform scY="1" skY="0" x="0" scX="1" skX="0" y="0"/>
    </display>
   </slot>
   <slot name="btnRestart" z="3" parent="btnRestart">
    <display name="Symbol 12989" type="armature">
     <transform scY="1" skY="0" x="0" scX="1" skX="0" y="0"/>
    </display>
   </slot>
   <slot name="btnMusic" z="4" parent="btnMusic">
    <display name="btnMusic" type="armature">
     <transform scY="1" skY="0" x="0" scX="1" skX="0" y="0"/>
    </display>
   </slot>
   <slot name="btnSound" z="5" parent="btnSound">
    <display name="btnSound" type="armature">
     <transform scY="1" skY="0" x="0" scX="1" skX="0" y="0"/>
    </display>
   </slot>
   <slot name="Layer 3" z="6" parent="Layer 3">
    <display name="Symbol 13014" type="image">
     <transform x="0" pX="200" pY="42" skX="0" skY="0" scX="1" y="0" scY="1"/>
    </display>
   </slot>
   <slot name="Layer 2" z="7" parent="Layer 2">
    <display name="Symbol 13014" type="image">
     <transform x="0" pX="200" pY="42" skX="0" skY="0" scX="1" y="0" scY="1"/>
    </display>
   </slot>
  </skin>
  <bone name="btnMusic">
   <transform y="-78" skY="0" x="-35" scX="1" skX="0" scY="1"/>
  </bone>
  <bone name="btnExit">
   <transform y="94" skY="0" x="0" scX="1" skX="0" scY="1"/>
  </bone>
  <bone name="btnResume">
   <transform y="-1" skY="0" x="0" scX="1" skX="0" scY="1"/>
  </bone>
  <bone name="btnRestart">
   <transform y="46" skY="0" x="-1" scX="1" skX="0" scY="1"/>
  </bone>
  <bone name="bg">
   <transform y="-192.8" skY="0" x="-11" scX="1" skX="0" scY="1"/>
  </bone>
  <bone name="btnSound">
   <transform y="-78" skY="0" x="35" scX="1" skX="0" scY="1"/>
  </bone>
  <bone name="Layer 3">
   <transform y="-135.6" skY="0" x="0" scX="0.26" skX="0" scY="0.26"/>
  </bone>
  <bone name="Layer 2">
   <transform y="-121.35" skY="0" x="0" scX="0.26" skX="0" scY="0.26"/>
  </bone>
  <animation name="scroll" scale="1" loop="1" duration="32" autoTween="NaN" fadeInTime="0.3" tweenEasing="NaN">
   <timeline name="bg" scale="1" pX="0" pY="0" offset="0">
    <frame z="0" duration="1" tweenEasing="NaN">
     <transform x="0" pX="0" pY="0" skX="0" skY="0" scX="1" y="0" scY="1"/>
    </frame>
    <frame z="0" displayIndex="1" duration="1" tweenEasing="NaN">
     <transform x="0" pX="0" pY="0" skX="0" skY="0" scX="1" y="9.100000000000023" scY="1"/>
    </frame>
    <frame z="0" displayIndex="2" duration="1" tweenEasing="NaN">
     <transform x="0" pX="0" pY="0" skX="0" skY="0" scX="1" y="18.150000000000006" scY="1"/>
    </frame>
    <frame z="0" displayIndex="3" duration="1" tweenEasing="NaN">
     <transform x="0" pX="0" pY="0" skX="0" skY="0" scX="1" y="27.200000000000017" scY="1"/>
    </frame>
    <frame z="0" displayIndex="4" duration="1" tweenEasing="NaN">
     <transform x="0" pX="0" pY="0" skX="0" skY="0" scX="1" y="36.30000000000001" scY="1"/>
    </frame>
    <frame z="0" displayIndex="5" duration="1" tweenEasing="NaN">
     <transform x="0" pX="0" pY="0" skX="0" skY="0" scX="1" y="45.35000000000002" scY="1"/>
    </frame>
    <frame z="0" displayIndex="6" duration="1" tweenEasing="NaN">
     <transform x="0" pX="0" pY="0" skX="0" skY="0" scX="1" y="54.400000000000006" scY="1"/>
    </frame>
    <frame z="0" displayIndex="7" duration="1" tweenEasing="NaN">
     <transform x="0" pX="0" pY="0" skX="0" skY="0" scX="1" y="63.5" scY="1"/>
    </frame>
    <frame z="0" displayIndex="8" duration="1" tweenEasing="NaN">
     <transform x="0" pX="0" pY="0" skX="0" skY="0" scX="1" y="72.55000000000001" scY="1"/>
    </frame>
    <frame z="0" displayIndex="9" duration="1" tweenEasing="NaN">
     <transform x="0" pX="0" pY="0" skX="0" skY="0" scX="1" y="81.65" scY="1"/>
    </frame>
    <frame z="0" displayIndex="10" duration="1" tweenEasing="NaN">
     <transform x="0" pX="0" pY="0" skX="0" skY="0" scX="1" y="90.70000000000002" scY="1"/>
    </frame>
    <frame z="0" displayIndex="11" duration="1" tweenEasing="NaN">
     <transform x="0" pX="0" pY="0" skX="0" skY="0" scX="1" y="99.75000000000001" scY="1"/>
    </frame>
    <frame z="0" displayIndex="12" duration="1" tweenEasing="NaN">
     <transform x="0" pX="0" pY="0" skX="0" skY="0" scX="1" y="108.85000000000001" scY="1"/>
    </frame>
    <frame z="0" displayIndex="13" duration="1" tweenEasing="NaN">
     <transform x="0" pX="0" pY="0" skX="0" skY="0" scX="1" y="117.9" scY="1"/>
    </frame>
    <frame z="0" displayIndex="14" duration="1" tweenEasing="NaN">
     <transform x="0" pX="0" pY="0" skX="0" skY="0" scX="1" y="126.95000000000002" scY="1"/>
    </frame>
    <frame z="0" displayIndex="15" duration="1" tweenEasing="NaN">
     <transform x="0" pX="0" pY="0" skX="0" skY="0" scX="1" y="136.05" scY="1"/>
    </frame>
    <frame z="0" displayIndex="16" duration="1" tweenEasing="NaN">
     <transform x="0" pX="0" pY="0" skX="0" skY="0" scX="1" y="145.10000000000002" scY="1"/>
    </frame>
    <frame z="0" displayIndex="17" duration="1" tweenEasing="NaN">
     <transform x="0" pX="0" pY="0" skX="0" skY="0" scX="1" y="154.15" scY="1"/>
    </frame>
    <frame z="0" displayIndex="18" duration="1" tweenEasing="NaN">
     <transform x="0" pX="0" pY="0" skX="0" skY="0" scX="1" y="163.25" scY="1"/>
    </frame>
    <frame z="0" displayIndex="19" duration="1" tweenEasing="NaN">
     <transform x="0" pX="0" pY="0" skX="0" skY="0" scX="1" y="163.25" scY="1"/>
    </frame>
    <frame z="0" displayIndex="20" duration="1" tweenEasing="NaN">
     <transform x="0" pX="0" pY="0" skX="0" skY="0" scX="1" y="163.25" scY="1"/>
    </frame>
    <frame z="0" displayIndex="21" duration="1" tweenEasing="NaN">
     <transform x="0" pX="0" pY="0" skX="0" skY="0" scX="1" y="163.25" scY="1"/>
    </frame>
    <frame z="0" displayIndex="22" duration="1" tweenEasing="NaN">
     <transform x="0" pX="0" pY="0" skX="0" skY="0" scX="1" y="163.25" scY="1"/>
    </frame>
    <frame z="0" displayIndex="23" duration="1" tweenEasing="NaN">
     <transform x="0" pX="0" pY="0" skX="0" skY="0" scX="1" y="163.25" scY="1"/>
    </frame>
    <frame z="0" displayIndex="24" duration="1" tweenEasing="NaN">
     <transform x="0" pX="0" pY="0" skX="0" skY="0" scX="1" y="163.25" scY="1"/>
    </frame>
    <frame z="0" displayIndex="25" duration="1" tweenEasing="NaN">
     <transform x="0" pX="0" pY="0" skX="0" skY="0" scX="1" y="163.25" scY="1"/>
    </frame>
    <frame z="0" displayIndex="26" duration="1" tweenEasing="NaN">
     <transform x="0" pX="0" pY="0" skX="0" skY="0" scX="1" y="163.25" scY="1"/>
    </frame>
    <frame z="0" displayIndex="27" duration="1" tweenEasing="NaN">
     <transform x="0" pX="0" pY="0" skX="0" skY="0" scX="1" y="163.25" scY="1"/>
    </frame>
    <frame z="0" displayIndex="28" duration="1" tweenEasing="NaN">
     <transform x="0" pX="0" pY="0" skX="0" skY="0" scX="1" y="163.25" scY="1"/>
    </frame>
    <frame z="0" displayIndex="29" duration="1" tweenEasing="NaN">
     <transform x="0" pX="0" pY="0" skX="0" skY="0" scX="1" y="163.25" scY="1"/>
    </frame>
    <frame z="0" displayIndex="30" duration="1" tweenEasing="NaN">
     <transform x="0" pX="0" pY="0" skX="0" skY="0" scX="1" y="163.25" scY="1"/>
    </frame>
    <frame z="0" displayIndex="31" duration="1" tweenEasing="NaN">
     <transform x="0" pX="0" pY="0" skX="0" skY="0" scX="1" y="163.25" scY="1"/>
    </frame>
   </timeline>
   <timeline name="btnExit" scale="1" pX="0" pY="0" offset="0">
    <frame displayIndex="-1" duration="20"/>
    <frame z="0" duration="12">
     <transform x="0" pX="0" pY="0" skX="0" skY="0" scX="1" y="0" scY="1"/>
    </frame>
   </timeline>
   <timeline name="btnResume" scale="1" pX="0" pY="0" offset="0">
    <frame displayIndex="-1" duration="14"/>
    <frame z="0" duration="18">
     <transform x="0" pX="0" pY="0" skX="0" skY="0" scX="1" y="0" scY="1"/>
    </frame>
   </timeline>
   <timeline name="btnRestart" scale="1" pX="0" pY="0" offset="0">
    <frame displayIndex="-1" duration="17"/>
    <frame z="0" duration="15">
     <transform x="0" pX="0" pY="0" skX="0" skY="0" scX="1" y="0" scY="1"/>
    </frame>
   </timeline>
   <timeline name="btnMusic" scale="1" pX="0" pY="0" offset="0">
    <frame displayIndex="-1" duration="8"/>
    <frame z="0" duration="24">
     <transform x="0" pX="0" pY="0" skX="0" skY="0" scX="1" y="0" scY="1"/>
    </frame>
   </timeline>
   <timeline name="btnSound" scale="1" pX="0" pY="0" offset="0">
    <frame displayIndex="-1" duration="8"/>
    <frame z="0" duration="24">
     <transform x="0" pX="0" pY="0" skX="0" skY="0" scX="1" y="0" scY="1"/>
    </frame>
   </timeline>
   <timeline name="Layer 3" scale="1" pX="0" pY="0" offset="0">
    <frame z="0" duration="1">
     <transform x="0" pX="0" pY="0" skX="0" skY="0" scX="1" y="0" scY="1"/>
     <colorTransform bM="100" gO="0" bO="0" aM="30" rM="100" aO="0" gM="100" rO="0"/>
    </frame>
    <frame z="0" duration="1">
     <transform x="0" pX="0" pY="0" skX="0" skY="0" scX="1.6153846153846152" y="-4.050000000000011" scY="1.6153846153846152"/>
     <colorTransform bM="100" gO="0" bO="0" aM="44" rM="100" aO="0" gM="100" rO="0"/>
    </frame>
    <frame z="0" duration="1">
     <transform x="0" pX="0" pY="0" skX="0" skY="0" scX="2.2307692307692304" y="-8.150000000000006" scY="2.2307692307692304"/>
     <colorTransform bM="100" gO="0" bO="0" aM="58" rM="100" aO="0" gM="100" rO="0"/>
    </frame>
    <frame z="0" duration="1">
     <transform x="0" pX="0" pY="0" skX="0" skY="0" scX="2.8076923076923075" y="-12.200000000000017" scY="2.8076923076923075"/>
     <colorTransform bM="100" gO="0" bO="0" aM="72" rM="100" aO="0" gM="100" rO="0"/>
    </frame>
    <frame z="0" duration="1">
     <transform x="0" pX="0" pY="0" skX="0" skY="0" scX="3.423076923076923" y="-16.25" scY="3.423076923076923"/>
     <colorTransform bM="100" gO="0" bO="0" aM="86" rM="100" aO="0" gM="100" rO="0"/>
    </frame>
    <frame z="0" duration="1">
     <transform x="0" pX="0" pY="0" skX="0" skY="0" scX="4.038461538461538" y="-20.400000000000006" scY="4.038461538461538"/>
    </frame>
    <frame z="0" duration="1">
     <transform x="0" pX="0" pY="0" skX="0" skY="0" scX="3.9615384615384617" y="-20.400000000000006" scY="3.9615384615384617"/>
    </frame>
    <frame z="0" duration="1">
     <transform x="0" pX="0" pY="0" skX="0" skY="0" scX="3.923076923076923" y="-20.400000000000006" scY="3.923076923076923"/>
    </frame>
    <frame z="0" duration="24">
     <transform x="0" pX="0" pY="0" skX="0" skY="0" scX="3.846153846153846" y="-20.400000000000006" scY="3.846153846153846"/>
    </frame>
   </timeline>
   <timeline name="Layer 2" scale="1" pX="0" pY="0" offset="0">
    <frame z="0" duration="1">
     <transform x="0" pX="0" pY="0" skX="0" skY="0" scX="1" y="0" scY="1"/>
     <colorTransform bM="100" gO="0" bO="0" aM="30" rM="100" aO="0" gM="100" rO="0"/>
    </frame>
    <frame z="0" duration="1">
     <transform x="0" pX="0" pY="0" skX="0" skY="0" scX="1.6153846153846152" y="4.049999999999997" scY="1.6153846153846152"/>
     <colorTransform bM="100" gO="0" bO="0" aM="44" rM="100" aO="0" gM="100" rO="0"/>
    </frame>
    <frame z="0" duration="1">
     <transform x="0" pX="0" pY="0" skX="0" skY="0" scX="2.2307692307692304" y="8.099999999999994" scY="2.2307692307692304"/>
     <colorTransform bM="100" gO="0" bO="0" aM="58" rM="100" aO="0" gM="100" rO="0"/>
    </frame>
    <frame z="0" duration="1">
     <transform x="0" pX="0" pY="0" skX="0" skY="0" scX="2.8076923076923075" y="12.25" scY="2.8076923076923075"/>
     <colorTransform bM="100" gO="0" bO="0" aM="72" rM="100" aO="0" gM="100" rO="0"/>
    </frame>
    <frame z="0" duration="1">
     <transform x="0" pX="0" pY="0" skX="0" skY="0" scX="3.423076923076923" y="16.299999999999997" scY="3.423076923076923"/>
     <colorTransform bM="100" gO="0" bO="0" aM="86" rM="100" aO="0" gM="100" rO="0"/>
    </frame>
    <frame z="0" duration="1">
     <transform x="0" pX="0" pY="0" skX="0" skY="0" scX="4.038461538461538" y="20.349999999999994" scY="4.038461538461538"/>
    </frame>
    <frame z="0" duration="1">
     <transform x="0" pX="0" pY="0" skX="0" skY="0" scX="3.9615384615384617" y="20.349999999999994" scY="3.9615384615384617"/>
    </frame>
    <frame z="0" duration="1">
     <transform x="0" pX="0" pY="0" skX="0" skY="0" scX="3.923076923076923" y="20.349999999999994" scY="3.923076923076923"/>
    </frame>
    <frame z="0" duration="1">
     <transform x="0" pX="0" pY="0" skX="0" skY="0" scX="3.846153846153846" y="20.349999999999994" scY="3.846153846153846"/>
    </frame>
    <frame z="0" duration="1">
     <transform x="0" pX="0" pY="0" skX="0" skY="0" scX="3.846153846153846" y="48.5" scY="3.846153846153846"/>
    </frame>
    <frame z="0" duration="1">
     <transform x="0" pX="0" pY="0" skX="0" skY="0" scX="3.846153846153846" y="76.64999999999999" scY="3.846153846153846"/>
    </frame>
    <frame z="0" duration="1">
     <transform x="0" pX="0" pY="0" skX="0" skY="0" scX="3.846153846153846" y="104.8" scY="3.846153846153846"/>
    </frame>
    <frame z="0" duration="1">
     <transform x="0" pX="0" pY="0" skX="0" skY="0" scX="3.846153846153846" y="132.95" scY="3.846153846153846"/>
    </frame>
    <frame z="0" duration="1">
     <transform x="0" pX="0" pY="0" skX="0" skY="0" scX="3.846153846153846" y="161.1" scY="3.846153846153846"/>
    </frame>
    <frame z="0" duration="1">
     <transform x="0" pX="0" pY="0" skX="0" skY="0" scX="3.846153846153846" y="189.25" scY="3.846153846153846"/>
    </frame>
    <frame z="0" duration="1">
     <transform x="0" pX="0" pY="0" skX="0" skY="0" scX="3.846153846153846" y="217.39999999999998" scY="3.846153846153846"/>
    </frame>
    <frame z="0" duration="1">
     <transform x="0" pX="0" pY="0" skX="0" skY="0" scX="3.846153846153846" y="245.6" scY="3.846153846153846"/>
    </frame>
    <frame z="0" duration="1">
     <transform x="0" pX="0" pY="0" skX="0" skY="0" scX="3.846153846153846" y="256.4" scY="3.769230769230769"/>
    </frame>
    <frame z="0" duration="1">
     <transform x="0" pX="0" pY="0" skX="0" skY="0" scX="3.846153846153846" y="267.25" scY="3.7307692307692304"/>
    </frame>
    <frame z="0" duration="1">
     <transform x="0" pX="0" pY="0" skX="0" skY="0" scX="3.846153846153846" y="278.1" scY="3.6538461538461537"/>
    </frame>
    <frame z="0" duration="1">
     <transform x="0" pX="0" pY="0" skX="0" skY="0" scX="3.846153846153846" y="272.1" scY="3.6538461538461537"/>
    </frame>
    <frame z="0" duration="1">
     <transform x="0" pX="0" pY="0" skX="0" skY="0" scX="3.846153846153846" y="266.1" scY="3.6538461538461537"/>
    </frame>
    <frame z="0" duration="1">
     <transform x="0" pX="0" pY="0" skX="0" skY="0" scX="3.846153846153846" y="267.7" scY="3.7307692307692304"/>
    </frame>
    <frame z="0" duration="9">
     <transform x="0" pX="0" pY="0" skX="0" skY="0" scX="3.846153846153846" y="269.35" scY="3.846153846153846"/>
    </frame>
   </timeline>
  </animation>
 </armature>
 <armature name="Symbol 12985">
  <skin name="default">
   <slot name="Layer 3" z="0" parent="Layer 3">
    <display name="Symbol 12984" type="image">
     <transform x="0" pX="36.3" pY="14.9" skX="0" skY="0" scX="1" y="0" scY="1"/>
    </display>
   </slot>
   <slot name="arrow" z="1" parent="arrow">
    <display name="arrow" type="armature">
     <transform x="0" pX="0" pY="0" skX="0" skY="0" scX="1" y="0" scY="1"/>
    </display>
   </slot>
   <slot name="exitCase" z="2" parent="exitCase">
    <display name="Symbol 47" type="image">
     <transform x="0" pX="25" pY="25" skX="0" skY="0" scX="1" y="0" scY="1"/>
    </display>
   </slot>
  </skin>
  <bone name="Layer 3">
   <transform y="0" skY="0" x="0" scX="1" skX="0" scY="1"/>
  </bone>
  <bone name="arrow">
   <transform y="21" skY="0" x="0" scX="1" skX="0" scY="1"/>
  </bone>
  <bone name="exitCase">
   <transform y="0.1" skY="0" x="-1" scX="1.76" skX="0" scY="0.65"/>
  </bone>
  <animation name="btnExit" scale="1" loop="1" duration="4" autoTween="NaN" fadeInTime="0.3" tweenEasing="NaN">
   <timeline name="Layer 3" scale="1" pX="0" pY="0" offset="0">
    <frame z="0" duration="3">
     <transform x="0" pX="0" pY="0" skX="0" skY="0" scX="1" y="0" scY="1"/>
    </frame>
    <frame displayIndex="-1" duration="1"/>
   </timeline>
   <timeline name="arrow" scale="1" pX="0" pY="0" offset="0">
    <frame z="0" duration="3">
     <transform x="0" pX="0" pY="0" skX="0" skY="0" scX="1" y="0" scY="1"/>
    </frame>
    <frame z="0" duration="1">
     <transform x="0" pX="0" pY="0" skX="0" skY="0" scX="1" y="0" scY="1"/>
    </frame>
   </timeline>
   <timeline name="exitCase" scale="1" pX="0" pY="0" offset="0">
    <frame z="0" duration="3">
     <transform x="0" pX="0" pY="0" skX="0" skY="0" scX="1" y="0" scY="1"/>
    </frame>
    <frame displayIndex="-1" duration="1"/>
   </timeline>
  </animation>
 </armature>
 <armature name="Symbol 12987">
  <skin name="default">
   <slot name="Layer 3" z="0" parent="Layer 3">
    <display name="Symbol 12986" type="image">
     <transform x="0" pX="81.2" pY="14.5" skX="0" skY="0" scX="1" y="0" scY="1"/>
    </display>
   </slot>
   <slot name="arrow" z="1" parent="arrow">
    <display name="arrow" type="armature">
     <transform x="0" pX="0" pY="0" skX="0" skY="0" scX="1" y="0" scY="1"/>
    </display>
   </slot>
   <slot name="resumeCase" z="2" parent="resumeCase">
    <display name="Symbol 47" type="image">
     <transform x="0" pX="25" pY="25" skX="0" skY="0" scX="1" y="0" scY="1"/>
    </display>
   </slot>
  </skin>
  <bone name="Layer 3">
   <transform y="0" skY="0" x="0" scX="1" skX="0" scY="1"/>
  </bone>
  <bone name="arrow">
   <transform y="22" skY="0" x="0" scX="1" skX="0" scY="1"/>
  </bone>
  <bone name="resumeCase">
   <transform y="0.1" skY="0" x="-0.2" scX="3.3" skX="0" scY="0.65"/>
  </bone>
  <animation name="btnResume" scale="1" loop="1" duration="4" autoTween="NaN" fadeInTime="0.3" tweenEasing="NaN">
   <timeline name="Layer 3" scale="1" pX="0" pY="0" offset="0">
    <frame z="0" duration="3">
     <transform x="0" pX="0" pY="0" skX="0" skY="0" scX="1" y="0" scY="1"/>
    </frame>
    <frame displayIndex="-1" duration="1"/>
   </timeline>
   <timeline name="arrow" scale="1" pX="0" pY="0" offset="0">
    <frame z="0" duration="3">
     <transform x="0" pX="0" pY="0" skX="0" skY="0" scX="1" y="0" scY="1"/>
    </frame>
    <frame z="0" duration="1">
     <transform x="0" pX="0" pY="0" skX="0" skY="0" scX="1" y="0" scY="1"/>
    </frame>
   </timeline>
   <timeline name="resumeCase" scale="1" pX="0" pY="0" offset="0">
    <frame z="0" duration="3">
     <transform x="0" pX="0" pY="0" skX="0" skY="0" scX="1" y="0" scY="1"/>
    </frame>
    <frame displayIndex="-1" duration="1"/>
   </timeline>
  </animation>
 </armature>
 <armature name="Symbol 12989">
  <skin name="default">
   <slot name="Layer 3" z="0" parent="Layer 3">
    <display name="Symbol 12988" type="image">
     <transform x="0" pX="80.7" pY="14.25" skX="0" skY="0" scX="1" y="0" scY="1"/>
    </display>
   </slot>
   <slot name="arrow" z="1" parent="arrow">
    <display name="arrow" type="armature">
     <transform scY="1" skY="0" x="0" scX="1" skX="0" y="0"/>
    </display>
   </slot>
   <slot name="restartCase" z="2" parent="restartCase">
    <display name="Symbol 47" type="image">
     <transform x="0" pX="25" pY="25" skX="0" skY="0" scX="1" y="0" scY="1"/>
    </display>
   </slot>
  </skin>
  <bone name="Layer 3">
   <transform y="0" skY="0" x="0" scX="1" skX="0" scY="1"/>
  </bone>
  <bone name="arrow">
   <transform y="22" skY="0" x="0" scX="1" skX="0" scY="1"/>
  </bone>
  <bone name="restartCase">
   <transform y="0" skY="0" x="-0.75" scX="3.28" skX="0" scY="0.66"/>
  </bone>
  <animation name="btnRestart" scale="1" loop="1" fadeInTime="0.3" autoTween="NaN" duration="4" tweenEasing="NaN">
   <timeline name="Layer 3" scale="1" pX="0" pY="0" offset="0">
    <frame z="0" duration="3">
     <transform x="0" pX="0" pY="0" skX="0" skY="0" scX="1" y="0" scY="1"/>
    </frame>
    <frame displayIndex="-1" duration="1"/>
   </timeline>
   <timeline name="arrow" scale="1" pX="0" pY="0" offset="0">
    <frame z="0" duration="3">
     <transform x="0" pX="0" pY="0" skX="0" skY="0" scX="1" y="0" scY="1"/>
    </frame>
    <frame z="0" duration="1">
     <transform x="0" pX="0" pY="0" skX="0" skY="0" scX="1" y="0" scY="1"/>
    </frame>
   </timeline>
   <timeline name="restartCase" scale="1" pX="0" pY="0" offset="0">
    <frame z="0" duration="3">
     <transform x="0" pX="0" pY="0" skX="0" skY="0" scX="1" y="0" scY="1"/>
    </frame>
    <frame displayIndex="-1" duration="1"/>
   </timeline>
   <frame duration="3"/>
   <frame duration="1"/>
  </animation>
 </armature>
 <armature name="btnMusic">
  <skin name="default">
   <slot name="Layer 2" z="0" parent="Layer 2">
    <display name="Symbol 245" type="image">
     <transform x="0" pX="28" pY="28" skX="0" skY="0" scX="1" y="0" scY="1"/>
    </display>
    <display name="__dbTextures/btnMusic/Layer 2_1" type="image">
     <transform x="-30" pX="0" pY="0" skX="0" skY="0" scX="1" y="-30" scY="1"/>
    </display>
    <display name="__dbTextures/btnMusic/Layer 2_2" type="image">
     <transform x="-30" pX="0" pY="0" skX="0" skY="0" scX="1" y="-30" scY="1"/>
    </display>
    <display name="__dbTextures/btnMusic/Layer 2_4" type="image">
     <transform x="-30" pX="0" pY="0" skX="0" skY="0" scX="1" y="-30" scY="1"/>
    </display>
   </slot>
   <slot name="musicCase" z="1" parent="musicCase">
    <display name="Symbol 47" type="image">
     <transform x="0" pX="25" pY="25" skX="0" skY="0" scX="1" y="0" scY="1"/>
    </display>
   </slot>
  </skin>
  <bone name="Layer 2">
   <transform y="0" skY="0" x="0" scX="1" skX="0" scY="1"/>
  </bone>
  <bone name="musicCase">
   <transform y="0.45" skY="0" x="-0.6" scX="0.65" skX="0" scY="0.79"/>
  </bone>
  <animation name="btnMusic" scale="1" loop="1" duration="7" autoTween="NaN" fadeInTime="0.3" tweenEasing="NaN">
   <timeline name="Layer 2" scale="1" pX="0" pY="0" offset="0">
    <frame z="0" duration="1">
     <transform x="0" pX="0" pY="0" skX="0" skY="0" scX="1" y="0" scY="1"/>
    </frame>
    <frame z="0" displayIndex="1" duration="1" tweenEasing="NaN">
     <transform x="2" pX="0" pY="0" skX="0" skY="0" scX="1" y="2" scY="1"/>
    </frame>
    <frame z="0" displayIndex="2" duration="2" tweenEasing="NaN">
     <transform x="2" pX="0" pY="0" skX="0" skY="0" scX="1" y="2" scY="1"/>
    </frame>
    <frame z="0" displayIndex="3" duration="1" tweenEasing="NaN">
     <transform x="2" pX="0" pY="0" skX="0" skY="0" scX="1" y="2" scY="1"/>
    </frame>
    <frame z="0" duration="1">
     <transform x="0" pX="0" pY="0" skX="0" skY="0" scX="1" y="0" scY="1"/>
    </frame>
    <frame z="0" duration="1">
     <transform x="0" pX="0" pY="0" skX="0" skY="0" scX="1" y="0" scY="1"/>
    </frame>
   </timeline>
   <timeline name="musicCase" scale="1" pX="0" pY="0" offset="0">
    <frame z="0" duration="7">
     <transform x="0" pX="0" pY="0" skX="0" skY="0" scX="1" y="0" scY="1"/>
    </frame>
   </timeline>
  </animation>
 </armature>
 <armature name="btnSound">
  <skin name="default">
   <slot name="Layer 2" z="0" parent="Layer 2">
    <display name="Symbol 254" type="image">
     <transform x="0" pX="32" pY="32" skX="0" skY="0" scX="1" y="0" scY="1"/>
    </display>
    <display name="__dbTextures/btnSound/Layer 2_1" type="image">
     <transform x="-35.5" pX="0" pY="0" skX="0" skY="0" scX="1" y="-36.5" scY="1"/>
    </display>
    <display name="__dbTextures/btnSound/Layer 2_2" type="image">
     <transform x="-35.5" pX="0" pY="0" skX="0" skY="0" scX="1" y="-36.5" scY="1"/>
    </display>
    <display name="__dbTextures/btnSound/Layer 2_4" type="image">
     <transform x="-35.5" pX="0" pY="0" skX="0" skY="0" scX="1" y="-36.5" scY="1"/>
    </display>
   </slot>
   <slot name="soundCase" z="1" parent="soundCase">
    <display name="Symbol 47" type="image">
     <transform x="0" pX="25" pY="25" skX="0" skY="0" scX="1" y="0" scY="1"/>
    </display>
   </slot>
  </skin>
  <bone name="Layer 2">
   <transform y="0" skY="0" x="0" scX="1" skX="0" scY="1"/>
  </bone>
  <bone name="soundCase">
   <transform y="0.45" skY="0" x="-0.6" scX="0.65" skX="0" scY="0.79"/>
  </bone>
  <animation name="btnSound" scale="1" loop="1" duration="7" autoTween="NaN" fadeInTime="0.3" tweenEasing="NaN">
   <timeline name="Layer 2" scale="1" pX="0" pY="0" offset="0">
    <frame z="0" duration="1">
     <transform x="0" pX="0" pY="0" skX="0" skY="0" scX="1" y="0" scY="1"/>
    </frame>
    <frame z="0" displayIndex="1" duration="1" tweenEasing="NaN">
     <transform x="3.5" pX="0" pY="0" skX="0" skY="0" scX="1" y="4.5" scY="1"/>
    </frame>
    <frame z="0" displayIndex="2" duration="2" tweenEasing="NaN">
     <transform x="3.5" pX="0" pY="0" skX="0" skY="0" scX="1" y="4.5" scY="1"/>
    </frame>
    <frame z="0" displayIndex="3" duration="1" tweenEasing="NaN">
     <transform x="3.5" pX="0" pY="0" skX="0" skY="0" scX="1" y="4.5" scY="1"/>
    </frame>
    <frame z="0" duration="1">
     <transform x="0" pX="0" pY="0" skX="0" skY="0" scX="1" y="0" scY="1"/>
    </frame>
    <frame z="0" duration="1">
     <transform x="0" pX="0" pY="0" skX="0" skY="0" scX="1" y="0" scY="1"/>
    </frame>
   </timeline>
   <timeline name="soundCase" scale="1" pX="0" pY="0" offset="0">
    <frame z="0" duration="7">
     <transform x="0" pX="0" pY="0" skX="0" skY="0" scX="1" y="0" scY="1"/>
    </frame>
   </timeline>
  </animation>
 </armature>
 <armature name="arrow">
  <skin name="default">
   <slot name="Layer 1" z="0" parent="Layer 1">
    <display name="__dbTextures/arrow/Layer 1_1" type="image">
     <transform x="-114" pX="0" pY="0" skX="0" skY="0" scX="1" y="-15" scY="1"/>
    </display>
    <display name="__dbTextures/arrow/Layer 1_2" type="image">
     <transform x="-114" pX="0" pY="0" skX="0" skY="0" scX="1" y="-15" scY="1"/>
    </display>
    <display name="__dbTextures/arrow/Layer 1_3" type="image">
     <transform x="-114" pX="0" pY="0" skX="0" skY="0" scX="1" y="-15" scY="1"/>
    </display>
    <display name="__dbTextures/arrow/Layer 1_4" type="image">
     <transform x="-114" pX="0" pY="0" skX="0" skY="0" scX="1" y="-15" scY="1"/>
    </display>
    <display name="__dbTextures/arrow/Layer 1_5" type="image">
     <transform x="-114" pX="0" pY="0" skX="0" skY="0" scX="1" y="-15" scY="1"/>
    </display>
   </slot>
  </skin>
  <bone name="Layer 1">
   <transform y="0" skY="0" x="0" scX="1" skX="0" scY="1"/>
  </bone>
  <animation name="arrow" scale="1" loop="1" fadeInTime="0.3" autoTween="NaN" duration="6" tweenEasing="NaN">
   <timeline name="Layer 1" scale="1" pX="0" pY="0" offset="0">
    <frame displayIndex="-1" duration="1"/>
    <frame z="0" duration="1" tweenEasing="NaN">
     <transform x="0" pX="0" pY="0" skX="0" skY="0" scX="1" y="0" scY="1"/>
    </frame>
    <frame z="0" displayIndex="1" duration="1" tweenEasing="NaN">
     <transform x="0" pX="0" pY="0" skX="0" skY="0" scX="1" y="0" scY="1"/>
    </frame>
    <frame z="0" displayIndex="2" duration="1" tweenEasing="NaN">
     <transform x="0" pX="0" pY="0" skX="0" skY="0" scX="1" y="0" scY="1"/>
    </frame>
    <frame z="0" displayIndex="3" duration="1" tweenEasing="NaN">
     <transform x="0" pX="0" pY="0" skX="0" skY="0" scX="1" y="0" scY="1"/>
    </frame>
    <frame z="0" displayIndex="4" duration="1" tweenEasing="NaN">
     <transform x="0" pX="0" pY="0" skX="0" skY="0" scX="1" y="0" scY="1"/>
    </frame>
   </timeline>
   <frame duration="5"/>
   <frame duration="1"/>
  </animation>
 </armature>
</root>