<root name="Unit23HorisontDeath_mc" isGlobal="0" frameRate="30" version="3.0">
 <armature name="Unit23HorisontDeath_mc">
  <skin name="default">
   <slot name="Layer 1" z="0" parent="Layer 1">
    <display name="Shape/shape 11522" type="image">
     <transform scX="1" x="0" scY="1" y="0" pX="20" pY="56" skX="0" skY="0"/>
    </display>
    <display name="Shape/shape 11524" type="image">
     <transform scX="1" x="0" scY="1" y="0" pX="20" pY="56" skX="0" skY="0"/>
    </display>
    <display name="Shape/shape 11526" type="image">
     <transform scX="1" x="0" scY="1" y="0" pX="20" pY="56" skX="0" skY="0"/>
    </display>
    <display name="Shape/shape 11528" type="image">
     <transform scX="1" x="0" scY="1" y="0" pX="20" pY="56" skX="0" skY="0"/>
    </display>
    <display name="Shape/shape 11530" type="image">
     <transform scX="1" x="0" scY="1" y="0" pX="20" pY="56" skX="0" skY="0"/>
    </display>
    <display name="Shape/shape 11532" type="image">
     <transform scX="1" x="0" scY="1" y="0" pX="20" pY="56" skX="0" skY="0"/>
    </display>
    <display name="Shape/shape 11534" type="image">
     <transform scX="1" x="0" scY="1" y="0" pX="20" pY="56" skX="0" skY="0"/>
    </display>
    <display name="Shape/shape 11536" type="image">
     <transform scX="1" x="0" scY="1" y="0" pX="20" pY="56" skX="0" skY="0"/>
    </display>
    <display name="Shape/shape 11538" type="image">
     <transform scX="1" x="0" scY="1" y="0" pX="20" pY="56" skX="0" skY="0"/>
    </display>
    <display name="Shape/shape 11540" type="image">
     <transform scX="1" x="0" scY="1" y="0" pX="20" pY="56" skX="0" skY="0"/>
    </display>
    <display name="Shape/shape 11542" type="image">
     <transform scX="1" x="0" scY="1" y="0" pX="20" pY="56" skX="0" skY="0"/>
    </display>
    <display name="Shape/shape 11544" type="image">
     <transform scX="1" x="0" scY="1" y="0" pX="20" pY="56" skX="0" skY="0"/>
    </display>
    <display name="Shape/shape 11546" type="image">
     <transform scX="1" x="0" scY="1" y="0" pX="20" pY="56" skX="0" skY="0"/>
    </display>
    <display name="Shape/shape 11548" type="image">
     <transform scX="1" x="0" scY="1" y="0" pX="20" pY="56" skX="0" skY="0"/>
    </display>
    <display name="Shape/shape 11550" type="image">
     <transform scX="1" x="0" scY="1" y="0" pX="20" pY="56" skX="0" skY="0"/>
    </display>
    <display name="Shape/shape 11552" type="image">
     <transform scX="1" x="0" scY="1" y="0" pX="20" pY="56" skX="0" skY="0"/>
    </display>
    <display name="Shape/shape 11554" type="image">
     <transform scX="1" x="0" scY="1" y="0" pX="20" pY="56" skX="0" skY="0"/>
    </display>
    <display name="Shape/shape 11556" type="image">
     <transform scX="1" x="0" scY="1" y="0" pX="20" pY="56" skX="0" skY="0"/>
    </display>
   </slot>
  </skin>
  <bone name="Layer 1">
   <transform scX="1" x="0" skX="0" scY="1" y="0" skY="0"/>
  </bone>
  <animation fadeInTime="0.3" scale="1" loop="1" autoTween="NaN" name="Unit23HorisontDeath_mc" duration="36" tweenEasing="NaN">
   <timeline pX="0" name="Layer 1" pY="0" scale="1" offset="0">
    <frame z="0" duration="2">
     <transform scX="1" x="0" scY="1" y="0" pX="0" pY="0" skX="0" skY="0"/>
    </frame>
    <frame displayIndex="1" z="0" duration="2">
     <transform scX="1" x="0" scY="1" y="0" pX="0" pY="0" skX="0" skY="0"/>
    </frame>
    <frame displayIndex="2" z="0" duration="2">
     <transform scX="1" x="0" scY="1" y="0" pX="0" pY="0" skX="0" skY="0"/>
    </frame>
    <frame displayIndex="3" z="0" duration="2">
     <transform scX="1" x="0" scY="1" y="0" pX="0" pY="0" skX="0" skY="0"/>
    </frame>
    <frame displayIndex="4" z="0" duration="2">
     <transform scX="1" x="0" scY="1" y="0" pX="0" pY="0" skX="0" skY="0"/>
    </frame>
    <frame displayIndex="5" z="0" duration="2">
     <transform scX="1" x="0" scY="1" y="0" pX="0" pY="0" skX="0" skY="0"/>
    </frame>
    <frame displayIndex="6" z="0" duration="2">
     <transform scX="1" x="0" scY="1" y="0" pX="0" pY="0" skX="0" skY="0"/>
    </frame>
    <frame displayIndex="7" z="0" duration="2">
     <transform scX="1" x="0" scY="1" y="0" pX="0" pY="0" skX="0" skY="0"/>
    </frame>
    <frame displayIndex="8" z="0" duration="2">
     <transform scX="1" x="0" scY="1" y="0" pX="0" pY="0" skX="0" skY="0"/>
    </frame>
    <frame displayIndex="9" z="0" duration="2">
     <transform scX="1" x="0" scY="1" y="0" pX="0" pY="0" skX="0" skY="0"/>
    </frame>
    <frame displayIndex="10" z="0" duration="2">
     <transform scX="1" x="0" scY="1" y="0" pX="0" pY="0" skX="0" skY="0"/>
    </frame>
    <frame displayIndex="11" z="0" duration="2">
     <transform scX="1" x="0" scY="1" y="0" pX="0" pY="0" skX="0" skY="0"/>
    </frame>
    <frame displayIndex="12" z="0" duration="2">
     <transform scX="1" x="0" scY="1" y="0" pX="0" pY="0" skX="0" skY="0"/>
    </frame>
    <frame displayIndex="13" z="0" duration="2">
     <transform scX="1" x="0" scY="1" y="0" pX="0" pY="0" skX="0" skY="0"/>
    </frame>
    <frame displayIndex="14" z="0" duration="2">
     <transform scX="1" x="0" scY="1" y="0" pX="0" pY="0" skX="0" skY="0"/>
    </frame>
    <frame displayIndex="15" z="0" duration="2">
     <transform scX="1" x="0" scY="1" y="0" pX="0" pY="0" skX="0" skY="0"/>
    </frame>
    <frame displayIndex="16" z="0" duration="2">
     <transform scX="1" x="0" scY="1" y="0" pX="0" pY="0" skX="0" skY="0"/>
    </frame>
    <frame displayIndex="17" z="0" duration="1">
     <transform scX="1" x="0" scY="1" y="0" pX="0" pY="0" skX="0" skY="0"/>
    </frame>
    <frame displayIndex="17" z="0" duration="1">
     <transform scX="1" x="0" scY="1" y="0" pX="0" pY="0" skX="0" skY="0"/>
    </frame>
   </timeline>
  </animation>
 </armature>
</root>