<root name="Level9_mc" isGlobal="0" frameRate="30" version="3.0">
 <armature name="Level9_mc">
  <skin name="default">
   <slot name="bg" z="0" parent="bg">
    <display name="Shape/shape 10010" type="image">
     <transform scX="1" x="0" scY="1" y="0" pX="38" pY="2" skX="0" skY="0"/>
    </display>
   </slot>
   <slot name="flag1" z="1" parent="flag1">
    <display name="Sprite/sprite 47" type="image">
     <transform scX="1" x="0" scY="1" y="0" pX="25" pY="25" skX="0" skY="0"/>
    </display>
   </slot>
   <slot name="flag2" z="2" parent="flag2">
    <display name="Sprite/sprite 47" type="image">
     <transform scX="1" x="0" scY="1" y="0" pX="25" pY="25" skX="0" skY="0"/>
    </display>
   </slot>
   <slot name="flag3" z="3" parent="flag3">
    <display name="Sprite/sprite 47" type="image">
     <transform scX="1" x="0" scY="1" y="0" pX="25" pY="25" skX="0" skY="0"/>
    </display>
   </slot>
   <slot name="flag4" z="4" parent="flag4">
    <display name="Sprite/sprite 47" type="image">
     <transform scX="1" x="0" scY="1" y="0" pX="25" pY="25" skX="0" skY="0"/>
    </display>
   </slot>
   <slot name="place1" z="5" parent="place1">
    <display name="Sprite/sprite 47" type="image">
     <transform scX="1" x="0" scY="1" y="0" pX="25" pY="25" skX="0" skY="0"/>
    </display>
   </slot>
   <slot name="place2" z="6" parent="place2">
    <display name="Sprite/sprite 47" type="image">
     <transform scX="1" x="0" scY="1" y="0" pX="25" pY="25" skX="0" skY="0"/>
    </display>
   </slot>
   <slot name="place3" z="7" parent="place3">
    <display name="Sprite/sprite 47" type="image">
     <transform scX="1" x="0" scY="1" y="0" pX="25" pY="25" skX="0" skY="0"/>
    </display>
   </slot>
   <slot name="place4" z="8" parent="place4">
    <display name="Sprite/sprite 47" type="image">
     <transform scX="1" x="0" scY="1" y="0" pX="25" pY="25" skX="0" skY="0"/>
    </display>
   </slot>
   <slot name="place5" z="9" parent="place5">
    <display name="Sprite/sprite 47" type="image">
     <transform scX="1" x="0" scY="1" y="0" pX="25" pY="25" skX="0" skY="0"/>
    </display>
   </slot>
   <slot name="place6" z="10" parent="place6">
    <display name="Sprite/sprite 47" type="image">
     <transform scX="1" x="0" scY="1" y="0" pX="25" pY="25" skX="0" skY="0"/>
    </display>
   </slot>
   <slot name="place7" z="11" parent="place7">
    <display name="Sprite/sprite 47" type="image">
     <transform scX="1" x="0" scY="1" y="0" pX="25" pY="25" skX="0" skY="0"/>
    </display>
   </slot>
   <slot name="place8" z="12" parent="place8">
    <display name="Sprite/sprite 47" type="image">
     <transform scX="1" x="0" scY="1" y="0" pX="25" pY="25" skX="0" skY="0"/>
    </display>
   </slot>
   <slot name="place10" z="13" parent="place10">
    <display name="Sprite/sprite 47" type="image">
     <transform scX="1" x="0" scY="1" y="0" pX="25" pY="25" skX="0" skY="0"/>
    </display>
   </slot>
   <slot name="place9" z="14" parent="place9">
    <display name="Sprite/sprite 47" type="image">
     <transform scX="1" x="0" scY="1" y="0" pX="25" pY="25" skX="0" skY="0"/>
    </display>
   </slot>
   <slot name="pointer1" z="15" parent="pointer1">
    <display name="Sprite/sprite 47" type="image">
     <transform scX="1" x="0" scY="1" y="0" pX="25" pY="25" skX="0" skY="0"/>
    </display>
   </slot>
   <slot name="pointer2" z="16" parent="pointer2">
    <display name="Sprite/sprite 47" type="image">
     <transform scX="1" x="0" scY="1" y="0" pX="25" pY="25" skX="0" skY="0"/>
    </display>
   </slot>
   <slot name="decoration" z="17" parent="decoration">
    <display name="位图 1" type="image">
     <transform scX="1" x="-33.5" scY="1" y="-22" pX="0" pY="0" skX="0" skY="0"/>
    </display>
   </slot>
   <slot name="decorationCase" z="18" parent="decorationCase">
    <display name="Sprite/sprite 47" type="image">
     <transform scX="1" x="0" scY="1" y="0" pX="25" pY="25" skX="0" skY="0"/>
    </display>
   </slot>
  </skin>
  <bone name="place5">
   <transform scX="1" x="403.25" skX="0" scY="1" y="413.3" skY="0"/>
  </bone>
  <bone name="flag1">
   <transform scX="1" x="765.25" skX="0" scY="1" y="110.3" skY="0"/>
  </bone>
  <bone name="flag2">
   <transform scX="1" x="768.25" skX="0" scY="1" y="179.3" skY="0"/>
  </bone>
  <bone name="flag3">
   <transform scX="1" x="771.25" skX="0" scY="1" y="428.3" skY="0"/>
  </bone>
  <bone name="flag4">
   <transform scX="1" x="770.25" skX="0" scY="1" y="494.3" skY="0"/>
  </bone>
  <bone name="place1">
   <transform scX="1" x="237.25" skX="0" scY="1" y="203.3" skY="0"/>
  </bone>
  <bone name="place2">
   <transform scX="1" x="342.25" skX="0" scY="1" y="303.3" skY="0"/>
  </bone>
  <bone name="place3">
   <transform scX="1" x="240.25" skX="0" scY="1" y="430.3" skY="0"/>
  </bone>
  <bone name="place4">
   <transform scX="1" x="236.25" skX="0" scY="1" y="519.3" skY="0"/>
  </bone>
  <bone name="bg">
   <transform scX="1" x="0" skX="0" scY="1" y="0" skY="0"/>
  </bone>
  <bone name="place6">
   <transform scX="1" x="611.25" skX="0" scY="1" y="518.3" skY="0"/>
  </bone>
  <bone name="place7">
   <transform scX="1" x="616.25" skX="0" scY="1" y="419.3" skY="0"/>
  </bone>
  <bone name="place8">
   <transform scX="1" x="499.25" skX="0" scY="1" y="302.3" skY="0"/>
  </bone>
  <bone name="place10">
   <transform scX="1" x="445.25" skX="0" scY="1" y="215.3" skY="0"/>
  </bone>
  <bone name="place9">
   <transform scX="1" x="611.25" skX="0" scY="1" y="199.3" skY="0"/>
  </bone>
  <bone name="pointer1">
   <transform scX="1" x="3.3" skX="0" scY="1" y="156.3" skY="0"/>
  </bone>
  <bone name="pointer2">
   <transform scX="1" x="13.3" skX="0" scY="1" y="473.3" skY="0"/>
  </bone>
  <bone name="decoration">
   <transform scX="1" x="744.35" skX="0" scY="1" y="288.45" skY="0"/>
  </bone>
  <bone name="decorationCase">
   <transform scX="0.82" x="758.2" skX="0" scY="0.82" y="286" skY="0"/>
  </bone>
  <animation fadeInTime="0.3" scale="1" loop="1" autoTween="NaN" name="Level9_mc" duration="1" tweenEasing="NaN">
   <timeline pX="0" name="bg" pY="0" scale="1" offset="0">
    <frame z="0" duration="1">
     <transform scX="1" x="0" scY="1" y="0" pX="0" pY="0" skX="0" skY="0"/>
    </frame>
   </timeline>
   <timeline pX="0" name="flag1" pY="0" scale="1" offset="0">
    <frame z="0" duration="1">
     <transform scX="1" x="0" scY="1" y="0" pX="0" pY="0" skX="0" skY="0"/>
    </frame>
   </timeline>
   <timeline pX="0" name="flag2" pY="0" scale="1" offset="0">
    <frame z="0" duration="1">
     <transform scX="1" x="0" scY="1" y="0" pX="0" pY="0" skX="0" skY="0"/>
    </frame>
   </timeline>
   <timeline pX="0" name="flag3" pY="0" scale="1" offset="0">
    <frame z="0" duration="1">
     <transform scX="1" x="0" scY="1" y="0" pX="0" pY="0" skX="0" skY="0"/>
    </frame>
   </timeline>
   <timeline pX="0" name="flag4" pY="0" scale="1" offset="0">
    <frame z="0" duration="1">
     <transform scX="1" x="0" scY="1" y="0" pX="0" pY="0" skX="0" skY="0"/>
    </frame>
   </timeline>
   <timeline pX="0" name="place1" pY="0" scale="1" offset="0">
    <frame z="0" duration="1">
     <transform scX="1" x="0" scY="1" y="0" pX="0" pY="0" skX="0" skY="0"/>
    </frame>
   </timeline>
   <timeline pX="0" name="place2" pY="0" scale="1" offset="0">
    <frame z="0" duration="1">
     <transform scX="1" x="0" scY="1" y="0" pX="0" pY="0" skX="0" skY="0"/>
    </frame>
   </timeline>
   <timeline pX="0" name="place3" pY="0" scale="1" offset="0">
    <frame z="0" duration="1">
     <transform scX="1" x="0" scY="1" y="0" pX="0" pY="0" skX="0" skY="0"/>
    </frame>
   </timeline>
   <timeline pX="0" name="place4" pY="0" scale="1" offset="0">
    <frame z="0" duration="1">
     <transform scX="1" x="0" scY="1" y="0" pX="0" pY="0" skX="0" skY="0"/>
    </frame>
   </timeline>
   <timeline pX="0" name="place5" pY="0" scale="1" offset="0">
    <frame z="0" duration="1">
     <transform scX="1" x="0" scY="1" y="0" pX="0" pY="0" skX="0" skY="0"/>
    </frame>
   </timeline>
   <timeline pX="0" name="place6" pY="0" scale="1" offset="0">
    <frame z="0" duration="1">
     <transform scX="1" x="0" scY="1" y="0" pX="0" pY="0" skX="0" skY="0"/>
    </frame>
   </timeline>
   <timeline pX="0" name="place7" pY="0" scale="1" offset="0">
    <frame z="0" duration="1">
     <transform scX="1" x="0" scY="1" y="0" pX="0" pY="0" skX="0" skY="0"/>
    </frame>
   </timeline>
   <timeline pX="0" name="place8" pY="0" scale="1" offset="0">
    <frame z="0" duration="1">
     <transform scX="1" x="0" scY="1" y="0" pX="0" pY="0" skX="0" skY="0"/>
    </frame>
   </timeline>
   <timeline pX="0" name="place10" pY="0" scale="1" offset="0">
    <frame z="0" duration="1">
     <transform scX="1" x="0" scY="1" y="0" pX="0" pY="0" skX="0" skY="0"/>
    </frame>
   </timeline>
   <timeline pX="0" name="place9" pY="0" scale="1" offset="0">
    <frame z="0" duration="1">
     <transform scX="1" x="0" scY="1" y="0" pX="0" pY="0" skX="0" skY="0"/>
    </frame>
   </timeline>
   <timeline pX="0" name="pointer1" pY="0" scale="1" offset="0">
    <frame z="0" duration="1">
     <transform scX="1" x="0" scY="1" y="0" pX="0" pY="0" skX="0" skY="0"/>
    </frame>
   </timeline>
   <timeline pX="0" name="pointer2" pY="0" scale="1" offset="0">
    <frame z="0" duration="1">
     <transform scX="1" x="0" scY="1" y="0" pX="0" pY="0" skX="0" skY="0"/>
    </frame>
   </timeline>
   <timeline pX="0" name="decoration" pY="0" scale="1" offset="0">
    <frame z="0" duration="1">
     <transform scX="1" x="0" scY="1" y="0" pX="0" pY="0" skX="0" skY="0"/>
    </frame>
   </timeline>
   <timeline pX="0" name="decorationCase" pY="0" scale="1" offset="0">
    <frame z="0" duration="1">
     <transform scX="1" x="0" scY="1" y="0" pX="0" pY="0" skX="0" skY="0"/>
    </frame>
   </timeline>
  </animation>
 </armature>
</root>