<dragonBones name="1yrt" frameRate="30" version="2.3">
 <armature name="CastFireLevin_mc">
  <bone name="Layer 1">
   <transform x="0" y="0" skX="0" skY="0" scX="1" scY="1"/>
  </bone>
  <skin name="default">
   <slot name="Layer 1" parent="Layer 1" z="0">
    <display name="Shape/shape 6879" type="image">
     <transform x="0" y="0" skX="0" skY="0" scX="1" scY="1" pX="60" pY="51"/>
    </display>
    <display name="Shape/shape 6881" type="image">
     <transform x="0" y="0" skX="0" skY="0" scX="1" scY="1" pX="60" pY="51"/>
    </display>
    <display name="Shape/shape 6883" type="image">
     <transform x="0" y="0" skX="0" skY="0" scX="1" scY="1" pX="60" pY="51"/>
    </display>
    <display name="Shape/shape 6885" type="image">
     <transform x="0" y="0" skX="0" skY="0" scX="1" scY="1" pX="60" pY="51"/>
    </display>
    <display name="Shape/shape 6887" type="image">
     <transform x="0" y="0" skX="0" skY="0" scX="1" scY="1" pX="60" pY="51"/>
    </display>
    <display name="Shape/shape 6889" type="image">
     <transform x="0" y="0" skX="0" skY="0" scX="1" scY="1" pX="60" pY="51"/>
    </display>
    <display name="Shape/shape 6891" type="image">
     <transform x="0" y="0" skX="0" skY="0" scX="1" scY="1" pX="60" pY="51"/>
    </display>
    <display name="Shape/shape 6893" type="image">
     <transform x="0" y="0" skX="0" skY="0" scX="1" scY="1" pX="60" pY="51"/>
    </display>
    <display name="Shape/shape 6895" type="image">
     <transform x="0" y="0" skX="0" skY="0" scX="1" scY="1" pX="60" pY="51"/>
    </display>
    <display name="Shape/shape 6897" type="image">
     <transform x="0" y="0" skX="0" skY="0" scX="1" scY="1" pX="60" pY="51"/>
    </display>
    <display name="Shape/shape 6899" type="image">
     <transform x="0" y="0" skX="0" skY="0" scX="1" scY="1" pX="60" pY="51"/>
    </display>
   </slot>
  </skin>
  <animation name="CastFireLevin_mc" fadeInTime="0.3" duration="24" scale="1" loop="1" autoTween="1" tweenEasing="NaN">
   <timeline name="Layer 1" scale="1" offset="0">
    <frame z="0" duration="1">
     <transform x="0" y="0" skX="0" skY="0" scX="1" scY="1" pX="0" pY="0"/>
    </frame>
    <frame z="0" displayIndex="1" duration="2">
     <transform x="0" y="0" skX="0" skY="0" scX="1" scY="1" pX="0" pY="0"/>
    </frame>
    <frame z="0" displayIndex="2" duration="2">
     <transform x="0" y="0" skX="0" skY="0" scX="1" scY="1" pX="0" pY="0"/>
    </frame>
    <frame z="0" displayIndex="3" duration="2">
     <transform x="0" y="0" skX="0" skY="0" scX="1" scY="1" pX="0" pY="0"/>
    </frame>
    <frame z="0" displayIndex="4" duration="2">
     <transform x="0" y="0" skX="0" skY="0" scX="1" scY="1" pX="0" pY="0"/>
    </frame>
    <frame z="0" displayIndex="5" duration="2">
     <transform x="0" y="0" skX="0" skY="0" scX="1" scY="1" pX="0" pY="0"/>
    </frame>
    <frame z="0" displayIndex="6" duration="2">
     <transform x="0" y="0" skX="0" skY="0" scX="1" scY="1" pX="0" pY="0"/>
    </frame>
    <frame z="0" displayIndex="7" duration="2">
     <transform x="0" y="0" skX="0" skY="0" scX="1" scY="1" pX="0" pY="0"/>
    </frame>
    <frame z="0" displayIndex="8" duration="2">
     <transform x="0" y="0" skX="0" skY="0" scX="1" scY="1" pX="0" pY="0"/>
    </frame>
    <frame z="0" displayIndex="9" duration="3">
     <transform x="0" y="0" skX="0" skY="0" scX="1" scY="1" pX="0" pY="0"/>
    </frame>
    <frame z="0" displayIndex="10" duration="3">
     <transform x="0" y="0" skX="0" skY="0" scX="1" scY="1" pX="0" pY="0"/>
    </frame>
    <frame z="0" displayIndex="10" duration="1">
     <transform x="0" y="0" skX="0" skY="0" scX="0.01" scY="0.01" pX="0" pY="0"/>
     <colorTransform aO="0" rO="0" gO="0" bO="0" aM="0" rM="100" gM="100" bM="100"/>
    </frame>
   </timeline>
  </animation>
 </armature>
</dragonBones>