<root name="Tower4_mc" isGlobal="0" frameRate="30" version="3.0">
 <armature name="Tower4_mc">
  <skin name="default">
   <slot name="bg" z="0" parent="bg">
    <display name="Shape/shape 4591" type="image">
     <transform x="0" pX="29" pY="48" skX="0" skY="0" scX="1" y="0" scY="1"/>
    </display>
   </slot>
   <slot name="cont" z="1" parent="cont">
    <display name="Shape/shape 4593" type="image">
     <transform x="0" pX="17" pY="21" skX="0" skY="0" scX="1" y="0" scY="1"/>
    </display>
    <display name="Shape/shape 4595" type="image">
     <transform x="0" pX="17" pY="21" skX="0" skY="0" scX="1" y="0" scY="1"/>
    </display>
    <display name="Shape/shape 4597" type="image">
     <transform x="0" pX="17" pY="21" skX="0" skY="0" scX="1" y="0" scY="1"/>
    </display>
    <display name="Shape/shape 4599" type="image">
     <transform x="0" pX="17" pY="21" skX="0" skY="0" scX="1" y="0" scY="1"/>
    </display>
    <display name="Shape/shape 4601" type="image">
     <transform x="0" pX="17" pY="21" skX="0" skY="0" scX="1" y="0" scY="1"/>
    </display>
    <display name="Shape/shape 4603" type="image">
     <transform x="0" pX="17" pY="21" skX="0" skY="0" scX="1" y="0" scY="1"/>
    </display>
    <display name="Shape/shape 4605" type="image">
     <transform x="0" pX="17" pY="21" skX="0" skY="0" scX="1" y="0" scY="1"/>
    </display>
    <display name="Shape/shape 4607" type="image">
     <transform x="0" pX="17" pY="21" skX="0" skY="0" scX="1" y="0" scY="1"/>
    </display>
    <display name="Shape/shape 4609" type="image">
     <transform x="0" pX="17" pY="21" skX="0" skY="0" scX="1" y="0" scY="1"/>
    </display>
    <display name="Shape/shape 4611" type="image">
     <transform x="0" pX="17" pY="21" skX="0" skY="0" scX="1" y="0" scY="1"/>
    </display>
    <display name="Shape/shape 4613" type="image">
     <transform x="0" pX="17" pY="21" skX="0" skY="0" scX="1" y="0" scY="1"/>
    </display>
    <display name="Shape/shape 4615" type="image">
     <transform x="0" pX="17" pY="21" skX="0" skY="0" scX="1" y="0" scY="1"/>
    </display>
    <display name="Shape/shape 4617" type="image">
     <transform x="0" pX="17" pY="21" skX="0" skY="0" scX="1" y="0" scY="1"/>
    </display>
    <display name="Shape/shape 4619" type="image">
     <transform x="0" pX="17" pY="21" skX="0" skY="0" scX="1" y="0" scY="1"/>
    </display>
    <display name="Shape/shape 4621" type="image">
     <transform x="0" pX="17" pY="21" skX="0" skY="0" scX="1" y="0" scY="1"/>
    </display>
    <display name="Shape/shape 4623" type="image">
     <transform x="0" pX="17" pY="21" skX="0" skY="0" scX="1" y="0" scY="1"/>
    </display>
    <display name="Shape/shape 4625" type="image">
     <transform x="0" pX="17" pY="21" skX="0" skY="0" scX="1" y="0" scY="1"/>
    </display>
    <display name="Shape/shape 4627" type="image">
     <transform x="0" pX="17" pY="21" skX="0" skY="0" scX="1" y="0" scY="1"/>
    </display>
    <display name="Shape/shape 4629" type="image">
     <transform x="0" pX="17" pY="21" skX="0" skY="0" scX="1" y="0" scY="1"/>
    </display>
    <display name="Shape/shape 4631" type="image">
     <transform x="0" pX="17" pY="21" skX="0" skY="0" scX="1" y="0" scY="1"/>
    </display>
    <display name="Shape/shape 4633" type="image">
     <transform x="0" pX="17" pY="21" skX="0" skY="0" scX="1" y="0" scY="1"/>
    </display>
    <display name="Shape/shape 4635" type="image">
     <transform x="0" pX="17" pY="21" skX="0" skY="0" scX="1" y="0" scY="1"/>
    </display>
    <display name="Shape/shape 4636" type="image">
     <transform x="0" pX="17" pY="21" skX="0" skY="0" scX="1" y="0" scY="1"/>
    </display>
    <display name="Shape/shape 4637" type="image">
     <transform x="0" pX="17" pY="21" skX="0" skY="0" scX="1" y="0" scY="1"/>
    </display>
    <display name="Shape/shape 4638" type="image">
     <transform x="0" pX="17" pY="21" skX="0" skY="0" scX="1" y="0" scY="1"/>
    </display>
   </slot>
   <slot name="selectTower" z="2" parent="selectTower">
    <display name="selectTower" type="image">
     <transform x="0" pX="33" pY="55" skX="0" skY="0" scX="1" y="0" scY="1"/>
    </display>
   </slot>
   <slot name="sphere1" z="3" parent="sphere1">
    <display name="sphere1" type="armature">
     <transform scY="1" skY="0" x="0" scX="1" skX="0" y="0"/>
    </display>
   </slot>
   <slot name="sphere2_1" z="4" parent="sphere2_1">
    <display name="sphere2" type="armature">
     <transform scY="1" skY="0" x="0" scX="1" skX="0" y="0"/>
    </display>
   </slot>
   <slot name="sphere2_2" z="5" parent="sphere2_2">
    <display name="sphere2" type="armature">
     <transform scY="1" skY="0" x="0" scX="1" skX="0" y="0"/>
    </display>
   </slot>
   <slot name="sphere3_1" z="6" parent="sphere3_1">
    <display name="sphere3" type="armature">
     <transform scY="1" skY="0" x="0" scX="1" skX="0" y="0"/>
    </display>
   </slot>
   <slot name="sphere3_2" z="7" parent="sphere3_2">
    <display name="sphere3" type="armature">
     <transform scY="1" skY="0" x="0" scX="1" skX="0" y="0"/>
    </display>
   </slot>
   <slot name="sphere3_3" z="8" parent="sphere3_3">
    <display name="sphere3" type="armature">
     <transform scY="1" skY="0" x="0" scX="1" skX="0" y="0"/>
    </display>
   </slot>
   <slot name="sphere4_1" z="9" parent="sphere4_1">
    <display name="sphere4" type="armature">
     <transform scY="1" skY="0" x="0" scX="1" skX="0" y="0"/>
    </display>
   </slot>
   <slot name="sphere4_2" z="10" parent="sphere4_2">
    <display name="sphere4" type="armature">
     <transform scY="1" skY="0" x="0" scX="1" skX="0" y="0"/>
    </display>
   </slot>
   <slot name="sphere4_3" z="11" parent="sphere4_3">
    <display name="sphere4" type="armature">
     <transform scY="1" skY="0" x="0" scX="1" skX="0" y="0"/>
    </display>
   </slot>
   <slot name="sphere4_4" z="12" parent="sphere4_4">
    <display name="sphere4" type="armature">
     <transform scY="1" skY="0" x="0" scX="1" skX="0" y="0"/>
    </display>
   </slot>
   <slot name="boneBlock" z="13" parent="boneBlock">
    <display name="boneBlock" type="image">
     <transform x="0" pX="25" pY="25" skX="0" skY="0" scX="1" y="0" scY="1"/>
    </display>
   </slot>
   <slot name="blockTower" z="14" parent="blockTower">
    <display name="blockTower" type="image">
     <transform x="0" pX="25" pY="25" skX="0" skY="0" scX="1" y="0" scY="1"/>
    </display>
   </slot>
   <slot name="towerCase" z="15" parent="towerCase">
    <display name="case" type="image">
     <transform x="0" pX="25" pY="25" skX="0" skY="0" scX="1" y="0" scY="1"/>
    </display>
   </slot>
  </skin>
  <bone name="sphere3_3">
   <transform y="-26" skY="0" x="0" scX="1" skX="0" scY="1"/>
  </bone>
  <bone name="cont">
   <transform y="0" skY="0" x="0" scX="1" skX="0" scY="1"/>
  </bone>
  <bone name="selectTower">
   <transform y="4" skY="0" x="0" scX="1" skX="0" scY="1"/>
  </bone>
  <bone name="sphere1">
   <transform y="-21" skY="0" x="0" scX="1" skX="0" scY="1"/>
  </bone>
  <bone name="sphere2_1">
   <transform y="-23" skY="0" x="0" scX="1" skX="0" scY="1"/>
  </bone>
  <bone name="sphere2_2">
   <transform y="-23" skY="0" x="0" scX="1" skX="0" scY="1"/>
  </bone>
  <bone name="sphere3_1">
   <transform y="-26" skY="0" x="0" scX="1" skX="0" scY="1"/>
  </bone>
  <bone name="sphere3_2">
   <transform y="-26" skY="0" x="0" scX="1" skX="0" scY="1"/>
  </bone>
  <bone name="bg">
   <transform y="0" skY="0" x="0" scX="1" skX="0" scY="1"/>
  </bone>
  <bone name="sphere4_1">
   <transform y="-25" skY="0" x="0" scX="1" skX="0" scY="1"/>
  </bone>
  <bone name="sphere4_2">
   <transform y="-25" skY="0" x="0" scX="1" skX="0" scY="1"/>
  </bone>
  <bone name="sphere4_3">
   <transform y="-25" skY="0" x="0" scX="1" skX="0" scY="1"/>
  </bone>
  <bone name="sphere4_4">
   <transform y="-25" skY="0" x="0" scX="1" skX="0" scY="1"/>
  </bone>
  <bone name="boneBlock">
   <transform y="2" skY="0" x="-4" scX="0.64" skX="0" scY="0.64"/>
  </bone>
  <bone name="blockTower">
   <transform y="-18" skY="0" x="0" scX="0.88" skX="0" scY="0.88"/>
  </bone>
  <bone name="towerCase">
   <transform y="-16" skY="0" x="0" scX="0.99" skX="0" scY="1.21"/>
  </bone>
  <animation name="Tower4_mc" scale="1" loop="1" duration="26" autoTween="NaN" fadeInTime="0.3" tweenEasing="NaN">
   <timeline name="bg" scale="1" pX="0" pY="0" offset="0">
    <frame z="0" duration="25">
     <transform x="0" pX="0" pY="0" skX="0" skY="0" scX="1" y="0" scY="1"/>
    </frame>
    <frame z="0" duration="1">
     <transform x="0" pX="0" pY="0" skX="0" skY="0" scX="1" y="0" scY="1"/>
    </frame>
   </timeline>
   <timeline name="cont" scale="1" pX="0" pY="0" offset="0">
    <frame z="0" duration="1">
     <transform x="0" pX="0" pY="0" skX="0" skY="0" scX="1" y="0" scY="1"/>
    </frame>
    <frame displayIndex="1" z="0" duration="1">
     <transform x="0" pX="0" pY="0" skX="0" skY="0" scX="1" y="0" scY="1"/>
    </frame>
    <frame displayIndex="2" z="0" duration="1">
     <transform x="0" pX="0" pY="0" skX="0" skY="0" scX="1" y="0" scY="1"/>
    </frame>
    <frame displayIndex="3" z="0" duration="1">
     <transform x="0" pX="0" pY="0" skX="0" skY="0" scX="1" y="0" scY="1"/>
    </frame>
    <frame displayIndex="4" z="0" duration="1">
     <transform x="0" pX="0" pY="0" skX="0" skY="0" scX="1" y="0" scY="1"/>
    </frame>
    <frame displayIndex="5" z="0" duration="1">
     <transform x="0" pX="0" pY="0" skX="0" skY="0" scX="1" y="0" scY="1"/>
    </frame>
    <frame displayIndex="6" z="0" duration="1">
     <transform x="0" pX="0" pY="0" skX="0" skY="0" scX="1" y="0" scY="1"/>
    </frame>
    <frame displayIndex="7" z="0" duration="1">
     <transform x="0" pX="0" pY="0" skX="0" skY="0" scX="1" y="0" scY="1"/>
    </frame>
    <frame displayIndex="8" z="0" duration="1">
     <transform x="0" pX="0" pY="0" skX="0" skY="0" scX="1" y="0" scY="1"/>
    </frame>
    <frame displayIndex="9" z="0" duration="1">
     <transform x="0" pX="0" pY="0" skX="0" skY="0" scX="1" y="0" scY="1"/>
    </frame>
    <frame displayIndex="10" z="0" duration="1">
     <transform x="0" pX="0" pY="0" skX="0" skY="0" scX="1" y="0" scY="1"/>
    </frame>
    <frame displayIndex="11" z="0" duration="1">
     <transform x="0" pX="0" pY="0" skX="0" skY="0" scX="1" y="0" scY="1"/>
    </frame>
    <frame displayIndex="12" z="0" duration="1">
     <transform x="0" pX="0" pY="0" skX="0" skY="0" scX="1" y="0" scY="1"/>
    </frame>
    <frame displayIndex="13" z="0" duration="1">
     <transform x="0" pX="0" pY="0" skX="0" skY="0" scX="1" y="0" scY="1"/>
    </frame>
    <frame displayIndex="14" z="0" duration="1">
     <transform x="0" pX="0" pY="0" skX="0" skY="0" scX="1" y="0" scY="1"/>
    </frame>
    <frame displayIndex="15" z="0" duration="1">
     <transform x="0" pX="0" pY="0" skX="0" skY="0" scX="1" y="0" scY="1"/>
    </frame>
    <frame displayIndex="16" z="0" duration="1">
     <transform x="0" pX="0" pY="0" skX="0" skY="0" scX="1" y="0" scY="1"/>
    </frame>
    <frame displayIndex="17" z="0" duration="1">
     <transform x="0" pX="0" pY="0" skX="0" skY="0" scX="1" y="0" scY="1"/>
    </frame>
    <frame displayIndex="18" z="0" duration="1">
     <transform x="0" pX="0" pY="0" skX="0" skY="0" scX="1" y="0" scY="1"/>
    </frame>
    <frame displayIndex="19" z="0" duration="1">
     <transform x="0" pX="0" pY="0" skX="0" skY="0" scX="1" y="0" scY="1"/>
    </frame>
    <frame displayIndex="20" z="0" duration="1">
     <transform x="0" pX="0" pY="0" skX="0" skY="0" scX="1" y="0" scY="1"/>
    </frame>
    <frame displayIndex="21" z="0" duration="1">
     <transform x="0" pX="0" pY="0" skX="0" skY="0" scX="1" y="0" scY="1"/>
    </frame>
    <frame displayIndex="22" z="0" duration="1">
     <transform x="0" pX="0" pY="0" skX="0" skY="0" scX="1" y="0" scY="1"/>
    </frame>
    <frame displayIndex="23" z="0" duration="1">
     <transform x="0" pX="0" pY="0" skX="0" skY="0" scX="1" y="0" scY="1"/>
    </frame>
    <frame displayIndex="24" z="0" duration="1">
     <transform x="0" pX="0" pY="0" skX="0" skY="0" scX="1" y="0" scY="1"/>
    </frame>
    <frame displayIndex="24" z="0" duration="1">
     <transform x="0" pX="0" pY="0" skX="0" skY="0" scX="1" y="0" scY="1"/>
    </frame>
   </timeline>
   <timeline name="selectTower" scale="1" pX="0" pY="0" offset="0">
    <frame z="0" duration="25">
     <transform x="0" pX="0" pY="0" skX="0" skY="0" scX="1" y="0" scY="1"/>
    </frame>
    <frame z="0" duration="1">
     <transform x="0" pX="0" pY="0" skX="0" skY="0" scX="1" y="0" scY="1"/>
    </frame>
   </timeline>
   <timeline name="sphere1" scale="1" pX="0" pY="0" offset="0">
    <frame z="0" duration="25">
     <transform x="0" pX="0" pY="0" skX="0" skY="0" scX="1" y="0" scY="1"/>
    </frame>
    <frame z="0" duration="1">
     <transform x="0" pX="0" pY="0" skX="0" skY="0" scX="1" y="0" scY="1"/>
    </frame>
   </timeline>
   <timeline name="sphere2_1" scale="1" pX="0" pY="0" offset="0">
    <frame z="0" duration="25">
     <transform x="0" pX="0" pY="0" skX="0" skY="0" scX="1" y="0" scY="1"/>
    </frame>
    <frame z="0" duration="1">
     <transform x="0" pX="0" pY="0" skX="0" skY="0" scX="1" y="0" scY="1"/>
    </frame>
   </timeline>
   <timeline name="sphere2_2" scale="1" pX="0" pY="0" offset="0">
    <frame z="0" duration="25">
     <transform x="0" pX="0" pY="0" skX="0" skY="0" scX="1" y="0" scY="1"/>
    </frame>
    <frame z="0" duration="1">
     <transform x="0" pX="0" pY="0" skX="0" skY="0" scX="1" y="0" scY="1"/>
    </frame>
   </timeline>
   <timeline name="sphere3_1" scale="1" pX="0" pY="0" offset="0">
    <frame z="0" duration="25">
     <transform x="0" pX="0" pY="0" skX="0" skY="0" scX="1" y="0" scY="1"/>
    </frame>
    <frame z="0" duration="1">
     <transform x="0" pX="0" pY="0" skX="0" skY="0" scX="1" y="0" scY="1"/>
    </frame>
   </timeline>
   <timeline name="sphere3_2" scale="1" pX="0" pY="0" offset="0">
    <frame z="0" duration="25">
     <transform x="0" pX="0" pY="0" skX="0" skY="0" scX="1" y="0" scY="1"/>
    </frame>
    <frame z="0" duration="1">
     <transform x="0" pX="0" pY="0" skX="0" skY="0" scX="1" y="0" scY="1"/>
    </frame>
   </timeline>
   <timeline name="sphere3_3" scale="1" pX="0" pY="0" offset="0">
    <frame z="0" duration="25">
     <transform x="0" pX="0" pY="0" skX="0" skY="0" scX="1" y="0" scY="1"/>
    </frame>
    <frame z="0" duration="1">
     <transform x="0" pX="0" pY="0" skX="0" skY="0" scX="1" y="0" scY="1"/>
    </frame>
   </timeline>
   <timeline name="sphere4_1" scale="1" pX="0" pY="0" offset="0">
    <frame z="0" duration="25">
     <transform x="0" pX="0" pY="0" skX="0" skY="0" scX="1" y="0" scY="1"/>
    </frame>
    <frame z="0" duration="1">
     <transform x="0" pX="0" pY="0" skX="0" skY="0" scX="1" y="0" scY="1"/>
    </frame>
   </timeline>
   <timeline name="sphere4_2" scale="1" pX="0" pY="0" offset="0">
    <frame z="0" duration="25">
     <transform x="0" pX="0" pY="0" skX="0" skY="0" scX="1" y="0" scY="1"/>
    </frame>
    <frame z="0" duration="1">
     <transform x="0" pX="0" pY="0" skX="0" skY="0" scX="1" y="0" scY="1"/>
    </frame>
   </timeline>
   <timeline name="sphere4_3" scale="1" pX="0" pY="0" offset="0">
    <frame z="0" duration="25">
     <transform x="0" pX="0" pY="0" skX="0" skY="0" scX="1" y="0" scY="1"/>
    </frame>
    <frame z="0" duration="1">
     <transform x="0" pX="0" pY="0" skX="0" skY="0" scX="1" y="0" scY="1"/>
    </frame>
   </timeline>
   <timeline name="sphere4_4" scale="1" pX="0" pY="0" offset="0">
    <frame z="0" duration="25">
     <transform x="0" pX="0" pY="0" skX="0" skY="0" scX="1" y="0" scY="1"/>
    </frame>
    <frame z="0" duration="1">
     <transform x="0" pX="0" pY="0" skX="0" skY="0" scX="1" y="0" scY="1"/>
    </frame>
   </timeline>
   <timeline name="boneBlock" scale="1" pX="0" pY="0" offset="0">
    <frame z="0" duration="25">
     <transform x="0" pX="0" pY="0" skX="0" skY="0" scX="1" y="0" scY="1"/>
    </frame>
    <frame z="0" duration="1">
     <transform x="0" pX="0" pY="0" skX="0" skY="0" scX="1" y="0" scY="1"/>
    </frame>
   </timeline>
   <timeline name="blockTower" scale="1" pX="0" pY="0" offset="0">
    <frame z="0" duration="25">
     <transform x="0" pX="0" pY="0" skX="0" skY="0" scX="1" y="0" scY="1"/>
    </frame>
    <frame z="0" duration="1">
     <transform x="0" pX="0" pY="0" skX="0" skY="0" scX="1" y="0" scY="1"/>
    </frame>
   </timeline>
   <timeline name="towerCase" scale="1" pX="0" pY="0" offset="0">
    <frame z="0" duration="25">
     <transform x="0" pX="0" pY="0" skX="0" skY="0" scX="1" y="0" scY="1"/>
    </frame>
    <frame z="0" duration="1">
     <transform x="0" pX="0" pY="0" skX="0" skY="0" scX="1" y="0" scY="1"/>
    </frame>
   </timeline>
  </animation>
 </armature>
 <armature name="sphere1">
  <skin name="default">
   <slot name="bullet" z="0" parent="bullet">
    <display name="spheres" type="image">
     <transform x="0" pX="25" pY="25" skX="0" skY="0" scX="1" y="0" scY="1"/>
    </display>
   </slot>
  </skin>
  <bone name="bullet">
   <transform y="-24.25" skY="0" x="-15.15" scX="0.77" skX="0" scY="0.77"/>
  </bone>
  <animation name="sphere1" scale="1" loop="1" duration="40" autoTween="NaN" fadeInTime="0.3" tweenEasing="NaN">
   <timeline name="bullet" scale="1" pX="0" pY="0" offset="0">
    <frame z="0" duration="1" tweenEasing="0">
     <transform x="0" pX="0" pY="0" skX="0" skY="0" scX="1" y="0" scY="1"/>
    </frame>
    <frame z="0" duration="1" tweenEasing="0">
     <transform x="0.5" pX="0" pY="0" skX="0" skY="0" scX="1" y="-1.9499999999999993" scY="1"/>
    </frame>
    <frame z="0" duration="1" tweenEasing="0">
     <transform x="1.75" pX="0" pY="0" skX="0" skY="0" scX="1" y="-3.5500000000000007" scY="1"/>
    </frame>
    <frame z="0" duration="13" tweenEasing="0">
     <transform x="3.3499999999999996" pX="0" pY="0" skX="0" skY="0" scX="1" y="-4.850000000000001" scY="1"/>
    </frame>
    <frame z="0" duration="1" tweenEasing="0">
     <transform x="28.6" pX="0" pY="0" skX="0" skY="0" scX="1" y="-3.6000000000000014" scY="1"/>
    </frame>
    <frame z="0" duration="1" tweenEasing="0">
     <transform x="29.85" pX="0" pY="0" skX="0" skY="0" scX="1" y="-1.9499999999999993" scY="1"/>
    </frame>
    <frame z="0" duration="3" tweenEasing="0">
     <transform x="30.3" pX="0" pY="0" skX="0" skY="0" scX="1" y="0" scY="1"/>
    </frame>
    <frame z="0" duration="14" tweenEasing="0">
     <transform x="26.950000000000003" pX="0" pY="0" skX="0" skY="0" scX="1" y="4.75" scY="1"/>
    </frame>
    <frame z="0" duration="1" tweenEasing="0">
     <transform x="3.3499999999999996" pX="0" pY="0" skX="0" skY="0" scX="1" y="4.850000000000001" scY="1"/>
    </frame>
    <frame z="0" duration="1" tweenEasing="0">
     <transform x="1.700000000000001" pX="0" pY="0" skX="0" skY="0" scX="1" y="3.5500000000000007" scY="1"/>
    </frame>
    <frame z="0" duration="1" tweenEasing="0">
     <transform x="0.45000000000000107" pX="0" pY="0" skX="0" skY="0" scX="1" y="1.9499999999999993" scY="1"/>
    </frame>
    <frame z="0" duration="1">
     <transform x="0" pX="0" pY="0" skX="0" skY="0" scX="1" y="0" scY="1"/>
    </frame>
    <frame z="0" duration="1">
     <transform x="0" pX="0" pY="0" skX="0" skY="0" scX="1" y="0" scY="1"/>
    </frame>
   </timeline>
  </animation>
 </armature>
 <armature name="sphere2">
  <skin name="default">
   <slot name="Layer 1" z="0" parent="Layer 1">
    <display name="spheres" type="image">
     <transform x="0" pX="25" pY="25" skX="0" skY="0" scX="1" y="0" scY="1"/>
    </display>
   </slot>
  </skin>
  <bone name="Layer 1">
   <transform y="-24.25" skY="0" x="-15.15" scX="0.77" skX="0" scY="0.77"/>
  </bone>
  <animation name="sphere2" scale="1" loop="1" duration="47" autoTween="NaN" fadeInTime="0.3" tweenEasing="NaN">
   <timeline name="Layer 1" scale="1" pX="0" pY="0" offset="0">
    <frame z="0" duration="1" tweenEasing="0">
     <transform x="0" pX="0" pY="0" skX="0" skY="0" scX="1" y="0" scY="1"/>
    </frame>
    <frame z="0" duration="1" tweenEasing="0">
     <transform x="0.34999999999999964" pX="0" pY="0" skX="0" skY="0" scX="1" y="-1.6499999999999986" scY="1"/>
    </frame>
    <frame z="0" duration="17" tweenEasing="0">
     <transform x="1.25" pX="0" pY="0" skX="0" skY="0" scX="1" y="-3.0500000000000007" scY="1"/>
    </frame>
    <frame z="0" duration="1" tweenEasing="0">
     <transform x="28.15" pX="0" pY="0" skX="0" skY="0" scX="1" y="-4" scY="1"/>
    </frame>
    <frame z="0" duration="1" tweenEasing="0">
     <transform x="29.35" pX="0" pY="0" skX="0" skY="0" scX="1" y="-2.75" scY="1"/>
    </frame>
    <frame z="0" duration="1" tweenEasing="0">
     <transform x="30.05" pX="0" pY="0" skX="0" skY="0" scX="1" y="-1.3500000000000014" scY="1"/>
    </frame>
    <frame z="0" duration="3" tweenEasing="0">
     <transform x="30.15" pX="0" pY="0" skX="0" skY="0" scX="1" y="0.3000000000000007" scY="1"/>
    </frame>
    <frame z="0" duration="1" tweenEasing="0">
     <transform x="27.3" pX="0" pY="0" skX="0" skY="0" scX="1" y="4.449999999999999" scY="1"/>
    </frame>
    <frame z="0" duration="17" tweenEasing="0">
     <transform x="25.9" pX="0" pY="0" skX="0" skY="0" scX="1" y="5.449999999999999" scY="1"/>
    </frame>
    <frame z="0" duration="1" tweenEasing="0">
     <transform x="1.4000000000000004" pX="0" pY="0" skX="0" skY="0" scX="1" y="3.3000000000000007" scY="1"/>
    </frame>
    <frame z="0" duration="1" tweenEasing="0">
     <transform x="0.34999999999999964" pX="0" pY="0" skX="0" skY="0" scX="1" y="1.75" scY="1"/>
    </frame>
    <frame z="0" duration="1">
     <transform x="0" pX="0" pY="0" skX="0" skY="0" scX="1" y="0" scY="1"/>
    </frame>
    <frame z="0" duration="1">
     <transform x="0" pX="0" pY="0" skX="0" skY="0" scX="1" y="0" scY="1"/>
    </frame>
   </timeline>
  </animation>
 </armature>
 <armature name="sphere3">
  <skin name="default">
   <slot name="Layer 1" z="0" parent="Layer 1">
    <display name="spheres" type="image">
     <transform x="0" pX="25" pY="25" skX="0" skY="0" scX="1" y="0" scY="1"/>
    </display>
   </slot>
  </skin>
  <bone name="Layer 1">
   <transform y="-24.25" skY="0" x="-15.15" scX="0.77" skX="0" scY="0.77"/>
  </bone>
  <animation name="sphere3" scale="1" loop="1" fadeInTime="0.3" autoTween="NaN" duration="52" tweenEasing="NaN">
   <timeline name="Layer 1" scale="1" pX="0" pY="0" offset="0">
    <frame z="0" duration="1" tweenEasing="0">
     <transform x="0" pX="0" pY="0" skX="0" skY="0" scX="1" y="0" scY="1"/>
    </frame>
    <frame z="0" duration="1" tweenEasing="0">
     <transform x="0.3000000000000007" pX="0" pY="0" skX="0" skY="0" scX="1" y="-1.5" scY="1"/>
    </frame>
    <frame z="0" duration="20" tweenEasing="0">
     <transform x="1.0999999999999996" pX="0" pY="0" skX="0" skY="0" scX="1" y="-2.8500000000000014" scY="1"/>
    </frame>
    <frame z="0" duration="1" tweenEasing="0">
     <transform x="29.55" pX="0" pY="0" skX="0" skY="0" scX="1" y="-2.4499999999999993" scY="1"/>
    </frame>
    <frame z="0" duration="1" tweenEasing="0">
     <transform x="30.15" pX="0" pY="0" skX="0" skY="0" scX="1" y="-1.1499999999999986" scY="1"/>
    </frame>
    <frame z="0" duration="2" tweenEasing="0">
     <transform x="30.05" pX="0" pY="0" skX="0" skY="0" scX="1" y="0.4499999999999993" scY="1"/>
    </frame>
    <frame z="0" duration="2" tweenEasing="0">
     <transform x="28.4" pX="0" pY="0" skX="0" skY="0" scX="1" y="3.3000000000000007" scY="1"/>
    </frame>
    <frame z="0" duration="19" tweenEasing="0">
     <transform x="25.9" pX="0" pY="0" skX="0" skY="0" scX="1" y="5.449999999999999" scY="1"/>
    </frame>
    <frame z="0" duration="1" tweenEasing="0">
     <transform x="1.9000000000000004" pX="0" pY="0" skX="0" skY="0" scX="1" y="3.8000000000000007" scY="1"/>
    </frame>
    <frame z="0" duration="1" tweenEasing="0">
     <transform x="0.9000000000000004" pX="0" pY="0" skX="0" skY="0" scX="1" y="2.6999999999999993" scY="1"/>
    </frame>
    <frame z="0" duration="1" tweenEasing="0">
     <transform x="0.20000000000000107" pX="0" pY="0" skX="0" skY="0" scX="1" y="1.4499999999999993" scY="1"/>
    </frame>
    <frame z="0" duration="1">
     <transform x="0" pX="0" pY="0" skX="0" skY="0" scX="1" y="0" scY="1"/>
    </frame>
    <frame z="0" duration="1">
     <transform x="0" pX="0" pY="0" skX="0" skY="0" scX="1" y="0" scY="1"/>
    </frame>
   </timeline>
   <frame duration="51"/>
   <frame duration="1"/>
  </animation>
 </armature>
 <armature name="sphere4">
  <skin name="default">
   <slot name="Layer 1" z="0" parent="Layer 1">
    <display name="spheres" type="image">
     <transform x="0" pX="25" pY="25" skX="0" skY="0" scX="1" y="0" scY="1"/>
    </display>
   </slot>
  </skin>
  <bone name="Layer 1">
   <transform y="-24.25" skY="0" x="-15.15" scX="0.77" skX="0" scY="0.77"/>
  </bone>
  <animation name="sphere4" scale="1" loop="1" duration="56" autoTween="NaN" fadeInTime="0.3" tweenEasing="NaN">
   <timeline name="Layer 1" scale="1" pX="0" pY="0" offset="0">
    <frame z="0" duration="1" tweenEasing="0">
     <transform x="0" pX="0" pY="0" skX="0" skY="0" scX="1" y="0" scY="1"/>
    </frame>
    <frame z="0" duration="1" tweenEasing="0">
     <transform x="0.3000000000000007" pX="0" pY="0" skX="0" skY="0" scX="1" y="-1.3999999999999986" scY="1"/>
    </frame>
    <frame z="0" duration="1" tweenEasing="0">
     <transform x="0.9500000000000011" pX="0" pY="0" skX="0" skY="0" scX="1" y="-2.6499999999999986" scY="1"/>
    </frame>
    <frame z="0" duration="20" tweenEasing="0">
     <transform x="1.9000000000000004" pX="0" pY="0" skX="0" skY="0" scX="1" y="-3.75" scY="1"/>
    </frame>
    <frame z="0" duration="1" tweenEasing="0">
     <transform x="28.9" pX="0" pY="0" skX="0" skY="0" scX="1" y="-3.3000000000000007" scY="1"/>
    </frame>
    <frame z="0" duration="1" tweenEasing="0">
     <transform x="29.75" pX="0" pY="0" skX="0" skY="0" scX="1" y="-2.1499999999999986" scY="1"/>
    </frame>
    <frame z="0" duration="1" tweenEasing="0">
     <transform x="30.200000000000003" pX="0" pY="0" skX="0" skY="0" scX="1" y="-0.9499999999999993" scY="1"/>
    </frame>
    <frame z="0" duration="5" tweenEasing="0">
     <transform x="30.05" pX="0" pY="0" skX="0" skY="0" scX="1" y="0.5" scY="1"/>
    </frame>
    <frame z="0" duration="20" tweenEasing="0">
     <transform x="25.9" pX="0" pY="0" skX="0" skY="0" scX="1" y="5.449999999999999" scY="1"/>
    </frame>
    <frame z="0" duration="1" tweenEasing="0">
     <transform x="1.4000000000000004" pX="0" pY="0" skX="0" skY="0" scX="1" y="3.3000000000000007" scY="1"/>
    </frame>
    <frame z="0" duration="1" tweenEasing="0">
     <transform x="0.6500000000000004" pX="0" pY="0" skX="0" skY="0" scX="1" y="2.3000000000000007" scY="1"/>
    </frame>
    <frame z="0" duration="1" tweenEasing="0">
     <transform x="0.15000000000000036" pX="0" pY="0" skX="0" skY="0" scX="1" y="1.1999999999999993" scY="1"/>
    </frame>
    <frame z="0" duration="1">
     <transform x="0" pX="0" pY="0" skX="0" skY="0" scX="1" y="0" scY="1"/>
    </frame>
    <frame z="0" duration="1">
     <transform x="0" pX="0" pY="0" skX="0" skY="0" scX="1" y="0" scY="1"/>
    </frame>
   </timeline>
  </animation>
 </armature>
</root>