<dragonBones name="1yrtforbuffhp" frameRate="30" version="2.3">
 <armature name="Tower1_mc">
  <bone name="Layer 1">
   <transform x="0" y="0" skX="0" skY="0" scX="1" scY="1"/>
  </bone>
  <bone name="Layer 2">
   <transform x="0" y="0" skX="0" skY="0" scX="1" scY="1"/>
  </bone>
  <bone name="selectTower">
   <transform x="0" y="0" skX="0" skY="0" scX="1" scY="1"/>
  </bone>
  <bone name="TowerSphere">
   <transform x="0" y="-15" skX="0" skY="0" scX="1" scY="1"/>
  </bone>
  <bone name="boneBlock">
   <transform x="-3" y="0" skX="0" skY="0" scX="0.51" scY="0.51"/>
  </bone>
  <bone name="blockTower">
   <transform x="0" y="-13" skX="0" skY="0" scX="0.69" scY="0.69"/>
  </bone>
  <bone name="towerCase">
   <transform x="0" y="-15" skX="0" skY="0" scX="0.83" scY="1"/>
  </bone>
  <skin name="default">
   <slot name="Layer 1" parent="Layer 1" z="0">
    <display name="Shape/shape 4433" type="image">
     <transform x="0" y="0" skX="0" skY="0" scX="1" scY="1" pX="26" pY="40"/>
    </display>
   </slot>
   <slot name="Layer 2" parent="Layer 2" z="1">
    <display name="Shape/shape 4435" type="image">
     <transform x="0" y="0" skX="0" skY="0" scX="1" scY="1" pX="14" pY="18"/>
    </display>
    <display name="Shape/shape 4437" type="image">
     <transform x="0" y="0" skX="0" skY="0" scX="1" scY="1" pX="14" pY="18"/>
    </display>
    <display name="Shape/shape 4439" type="image">
     <transform x="0" y="0" skX="0" skY="0" scX="1" scY="1" pX="14" pY="18"/>
    </display>
    <display name="Shape/shape 4441" type="image">
     <transform x="0" y="0" skX="0" skY="0" scX="1" scY="1" pX="14" pY="18"/>
    </display>
    <display name="Shape/shape 4443" type="image">
     <transform x="0" y="0" skX="0" skY="0" scX="1" scY="1" pX="14" pY="18"/>
    </display>
    <display name="Shape/shape 4445" type="image">
     <transform x="0" y="0" skX="0" skY="0" scX="1" scY="1" pX="14" pY="18"/>
    </display>
    <display name="Shape/shape 4447" type="image">
     <transform x="0" y="0" skX="0" skY="0" scX="1" scY="1" pX="14" pY="18"/>
    </display>
    <display name="Shape/shape 4449" type="image">
     <transform x="0" y="0" skX="0" skY="0" scX="1" scY="1" pX="14" pY="18"/>
    </display>
    <display name="Shape/shape 4451" type="image">
     <transform x="0" y="0" skX="0" skY="0" scX="1" scY="1" pX="14" pY="18"/>
    </display>
    <display name="Shape/shape 4453" type="image">
     <transform x="0" y="0" skX="0" skY="0" scX="1" scY="1" pX="14" pY="18"/>
    </display>
    <display name="Shape/shape 4455" type="image">
     <transform x="0" y="0" skX="0" skY="0" scX="1" scY="1" pX="14" pY="18"/>
    </display>
    <display name="Shape/shape 4457" type="image">
     <transform x="0" y="0" skX="0" skY="0" scX="1" scY="1" pX="14" pY="18"/>
    </display>
    <display name="Shape/shape 4459" type="image">
     <transform x="0" y="0" skX="0" skY="0" scX="1" scY="1" pX="14" pY="18"/>
    </display>
    <display name="Shape/shape 4461" type="image">
     <transform x="0" y="0" skX="0" skY="0" scX="1" scY="1" pX="14" pY="18"/>
    </display>
    <display name="Shape/shape 4463" type="image">
     <transform x="0" y="0" skX="0" skY="0" scX="1" scY="1" pX="14" pY="18"/>
    </display>
    <display name="Shape/shape 4465" type="image">
     <transform x="0" y="0" skX="0" skY="0" scX="1" scY="1" pX="14" pY="18"/>
    </display>
    <display name="Shape/shape 4467" type="image">
     <transform x="0" y="0" skX="0" skY="0" scX="1" scY="1" pX="14" pY="18"/>
    </display>
    <display name="Shape/shape 4469" type="image">
     <transform x="0" y="0" skX="0" skY="0" scX="1" scY="1" pX="14" pY="18"/>
    </display>
    <display name="Shape/shape 4471" type="image">
     <transform x="0" y="0" skX="0" skY="0" scX="1" scY="1" pX="14" pY="18"/>
    </display>
    <display name="Shape/shape 4473" type="image">
     <transform x="0" y="0" skX="0" skY="0" scX="1" scY="1" pX="14" pY="18"/>
    </display>
    <display name="Shape/shape 4475" type="image">
     <transform x="0" y="0" skX="0" skY="0" scX="1" scY="1" pX="14" pY="18"/>
    </display>
    <display name="Shape/shape 4477" type="image">
     <transform x="0" y="0" skX="0" skY="0" scX="1" scY="1" pX="14" pY="18"/>
    </display>
    <display name="Shape/shape 4479" type="image">
     <transform x="0" y="0" skX="0" skY="0" scX="1" scY="1" pX="14" pY="18"/>
    </display>
    <display name="Shape/shape 4481" type="image">
     <transform x="0" y="0" skX="0" skY="0" scX="1" scY="1" pX="14" pY="18"/>
    </display>
    <display name="Shape/shape 4482" type="image">
     <transform x="0" y="0" skX="0" skY="0" scX="1" scY="1" pX="14" pY="18"/>
    </display>
   </slot>
   <slot name="selectTower" parent="selectTower" z="2">
    <display name="Sprite/sprite 6426" type="image">
     <transform x="0" y="0" skX="0" skY="0" scX="1" scY="1" pX="29" pY="45"/>
    </display>
   </slot>
   <slot name="TowerSphere" parent="TowerSphere" z="3">
    <display name="Sprite/sprite 6354" type="image">
     <transform x="0" y="0" skX="0" skY="0" scX="1" scY="1" pX="14" pY="18"/>
    </display>
   </slot>
   <slot name="boneBlock" parent="boneBlock" z="4">
    <display name="Sprite/sprite 6383" type="image">
     <transform x="0" y="0" skX="0" skY="0" scX="1" scY="1" pX="14" pY="18"/>
    </display>
   </slot>
   <slot name="blockTower" parent="blockTower" z="5">
    <display name="Sprite/sprite 6422" type="image">
     <transform x="0" y="0" skX="0" skY="0" scX="1" scY="1" pX="14" pY="18"/>
    </display>
   </slot>
   <slot name="towerCase" parent="towerCase" z="6">
    <display name="Sprite/sprite 47" type="image">
     <transform x="0" y="0" skX="0" skY="0" scX="1" scY="1" pX="14" pY="18"/>
    </display>
   </slot>
  </skin>
  <animation name="Tower1_mc" fadeInTime="0.3" duration="25" scale="1" loop="1" autoTween="1" tweenEasing="NaN">
   <timeline name="Layer 1" scale="1" offset="0">
    <frame z="0" duration="25">
     <transform x="0" y="0" skX="0" skY="0" scX="1" scY="1" pX="0" pY="0"/>
    </frame>
   </timeline>
   <timeline name="Layer 2" scale="1" offset="0">
    <frame z="1" duration="1">
     <transform x="0" y="0" skX="0" skY="0" scX="1" scY="1" pX="0" pY="0"/>
    </frame>
    <frame z="1" displayIndex="1" duration="1">
     <transform x="0" y="0" skX="0" skY="0" scX="1" scY="1" pX="0" pY="0"/>
    </frame>
    <frame z="1" displayIndex="2" duration="1">
     <transform x="0" y="0" skX="0" skY="0" scX="1" scY="1" pX="0" pY="0"/>
    </frame>
    <frame z="1" displayIndex="3" duration="1">
     <transform x="0" y="0" skX="0" skY="0" scX="1" scY="1" pX="0" pY="0"/>
    </frame>
    <frame z="1" displayIndex="4" duration="1">
     <transform x="0" y="0" skX="0" skY="0" scX="1" scY="1" pX="0" pY="0"/>
    </frame>
    <frame z="1" displayIndex="5" duration="1">
     <transform x="0" y="0" skX="0" skY="0" scX="1" scY="1" pX="0" pY="0"/>
    </frame>
    <frame z="1" displayIndex="6" duration="1">
     <transform x="0" y="0" skX="0" skY="0" scX="1" scY="1" pX="0" pY="0"/>
    </frame>
    <frame z="1" displayIndex="7" duration="1">
     <transform x="0" y="0" skX="0" skY="0" scX="1" scY="1" pX="0" pY="0"/>
    </frame>
    <frame z="1" displayIndex="8" duration="1">
     <transform x="0" y="0" skX="0" skY="0" scX="1" scY="1" pX="0" pY="0"/>
    </frame>
    <frame z="1" displayIndex="9" duration="1">
     <transform x="0" y="0" skX="0" skY="0" scX="1" scY="1" pX="0" pY="0"/>
    </frame>
    <frame z="1" displayIndex="10" duration="1">
     <transform x="0" y="0" skX="0" skY="0" scX="1" scY="1" pX="0" pY="0"/>
    </frame>
    <frame z="1" displayIndex="11" duration="1">
     <transform x="0" y="0" skX="0" skY="0" scX="1" scY="1" pX="0" pY="0"/>
    </frame>
    <frame z="1" displayIndex="12" duration="1">
     <transform x="0" y="0" skX="0" skY="0" scX="1" scY="1" pX="0" pY="0"/>
    </frame>
    <frame z="1" displayIndex="13" duration="1">
     <transform x="0" y="0" skX="0" skY="0" scX="1" scY="1" pX="0" pY="0"/>
    </frame>
    <frame z="1" displayIndex="14" duration="1">
     <transform x="0" y="0" skX="0" skY="0" scX="1" scY="1" pX="0" pY="0"/>
    </frame>
    <frame z="1" displayIndex="15" duration="1">
     <transform x="0" y="0" skX="0" skY="0" scX="1" scY="1" pX="0" pY="0"/>
    </frame>
    <frame z="1" displayIndex="16" duration="1">
     <transform x="0" y="0" skX="0" skY="0" scX="1" scY="1" pX="0" pY="0"/>
    </frame>
    <frame z="1" displayIndex="17" duration="1">
     <transform x="0" y="0" skX="0" skY="0" scX="1" scY="1" pX="0" pY="0"/>
    </frame>
    <frame z="1" displayIndex="18" duration="1">
     <transform x="0" y="0" skX="0" skY="0" scX="1" scY="1" pX="0" pY="0"/>
    </frame>
    <frame z="1" displayIndex="19" duration="1">
     <transform x="0" y="0" skX="0" skY="0" scX="1" scY="1" pX="0" pY="0"/>
    </frame>
    <frame z="1" displayIndex="20" duration="1">
     <transform x="0" y="0" skX="0" skY="0" scX="1" scY="1" pX="0" pY="0"/>
    </frame>
    <frame z="1" displayIndex="21" duration="1">
     <transform x="0" y="0" skX="0" skY="0" scX="1" scY="1" pX="0" pY="0"/>
    </frame>
    <frame z="1" displayIndex="22" duration="1">
     <transform x="0" y="0" skX="0" skY="0" scX="1" scY="1" pX="0" pY="0"/>
    </frame>
    <frame z="1" displayIndex="23" duration="1">
     <transform x="0" y="0" skX="0" skY="0" scX="1" scY="1" pX="0" pY="0"/>
    </frame>
    <frame z="1" displayIndex="24" duration="1">
     <transform x="0" y="0" skX="0" skY="0" scX="1" scY="1" pX="0" pY="0"/>
    </frame>
   </timeline>
   <timeline name="selectTower" scale="1" offset="0">
    <frame z="2" duration="25">
     <transform x="0" y="0" skX="0" skY="0" scX="1" scY="1" pX="0" pY="0"/>
    </frame>
   </timeline>
   <timeline name="TowerSphere" scale="1" offset="0">
    <frame z="3" duration="25">
     <transform x="0" y="-15" skX="0" skY="0" scX="1" scY="1" pX="0" pY="0"/>
    </frame>
   </timeline>
   <timeline name="boneBlock" scale="1" offset="0">
    <frame z="4" duration="25">
     <transform x="-3" y="0" skX="0" skY="0" scX="0.51" scY="0.51" pX="0" pY="0"/>
    </frame>
   </timeline>
   <timeline name="blockTower" scale="1" offset="0">
    <frame z="5" duration="25">
     <transform x="0" y="-13" skX="0" skY="0" scX="0.69" scY="0.69" pX="0" pY="0"/>
    </frame>
   </timeline>
   <timeline name="towerCase" scale="1" offset="0">
    <frame z="6" duration="25">
     <transform x="0" y="-15" skX="0" skY="0" scX="0.83" scY="1" pX="0" pY="0"/>
    </frame>
   </timeline>
  </animation>
 </armature>
</dragonBones>