<root name="worldCast_mc" isGlobal="0" frameRate="30" version="3.0">
 <armature name="worldCast_mc">
  <skin name="default">
   <slot name="bg2" z="0" parent="bg2">
    <display name="__dbTextures/worldCast_mc/bg2_0" type="image">
     <transform scX="1" x="-153" scY="1" y="-14.5" pX="0" pY="0" skX="0" skY="0"/>
    </display>
   </slot>
   <slot name="bg1" z="1" parent="bg1">
    <display name="__dbTextures/worldCast_mc/bg1_0" type="image">
     <transform scX="1" x="-108.5" scY="1" y="-40" pX="0" pY="0" skX="0" skY="0"/>
    </display>
   </slot>
   <slot name="butCastGolem" z="2" parent="butCastGolem">
    <display name="butCastGolem" type="armature">
     <transform scX="1" x="0" skX="0" scY="1" y="0" skY="0"/>
    </display>
   </slot>
   <slot name="butCastIceman" z="3" parent="butCastIceman">
    <display name="butCastIceman" type="armature">
     <transform scX="1" x="0" skX="0" scY="1" y="0" skY="0"/>
    </display>
   </slot>
   <slot name="butCastAir" z="4" parent="butCastAir">
    <display name="butCastAir" type="armature">
     <transform scX="1" x="0" skX="0" scY="1" y="0" skY="0"/>
    </display>
   </slot>
  </skin>
  <bone name="butCastGolem">
   <transform scX="1" x="44" skX="0" scY="1" y="-21.9" skY="0"/>
  </bone>
  <bone name="bg1">
   <transform scX="1" x="108.4" skX="0" scY="1" y="-20.4" skY="0"/>
  </bone>
  <bone name="bg2">
   <transform scX="1" x="114" skX="0" scY="1" y="11.5" skY="0"/>
  </bone>
  <bone name="butCastIceman">
   <transform scX="1" x="111" skX="0" scY="1" y="-21.9" skY="0"/>
  </bone>
  <bone name="butCastAir">
   <transform scX="1" x="177" skX="0" scY="1" y="-22.9" skY="0"/>
  </bone>
  <animation fadeInTime="0.3" scale="1" loop="1" autoTween="NaN" name="worldCast_mc" duration="1" tweenEasing="NaN">
   <timeline pX="0" name="bg2" pY="0" scale="1" offset="0">
    <frame z="0" duration="1" tweenEasing="NaN">
     <transform scX="1" x="0" scY="1" y="0" pX="0" pY="0" skX="0" skY="0"/>
    </frame>
   </timeline>
   <timeline pX="0" name="bg1" pY="0" scale="1" offset="0">
    <frame z="0" duration="1" tweenEasing="NaN">
     <transform scX="1" x="0" scY="1" y="0" pX="0" pY="0" skX="0" skY="0"/>
    </frame>
   </timeline>
   <timeline pX="0" name="butCastGolem" pY="0" scale="1" offset="0">
    <frame z="0" duration="1">
     <transform scX="1" x="0" scY="1" y="0" pX="0" pY="0" skX="0" skY="0"/>
    </frame>
   </timeline>
   <timeline pX="0" name="butCastIceman" pY="0" scale="1" offset="0">
    <frame z="0" duration="1">
     <transform scX="1" x="0" scY="1" y="0" pX="0" pY="0" skX="0" skY="0"/>
    </frame>
   </timeline>
   <timeline pX="0" name="butCastAir" pY="0" scale="1" offset="0">
    <frame z="0" duration="1">
     <transform scX="1" x="0" scY="1" y="0" pX="0" pY="0" skX="0" skY="0"/>
    </frame>
   </timeline>
  </animation>
 </armature>
 <armature name="butCastGolem">
  <skin name="default">
   <slot name="cont" z="0" parent="cont">
    <display name="butCastGolem.cont" type="image">
     <transform scX="1" x="0" scY="1" y="0" pX="19.5" pY="19" skX="0" skY="0"/>
    </display>
    <display name="Shape/shape 12641" type="image">
     <transform scX="1" x="0" scY="1" y="0" pX="21" pY="3" skX="0" skY="0"/>
    </display>
   </slot>
   <slot name="Layer 2" z="1" parent="Layer 2">
    <display name="Shape/shape 12632" type="image">
     <transform scX="1" x="0" scY="1" y="0" pX="19" pY="19" skX="0" skY="0"/>
    </display>
   </slot>
   <slot name="castGolemCase" z="2" parent="castGolemCase">
    <display name="butCase" type="image">
     <transform scX="1" x="0" scY="1" y="0" pX="25" pY="25" skX="0" skY="0"/>
    </display>
   </slot>
  </skin>
  <bone name="cont">
   <transform scX="1" x="0" skX="0" scY="1" y="0" skY="0"/>
  </bone>
  <bone name="Layer 2">
   <transform scX="1" x="0" skX="0" scY="1" y="0" skY="0"/>
  </bone>
  <bone name="castGolemCase">
   <transform scX="0.78" x="-0.1" skX="0" scY="0.78" y="-0.05" skY="0"/>
  </bone>
  <animation fadeInTime="0.3" scale="1" loop="1" autoTween="NaN" name="butCastGolem" duration="6" tweenEasing="NaN">
   <timeline pX="0" name="cont" pY="0" scale="1" offset="0">
    <frame displayIndex="-1" duration="3"/>
    <frame z="0" duration="1">
     <transform scX="1" x="0" scY="1" y="0" pX="0" pY="0" skX="0" skY="0"/>
    </frame>
    <frame z="0" displayIndex="1" duration="1" tweenEasing="0">
     <transform scX="1" x="0" scY="1" y="0" pX="0" pY="0" skX="0" skY="0"/>
    </frame>
    <frame displayIndex="1" z="0" duration="1">
     <transform scX="1.2" x="-0.2" scY="1.2" y="-3.8" pX="0" pY="0" skX="0" skY="0"/>
    </frame>
   </timeline>
   <timeline pX="0" name="Layer 2" pY="0" scale="1" offset="0">
    <frame z="0" duration="3">
     <transform scX="1" x="0" scY="1" y="0" pX="0" pY="0" skX="0" skY="0"/>
    </frame>
    <frame displayIndex="-1" duration="3"/>
   </timeline>
   <timeline pX="0" name="castGolemCase" pY="0" scale="1" offset="0">
    <frame z="0" duration="6">
     <transform scX="1" x="0" scY="1" y="0" pX="0" pY="0" skX="0" skY="0"/>
    </frame>
   </timeline>
  </animation>
 </armature>
 <armature name="butCastIceman">
  <skin name="default">
   <slot name="cont" z="0" parent="cont">
    <display name="butCastIceman.cont" type="image">
     <transform scX="1" x="0" scY="1" y="0" pX="19.5" pY="19" skX="0" skY="0"/>
    </display>
    <display name="Shape/shape 12641" type="image">
     <transform scX="1" x="0" scY="1" y="0" pX="21" pY="3" skX="0" skY="0"/>
    </display>
   </slot>
   <slot name="Layer 2" z="1" parent="Layer 2">
    <display name="Shape/shape 12643" type="image">
     <transform scX="1" x="0" scY="1" y="0" pX="19" pY="19" skX="0" skY="0"/>
    </display>
   </slot>
   <slot name="castIcemanCase" z="2" parent="castIcemanCase">
    <display name="butCase" type="image">
     <transform scX="1" x="0" scY="1" y="0" pX="25" pY="25" skX="0" skY="0"/>
    </display>
   </slot>
  </skin>
  <bone name="cont">
   <transform scX="1" x="0" skX="0" scY="1" y="0" skY="0"/>
  </bone>
  <bone name="Layer 2">
   <transform scX="1" x="0" skX="0" scY="1" y="0" skY="0"/>
  </bone>
  <bone name="castIcemanCase">
   <transform scX="0.78" x="-0.1" skX="0" scY="0.78" y="-0.05" skY="0"/>
  </bone>
  <animation fadeInTime="0.3" scale="1" loop="1" autoTween="NaN" name="butCastIceman" duration="6" tweenEasing="NaN">
   <timeline pX="0" name="cont" pY="0" scale="1" offset="0">
    <frame displayIndex="-1" duration="3"/>
    <frame z="0" duration="1">
     <transform scX="1" x="0" scY="1" y="0" pX="0" pY="0" skX="0" skY="0"/>
    </frame>
    <frame z="0" displayIndex="1" duration="1" tweenEasing="0">
     <transform scX="1" x="0" scY="1" y="0" pX="0" pY="0" skX="0" skY="0"/>
    </frame>
    <frame displayIndex="1" z="0" duration="1">
     <transform scX="1.2" x="-0.2" scY="1.2" y="-3.8" pX="0" pY="0" skX="0" skY="0"/>
    </frame>
   </timeline>
   <timeline pX="0" name="Layer 2" pY="0" scale="1" offset="0">
    <frame z="0" duration="3">
     <transform scX="1" x="0" scY="1" y="0" pX="0" pY="0" skX="0" skY="0"/>
    </frame>
    <frame displayIndex="-1" duration="3"/>
   </timeline>
   <timeline pX="0" name="castIcemanCase" pY="0" scale="1" offset="0">
    <frame z="0" duration="6">
     <transform scX="1" x="0" scY="1" y="0" pX="0" pY="0" skX="0" skY="0"/>
    </frame>
   </timeline>
  </animation>
 </armature>
 <armature name="butCastAir">
  <skin name="default">
   <slot name="cont" z="0" parent="cont">
    <display name="butCastAir.cont" type="armature">
     <transform scX="1" x="0" skX="0" scY="1" y="0" skY="0"/>
    </display>
    <display name="Shape/shape 12641" type="image">
     <transform scX="1" x="0" scY="1" y="0" pX="21" pY="3" skX="0" skY="0"/>
    </display>
   </slot>
   <slot name="Layer 2" z="1" parent="Layer 2">
    <display name="Shape/shape 12648" type="image">
     <transform scX="1" x="0" scY="1" y="0" pX="19" pY="19" skX="0" skY="0"/>
    </display>
   </slot>
   <slot name="castAirCase" z="2" parent="castAirCase">
    <display name="butCase" type="image">
     <transform scX="1" x="0" scY="1" y="0" pX="25" pY="25" skX="0" skY="0"/>
    </display>
   </slot>
  </skin>
  <bone name="cont">
   <transform scX="1" x="0" skX="0" scY="1" y="0" skY="0"/>
  </bone>
  <bone name="Layer 2">
   <transform scX="1" x="0" skX="0" scY="1" y="0" skY="0"/>
  </bone>
  <bone name="castAirCase">
   <transform scX="0.78" x="-0.1" skX="0" scY="0.78" y="-0.05" skY="0"/>
  </bone>
  <animation fadeInTime="0.3" scale="1" loop="1" autoTween="NaN" name="butCastAir" duration="7" tweenEasing="NaN">
   <timeline pX="0" name="cont" pY="0" scale="1" offset="0">
    <frame displayIndex="-1" duration="3"/>
    <frame z="0" duration="1">
     <transform scX="1" x="0" scY="1" y="0" pX="0" pY="0" skX="0" skY="0"/>
    </frame>
    <frame z="0" displayIndex="1" duration="1" tweenEasing="0">
     <transform scX="1" x="0" scY="1" y="0" pX="0" pY="0" skX="0" skY="0"/>
    </frame>
    <frame displayIndex="1" z="0" duration="1">
     <transform scX="1.2" x="-0.2" scY="1.2" y="-3.8" pX="0" pY="0" skX="0" skY="0"/>
    </frame>
    <frame displayIndex="1" z="0" duration="1">
     <transform scX="1.2" x="-0.2" scY="1.2" y="-3.8" pX="0" pY="0" skX="0" skY="0"/>
    </frame>
   </timeline>
   <timeline pX="0" name="Layer 2" pY="0" scale="1" offset="0">
    <frame z="0" duration="3">
     <transform scX="1" x="0" scY="1" y="0" pX="0" pY="0" skX="0" skY="0"/>
    </frame>
    <frame displayIndex="-1" duration="4"/>
   </timeline>
   <timeline pX="0" name="castAirCase" pY="0" scale="1" offset="0">
    <frame z="0" duration="6">
     <transform scX="1" x="0" scY="1" y="0" pX="0" pY="0" skX="0" skY="0"/>
    </frame>
    <frame z="0" duration="1">
     <transform scX="1" x="0" scY="1" y="0" pX="0" pY="0" skX="0" skY="0"/>
    </frame>
   </timeline>
  </animation>
 </armature>
 <armature name="butCastAir.cont">
  <skin name="default">
   <slot name="bg" z="0" parent="bg">
    <display name="Shape/shape 12636" type="image">
     <transform scX="1" x="0" scY="1" y="0" pX="19" pY="19" skX="0" skY="0"/>
    </display>
   </slot>
   <slot name="cont" z="1" parent="cont">
    <display name="butCastAir.cont.cont" type="image">
     <transform scX="1" x="0" scY="1" y="0" pX="19" pY="19" skX="0" skY="0"/>
    </display>
   </slot>
   <slot name="contMask" z="2" parent="contMask">
    <display name="butCast.contMask" type="image">
     <transform scX="1" x="0" scY="1" y="0" pX="19.5" pY="38" skX="0" skY="0"/>
    </display>
   </slot>
  </skin>
  <bone name="bg">
   <transform scX="1" x="0" skX="0" scY="1" y="0" skY="0"/>
  </bone>
  <bone name="cont">
   <transform scX="1" x="0" skX="0" scY="1" y="0" skY="0"/>
  </bone>
  <bone name="contMask">
   <transform scX="1" x="0" skX="0.05" scY="1" y="19" skY="0"/>
  </bone>
  <animation name="contMask" scale="5" loop="0" autoTween="NaN" fadeInTime="0.3" duration="2" tweenEasing="2">
   <timeline pX="0" name="bg" pY="0" scale="1" offset="0">
    <frame z="0" duration="1">
     <transform scX="1" x="0" scY="1" y="0" pX="0" pY="0" skX="0" skY="0"/>
    </frame>
    <frame z="0" duration="1">
     <transform scX="1" x="0" scY="1" y="0" pX="0" pY="0" skX="0" skY="0"/>
    </frame>
   </timeline>
   <timeline pX="0" name="cont" pY="0" scale="1" offset="0">
    <frame z="0" duration="1">
     <transform scX="1" x="0" scY="1" y="0" pX="0" pY="0" skX="0" skY="0"/>
    </frame>
    <frame z="0" duration="1">
     <transform scX="1" x="0" scY="1" y="0" pX="0" pY="0" skX="0" skY="0"/>
    </frame>
   </timeline>
   <timeline pX="0" name="contMask" pY="0" scale="1" offset="0">
    <frame z="0" duration="1">
     <transform scX="1" x="0" scY="1" y="0" pX="0" pY="0" skX="0" skY="0"/>
    </frame>
    <frame z="0" duration="1">
     <transform scX="1" x="0" scY="1" y="0" pX="0" pY="0" skX="0" skY="0"/>
    </frame>
   </timeline>
   <frame duration="1"/>
   <frame duration="1"/>
  </animation>
 </armature>
</root>