<dragonBones name="1yrt" frameRate="30" version="2.3">
 <armature name="CastStone_mc">
  <bone name="Layer 1">
   <transform x="0" y="0" skX="0" skY="0" scX="1" scY="1"/>
  </bone>
  <skin name="default">
   <slot name="Layer 1" parent="Layer 1" z="0">
    <display name="Shape/shape 7022" type="image">
     <transform x="0" y="0" skX="0" skY="0" scX="1" scY="1" pX="64" pY="73"/>
    </display>
    <display name="Shape/shape 7024" type="image">
     <transform x="0" y="0" skX="0" skY="0" scX="1" scY="1" pX="64" pY="73"/>
    </display>
    <display name="Shape/shape 7026" type="image">
     <transform x="0" y="0" skX="0" skY="0" scX="1" scY="1" pX="64" pY="73"/>
    </display>
    <display name="Shape/shape 7028" type="image">
     <transform x="0" y="0" skX="0" skY="0" scX="1" scY="1" pX="64" pY="73"/>
    </display>
    <display name="Shape/shape 7030" type="image">
     <transform x="0" y="0" skX="0" skY="0" scX="1" scY="1" pX="64" pY="73"/>
    </display>
    <display name="Shape/shape 7032" type="image">
     <transform x="0" y="0" skX="0" skY="0" scX="1" scY="1" pX="64" pY="73"/>
    </display>
    <display name="Shape/shape 7034" type="image">
     <transform x="0" y="0" skX="0" skY="0" scX="1" scY="1" pX="64" pY="73"/>
    </display>
    <display name="Shape/shape 7036" type="image">
     <transform x="0" y="0" skX="0" skY="0" scX="1" scY="1" pX="64" pY="73"/>
    </display>
    <display name="Shape/shape 7038" type="image">
     <transform x="0" y="0" skX="0" skY="0" scX="1" scY="1" pX="64" pY="73"/>
    </display>
    <display name="Shape/shape 7040" type="image">
     <transform x="0" y="0" skX="0" skY="0" scX="1" scY="1" pX="64" pY="73"/>
    </display>
    <display name="Shape/shape 7042" type="image">
     <transform x="0" y="0" skX="0" skY="0" scX="1" scY="1" pX="64" pY="73"/>
    </display>
    <display name="Shape/shape 7044" type="image">
     <transform x="0" y="0" skX="0" skY="0" scX="1" scY="1" pX="64" pY="73"/>
    </display>
    <display name="Shape/shape 7046" type="image">
     <transform x="0" y="0" skX="0" skY="0" scX="1" scY="1" pX="64" pY="73"/>
    </display>
   </slot>
  </skin>
  <animation name="CastStone_mc" fadeInTime="0.3" duration="27" scale="1" loop="1" autoTween="1" tweenEasing="NaN">
   <timeline name="Layer 1" scale="1" offset="0">
    <frame z="0" duration="1">
     <transform x="0" y="0" skX="0" skY="0" scX="1" scY="1" pX="0" pY="0"/>
    </frame>
    <frame z="0" displayIndex="1" duration="1">
     <transform x="0" y="0" skX="0" skY="0" scX="1" scY="1" pX="0" pY="0"/>
    </frame>
    <frame z="0" displayIndex="2" duration="1">
     <transform x="0" y="0" skX="0" skY="0" scX="1" scY="1" pX="0" pY="0"/>
    </frame>
    <frame z="0" displayIndex="3" duration="2">
     <transform x="0" y="0" skX="0" skY="0" scX="1" scY="1" pX="0" pY="0"/>
    </frame>
    <frame z="0" displayIndex="4" duration="2">
     <transform x="0" y="0" skX="0" skY="0" scX="1" scY="1" pX="0" pY="0"/>
    </frame>
    <frame z="0" displayIndex="5" duration="2">
     <transform x="0" y="0" skX="0" skY="0" scX="1" scY="1" pX="0" pY="0"/>
    </frame>
    <frame z="0" displayIndex="6" duration="2">
     <transform x="0" y="0" skX="0" skY="0" scX="1" scY="1" pX="0" pY="0"/>
    </frame>
    <frame z="0" displayIndex="7" duration="2">
     <transform x="0" y="0" skX="0" skY="0" scX="1" scY="1" pX="0" pY="0"/>
    </frame>
    <frame z="0" displayIndex="8" duration="2">
     <transform x="0" y="0" skX="0" skY="0" scX="1" scY="1" pX="0" pY="0"/>
    </frame>
    <frame z="0" displayIndex="9" duration="2">
     <transform x="0" y="0" skX="0" skY="0" scX="1" scY="1" pX="0" pY="0"/>
    </frame>
    <frame z="0" displayIndex="10" duration="3">
     <transform x="0" y="0" skX="0" skY="0" scX="1" scY="1" pX="0" pY="0"/>
    </frame>
    <frame z="0" displayIndex="11" duration="3">
     <transform x="0" y="0" skX="0" skY="0" scX="1" scY="1" pX="0" pY="0"/>
    </frame>
    <frame z="0" displayIndex="12" duration="3">
     <transform x="0" y="0" skX="0" skY="0" scX="1" scY="1" pX="0" pY="0"/>
    </frame>
    <frame z="0" displayIndex="12" duration="1">
     <transform x="0" y="0" skX="0" skY="0" scX="0.01" scY="0.01" pX="0" pY="0"/>
     <colorTransform aO="0" rO="0" gO="0" bO="0" aM="0" rM="100" gM="100" bM="100"/>
    </frame>
   </timeline>
  </animation>
 </armature>
</dragonBones>