<TextureAtlas name="CastLevin_mc" imagePath="texture.png">
 <SubTexture name="Shape/shape 7160" x="246" y="105" width="121" height="103"/>
 <SubTexture name="Shape/shape 7162" x="0" y="105" width="121" height="103"/>
 <SubTexture name="Shape/shape 7164" x="246" y="0" width="121" height="103"/>
 <SubTexture name="Shape/shape 7166" x="123" y="0" width="121" height="103"/>
 <SubTexture name="Shape/shape 7168" x="246" y="210" width="121" height="103"/>
 <SubTexture name="Shape/shape 7170" x="369" y="0" width="121" height="103"/>
 <SubTexture name="Shape/shape 7172" x="0" y="210" width="121" height="103"/>
 <SubTexture name="Shape/shape 7174" x="123" y="210" width="121" height="103"/>
 <SubTexture name="Shape/shape 7176" x="369" y="105" width="121" height="103"/>
 <SubTexture name="Shape/shape 7178" x="0" y="0" width="121" height="103"/>
 <SubTexture name="Shape/shape 7180" x="123" y="105" width="121" height="103"/>
</TextureAtlas>