<root name="Golem2HorisontDeath_mc" isGlobal="0" frameRate="30" version="3.0">
 <armature name="Golem2HorisontDeath_mc">
  <skin name="default">
   <slot name="cont" z="0" parent="cont">
    <display name="Shape/shape 1781" type="image">
     <transform scX="1" x="0" scY="1" y="0" pX="74" pY="80" skX="0" skY="0"/>
    </display>
    <display name="Shape/shape 1783" type="image">
     <transform scX="1" x="0" scY="1" y="0" pX="74" pY="80" skX="0" skY="0"/>
    </display>
    <display name="Shape/shape 1785" type="image">
     <transform scX="1" x="0" scY="1" y="0" pX="74" pY="80" skX="0" skY="0"/>
    </display>
    <display name="Shape/shape 1787" type="image">
     <transform scX="1" x="0" scY="1" y="0" pX="74" pY="80" skX="0" skY="0"/>
    </display>
    <display name="Shape/shape 1789" type="image">
     <transform scX="1" x="0" scY="1" y="0" pX="74" pY="80" skX="0" skY="0"/>
    </display>
    <display name="Shape/shape 1791" type="image">
     <transform scX="1" x="0" scY="1" y="0" pX="74" pY="80" skX="0" skY="0"/>
    </display>
    <display name="Shape/shape 1793" type="image">
     <transform scX="1" x="0" scY="1" y="0" pX="74" pY="80" skX="0" skY="0"/>
    </display>
    <display name="Shape/shape 1795" type="image">
     <transform scX="1" x="0" scY="1" y="0" pX="74" pY="80" skX="0" skY="0"/>
    </display>
    <display name="Shape/shape 1797" type="image">
     <transform scX="1" x="0" scY="1" y="0" pX="74" pY="80" skX="0" skY="0"/>
    </display>
    <display name="Shape/shape 1799" type="image">
     <transform scX="1" x="0" scY="1" y="0" pX="74" pY="80" skX="0" skY="0"/>
    </display>
    <display name="Shape/shape 1801" type="image">
     <transform scX="1" x="0" scY="1" y="0" pX="74" pY="80" skX="0" skY="0"/>
    </display>
    <display name="Shape/shape 1803" type="image">
     <transform scX="1" x="0" scY="1" y="0" pX="74" pY="80" skX="0" skY="0"/>
    </display>
    <display name="Shape/shape 1805" type="image">
     <transform scX="1" x="0" scY="1" y="0" pX="74" pY="80" skX="0" skY="0"/>
    </display>
    <display name="Shape/shape 1807" type="image">
     <transform scX="1" x="0" scY="1" y="0" pX="74" pY="80" skX="0" skY="0"/>
    </display>
    <display name="Shape/shape 1809" type="image">
     <transform scX="1" x="0" scY="1" y="0" pX="74" pY="80" skX="0" skY="0"/>
    </display>
    <display name="Shape/shape 1811" type="image">
     <transform scX="1" x="0" scY="1" y="0" pX="74" pY="80" skX="0" skY="0"/>
    </display>
    <display name="Shape/shape 1813" type="image">
     <transform scX="1" x="0" scY="1" y="0" pX="74" pY="80" skX="0" skY="0"/>
    </display>
    <display name="Shape/shape 1815" type="image">
     <transform scX="1" x="0" scY="1" y="0" pX="74" pY="80" skX="0" skY="0"/>
    </display>
    <display name="Shape/shape 1817" type="image">
     <transform scX="1" x="0" scY="1" y="0" pX="74" pY="80" skX="0" skY="0"/>
    </display>
    <display name="Shape/shape 1819" type="image">
     <transform scX="1" x="0" scY="1" y="0" pX="74" pY="80" skX="0" skY="0"/>
    </display>
    <display name="Shape/shape 1821" type="image">
     <transform scX="1" x="0" scY="1" y="0" pX="74" pY="80" skX="0" skY="0"/>
    </display>
    <display name="Shape/shape 1823" type="image">
     <transform scX="1" x="0" scY="1" y="0" pX="74" pY="80" skX="0" skY="0"/>
    </display>
    <display name="Shape/shape 1825" type="image">
     <transform scX="1" x="0" scY="1" y="0" pX="74" pY="80" skX="0" skY="0"/>
    </display>
    <display name="Shape/shape 1827" type="image">
     <transform scX="1" x="0" scY="1" y="0" pX="74" pY="80" skX="0" skY="0"/>
    </display>
    <display name="Shape/shape 1829" type="image">
     <transform scX="1" x="0" scY="1" y="0" pX="74" pY="80" skX="0" skY="0"/>
    </display>
    <display name="Shape/shape 1831" type="image">
     <transform scX="1" x="0" scY="1" y="0" pX="74" pY="80" skX="0" skY="0"/>
    </display>
    <display name="Shape/shape 1833" type="image">
     <transform scX="1" x="0" scY="1" y="0" pX="74" pY="80" skX="0" skY="0"/>
    </display>
    <display name="Shape/shape 1835" type="image">
     <transform scX="1" x="0" scY="1" y="0" pX="74" pY="80" skX="0" skY="0"/>
    </display>
   </slot>
  </skin>
  <bone name="cont">
   <transform scX="1" x="0" skX="0" scY="1" y="0" skY="0"/>
  </bone>
  <animation fadeInTime="0.3" scale="1" loop="1" autoTween="NaN" name="Golem2HorisontDeath_mc" duration="46" tweenEasing="NaN">
   <timeline pX="0" name="cont" pY="0" scale="1" offset="0">
    <frame z="0" duration="1">
     <transform scX="1" x="0" scY="1" y="0" pX="0" pY="0" skX="0" skY="0"/>
    </frame>
    <frame displayIndex="1" z="0" duration="1">
     <transform scX="1" x="0" scY="1" y="0" pX="0" pY="0" skX="0" skY="0"/>
    </frame>
    <frame displayIndex="2" z="0" duration="1">
     <transform scX="1" x="0" scY="1" y="0" pX="0" pY="0" skX="0" skY="0"/>
    </frame>
    <frame displayIndex="3" z="0" duration="1">
     <transform scX="1" x="0" scY="1" y="0" pX="0" pY="0" skX="0" skY="0"/>
    </frame>
    <frame displayIndex="4" z="0" duration="1">
     <transform scX="1" x="0" scY="1" y="0" pX="0" pY="0" skX="0" skY="0"/>
    </frame>
    <frame displayIndex="5" z="0" duration="1">
     <transform scX="1" x="0" scY="1" y="0" pX="0" pY="0" skX="0" skY="0"/>
    </frame>
    <frame displayIndex="6" z="0" duration="1">
     <transform scX="1" x="0" scY="1" y="0" pX="0" pY="0" skX="0" skY="0"/>
    </frame>
    <frame displayIndex="7" z="0" duration="1">
     <transform scX="1" x="0" scY="1" y="0" pX="0" pY="0" skX="0" skY="0"/>
    </frame>
    <frame displayIndex="8" z="0" duration="1">
     <transform scX="1" x="0" scY="1" y="0" pX="0" pY="0" skX="0" skY="0"/>
    </frame>
    <frame displayIndex="9" z="0" duration="1">
     <transform scX="1" x="0" scY="1" y="0" pX="0" pY="0" skX="0" skY="0"/>
    </frame>
    <frame displayIndex="10" z="0" duration="1">
     <transform scX="1" x="0" scY="1" y="0" pX="0" pY="0" skX="0" skY="0"/>
    </frame>
    <frame displayIndex="11" z="0" duration="2">
     <transform scX="1" x="0" scY="1" y="0" pX="0" pY="0" skX="0" skY="0"/>
    </frame>
    <frame displayIndex="12" z="0" duration="2">
     <transform scX="1" x="0" scY="1" y="0" pX="0" pY="0" skX="0" skY="0"/>
    </frame>
    <frame displayIndex="13" z="0" duration="2">
     <transform scX="1" x="0" scY="1" y="0" pX="0" pY="0" skX="0" skY="0"/>
    </frame>
    <frame displayIndex="14" z="0" duration="2">
     <transform scX="1" x="0" scY="1" y="0" pX="0" pY="0" skX="0" skY="0"/>
    </frame>
    <frame displayIndex="15" z="0" duration="2">
     <transform scX="1" x="0" scY="1" y="0" pX="0" pY="0" skX="0" skY="0"/>
    </frame>
    <frame displayIndex="16" z="0" duration="2">
     <transform scX="1" x="0" scY="1" y="0" pX="0" pY="0" skX="0" skY="0"/>
    </frame>
    <frame displayIndex="17" z="0" duration="2">
     <transform scX="1" x="0" scY="1" y="0" pX="0" pY="0" skX="0" skY="0"/>
    </frame>
    <frame displayIndex="18" z="0" duration="2">
     <transform scX="1" x="0" scY="1" y="0" pX="0" pY="0" skX="0" skY="0"/>
    </frame>
    <frame displayIndex="19" z="0" duration="2">
     <transform scX="1" x="0" scY="1" y="0" pX="0" pY="0" skX="0" skY="0"/>
    </frame>
    <frame displayIndex="20" z="0" duration="2">
     <transform scX="1" x="0" scY="1" y="0" pX="0" pY="0" skX="0" skY="0"/>
    </frame>
    <frame displayIndex="21" z="0" duration="2">
     <transform scX="1" x="0" scY="1" y="0" pX="0" pY="0" skX="0" skY="0"/>
    </frame>
    <frame displayIndex="22" z="0" duration="2">
     <transform scX="1" x="0" scY="1" y="0" pX="0" pY="0" skX="0" skY="0"/>
    </frame>
    <frame displayIndex="23" z="0" duration="2">
     <transform scX="1" x="0" scY="1" y="0" pX="0" pY="0" skX="0" skY="0"/>
    </frame>
    <frame displayIndex="24" z="0" duration="2">
     <transform scX="1" x="0" scY="1" y="0" pX="0" pY="0" skX="0" skY="0"/>
    </frame>
    <frame displayIndex="25" z="0" duration="2">
     <transform scX="1" x="0" scY="1" y="0" pX="0" pY="0" skX="0" skY="0"/>
    </frame>
    <frame displayIndex="26" z="0" duration="2">
     <transform scX="1" x="0" scY="1" y="0" pX="0" pY="0" skX="0" skY="0"/>
    </frame>
    <frame displayIndex="27" z="0" duration="2">
     <transform scX="1" x="0" scY="1" y="0" pX="0" pY="0" skX="0" skY="0"/>
    </frame>
    <frame displayIndex="27" z="0" duration="1">
     <transform scX="1" x="0" scY="1" y="0" pX="0" pY="0" skX="0" skY="0"/>
    </frame>
   </timeline>
  </animation>
 </armature>
</root>