<TextureAtlas name="Golem2HorisontDeath_mc" imagePath="texture.png">
 <SubTexture name="Shape/shape 1781" x="524" y="102" width="129" height="100"/>
 <SubTexture name="Shape/shape 1783" x="262" y="306" width="129" height="100"/>
 <SubTexture name="Shape/shape 1785" x="655" y="306" width="129" height="100"/>
 <SubTexture name="Shape/shape 1787" x="524" y="0" width="129" height="100"/>
 <SubTexture name="Shape/shape 1789" x="524" y="306" width="129" height="100"/>
 <SubTexture name="Shape/shape 1791" x="0" y="204" width="129" height="100"/>
 <SubTexture name="Shape/shape 1793" x="0" y="102" width="129" height="100"/>
 <SubTexture name="Shape/shape 1795" x="393" y="204" width="129" height="100"/>
 <SubTexture name="Shape/shape 1797" x="655" y="0" width="129" height="100"/>
 <SubTexture name="Shape/shape 1799" x="655" y="204" width="129" height="100"/>
 <SubTexture name="Shape/shape 1801" x="262" y="204" width="129" height="100"/>
 <SubTexture name="Shape/shape 1803" x="0" y="306" width="129" height="100"/>
 <SubTexture name="Shape/shape 1805" x="262" y="0" width="129" height="100"/>
 <SubTexture name="Shape/shape 1807" x="131" y="0" width="129" height="100"/>
 <SubTexture name="Shape/shape 1809" x="786" y="204" width="129" height="100"/>
 <SubTexture name="Shape/shape 1811" x="786" y="0" width="129" height="100"/>
 <SubTexture name="Shape/shape 1813" x="131" y="306" width="129" height="100"/>
 <SubTexture name="Shape/shape 1815" x="393" y="306" width="129" height="100"/>
 <SubTexture name="Shape/shape 1817" x="393" y="102" width="129" height="100"/>
 <SubTexture name="Shape/shape 1819" x="262" y="102" width="129" height="100"/>
 <SubTexture name="Shape/shape 1821" x="655" y="102" width="129" height="100"/>
 <SubTexture name="Shape/shape 1823" x="131" y="102" width="129" height="100"/>
 <SubTexture name="Shape/shape 1825" x="786" y="102" width="129" height="100"/>
 <SubTexture name="Shape/shape 1827" x="0" y="0" width="129" height="100"/>
 <SubTexture name="Shape/shape 1829" x="524" y="204" width="129" height="100"/>
 <SubTexture name="Shape/shape 1831" x="393" y="0" width="129" height="100"/>
 <SubTexture name="Shape/shape 1833" x="786" y="306" width="129" height="100"/>
 <SubTexture name="Shape/shape 1835" x="131" y="204" width="129" height="100"/>
</TextureAtlas>