<root name="CastGetAllLittle_mc" frameRate="30" isGlobal="0" version="3.0">
 <armature name="CastGetAllLittle_mc">
  <bone name="Layer 1">
   <transform x="6" y="-23"/>
  </bone>
  <skin name="default">
   <slot name="Layer 1" z="0" parent="Layer 1">
    <display name="Shape/shape 7049" type="image">
     <transform pX="116" pY="96"/>
    </display>
    <display name="Shape/shape 7051" type="image">
     <transform pX="116" pY="96"/>
    </display>
    <display name="Shape/shape 7053" type="image">
     <transform pX="116" pY="96"/>
    </display>
    <display name="Shape/shape 7055" type="image">
     <transform pX="116" pY="96"/>
    </display>
    <display name="Shape/shape 7057" type="image">
     <transform pX="116" pY="96"/>
    </display>
    <display name="Shape/shape 7059" type="image">
     <transform pX="116" pY="96"/>
    </display>
    <display name="Shape/shape 7061" type="image">
     <transform pX="116" pY="96"/>
    </display>
    <display name="Shape/shape 7063" type="image">
     <transform pX="116" pY="96"/>
    </display>
    <display name="Shape/shape 7065" type="image">
     <transform pX="116" pY="96"/>
    </display>
    <display name="Shape/shape 7067" type="image">
     <transform pX="116" pY="96"/>
    </display>
    <display name="Shape/shape 7069" type="image">
     <transform pX="116" pY="96"/>
    </display>
    <display name="Shape/shape 7071" type="image">
     <transform pX="116" pY="96"/>
    </display>
    <display name="Shape/shape 7073" type="image">
     <transform pX="116" pY="96"/>
    </display>
    <display name="Shape/shape 7075" type="image">
     <transform pX="116" pY="96"/>
    </display>
    <display name="Shape/shape 7077" type="image">
     <transform pX="116" pY="96"/>
    </display>
    <display name="Shape/shape 7079" type="image">
     <transform pX="116" pY="96"/>
    </display>
    <display name="Shape/shape 7081" type="image">
     <transform pX="116" pY="96"/>
    </display>
    <display name="Shape/shape 7083" type="image">
     <transform pX="116" pY="96"/>
    </display>
    <display name="Shape/shape 7085" type="image">
     <transform pX="116" pY="96"/>
    </display>
    <display name="Shape/shape 7087" type="image">
     <transform pX="116" pY="96"/>
    </display>
    <display name="Shape/shape 7089" type="image">
     <transform pX="116" pY="96"/>
    </display>
    <display name="Shape/shape 7091" type="image">
     <transform pX="116" pY="96"/>
    </display>
    <display name="Shape/shape 7093" type="image">
     <transform pX="116" pY="96"/>
    </display>
    <display name="Shape/shape 7095" type="image">
     <transform pX="116" pY="96"/>
    </display>
    <display name="Shape/shape 7097" type="image">
     <transform pX="116" pY="96"/>
    </display>
    <display name="Shape/shape 7099" type="image">
     <transform pX="116" pY="96"/>
    </display>
   </slot>
  </skin>
  <animation name="CastGetAllLittle_mc" duration="51" tweenEasing="NaN" autoTween="NaN" fadeInTime="0.3">
   <timeline name="Layer 1">
    <frame z="0" duration="1">
     <transform/>
    </frame>
    <frame duration="1" z="0" displayIndex="1">
     <transform/>
    </frame>
    <frame duration="1" z="0" displayIndex="2">
     <transform/>
    </frame>
    <frame duration="1" z="0" displayIndex="3">
     <transform/>
    </frame>
    <frame duration="1" z="0" displayIndex="4">
     <transform/>
    </frame>
    <frame duration="2" z="0" displayIndex="5">
     <transform/>
    </frame>
    <frame duration="2" z="0" displayIndex="6">
     <transform/>
    </frame>
    <frame duration="2" z="0" displayIndex="7">
     <transform/>
    </frame>
    <frame duration="2" z="0" displayIndex="8">
     <transform/>
    </frame>
    <frame duration="2" z="0" displayIndex="9">
     <transform/>
    </frame>
    <frame duration="2" z="0" displayIndex="10">
     <transform/>
    </frame>
    <frame duration="2" z="0" displayIndex="11">
     <transform/>
    </frame>
    <frame duration="2" z="0" displayIndex="12">
     <transform/>
    </frame>
    <frame duration="2" z="0" displayIndex="13">
     <transform/>
    </frame>
    <frame duration="3" z="0" displayIndex="14">
     <transform/>
    </frame>
    <frame duration="3" z="0" displayIndex="15">
     <transform/>
    </frame>
    <frame duration="3" z="0" displayIndex="16">
     <transform/>
    </frame>
    <frame duration="2" z="0" displayIndex="17">
     <transform/>
    </frame>
    <frame duration="2" z="0" displayIndex="18">
     <transform/>
    </frame>
    <frame duration="2" z="0" displayIndex="19">
     <transform/>
    </frame>
    <frame duration="2" z="0" displayIndex="20">
     <transform/>
    </frame>
    <frame duration="2" z="0" displayIndex="21">
     <transform/>
    </frame>
    <frame duration="2" z="0" displayIndex="22">
     <transform/>
    </frame>
    <frame duration="2" z="0" displayIndex="23">
     <transform/>
    </frame>
    <frame duration="2" z="0" displayIndex="24">
     <transform/>
    </frame>
    <frame duration="2" z="0" displayIndex="25">
     <transform/>
    </frame>
    <frame duration="1" z="0" displayIndex="25">
     <transform/>
    </frame>
   </timeline>
   <frame duration="50"/>
   <frame duration="1"/>
  </animation>
 </armature>
</root>