<root name="DeathAit_mc" isGlobal="0" frameRate="30" version="3.0">
 <armature name="DeathAit3_mc">
  <skin name="default">
   <slot name="Layer 1" z="0" parent="Layer 1">
    <display name="Shape/shape 1229" type="image">
     <transform scX="1" x="0" scY="1" y="0" pX="29" pY="57" skX="0" skY="0"/>
    </display>
    <display name="Shape/shape 1231" type="image">
     <transform scX="1" x="0" scY="1" y="0" pX="29" pY="57" skX="0" skY="0"/>
    </display>
    <display name="Shape/shape 1233" type="image">
     <transform scX="1" x="0" scY="1" y="0" pX="29" pY="57" skX="0" skY="0"/>
    </display>
    <display name="Shape/shape 1235" type="image">
     <transform scX="1" x="0" scY="1" y="0" pX="29" pY="57" skX="0" skY="0"/>
    </display>
    <display name="Shape/shape 1237" type="image">
     <transform scX="1" x="0" scY="1" y="0" pX="29" pY="57" skX="0" skY="0"/>
    </display>
    <display name="Shape/shape 1239" type="image">
     <transform scX="1" x="0" scY="1" y="0" pX="29" pY="57" skX="0" skY="0"/>
    </display>
    <display name="Shape/shape 1241" type="image">
     <transform scX="1" x="0" scY="1" y="0" pX="29" pY="57" skX="0" skY="0"/>
    </display>
    <display name="Shape/shape 1243" type="image">
     <transform scX="1" x="0" scY="1" y="0" pX="29" pY="57" skX="0" skY="0"/>
    </display>
    <display name="Shape/shape 1245" type="image">
     <transform scX="1" x="0" scY="1" y="0" pX="29" pY="57" skX="0" skY="0"/>
    </display>
   </slot>
  </skin>
  <bone name="Layer 1">
   <transform scX="1" x="0" skX="0" scY="1" y="0" skY="0"/>
  </bone>
  <animation fadeInTime="0.3" scale="1" loop="1" autoTween="NaN" name="DeathAit3_mc" duration="14" tweenEasing="NaN">
   <timeline pX="0" name="Layer 1" pY="0" scale="1" offset="0">
    <frame z="0" duration="1">
     <transform scX="1" x="0" scY="1" y="0" pX="0" pY="0" skX="0" skY="0"/>
    </frame>
    <frame displayIndex="1" z="0" duration="1">
     <transform scX="1" x="0" scY="1" y="0" pX="0" pY="0" skX="0" skY="0"/>
    </frame>
    <frame displayIndex="2" z="0" duration="1">
     <transform scX="1" x="0" scY="1" y="0" pX="0" pY="0" skX="0" skY="0"/>
    </frame>
    <frame displayIndex="3" z="0" duration="2">
     <transform scX="1" x="0" scY="1" y="0" pX="0" pY="0" skX="0" skY="0"/>
    </frame>
    <frame displayIndex="4" z="0" duration="2">
     <transform scX="1" x="0" scY="1" y="0" pX="0" pY="0" skX="0" skY="0"/>
    </frame>
    <frame displayIndex="5" z="0" duration="2">
     <transform scX="1" x="0" scY="1" y="0" pX="0" pY="0" skX="0" skY="0"/>
    </frame>
    <frame displayIndex="6" z="0" duration="2">
     <transform scX="1" x="0" scY="1" y="0" pX="0" pY="0" skX="0" skY="0"/>
    </frame>
    <frame displayIndex="7" z="0" duration="2">
     <transform scX="1" x="0" scY="1" y="0" pX="0" pY="0" skX="0" skY="0"/>
    </frame>
    <frame displayIndex="8" z="0" duration="1">
     <transform scX="1" x="0" scY="1" y="0" pX="0" pY="0" skX="0" skY="0"/>
    </frame>
   </timeline>
  </animation>
 </armature>
 <armature name="DeathAit1_mc">
  <skin name="default">
   <slot name="Layer 1" z="0" parent="Layer 1">
    <display name="Shape/shape 1248" type="image">
     <transform scX="1" x="0" scY="1" y="0" pX="37" pY="57" skX="0" skY="0"/>
    </display>
    <display name="Shape/shape 1250" type="image">
     <transform scX="1" x="0" scY="1" y="0" pX="37" pY="57" skX="0" skY="0"/>
    </display>
    <display name="Shape/shape 1252" type="image">
     <transform scX="1" x="0" scY="1" y="0" pX="37" pY="57" skX="0" skY="0"/>
    </display>
    <display name="Shape/shape 1254" type="image">
     <transform scX="1" x="0" scY="1" y="0" pX="37" pY="57" skX="0" skY="0"/>
    </display>
    <display name="Shape/shape 1256" type="image">
     <transform scX="1" x="0" scY="1" y="0" pX="37" pY="57" skX="0" skY="0"/>
    </display>
    <display name="Shape/shape 1258" type="image">
     <transform scX="1" x="0" scY="1" y="0" pX="37" pY="57" skX="0" skY="0"/>
    </display>
    <display name="Shape/shape 1260" type="image">
     <transform scX="1" x="0" scY="1" y="0" pX="37" pY="57" skX="0" skY="0"/>
    </display>
    <display name="Shape/shape 1262" type="image">
     <transform scX="1" x="0" scY="1" y="0" pX="37" pY="57" skX="0" skY="0"/>
    </display>
    <display name="Shape/shape 1264" type="image">
     <transform scX="1" x="0" scY="1" y="0" pX="37" pY="57" skX="0" skY="0"/>
    </display>
    <display name="Shape/shape 1266" type="image">
     <transform scX="1" x="0" scY="1" y="0" pX="37" pY="57" skX="0" skY="0"/>
    </display>
   </slot>
  </skin>
  <bone name="Layer 1">
   <transform scX="1" x="0" skX="0" scY="1" y="0" skY="0"/>
  </bone>
  <animation fadeInTime="0.3" scale="1" loop="1" autoTween="NaN" name="DeathAit1_mc" duration="14" tweenEasing="NaN">
   <timeline pX="0" name="Layer 1" pY="0" scale="1" offset="0">
    <frame z="0" duration="1">
     <transform scX="1" x="0" scY="1" y="0" pX="0" pY="0" skX="0" skY="0"/>
    </frame>
    <frame displayIndex="1" z="0" duration="1">
     <transform scX="1" x="0" scY="1" y="0" pX="0" pY="0" skX="0" skY="0"/>
    </frame>
    <frame displayIndex="2" z="0" duration="1">
     <transform scX="1" x="0" scY="1" y="0" pX="0" pY="0" skX="0" skY="0"/>
    </frame>
    <frame displayIndex="3" z="0" duration="1">
     <transform scX="1" x="0" scY="1" y="0" pX="0" pY="0" skX="0" skY="0"/>
    </frame>
    <frame displayIndex="4" z="0" duration="1">
     <transform scX="1" x="0" scY="1" y="0" pX="0" pY="0" skX="0" skY="0"/>
    </frame>
    <frame displayIndex="5" z="0" duration="2">
     <transform scX="1" x="0" scY="1" y="0" pX="0" pY="0" skX="0" skY="0"/>
    </frame>
    <frame displayIndex="6" z="0" duration="2">
     <transform scX="1" x="0" scY="1" y="0" pX="0" pY="0" skX="0" skY="0"/>
    </frame>
    <frame displayIndex="7" z="0" duration="2">
     <transform scX="1" x="0" scY="1" y="0" pX="0" pY="0" skX="0" skY="0"/>
    </frame>
    <frame displayIndex="8" z="0" duration="2">
     <transform scX="1" x="0" scY="1" y="0" pX="0" pY="0" skX="0" skY="0"/>
    </frame>
    <frame displayIndex="9" z="0" duration="1">
     <transform scX="1" x="0" scY="1" y="0" pX="0" pY="0" skX="0" skY="0"/>
    </frame>
   </timeline>
  </animation>
 </armature>
 <armature name="DeathAit2_mc">
  <skin name="default">
   <slot name="Layer 1" z="0" parent="Layer 1">
    <display name="Shape/shape 1553" type="image">
     <transform scX="1" x="0" scY="1" y="0" pX="30" pY="62" skX="0" skY="0"/>
    </display>
    <display name="Shape/shape 1555" type="image">
     <transform scX="1" x="0" scY="1" y="0" pX="30" pY="62" skX="0" skY="0"/>
    </display>
    <display name="Shape/shape 1557" type="image">
     <transform scX="1" x="0" scY="1" y="0" pX="30" pY="62" skX="0" skY="0"/>
    </display>
    <display name="Shape/shape 1559" type="image">
     <transform scX="1" x="0" scY="1" y="0" pX="30" pY="62" skX="0" skY="0"/>
    </display>
    <display name="Shape/shape 1561" type="image">
     <transform scX="1" x="0" scY="1" y="0" pX="30" pY="62" skX="0" skY="0"/>
    </display>
    <display name="Shape/shape 1563" type="image">
     <transform scX="1" x="0" scY="1" y="0" pX="30" pY="62" skX="0" skY="0"/>
    </display>
    <display name="Shape/shape 1565" type="image">
     <transform scX="1" x="0" scY="1" y="0" pX="30" pY="62" skX="0" skY="0"/>
    </display>
    <display name="Shape/shape 1567" type="image">
     <transform scX="1" x="0" scY="1" y="0" pX="30" pY="62" skX="0" skY="0"/>
    </display>
    <display name="Shape/shape 1569" type="image">
     <transform scX="1" x="0" scY="1" y="0" pX="30" pY="62" skX="0" skY="0"/>
    </display>
   </slot>
  </skin>
  <bone name="Layer 1">
   <transform scX="1" x="0" skX="0" scY="1" y="0" skY="0"/>
  </bone>
  <animation fadeInTime="0.3" scale="1" loop="1" autoTween="NaN" name="DeathAit2_mc" duration="14" tweenEasing="NaN">
   <timeline pX="0" name="Layer 1" pY="0" scale="1" offset="0">
    <frame z="0" duration="1">
     <transform scX="1" x="0" scY="1" y="0" pX="0" pY="0" skX="0" skY="0"/>
    </frame>
    <frame displayIndex="1" z="0" duration="1">
     <transform scX="1" x="0" scY="1" y="0" pX="0" pY="0" skX="0" skY="0"/>
    </frame>
    <frame displayIndex="2" z="0" duration="1">
     <transform scX="1" x="0" scY="1" y="0" pX="0" pY="0" skX="0" skY="0"/>
    </frame>
    <frame displayIndex="3" z="0" duration="2">
     <transform scX="1" x="0" scY="1" y="0" pX="0" pY="0" skX="0" skY="0"/>
    </frame>
    <frame displayIndex="4" z="0" duration="2">
     <transform scX="1" x="0" scY="1" y="0" pX="0" pY="0" skX="0" skY="0"/>
    </frame>
    <frame displayIndex="5" z="0" duration="2">
     <transform scX="1" x="0" scY="1" y="0" pX="0" pY="0" skX="0" skY="0"/>
    </frame>
    <frame displayIndex="6" z="0" duration="2">
     <transform scX="1" x="0" scY="1" y="0" pX="0" pY="0" skX="0" skY="0"/>
    </frame>
    <frame displayIndex="7" z="0" duration="2">
     <transform scX="1" x="0" scY="1" y="0" pX="0" pY="0" skX="0" skY="0"/>
    </frame>
    <frame displayIndex="8" z="0" duration="1">
     <transform scX="1" x="0" scY="1" y="0" pX="0" pY="0" skX="0" skY="0"/>
    </frame>
   </timeline>
  </animation>
 </armature>
</root>