<root name="UnitTeleportIn_mc" isGlobal="0" frameRate="30" version="3.0">
 <armature name="UnitTeleportIn_mc">
  <skin name="default">
   <slot name="Layer 1" z="0" parent="Layer 1">
    <display name="Shape/shape 10676" type="image">
     <transform scX="1" x="0" scY="1" y="0" pX="20" pY="19.25" skX="0" skY="0"/>
    </display>
    <display name="Shape/shape 10678" type="image">
     <transform scX="1" x="0" scY="1" y="0" pX="20" pY="19.25" skX="0" skY="0"/>
    </display>
    <display name="Shape/shape 10680" type="image">
     <transform scX="1" x="0" scY="1" y="0" pX="20" pY="19.25" skX="0" skY="0"/>
    </display>
    <display name="Shape/shape 10682" type="image">
     <transform scX="1" x="0" scY="1" y="0" pX="20" pY="19.25" skX="0" skY="0"/>
    </display>
    <display name="Shape/shape 10684" type="image">
     <transform scX="1" x="0" scY="1" y="0" pX="20" pY="19.25" skX="0" skY="0"/>
    </display>
    <display name="Shape/shape 10686" type="image">
     <transform scX="1" x="0" scY="1" y="0" pX="20" pY="19.25" skX="0" skY="0"/>
    </display>
    <display name="Shape/shape 10688" type="image">
     <transform scX="1" x="0" scY="1" y="0" pX="20" pY="19.25" skX="0" skY="0"/>
    </display>
    <display name="Shape/shape 10690" type="image">
     <transform scX="1" x="0" scY="1" y="0" pX="20" pY="19.25" skX="0" skY="0"/>
    </display>
    <display name="Shape/shape 10692" type="image">
     <transform scX="1" x="0" scY="1" y="0" pX="20" pY="19.25" skX="0" skY="0"/>
    </display>
    <display name="Shape/shape 10694" type="image">
     <transform scX="1" x="0" scY="1" y="0" pX="20" pY="19.25" skX="0" skY="0"/>
    </display>
   </slot>
  </skin>
  <bone name="Layer 1">
   <transform scX="1" x="0" skX="0" scY="1" y="0" skY="0"/>
  </bone>
  <animation fadeInTime="0.3" scale="1" loop="1" autoTween="NaN" name="UnitTeleportIn_mc" duration="14" tweenEasing="NaN">
   <timeline pX="0" name="Layer 1" pY="0" scale="1" offset="0">
    <frame z="0" duration="5">
     <transform scX="1" x="0" scY="1" y="0" pX="0" pY="0" skX="0" skY="0"/>
    </frame>
    <frame displayIndex="1" z="0" duration="1">
     <transform scX="1" x="0" scY="1" y="0" pX="0" pY="0" skX="0" skY="0"/>
    </frame>
    <frame displayIndex="2" z="0" duration="1">
     <transform scX="1" x="0" scY="1" y="0" pX="0" pY="0" skX="0" skY="0"/>
    </frame>
    <frame displayIndex="3" z="0" duration="1">
     <transform scX="1" x="0" scY="1" y="0" pX="0" pY="0" skX="0" skY="0"/>
    </frame>
    <frame displayIndex="4" z="0" duration="1">
     <transform scX="1" x="0" scY="1" y="0" pX="0" pY="0" skX="0" skY="0"/>
    </frame>
    <frame displayIndex="5" z="0" duration="1">
     <transform scX="1" x="0" scY="1" y="0" pX="0" pY="0" skX="0" skY="0"/>
    </frame>
    <frame displayIndex="6" z="0" duration="1">
     <transform scX="1" x="0" scY="1" y="0" pX="0" pY="0" skX="0" skY="0"/>
    </frame>
    <frame displayIndex="7" z="0" duration="1">
     <transform scX="1" x="0" scY="1" y="0" pX="0" pY="0" skX="0" skY="0"/>
    </frame>
    <frame displayIndex="8" z="0" duration="1">
     <transform scX="1" x="0" scY="1" y="0" pX="0" pY="0" skX="0" skY="0"/>
    </frame>
    <frame displayIndex="9" z="0" duration="1">
     <transform scX="1" x="0" scY="1" y="0" pX="0" pY="0" skX="0" skY="0"/>
    </frame>
   </timeline>
  </animation>
 </armature>
</root>