<root name="Training_92_mc" isGlobal="0" frameRate="30" version="3.0">
 <armature name="Training_92_mc">
  <skin name="default">
   <slot name="Layer 1" z="0" parent="Layer 1">
    <display name="Shape/shape 5222" type="image">
     <transform scX="1" x="0" scY="1" y="0" pX="350" pY="250" skX="0" skY="0"/>
    </display>
    <display name="Sprite/sprite 5256" type="image">
     <transform scX="1" x="0" scY="1" y="0" pX="350" pY="250" skX="0" skY="0"/>
    </display>
   </slot>
   <slot name="cont" z="1" parent="cont">
    <display name="Sprite/sprite 10322" type="armature">
     <transform scX="1" x="0" skX="0" scY="1" y="0" skY="0"/>
    </display>
   </slot>
  </skin>
  <bone name="Layer 1">
   <transform scX="1.14" x="0" skX="0" scY="1.2" y="0" skY="0"/>
  </bone>
  <bone name="cont">
   <transform scX="1" x="0" skX="0" scY="1" y="180" skY="0"/>
  </bone>
  <animation name="Training_92_mc" scale="1" loop="1" autoTween="NaN" fadeInTime="0.3" duration="15" tweenEasing="NaN">
   <timeline pX="0" name="Layer 1" pY="0" scale="1" offset="0">
    <frame z="0" duration="6" tweenEasing="0">
     <transform scX="1" x="0" scY="1" y="0" pX="0" pY="0" skX="0" skY="0"/>
     <colorTransform bM="100" gO="0" bO="0" aM="0" rM="100" aO="0" gM="100" rO="0"/>
    </frame>
    <frame z="0" duration="1">
     <transform scX="1" x="0" scY="1" y="0" pX="0" pY="0" skX="0" skY="0"/>
    </frame>
    <frame z="0" duration="6">
     <transform scX="1" x="0" scY="1" y="0" pX="0" pY="0" skX="0" skY="0"/>
    </frame>
    <frame displayIndex="1" z="0" duration="1">
     <transform scX="1" x="0" scY="1" y="0" pX="0" pY="0" skX="0" skY="0"/>
    </frame>
    <frame displayIndex="1" z="0" duration="1">
     <transform scX="1" x="0" scY="1" y="0" pX="0" pY="0" skX="0" skY="0"/>
    </frame>
   </timeline>
   <timeline pX="0" name="cont" pY="0" scale="1" offset="0">
    <frame z="0" duration="4" tweenEasing="0">
     <transform scX="1" x="0" scY="1" y="0" pX="0" pY="0" skX="0" skY="0"/>
     <colorTransform bM="100" gO="0" bO="0" aM="40" rM="100" aO="0" gM="100" rO="0"/>
    </frame>
    <frame z="0" duration="2" tweenEasing="0">
     <transform scX="1" x="0" scY="1" y="-180" pX="0" pY="0" skX="0" skY="0"/>
    </frame>
    <frame z="0" duration="3" tweenEasing="0">
     <transform scX="1.11" x="0" scY="1.11" y="-190.5" pX="0" pY="0" skX="0" skY="0"/>
    </frame>
    <frame z="0" duration="2" tweenEasing="0">
     <transform scX="0.98" x="0" scY="0.98" y="-180" pX="0" pY="0" skX="0" skY="0"/>
    </frame>
    <frame z="0" duration="2" tweenEasing="0">
     <transform scX="1.03" x="0" scY="1" y="-180" pX="0" pY="0" skX="0" skY="0"/>
    </frame>
    <frame z="0" duration="1">
     <transform scX="1" x="0" scY="1" y="-180" pX="0" pY="0" skX="0" skY="0"/>
    </frame>
    <frame z="0" duration="1">
     <transform scX="1" x="0" scY="1" y="-180" pX="0" pY="0" skX="0" skY="0"/>
    </frame>
   </timeline>
   <frame duration="14"/>
   <frame duration="1"/>
  </animation>
 </armature>
 <armature name="Sprite/sprite 10322">
  <skin name="default">
   <slot name="Layer 5" z="0" parent="Layer 5">
    <display name="__dbTextures/Sprite/sprite 10322/Layer 5_0" type="image">
     <transform scX="1" x="-29.5" scY="1" y="-182" pX="0" pY="0" skX="0" skY="0"/>
    </display>
    <display name="__dbTextures/Sprite/sprite 10322/Layer 5_1" type="image">
     <transform scX="1" x="-67.15" scY="1" y="-182" pX="0" pY="0" skX="0" skY="0"/>
    </display>
    <display name="__dbTextures/Sprite/sprite 10322/Layer 5_2" type="image">
     <transform scX="1" x="-104.75" scY="1" y="-182" pX="0" pY="0" skX="0" skY="0"/>
    </display>
    <display name="__dbTextures/Sprite/sprite 10322/Layer 5_3" type="image">
     <transform scX="1" x="-142.4" scY="1" y="-182" pX="0" pY="0" skX="0" skY="0"/>
    </display>
    <display name="__dbTextures/Sprite/sprite 10322/Layer 5_4" type="image">
     <transform scX="1" x="-180.05" scY="1" y="-182" pX="0" pY="0" skX="0" skY="0"/>
    </display>
    <display name="__dbTextures/Sprite/sprite 10322/Layer 5_5" type="image">
     <transform scX="1" x="-217.7" scY="1" y="-182" pX="0" pY="0" skX="0" skY="0"/>
    </display>
    <display name="__dbTextures/Sprite/sprite 10322/Layer 5_6" type="image">
     <transform scX="1" x="-255.35" scY="1" y="-182" pX="0" pY="0" skX="0" skY="0"/>
    </display>
    <display name="__dbTextures/Sprite/sprite 10322/Layer 5_7" type="image">
     <transform scX="1" x="-293" scY="1" y="-182" pX="0" pY="0" skX="0" skY="0"/>
    </display>
    <display name="__dbTextures/Sprite/sprite 10322/Layer 5_15" type="image">
     <transform scX="1" x="-293" scY="1" y="-182" pX="0" pY="0" skX="0" skY="0"/>
    </display>
   </slot>
   <slot name="cont1" z="1" parent="cont1">
    <display name="__dbTextures/Sprite/sprite 10322/cont1_0" type="image">
     <transform scX="1" x="-36.5" scY="1" y="-167" pX="0" pY="0" skX="0" skY="0"/>
    </display>
    <display name="__dbTextures/Sprite/sprite 10322/cont1_1" type="image">
     <transform scX="1" x="-67.5" scY="1" y="-167" pX="0" pY="0" skX="0" skY="0"/>
    </display>
    <display name="__dbTextures/Sprite/sprite 10322/cont1_2" type="image">
     <transform scX="1" x="-98.5" scY="1" y="-167" pX="0" pY="0" skX="0" skY="0"/>
    </display>
    <display name="__dbTextures/Sprite/sprite 10322/cont1_3" type="image">
     <transform scX="1" x="-129.5" scY="1" y="-167" pX="0" pY="0" skX="0" skY="0"/>
    </display>
    <display name="__dbTextures/Sprite/sprite 10322/cont1_4" type="image">
     <transform scX="1" x="-160.5" scY="1" y="-167" pX="0" pY="0" skX="0" skY="0"/>
    </display>
    <display name="__dbTextures/Sprite/sprite 10322/cont1_5" type="image">
     <transform scX="1" x="-191.5" scY="1" y="-167" pX="0" pY="0" skX="0" skY="0"/>
    </display>
    <display name="__dbTextures/Sprite/sprite 10322/cont1_6" type="image">
     <transform scX="1" x="-222.5" scY="1" y="-167" pX="0" pY="0" skX="0" skY="0"/>
    </display>
    <display name="Symbol 10317" type="armature">
     <transform scX="1" x="0" skX="0" scY="1" y="0" skY="0"/>
    </display>
   </slot>
   <slot name="Layer 2" z="2" parent="Layer 2">
    <display name="Symbol 10319" type="image">
     <transform scX="1" x="0" scY="1" y="0" pX="21" pY="148" skX="0" skY="0"/>
    </display>
   </slot>
   <slot name="Layer 1" z="3" parent="Layer 1">
    <display name="Symbol 10321" type="image">
     <transform scX="1" x="0" scY="1" y="0" pX="22" pY="150" skX="0" skY="0"/>
    </display>
   </slot>
  </skin>
  <bone name="Layer 2">
   <transform scX="1.19" x="11.95" skX="0" scY="1.19" y="0" skY="0"/>
  </bone>
  <bone name="cont1">
   <transform scX="1" x="-5.5" skX="0" scY="1" y="4.7" skY="0"/>
  </bone>
  <bone name="Layer 5">
   <transform scX="1" x="-11.5" skX="0" scY="1" y="3" skY="0"/>
  </bone>
  <bone name="Layer 1">
   <transform scX="1.19" x="-11.95" skX="0" scY="1.19" y="0" skY="0"/>
  </bone>
  <animation name="cont" scale="1" loop="1" autoTween="NaN" fadeInTime="0.3" duration="16" tweenEasing="NaN">
   <timeline pX="0" name="Layer 5" pY="0" scale="1" offset="0">
    <frame z="0" duration="1" tweenEasing="NaN">
     <transform scX="1" x="0" scY="1" y="0" pX="0" pY="0" skX="0" skY="0"/>
    </frame>
    <frame z="0" displayIndex="1" duration="1" tweenEasing="NaN">
     <transform scX="1" x="1.8000000000000007" scY="1" y="0" pX="0" pY="0" skX="0" skY="0"/>
    </frame>
    <frame z="0" displayIndex="2" duration="1" tweenEasing="NaN">
     <transform scX="1" x="3.55" scY="1" y="0" pX="0" pY="0" skX="0" skY="0"/>
    </frame>
    <frame z="0" displayIndex="3" duration="1" tweenEasing="NaN">
     <transform scX="1" x="5.35" scY="1" y="0" pX="0" pY="0" skX="0" skY="0"/>
    </frame>
    <frame z="0" displayIndex="4" duration="1" tweenEasing="NaN">
     <transform scX="1" x="7.1" scY="1" y="0" pX="0" pY="0" skX="0" skY="0"/>
    </frame>
    <frame z="0" displayIndex="5" duration="1" tweenEasing="NaN">
     <transform scX="1" x="8.9" scY="1" y="0" pX="0" pY="0" skX="0" skY="0"/>
    </frame>
    <frame z="0" displayIndex="6" duration="1" tweenEasing="NaN">
     <transform scX="1" x="10.7" scY="1" y="0" pX="0" pY="0" skX="0" skY="0"/>
    </frame>
    <frame z="0" displayIndex="7" duration="8" tweenEasing="NaN">
     <transform scX="1" x="12.5" scY="1" y="0" pX="0" pY="0" skX="0" skY="0"/>
    </frame>
    <frame z="0" displayIndex="8" duration="1" tweenEasing="NaN">
     <transform scX="1" x="12.5" scY="1" y="0" pX="0" pY="0" skX="0" skY="0"/>
    </frame>
   </timeline>
   <timeline pX="0" name="cont1" pY="0" scale="1" offset="0">
    <frame z="0" duration="1" tweenEasing="NaN">
     <transform scX="1" x="0" scY="1" y="0" pX="0" pY="0" skX="0" skY="0"/>
    </frame>
    <frame z="0" displayIndex="1" duration="1" tweenEasing="NaN">
     <transform scX="1" x="0.9000000000000004" scY="1" y="0" pX="0" pY="0" skX="0" skY="0"/>
    </frame>
    <frame z="0" displayIndex="2" duration="1" tweenEasing="NaN">
     <transform scX="1" x="1.85" scY="1" y="0" pX="0" pY="0" skX="0" skY="0"/>
    </frame>
    <frame z="0" displayIndex="3" duration="1" tweenEasing="NaN">
     <transform scX="1" x="2.75" scY="1" y="0" pX="0" pY="0" skX="0" skY="0"/>
    </frame>
    <frame z="0" displayIndex="4" duration="1" tweenEasing="NaN">
     <transform scX="1" x="3.65" scY="1" y="0" pX="0" pY="0" skX="0" skY="0"/>
    </frame>
    <frame z="0" displayIndex="5" duration="1" tweenEasing="NaN">
     <transform scX="1" x="4.6" scY="1" y="0" pX="0" pY="0" skX="0" skY="0"/>
    </frame>
    <frame z="0" displayIndex="6" duration="1" tweenEasing="NaN">
     <transform scX="1" x="5.5" scY="1" y="0" pX="0" pY="0" skX="0" skY="0"/>
    </frame>
    <frame displayIndex="7" z="0" duration="8">
     <transform scX="1" x="5.5" scY="1" y="-7.7" pX="0" pY="0" skX="0" skY="0"/>
    </frame>
    <frame displayIndex="7" z="0" duration="1">
     <transform scX="1" x="5.5" scY="1" y="-7.7" pX="0" pY="0" skX="0" skY="0"/>
    </frame>
   </timeline>
   <timeline pX="0" name="Layer 2" pY="0" scale="1" offset="0">
    <frame z="0" duration="1">
     <transform scX="1" x="0" scY="1" y="0" pX="0" pY="0" skX="0" skY="0"/>
    </frame>
    <frame z="0" duration="1">
     <transform scX="1" x="37.150000000000006" scY="1" y="0" pX="0" pY="0" skX="0" skY="0"/>
    </frame>
    <frame z="0" duration="1">
     <transform scX="1" x="74.3" scY="1" y="0" pX="0" pY="0" skX="0" skY="0"/>
    </frame>
    <frame z="0" duration="1">
     <transform scX="1" x="111.45" scY="1" y="0" pX="0" pY="0" skX="0" skY="0"/>
    </frame>
    <frame z="0" duration="1">
     <transform scX="1" x="148.60000000000002" scY="1" y="0" pX="0" pY="0" skX="0" skY="0"/>
    </frame>
    <frame z="0" duration="1">
     <transform scX="1" x="185.75" scY="1" y="0" pX="0" pY="0" skX="0" skY="0"/>
    </frame>
    <frame z="0" duration="1">
     <transform scX="1" x="222.9" scY="1" y="0" pX="0" pY="0" skX="0" skY="0"/>
    </frame>
    <frame z="0" duration="8">
     <transform scX="1" x="260.05" scY="1" y="0" pX="0" pY="0" skX="0" skY="0"/>
    </frame>
    <frame z="0" duration="1">
     <transform scX="1" x="260.05" scY="1" y="0" pX="0" pY="0" skX="0" skY="0"/>
    </frame>
   </timeline>
   <timeline pX="0" name="Layer 1" pY="0" scale="1" offset="0">
    <frame z="0" duration="1">
     <transform scX="1" x="0" scY="1" y="0" pX="0" pY="0" skX="0" skY="0"/>
    </frame>
    <frame z="0" duration="1">
     <transform scX="1" x="-37" scY="1" y="0" pX="0" pY="0" skX="0" skY="0"/>
    </frame>
    <frame z="0" duration="1">
     <transform scX="1" x="-74" scY="1" y="0" pX="0" pY="0" skX="0" skY="0"/>
    </frame>
    <frame z="0" duration="1">
     <transform scX="1" x="-111" scY="1" y="0" pX="0" pY="0" skX="0" skY="0"/>
    </frame>
    <frame z="0" duration="1">
     <transform scX="1" x="-148.05" scY="1" y="0" pX="0" pY="0" skX="0" skY="0"/>
    </frame>
    <frame z="0" duration="1">
     <transform scX="1" x="-185.05" scY="1" y="0" pX="0" pY="0" skX="0" skY="0"/>
    </frame>
    <frame z="0" duration="1">
     <transform scX="1" x="-222.05" scY="1" y="0" pX="0" pY="0" skX="0" skY="0"/>
    </frame>
    <frame z="0" duration="8">
     <transform scX="1" x="-259.05" scY="1" y="0" pX="0" pY="0" skX="0" skY="0"/>
    </frame>
    <frame z="0" duration="1">
     <transform scX="1" x="-259.05" scY="1" y="0" pX="0" pY="0" skX="0" skY="0"/>
    </frame>
   </timeline>
   <frame duration="15"/>
   <frame duration="1"/>
  </animation>
 </armature>
 <armature name="Symbol 10317">
  <skin name="default">
   <slot name="Layer 20" z="0" parent="Layer 20">
    <display name="__dbTextures/Symbol 10317/Layer 20_0" type="image">
     <transform scX="1" x="-142" scY="1" y="-29" pX="0" pY="0" skX="0" skY="0"/>
    </display>
    <display name="位图 8" type="image">
     <transform scX="1" x="-142.5" scY="1" y="-49" pX="0" pY="0" skX="0" skY="0"/>
    </display>
    <display name="位图 7" type="image">
     <transform scX="1" x="-142" scY="1" y="-49" pX="0" pY="0" skX="0" skY="0"/>
    </display>
    <display name="位图 6" type="image">
     <transform scX="1" x="-142" scY="1" y="-49" pX="0" pY="0" skX="0" skY="0"/>
    </display>
    <display name="位图 12" type="image">
     <transform scX="1" x="-142" scY="1" y="-28.5" pX="0" pY="0" skX="0" skY="0"/>
    </display>
    <display name="位图 10" type="image">
     <transform scX="1" x="-135.5" scY="1" y="-49" pX="0" pY="0" skX="0" skY="0"/>
    </display>
    <display name="位图 11" type="image">
     <transform scX="1" x="-135.5" scY="1" y="-49" pX="0" pY="0" skX="0" skY="0"/>
    </display>
   </slot>
   <slot name="Layer 19" z="1" parent="Layer 19">
    <display name="__dbTextures/Symbol 10317/Layer 19_5" type="image">
     <transform scX="1" x="-75" scY="1" y="-85" pX="0" pY="0" skX="0" skY="0"/>
    </display>
    <display name="__dbTextures/Symbol 10317/Layer 19_6" type="image">
     <transform scX="1" x="-75" scY="1" y="-85" pX="0" pY="0" skX="0" skY="0"/>
    </display>
    <display name="__dbTextures/Symbol 10317/Layer 19_7" type="image">
     <transform scX="1" x="-128" scY="1" y="-45.5" pX="0" pY="0" skX="0" skY="0"/>
    </display>
    <display name="Symbol 10281" type="image">
     <transform scX="1" x="0" scY="1" y="0" pX="261.4" pY="92.4" skX="0" skY="0"/>
    </display>
    <display name="__dbTextures/Symbol 10317/Layer 19_9" type="image">
     <transform scX="1" x="-128" scY="1" y="-35.5" pX="0" pY="0" skX="0" skY="0"/>
    </display>
    <display name="__dbTextures/Symbol 10317/Layer 19_10" type="image">
     <transform scX="1" x="-128" scY="1" y="-29" pX="0" pY="0" skX="0" skY="0"/>
    </display>
    <display name="__dbTextures/Symbol 10317/Layer 19_11" type="image">
     <transform scX="1" x="-101.5" scY="1" y="-27.5" pX="0" pY="0" skX="0" skY="0"/>
    </display>
    <display name="__dbTextures/Symbol 10317/Layer 19_12" type="image">
     <transform scX="1" x="-60.5" scY="1" y="-27" pX="0" pY="0" skX="0" skY="0"/>
    </display>
    <display name="__dbTextures/Symbol 10317/Layer 19_13" type="image">
     <transform scX="1" x="-122" scY="1" y="-95.5" pX="0" pY="0" skX="0" skY="0"/>
    </display>
    <display name="__dbTextures/Symbol 10317/Layer 19_14" type="image">
     <transform scX="1" x="-122" scY="1" y="-95.5" pX="0" pY="0" skX="0" skY="0"/>
    </display>
   </slot>
   <slot name="Layer 18" z="2" parent="Layer 18">
    <display name="__dbTextures/Symbol 10317/Layer 18_5" type="image">
     <transform scX="1" x="-71" scY="1" y="-28.5" pX="0" pY="0" skX="0" skY="0"/>
    </display>
    <display name="__dbTextures/Symbol 10317/Layer 18_6" type="image">
     <transform scX="1" x="-70" scY="1" y="-28.5" pX="0" pY="0" skX="0" skY="0"/>
    </display>
    <display name="__dbTextures/Symbol 10317/Layer 18_7" type="image">
     <transform scX="1" x="-75" scY="1" y="-85" pX="0" pY="0" skX="0" skY="0"/>
    </display>
    <display name="位图 9" type="image">
     <transform scX="1" x="-142" scY="1" y="-49" pX="0" pY="0" skX="0" skY="0"/>
    </display>
    <display name="__dbTextures/Symbol 10317/Layer 18_9" type="image">
     <transform scX="1" x="-75" scY="1" y="-85" pX="0" pY="0" skX="0" skY="0"/>
    </display>
    <display name="__dbTextures/Symbol 10317/Layer 18_10" type="image">
     <transform scX="1" x="-75" scY="1" y="-85" pX="0" pY="0" skX="0" skY="0"/>
    </display>
    <display name="__dbTextures/Symbol 10317/Layer 18_11" type="image">
     <transform scX="1" x="-75" scY="1" y="-85" pX="0" pY="0" skX="0" skY="0"/>
    </display>
    <display name="Symbol 5212" type="image">
     <transform scX="1" x="0" scY="1" y="0" pX="42" pY="21" skX="0" skY="0"/>
    </display>
   </slot>
   <slot name="Layer 17" z="3" parent="Layer 17">
    <display name="Symbol 10252" type="image">
     <transform scX="1" x="0" scY="1" y="0" pX="252.5" pY="90" skX="0" skY="0"/>
    </display>
    <display name="__dbTextures/Symbol 10317/Layer 17_5" type="image">
     <transform scX="1" x="-122" scY="1" y="-46" pX="0" pY="0" skX="0" skY="0"/>
    </display>
    <display name="__dbTextures/Symbol 10317/Layer 17_6" type="image">
     <transform scX="1" x="-128" scY="1" y="-44.5" pX="0" pY="0" skX="0" skY="0"/>
    </display>
    <display name="__dbTextures/Symbol 10317/Layer 17_7" type="image">
     <transform scX="1" x="-67.5" scY="1" y="-28.5" pX="0" pY="0" skX="0" skY="0"/>
    </display>
    <display name="__dbTextures/Symbol 10317/Layer 17_8" type="image">
     <transform scX="1" x="-69" scY="1" y="-78.2" pX="0" pY="0" skX="0" skY="0"/>
    </display>
    <display name="__dbTextures/Symbol 10317/Layer 17_9" type="image">
     <transform scX="1" x="-71" scY="1" y="-25.5" pX="0" pY="0" skX="0" skY="0"/>
    </display>
    <display name="__dbTextures/Symbol 10317/Layer 17_10" type="image">
     <transform scX="1" x="-65" scY="1" y="-25" pX="0" pY="0" skX="0" skY="0"/>
    </display>
    <display name="__dbTextures/Symbol 10317/Layer 17_11" type="image">
     <transform scX="1" x="-69.5" scY="1" y="-28.5" pX="0" pY="0" skX="0" skY="0"/>
    </display>
    <display name="text" type="text">
     <transform scX="1" x="-2" skX="0" scY="1" y="-2" skY="0"/>
     <text textType="dynamic" alignH="center" size="12" text="点击此处召唤元素&#xD;&#xA;" face="方正剑体简体" alignV="top" lineType="multiline" width="82" bold="0" height="45" italic="0">
      <color g="0" r="0" b="0" a="255"/>
     </text>
    </display>
   </slot>
   <slot name="Layer 16" z="4" parent="Layer 16">
    <display name="__dbTextures/Symbol 10317/Layer 16_4" type="image">
     <transform scX="1" x="-80" scY="1" y="-32" pX="0" pY="0" skX="0" skY="0"/>
    </display>
    <display name="__dbTextures/Symbol 10317/Layer 16_8" type="image">
     <transform scX="1" x="-74" scY="1" y="-28" pX="0" pY="0" skX="0" skY="0"/>
    </display>
    <display name="text" type="text">
     <transform scX="1" x="-2" skX="0" scY="1" y="-2" skY="0"/>
     <text textType="static" alignH="center" size="16" text=".&#xD;" face="方正剑体简体" alignV="top" lineType="single line" width="160" bold="0" height="40" italic="0">
      <color g="3" r="60" b="4" a="255"/>
     </text>
    </display>
   </slot>
   <slot name="Layer 15" z="5" parent="Layer 15">
    <display name="__dbTextures/Symbol 10317/Layer 15_4" type="image">
     <transform scX="1" x="-102" scY="1" y="-29" pX="0" pY="0" skX="0" skY="0"/>
    </display>
    <display name="__dbTextures/Symbol 10317/Layer 15_5" type="image">
     <transform scX="1" x="-100" scY="1" y="-21.5" pX="0" pY="0" skX="0" skY="0"/>
    </display>
    <display name="__dbTextures/Symbol 10317/Layer 15_8" type="image">
     <transform scX="1" x="-96.5" scY="1" y="-28.5" pX="0" pY="0" skX="0" skY="0"/>
    </display>
    <display name="__dbTextures/Symbol 10317/Layer 15_9" type="image">
     <transform scX="1" x="-99" scY="1" y="-19" pX="0" pY="0" skX="0" skY="0"/>
    </display>
   </slot>
   <slot name="Layer 12" z="6" parent="Layer 12">
    <display name="Symbol 10256" type="image">
     <transform scX="1" x="0" scY="1" y="0" pX="113.05" pY="6" skX="0" skY="0"/>
    </display>
    <display name="Symbol 10286" type="image">
     <transform scX="1" x="0" scY="1" y="0" pX="115.95" pY="1.1" skX="0" skY="0"/>
    </display>
    <display name="Symbol 10310" type="image">
     <transform scX="1" x="0" scY="1" y="0" pX="214" pY="66" skX="0" skY="0"/>
    </display>
   </slot>
   <slot name="Layer 11" z="7" parent="Layer 11">
    <display name="位图 51" type="image">
     <transform scX="1" x="-102" scY="1" y="-24.5" pX="0" pY="0" skX="0" skY="0"/>
    </display>
    <display name="__dbTextures/Symbol 10317/Layer 11_8" type="image">
     <transform scX="1" x="-107" scY="1" y="-27" pX="0" pY="0" skX="0" skY="0"/>
    </display>
    <display name="__dbTextures/Symbol 10317/Layer 11_12" type="image">
     <transform scX="1" x="-59.5" scY="1" y="-27" pX="0" pY="0" skX="0" skY="0"/>
    </display>
   </slot>
   <slot name="Layer 4" z="8" parent="Layer 4">
    <display name="Symbol 10236" type="image">
     <transform scX="1" x="0" scY="1" y="0" pX="219" pY="98" skX="0" skY="0"/>
    </display>
    <display name="Symbol 10245" type="image">
     <transform scX="1" x="0" scY="1" y="0" pX="222" pY="98" skX="0" skY="0"/>
    </display>
    <display name="Symbol 10248" type="image">
     <transform scX="1" x="0" scY="1" y="0" pX="221" pY="98" skX="0" skY="0"/>
    </display>
    <display name="Symbol 10258" type="image">
     <transform scX="1" x="0" scY="1" y="0" pX="262" pY="101" skX="0" skY="0"/>
    </display>
    <display name="Symbol 10266" type="image">
     <transform scX="1" x="0" scY="1" y="0" pX="229" pY="98" skX="0" skY="0"/>
    </display>
    <display name="Symbol 10272" type="image">
     <transform scX="1" x="0" scY="1" y="0" pX="229" pY="98" skX="0" skY="0"/>
    </display>
    <display name="Symbol 10278" type="image">
     <transform scX="1" x="0" scY="1" y="0" pX="229" pY="98" skX="0" skY="0"/>
    </display>
    <display name="Symbol 10288" type="image">
     <transform scX="1" x="0" scY="1" y="0" pX="272" pY="103.2" skX="0" skY="0"/>
    </display>
    <display name="Symbol 10294" type="image">
     <transform scX="1" x="0" scY="1" y="0" pX="229" pY="98" skX="0" skY="0"/>
    </display>
    <display name="Symbol 10301" type="image">
     <transform scX="1" x="0" scY="1" y="0" pX="229" pY="98" skX="0" skY="0"/>
    </display>
    <display name="Symbol 10307" type="image">
     <transform scX="1" x="0" scY="1" y="0" pX="229" pY="98" skX="0" skY="0"/>
    </display>
    <display name="Symbol 10315" type="image">
     <transform scX="1" x="0" scY="1" y="0" pX="219.1" pY="105.7" skX="0" skY="0"/>
    </display>
   </slot>
   <slot name="btnOk" z="9" parent="btnOk">
    <display name="Symbol 10240" type="armature">
     <transform scX="1" x="0" skX="0" scY="1" y="0" skY="0"/>
    </display>
   </slot>
   <slot name="btnLeft" z="10" parent="btnLeft">
    <display name="Symbol 3975" type="armature">
     <transform scX="1" x="0" skX="0" scY="1" y="0" skY="0"/>
    </display>
   </slot>
   <slot name="btnRight" z="11" parent="btnRight">
    <display name="Symbol 3975" type="armature">
     <transform scX="1" x="0" skX="0" scY="1" y="0" skY="0"/>
    </display>
   </slot>
  </skin>
  <bone name="Layer 12">
   <transform scX="1" x="0" skX="0" scY="1" y="0" skY="0"/>
  </bone>
  <bone name="Layer 19">
   <transform scX="1" x="-143.5" skX="0" scY="1" y="-3" skY="0"/>
  </bone>
  <bone name="Layer 18">
   <transform scX="1" x="23.4" skX="0" scY="1" y="-70" skY="0"/>
  </bone>
  <bone name="Layer 17">
   <transform scX="1" x="0" skX="0" scY="1" y="0" skY="0"/>
  </bone>
  <bone name="Layer 16">
   <transform scX="1" x="1.75" skX="0" scY="1" y="-78" skY="0"/>
  </bone>
  <bone name="Layer 15">
   <transform scX="1" x="-185.25" skX="0" scY="1" y="100.7" skY="0"/>
  </bone>
  <bone name="Layer 20">
   <transform scX="1" x="-0.3" skX="0" scY="1" y="-130.3" skY="0"/>
  </bone>
  <bone name="Layer 11">
   <transform scX="1" x="183.75" skX="0" scY="1" y="97.2" skY="0"/>
  </bone>
  <bone name="Layer 4">
   <transform scX="1" x="0" skX="0" scY="1" y="0" skY="0"/>
  </bone>
  <bone name="btnOk">
   <transform scX="1" x="0.6" skX="0" scY="1" y="145" skY="0"/>
  </bone>
  <bone name="btnLeft">
   <transform scX="-1" x="-200" skX="0" scY="1" y="145" skY="0"/>
  </bone>
  <bone name="btnRight">
   <transform scX="1" x="200" skX="0" scY="1" y="145" skY="0"/>
  </bone>
  <animation name="cont1" scale="1" loop="1" autoTween="NaN" fadeInTime="0.3" duration="15" tweenEasing="NaN">
   <timeline pX="0" name="Layer 20" pY="0" scale="1" offset="0">
    <frame z="0" duration="1" tweenEasing="NaN">
     <transform scX="1" x="0" scY="1" y="0" pX="0" pY="0" skX="0" skY="0"/>
    </frame>
    <frame displayIndex="-1" duration="1"/>
    <frame displayIndex="1" z="0" duration="2">
     <transform scX="1" x="-5.25" scY="1" y="31.000000000000014" pX="0" pY="0" skX="0" skY="0"/>
    </frame>
    <frame displayIndex="2" z="0" duration="1">
     <transform scX="1" x="8.4" scY="1" y="13.000000000000014" pX="0" pY="0" skX="0" skY="0"/>
    </frame>
    <frame displayIndex="3" z="0" duration="3">
     <transform scX="1" x="1.95" scY="1" y="12.000000000000014" pX="0" pY="0" skX="0" skY="0"/>
    </frame>
    <frame displayIndex="-1" duration="1"/>
    <frame displayIndex="4" z="0" duration="3">
     <transform scX="1" x="-0.35000000000000003" scY="1" y="-1.8999999999999773" pX="0" pY="0" skX="0" skY="0"/>
    </frame>
    <frame displayIndex="5" z="0" duration="2">
     <transform scX="1" x="7.1" scY="1" y="34.000000000000014" pX="0" pY="0" skX="0" skY="0"/>
    </frame>
    <frame displayIndex="6" z="0" duration="1">
     <transform scX="1" x="4.2" scY="1" y="17.000000000000014" pX="0" pY="0" skX="0" skY="0"/>
    </frame>
   </timeline>
   <timeline pX="0" name="Layer 19" pY="0" scale="1" offset="0">
    <frame displayIndex="-1" duration="5"/>
    <frame z="0" duration="1" tweenEasing="NaN">
     <transform scX="1" x="0" scY="1" y="0" pX="0" pY="0" skX="0" skY="0"/>
    </frame>
    <frame z="0" displayIndex="1" duration="1" tweenEasing="NaN">
     <transform scX="1" x="0" scY="1" y="0" pX="0" pY="0" skX="0" skY="0"/>
    </frame>
    <frame z="0" displayIndex="2" duration="1" tweenEasing="NaN">
     <transform scX="1" x="222.5" scY="1" y="-20.5" pX="0" pY="0" skX="0" skY="0"/>
    </frame>
    <frame displayIndex="3" z="0" duration="1">
     <transform scX="1" x="143.5" scY="1" y="3" pX="0" pY="0" skX="0" skY="0"/>
    </frame>
    <frame z="0" displayIndex="4" duration="1" tweenEasing="NaN">
     <transform scX="1" x="219.5" scY="1" y="-3.45" pX="0" pY="0" skX="0" skY="0"/>
    </frame>
    <frame z="0" displayIndex="5" duration="1" tweenEasing="NaN">
     <transform scX="1" x="221.5" scY="1" y="-14.25" pX="0" pY="0" skX="0" skY="0"/>
    </frame>
    <frame z="0" displayIndex="6" duration="1" tweenEasing="NaN">
     <transform scX="1" x="200.8" scY="1" y="-8.4" pX="0" pY="0" skX="0" skY="0"/>
    </frame>
    <frame z="0" displayIndex="7" duration="1" tweenEasing="NaN">
     <transform scX="1" x="17" scY="1" y="49.75" pX="0" pY="0" skX="0" skY="0"/>
    </frame>
    <frame z="0" displayIndex="8" duration="1" tweenEasing="NaN">
     <transform scX="1" x="285.45" scY="1" y="20.4" pX="0" pY="0" skX="0" skY="0"/>
    </frame>
    <frame z="0" displayIndex="9" duration="1" tweenEasing="NaN">
     <transform scX="1" x="285.45" scY="1" y="20.4" pX="0" pY="0" skX="0" skY="0"/>
    </frame>
   </timeline>
   <timeline pX="0" name="Layer 18" pY="0" scale="1" offset="0">
    <frame displayIndex="-1" duration="5"/>
    <frame z="0" duration="1" tweenEasing="NaN">
     <transform scX="1" x="0" scY="1" y="0" pX="0" pY="0" skX="0" skY="0"/>
    </frame>
    <frame z="0" displayIndex="1" duration="1" tweenEasing="NaN">
     <transform scX="1" x="-11.399999999999999" scY="1" y="0.5" pX="0" pY="0" skX="0" skY="0"/>
    </frame>
    <frame z="0" displayIndex="2" duration="1" tweenEasing="NaN">
     <transform scX="1" x="-166.9" scY="1" y="67" pX="0" pY="0" skX="0" skY="0"/>
    </frame>
    <frame displayIndex="3" z="0" duration="1">
     <transform scX="1" x="-19.799999999999997" scY="1" y="-48.3" pX="0" pY="0" skX="0" skY="0"/>
    </frame>
    <frame z="0" displayIndex="4" duration="1" tweenEasing="NaN">
     <transform scX="1" x="-166.9" scY="1" y="67" pX="0" pY="0" skX="0" skY="0"/>
    </frame>
    <frame z="0" displayIndex="5" duration="1" tweenEasing="NaN">
     <transform scX="1" x="-166.9" scY="1" y="67" pX="0" pY="0" skX="0" skY="0"/>
    </frame>
    <frame z="0" displayIndex="6" duration="1" tweenEasing="NaN">
     <transform scX="1" x="-166.9" scY="1" y="67" pX="0" pY="0" skX="0" skY="0"/>
    </frame>
    <frame displayIndex="-1" duration="1"/>
    <frame displayIndex="7" z="0" duration="1">
     <transform scX="-1.14" x="-132.65" scY="1.14" y="40.1" pX="0" pY="0" skX="0" skY="0"/>
    </frame>
    <frame displayIndex="7" z="0" duration="1">
     <transform scX="-1.14" x="-132.65" scY="1.14" y="40.1" pX="0" pY="0" skX="0" skY="0"/>
    </frame>
   </timeline>
   <timeline pX="0" name="Layer 17" pY="0" scale="1" offset="0">
    <frame displayIndex="-1" duration="4"/>
    <frame z="0" duration="1">
     <transform scX="1" x="0" scY="1" y="0" pX="0" pY="0" skX="0" skY="0"/>
    </frame>
    <frame z="0" displayIndex="1" duration="1" tweenEasing="NaN">
     <transform scX="1" x="74.4" scY="1" y="7" pX="0" pY="0" skX="0" skY="0"/>
    </frame>
    <frame z="0" displayIndex="2" duration="1" tweenEasing="NaN">
     <transform scX="1" x="75.9" scY="1" y="3.2" pX="0" pY="0" skX="0" skY="0"/>
    </frame>
    <frame z="0" displayIndex="3" duration="1" tweenEasing="NaN">
     <transform scX="1" x="3.15" scY="1" y="-86.5" pX="0" pY="0" skX="0" skY="0"/>
    </frame>
    <frame z="0" displayIndex="4" duration="1" tweenEasing="NaN">
     <transform scX="1" x="192.5" scY="1" y="-15.3" pX="0" pY="0" skX="0" skY="0"/>
    </frame>
    <frame z="0" displayIndex="5" duration="1" tweenEasing="NaN">
     <transform scX="1" x="22" scY="1" y="-70.5" pX="0" pY="0" skX="0" skY="0"/>
    </frame>
    <frame z="0" displayIndex="6" duration="1" tweenEasing="NaN">
     <transform scX="1" x="7" scY="1" y="-80" pX="0" pY="0" skX="0" skY="0"/>
    </frame>
    <frame z="0" displayIndex="7" duration="1" tweenEasing="NaN">
     <transform scX="1" x="11.5" scY="1" y="-64.5" pX="0" pY="0" skX="0" skY="0"/>
    </frame>
    <frame displayIndex="-1" duration="1"/>
    <frame displayIndex="8" z="0" duration="1">
     <transform scX="0.88" x="-110.1" scY="0.88" y="-27.1" pX="0" pY="0" skX="0" skY="0"/>
    </frame>
    <frame displayIndex="8" z="0" duration="1">
     <transform scX="0.88" x="-110.1" scY="0.88" y="-27.1" pX="0" pY="0" skX="0" skY="0"/>
    </frame>
   </timeline>
   <timeline pX="0" name="Layer 16" pY="0" scale="1" offset="0">
    <frame displayIndex="-1" duration="4"/>
    <frame z="0" duration="1" tweenEasing="NaN">
     <transform scX="1" x="0" scY="1" y="0" pX="0" pY="0" skX="0" skY="0"/>
    </frame>
    <frame displayIndex="-1" duration="3"/>
    <frame z="0" displayIndex="1" duration="1" tweenEasing="NaN">
     <transform scX="1" x="2.25" scY="1" y="-13.900000000000006" pX="0" pY="0" skX="0" skY="0"/>
    </frame>
    <frame displayIndex="-1" duration="1"/>
    <frame displayIndex="2" z="0" duration="1">
     <transform scX="1" x="222.75" scY="1" y="62.5" pX="0" pY="0" skX="0" skY="0"/>
    </frame>
    <frame displayIndex="-1" duration="4"/>
   </timeline>
   <timeline pX="0" name="Layer 15" pY="0" scale="1" offset="0">
    <frame displayIndex="-1" duration="4"/>
    <frame z="0" duration="1" tweenEasing="NaN">
     <transform scX="1" x="0" scY="1" y="0" pX="0" pY="0" skX="0" skY="0"/>
    </frame>
    <frame z="0" displayIndex="1" duration="3" tweenEasing="NaN">
     <transform scX="1" x="228.15" scY="1" y="-38.800000000000004" pX="0" pY="0" skX="0" skY="0"/>
    </frame>
    <frame z="0" displayIndex="2" duration="1" tweenEasing="NaN">
     <transform scX="1" x="6.449999999999989" scY="1" y="4.25" pX="0" pY="0" skX="0" skY="0"/>
    </frame>
    <frame z="0" displayIndex="3" duration="3" tweenEasing="NaN">
     <transform scX="1" x="235.25" scY="1" y="-69.6" pX="0" pY="0" skX="0" skY="0"/>
    </frame>
    <frame displayIndex="-1" duration="3"/>
   </timeline>
   <timeline pX="0" name="Layer 12" pY="0" scale="1" offset="0">
    <frame displayIndex="-1" duration="4"/>
    <frame z="0" duration="1">
     <transform scX="1" x="0" scY="1" y="0" pX="0" pY="0" skX="0" skY="0"/>
    </frame>
    <frame displayIndex="-1" duration="3"/>
    <frame displayIndex="1" z="0" duration="1">
     <transform scX="1" x="0" scY="1" y="0" pX="0" pY="0" skX="0" skY="0"/>
    </frame>
    <frame displayIndex="-1" duration="3"/>
    <frame displayIndex="2" z="0" duration="1">
     <transform scX="1" x="0" scY="1" y="0" pX="0" pY="0" skX="0" skY="0"/>
    </frame>
    <frame displayIndex="-1" duration="2"/>
   </timeline>
   <timeline pX="0" name="Layer 11" pY="0" scale="1" offset="0">
    <frame displayIndex="-1" duration="4"/>
    <frame z="0" duration="1">
     <transform scX="1" x="0" scY="1" y="0" pX="0" pY="0" skX="0" skY="0"/>
    </frame>
    <frame displayIndex="-1" duration="3"/>
    <frame z="0" displayIndex="1" duration="1" tweenEasing="NaN">
     <transform scX="1" x="17.849999999999994" scY="1" y="2.799999999999997" pX="0" pY="0" skX="0" skY="0"/>
    </frame>
    <frame displayIndex="-1" duration="3"/>
    <frame z="0" displayIndex="2" duration="2" tweenEasing="NaN">
     <transform scX="1" x="-61.3" scY="1" y="-56.45" pX="0" pY="0" skX="0" skY="0"/>
    </frame>
    <frame displayIndex="-1" duration="1"/>
   </timeline>
   <timeline pX="0" name="Layer 4" pY="0" scale="1" offset="0">
    <frame z="0" duration="1">
     <transform scX="1" x="0" scY="1" y="0" pX="0" pY="0" skX="0" skY="0"/>
    </frame>
    <frame displayIndex="-1" duration="1"/>
    <frame displayIndex="1" z="0" duration="1">
     <transform scX="1" x="0" scY="1" y="0" pX="0" pY="0" skX="0" skY="0"/>
    </frame>
    <frame displayIndex="2" z="0" duration="1">
     <transform scX="1" x="0" scY="1" y="0" pX="0" pY="0" skX="0" skY="0"/>
    </frame>
    <frame displayIndex="3" z="0" duration="1">
     <transform scX="1" x="0" scY="1" y="0" pX="0" pY="0" skX="0" skY="0"/>
    </frame>
    <frame displayIndex="4" z="0" duration="1">
     <transform scX="1" x="0" scY="1" y="0" pX="0" pY="0" skX="0" skY="0"/>
    </frame>
    <frame displayIndex="5" z="0" duration="1">
     <transform scX="1" x="0" scY="1" y="0" pX="0" pY="0" skX="0" skY="0"/>
    </frame>
    <frame displayIndex="6" z="0" duration="1">
     <transform scX="1" x="0" scY="1" y="0" pX="0" pY="0" skX="0" skY="0"/>
    </frame>
    <frame displayIndex="7" z="0" duration="1">
     <transform scX="1" x="0" scY="1" y="0" pX="0" pY="0" skX="0" skY="0"/>
    </frame>
    <frame displayIndex="8" z="0" duration="1">
     <transform scX="1" x="0" scY="1" y="0" pX="0" pY="0" skX="0" skY="0"/>
    </frame>
    <frame displayIndex="9" z="0" duration="1">
     <transform scX="1" x="0" scY="1" y="0" pX="0" pY="0" skX="0" skY="0"/>
    </frame>
    <frame displayIndex="10" z="0" duration="1">
     <transform scX="1" x="0" scY="1" y="0" pX="0" pY="0" skX="0" skY="0"/>
    </frame>
    <frame displayIndex="-1" duration="1"/>
    <frame displayIndex="11" z="0" duration="1">
     <transform scX="1" x="0" scY="1" y="0" pX="0" pY="0" skX="0" skY="0"/>
    </frame>
    <frame displayIndex="11" z="0" duration="1">
     <transform scX="1" x="0" scY="1" y="0" pX="0" pY="0" skX="0" skY="0"/>
    </frame>
   </timeline>
   <timeline pX="0" name="btnOk" pY="0" scale="1" offset="0">
    <frame z="0" duration="14">
     <transform scX="1" x="0" scY="1" y="0" pX="0" pY="0" skX="0" skY="0"/>
    </frame>
    <frame z="0" duration="1">
     <transform scX="1" x="0" scY="1" y="0" pX="0" pY="0" skX="0" skY="0"/>
    </frame>
   </timeline>
   <timeline pX="0" name="btnLeft" pY="0" scale="1" offset="0">
    <frame z="0" duration="14">
     <transform scX="1" x="0" scY="1" y="0" pX="0" pY="0" skX="0" skY="0"/>
    </frame>
    <frame z="0" duration="1">
     <transform scX="1" x="0" scY="1" y="0" pX="0" pY="0" skX="0" skY="0"/>
    </frame>
   </timeline>
   <timeline pX="0" name="btnRight" pY="0" scale="1" offset="0">
    <frame z="0" duration="14">
     <transform scX="1" x="0" scY="1" y="0" pX="0" pY="0" skX="0" skY="0"/>
    </frame>
    <frame z="0" duration="1">
     <transform scX="1" x="0" scY="1" y="0" pX="0" pY="0" skX="0" skY="0"/>
    </frame>
   </timeline>
   <frame duration="14"/>
   <frame duration="1"/>
  </animation>
 </armature>
 <armature name="Symbol 10240">
  <skin name="default">
   <slot name="Layer 2" z="0" parent="Layer 2">
    <display name="位图 3" type="image">
     <transform scX="1" x="-52" scY="1" y="-29" pX="0" pY="0" skX="0" skY="0"/>
    </display>
    <display name="位图 4" type="image">
     <transform scX="1" x="-52" scY="1" y="-29" pX="0" pY="0" skX="0" skY="0"/>
    </display>
    <display name="位图 5" type="image">
     <transform scX="1" x="-52" scY="1" y="-29" pX="0" pY="0" skX="0" skY="0"/>
    </display>
   </slot>
   <slot name="okCase" z="1" parent="okCase">
    <display name="Symbol 47" type="image">
     <transform scX="1" x="0" scY="1" y="0" pX="25" pY="25" skX="0" skY="0"/>
    </display>
   </slot>
  </skin>
  <bone name="Layer 2">
   <transform scX="1" x="-0.7" skX="0" scY="1" y="0.15" skY="0"/>
  </bone>
  <bone name="okCase">
   <transform scX="1.22" x="-1.7" skX="0" scY="0.67" y="-1.8" skY="0"/>
  </bone>
  <animation name="btnOk" scale="1" loop="1" autoTween="NaN" fadeInTime="0.3" duration="4" tweenEasing="NaN">
   <timeline pX="0" name="Layer 2" pY="0" scale="1" offset="0">
    <frame z="0" duration="1">
     <transform scX="1" x="0" scY="1" y="0" pX="0" pY="0" skX="0" skY="0"/>
    </frame>
    <frame displayIndex="1" z="0" duration="1">
     <transform scX="1" x="0" scY="1" y="0" pX="0" pY="0" skX="0" skY="0"/>
    </frame>
    <frame displayIndex="2" z="0" duration="2">
     <transform scX="1" x="0" scY="1" y="0" pX="0" pY="0" skX="0" skY="0"/>
    </frame>
   </timeline>
   <timeline pX="0" name="okCase" pY="0" scale="1" offset="0">
    <frame z="0" duration="3">
     <transform scX="1" x="0" scY="1" y="0" pX="0" pY="0" skX="0" skY="0"/>
    </frame>
    <frame z="0" duration="1">
     <transform scX="1" x="0" scY="1" y="0" pX="0" pY="0" skX="0" skY="0"/>
    </frame>
   </timeline>
   <frame duration="3"/>
   <frame duration="1"/>
  </animation>
 </armature>
 <armature name="Symbol 3975">
  <skin name="default">
   <slot name="Layer 2" z="0" parent="Layer 2">
    <display name="__dbTextures/Symbol 3975/Layer 2_0" type="image">
     <transform scX="1" x="-22.25" scY="1" y="-17.5" pX="0" pY="0" skX="0" skY="0"/>
    </display>
    <display name="__dbTextures/Symbol 3975/Layer 2_1" type="image">
     <transform scX="1" x="-22.25" scY="1" y="-17.5" pX="0" pY="0" skX="0" skY="0"/>
    </display>
    <display name="__dbTextures/Symbol 3975/Layer 2_2" type="image">
     <transform scX="1" x="-22.25" scY="1" y="-17.5" pX="0" pY="0" skX="0" skY="0"/>
    </display>
    <display name="__dbTextures/Symbol 3975/Layer 2_3" type="image">
     <transform scX="1" x="-22.25" scY="1" y="-17.5" pX="0" pY="0" skX="0" skY="0"/>
    </display>
   </slot>
   <slot name="arrowCase" z="1" parent="arrowCase">
    <display name="Symbol 47" type="image">
     <transform scX="1" x="0" scY="1" y="0" pX="25" pY="25" skX="0" skY="0"/>
    </display>
   </slot>
  </skin>
  <bone name="Layer 2">
   <transform scX="1" x="0.25" skX="0" scY="1" y="-0.5" skY="0"/>
  </bone>
  <bone name="arrowCase">
   <transform scX="0.76" x="0" skX="0" scY="0.6" y="-0.45" skY="0"/>
  </bone>
  <animation name="btnRight" scale="1" loop="1" autoTween="NaN" fadeInTime="0.3" duration="4" tweenEasing="NaN">
   <timeline pX="0" name="Layer 2" pY="0" scale="1" offset="0">
    <frame z="0" duration="1" tweenEasing="NaN">
     <transform scX="1" x="0" scY="1" y="0" pX="0" pY="0" skX="0" skY="0"/>
    </frame>
    <frame z="0" displayIndex="1" duration="1" tweenEasing="NaN">
     <transform scX="1" x="0" scY="1" y="0" pX="0" pY="0" skX="0" skY="0"/>
    </frame>
    <frame z="0" displayIndex="2" duration="1" tweenEasing="NaN">
     <transform scX="1" x="0" scY="1" y="0" pX="0" pY="0" skX="0" skY="0"/>
    </frame>
    <frame z="0" displayIndex="3" duration="1" tweenEasing="NaN">
     <transform scX="1" x="0" scY="1" y="0" pX="0" pY="0" skX="0" skY="0"/>
    </frame>
   </timeline>
   <timeline pX="0" name="arrowCase" pY="0" scale="1" offset="0">
    <frame z="0" duration="3">
     <transform scX="1" x="0" scY="1" y="0" pX="0" pY="0" skX="0" skY="0"/>
    </frame>
    <frame z="0" duration="1">
     <transform scX="1" x="0" scY="1" y="0" pX="0" pY="0" skX="0" skY="0"/>
    </frame>
   </timeline>
   <frame duration="3"/>
   <frame duration="1"/>
  </animation>
 </armature>
</root>