<root name="Training_92_mc" isGlobal="0" frameRate="30" version="3.0">
 <armature name="Training_92_mc">
  <skin name="default">
   <slot name="Layer 1" z="0" parent="Layer 1">
    <display name="Shape/shape 5222" type="image">
     <transform x="0" pX="350" pY="250" skX="0" skY="0" scX="1" y="0" scY="1"/>
    </display>
    <display name="Sprite/sprite 5256" type="image">
     <transform x="0" pX="350" pY="250" skX="0" skY="0" scX="1" y="0" scY="1"/>
    </display>
   </slot>
   <slot name="cont" z="1" parent="cont">
    <display name="Sprite/sprite 10322" type="armature">
     <transform scY="1" skY="0" x="0" scX="1" skX="0" y="0"/>
    </display>
   </slot>
  </skin>
  <bone name="Layer 1">
   <transform y="0" skY="0" x="0" scX="1.14" skX="0" scY="1.2"/>
  </bone>
  <bone name="cont">
   <transform y="180" skY="0" x="0" scX="1" skX="0" scY="1"/>
  </bone>
  <animation name="Training_92_mc" scale="1" loop="1" fadeInTime="0.3" autoTween="NaN" duration="15" tweenEasing="NaN">
   <timeline name="Layer 1" scale="1" pX="0" pY="0" offset="0">
    <frame z="0" duration="6" tweenEasing="0">
     <transform x="0" pX="0" pY="0" skX="0" skY="0" scX="1" y="0" scY="1"/>
     <colorTransform bM="100" gO="0" bO="0" aM="0" rM="100" aO="0" gM="100" rO="0"/>
    </frame>
    <frame z="0" duration="1">
     <transform x="0" pX="0" pY="0" skX="0" skY="0" scX="1" y="0" scY="1"/>
    </frame>
    <frame z="0" duration="6">
     <transform x="0" pX="0" pY="0" skX="0" skY="0" scX="1" y="0" scY="1"/>
    </frame>
    <frame displayIndex="1" z="0" duration="1">
     <transform x="0" pX="0" pY="0" skX="0" skY="0" scX="1" y="0" scY="1"/>
    </frame>
    <frame displayIndex="1" z="0" duration="1">
     <transform x="0" pX="0" pY="0" skX="0" skY="0" scX="1" y="0" scY="1"/>
    </frame>
   </timeline>
   <timeline name="cont" scale="1" pX="0" pY="0" offset="0">
    <frame z="0" duration="4" tweenEasing="0">
     <transform x="0" pX="0" pY="0" skX="0" skY="0" scX="1" y="0" scY="1"/>
     <colorTransform bM="100" gO="0" bO="0" aM="40" rM="100" aO="0" gM="100" rO="0"/>
    </frame>
    <frame z="0" duration="2" tweenEasing="0">
     <transform x="0" pX="0" pY="0" skX="0" skY="0" scX="1" y="-180" scY="1"/>
    </frame>
    <frame z="0" duration="3" tweenEasing="0">
     <transform x="0" pX="0" pY="0" skX="0" skY="0" scX="1.11" y="-190.5" scY="1.11"/>
    </frame>
    <frame z="0" duration="2" tweenEasing="0">
     <transform x="0" pX="0" pY="0" skX="0" skY="0" scX="0.98" y="-180" scY="0.98"/>
    </frame>
    <frame z="0" duration="2" tweenEasing="0">
     <transform x="0" pX="0" pY="0" skX="0" skY="0" scX="1.03" y="-180" scY="1"/>
    </frame>
    <frame z="0" duration="1">
     <transform x="0" pX="0" pY="0" skX="0" skY="0" scX="1" y="-180" scY="1"/>
    </frame>
    <frame z="0" duration="1">
     <transform x="0" pX="0" pY="0" skX="0" skY="0" scX="1" y="-180" scY="1"/>
    </frame>
   </timeline>
   <frame duration="14"/>
   <frame duration="1"/>
  </animation>
 </armature>
 <armature name="Sprite/sprite 10322">
  <skin name="default">
   <slot name="Layer 5" z="0" parent="Layer 5">
    <display name="__dbTextures/Sprite/sprite 10322/Layer 5_0" type="image">
     <transform x="-29.5" pX="0" pY="0" skX="0" skY="0" scX="1" y="-182" scY="1"/>
    </display>
    <display name="__dbTextures/Sprite/sprite 10322/Layer 5_1" type="image">
     <transform x="-67.15" pX="0" pY="0" skX="0" skY="0" scX="1" y="-182" scY="1"/>
    </display>
    <display name="__dbTextures/Sprite/sprite 10322/Layer 5_2" type="image">
     <transform x="-104.75" pX="0" pY="0" skX="0" skY="0" scX="1" y="-182" scY="1"/>
    </display>
    <display name="__dbTextures/Sprite/sprite 10322/Layer 5_3" type="image">
     <transform x="-142.4" pX="0" pY="0" skX="0" skY="0" scX="1" y="-182" scY="1"/>
    </display>
    <display name="__dbTextures/Sprite/sprite 10322/Layer 5_4" type="image">
     <transform x="-180.05" pX="0" pY="0" skX="0" skY="0" scX="1" y="-182" scY="1"/>
    </display>
    <display name="__dbTextures/Sprite/sprite 10322/Layer 5_5" type="image">
     <transform x="-217.7" pX="0" pY="0" skX="0" skY="0" scX="1" y="-182" scY="1"/>
    </display>
    <display name="__dbTextures/Sprite/sprite 10322/Layer 5_6" type="image">
     <transform x="-255.35" pX="0" pY="0" skX="0" skY="0" scX="1" y="-182" scY="1"/>
    </display>
    <display name="__dbTextures/Sprite/sprite 10322/Layer 5_7" type="image">
     <transform x="-293" pX="0" pY="0" skX="0" skY="0" scX="1" y="-182" scY="1"/>
    </display>
    <display name="__dbTextures/Sprite/sprite 10322/Layer 5_15" type="image">
     <transform x="-293" pX="0" pY="0" skX="0" skY="0" scX="1" y="-182" scY="1"/>
    </display>
   </slot>
   <slot name="cont1" z="1" parent="cont1">
    <display name="__dbTextures/Sprite/sprite 10322/cont1_0" type="image">
     <transform x="-36.5" pX="0" pY="0" skX="0" skY="0" scX="1" y="-167" scY="1"/>
    </display>
    <display name="__dbTextures/Sprite/sprite 10322/cont1_1" type="image">
     <transform x="-67.5" pX="0" pY="0" skX="0" skY="0" scX="1" y="-167" scY="1"/>
    </display>
    <display name="__dbTextures/Sprite/sprite 10322/cont1_2" type="image">
     <transform x="-98.5" pX="0" pY="0" skX="0" skY="0" scX="1" y="-167" scY="1"/>
    </display>
    <display name="__dbTextures/Sprite/sprite 10322/cont1_3" type="image">
     <transform x="-129.5" pX="0" pY="0" skX="0" skY="0" scX="1" y="-167" scY="1"/>
    </display>
    <display name="__dbTextures/Sprite/sprite 10322/cont1_4" type="image">
     <transform x="-160.5" pX="0" pY="0" skX="0" skY="0" scX="1" y="-167" scY="1"/>
    </display>
    <display name="__dbTextures/Sprite/sprite 10322/cont1_5" type="image">
     <transform x="-191.5" pX="0" pY="0" skX="0" skY="0" scX="1" y="-167" scY="1"/>
    </display>
    <display name="__dbTextures/Sprite/sprite 10322/cont1_6" type="image">
     <transform x="-222.5" pX="0" pY="0" skX="0" skY="0" scX="1" y="-167" scY="1"/>
    </display>
    <display name="Symbol 10317" type="armature">
     <transform scY="1" skY="0" x="0" scX="1" skX="0" y="0"/>
    </display>
   </slot>
   <slot name="Layer 2" z="2" parent="Layer 2">
    <display name="Symbol 10319" type="image">
     <transform x="0" pX="21" pY="148" skX="0" skY="0" scX="1" y="0" scY="1"/>
    </display>
   </slot>
   <slot name="Layer 1" z="3" parent="Layer 1">
    <display name="Symbol 10321" type="image">
     <transform x="0" pX="22" pY="150" skX="0" skY="0" scX="1" y="0" scY="1"/>
    </display>
   </slot>
  </skin>
  <bone name="Layer 2">
   <transform y="0" skY="0" x="11.95" scX="1.19" skX="0" scY="1.19"/>
  </bone>
  <bone name="cont1">
   <transform y="4.7" skY="0" x="-5.5" scX="1" skX="0" scY="1"/>
  </bone>
  <bone name="Layer 5">
   <transform y="3" skY="0" x="-11.5" scX="1" skX="0" scY="1"/>
  </bone>
  <bone name="Layer 1">
   <transform y="0" skY="0" x="-11.95" scX="1.19" skX="0" scY="1.19"/>
  </bone>
  <animation name="cont" scale="1" loop="1" fadeInTime="0.3" autoTween="NaN" duration="16" tweenEasing="NaN">
   <timeline name="Layer 5" scale="1" pX="0" pY="0" offset="0">
    <frame z="0" duration="1" tweenEasing="NaN">
     <transform x="0" pX="0" pY="0" skX="0" skY="0" scX="1" y="0" scY="1"/>
    </frame>
    <frame z="0" displayIndex="1" duration="1" tweenEasing="NaN">
     <transform x="1.8000000000000007" pX="0" pY="0" skX="0" skY="0" scX="1" y="0" scY="1"/>
    </frame>
    <frame z="0" displayIndex="2" duration="1" tweenEasing="NaN">
     <transform x="3.55" pX="0" pY="0" skX="0" skY="0" scX="1" y="0" scY="1"/>
    </frame>
    <frame z="0" displayIndex="3" duration="1" tweenEasing="NaN">
     <transform x="5.35" pX="0" pY="0" skX="0" skY="0" scX="1" y="0" scY="1"/>
    </frame>
    <frame z="0" displayIndex="4" duration="1" tweenEasing="NaN">
     <transform x="7.1" pX="0" pY="0" skX="0" skY="0" scX="1" y="0" scY="1"/>
    </frame>
    <frame z="0" displayIndex="5" duration="1" tweenEasing="NaN">
     <transform x="8.9" pX="0" pY="0" skX="0" skY="0" scX="1" y="0" scY="1"/>
    </frame>
    <frame z="0" displayIndex="6" duration="1" tweenEasing="NaN">
     <transform x="10.7" pX="0" pY="0" skX="0" skY="0" scX="1" y="0" scY="1"/>
    </frame>
    <frame z="0" displayIndex="7" duration="8" tweenEasing="NaN">
     <transform x="12.5" pX="0" pY="0" skX="0" skY="0" scX="1" y="0" scY="1"/>
    </frame>
    <frame z="0" displayIndex="8" duration="1" tweenEasing="NaN">
     <transform x="12.5" pX="0" pY="0" skX="0" skY="0" scX="1" y="0" scY="1"/>
    </frame>
   </timeline>
   <timeline name="cont1" scale="1" pX="0" pY="0" offset="0">
    <frame z="0" duration="1" tweenEasing="NaN">
     <transform x="0" pX="0" pY="0" skX="0" skY="0" scX="1" y="0" scY="1"/>
    </frame>
    <frame z="0" displayIndex="1" duration="1" tweenEasing="NaN">
     <transform x="0.9000000000000004" pX="0" pY="0" skX="0" skY="0" scX="1" y="0" scY="1"/>
    </frame>
    <frame z="0" displayIndex="2" duration="1" tweenEasing="NaN">
     <transform x="1.85" pX="0" pY="0" skX="0" skY="0" scX="1" y="0" scY="1"/>
    </frame>
    <frame z="0" displayIndex="3" duration="1" tweenEasing="NaN">
     <transform x="2.75" pX="0" pY="0" skX="0" skY="0" scX="1" y="0" scY="1"/>
    </frame>
    <frame z="0" displayIndex="4" duration="1" tweenEasing="NaN">
     <transform x="3.65" pX="0" pY="0" skX="0" skY="0" scX="1" y="0" scY="1"/>
    </frame>
    <frame z="0" displayIndex="5" duration="1" tweenEasing="NaN">
     <transform x="4.6" pX="0" pY="0" skX="0" skY="0" scX="1" y="0" scY="1"/>
    </frame>
    <frame z="0" displayIndex="6" duration="1" tweenEasing="NaN">
     <transform x="5.5" pX="0" pY="0" skX="0" skY="0" scX="1" y="0" scY="1"/>
    </frame>
    <frame displayIndex="7" z="0" duration="8">
     <transform x="5.5" pX="0" pY="0" skX="0" skY="0" scX="1" y="-7.7" scY="1"/>
    </frame>
    <frame displayIndex="7" z="0" duration="1">
     <transform x="5.5" pX="0" pY="0" skX="0" skY="0" scX="1" y="-7.7" scY="1"/>
    </frame>
   </timeline>
   <timeline name="Layer 2" scale="1" pX="0" pY="0" offset="0">
    <frame z="0" duration="1">
     <transform x="0" pX="0" pY="0" skX="0" skY="0" scX="1" y="0" scY="1"/>
    </frame>
    <frame z="0" duration="1">
     <transform x="37.150000000000006" pX="0" pY="0" skX="0" skY="0" scX="1" y="0" scY="1"/>
    </frame>
    <frame z="0" duration="1">
     <transform x="74.3" pX="0" pY="0" skX="0" skY="0" scX="1" y="0" scY="1"/>
    </frame>
    <frame z="0" duration="1">
     <transform x="111.45" pX="0" pY="0" skX="0" skY="0" scX="1" y="0" scY="1"/>
    </frame>
    <frame z="0" duration="1">
     <transform x="148.60000000000002" pX="0" pY="0" skX="0" skY="0" scX="1" y="0" scY="1"/>
    </frame>
    <frame z="0" duration="1">
     <transform x="185.75" pX="0" pY="0" skX="0" skY="0" scX="1" y="0" scY="1"/>
    </frame>
    <frame z="0" duration="1">
     <transform x="222.9" pX="0" pY="0" skX="0" skY="0" scX="1" y="0" scY="1"/>
    </frame>
    <frame z="0" duration="8">
     <transform x="260.05" pX="0" pY="0" skX="0" skY="0" scX="1" y="0" scY="1"/>
    </frame>
    <frame z="0" duration="1">
     <transform x="260.05" pX="0" pY="0" skX="0" skY="0" scX="1" y="0" scY="1"/>
    </frame>
   </timeline>
   <timeline name="Layer 1" scale="1" pX="0" pY="0" offset="0">
    <frame z="0" duration="1">
     <transform x="0" pX="0" pY="0" skX="0" skY="0" scX="1" y="0" scY="1"/>
    </frame>
    <frame z="0" duration="1">
     <transform x="-37" pX="0" pY="0" skX="0" skY="0" scX="1" y="0" scY="1"/>
    </frame>
    <frame z="0" duration="1">
     <transform x="-74" pX="0" pY="0" skX="0" skY="0" scX="1" y="0" scY="1"/>
    </frame>
    <frame z="0" duration="1">
     <transform x="-111" pX="0" pY="0" skX="0" skY="0" scX="1" y="0" scY="1"/>
    </frame>
    <frame z="0" duration="1">
     <transform x="-148.05" pX="0" pY="0" skX="0" skY="0" scX="1" y="0" scY="1"/>
    </frame>
    <frame z="0" duration="1">
     <transform x="-185.05" pX="0" pY="0" skX="0" skY="0" scX="1" y="0" scY="1"/>
    </frame>
    <frame z="0" duration="1">
     <transform x="-222.05" pX="0" pY="0" skX="0" skY="0" scX="1" y="0" scY="1"/>
    </frame>
    <frame z="0" duration="8">
     <transform x="-259.05" pX="0" pY="0" skX="0" skY="0" scX="1" y="0" scY="1"/>
    </frame>
    <frame z="0" duration="1">
     <transform x="-259.05" pX="0" pY="0" skX="0" skY="0" scX="1" y="0" scY="1"/>
    </frame>
   </timeline>
   <frame duration="15"/>
   <frame duration="1"/>
  </animation>
 </armature>
 <armature name="Symbol 10317">
  <skin name="default">
   <slot name="Layer 20" z="0" parent="Layer 20">
    <display name="__dbTextures/Symbol 10317/Layer 20_0" type="image">
     <transform x="-142" pX="0" pY="0" skX="0" skY="0" scX="1" y="-29" scY="1"/>
    </display>
    <display name="text" type="text">
     <transform scY="1" skY="0" x="-2" scX="1" skX="0" y="-2"/>
     <text alignV="top" face="方正剑体简体" size="18" lineType="single line" text="塔楼升级&#xD;" alignH="center" width="150" bold="0" textType="static" height="47" italic="0">
      <color g="3" r="60" b="4" a="255"/>
     </text>
    </display>
   </slot>
   <slot name="Layer 19" z="1" parent="Layer 19">
    <display name="__dbTextures/Symbol 10317/Layer 19_5" type="image">
     <transform x="-75" pX="0" pY="0" skX="0" skY="0" scX="1" y="-85" scY="1"/>
    </display>
    <display name="__dbTextures/Symbol 10317/Layer 19_6" type="image">
     <transform x="-75" pX="0" pY="0" skX="0" skY="0" scX="1" y="-85" scY="1"/>
    </display>
    <display name="__dbTextures/Symbol 10317/Layer 19_7" type="image">
     <transform x="-128" pX="0" pY="0" skX="0" skY="0" scX="1" y="-45.5" scY="1"/>
    </display>
    <display name="Symbol 10281" type="image">
     <transform x="0" pX="261.4" pY="92.4" skX="0" skY="0" scX="1" y="0" scY="1"/>
    </display>
    <display name="__dbTextures/Symbol 10317/Layer 19_9" type="image">
     <transform x="-128" pX="0" pY="0" skX="0" skY="0" scX="1" y="-35.5" scY="1"/>
    </display>
    <display name="__dbTextures/Symbol 10317/Layer 19_10" type="image">
     <transform x="-128" pX="0" pY="0" skX="0" skY="0" scX="1" y="-29" scY="1"/>
    </display>
    <display name="__dbTextures/Symbol 10317/Layer 19_11" type="image">
     <transform x="-101.5" pX="0" pY="0" skX="0" skY="0" scX="1" y="-27.5" scY="1"/>
    </display>
    <display name="__dbTextures/Symbol 10317/Layer 19_12" type="image">
     <transform x="-60.5" pX="0" pY="0" skX="0" skY="0" scX="1" y="-27" scY="1"/>
    </display>
    <display name="__dbTextures/Symbol 10317/Layer 19_13" type="image">
     <transform x="-122" pX="0" pY="0" skX="0" skY="0" scX="1" y="-95.5" scY="1"/>
    </display>
    <display name="__dbTextures/Symbol 10317/Layer 19_14" type="image">
     <transform x="-122" pX="0" pY="0" skX="0" skY="0" scX="1" y="-95.5" scY="1"/>
    </display>
   </slot>
   <slot name="Layer 18" z="2" parent="Layer 18">
    <display name="__dbTextures/Symbol 10317/Layer 18_5" type="image">
     <transform x="-71" pX="0" pY="0" skX="0" skY="0" scX="1" y="-28.5" scY="1"/>
    </display>
    <display name="__dbTextures/Symbol 10317/Layer 18_6" type="image">
     <transform x="-70" pX="0" pY="0" skX="0" skY="0" scX="1" y="-28.5" scY="1"/>
    </display>
    <display name="__dbTextures/Symbol 10317/Layer 18_7" type="image">
     <transform x="-75" pX="0" pY="0" skX="0" skY="0" scX="1" y="-85" scY="1"/>
    </display>
    <display name="text" type="text">
     <transform scY="1" skY="0" x="-2" scX="1" skX="0" y="-2"/>
     <text alignV="top" face="方正剑体简体" size="18" lineType="single line" text="塔楼升级&#xD;" alignH="center" width="150" bold="0" textType="static" height="47" italic="0">
      <color g="3" r="60" b="4" a="255"/>
     </text>
    </display>
    <display name="__dbTextures/Symbol 10317/Layer 18_9" type="image">
     <transform x="-75" pX="0" pY="0" skX="0" skY="0" scX="1" y="-85" scY="1"/>
    </display>
    <display name="__dbTextures/Symbol 10317/Layer 18_10" type="image">
     <transform x="-75" pX="0" pY="0" skX="0" skY="0" scX="1" y="-85" scY="1"/>
    </display>
    <display name="__dbTextures/Symbol 10317/Layer 18_11" type="image">
     <transform x="-75" pX="0" pY="0" skX="0" skY="0" scX="1" y="-85" scY="1"/>
    </display>
    <display name="Symbol 5212" type="image">
     <transform x="0" pX="42" pY="21" skX="0" skY="0" scX="1" y="0" scY="1"/>
    </display>
   </slot>
   <slot name="Layer 17" z="3" parent="Layer 17">
    <display name="Symbol 10252" type="image">
     <transform x="0" pX="252.5" pY="90" skX="0" skY="0" scX="1" y="0" scY="1"/>
    </display>
    <display name="__dbTextures/Symbol 10317/Layer 17_5" type="image">
     <transform x="-122" pX="0" pY="0" skX="0" skY="0" scX="1" y="-46" scY="1"/>
    </display>
    <display name="__dbTextures/Symbol 10317/Layer 17_6" type="image">
     <transform x="-128" pX="0" pY="0" skX="0" skY="0" scX="1" y="-44.5" scY="1"/>
    </display>
    <display name="__dbTextures/Symbol 10317/Layer 17_7" type="image">
     <transform x="-67.5" pX="0" pY="0" skX="0" skY="0" scX="1" y="-28.5" scY="1"/>
    </display>
    <display name="__dbTextures/Symbol 10317/Layer 17_8" type="image">
     <transform x="-69" pX="0" pY="0" skX="0" skY="0" scX="1" y="-78.2" scY="1"/>
    </display>
    <display name="__dbTextures/Symbol 10317/Layer 17_9" type="image">
     <transform x="-71" pX="0" pY="0" skX="0" skY="0" scX="1" y="-25.5" scY="1"/>
    </display>
    <display name="__dbTextures/Symbol 10317/Layer 17_10" type="image">
     <transform x="-65" pX="0" pY="0" skX="0" skY="0" scX="1" y="-25" scY="1"/>
    </display>
    <display name="__dbTextures/Symbol 10317/Layer 17_11" type="image">
     <transform x="-69.5" pX="0" pY="0" skX="0" skY="0" scX="1" y="-28.5" scY="1"/>
    </display>
    <display name="text" type="text">
     <transform scY="1" skY="0" x="-2" scX="1" skX="0" y="-2"/>
     <text alignV="top" face="方正剑体简体" size="12" lineType="multiline" text="点击此处召唤元素&#xD;&#xA;" alignH="center" width="82" bold="0" textType="dynamic" height="45" italic="0">
      <color g="0" r="0" b="0" a="255"/>
     </text>
    </display>
   </slot>
   <slot name="Layer 16" z="4" parent="Layer 16">
    <display name="__dbTextures/Symbol 10317/Layer 16_4" type="image">
     <transform x="-80" pX="0" pY="0" skX="0" skY="0" scX="1" y="-32" scY="1"/>
    </display>
    <display name="__dbTextures/Symbol 10317/Layer 16_8" type="image">
     <transform x="-74" pX="0" pY="0" skX="0" skY="0" scX="1" y="-28" scY="1"/>
    </display>
    <display name="text" type="text">
     <transform scY="1" skY="0" x="-2" scX="1" skX="0" y="-2"/>
     <text alignV="top" face="方正剑体简体" size="16" lineType="single line" text=".&#xD;" alignH="center" width="160" bold="0" textType="static" height="40" italic="0">
      <color g="3" r="60" b="4" a="255"/>
     </text>
    </display>
   </slot>
   <slot name="Layer 15" z="5" parent="Layer 15">
    <display name="__dbTextures/Symbol 10317/Layer 15_4" type="image">
     <transform x="-102" pX="0" pY="0" skX="0" skY="0" scX="1" y="-29" scY="1"/>
    </display>
    <display name="__dbTextures/Symbol 10317/Layer 15_5" type="image">
     <transform x="-100" pX="0" pY="0" skX="0" skY="0" scX="1" y="-21.5" scY="1"/>
    </display>
    <display name="__dbTextures/Symbol 10317/Layer 15_8" type="image">
     <transform x="-96.5" pX="0" pY="0" skX="0" skY="0" scX="1" y="-28.5" scY="1"/>
    </display>
    <display name="__dbTextures/Symbol 10317/Layer 15_9" type="image">
     <transform x="-99" pX="0" pY="0" skX="0" skY="0" scX="1" y="-19" scY="1"/>
    </display>
   </slot>
   <slot name="Layer 12" z="6" parent="Layer 12">
    <display name="Symbol 10256" type="image">
     <transform x="0" pX="113.05" pY="6" skX="0" skY="0" scX="1" y="0" scY="1"/>
    </display>
    <display name="Symbol 10286" type="image">
     <transform x="0" pX="115.95" pY="1.1" skX="0" skY="0" scX="1" y="0" scY="1"/>
    </display>
    <display name="Symbol 10310" type="image">
     <transform x="0" pX="214" pY="66" skX="0" skY="0" scX="1" y="0" scY="1"/>
    </display>
   </slot>
   <slot name="Layer 11" z="7" parent="Layer 11">
    <display name="位图 51" type="image">
     <transform x="-102" pX="0" pY="0" skX="0" skY="0" scX="1" y="-24.5" scY="1"/>
    </display>
    <display name="__dbTextures/Symbol 10317/Layer 11_8" type="image">
     <transform x="-107" pX="0" pY="0" skX="0" skY="0" scX="1" y="-27" scY="1"/>
    </display>
    <display name="__dbTextures/Symbol 10317/Layer 11_12" type="image">
     <transform x="-59.5" pX="0" pY="0" skX="0" skY="0" scX="1" y="-27" scY="1"/>
    </display>
   </slot>
   <slot name="Layer 4" z="8" parent="Layer 4">
    <display name="Symbol 10236" type="image">
     <transform x="0" pX="219" pY="98" skX="0" skY="0" scX="1" y="0" scY="1"/>
    </display>
    <display name="Symbol 10245" type="image">
     <transform x="0" pX="222" pY="98" skX="0" skY="0" scX="1" y="0" scY="1"/>
    </display>
    <display name="Symbol 10248" type="image">
     <transform x="0" pX="221" pY="98" skX="0" skY="0" scX="1" y="0" scY="1"/>
    </display>
    <display name="Symbol 10258" type="image">
     <transform x="0" pX="262" pY="101" skX="0" skY="0" scX="1" y="0" scY="1"/>
    </display>
    <display name="Symbol 10266" type="image">
     <transform x="0" pX="229" pY="98" skX="0" skY="0" scX="1" y="0" scY="1"/>
    </display>
    <display name="Symbol 10272" type="image">
     <transform x="0" pX="229" pY="98" skX="0" skY="0" scX="1" y="0" scY="1"/>
    </display>
    <display name="Symbol 10278" type="image">
     <transform x="0" pX="229" pY="98" skX="0" skY="0" scX="1" y="0" scY="1"/>
    </display>
    <display name="Symbol 10288" type="image">
     <transform x="0" pX="272" pY="103.2" skX="0" skY="0" scX="1" y="0" scY="1"/>
    </display>
    <display name="Symbol 10294" type="image">
     <transform x="0" pX="229" pY="98" skX="0" skY="0" scX="1" y="0" scY="1"/>
    </display>
    <display name="Symbol 10301" type="image">
     <transform x="0" pX="229" pY="98" skX="0" skY="0" scX="1" y="0" scY="1"/>
    </display>
    <display name="Symbol 10307" type="image">
     <transform x="0" pX="229" pY="98" skX="0" skY="0" scX="1" y="0" scY="1"/>
    </display>
    <display name="Symbol 10315" type="image">
     <transform x="0" pX="219.1" pY="105.7" skX="0" skY="0" scX="1" y="0" scY="1"/>
    </display>
   </slot>
   <slot name="btnOk" z="9" parent="btnOk">
    <display name="Symbol 10240" type="armature">
     <transform scY="1" skY="0" x="0" scX="1" skX="0" y="0"/>
    </display>
   </slot>
   <slot name="btnLeft" z="10" parent="btnLeft">
    <display name="Symbol 3975" type="armature">
     <transform scY="1" skY="0" x="0" scX="1" skX="0" y="0"/>
    </display>
   </slot>
   <slot name="btnRight" z="11" parent="btnRight">
    <display name="Symbol 3975" type="armature">
     <transform scY="1" skY="0" x="0" scX="1" skX="0" y="0"/>
    </display>
   </slot>
  </skin>
  <bone name="Layer 12">
   <transform y="0" skY="0" x="0" scX="1" skX="0" scY="1"/>
  </bone>
  <bone name="Layer 19">
   <transform y="-3" skY="0" x="-143.5" scX="1" skX="0" scY="1"/>
  </bone>
  <bone name="Layer 18">
   <transform y="-128" skY="0" x="6" scX="1" skX="0" scY="1"/>
  </bone>
  <bone name="Layer 17">
   <transform y="0" skY="0" x="0" scX="1" skX="0" scY="1"/>
  </bone>
  <bone name="Layer 16">
   <transform y="-113" skY="0" x="-3.25" scX="1" skX="0" scY="1"/>
  </bone>
  <bone name="Layer 15">
   <transform y="100.7" skY="0" x="-185.25" scX="1" skX="0" scY="1"/>
  </bone>
  <bone name="Layer 20">
   <transform y="-130.3" skY="0" x="-0.3" scX="1" skX="0" scY="1"/>
  </bone>
  <bone name="Layer 11">
   <transform y="97.2" skY="0" x="183.75" scX="1" skX="0" scY="1"/>
  </bone>
  <bone name="Layer 4">
   <transform y="0" skY="0" x="0" scX="1" skX="0" scY="1"/>
  </bone>
  <bone name="btnOk">
   <transform y="145" skY="0" x="0.6" scX="1" skX="0" scY="1"/>
  </bone>
  <bone name="btnLeft">
   <transform y="145" skY="0" x="-200" scX="-1" skX="0" scY="1"/>
  </bone>
  <bone name="btnRight">
   <transform y="145" skY="0" x="200" scX="1" skX="0" scY="1"/>
  </bone>
  <animation name="cont1" scale="1" loop="1" fadeInTime="0.3" autoTween="NaN" duration="15" tweenEasing="NaN">
   <timeline name="Layer 20" scale="1" pX="0" pY="0" offset="0">
    <frame z="0" duration="1" tweenEasing="NaN">
     <transform x="0" pX="0" pY="0" skX="0" skY="0" scX="1" y="0" scY="1"/>
    </frame>
    <frame displayIndex="-1" duration="1"/>
    <frame displayIndex="1" z="0" duration="2">
     <transform x="119.55" pX="0" pY="0" skX="0" skY="0" scX="1.81" y="-127.14999999999998" scY="1.81"/>
    </frame>
    <frame displayIndex="1" z="0" duration="1">
     <transform x="122.55" pX="0" pY="0" skX="0" skY="0" scX="1.81" y="-127.14999999999998" scY="1.81"/>
    </frame>
    <frame displayIndex="1" z="0" duration="3">
     <transform x="119.55" pX="0" pY="0" skX="0" skY="0" scX="1.81" y="-127.14999999999998" scY="1.81"/>
    </frame>
    <frame displayIndex="-1" duration="1"/>
    <frame displayIndex="1" z="0" duration="3">
     <transform x="119.55" pX="0" pY="0" skX="0" skY="0" scX="1.81" y="-127.14999999999998" scY="1.81"/>
    </frame>
    <frame displayIndex="1" z="0" duration="2">
     <transform x="113.25" pX="0" pY="0" skX="0" skY="0" scX="1.81" y="-127.14999999999998" scY="1.81"/>
    </frame>
    <frame displayIndex="1" z="0" duration="1">
     <transform x="113.25" pX="0" pY="0" skX="0" skY="0" scX="1.81" y="-127.14999999999998" scY="1.81"/>
    </frame>
   </timeline>
   <timeline name="Layer 19" scale="1" pX="0" pY="0" offset="0">
    <frame displayIndex="-1" duration="5"/>
    <frame z="0" duration="1" tweenEasing="NaN">
     <transform x="0" pX="0" pY="0" skX="0" skY="0" scX="1" y="0" scY="1"/>
    </frame>
    <frame z="0" displayIndex="1" duration="1" tweenEasing="NaN">
     <transform x="0" pX="0" pY="0" skX="0" skY="0" scX="1" y="0" scY="1"/>
    </frame>
    <frame z="0" displayIndex="2" duration="1" tweenEasing="NaN">
     <transform x="222.5" pX="0" pY="0" skX="0" skY="0" scX="1" y="-20.5" scY="1"/>
    </frame>
    <frame displayIndex="3" z="0" duration="1">
     <transform x="143.5" pX="0" pY="0" skX="0" skY="0" scX="1" y="3" scY="1"/>
    </frame>
    <frame z="0" displayIndex="4" duration="1" tweenEasing="NaN">
     <transform x="219.5" pX="0" pY="0" skX="0" skY="0" scX="1" y="-36.45" scY="1"/>
    </frame>
    <frame z="0" displayIndex="5" duration="1" tweenEasing="NaN">
     <transform x="221.5" pX="0" pY="0" skX="0" skY="0" scX="1" y="-32.25" scY="1"/>
    </frame>
    <frame z="0" displayIndex="6" duration="1" tweenEasing="NaN">
     <transform x="194" pX="0" pY="0" skX="0" skY="0" scX="1" y="-34.4" scY="1"/>
    </frame>
    <frame z="0" displayIndex="7" duration="1" tweenEasing="NaN">
     <transform x="17" pX="0" pY="0" skX="0" skY="0" scX="1" y="49.75" scY="1"/>
    </frame>
    <frame z="0" displayIndex="8" duration="1" tweenEasing="NaN">
     <transform x="285.45" pX="0" pY="0" skX="0" skY="0" scX="1" y="20.4" scY="1"/>
    </frame>
    <frame z="0" displayIndex="9" duration="1" tweenEasing="NaN">
     <transform x="285.45" pX="0" pY="0" skX="0" skY="0" scX="1" y="20.4" scY="1"/>
    </frame>
   </timeline>
   <timeline name="Layer 18" scale="1" pX="0" pY="0" offset="0">
    <frame displayIndex="-1" duration="5"/>
    <frame z="0" duration="1" tweenEasing="NaN">
     <transform x="0" pX="0" pY="0" skX="0" skY="0" scX="1" y="0" scY="1"/>
    </frame>
    <frame z="0" displayIndex="1" duration="1" tweenEasing="NaN">
     <transform x="-9.5" pX="0" pY="0" skX="0" skY="0" scX="1" y="6.5" scY="1"/>
    </frame>
    <frame z="0" displayIndex="2" duration="1" tweenEasing="NaN">
     <transform x="-149.5" pX="0" pY="0" skX="0" skY="0" scX="1" y="125" scY="1"/>
    </frame>
    <frame displayIndex="3" z="0" duration="1">
     <transform x="113.25" pX="0" pY="0" skX="0" skY="0" scX="1.81" y="-129.45" scY="1.81"/>
    </frame>
    <frame z="0" displayIndex="4" duration="1" tweenEasing="NaN">
     <transform x="-149.5" pX="0" pY="0" skX="0" skY="0" scX="1" y="125" scY="1"/>
    </frame>
    <frame z="0" displayIndex="5" duration="1" tweenEasing="NaN">
     <transform x="-149.5" pX="0" pY="0" skX="0" skY="0" scX="1" y="125" scY="1"/>
    </frame>
    <frame z="0" displayIndex="6" duration="1" tweenEasing="NaN">
     <transform x="-149.5" pX="0" pY="0" skX="0" skY="0" scX="1" y="125" scY="1"/>
    </frame>
    <frame displayIndex="-1" duration="1"/>
    <frame displayIndex="7" z="0" duration="1">
     <transform x="-115.25" pX="0" pY="0" skX="0" skY="0" scX="-1.14" y="98.1" scY="1.14"/>
    </frame>
    <frame displayIndex="7" z="0" duration="1">
     <transform x="-115.25" pX="0" pY="0" skX="0" skY="0" scX="-1.14" y="98.1" scY="1.14"/>
    </frame>
   </timeline>
   <timeline name="Layer 17" scale="1" pX="0" pY="0" offset="0">
    <frame displayIndex="-1" duration="4"/>
    <frame z="0" duration="1">
     <transform x="0" pX="0" pY="0" skX="0" skY="0" scX="1" y="0" scY="1"/>
    </frame>
    <frame z="0" displayIndex="1" duration="1" tweenEasing="NaN">
     <transform x="64.9" pX="0" pY="0" skX="0" skY="0" scX="1" y="-17" scY="1"/>
    </frame>
    <frame z="0" displayIndex="2" duration="1" tweenEasing="NaN">
     <transform x="68" pX="0" pY="0" skX="0" skY="0" scX="1" y="-35.8" scY="1"/>
    </frame>
    <frame z="0" displayIndex="3" duration="1" tweenEasing="NaN">
     <transform x="-7.5" pX="0" pY="0" skX="0" skY="0" scX="1" y="-122.5" scY="1"/>
    </frame>
    <frame z="0" displayIndex="4" duration="1" tweenEasing="NaN">
     <transform x="192.5" pX="0" pY="0" skX="0" skY="0" scX="1" y="-15.3" scY="1"/>
    </frame>
    <frame z="0" displayIndex="5" duration="1" tweenEasing="NaN">
     <transform x="13.9" pX="0" pY="0" skX="0" skY="0" scX="1" y="-125.5" scY="1"/>
    </frame>
    <frame z="0" displayIndex="6" duration="1" tweenEasing="NaN">
     <transform x="-8.5" pX="0" pY="0" skX="0" skY="0" scX="1" y="-128" scY="1"/>
    </frame>
    <frame z="0" displayIndex="7" duration="1" tweenEasing="NaN">
     <transform x="-8" pX="0" pY="0" skX="0" skY="0" scX="1" y="-125.5" scY="1"/>
    </frame>
    <frame displayIndex="-1" duration="1"/>
    <frame displayIndex="8" z="0" duration="1">
     <transform x="-110.1" pX="0" pY="0" skX="0" skY="0" scX="0.88" y="-27.1" scY="0.88"/>
    </frame>
    <frame displayIndex="8" z="0" duration="1">
     <transform x="-110.1" pX="0" pY="0" skX="0" skY="0" scX="0.88" y="-27.1" scY="0.88"/>
    </frame>
   </timeline>
   <timeline name="Layer 16" scale="1" pX="0" pY="0" offset="0">
    <frame displayIndex="-1" duration="4"/>
    <frame z="0" duration="1" tweenEasing="NaN">
     <transform x="0" pX="0" pY="0" skX="0" skY="0" scX="1" y="0" scY="1"/>
    </frame>
    <frame displayIndex="-1" duration="3"/>
    <frame z="0" displayIndex="1" duration="1" tweenEasing="NaN">
     <transform x="7.25" pX="0" pY="0" skX="0" skY="0" scX="1" y="-9.900000000000006" scY="1"/>
    </frame>
    <frame displayIndex="-1" duration="1"/>
    <frame displayIndex="2" z="0" duration="1">
     <transform x="227.75" pX="0" pY="0" skX="0" skY="0" scX="1" y="97.5" scY="1"/>
    </frame>
    <frame displayIndex="-1" duration="4"/>
   </timeline>
   <timeline name="Layer 15" scale="1" pX="0" pY="0" offset="0">
    <frame displayIndex="-1" duration="4"/>
    <frame z="0" duration="1" tweenEasing="NaN">
     <transform x="0" pX="0" pY="0" skX="0" skY="0" scX="1" y="0" scY="1"/>
    </frame>
    <frame z="0" displayIndex="1" duration="3" tweenEasing="NaN">
     <transform x="228.15" pX="0" pY="0" skX="0" skY="0" scX="1" y="-64.80000000000001" scY="1"/>
    </frame>
    <frame z="0" displayIndex="2" duration="1" tweenEasing="NaN">
     <transform x="6.449999999999989" pX="0" pY="0" skX="0" skY="0" scX="1" y="4.25" scY="1"/>
    </frame>
    <frame z="0" displayIndex="3" duration="3" tweenEasing="NaN">
     <transform x="235.25" pX="0" pY="0" skX="0" skY="0" scX="1" y="-91.60000000000001" scY="1"/>
    </frame>
    <frame displayIndex="-1" duration="3"/>
   </timeline>
   <timeline name="Layer 12" scale="1" pX="0" pY="0" offset="0">
    <frame displayIndex="-1" duration="4"/>
    <frame z="0" duration="1">
     <transform x="0" pX="0" pY="0" skX="0" skY="0" scX="1" y="0" scY="1"/>
    </frame>
    <frame displayIndex="-1" duration="3"/>
    <frame displayIndex="1" z="0" duration="1">
     <transform x="0" pX="0" pY="0" skX="0" skY="0" scX="1" y="0" scY="1"/>
    </frame>
    <frame displayIndex="-1" duration="3"/>
    <frame displayIndex="2" z="0" duration="1">
     <transform x="0" pX="0" pY="0" skX="0" skY="0" scX="1" y="0" scY="1"/>
    </frame>
    <frame displayIndex="-1" duration="2"/>
   </timeline>
   <timeline name="Layer 11" scale="1" pX="0" pY="0" offset="0">
    <frame displayIndex="-1" duration="4"/>
    <frame z="0" duration="1">
     <transform x="0" pX="0" pY="0" skX="0" skY="0" scX="1" y="0" scY="1"/>
    </frame>
    <frame displayIndex="-1" duration="3"/>
    <frame z="0" displayIndex="1" duration="1" tweenEasing="NaN">
     <transform x="17.849999999999994" pX="0" pY="0" skX="0" skY="0" scX="1" y="2.799999999999997" scY="1"/>
    </frame>
    <frame displayIndex="-1" duration="3"/>
    <frame z="0" displayIndex="2" duration="2" tweenEasing="NaN">
     <transform x="-61.3" pX="0" pY="0" skX="0" skY="0" scX="1" y="-56.45" scY="1"/>
    </frame>
    <frame displayIndex="-1" duration="1"/>
   </timeline>
   <timeline name="Layer 4" scale="1" pX="0" pY="0" offset="0">
    <frame z="0" duration="1">
     <transform x="0" pX="0" pY="0" skX="0" skY="0" scX="1" y="0" scY="1"/>
    </frame>
    <frame displayIndex="-1" duration="1"/>
    <frame displayIndex="1" z="0" duration="1">
     <transform x="0" pX="0" pY="0" skX="0" skY="0" scX="1" y="0" scY="1"/>
    </frame>
    <frame displayIndex="2" z="0" duration="1">
     <transform x="0" pX="0" pY="0" skX="0" skY="0" scX="1" y="0" scY="1"/>
    </frame>
    <frame displayIndex="3" z="0" duration="1">
     <transform x="0" pX="0" pY="0" skX="0" skY="0" scX="1" y="0" scY="1"/>
    </frame>
    <frame displayIndex="4" z="0" duration="1">
     <transform x="0" pX="0" pY="0" skX="0" skY="0" scX="1" y="0" scY="1"/>
    </frame>
    <frame displayIndex="5" z="0" duration="1">
     <transform x="0" pX="0" pY="0" skX="0" skY="0" scX="1" y="0" scY="1"/>
    </frame>
    <frame displayIndex="6" z="0" duration="1">
     <transform x="0" pX="0" pY="0" skX="0" skY="0" scX="1" y="0" scY="1"/>
    </frame>
    <frame displayIndex="7" z="0" duration="1">
     <transform x="0" pX="0" pY="0" skX="0" skY="0" scX="1" y="0" scY="1"/>
    </frame>
    <frame displayIndex="8" z="0" duration="1">
     <transform x="0" pX="0" pY="0" skX="0" skY="0" scX="1" y="0" scY="1"/>
    </frame>
    <frame displayIndex="9" z="0" duration="1">
     <transform x="0" pX="0" pY="0" skX="0" skY="0" scX="1" y="0" scY="1"/>
    </frame>
    <frame displayIndex="10" z="0" duration="1">
     <transform x="0" pX="0" pY="0" skX="0" skY="0" scX="1" y="0" scY="1"/>
    </frame>
    <frame displayIndex="-1" duration="1"/>
    <frame displayIndex="11" z="0" duration="1">
     <transform x="0" pX="0" pY="0" skX="0" skY="0" scX="1" y="0" scY="1"/>
    </frame>
    <frame displayIndex="11" z="0" duration="1">
     <transform x="0" pX="0" pY="0" skX="0" skY="0" scX="1" y="0" scY="1"/>
    </frame>
   </timeline>
   <timeline name="btnOk" scale="1" pX="0" pY="0" offset="0">
    <frame z="0" duration="14">
     <transform x="0" pX="0" pY="0" skX="0" skY="0" scX="1" y="0" scY="1"/>
    </frame>
    <frame z="0" duration="1">
     <transform x="0" pX="0" pY="0" skX="0" skY="0" scX="1" y="0" scY="1"/>
    </frame>
   </timeline>
   <timeline name="btnLeft" scale="1" pX="0" pY="0" offset="0">
    <frame z="0" duration="14">
     <transform x="0" pX="0" pY="0" skX="0" skY="0" scX="1" y="0" scY="1"/>
    </frame>
    <frame z="0" duration="1">
     <transform x="0" pX="0" pY="0" skX="0" skY="0" scX="1" y="0" scY="1"/>
    </frame>
   </timeline>
   <timeline name="btnRight" scale="1" pX="0" pY="0" offset="0">
    <frame z="0" duration="14">
     <transform x="0" pX="0" pY="0" skX="0" skY="0" scX="1" y="0" scY="1"/>
    </frame>
    <frame z="0" duration="1">
     <transform x="0" pX="0" pY="0" skX="0" skY="0" scX="1" y="0" scY="1"/>
    </frame>
   </timeline>
   <frame duration="14"/>
   <frame duration="1"/>
  </animation>
 </armature>
 <armature name="Symbol 10240">
  <skin name="default">
   <slot name="Layer 2" z="0" parent="Layer 2">
    <display name="位图 3" type="image">
     <transform x="-52" pX="0" pY="0" skX="0" skY="0" scX="1" y="-29" scY="1"/>
    </display>
    <display name="位图 4" type="image">
     <transform x="-52" pX="0" pY="0" skX="0" skY="0" scX="1" y="-29" scY="1"/>
    </display>
    <display name="位图 5" type="image">
     <transform x="-52" pX="0" pY="0" skX="0" skY="0" scX="1" y="-29" scY="1"/>
    </display>
   </slot>
   <slot name="okCase" z="1" parent="okCase">
    <display name="Symbol 47" type="image">
     <transform x="0" pX="25" pY="25" skX="0" skY="0" scX="1" y="0" scY="1"/>
    </display>
   </slot>
  </skin>
  <bone name="Layer 2">
   <transform y="0.15" skY="0" x="-0.7" scX="1" skX="0" scY="1"/>
  </bone>
  <bone name="okCase">
   <transform y="-1.8" skY="0" x="-1.7" scX="1.22" skX="0" scY="0.67"/>
  </bone>
  <animation name="btnOk" scale="1" loop="1" fadeInTime="0.3" autoTween="NaN" duration="4" tweenEasing="NaN">
   <timeline name="Layer 2" scale="1" pX="0" pY="0" offset="0">
    <frame z="0" duration="1">
     <transform x="0" pX="0" pY="0" skX="0" skY="0" scX="1" y="0" scY="1"/>
    </frame>
    <frame displayIndex="1" z="0" duration="1">
     <transform x="0" pX="0" pY="0" skX="0" skY="0" scX="1" y="0" scY="1"/>
    </frame>
    <frame displayIndex="2" z="0" duration="2">
     <transform x="0" pX="0" pY="0" skX="0" skY="0" scX="1" y="0" scY="1"/>
    </frame>
   </timeline>
   <timeline name="okCase" scale="1" pX="0" pY="0" offset="0">
    <frame z="0" duration="3">
     <transform x="0" pX="0" pY="0" skX="0" skY="0" scX="1" y="0" scY="1"/>
    </frame>
    <frame z="0" duration="1">
     <transform x="0" pX="0" pY="0" skX="0" skY="0" scX="1" y="0" scY="1"/>
    </frame>
   </timeline>
   <frame duration="3"/>
   <frame duration="1"/>
  </animation>
 </armature>
 <armature name="Symbol 3975">
  <skin name="default">
   <slot name="Layer 2" z="0" parent="Layer 2">
    <display name="__dbTextures/Symbol 3975/Layer 2_1" type="image">
     <transform x="-22.25" pX="0" pY="0" skX="0" skY="0" scX="1" y="-17.5" scY="1"/>
    </display>
    <display name="__dbTextures/Symbol 3975/Layer 2_2" type="image">
     <transform x="-22.25" pX="0" pY="0" skX="0" skY="0" scX="1" y="-17.5" scY="1"/>
    </display>
    <display name="__dbTextures/Symbol 3975/Layer 2_3" type="image">
     <transform x="-22.25" pX="0" pY="0" skX="0" skY="0" scX="1" y="-17.5" scY="1"/>
    </display>
   </slot>
   <slot name="arrowCase" z="1" parent="arrowCase">
    <display name="Symbol 47" type="image">
     <transform x="0" pX="25" pY="25" skX="0" skY="0" scX="1" y="0" scY="1"/>
    </display>
   </slot>
  </skin>
  <bone name="Layer 2">
   <transform y="-0.5" skY="0" x="0.25" scX="1" skX="0" scY="1"/>
  </bone>
  <bone name="arrowCase">
   <transform y="-0.45" skY="0" x="0" scX="0.76" skX="0" scY="0.6"/>
  </bone>
  <animation name="btnRight" scale="1" loop="1" fadeInTime="0.3" autoTween="NaN" duration="4" tweenEasing="NaN">
   <timeline name="Layer 2" scale="1" pX="0" pY="0" offset="0">
    <frame displayIndex="-1" duration="1"/>
    <frame z="0" duration="1" tweenEasing="NaN">
     <transform x="0" pX="0" pY="0" skX="0" skY="0" scX="1" y="0" scY="1"/>
    </frame>
    <frame z="0" displayIndex="1" duration="1" tweenEasing="NaN">
     <transform x="0" pX="0" pY="0" skX="0" skY="0" scX="1" y="0" scY="1"/>
    </frame>
    <frame z="0" displayIndex="2" duration="1" tweenEasing="NaN">
     <transform x="0" pX="0" pY="0" skX="0" skY="0" scX="1" y="0" scY="1"/>
    </frame>
   </timeline>
   <timeline name="arrowCase" scale="1" pX="0" pY="0" offset="0">
    <frame z="0" duration="3">
     <transform x="0" pX="0" pY="0" skX="0" skY="0" scX="1" y="0" scY="1"/>
    </frame>
    <frame z="0" duration="1">
     <transform x="0" pX="0" pY="0" skX="0" skY="0" scX="1" y="0" scY="1"/>
    </frame>
   </timeline>
   <frame duration="3"/>
   <frame duration="1"/>
  </animation>
 </armature>
</root>