<root name="MoveGolem_mc" isGlobal="0" frameRate="30" version="3.0">
 <armature name="MoveGolem_mc">
  <skin name="default">
   <slot name="cont1" z="0" parent="cont1">
    <display name="Shape/shape 414" type="image">
     <transform scX="1" x="0" scY="1" y="0" pX="29" pY="30" skX="0" skY="0"/>
    </display>
   </slot>
   <slot name="cont" z="1" parent="cont">
    <display name="Shape/shape 416" type="image">
     <transform scX="1" x="0" scY="1" y="0" pX="19" pY="19" skX="0" skY="0"/>
    </display>
    <display name="Shape/shape 418" type="image">
     <transform scX="1" x="0" scY="1" y="0" pX="19" pY="17" skX="0" skY="0"/>
    </display>
   </slot>
  </skin>
  <bone name="cont1">
   <transform scX="1" x="0" skX="0" scY="1" y="0" skY="0"/>
  </bone>
  <bone name="cont">
   <transform scX="1" x="0" skX="0" scY="1" y="0" skY="0"/>
  </bone>
  <animation fadeInTime="0.3" scale="1" loop="1" autoTween="NaN" name="MoveGolem_mc" duration="4" tweenEasing="NaN">
   <timeline pX="0" name="cont1" pY="0" scale="1" offset="0">
    <frame z="0" duration="1">
     <transform scX="1" x="0" scY="1" y="0" pX="0" pY="0" skX="0" skY="0"/>
    </frame>
    <frame z="0" duration="1">
     <transform scX="1" x="0" scY="1" y="0" pX="0" pY="0" skX="0" skY="0"/>
    </frame>
    <frame displayIndex="-1" duration="2"/>
   </timeline>
   <timeline pX="0" name="cont" pY="0" scale="1" offset="0">
    <frame displayIndex="-1" duration="1"/>
    <frame z="0" duration="1">
     <transform scX="1" x="0" scY="1" y="0" pX="0" pY="0" skX="0" skY="0"/>
    </frame>
    <frame displayIndex="1" z="0" duration="1">
     <transform scX="1" x="0" scY="1" y="0" pX="0" pY="0" skX="0" skY="0"/>
    </frame>
    <frame displayIndex="1" z="0" duration="1">
     <transform scX="1" x="0" scY="1" y="0" pX="0" pY="0" skX="0" skY="0"/>
    </frame>
   </timeline>
  </animation>
 </armature>
</root>