<root name="RoadUnitFire_mc" isGlobal="0" frameRate="30" version="3.0">
 <armature name="RoadUnitFire_mc">
  <skin name="default">
   <slot name="Layer 1" z="0" parent="Layer 1">
    <display name="Shape/shape 11455" type="image">
     <transform scX="1" x="0" scY="1" y="0" pX="25" pY="69" skX="0" skY="0"/>
    </display>
    <display name="Shape/shape 11457" type="image">
     <transform scX="1" x="0" scY="1" y="0" pX="25" pY="69" skX="0" skY="0"/>
    </display>
    <display name="Shape/shape 11459" type="image">
     <transform scX="1" x="0" scY="1" y="0" pX="25" pY="69" skX="0" skY="0"/>
    </display>
    <display name="Shape/shape 11461" type="image">
     <transform scX="1" x="0" scY="1" y="0" pX="25" pY="69" skX="0" skY="0"/>
    </display>
    <display name="Shape/shape 11463" type="image">
     <transform scX="1" x="0" scY="1" y="0" pX="25" pY="69" skX="0" skY="0"/>
    </display>
    <display name="Shape/shape 11465" type="image">
     <transform scX="1" x="0" scY="1" y="0" pX="25" pY="69" skX="0" skY="0"/>
    </display>
    <display name="Shape/shape 11467" type="image">
     <transform scX="1" x="0" scY="1" y="0" pX="25" pY="69" skX="0" skY="0"/>
    </display>
    <display name="Shape/shape 11469" type="image">
     <transform scX="1" x="0" scY="1" y="0" pX="25" pY="69" skX="0" skY="0"/>
    </display>
    <display name="Shape/shape 11471" type="image">
     <transform scX="1" x="0" scY="1" y="0" pX="25" pY="69" skX="0" skY="0"/>
    </display>
    <display name="Shape/shape 11473" type="image">
     <transform scX="1" x="0" scY="1" y="0" pX="25" pY="69" skX="0" skY="0"/>
    </display>
    <display name="Shape/shape 11475" type="image">
     <transform scX="1" x="0" scY="1" y="0" pX="25" pY="69" skX="0" skY="0"/>
    </display>
    <display name="Shape/shape 11477" type="image">
     <transform scX="1" x="0" scY="1" y="0" pX="25" pY="69" skX="0" skY="0"/>
    </display>
    <display name="Shape/shape 11479" type="image">
     <transform scX="1" x="0" scY="1" y="0" pX="25" pY="69" skX="0" skY="0"/>
    </display>
    <display name="Shape/shape 11481" type="image">
     <transform scX="1" x="0" scY="1" y="0" pX="25" pY="69" skX="0" skY="0"/>
    </display>
   </slot>
  </skin>
  <bone name="Layer 1">
   <transform scX="1" x="0" skX="0" scY="1" y="0" skY="0"/>
  </bone>
  <animation name="RoadUnitFire_mc" scale="1" loop="1" autoTween="NaN" fadeInTime="0.3" duration="16" tweenEasing="NaN">
   <timeline pX="0" name="Layer 1" pY="0" scale="1" offset="0">
    <frame z="0" duration="1">
     <transform scX="1" x="0" scY="1" y="0" pX="0" pY="0" skX="0" skY="0"/>
    </frame>
    <frame displayIndex="1" z="0" duration="1">
     <transform scX="1" x="0" scY="1" y="0" pX="0" pY="0" skX="0" skY="0"/>
    </frame>
    <frame displayIndex="2" z="0" duration="1">
     <transform scX="1" x="0" scY="1" y="0" pX="0" pY="0" skX="0" skY="0"/>
    </frame>
    <frame displayIndex="3" z="0" duration="1">
     <transform scX="1" x="0" scY="1" y="0" pX="0" pY="0" skX="0" skY="0"/>
    </frame>
    <frame displayIndex="4" z="0" duration="1">
     <transform scX="1" x="0" scY="1" y="0" pX="0" pY="0" skX="0" skY="0"/>
    </frame>
    <frame displayIndex="5" z="0" duration="1">
     <transform scX="1" x="0" scY="1" y="0" pX="0" pY="0" skX="0" skY="0"/>
    </frame>
    <frame displayIndex="6" z="0" duration="1">
     <transform scX="1" x="0" scY="1" y="0" pX="0" pY="0" skX="0" skY="0"/>
    </frame>
    <frame displayIndex="7" z="0" duration="1">
     <transform scX="1" x="0" scY="1" y="0" pX="0" pY="0" skX="0" skY="0"/>
    </frame>
    <frame displayIndex="8" z="0" duration="1">
     <transform scX="1" x="0" scY="1" y="0" pX="0" pY="0" skX="0" skY="0"/>
    </frame>
    <frame displayIndex="9" z="0" duration="1">
     <transform scX="1" x="0" scY="1" y="0" pX="0" pY="0" skX="0" skY="0"/>
    </frame>
    <frame displayIndex="10" z="0" duration="1">
     <transform scX="1" x="0" scY="1" y="0" pX="0" pY="0" skX="0" skY="0"/>
    </frame>
    <frame displayIndex="11" z="0" duration="1">
     <transform scX="1" x="0" scY="1" y="0" pX="0" pY="0" skX="0" skY="0"/>
    </frame>
    <frame displayIndex="12" z="0" duration="1">
     <transform scX="1" x="0" scY="1" y="0" pX="0" pY="0" skX="0" skY="0"/>
    </frame>
    <frame displayIndex="13" z="0" duration="2">
     <transform scX="1" x="0" scY="1" y="0" pX="0" pY="0" skX="0" skY="0"/>
    </frame>
    <frame displayIndex="13" z="0" duration="1">
     <transform scX="1" x="0" scY="1" y="0" pX="0" pY="0" skX="0" skY="0"/>
    </frame>
   </timeline>
   <frame duration="15"/>
   <frame duration="1"/>
  </animation>
 </armature>
</root>