<TextureAtlas name="RoadUnitFire_mc" imagePath="texture.png">
 <SubTexture name="Shape/shape 11455" x="0" y="0" width="62" height="80"/>
 <SubTexture name="Shape/shape 11457" x="64" y="0" width="62" height="80"/>
 <SubTexture name="Shape/shape 11459" x="256" y="0" width="62" height="80"/>
 <SubTexture name="Shape/shape 11461" x="128" y="0" width="62" height="80"/>
 <SubTexture name="Shape/shape 11463" x="320" y="82" width="62" height="80"/>
 <SubTexture name="Shape/shape 11465" x="128" y="82" width="62" height="80"/>
 <SubTexture name="Shape/shape 11467" x="384" y="0" width="62" height="80"/>
 <SubTexture name="Shape/shape 11469" x="256" y="82" width="62" height="80"/>
 <SubTexture name="Shape/shape 11471" x="192" y="0" width="62" height="80"/>
 <SubTexture name="Shape/shape 11473" x="320" y="0" width="62" height="80"/>
 <SubTexture name="Shape/shape 11475" x="448" y="0" width="62" height="80"/>
 <SubTexture name="Shape/shape 11477" x="0" y="82" width="62" height="80"/>
 <SubTexture name="Shape/shape 11479" x="192" y="82" width="62" height="80"/>
 <SubTexture name="Shape/shape 11481" x="64" y="82" width="62" height="80"/>
</TextureAtlas>