<root name="RoadUnitIce_mc" isGlobal="0" frameRate="30" version="3.0">
 <armature name="RoadUnitIce_mc">
  <skin name="default">
   <slot name="Layer 1" z="0" parent="Layer 1">
    <display name="Shape/shape 11616" type="image">
     <transform scX="1" x="0" scY="1" y="0" pX="22" pY="45" skX="0" skY="0"/>
    </display>
    <display name="Shape/shape 11618" type="image">
     <transform scX="1" x="0" scY="1" y="0" pX="22" pY="45" skX="0" skY="0"/>
    </display>
    <display name="Shape/shape 11620" type="image">
     <transform scX="1" x="0" scY="1" y="0" pX="22" pY="45" skX="0" skY="0"/>
    </display>
    <display name="Shape/shape 11622" type="image">
     <transform scX="1" x="0" scY="1" y="0" pX="22" pY="45" skX="0" skY="0"/>
    </display>
    <display name="Shape/shape 11624" type="image">
     <transform scX="1" x="0" scY="1" y="0" pX="22" pY="45" skX="0" skY="0"/>
    </display>
   </slot>
   <slot name="Layer 2" z="1" parent="Layer 2">
    <display name="Shape/shape 11599" type="image">
     <transform scX="1" x="0" scY="1" y="0" pX="22" pY="45" skX="0" skY="0"/>
    </display>
    <display name="Shape/shape 11602" type="image">
     <transform scX="1" x="0" scY="1" y="0" pX="22" pY="45" skX="0" skY="0"/>
    </display>
    <display name="Shape/shape 11605" type="image">
     <transform scX="1" x="0" scY="1" y="0" pX="22" pY="45" skX="0" skY="0"/>
    </display>
    <display name="Shape/shape 11608" type="image">
     <transform scX="1" x="0" scY="1" y="0" pX="22" pY="45" skX="0" skY="0"/>
    </display>
    <display name="Shape/shape 11611" type="image">
     <transform scX="1" x="0" scY="1" y="0" pX="22" pY="45" skX="0" skY="0"/>
    </display>
    <display name="Shape/shape 11614" type="image">
     <transform scX="1" x="0" scY="1" y="0" pX="22" pY="45" skX="0" skY="0"/>
    </display>
   </slot>
  </skin>
  <bone name="Layer 1">
   <transform scX="1" x="0" skX="0" scY="1" y="0" skY="0"/>
  </bone>
  <bone name="Layer 2">
   <transform scX="1" x="0" skX="0" scY="1" y="0" skY="0"/>
  </bone>
  <animation name="RoadUnitIce_mc" scale="1" loop="1" autoTween="NaN" fadeInTime="0.3" duration="23" tweenEasing="NaN">
   <timeline pX="0" name="Layer 1" pY="0" scale="1" offset="0">
    <frame displayIndex="-1" duration="12"/>
    <frame z="0" duration="2">
     <transform scX="1" x="0" scY="1" y="0" pX="0" pY="0" skX="0" skY="0"/>
    </frame>
    <frame displayIndex="1" z="0" duration="2">
     <transform scX="1" x="0" scY="1" y="0" pX="0" pY="0" skX="0" skY="0"/>
    </frame>
    <frame displayIndex="2" z="0" duration="2">
     <transform scX="1" x="0" scY="1" y="0" pX="0" pY="0" skX="0" skY="0"/>
    </frame>
    <frame displayIndex="3" z="0" duration="2">
     <transform scX="1" x="0" scY="1" y="0" pX="0" pY="0" skX="0" skY="0"/>
    </frame>
    <frame displayIndex="4" z="0" duration="2">
     <transform scX="1" x="0" scY="1" y="0" pX="0" pY="0" skX="0" skY="0"/>
    </frame>
    <frame displayIndex="4" z="0" duration="1">
     <transform scX="1" x="0" scY="1" y="0" pX="0" pY="0" skX="0" skY="0"/>
    </frame>
   </timeline>
   <timeline pX="0" name="Layer 2" pY="0" scale="1" offset="0">
    <frame z="0" duration="2">
     <transform scX="1" x="0" scY="1" y="0" pX="0" pY="0" skX="0" skY="0"/>
    </frame>
    <frame displayIndex="1" z="0" duration="2">
     <transform scX="1" x="0" scY="1" y="0" pX="0" pY="0" skX="0" skY="0"/>
    </frame>
    <frame displayIndex="2" z="0" duration="2">
     <transform scX="1" x="0" scY="1" y="0" pX="0" pY="0" skX="0" skY="0"/>
    </frame>
    <frame displayIndex="3" z="0" duration="2">
     <transform scX="1" x="0" scY="1" y="0" pX="0" pY="0" skX="0" skY="0"/>
    </frame>
    <frame displayIndex="4" z="0" duration="2">
     <transform scX="1" x="0" scY="1" y="0" pX="0" pY="0" skX="0" skY="0"/>
    </frame>
    <frame displayIndex="5" z="0" duration="2">
     <transform scX="1" x="0" scY="1" y="0" pX="0" pY="0" skX="0" skY="0"/>
    </frame>
    <frame displayIndex="-1" duration="11"/>
   </timeline>
   <frame duration="22"/>
   <frame duration="1"/>
  </animation>
 </armature>
</root>