<root name="TowerMenu_mc" isGlobal="0" frameRate="30" version="3.0">
 <armature name="TowerMenu_mc">
  <skin name="default">
   <slot name="bg1" z="0" parent="bg1">
    <display name="Shape/shape 4084" type="image">
     <transform pX="25" pY="25"/>
    </display>
   </slot>
   <slot name="bg2" z="1" parent="bg2">
    <display name="Shape/shape 10975" type="image">
     <transform pX="56.25" pY="56.25"/>
    </display>
   </slot>
   <slot name="cont1" z="2" parent="cont1">
    <display name="cont1" type="armature">
     <transform/>
    </display>
   </slot>
   <slot name="cont2" z="3" parent="cont2">
    <display name="cont2" type="armature">
     <transform/>
    </display>
   </slot>
   <slot name="bg3" z="4" parent="bg3">
    <display name="Shape/shape 11079" type="image">
     <transform pX="69" pY="49"/>
    </display>
   </slot>
   <slot name="btnGetAll" z="5" parent="btnGetAll">
    <display name="btnGetAll" type="armature">
     <transform/>
    </display>
   </slot>
   <slot name="sphereSlot1" z="6" parent="sphereSlot1">
    <display name="sphereSlot" type="armature">
     <transform/>
    </display>
   </slot>
   <slot name="sphereSlot2" z="7" parent="sphereSlot2">
    <display name="sphereSlot" type="armature">
     <transform/>
    </display>
   </slot>
   <slot name="sphereSlot4" z="8" parent="sphereSlot4">
    <display name="sphereSlot" type="armature">
     <transform/>
    </display>
   </slot>
   <slot name="sphereSlot3" z="9" parent="sphereSlot3">
    <display name="sphereSlot" type="armature">
     <transform/>
    </display>
   </slot>
   <slot name="fastBuyUltraCont" z="10" parent="fastBuyUltraCont">
    <display name="fastBuyUltraCont" type="armature">
     <transform/>
    </display>
   </slot>
   <slot name="btnUpgradeMenu" z="11" parent="btnUpgradeMenu">
    <display name="btnUpgradeMenu" type="armature">
     <transform/>
    </display>
   </slot>
   <slot name="btnTowerUpgr1" z="12" parent="btnTowerUpgr1">
    <display name="btnTowerUpgr1" type="armature">
     <transform/>
    </display>
   </slot>
   <slot name="btnTowerUpgr2" z="13" parent="btnTowerUpgr2">
    <display name="btnTowerUpgr2" type="armature">
     <transform/>
    </display>
   </slot>
   <slot name="btnTowerUpgr3" z="14" parent="btnTowerUpgr3">
    <display name="btnTowerUpgr3" type="armature">
     <transform/>
    </display>
   </slot>
   <slot name="btnTowerUpgr4" z="15" parent="btnTowerUpgr4">
    <display name="btnTowerUpgr4" type="armature">
     <transform/>
    </display>
   </slot>
  </skin>
  <bone name="sphereSlot4">
   <transform x="54" y="10"/>
  </bone>
  <bone name="bg2">
   <transform/>
  </bone>
  <bone name="cont1">
   <transform x="2" y="-2"/>
  </bone>
  <bone name="cont2">
   <transform x="1" y="13"/>
  </bone>
  <bone name="bg3">
   <transform y="20"/>
  </bone>
  <bone name="btnGetAll">
   <transform/>
  </bone>
  <bone name="sphereSlot1">
   <transform x="-53" y="10"/>
  </bone>
  <bone name="sphereSlot2">
   <transform x="-25" y="50"/>
  </bone>
  <bone name="bg1">
   <transform y="-6" scX="3.2" scY="3.2"/>
  </bone>
  <bone name="sphereSlot3">
   <transform x="26" y="50"/>
  </bone>
  <bone name="fastBuyUltraCont">
   <transform y="4"/>
  </bone>
  <bone name="btnUpgradeMenu">
   <transform x="2" y="-54"/>
  </bone>
  <bone name="btnTowerUpgr1">
   <transform x="-53" y="-40" scX="0.5" scY="0.5"/>
  </bone>
  <bone name="btnTowerUpgr2">
   <transform x="-20" y="-68" scX="0.5" scY="0.5"/>
  </bone>
  <bone name="btnTowerUpgr3">
   <transform x="20" y="-68" scX="0.5" scY="0.5"/>
  </bone>
  <bone name="btnTowerUpgr4">
   <transform x="53" y="-40" scX="0.5" scY="0.5"/>
  </bone>
  <animation name="TowerMenu_mc" duration="27" autoTween="1" fadeInTime="0.3" tweenEasing="NaN">
   <timeline name="bg1">
    <frame displayIndex="-1" duration="25"/>
    <frame z="0" duration="1">
     <transform/>
    </frame>
    <frame z="0" duration="1">
     <transform/>
    </frame>
   </timeline>
   <timeline name="bg2">
    <frame z="0" duration="26">
     <transform/>
    </frame>
    <frame z="0" duration="1">
     <transform/>
    </frame>
   </timeline>
   <timeline name="cont1">
    <frame z="0" duration="26">
     <transform/>
    </frame>
    <frame z="0" duration="1">
     <transform/>
    </frame>
   </timeline>
   <timeline name="cont2">
    <frame z="0" duration="26">
     <transform/>
    </frame>
    <frame z="0" duration="1">
     <transform/>
    </frame>
   </timeline>
   <timeline name="bg3">
    <frame z="0" duration="26">
     <transform/>
    </frame>
    <frame z="0" duration="1">
     <transform/>
    </frame>
   </timeline>
   <timeline name="btnGetAll">
    <frame z="0" duration="26">
     <transform/>
    </frame>
    <frame z="0" duration="1">
     <transform/>
    </frame>
   </timeline>
   <timeline name="sphereSlot1">
    <frame z="0" duration="26">
     <transform/>
    </frame>
    <frame z="0" duration="1">
     <transform/>
    </frame>
   </timeline>
   <timeline name="sphereSlot2">
    <frame z="0" duration="26">
     <transform/>
    </frame>
    <frame z="0" duration="1">
     <transform/>
    </frame>
   </timeline>
   <timeline name="sphereSlot4">
    <frame z="0" duration="26">
     <transform/>
    </frame>
    <frame z="0" duration="1">
     <transform/>
    </frame>
   </timeline>
   <timeline name="sphereSlot3">
    <frame z="0" duration="26">
     <transform/>
    </frame>
    <frame z="0" duration="1">
     <transform/>
    </frame>
   </timeline>
   <timeline name="fastBuyUltraCont">
    <frame displayIndex="-1" duration="12"/>
    <frame z="0" duration="14">
     <transform/>
    </frame>
    <frame z="0" duration="1">
     <transform/>
    </frame>
   </timeline>
   <timeline name="btnUpgradeMenu">
    <frame z="0" duration="3" tweenEasing="0">
     <transform/>
    </frame>
    <frame z="0" duration="2" tweenEasing="0">
     <transform/>
    </frame>
    <frame z="0" duration="4" tweenEasing="0">
     <transform scX="1.11" y="0.1" scY="1.11"/>
    </frame>
    <frame z="0" duration="1">
     <transform scX="0.66" y="-0.65" scY="0.66"/>
     <colorTransform bM="100" gO="0" bO="0" aM="60" rM="100" aO="0" gM="100" rO="0"/>
    </frame>
    <frame z="0" duration="2">
     <transform scX="0.54" y="-0.8" scY="0.54"/>
     <colorTransform bM="100" gO="0" bO="0" aM="20" rM="100" aO="0" gM="100" rO="0"/>
    </frame>
    <frame displayIndex="-1" duration="15"/>
   </timeline>
   <timeline name="btnTowerUpgr1">
    <frame displayIndex="-1" duration="12"/>
    <frame z="0" duration="5" tweenEasing="0">
     <transform/>
    </frame>
    <frame z="0" duration="1">
     <transform scX="2.1" y="-5" scY="2.1"/>
    </frame>
    <frame z="0" duration="8">
     <transform scX="2" y="-5" scY="2"/>
    </frame>
    <frame z="0" duration="1">
     <transform scX="2" y="-5" scY="2"/>
    </frame>
   </timeline>
   <timeline name="btnTowerUpgr2">
    <frame displayIndex="-1" duration="14"/>
    <frame z="0" duration="5" tweenEasing="0">
     <transform/>
    </frame>
    <frame z="0" duration="1">
     <transform scX="2.1" scY="2.1"/>
    </frame>
    <frame z="0" duration="6">
     <transform scX="2" scY="2"/>
    </frame>
    <frame z="0" duration="1">
     <transform scX="2" scY="2"/>
    </frame>
   </timeline>
   <timeline name="btnTowerUpgr3">
    <frame displayIndex="-1" duration="16"/>
    <frame z="0" duration="5" tweenEasing="0">
     <transform/>
    </frame>
    <frame z="0" duration="1">
     <transform scX="2.1" scY="2.1"/>
    </frame>
    <frame z="0" duration="4">
     <transform scX="2" scY="2"/>
    </frame>
    <frame z="0" duration="1">
     <transform scX="2" scY="2"/>
    </frame>
   </timeline>
   <timeline name="btnTowerUpgr4">
    <frame displayIndex="-1" duration="18"/>
    <frame z="0" duration="5" tweenEasing="0">
     <transform/>
    </frame>
    <frame z="0" duration="1">
     <transform scX="2.1" y="-5" scY="2.1"/>
    </frame>
    <frame z="0" duration="2">
     <transform scX="2" y="-5" scY="2"/>
    </frame>
    <frame z="0" duration="1">
     <transform scX="2" y="-5" scY="2"/>
    </frame>
   </timeline>
  </animation>
 </armature>
 <armature name="cont1">
  <skin name="default">
   <slot name="cont1" z="0" parent="cont1">
    <display name="Shape/shape 10977" type="image">
     <transform pX="67" pY="64"/>
    </display>
    <display name="Shape/shape 10979" type="image">
     <transform pX="67" pY="64"/>
    </display>
    <display name="Shape/shape 10981" type="image">
     <transform pX="67" pY="64"/>
    </display>
    <display name="Shape/shape 10983" type="image">
     <transform pX="67" pY="64"/>
    </display>
    <display name="Shape/shape 10985" type="image">
     <transform pX="67" pY="64"/>
    </display>
    <display name="Shape/shape 10987" type="image">
     <transform pX="67" pY="64"/>
    </display>
    <display name="Shape/shape 10989" type="image">
     <transform pX="67" pY="64"/>
    </display>
    <display name="Shape/shape 10991" type="image">
     <transform pX="67" pY="64"/>
    </display>
    <display name="Shape/shape 10993" type="image">
     <transform pX="67" pY="64"/>
    </display>
    <display name="Shape/shape 10995" type="image">
     <transform pX="67" pY="64"/>
    </display>
    <display name="Shape/shape 10997" type="image">
     <transform pX="67" pY="64"/>
    </display>
    <display name="Shape/shape 10999" type="image">
     <transform pX="67" pY="64"/>
    </display>
    <display name="Shape/shape 11001" type="image">
     <transform pX="67" pY="64"/>
    </display>
    <display name="Shape/shape 11003" type="image">
     <transform pX="67" pY="64"/>
    </display>
    <display name="Shape/shape 11005" type="image">
     <transform pX="67" pY="64"/>
    </display>
    <display name="Shape/shape 11007" type="image">
     <transform pX="67" pY="64"/>
    </display>
    <display name="Shape/shape 11009" type="image">
     <transform pX="67" pY="64"/>
    </display>
    <display name="Shape/shape 11011" type="image">
     <transform pX="67" pY="64"/>
    </display>
    <display name="Shape/shape 11013" type="image">
     <transform pX="67" pY="64"/>
    </display>
    <display name="Shape/shape 11015" type="image">
     <transform pX="67" pY="64"/>
    </display>
    <display name="Shape/shape 11017" type="image">
     <transform pX="67" pY="64"/>
    </display>
    <display name="Shape/shape 11019" type="image">
     <transform pX="67" pY="64"/>
    </display>
    <display name="Shape/shape 11021" type="image">
     <transform pX="67" pY="64"/>
    </display>
    <display name="Shape/shape 11023" type="image">
     <transform pX="67" pY="64"/>
    </display>
    <display name="Shape/shape 11025" type="image">
     <transform pX="67" pY="64"/>
    </display>
    <display name="Shape/shape 11027" type="image">
     <transform pX="67" pY="64"/>
    </display>
    <display name="Shape/shape 11029" type="image">
     <transform pX="67" pY="64"/>
    </display>
    <display name="Shape/shape 11031" type="image">
     <transform pX="67" pY="64"/>
    </display>
    <display name="Shape/shape 11033" type="image">
     <transform pX="67" pY="64"/>
    </display>
    <display name="Shape/shape 11035" type="image">
     <transform pX="67" pY="64"/>
    </display>
   </slot>
  </skin>
  <bone name="cont1">
   <transform/>
  </bone>
  <animation name="cont1" fadeInTime="0.3" autoTween="1" duration="61" tweenEasing="NaN">
   <timeline name="cont1">
    <frame z="0" duration="2">
     <transform/>
    </frame>
    <frame displayIndex="1" z="0" duration="2">
     <transform/>
    </frame>
    <frame displayIndex="2" z="0" duration="2">
     <transform/>
    </frame>
    <frame displayIndex="3" z="0" duration="2">
     <transform/>
    </frame>
    <frame displayIndex="4" z="0" duration="2">
     <transform/>
    </frame>
    <frame displayIndex="5" z="0" duration="2">
     <transform/>
    </frame>
    <frame displayIndex="6" z="0" duration="2">
     <transform/>
    </frame>
    <frame displayIndex="7" z="0" duration="2">
     <transform/>
    </frame>
    <frame displayIndex="8" z="0" duration="2">
     <transform/>
    </frame>
    <frame displayIndex="9" z="0" duration="2">
     <transform/>
    </frame>
    <frame displayIndex="10" z="0" duration="2">
     <transform/>
    </frame>
    <frame displayIndex="11" z="0" duration="2">
     <transform/>
    </frame>
    <frame displayIndex="12" z="0" duration="2">
     <transform/>
    </frame>
    <frame displayIndex="13" z="0" duration="2">
     <transform/>
    </frame>
    <frame displayIndex="14" z="0" duration="2">
     <transform/>
    </frame>
    <frame displayIndex="15" z="0" duration="2">
     <transform/>
    </frame>
    <frame displayIndex="16" z="0" duration="2">
     <transform/>
    </frame>
    <frame displayIndex="17" z="0" duration="2">
     <transform/>
    </frame>
    <frame displayIndex="18" z="0" duration="2">
     <transform/>
    </frame>
    <frame displayIndex="19" z="0" duration="2">
     <transform/>
    </frame>
    <frame displayIndex="20" z="0" duration="2">
     <transform/>
    </frame>
    <frame displayIndex="21" z="0" duration="2">
     <transform/>
    </frame>
    <frame displayIndex="22" z="0" duration="2">
     <transform/>
    </frame>
    <frame displayIndex="23" z="0" duration="2">
     <transform/>
    </frame>
    <frame displayIndex="24" z="0" duration="2">
     <transform/>
    </frame>
    <frame displayIndex="25" z="0" duration="2">
     <transform/>
    </frame>
    <frame displayIndex="26" z="0" duration="2">
     <transform/>
    </frame>
    <frame displayIndex="27" z="0" duration="2">
     <transform/>
    </frame>
    <frame displayIndex="28" z="0" duration="2">
     <transform/>
    </frame>
    <frame displayIndex="29" z="0" duration="2">
     <transform/>
    </frame>
    <frame displayIndex="29" z="0" duration="1">
     <transform/>
    </frame>
   </timeline>
   <frame duration="60"/>
   <frame duration="1"/>
  </animation>
 </armature>
 <armature name="cont2">
  <skin name="default">
   <slot name="cont2" z="0" parent="cont2">
    <display name="Shape/shape 11038" type="image">
     <transform pX="57" pY="43"/>
    </display>
    <display name="Shape/shape 11040" type="image">
     <transform pX="57" pY="43"/>
    </display>
    <display name="Shape/shape 11042" type="image">
     <transform pX="57" pY="43"/>
    </display>
    <display name="Shape/shape 11044" type="image">
     <transform pX="57" pY="43"/>
    </display>
    <display name="Shape/shape 11046" type="image">
     <transform pX="57" pY="43"/>
    </display>
    <display name="Shape/shape 11048" type="image">
     <transform pX="57" pY="43"/>
    </display>
    <display name="Shape/shape 11050" type="image">
     <transform pX="57" pY="43"/>
    </display>
    <display name="Shape/shape 11052" type="image">
     <transform pX="57" pY="43"/>
    </display>
    <display name="Shape/shape 11054" type="image">
     <transform pX="57" pY="43"/>
    </display>
    <display name="Shape/shape 11056" type="image">
     <transform pX="57" pY="43"/>
    </display>
    <display name="Shape/shape 11058" type="image">
     <transform pX="57" pY="43"/>
    </display>
    <display name="Shape/shape 11060" type="image">
     <transform pX="57" pY="43"/>
    </display>
    <display name="Shape/shape 11062" type="image">
     <transform pX="57" pY="43"/>
    </display>
    <display name="Shape/shape 11064" type="image">
     <transform pX="57" pY="43"/>
    </display>
    <display name="Shape/shape 11066" type="image">
     <transform pX="57" pY="43"/>
    </display>
    <display name="Shape/shape 11068" type="image">
     <transform pX="57" pY="43"/>
    </display>
    <display name="Shape/shape 11070" type="image">
     <transform pX="57" pY="43"/>
    </display>
    <display name="Shape/shape 11072" type="image">
     <transform pX="57" pY="43"/>
    </display>
    <display name="Shape/shape 11074" type="image">
     <transform pX="57" pY="43"/>
    </display>
    <display name="Shape/shape 11076" type="image">
     <transform pX="57" pY="43"/>
    </display>
   </slot>
  </skin>
  <bone name="cont2">
   <transform/>
  </bone>
  <animation name="cont2" duration="61" autoTween="1" fadeInTime="0.3" tweenEasing="NaN">
   <timeline name="cont2">
    <frame z="0" duration="3">
     <transform/>
    </frame>
    <frame displayIndex="1" z="0" duration="3">
     <transform/>
    </frame>
    <frame displayIndex="2" z="0" duration="3">
     <transform/>
    </frame>
    <frame displayIndex="3" z="0" duration="3">
     <transform/>
    </frame>
    <frame displayIndex="4" z="0" duration="2">
     <transform/>
    </frame>
    <frame displayIndex="5" z="0" duration="2">
     <transform/>
    </frame>
    <frame displayIndex="6" z="0" duration="2">
     <transform/>
    </frame>
    <frame displayIndex="7" z="0" duration="2">
     <transform/>
    </frame>
    <frame displayIndex="8" z="0" duration="2">
     <transform/>
    </frame>
    <frame displayIndex="9" z="0" duration="2">
     <transform/>
    </frame>
    <frame displayIndex="10" z="0" duration="2">
     <transform/>
    </frame>
    <frame displayIndex="11" z="0" duration="2">
     <transform/>
    </frame>
    <frame displayIndex="12" z="0" duration="2">
     <transform/>
    </frame>
    <frame displayIndex="13" z="0" duration="2">
     <transform/>
    </frame>
    <frame displayIndex="14" z="0" duration="2">
     <transform/>
    </frame>
    <frame displayIndex="15" z="0" duration="2">
     <transform/>
    </frame>
    <frame displayIndex="16" z="0" duration="2">
     <transform/>
    </frame>
    <frame displayIndex="17" z="0" duration="2">
     <transform/>
    </frame>
    <frame displayIndex="18" z="0" duration="1">
     <transform/>
    </frame>
    <frame displayIndex="19" z="0" duration="19">
     <transform/>
    </frame>
    <frame displayIndex="19" z="0" duration="1">
     <transform/>
    </frame>
   </timeline>
  </animation>
 </armature>
 <armature name="btnGetAll">
  <skin name="default">
   <slot name="bg" z="0" parent="bg">
    <display name="Shape/shape 11081" type="image">
     <transform pX="16" pY="16"/>
    </display>
    <display name="Shape/shape 11083" type="image">
     <transform pX="16" pY="16"/>
    </display>
    <display name="Shape/shape 11085" type="image">
     <transform pX="16" pY="16"/>
    </display>
    <display name="Shape/shape 11087" type="image">
     <transform pX="16" pY="16"/>
    </display>
    <display name="Shape/shape 11089" type="image">
     <transform pX="16" pY="16"/>
    </display>
    <display name="Shape/shape 11091" type="image">
     <transform pX="16" pY="16"/>
    </display>
    <display name="Shape/shape 11093" type="image">
     <transform pX="16" pY="16"/>
    </display>
    <display name="Shape/shape 11095" type="image">
     <transform pX="16" pY="16"/>
    </display>
    <display name="Shape/shape 11097" type="image">
     <transform pX="16" pY="16"/>
    </display>
    <display name="Shape/shape 11099" type="image">
     <transform pX="16" pY="16"/>
    </display>
    <display name="Shape/shape 11101" type="image">
     <transform pX="16" pY="16"/>
    </display>
    <display name="Shape/shape 11103" type="image">
     <transform pX="16" pY="16"/>
    </display>
    <display name="Shape/shape 11105" type="image">
     <transform pX="16" pY="16"/>
    </display>
    <display name="Shape/shape 11107" type="image">
     <transform pX="16" pY="16"/>
    </display>
    <display name="Shape/shape 11109" type="image">
     <transform pX="16" pY="16"/>
    </display>
    <display name="Shape/shape 11111" type="image">
     <transform pX="16" pY="16"/>
    </display>
    <display name="Shape/shape 11113" type="image">
     <transform pX="16" pY="16"/>
    </display>
    <display name="Shape/shape 11115" type="image">
     <transform pX="16" pY="16"/>
    </display>
    <display name="Shape/shape 11117" type="image">
     <transform pX="16" pY="16"/>
    </display>
    <display name="Shape/shape 11119" type="image">
     <transform pX="16" pY="16"/>
    </display>
    <display name="Shape/shape 11121" type="image">
     <transform pX="16" pY="16"/>
    </display>
    <display name="Shape/shape 11123" type="image">
     <transform pX="16" pY="16"/>
    </display>
    <display name="Shape/shape 11125" type="image">
     <transform pX="16" pY="16"/>
    </display>
    <display name="Shape/shape 11127" type="image">
     <transform pX="16" pY="16"/>
    </display>
    <display name="Shape/shape 11129" type="image">
     <transform pX="16" pY="16"/>
    </display>
    <display name="Shape/shape 11131" type="image">
     <transform pX="16" pY="16"/>
    </display>
    <display name="Shape/shape 11133" type="image">
     <transform pX="16" pY="16"/>
    </display>
    <display name="Shape/shape 11135" type="image">
     <transform pX="16" pY="16"/>
    </display>
    <display name="Shape/shape 11137" type="image">
     <transform pX="16" pY="16"/>
    </display>
    <display name="Shape/shape 11139" type="image">
     <transform pX="16" pY="16"/>
    </display>
    <display name="Shape/shape 11141" type="image">
     <transform pX="16" pY="16"/>
    </display>
   </slot>
   <slot name="btnGetAllCase" z="1" parent="btnGetAllCase">
    <display name="case" type="image">
     <transform pX="25" pY="25"/>
    </display>
   </slot>
  </skin>
  <bone name="bg">
   <transform/>
  </bone>
  <bone name="btnGetAllCase">
   <transform scX="0.6" scY="0.6"/>
  </bone>
  <animation name="btnGetAll" fadeInTime="0.3" autoTween="1" duration="32" tweenEasing="NaN">
   <timeline name="bg">
    <frame z="0" duration="1">
     <transform/>
    </frame>
    <frame displayIndex="1" z="0" duration="1">
     <transform/>
    </frame>
    <frame displayIndex="2" z="0" duration="1">
     <transform/>
    </frame>
    <frame displayIndex="3" z="0" duration="1">
     <transform/>
    </frame>
    <frame displayIndex="4" z="0" duration="1">
     <transform/>
    </frame>
    <frame displayIndex="5" z="0" duration="1">
     <transform/>
    </frame>
    <frame displayIndex="6" z="0" duration="1">
     <transform/>
    </frame>
    <frame displayIndex="7" z="0" duration="1">
     <transform/>
    </frame>
    <frame displayIndex="8" z="0" duration="1">
     <transform/>
    </frame>
    <frame displayIndex="9" z="0" duration="1">
     <transform/>
    </frame>
    <frame displayIndex="10" z="0" duration="1">
     <transform/>
    </frame>
    <frame displayIndex="11" z="0" duration="1">
     <transform/>
    </frame>
    <frame displayIndex="12" z="0" duration="1">
     <transform/>
    </frame>
    <frame displayIndex="13" z="0" duration="1">
     <transform/>
    </frame>
    <frame displayIndex="14" z="0" duration="1">
     <transform/>
    </frame>
    <frame displayIndex="15" z="0" duration="1">
     <transform/>
    </frame>
    <frame displayIndex="16" z="0" duration="1">
     <transform/>
    </frame>
    <frame displayIndex="17" z="0" duration="1">
     <transform/>
    </frame>
    <frame displayIndex="18" z="0" duration="1">
     <transform/>
    </frame>
    <frame displayIndex="19" z="0" duration="1">
     <transform/>
    </frame>
    <frame displayIndex="20" z="0" duration="1">
     <transform/>
    </frame>
    <frame displayIndex="21" z="0" duration="1">
     <transform/>
    </frame>
    <frame displayIndex="22" z="0" duration="1">
     <transform/>
    </frame>
    <frame displayIndex="23" z="0" duration="1">
     <transform/>
    </frame>
    <frame displayIndex="24" z="0" duration="1">
     <transform/>
    </frame>
    <frame displayIndex="25" z="0" duration="1">
     <transform/>
    </frame>
    <frame displayIndex="26" z="0" duration="1">
     <transform/>
    </frame>
    <frame displayIndex="27" z="0" duration="1">
     <transform/>
    </frame>
    <frame displayIndex="28" z="0" duration="1">
     <transform/>
    </frame>
    <frame displayIndex="29" z="0" duration="1">
     <transform/>
    </frame>
    <frame displayIndex="30" z="0" duration="1">
     <transform/>
    </frame>
    <frame displayIndex="30" z="0" duration="1">
     <transform/>
    </frame>
   </timeline>
   <timeline name="btnGetAllCase">
    <frame z="0" duration="31">
     <transform/>
    </frame>
    <frame z="0" duration="1">
     <transform/>
    </frame>
   </timeline>
   <frame duration="31"/>
   <frame duration="1"/>
  </animation>
 </armature>
 <armature name="sphereSlot">
  <skin name="default">
   <slot name="bg" z="0" parent="bg">
    <display name="Shape/shape 11144" type="image">
     <transform pX="22.25" pY="21.8"/>
    </display>
    <display name="Shape/shape 11174" type="image">
     <transform pX="22.25" pY="21.8"/>
    </display>
    <display name="Shape/shape 11176" type="image">
     <transform pX="22.25" pY="21.8"/>
    </display>
    <display name="Shape/shape 11178" type="image">
     <transform pX="22.25" pY="21.8"/>
    </display>
    <display name="Shape/shape 11180" type="image">
     <transform pX="22.25" pY="21.8"/>
    </display>
   </slot>
   <slot name="sphereAnima" z="1" parent="sphereAnima">
    <display name="case" type="image">
     <transform pX="25" pY="25"/>
    </display>
   </slot>
   <slot name="sphereSlotCase" z="2" parent="sphereSlotCase">
    <display name="case" type="image">
     <transform pX="25" pY="25"/>
    </display>
   </slot>
  </skin>
  <bone name="bg">
   <transform/>
  </bone>
  <bone name="sphereAnima">
   <transform x="-0.7" y="-0.7"/>
  </bone>
  <bone name="sphereSlotCase">
   <transform x="-0.6" y="-0.6" scX="0.81" scY="0.81"/>
  </bone>
  <animation name="sphereSlot" fadeInTime="0.3" autoTween="1" duration="6" tweenEasing="NaN">
   <timeline name="bg">
    <frame z="0" duration="1">
     <transform/>
    </frame>
    <frame displayIndex="1" z="0" duration="1">
     <transform/>
    </frame>
    <frame displayIndex="2" z="0" duration="1">
     <transform/>
    </frame>
    <frame displayIndex="3" z="0" duration="1">
     <transform/>
    </frame>
    <frame displayIndex="4" z="0" duration="1">
     <transform/>
    </frame>
    <frame displayIndex="4" z="0" duration="1">
     <transform/>
    </frame>
   </timeline>
   <timeline name="sphereAnima">
    <frame z="0" duration="5">
     <transform/>
    </frame>
    <frame z="0" duration="1">
     <transform/>
    </frame>
   </timeline>
   <timeline name="sphereSlotCase">
    <frame z="0" duration="5">
     <transform/>
    </frame>
    <frame z="0" duration="1">
     <transform/>
    </frame>
   </timeline>
   <frame duration="5"/>
   <frame duration="1"/>
  </animation>
 </armature>
 <armature name="fastBuyUltraCont">
  <skin name="default">
   <slot name="indicator2" z="0" parent="indicator2">
    <display name="indicator" type="armature">
     <transform/>
    </display>
   </slot>
   <slot name="indicator3" z="1" parent="indicator3">
    <display name="indicator" type="armature">
     <transform/>
    </display>
   </slot>
   <slot name="indicator4" z="2" parent="indicator4">
    <display name="indicator" type="armature">
     <transform/>
    </display>
   </slot>
   <slot name="indicator1" z="3" parent="indicator1">
    <display name="indicator" type="armature">
     <transform/>
    </display>
   </slot>
   <slot name="btnFastBuyUltra" z="4" parent="btnFastBuyUltra">
    <display name="btnFastBuyUltra" type="armature">
     <transform/>
    </display>
   </slot>
  </skin>
  <bone name="indicator4">
   <transform x="54" y="-16" scX="0.4" scY="0.4"/>
  </bone>
  <bone name="indicator3">
   <transform x="26" y="24" scX="0.4" scY="0.4"/>
  </bone>
  <bone name="indicator2">
   <transform x="-26" y="24" scX="0.4" scY="0.4"/>
  </bone>
  <bone name="indicator1">
   <transform x="-54" y="-16" scX="0.4" scY="0.4"/>
  </bone>
  <bone name="btnFastBuyUltra">
   <transform y="-11.5" scX="0.47" scY="0.47"/>
  </bone>
  <animation name="fastBuyUltraCont" fadeInTime="0.3" autoTween="1" duration="6" tweenEasing="NaN">
   <timeline name="indicator2">
    <frame z="0" duration="2" tweenEasing="0">
     <transform/>
    </frame>
    <frame z="0" duration="1" tweenEasing="0">
     <transform scX="2.7" scY="2.7"/>
    </frame>
    <frame z="0" duration="1" tweenEasing="0">
     <transform x="-0.05" scX="2.6" scY="2.6"/>
    </frame>
    <frame z="0" duration="1">
     <transform scX="2.5" scY="2.5"/>
    </frame>
    <frame z="0" duration="1">
     <transform scX="2.5" scY="2.5"/>
    </frame>
   </timeline>
   <timeline name="indicator3">
    <frame z="0" duration="2" tweenEasing="0">
     <transform/>
    </frame>
    <frame z="0" duration="1" tweenEasing="0">
     <transform scX="2.7" scY="2.7"/>
    </frame>
    <frame z="0" duration="1" tweenEasing="0">
     <transform x="0.05" scX="2.6" scY="2.6"/>
    </frame>
    <frame z="0" duration="1">
     <transform scX="2.5" scY="2.5"/>
    </frame>
    <frame z="0" duration="1">
     <transform scX="2.5" scY="2.5"/>
    </frame>
   </timeline>
   <timeline name="indicator4">
    <frame z="0" duration="2" tweenEasing="0">
     <transform/>
    </frame>
    <frame z="0" duration="2" tweenEasing="0">
     <transform scX="2.7" scY="2.7"/>
    </frame>
    <frame z="0" duration="1">
     <transform scX="2.5" scY="2.5"/>
    </frame>
    <frame z="0" duration="1">
     <transform scX="2.5" scY="2.5"/>
    </frame>
   </timeline>
   <timeline name="indicator1">
    <frame z="0" duration="2" tweenEasing="0">
     <transform/>
    </frame>
    <frame z="0" duration="2" tweenEasing="0">
     <transform scX="2.7" scY="2.7"/>
    </frame>
    <frame z="0" duration="1">
     <transform scX="2.5" scY="2.5"/>
    </frame>
    <frame z="0" duration="1">
     <transform scX="2.5" scY="2.5"/>
    </frame>
   </timeline>
   <timeline name="btnFastBuyUltra">
    <frame z="0" duration="2" tweenEasing="0">
     <transform/>
    </frame>
    <frame z="0" duration="2" tweenEasing="0">
     <transform scX="2.2979" scY="2.2979"/>
    </frame>
    <frame z="0" duration="1">
     <transform scX="2.1277" y="0.5" scY="2.1277"/>
    </frame>
    <frame z="0" duration="1">
     <transform scX="2.1277" y="0.5" scY="2.1277"/>
    </frame>
   </timeline>
   <frame duration="5"/>
   <frame duration="1"/>
  </animation>
 </armature>
 <armature name="btnUpgradeMenu">
  <skin name="default">
   <slot name="bg" z="0" parent="bg">
    <display name="Shape/shape 11183" type="image">
     <transform pX="25" pY="26"/>
    </display>
    <display name="Shape/shape 11186" type="image">
     <transform pX="25" pY="26"/>
    </display>
    <display name="Shape/shape 11188" type="image">
     <transform pX="25" pY="26"/>
    </display>
    <display name="Shape/shape 11190" type="image">
     <transform pX="25" pY="26"/>
    </display>
   </slot>
   <slot name="btnUpgradeMenuLOCKCase" z="1" parent="btnUpgradeMenuLOCKCase">
    <display name="case" type="image">
     <transform pX="25" pY="25"/>
    </display>
   </slot>
   <slot name="costTXT" z="2" parent="costTXT">
    <display name="位图 6" type="image">
     <transform x="-21.5" y="-20.5"/>
    </display>
   </slot>
   <slot name="btnUpgradeMenuCase" z="3" parent="btnUpgradeMenuCase">
    <display name="case" type="image">
     <transform pX="25" pY="25"/>
    </display>
   </slot>
  </skin>
  <bone name="costTXT">
   <transform x="1.5" y="18.5"/>
  </bone>
  <bone name="btnUpgradeMenuLOCKCase">
   <transform x="-1.7" y="0.05" scX="0.86" scY="0.99"/>
  </bone>
  <bone name="bg">
   <transform/>
  </bone>
  <bone name="btnUpgradeMenuCase">
   <transform x="-1.7" y="0.05" scX="0.86" scY="0.99"/>
  </bone>
  <animation name="btnUpgradeMenu" duration="5" autoTween="1" fadeInTime="0.3" tweenEasing="NaN">
   <timeline name="bg">
    <frame z="0" duration="1">
     <transform/>
    </frame>
    <frame displayIndex="1" z="0" duration="1">
     <transform/>
    </frame>
    <frame displayIndex="2" z="0" duration="2">
     <transform/>
    </frame>
    <frame displayIndex="3" z="0" duration="1">
     <transform/>
    </frame>
   </timeline>
   <timeline name="btnUpgradeMenuLOCKCase">
    <frame displayIndex="-1" duration="4"/>
    <frame z="0" duration="1">
     <transform/>
    </frame>
   </timeline>
   <timeline name="costTXT">
    <frame z="0" duration="4">
     <transform/>
    </frame>
    <frame displayIndex="-1" duration="1"/>
   </timeline>
   <timeline name="btnUpgradeMenuCase">
    <frame z="0" duration="3">
     <transform/>
    </frame>
    <frame z="0" duration="1">
     <transform/>
    </frame>
    <frame displayIndex="-1" duration="1"/>
   </timeline>
  </animation>
 </armature>
 <armature name="btnTowerUpgr1">
  <skin name="default">
   <slot name="bg1" z="0" parent="bg1">
    <display name="Shape/shape 11211" type="image">
     <transform pX="18.55" pY="18.25"/>
    </display>
    <display name="Shape/shape 11222" type="image">
     <transform pX="19" pY="19"/>
    </display>
   </slot>
   <slot name="bg2" z="1" parent="bg2">
    <display name="Shape/shape 11213" type="image">
     <transform pX="11.35" pY="12.4"/>
    </display>
    <display name="Shape/shape 11216" type="image">
     <transform pX="13.75" pY="14.55"/>
    </display>
    <display name="Shape/shape 11219" type="image">
     <transform pX="11.9" pY="12.55"/>
    </display>
   </slot>
   <slot name="costTXT" z="2" parent="costTXT">
    <display name="text" type="text">
     <transform x="-2" y="-2"/>
     <text text="444" lineType="multiline" size="12" face="FZJianTiS-R-GB Bold" alignH="left" alignV="top" width="38" bold="0" textType="dynamic" height="36" italic="0">
      <color g="76" r="4" b="73" a="255"/>
     </text>
    </display>
   </slot>
   <slot name="btnTowerUpgrCase" z="3" parent="btnTowerUpgrCase">
    <display name="case" type="image">
     <transform pX="25" pY="25"/>
    </display>
   </slot>
  </skin>
  <bone name="costTXT">
   <transform x="1.75" y="20.25"/>
  </bone>
  <bone name="bg2">
   <transform/>
  </bone>
  <bone name="bg1">
   <transform/>
  </bone>
  <bone name="btnTowerUpgrCase">
   <transform y="3" scX="0.68" scY="0.8"/>
  </bone>
  <animation name="btnTowerUpgr1" fadeInTime="0.3" autoTween="1" duration="6" tweenEasing="NaN">
   <timeline name="bg1">
    <frame z="0" duration="4">
     <transform/>
    </frame>
    <frame displayIndex="1" z="0" duration="1">
     <transform/>
    </frame>
    <frame displayIndex="1" z="0" duration="1">
     <transform/>
    </frame>
   </timeline>
   <timeline name="bg2">
    <frame z="0" duration="1">
     <transform/>
    </frame>
    <frame displayIndex="1" z="0" duration="1">
     <transform/>
    </frame>
    <frame displayIndex="2" z="0" duration="2">
     <transform/>
    </frame>
    <frame displayIndex="2" z="0" duration="1">
     <transform/>
    </frame>
    <frame displayIndex="-1" duration="1"/>
   </timeline>
   <timeline name="costTXT">
    <frame z="0" duration="1">
     <transform/>
    </frame>
    <frame z="0" duration="1">
     <transform/>
     <colorTransform bM="16" gO="0" bO="0" aM="100" rM="90" aO="0" gM="15" rO="0"/>
    </frame>
    <frame z="0" duration="2">
     <transform/>
     <colorTransform bM="50" gO="0" bO="0" aM="100" rM="26" aO="0" gM="50" rO="0"/>
    </frame>
    <frame z="0" duration="1">
     <transform/>
     <colorTransform bM="50" gO="0" bO="0" aM="100" rM="26" aO="0" gM="50" rO="0"/>
    </frame>
    <frame displayIndex="-1" duration="1"/>
   </timeline>
   <timeline name="btnTowerUpgrCase">
    <frame z="0" duration="5">
     <transform/>
    </frame>
    <frame z="0" duration="1">
     <transform/>
    </frame>
   </timeline>
   <frame duration="5"/>
   <frame duration="1"/>
  </animation>
 </armature>
 <armature name="btnTowerUpgr2">
  <skin name="default">
   <slot name="bg1" z="0" parent="bg1">
    <display name="Shape/shape 11211" type="image">
     <transform pX="18.55" pY="18.25"/>
    </display>
    <display name="Shape/shape 11222" type="image">
     <transform pX="19" pY="19"/>
    </display>
   </slot>
   <slot name="bg2" z="1" parent="bg2">
    <display name="Shape/shape 11225" type="image">
     <transform pX="12.15" pY="11.05"/>
    </display>
    <display name="Shape/shape 11227" type="image">
     <transform pX="13.85" pY="13.15"/>
    </display>
    <display name="Shape/shape 11229" type="image">
     <transform pX="12" pY="11.2"/>
    </display>
   </slot>
   <slot name="costTXT" z="2" parent="costTXT">
    <display name="text" type="text">
     <transform x="-2" y="-2"/>
     <text text="444" lineType="multiline" size="12" face="FZJianTiS-R-GB Bold" alignH="left" alignV="top" width="38" bold="0" textType="dynamic" height="36" italic="0">
      <color g="76" r="4" b="73" a="255"/>
     </text>
    </display>
   </slot>
   <slot name="btnTowerUpgrCase" z="3" parent="btnTowerUpgrCase">
    <display name="case" type="image">
     <transform pX="25" pY="25"/>
    </display>
   </slot>
  </skin>
  <bone name="costTXT">
   <transform x="1.75" y="20.25"/>
  </bone>
  <bone name="bg2">
   <transform/>
  </bone>
  <bone name="bg1">
   <transform/>
  </bone>
  <bone name="btnTowerUpgrCase">
   <transform y="3" scX="0.68" scY="0.8"/>
  </bone>
  <animation name="btnTowerUpgr2" duration="6" autoTween="1" fadeInTime="0.3" tweenEasing="NaN">
   <timeline name="bg1">
    <frame z="0" duration="4">
     <transform/>
    </frame>
    <frame displayIndex="1" z="0" duration="1">
     <transform/>
    </frame>
    <frame displayIndex="1" z="0" duration="1">
     <transform/>
    </frame>
   </timeline>
   <timeline name="bg2">
    <frame z="0" duration="1">
     <transform/>
    </frame>
    <frame displayIndex="1" z="0" duration="1">
     <transform/>
    </frame>
    <frame displayIndex="2" z="0" duration="2">
     <transform/>
    </frame>
    <frame displayIndex="2" z="0" duration="1">
     <transform/>
    </frame>
    <frame displayIndex="-1" duration="1"/>
   </timeline>
   <timeline name="costTXT">
    <frame z="0" duration="1">
     <transform/>
    </frame>
    <frame z="0" duration="1">
     <transform/>
     <colorTransform bM="16" gO="0" bO="0" aM="100" rM="90" aO="0" gM="15" rO="0"/>
    </frame>
    <frame z="0" duration="2">
     <transform/>
     <colorTransform bM="50" gO="0" bO="0" aM="100" rM="26" aO="0" gM="50" rO="0"/>
    </frame>
    <frame z="0" duration="1">
     <transform/>
     <colorTransform bM="50" gO="0" bO="0" aM="100" rM="26" aO="0" gM="50" rO="0"/>
    </frame>
    <frame displayIndex="-1" duration="1"/>
   </timeline>
   <timeline name="btnTowerUpgrCase">
    <frame z="0" duration="5">
     <transform/>
    </frame>
    <frame z="0" duration="1">
     <transform/>
    </frame>
   </timeline>
  </animation>
 </armature>
 <armature name="btnTowerUpgr3">
  <skin name="default">
   <slot name="bg1" z="0" parent="bg1">
    <display name="Shape/shape 11211" type="image">
     <transform pX="18.55" pY="18.25"/>
    </display>
    <display name="Shape/shape 11222" type="image">
     <transform pX="19" pY="19"/>
    </display>
   </slot>
   <slot name="bg2" z="1" parent="bg2">
    <display name="Shape/shape 11232" type="image">
     <transform pX="11.55" pY="11.05"/>
    </display>
    <display name="Shape/shape 11234" type="image">
     <transform pX="13.9" pY="12.8"/>
    </display>
    <display name="Shape/shape 11236" type="image">
     <transform pX="11.8" pY="11.2"/>
    </display>
   </slot>
   <slot name="costTXT" z="2" parent="costTXT">
    <display name="text" type="text">
     <transform x="-2" y="-2"/>
     <text text="444" lineType="multiline" size="12" face="FZJianTiS-R-GB Bold" alignH="left" alignV="top" width="38" bold="0" textType="dynamic" height="36" italic="0">
      <color g="76" r="4" b="73" a="255"/>
     </text>
    </display>
   </slot>
   <slot name="btnTowerUpgrCase" z="3" parent="btnTowerUpgrCase">
    <display name="case" type="image">
     <transform pX="25" pY="25"/>
    </display>
   </slot>
  </skin>
  <bone name="costTXT">
   <transform x="1.75" y="20.25"/>
  </bone>
  <bone name="bg2">
   <transform/>
  </bone>
  <bone name="bg1">
   <transform/>
  </bone>
  <bone name="btnTowerUpgrCase">
   <transform y="3" scX="0.68" scY="0.8"/>
  </bone>
  <animation name="btnTowerUpgr3" duration="6" autoTween="1" fadeInTime="0.3" tweenEasing="NaN">
   <timeline name="bg1">
    <frame z="0" duration="4">
     <transform/>
    </frame>
    <frame displayIndex="1" z="0" duration="1">
     <transform/>
    </frame>
    <frame displayIndex="1" z="0" duration="1">
     <transform/>
    </frame>
   </timeline>
   <timeline name="bg2">
    <frame z="0" duration="1">
     <transform/>
    </frame>
    <frame displayIndex="1" z="0" duration="1">
     <transform/>
    </frame>
    <frame displayIndex="2" z="0" duration="2">
     <transform/>
    </frame>
    <frame displayIndex="2" z="0" duration="1">
     <transform/>
    </frame>
    <frame displayIndex="-1" duration="1"/>
   </timeline>
   <timeline name="costTXT">
    <frame z="0" duration="1">
     <transform/>
    </frame>
    <frame z="0" duration="1">
     <transform/>
     <colorTransform bM="16" gO="0" bO="0" aM="100" rM="90" aO="0" gM="15" rO="0"/>
    </frame>
    <frame z="0" duration="2">
     <transform/>
     <colorTransform bM="50" gO="0" bO="0" aM="100" rM="26" aO="0" gM="50" rO="0"/>
    </frame>
    <frame z="0" duration="1">
     <transform/>
     <colorTransform bM="50" gO="0" bO="0" aM="100" rM="26" aO="0" gM="50" rO="0"/>
    </frame>
    <frame displayIndex="-1" duration="1"/>
   </timeline>
   <timeline name="btnTowerUpgrCase">
    <frame z="0" duration="5">
     <transform/>
    </frame>
    <frame z="0" duration="1">
     <transform/>
    </frame>
   </timeline>
  </animation>
 </armature>
 <armature name="btnTowerUpgr4">
  <skin name="default">
   <slot name="bg1" z="0" parent="bg1">
    <display name="Shape/shape 11211" type="image">
     <transform pX="18.55" pY="18.25"/>
    </display>
    <display name="Shape/shape 11222" type="image">
     <transform pX="19" pY="19"/>
    </display>
   </slot>
   <slot name="bg2" z="1" parent="bg2">
    <display name="Shape/shape 11239" type="image">
     <transform pX="9.4" pY="11.55"/>
    </display>
    <display name="Shape/shape 11241" type="image">
     <transform pX="10.55" pY="13.3"/>
    </display>
    <display name="Shape/shape 11243" type="image">
     <transform pX="9.3" pY="11.75"/>
    </display>
   </slot>
   <slot name="costTXT" z="2" parent="costTXT">
    <display name="text" type="text">
     <transform x="-2" y="-2"/>
     <text text="444" lineType="multiline" size="12" face="FZJianTiS-R-GB Bold" alignH="left" alignV="top" width="38" bold="0" textType="dynamic" height="36" italic="0">
      <color g="76" r="4" b="73" a="255"/>
     </text>
    </display>
   </slot>
   <slot name="btnTowerUpgrCase" z="3" parent="btnTowerUpgrCase">
    <display name="case" type="image">
     <transform pX="25" pY="25"/>
    </display>
   </slot>
  </skin>
  <bone name="costTXT">
   <transform x="1.75" y="20.25"/>
  </bone>
  <bone name="bg2">
   <transform/>
  </bone>
  <bone name="bg1">
   <transform/>
  </bone>
  <bone name="btnTowerUpgrCase">
   <transform y="3" scX="0.68" scY="0.8"/>
  </bone>
  <animation name="btnTowerUpgr4" duration="6" autoTween="1" fadeInTime="0.3" tweenEasing="NaN">
   <timeline name="bg1">
    <frame z="0" duration="4">
     <transform/>
    </frame>
    <frame displayIndex="1" z="0" duration="1">
     <transform/>
    </frame>
    <frame displayIndex="1" z="0" duration="1">
     <transform/>
    </frame>
   </timeline>
   <timeline name="bg2">
    <frame z="0" duration="1">
     <transform/>
    </frame>
    <frame displayIndex="1" z="0" duration="1">
     <transform/>
    </frame>
    <frame displayIndex="2" z="0" duration="2">
     <transform/>
    </frame>
    <frame displayIndex="2" z="0" duration="1">
     <transform/>
    </frame>
    <frame displayIndex="-1" duration="1"/>
   </timeline>
   <timeline name="costTXT">
    <frame z="0" duration="1">
     <transform/>
    </frame>
    <frame z="0" duration="1">
     <transform/>
     <colorTransform bM="16" gO="0" bO="0" aM="100" rM="90" aO="0" gM="15" rO="0"/>
    </frame>
    <frame z="0" duration="2">
     <transform/>
     <colorTransform bM="50" gO="0" bO="0" aM="100" rM="26" aO="0" gM="50" rO="0"/>
    </frame>
    <frame z="0" duration="1">
     <transform/>
     <colorTransform bM="50" gO="0" bO="0" aM="100" rM="26" aO="0" gM="50" rO="0"/>
    </frame>
    <frame displayIndex="-1" duration="1"/>
   </timeline>
   <timeline name="btnTowerUpgrCase">
    <frame z="0" duration="5">
     <transform/>
    </frame>
    <frame z="0" duration="1">
     <transform/>
    </frame>
   </timeline>
  </animation>
 </armature>
 <armature name="indicator">
  <skin name="default">
   <slot name="indicator" z="0" parent="indicator">
    <display name="Shape/shape 11193" type="image">
     <transform pX="11" pY="9"/>
    </display>
    <display name="Shape/shape 11195" type="image">
     <transform pX="11" pY="9"/>
    </display>
    <display name="Shape/shape 11196" type="image">
     <transform pX="9" pY="8.75"/>
    </display>
   </slot>
  </skin>
  <bone name="indicator">
   <transform/>
  </bone>
  <animation name="unnamed" duration="5" autoTween="1" tweenEasing="NaN">
   <timeline name="indicator">
    <frame z="0" duration="1">
     <transform/>
    </frame>
    <frame displayIndex="1" z="0" duration="1">
     <transform/>
    </frame>
    <frame displayIndex="2" z="0" duration="1">
     <transform/>
    </frame>
    <frame displayIndex="2" z="0" duration="1">
     <transform/>
    </frame>
    <frame displayIndex="2" z="0" duration="1">
     <transform/>
    </frame>
   </timeline>
  </animation>
 </armature>
 <armature name="btnFastBuyUltra">
  <skin name="default">
   <slot name="bg" z="0" parent="bg">
    <display name="Shape/shape 11199" type="image">
     <transform pX="22" pY="21"/>
    </display>
   </slot>
   <slot name="labelTXT" z="1" parent="labelTXT">
    <display name="位图 8" type="image">
     <transform x="-30" y="-28"/>
    </display>
    <display name="位图 9" type="image">
     <transform x="-33.5" y="-31"/>
    </display>
    <display name="位图 10" type="image">
     <transform x="-30" y="-28"/>
    </display>
    <display name="位图 11" type="image">
     <transform x="-30" y="-28"/>
    </display>
    <display name="位图 12" type="image">
     <transform x="-30" y="-28"/>
    </display>
   </slot>
   <slot name="costTXT" z="2" parent="costTXT">
    <display name="位图 7" type="image">
     <transform x="-25" y="-25"/>
    </display>
   </slot>
   <slot name="fastBuyUltraCase" z="3" parent="fastBuyUltraCase">
    <display name="case" type="image">
     <transform pX="25" pY="25"/>
    </display>
   </slot>
  </skin>
  <bone name="costTXT">
   <transform/>
  </bone>
  <bone name="labelTXT">
   <transform x="4.9" y="3"/>
  </bone>
  <bone name="bg">
   <transform/>
  </bone>
  <bone name="fastBuyUltraCase">
   <transform x="-0.15" y="-0.35" scX="0.83" scY="0.83"/>
  </bone>
  <animation name="btnFastBuyUltra" fadeInTime="0.3" autoTween="1" duration="5" tweenEasing="NaN">
   <timeline name="bg">
    <frame z="0" duration="4">
     <transform/>
    </frame>
    <frame z="0" duration="1">
     <transform/>
    </frame>
   </timeline>
   <timeline name="labelTXT">
    <frame z="0" duration="1">
     <transform/>
    </frame>
    <frame displayIndex="1" z="0" duration="1">
     <transform x="0.1"/>
    </frame>
    <frame displayIndex="2" z="0" duration="1">
     <transform x="-1"/>
    </frame>
    <frame displayIndex="3" z="0" duration="1">
     <transform x="-1"/>
    </frame>
    <frame displayIndex="4" z="0" duration="1">
     <transform x="-1"/>
    </frame>
   </timeline>
   <timeline name="costTXT">
    <frame z="0" duration="4">
     <transform/>
    </frame>
    <frame z="0" duration="1">
     <transform/>
    </frame>
   </timeline>
   <timeline name="fastBuyUltraCase">
    <frame z="0" duration="4">
     <transform/>
    </frame>
    <frame z="0" duration="1">
     <transform y="-0.2"/>
    </frame>
   </timeline>
   <frame duration="4"/>
   <frame duration="1"/>
  </animation>
 </armature>
</root>