<root name="TowerMenu_mc" isGlobal="0" frameRate="30" version="3.0">
 <armature name="TowerMenu_mc">
  <skin name="default">
   <slot name="bg1" z="0" parent="bg1">
    <display name="Shape/shape 4084" type="image">
     <transform x="0" pX="25" pY="25" skX="0" skY="0" scX="1" y="0" scY="1"/>
    </display>
   </slot>
   <slot name="bg2" z="1" parent="bg2">
    <display name="Shape/shape 10975" type="image">
     <transform x="0" pX="56.25" pY="56.25" skX="0" skY="0" scX="1" y="0" scY="1"/>
    </display>
   </slot>
   <slot name="cont1" z="2" parent="cont1">
    <display name="cont1" type="armature">
     <transform scY="1" skY="0" x="0" scX="1" skX="0" y="0"/>
    </display>
   </slot>
   <slot name="cont2" z="3" parent="cont2">
    <display name="cont2" type="armature">
     <transform scY="1" skY="0" x="0" scX="1" skX="0" y="0"/>
    </display>
   </slot>
   <slot name="bg3" z="4" parent="bg3">
    <display name="Shape/shape 11079" type="image">
     <transform x="0" pX="69" pY="49" skX="0" skY="0" scX="1" y="0" scY="1"/>
    </display>
   </slot>
   <slot name="btnGetAll" z="5" parent="btnGetAll">
    <display name="btnGetAll" type="armature">
     <transform scY="1" skY="0" x="0" scX="1" skX="0" y="0"/>
    </display>
   </slot>
   <slot name="sphereSlot1" z="6" parent="sphereSlot1">
    <display name="sphereSlot" type="armature">
     <transform scY="1" skY="0" x="0" scX="1" skX="0" y="0"/>
    </display>
   </slot>
   <slot name="sphereSlot2" z="7" parent="sphereSlot2">
    <display name="sphereSlot" type="armature">
     <transform scY="1" skY="0" x="0" scX="1" skX="0" y="0"/>
    </display>
   </slot>
   <slot name="sphereSlot4" z="8" parent="sphereSlot4">
    <display name="sphereSlot" type="armature">
     <transform scY="1" skY="0" x="0" scX="1" skX="0" y="0"/>
    </display>
   </slot>
   <slot name="sphereSlot3" z="9" parent="sphereSlot3">
    <display name="sphereSlot" type="armature">
     <transform scY="1" skY="0" x="0" scX="1" skX="0" y="0"/>
    </display>
   </slot>
   <slot name="fastBuyUltraCont" z="10" parent="fastBuyUltraCont">
    <display name="fastBuyUltraCont" type="armature">
     <transform scY="1" skY="0" x="0" scX="1" skX="0" y="0"/>
    </display>
   </slot>
   <slot name="btnUpgradeMenu" z="11" parent="btnUpgradeMenu">
    <display name="btnUpgradeMenu" type="armature">
     <transform scY="1" skY="0" x="0" scX="1" skX="0" y="0"/>
    </display>
   </slot>
   <slot name="btnTowerUpgr1" z="12" parent="btnTowerUpgr1">
    <display name="btnTowerUpgr1" type="armature">
     <transform scY="1" skY="0" x="0" scX="1" skX="0" y="0"/>
    </display>
   </slot>
   <slot name="btnTowerUpgr2" z="13" parent="btnTowerUpgr2">
    <display name="btnTowerUpgr2" type="armature">
     <transform scY="1" skY="0" x="0" scX="1" skX="0" y="0"/>
    </display>
   </slot>
   <slot name="btnTowerUpgr3" z="14" parent="btnTowerUpgr3">
    <display name="btnTowerUpgr3" type="armature">
     <transform scY="1" skY="0" x="0" scX="1" skX="0" y="0"/>
    </display>
   </slot>
   <slot name="btnTowerUpgr4" z="15" parent="btnTowerUpgr4">
    <display name="btnTowerUpgr4" type="armature">
     <transform scY="1" skY="0" x="0" scX="1" skX="0" y="0"/>
    </display>
   </slot>
  </skin>
  <bone name="sphereSlot4">
   <transform y="10" skY="0" x="54" scX="1" skX="0" scY="1"/>
  </bone>
  <bone name="bg2">
   <transform y="0" skY="0" x="0" scX="1" skX="0" scY="1"/>
  </bone>
  <bone name="cont1">
   <transform y="-2" skY="0" x="2" scX="1" skX="0" scY="1"/>
  </bone>
  <bone name="cont2">
   <transform y="13" skY="0" x="1" scX="1" skX="0" scY="1"/>
  </bone>
  <bone name="bg3">
   <transform y="20" skY="0" x="0" scX="1" skX="0" scY="1"/>
  </bone>
  <bone name="btnGetAll">
   <transform y="0" skY="0" x="0" scX="1" skX="0" scY="1"/>
  </bone>
  <bone name="sphereSlot1">
   <transform y="10" skY="0" x="-53" scX="1" skX="0" scY="1"/>
  </bone>
  <bone name="sphereSlot2">
   <transform y="50" skY="0" x="-25" scX="1" skX="0" scY="1"/>
  </bone>
  <bone name="bg1">
   <transform y="-6" skY="0" x="0" scX="3.2" skX="0" scY="3.2"/>
  </bone>
  <bone name="sphereSlot3">
   <transform y="50" skY="0" x="26" scX="1" skX="0" scY="1"/>
  </bone>
  <bone name="fastBuyUltraCont">
   <transform y="4" skY="0" x="0" scX="1" skX="0" scY="1"/>
  </bone>
  <bone name="btnUpgradeMenu">
   <transform y="-54" skY="0" x="2" scX="1" skX="0" scY="1"/>
  </bone>
  <bone name="btnTowerUpgr1">
   <transform y="-40" skY="0" x="-53" scX="0.5" skX="0" scY="0.5"/>
  </bone>
  <bone name="btnTowerUpgr2">
   <transform y="-68" skY="0" x="-20" scX="0.5" skX="0" scY="0.5"/>
  </bone>
  <bone name="btnTowerUpgr3">
   <transform y="-68" skY="0" x="20" scX="0.5" skX="0" scY="0.5"/>
  </bone>
  <bone name="btnTowerUpgr4">
   <transform y="-40" skY="0" x="53" scX="0.5" skX="0" scY="0.5"/>
  </bone>
  <animation name="TowerMenu_mc" scale="1" loop="1" duration="27" autoTween="NaN" fadeInTime="0.3" tweenEasing="NaN">
   <timeline name="bg1" scale="1" pX="0" pY="0" offset="0">
    <frame displayIndex="-1" duration="25"/>
    <frame z="0" duration="1">
     <transform x="0" pX="0" pY="0" skX="0" skY="0" scX="1" y="0" scY="1"/>
    </frame>
    <frame z="0" duration="1">
     <transform x="0" pX="0" pY="0" skX="0" skY="0" scX="1" y="0" scY="1"/>
    </frame>
   </timeline>
   <timeline name="bg2" scale="1" pX="0" pY="0" offset="0">
    <frame z="0" duration="26">
     <transform x="0" pX="0" pY="0" skX="0" skY="0" scX="1" y="0" scY="1"/>
    </frame>
    <frame z="0" duration="1">
     <transform x="0" pX="0" pY="0" skX="0" skY="0" scX="1" y="0" scY="1"/>
    </frame>
   </timeline>
   <timeline name="cont1" scale="1" pX="0" pY="0" offset="0">
    <frame z="0" duration="26">
     <transform x="0" pX="0" pY="0" skX="0" skY="0" scX="1" y="0" scY="1"/>
    </frame>
    <frame z="0" duration="1">
     <transform x="0" pX="0" pY="0" skX="0" skY="0" scX="1" y="0" scY="1"/>
    </frame>
   </timeline>
   <timeline name="cont2" scale="1" pX="0" pY="0" offset="0">
    <frame z="0" duration="26">
     <transform x="0" pX="0" pY="0" skX="0" skY="0" scX="1" y="0" scY="1"/>
    </frame>
    <frame z="0" duration="1">
     <transform x="0" pX="0" pY="0" skX="0" skY="0" scX="1" y="0" scY="1"/>
    </frame>
   </timeline>
   <timeline name="bg3" scale="1" pX="0" pY="0" offset="0">
    <frame z="0" duration="26">
     <transform x="0" pX="0" pY="0" skX="0" skY="0" scX="1" y="0" scY="1"/>
    </frame>
    <frame z="0" duration="1">
     <transform x="0" pX="0" pY="0" skX="0" skY="0" scX="1" y="0" scY="1"/>
    </frame>
   </timeline>
   <timeline name="btnGetAll" scale="1" pX="0" pY="0" offset="0">
    <frame z="0" duration="26">
     <transform x="0" pX="0" pY="0" skX="0" skY="0" scX="1" y="0" scY="1"/>
    </frame>
    <frame z="0" duration="1">
     <transform x="0" pX="0" pY="0" skX="0" skY="0" scX="1" y="0" scY="1"/>
    </frame>
   </timeline>
   <timeline name="sphereSlot1" scale="1" pX="0" pY="0" offset="0">
    <frame z="0" duration="26">
     <transform x="0" pX="0" pY="0" skX="0" skY="0" scX="1" y="0" scY="1"/>
    </frame>
    <frame z="0" duration="1">
     <transform x="0" pX="0" pY="0" skX="0" skY="0" scX="1" y="0" scY="1"/>
    </frame>
   </timeline>
   <timeline name="sphereSlot2" scale="1" pX="0" pY="0" offset="0">
    <frame z="0" duration="26">
     <transform x="0" pX="0" pY="0" skX="0" skY="0" scX="1" y="0" scY="1"/>
    </frame>
    <frame z="0" duration="1">
     <transform x="0" pX="0" pY="0" skX="0" skY="0" scX="1" y="0" scY="1"/>
    </frame>
   </timeline>
   <timeline name="sphereSlot4" scale="1" pX="0" pY="0" offset="0">
    <frame z="0" duration="26">
     <transform x="0" pX="0" pY="0" skX="0" skY="0" scX="1" y="0" scY="1"/>
    </frame>
    <frame z="0" duration="1">
     <transform x="0" pX="0" pY="0" skX="0" skY="0" scX="1" y="0" scY="1"/>
    </frame>
   </timeline>
   <timeline name="sphereSlot3" scale="1" pX="0" pY="0" offset="0">
    <frame z="0" duration="26">
     <transform x="0" pX="0" pY="0" skX="0" skY="0" scX="1" y="0" scY="1"/>
    </frame>
    <frame z="0" duration="1">
     <transform x="0" pX="0" pY="0" skX="0" skY="0" scX="1" y="0" scY="1"/>
    </frame>
   </timeline>
   <timeline name="fastBuyUltraCont" scale="1" pX="0" pY="0" offset="0">
    <frame displayIndex="-1" duration="12"/>
    <frame z="0" duration="14">
     <transform x="0" pX="0" pY="0" skX="0" skY="0" scX="1" y="0" scY="1"/>
    </frame>
    <frame z="0" duration="1">
     <transform x="0" pX="0" pY="0" skX="0" skY="0" scX="1" y="0" scY="1"/>
    </frame>
   </timeline>
   <timeline name="btnUpgradeMenu" scale="1" pX="0" pY="0" offset="0">
    <frame z="0" duration="3" tweenEasing="0">
     <transform x="0" pX="0" pY="0" skX="0" skY="0" scX="1" y="0" scY="1"/>
    </frame>
    <frame z="0" duration="2" tweenEasing="0">
     <transform x="0" pX="0" pY="0" skX="0" skY="0" scX="1" y="0" scY="1"/>
    </frame>
    <frame z="0" duration="4" tweenEasing="0">
     <transform x="0" pX="0" pY="0" skX="0" skY="0" scX="1.11" y="0.10000000000000142" scY="1.11"/>
    </frame>
    <frame z="0" duration="1">
     <transform x="0" pX="0" pY="0" skX="0" skY="0" scX="0.66" y="-0.6499999999999986" scY="0.66"/>
     <colorTransform bM="100" gO="0" bO="0" aM="60" rM="100" aO="0" gM="100" rO="0"/>
    </frame>
    <frame z="0" duration="2">
     <transform x="0" pX="0" pY="0" skX="0" skY="0" scX="0.54" y="-0.7999999999999972" scY="0.54"/>
     <colorTransform bM="100" gO="0" bO="0" aM="20" rM="100" aO="0" gM="100" rO="0"/>
    </frame>
    <frame displayIndex="-1" duration="15"/>
   </timeline>
   <timeline name="btnTowerUpgr1" scale="1" pX="0" pY="0" offset="0">
    <frame displayIndex="-1" duration="12"/>
    <frame z="0" duration="5" tweenEasing="0">
     <transform x="0" pX="0" pY="0" skX="0" skY="0" scX="1" y="0" scY="1"/>
    </frame>
    <frame z="0" duration="1">
     <transform x="0" pX="0" pY="0" skX="0" skY="0" scX="2.1" y="-5" scY="2.1"/>
    </frame>
    <frame z="0" duration="8">
     <transform x="0" pX="0" pY="0" skX="0" skY="0" scX="2" y="-5" scY="2"/>
    </frame>
    <frame z="0" duration="1">
     <transform x="0" pX="0" pY="0" skX="0" skY="0" scX="2" y="-5" scY="2"/>
    </frame>
   </timeline>
   <timeline name="btnTowerUpgr2" scale="1" pX="0" pY="0" offset="0">
    <frame displayIndex="-1" duration="14"/>
    <frame z="0" duration="5" tweenEasing="0">
     <transform x="0" pX="0" pY="0" skX="0" skY="0" scX="1" y="0" scY="1"/>
    </frame>
    <frame z="0" duration="1">
     <transform x="0" pX="0" pY="0" skX="0" skY="0" scX="2.1" y="0" scY="2.1"/>
    </frame>
    <frame z="0" duration="6">
     <transform x="0" pX="0" pY="0" skX="0" skY="0" scX="2" y="0" scY="2"/>
    </frame>
    <frame z="0" duration="1">
     <transform x="0" pX="0" pY="0" skX="0" skY="0" scX="2" y="0" scY="2"/>
    </frame>
   </timeline>
   <timeline name="btnTowerUpgr3" scale="1" pX="0" pY="0" offset="0">
    <frame displayIndex="-1" duration="16"/>
    <frame z="0" duration="5" tweenEasing="0">
     <transform x="0" pX="0" pY="0" skX="0" skY="0" scX="1" y="0" scY="1"/>
    </frame>
    <frame z="0" duration="1">
     <transform x="0" pX="0" pY="0" skX="0" skY="0" scX="2.1" y="0" scY="2.1"/>
    </frame>
    <frame z="0" duration="4">
     <transform x="0" pX="0" pY="0" skX="0" skY="0" scX="2" y="0" scY="2"/>
    </frame>
    <frame z="0" duration="1">
     <transform x="0" pX="0" pY="0" skX="0" skY="0" scX="2" y="0" scY="2"/>
    </frame>
   </timeline>
   <timeline name="btnTowerUpgr4" scale="1" pX="0" pY="0" offset="0">
    <frame displayIndex="-1" duration="18"/>
    <frame z="0" duration="5" tweenEasing="0">
     <transform x="0" pX="0" pY="0" skX="0" skY="0" scX="1" y="0" scY="1"/>
    </frame>
    <frame z="0" duration="1">
     <transform x="0" pX="0" pY="0" skX="0" skY="0" scX="2.1" y="-5" scY="2.1"/>
    </frame>
    <frame z="0" duration="2">
     <transform x="0" pX="0" pY="0" skX="0" skY="0" scX="2" y="-5" scY="2"/>
    </frame>
    <frame z="0" duration="1">
     <transform x="0" pX="0" pY="0" skX="0" skY="0" scX="2" y="-5" scY="2"/>
    </frame>
   </timeline>
  </animation>
 </armature>
 <armature name="cont1">
  <skin name="default">
   <slot name="cont1" z="0" parent="cont1">
    <display name="Shape/shape 10977" type="image">
     <transform x="0" pX="67" pY="64" skX="0" skY="0" scX="1" y="0" scY="1"/>
    </display>
    <display name="Shape/shape 10979" type="image">
     <transform x="0" pX="67" pY="64" skX="0" skY="0" scX="1" y="0" scY="1"/>
    </display>
    <display name="Shape/shape 10981" type="image">
     <transform x="0" pX="67" pY="64" skX="0" skY="0" scX="1" y="0" scY="1"/>
    </display>
    <display name="Shape/shape 10983" type="image">
     <transform x="0" pX="67" pY="64" skX="0" skY="0" scX="1" y="0" scY="1"/>
    </display>
    <display name="Shape/shape 10985" type="image">
     <transform x="0" pX="67" pY="64" skX="0" skY="0" scX="1" y="0" scY="1"/>
    </display>
    <display name="Shape/shape 10987" type="image">
     <transform x="0" pX="67" pY="64" skX="0" skY="0" scX="1" y="0" scY="1"/>
    </display>
    <display name="Shape/shape 10989" type="image">
     <transform x="0" pX="67" pY="64" skX="0" skY="0" scX="1" y="0" scY="1"/>
    </display>
    <display name="Shape/shape 10991" type="image">
     <transform x="0" pX="67" pY="64" skX="0" skY="0" scX="1" y="0" scY="1"/>
    </display>
    <display name="Shape/shape 10993" type="image">
     <transform x="0" pX="67" pY="64" skX="0" skY="0" scX="1" y="0" scY="1"/>
    </display>
    <display name="Shape/shape 10995" type="image">
     <transform x="0" pX="67" pY="64" skX="0" skY="0" scX="1" y="0" scY="1"/>
    </display>
    <display name="Shape/shape 10997" type="image">
     <transform x="0" pX="67" pY="64" skX="0" skY="0" scX="1" y="0" scY="1"/>
    </display>
    <display name="Shape/shape 10999" type="image">
     <transform x="0" pX="67" pY="64" skX="0" skY="0" scX="1" y="0" scY="1"/>
    </display>
    <display name="Shape/shape 11001" type="image">
     <transform x="0" pX="67" pY="64" skX="0" skY="0" scX="1" y="0" scY="1"/>
    </display>
    <display name="Shape/shape 11003" type="image">
     <transform x="0" pX="67" pY="64" skX="0" skY="0" scX="1" y="0" scY="1"/>
    </display>
    <display name="Shape/shape 11005" type="image">
     <transform x="0" pX="67" pY="64" skX="0" skY="0" scX="1" y="0" scY="1"/>
    </display>
    <display name="Shape/shape 11007" type="image">
     <transform x="0" pX="67" pY="64" skX="0" skY="0" scX="1" y="0" scY="1"/>
    </display>
    <display name="Shape/shape 11009" type="image">
     <transform x="0" pX="67" pY="64" skX="0" skY="0" scX="1" y="0" scY="1"/>
    </display>
    <display name="Shape/shape 11011" type="image">
     <transform x="0" pX="67" pY="64" skX="0" skY="0" scX="1" y="0" scY="1"/>
    </display>
    <display name="Shape/shape 11013" type="image">
     <transform x="0" pX="67" pY="64" skX="0" skY="0" scX="1" y="0" scY="1"/>
    </display>
    <display name="Shape/shape 11015" type="image">
     <transform x="0" pX="67" pY="64" skX="0" skY="0" scX="1" y="0" scY="1"/>
    </display>
    <display name="Shape/shape 11017" type="image">
     <transform x="0" pX="67" pY="64" skX="0" skY="0" scX="1" y="0" scY="1"/>
    </display>
    <display name="Shape/shape 11019" type="image">
     <transform x="0" pX="67" pY="64" skX="0" skY="0" scX="1" y="0" scY="1"/>
    </display>
    <display name="Shape/shape 11021" type="image">
     <transform x="0" pX="67" pY="64" skX="0" skY="0" scX="1" y="0" scY="1"/>
    </display>
    <display name="Shape/shape 11023" type="image">
     <transform x="0" pX="67" pY="64" skX="0" skY="0" scX="1" y="0" scY="1"/>
    </display>
    <display name="Shape/shape 11025" type="image">
     <transform x="0" pX="67" pY="64" skX="0" skY="0" scX="1" y="0" scY="1"/>
    </display>
    <display name="Shape/shape 11027" type="image">
     <transform x="0" pX="67" pY="64" skX="0" skY="0" scX="1" y="0" scY="1"/>
    </display>
    <display name="Shape/shape 11029" type="image">
     <transform x="0" pX="67" pY="64" skX="0" skY="0" scX="1" y="0" scY="1"/>
    </display>
    <display name="Shape/shape 11031" type="image">
     <transform x="0" pX="67" pY="64" skX="0" skY="0" scX="1" y="0" scY="1"/>
    </display>
    <display name="Shape/shape 11033" type="image">
     <transform x="0" pX="67" pY="64" skX="0" skY="0" scX="1" y="0" scY="1"/>
    </display>
    <display name="Shape/shape 11035" type="image">
     <transform x="0" pX="67" pY="64" skX="0" skY="0" scX="1" y="0" scY="1"/>
    </display>
   </slot>
  </skin>
  <bone name="cont1">
   <transform y="0" skY="0" x="0" scX="1" skX="0" scY="1"/>
  </bone>
  <animation name="cont1" scale="1" loop="1" fadeInTime="0.3" autoTween="NaN" duration="61" tweenEasing="NaN">
   <timeline name="cont1" scale="1" pX="0" pY="0" offset="0">
    <frame z="0" duration="2">
     <transform x="0" pX="0" pY="0" skX="0" skY="0" scX="1" y="0" scY="1"/>
    </frame>
    <frame displayIndex="1" z="0" duration="2">
     <transform x="0" pX="0" pY="0" skX="0" skY="0" scX="1" y="0" scY="1"/>
    </frame>
    <frame displayIndex="2" z="0" duration="2">
     <transform x="0" pX="0" pY="0" skX="0" skY="0" scX="1" y="0" scY="1"/>
    </frame>
    <frame displayIndex="3" z="0" duration="2">
     <transform x="0" pX="0" pY="0" skX="0" skY="0" scX="1" y="0" scY="1"/>
    </frame>
    <frame displayIndex="4" z="0" duration="2">
     <transform x="0" pX="0" pY="0" skX="0" skY="0" scX="1" y="0" scY="1"/>
    </frame>
    <frame displayIndex="5" z="0" duration="2">
     <transform x="0" pX="0" pY="0" skX="0" skY="0" scX="1" y="0" scY="1"/>
    </frame>
    <frame displayIndex="6" z="0" duration="2">
     <transform x="0" pX="0" pY="0" skX="0" skY="0" scX="1" y="0" scY="1"/>
    </frame>
    <frame displayIndex="7" z="0" duration="2">
     <transform x="0" pX="0" pY="0" skX="0" skY="0" scX="1" y="0" scY="1"/>
    </frame>
    <frame displayIndex="8" z="0" duration="2">
     <transform x="0" pX="0" pY="0" skX="0" skY="0" scX="1" y="0" scY="1"/>
    </frame>
    <frame displayIndex="9" z="0" duration="2">
     <transform x="0" pX="0" pY="0" skX="0" skY="0" scX="1" y="0" scY="1"/>
    </frame>
    <frame displayIndex="10" z="0" duration="2">
     <transform x="0" pX="0" pY="0" skX="0" skY="0" scX="1" y="0" scY="1"/>
    </frame>
    <frame displayIndex="11" z="0" duration="2">
     <transform x="0" pX="0" pY="0" skX="0" skY="0" scX="1" y="0" scY="1"/>
    </frame>
    <frame displayIndex="12" z="0" duration="2">
     <transform x="0" pX="0" pY="0" skX="0" skY="0" scX="1" y="0" scY="1"/>
    </frame>
    <frame displayIndex="13" z="0" duration="2">
     <transform x="0" pX="0" pY="0" skX="0" skY="0" scX="1" y="0" scY="1"/>
    </frame>
    <frame displayIndex="14" z="0" duration="2">
     <transform x="0" pX="0" pY="0" skX="0" skY="0" scX="1" y="0" scY="1"/>
    </frame>
    <frame displayIndex="15" z="0" duration="2">
     <transform x="0" pX="0" pY="0" skX="0" skY="0" scX="1" y="0" scY="1"/>
    </frame>
    <frame displayIndex="16" z="0" duration="2">
     <transform x="0" pX="0" pY="0" skX="0" skY="0" scX="1" y="0" scY="1"/>
    </frame>
    <frame displayIndex="17" z="0" duration="2">
     <transform x="0" pX="0" pY="0" skX="0" skY="0" scX="1" y="0" scY="1"/>
    </frame>
    <frame displayIndex="18" z="0" duration="2">
     <transform x="0" pX="0" pY="0" skX="0" skY="0" scX="1" y="0" scY="1"/>
    </frame>
    <frame displayIndex="19" z="0" duration="2">
     <transform x="0" pX="0" pY="0" skX="0" skY="0" scX="1" y="0" scY="1"/>
    </frame>
    <frame displayIndex="20" z="0" duration="2">
     <transform x="0" pX="0" pY="0" skX="0" skY="0" scX="1" y="0" scY="1"/>
    </frame>
    <frame displayIndex="21" z="0" duration="2">
     <transform x="0" pX="0" pY="0" skX="0" skY="0" scX="1" y="0" scY="1"/>
    </frame>
    <frame displayIndex="22" z="0" duration="2">
     <transform x="0" pX="0" pY="0" skX="0" skY="0" scX="1" y="0" scY="1"/>
    </frame>
    <frame displayIndex="23" z="0" duration="2">
     <transform x="0" pX="0" pY="0" skX="0" skY="0" scX="1" y="0" scY="1"/>
    </frame>
    <frame displayIndex="24" z="0" duration="2">
     <transform x="0" pX="0" pY="0" skX="0" skY="0" scX="1" y="0" scY="1"/>
    </frame>
    <frame displayIndex="25" z="0" duration="2">
     <transform x="0" pX="0" pY="0" skX="0" skY="0" scX="1" y="0" scY="1"/>
    </frame>
    <frame displayIndex="26" z="0" duration="2">
     <transform x="0" pX="0" pY="0" skX="0" skY="0" scX="1" y="0" scY="1"/>
    </frame>
    <frame displayIndex="27" z="0" duration="2">
     <transform x="0" pX="0" pY="0" skX="0" skY="0" scX="1" y="0" scY="1"/>
    </frame>
    <frame displayIndex="28" z="0" duration="2">
     <transform x="0" pX="0" pY="0" skX="0" skY="0" scX="1" y="0" scY="1"/>
    </frame>
    <frame displayIndex="29" z="0" duration="2">
     <transform x="0" pX="0" pY="0" skX="0" skY="0" scX="1" y="0" scY="1"/>
    </frame>
    <frame displayIndex="29" z="0" duration="1">
     <transform x="0" pX="0" pY="0" skX="0" skY="0" scX="1" y="0" scY="1"/>
    </frame>
   </timeline>
   <frame duration="60"/>
   <frame duration="1"/>
  </animation>
 </armature>
 <armature name="cont2">
  <skin name="default">
   <slot name="cont2" z="0" parent="cont2">
    <display name="Shape/shape 11038" type="image">
     <transform x="0" pX="57" pY="43" skX="0" skY="0" scX="1" y="0" scY="1"/>
    </display>
    <display name="Shape/shape 11040" type="image">
     <transform x="0" pX="57" pY="43" skX="0" skY="0" scX="1" y="0" scY="1"/>
    </display>
    <display name="Shape/shape 11042" type="image">
     <transform x="0" pX="57" pY="43" skX="0" skY="0" scX="1" y="0" scY="1"/>
    </display>
    <display name="Shape/shape 11044" type="image">
     <transform x="0" pX="57" pY="43" skX="0" skY="0" scX="1" y="0" scY="1"/>
    </display>
    <display name="Shape/shape 11046" type="image">
     <transform x="0" pX="57" pY="43" skX="0" skY="0" scX="1" y="0" scY="1"/>
    </display>
    <display name="Shape/shape 11048" type="image">
     <transform x="0" pX="57" pY="43" skX="0" skY="0" scX="1" y="0" scY="1"/>
    </display>
    <display name="Shape/shape 11050" type="image">
     <transform x="0" pX="57" pY="43" skX="0" skY="0" scX="1" y="0" scY="1"/>
    </display>
    <display name="Shape/shape 11052" type="image">
     <transform x="0" pX="57" pY="43" skX="0" skY="0" scX="1" y="0" scY="1"/>
    </display>
    <display name="Shape/shape 11054" type="image">
     <transform x="0" pX="57" pY="43" skX="0" skY="0" scX="1" y="0" scY="1"/>
    </display>
    <display name="Shape/shape 11056" type="image">
     <transform x="0" pX="57" pY="43" skX="0" skY="0" scX="1" y="0" scY="1"/>
    </display>
    <display name="Shape/shape 11058" type="image">
     <transform x="0" pX="57" pY="43" skX="0" skY="0" scX="1" y="0" scY="1"/>
    </display>
    <display name="Shape/shape 11060" type="image">
     <transform x="0" pX="57" pY="43" skX="0" skY="0" scX="1" y="0" scY="1"/>
    </display>
    <display name="Shape/shape 11062" type="image">
     <transform x="0" pX="57" pY="43" skX="0" skY="0" scX="1" y="0" scY="1"/>
    </display>
    <display name="Shape/shape 11064" type="image">
     <transform x="0" pX="57" pY="43" skX="0" skY="0" scX="1" y="0" scY="1"/>
    </display>
    <display name="Shape/shape 11066" type="image">
     <transform x="0" pX="57" pY="43" skX="0" skY="0" scX="1" y="0" scY="1"/>
    </display>
    <display name="Shape/shape 11068" type="image">
     <transform x="0" pX="57" pY="43" skX="0" skY="0" scX="1" y="0" scY="1"/>
    </display>
    <display name="Shape/shape 11070" type="image">
     <transform x="0" pX="57" pY="43" skX="0" skY="0" scX="1" y="0" scY="1"/>
    </display>
    <display name="Shape/shape 11072" type="image">
     <transform x="0" pX="57" pY="43" skX="0" skY="0" scX="1" y="0" scY="1"/>
    </display>
    <display name="Shape/shape 11074" type="image">
     <transform x="0" pX="57" pY="43" skX="0" skY="0" scX="1" y="0" scY="1"/>
    </display>
    <display name="Shape/shape 11076" type="image">
     <transform x="0" pX="57" pY="43" skX="0" skY="0" scX="1" y="0" scY="1"/>
    </display>
   </slot>
  </skin>
  <bone name="cont2">
   <transform y="0" skY="0" x="0" scX="1" skX="0" scY="1"/>
  </bone>
  <animation name="cont2" scale="1" loop="1" duration="61" autoTween="NaN" fadeInTime="0.3" tweenEasing="NaN">
   <timeline name="cont2" scale="1" pX="0" pY="0" offset="0">
    <frame z="0" duration="3">
     <transform x="0" pX="0" pY="0" skX="0" skY="0" scX="1" y="0" scY="1"/>
    </frame>
    <frame displayIndex="1" z="0" duration="3">
     <transform x="0" pX="0" pY="0" skX="0" skY="0" scX="1" y="0" scY="1"/>
    </frame>
    <frame displayIndex="2" z="0" duration="3">
     <transform x="0" pX="0" pY="0" skX="0" skY="0" scX="1" y="0" scY="1"/>
    </frame>
    <frame displayIndex="3" z="0" duration="3">
     <transform x="0" pX="0" pY="0" skX="0" skY="0" scX="1" y="0" scY="1"/>
    </frame>
    <frame displayIndex="4" z="0" duration="2">
     <transform x="0" pX="0" pY="0" skX="0" skY="0" scX="1" y="0" scY="1"/>
    </frame>
    <frame displayIndex="5" z="0" duration="2">
     <transform x="0" pX="0" pY="0" skX="0" skY="0" scX="1" y="0" scY="1"/>
    </frame>
    <frame displayIndex="6" z="0" duration="2">
     <transform x="0" pX="0" pY="0" skX="0" skY="0" scX="1" y="0" scY="1"/>
    </frame>
    <frame displayIndex="7" z="0" duration="2">
     <transform x="0" pX="0" pY="0" skX="0" skY="0" scX="1" y="0" scY="1"/>
    </frame>
    <frame displayIndex="8" z="0" duration="2">
     <transform x="0" pX="0" pY="0" skX="0" skY="0" scX="1" y="0" scY="1"/>
    </frame>
    <frame displayIndex="9" z="0" duration="2">
     <transform x="0" pX="0" pY="0" skX="0" skY="0" scX="1" y="0" scY="1"/>
    </frame>
    <frame displayIndex="10" z="0" duration="2">
     <transform x="0" pX="0" pY="0" skX="0" skY="0" scX="1" y="0" scY="1"/>
    </frame>
    <frame displayIndex="11" z="0" duration="2">
     <transform x="0" pX="0" pY="0" skX="0" skY="0" scX="1" y="0" scY="1"/>
    </frame>
    <frame displayIndex="12" z="0" duration="2">
     <transform x="0" pX="0" pY="0" skX="0" skY="0" scX="1" y="0" scY="1"/>
    </frame>
    <frame displayIndex="13" z="0" duration="2">
     <transform x="0" pX="0" pY="0" skX="0" skY="0" scX="1" y="0" scY="1"/>
    </frame>
    <frame displayIndex="14" z="0" duration="2">
     <transform x="0" pX="0" pY="0" skX="0" skY="0" scX="1" y="0" scY="1"/>
    </frame>
    <frame displayIndex="15" z="0" duration="2">
     <transform x="0" pX="0" pY="0" skX="0" skY="0" scX="1" y="0" scY="1"/>
    </frame>
    <frame displayIndex="16" z="0" duration="2">
     <transform x="0" pX="0" pY="0" skX="0" skY="0" scX="1" y="0" scY="1"/>
    </frame>
    <frame displayIndex="17" z="0" duration="2">
     <transform x="0" pX="0" pY="0" skX="0" skY="0" scX="1" y="0" scY="1"/>
    </frame>
    <frame displayIndex="18" z="0" duration="1">
     <transform x="0" pX="0" pY="0" skX="0" skY="0" scX="1" y="0" scY="1"/>
    </frame>
    <frame displayIndex="19" z="0" duration="19">
     <transform x="0" pX="0" pY="0" skX="0" skY="0" scX="1" y="0" scY="1"/>
    </frame>
    <frame displayIndex="19" z="0" duration="1">
     <transform x="0" pX="0" pY="0" skX="0" skY="0" scX="1" y="0" scY="1"/>
    </frame>
   </timeline>
  </animation>
 </armature>
 <armature name="btnGetAll">
  <skin name="default">
   <slot name="bg" z="0" parent="bg">
    <display name="Shape/shape 11081" type="image">
     <transform x="0" pX="16" pY="16" skX="0" skY="0" scX="1" y="0" scY="1"/>
    </display>
    <display name="Shape/shape 11083" type="image">
     <transform x="0" pX="16" pY="16" skX="0" skY="0" scX="1" y="0" scY="1"/>
    </display>
    <display name="Shape/shape 11085" type="image">
     <transform x="0" pX="16" pY="16" skX="0" skY="0" scX="1" y="0" scY="1"/>
    </display>
    <display name="Shape/shape 11087" type="image">
     <transform x="0" pX="16" pY="16" skX="0" skY="0" scX="1" y="0" scY="1"/>
    </display>
    <display name="Shape/shape 11089" type="image">
     <transform x="0" pX="16" pY="16" skX="0" skY="0" scX="1" y="0" scY="1"/>
    </display>
    <display name="Shape/shape 11091" type="image">
     <transform x="0" pX="16" pY="16" skX="0" skY="0" scX="1" y="0" scY="1"/>
    </display>
    <display name="Shape/shape 11093" type="image">
     <transform x="0" pX="16" pY="16" skX="0" skY="0" scX="1" y="0" scY="1"/>
    </display>
    <display name="Shape/shape 11095" type="image">
     <transform x="0" pX="16" pY="16" skX="0" skY="0" scX="1" y="0" scY="1"/>
    </display>
    <display name="Shape/shape 11097" type="image">
     <transform x="0" pX="16" pY="16" skX="0" skY="0" scX="1" y="0" scY="1"/>
    </display>
    <display name="Shape/shape 11099" type="image">
     <transform x="0" pX="16" pY="16" skX="0" skY="0" scX="1" y="0" scY="1"/>
    </display>
    <display name="Shape/shape 11101" type="image">
     <transform x="0" pX="16" pY="16" skX="0" skY="0" scX="1" y="0" scY="1"/>
    </display>
    <display name="Shape/shape 11103" type="image">
     <transform x="0" pX="16" pY="16" skX="0" skY="0" scX="1" y="0" scY="1"/>
    </display>
    <display name="Shape/shape 11105" type="image">
     <transform x="0" pX="16" pY="16" skX="0" skY="0" scX="1" y="0" scY="1"/>
    </display>
    <display name="Shape/shape 11107" type="image">
     <transform x="0" pX="16" pY="16" skX="0" skY="0" scX="1" y="0" scY="1"/>
    </display>
    <display name="Shape/shape 11109" type="image">
     <transform x="0" pX="16" pY="16" skX="0" skY="0" scX="1" y="0" scY="1"/>
    </display>
    <display name="Shape/shape 11111" type="image">
     <transform x="0" pX="16" pY="16" skX="0" skY="0" scX="1" y="0" scY="1"/>
    </display>
    <display name="Shape/shape 11113" type="image">
     <transform x="0" pX="16" pY="16" skX="0" skY="0" scX="1" y="0" scY="1"/>
    </display>
    <display name="Shape/shape 11115" type="image">
     <transform x="0" pX="16" pY="16" skX="0" skY="0" scX="1" y="0" scY="1"/>
    </display>
    <display name="Shape/shape 11117" type="image">
     <transform x="0" pX="16" pY="16" skX="0" skY="0" scX="1" y="0" scY="1"/>
    </display>
    <display name="Shape/shape 11119" type="image">
     <transform x="0" pX="16" pY="16" skX="0" skY="0" scX="1" y="0" scY="1"/>
    </display>
    <display name="Shape/shape 11121" type="image">
     <transform x="0" pX="16" pY="16" skX="0" skY="0" scX="1" y="0" scY="1"/>
    </display>
    <display name="Shape/shape 11123" type="image">
     <transform x="0" pX="16" pY="16" skX="0" skY="0" scX="1" y="0" scY="1"/>
    </display>
    <display name="Shape/shape 11125" type="image">
     <transform x="0" pX="16" pY="16" skX="0" skY="0" scX="1" y="0" scY="1"/>
    </display>
    <display name="Shape/shape 11127" type="image">
     <transform x="0" pX="16" pY="16" skX="0" skY="0" scX="1" y="0" scY="1"/>
    </display>
    <display name="Shape/shape 11129" type="image">
     <transform x="0" pX="16" pY="16" skX="0" skY="0" scX="1" y="0" scY="1"/>
    </display>
    <display name="Shape/shape 11131" type="image">
     <transform x="0" pX="16" pY="16" skX="0" skY="0" scX="1" y="0" scY="1"/>
    </display>
    <display name="Shape/shape 11133" type="image">
     <transform x="0" pX="16" pY="16" skX="0" skY="0" scX="1" y="0" scY="1"/>
    </display>
    <display name="Shape/shape 11135" type="image">
     <transform x="0" pX="16" pY="16" skX="0" skY="0" scX="1" y="0" scY="1"/>
    </display>
    <display name="Shape/shape 11137" type="image">
     <transform x="0" pX="16" pY="16" skX="0" skY="0" scX="1" y="0" scY="1"/>
    </display>
    <display name="Shape/shape 11139" type="image">
     <transform x="0" pX="16" pY="16" skX="0" skY="0" scX="1" y="0" scY="1"/>
    </display>
    <display name="Shape/shape 11141" type="image">
     <transform x="0" pX="16" pY="16" skX="0" skY="0" scX="1" y="0" scY="1"/>
    </display>
   </slot>
   <slot name="btnGetAllCase" z="1" parent="btnGetAllCase">
    <display name="case" type="image">
     <transform x="0" pX="25" pY="25" skX="0" skY="0" scX="1" y="0" scY="1"/>
    </display>
   </slot>
  </skin>
  <bone name="bg">
   <transform y="0" skY="0" x="0" scX="1" skX="0" scY="1"/>
  </bone>
  <bone name="btnGetAllCase">
   <transform y="0" skY="0" x="0" scX="0.6" skX="0" scY="0.6"/>
  </bone>
  <animation name="btnGetAll" scale="1" loop="1" fadeInTime="0.3" autoTween="NaN" duration="32" tweenEasing="NaN">
   <timeline name="bg" scale="1" pX="0" pY="0" offset="0">
    <frame z="0" duration="1">
     <transform x="0" pX="0" pY="0" skX="0" skY="0" scX="1" y="0" scY="1"/>
    </frame>
    <frame displayIndex="1" z="0" duration="1">
     <transform x="0" pX="0" pY="0" skX="0" skY="0" scX="1" y="0" scY="1"/>
    </frame>
    <frame displayIndex="2" z="0" duration="1">
     <transform x="0" pX="0" pY="0" skX="0" skY="0" scX="1" y="0" scY="1"/>
    </frame>
    <frame displayIndex="3" z="0" duration="1">
     <transform x="0" pX="0" pY="0" skX="0" skY="0" scX="1" y="0" scY="1"/>
    </frame>
    <frame displayIndex="4" z="0" duration="1">
     <transform x="0" pX="0" pY="0" skX="0" skY="0" scX="1" y="0" scY="1"/>
    </frame>
    <frame displayIndex="5" z="0" duration="1">
     <transform x="0" pX="0" pY="0" skX="0" skY="0" scX="1" y="0" scY="1"/>
    </frame>
    <frame displayIndex="6" z="0" duration="1">
     <transform x="0" pX="0" pY="0" skX="0" skY="0" scX="1" y="0" scY="1"/>
    </frame>
    <frame displayIndex="7" z="0" duration="1">
     <transform x="0" pX="0" pY="0" skX="0" skY="0" scX="1" y="0" scY="1"/>
    </frame>
    <frame displayIndex="8" z="0" duration="1">
     <transform x="0" pX="0" pY="0" skX="0" skY="0" scX="1" y="0" scY="1"/>
    </frame>
    <frame displayIndex="9" z="0" duration="1">
     <transform x="0" pX="0" pY="0" skX="0" skY="0" scX="1" y="0" scY="1"/>
    </frame>
    <frame displayIndex="10" z="0" duration="1">
     <transform x="0" pX="0" pY="0" skX="0" skY="0" scX="1" y="0" scY="1"/>
    </frame>
    <frame displayIndex="11" z="0" duration="1">
     <transform x="0" pX="0" pY="0" skX="0" skY="0" scX="1" y="0" scY="1"/>
    </frame>
    <frame displayIndex="12" z="0" duration="1">
     <transform x="0" pX="0" pY="0" skX="0" skY="0" scX="1" y="0" scY="1"/>
    </frame>
    <frame displayIndex="13" z="0" duration="1">
     <transform x="0" pX="0" pY="0" skX="0" skY="0" scX="1" y="0" scY="1"/>
    </frame>
    <frame displayIndex="14" z="0" duration="1">
     <transform x="0" pX="0" pY="0" skX="0" skY="0" scX="1" y="0" scY="1"/>
    </frame>
    <frame displayIndex="15" z="0" duration="1">
     <transform x="0" pX="0" pY="0" skX="0" skY="0" scX="1" y="0" scY="1"/>
    </frame>
    <frame displayIndex="16" z="0" duration="1">
     <transform x="0" pX="0" pY="0" skX="0" skY="0" scX="1" y="0" scY="1"/>
    </frame>
    <frame displayIndex="17" z="0" duration="1">
     <transform x="0" pX="0" pY="0" skX="0" skY="0" scX="1" y="0" scY="1"/>
    </frame>
    <frame displayIndex="18" z="0" duration="1">
     <transform x="0" pX="0" pY="0" skX="0" skY="0" scX="1" y="0" scY="1"/>
    </frame>
    <frame displayIndex="19" z="0" duration="1">
     <transform x="0" pX="0" pY="0" skX="0" skY="0" scX="1" y="0" scY="1"/>
    </frame>
    <frame displayIndex="20" z="0" duration="1">
     <transform x="0" pX="0" pY="0" skX="0" skY="0" scX="1" y="0" scY="1"/>
    </frame>
    <frame displayIndex="21" z="0" duration="1">
     <transform x="0" pX="0" pY="0" skX="0" skY="0" scX="1" y="0" scY="1"/>
    </frame>
    <frame displayIndex="22" z="0" duration="1">
     <transform x="0" pX="0" pY="0" skX="0" skY="0" scX="1" y="0" scY="1"/>
    </frame>
    <frame displayIndex="23" z="0" duration="1">
     <transform x="0" pX="0" pY="0" skX="0" skY="0" scX="1" y="0" scY="1"/>
    </frame>
    <frame displayIndex="24" z="0" duration="1">
     <transform x="0" pX="0" pY="0" skX="0" skY="0" scX="1" y="0" scY="1"/>
    </frame>
    <frame displayIndex="25" z="0" duration="1">
     <transform x="0" pX="0" pY="0" skX="0" skY="0" scX="1" y="0" scY="1"/>
    </frame>
    <frame displayIndex="26" z="0" duration="1">
     <transform x="0" pX="0" pY="0" skX="0" skY="0" scX="1" y="0" scY="1"/>
    </frame>
    <frame displayIndex="27" z="0" duration="1">
     <transform x="0" pX="0" pY="0" skX="0" skY="0" scX="1" y="0" scY="1"/>
    </frame>
    <frame displayIndex="28" z="0" duration="1">
     <transform x="0" pX="0" pY="0" skX="0" skY="0" scX="1" y="0" scY="1"/>
    </frame>
    <frame displayIndex="29" z="0" duration="1">
     <transform x="0" pX="0" pY="0" skX="0" skY="0" scX="1" y="0" scY="1"/>
    </frame>
    <frame displayIndex="30" z="0" duration="1">
     <transform x="0" pX="0" pY="0" skX="0" skY="0" scX="1" y="0" scY="1"/>
    </frame>
    <frame displayIndex="30" z="0" duration="1">
     <transform x="0" pX="0" pY="0" skX="0" skY="0" scX="1" y="0" scY="1"/>
    </frame>
   </timeline>
   <timeline name="btnGetAllCase" scale="1" pX="0" pY="0" offset="0">
    <frame z="0" duration="31">
     <transform x="0" pX="0" pY="0" skX="0" skY="0" scX="1" y="0" scY="1"/>
    </frame>
    <frame z="0" duration="1">
     <transform x="0" pX="0" pY="0" skX="0" skY="0" scX="1" y="0" scY="1"/>
    </frame>
   </timeline>
   <frame duration="31"/>
   <frame duration="1"/>
  </animation>
 </armature>
 <armature name="sphereSlot">
  <skin name="default">
   <slot name="bg" z="0" parent="bg">
    <display name="Shape/shape 11144" type="image">
     <transform x="0" pX="22.25" pY="21.8" skX="0" skY="0" scX="1" y="0" scY="1"/>
    </display>
    <display name="Shape/shape 11174" type="image">
     <transform x="0" pX="22.25" pY="21.8" skX="0" skY="0" scX="1" y="0" scY="1"/>
    </display>
    <display name="Shape/shape 11176" type="image">
     <transform x="0" pX="22.25" pY="21.8" skX="0" skY="0" scX="1" y="0" scY="1"/>
    </display>
    <display name="Shape/shape 11178" type="image">
     <transform x="0" pX="22.25" pY="21.8" skX="0" skY="0" scX="1" y="0" scY="1"/>
    </display>
    <display name="Shape/shape 11180" type="image">
     <transform x="0" pX="22.25" pY="21.8" skX="0" skY="0" scX="1" y="0" scY="1"/>
    </display>
   </slot>
   <slot name="sphereAnima" z="1" parent="sphereAnima">
    <display name="case" type="image">
     <transform x="0" pX="25" pY="25" skX="0" skY="0" scX="1" y="0" scY="1"/>
    </display>
   </slot>
   <slot name="sphereSlotCase" z="2" parent="sphereSlotCase">
    <display name="case" type="image">
     <transform x="0" pX="25" pY="25" skX="0" skY="0" scX="1" y="0" scY="1"/>
    </display>
   </slot>
  </skin>
  <bone name="bg">
   <transform y="0" skY="0" x="0" scX="1" skX="0" scY="1"/>
  </bone>
  <bone name="sphereAnima">
   <transform y="-0.7" skY="0" x="-0.7" scX="1" skX="0" scY="1"/>
  </bone>
  <bone name="sphereSlotCase">
   <transform y="-0.6" skY="0" x="-0.6" scX="0.81" skX="0" scY="0.81"/>
  </bone>
  <animation name="sphereSlot" scale="1" loop="1" fadeInTime="0.3" autoTween="NaN" duration="6" tweenEasing="NaN">
   <timeline name="bg" scale="1" pX="0" pY="0" offset="0">
    <frame z="0" duration="1">
     <transform x="0" pX="0" pY="0" skX="0" skY="0" scX="1" y="0" scY="1"/>
    </frame>
    <frame displayIndex="1" z="0" duration="1">
     <transform x="0" pX="0" pY="0" skX="0" skY="0" scX="1" y="0" scY="1"/>
    </frame>
    <frame displayIndex="2" z="0" duration="1">
     <transform x="0" pX="0" pY="0" skX="0" skY="0" scX="1" y="0" scY="1"/>
    </frame>
    <frame displayIndex="3" z="0" duration="1">
     <transform x="0" pX="0" pY="0" skX="0" skY="0" scX="1" y="0" scY="1"/>
    </frame>
    <frame displayIndex="4" z="0" duration="1">
     <transform x="0" pX="0" pY="0" skX="0" skY="0" scX="1" y="0" scY="1"/>
    </frame>
    <frame displayIndex="4" z="0" duration="1">
     <transform x="0" pX="0" pY="0" skX="0" skY="0" scX="1" y="0" scY="1"/>
    </frame>
   </timeline>
   <timeline name="sphereAnima" scale="1" pX="0" pY="0" offset="0">
    <frame z="0" duration="5">
     <transform x="0" pX="0" pY="0" skX="0" skY="0" scX="1" y="0" scY="1"/>
    </frame>
    <frame z="0" duration="1">
     <transform x="0" pX="0" pY="0" skX="0" skY="0" scX="1" y="0" scY="1"/>
    </frame>
   </timeline>
   <timeline name="sphereSlotCase" scale="1" pX="0" pY="0" offset="0">
    <frame z="0" duration="5">
     <transform x="0" pX="0" pY="0" skX="0" skY="0" scX="1" y="0" scY="1"/>
    </frame>
    <frame z="0" duration="1">
     <transform x="0" pX="0" pY="0" skX="0" skY="0" scX="1" y="0" scY="1"/>
    </frame>
   </timeline>
   <frame duration="5"/>
   <frame duration="1"/>
  </animation>
 </armature>
 <armature name="fastBuyUltraCont">
  <skin name="default">
   <slot name="indicator2" z="0" parent="indicator2">
    <display name="indicator" type="armature">
     <transform scY="1" skY="0" x="0" scX="1" skX="0" y="0"/>
    </display>
   </slot>
   <slot name="indicator3" z="1" parent="indicator3">
    <display name="indicator" type="armature">
     <transform scY="1" skY="0" x="0" scX="1" skX="0" y="0"/>
    </display>
   </slot>
   <slot name="indicator4" z="2" parent="indicator4">
    <display name="indicator" type="armature">
     <transform scY="1" skY="0" x="0" scX="1" skX="0" y="0"/>
    </display>
   </slot>
   <slot name="indicator1" z="3" parent="indicator1">
    <display name="indicator" type="armature">
     <transform scY="1" skY="0" x="0" scX="1" skX="0" y="0"/>
    </display>
   </slot>
   <slot name="btnFastBuyUltra" z="4" parent="btnFastBuyUltra">
    <display name="btnFastBuyUltra" type="armature">
     <transform scY="1" skY="0" x="0" scX="1" skX="0" y="0"/>
    </display>
   </slot>
  </skin>
  <bone name="indicator4">
   <transform y="-16" skY="0" x="54" scX="0.4" skX="0" scY="0.4"/>
  </bone>
  <bone name="indicator3">
   <transform y="24" skY="0" x="26" scX="0.4" skX="0" scY="0.4"/>
  </bone>
  <bone name="indicator2">
   <transform y="24" skY="0" x="-26" scX="0.4" skX="0" scY="0.4"/>
  </bone>
  <bone name="indicator1">
   <transform y="-16" skY="0" x="-54" scX="0.4" skX="0" scY="0.4"/>
  </bone>
  <bone name="btnFastBuyUltra">
   <transform y="-11.5" skY="0" x="0" scX="0.47" skX="0" scY="0.47"/>
  </bone>
  <animation name="fastBuyUltraCont" scale="1" loop="1" fadeInTime="0.3" autoTween="NaN" duration="6" tweenEasing="NaN">
   <timeline name="indicator2" scale="1" pX="0" pY="0" offset="0">
    <frame z="0" duration="2" tweenEasing="0">
     <transform x="0" pX="0" pY="0" skX="0" skY="0" scX="1" y="0" scY="1"/>
    </frame>
    <frame z="0" duration="1" tweenEasing="0">
     <transform x="0" pX="0" pY="0" skX="0" skY="0" scX="2.7" y="0" scY="2.7"/>
    </frame>
    <frame z="0" duration="1" tweenEasing="0">
     <transform x="-0.05000000000000071" pX="0" pY="0" skX="0" skY="0" scX="2.6" y="0" scY="2.6"/>
    </frame>
    <frame z="0" duration="1">
     <transform x="0" pX="0" pY="0" skX="0" skY="0" scX="2.5" y="0" scY="2.5"/>
    </frame>
    <frame z="0" duration="1">
     <transform x="0" pX="0" pY="0" skX="0" skY="0" scX="2.5" y="0" scY="2.5"/>
    </frame>
   </timeline>
   <timeline name="indicator3" scale="1" pX="0" pY="0" offset="0">
    <frame z="0" duration="2" tweenEasing="0">
     <transform x="0" pX="0" pY="0" skX="0" skY="0" scX="1" y="0" scY="1"/>
    </frame>
    <frame z="0" duration="1" tweenEasing="0">
     <transform x="0" pX="0" pY="0" skX="0" skY="0" scX="2.7" y="0" scY="2.7"/>
    </frame>
    <frame z="0" duration="1" tweenEasing="0">
     <transform x="0.05000000000000071" pX="0" pY="0" skX="0" skY="0" scX="2.6" y="0" scY="2.6"/>
    </frame>
    <frame z="0" duration="1">
     <transform x="0" pX="0" pY="0" skX="0" skY="0" scX="2.5" y="0" scY="2.5"/>
    </frame>
    <frame z="0" duration="1">
     <transform x="0" pX="0" pY="0" skX="0" skY="0" scX="2.5" y="0" scY="2.5"/>
    </frame>
   </timeline>
   <timeline name="indicator4" scale="1" pX="0" pY="0" offset="0">
    <frame z="0" duration="2" tweenEasing="0">
     <transform x="0" pX="0" pY="0" skX="0" skY="0" scX="1" y="0" scY="1"/>
    </frame>
    <frame z="0" duration="2" tweenEasing="0">
     <transform x="0" pX="0" pY="0" skX="0" skY="0" scX="2.7" y="0" scY="2.7"/>
    </frame>
    <frame z="0" duration="1">
     <transform x="0" pX="0" pY="0" skX="0" skY="0" scX="2.5" y="0" scY="2.5"/>
    </frame>
    <frame z="0" duration="1">
     <transform x="0" pX="0" pY="0" skX="0" skY="0" scX="2.5" y="0" scY="2.5"/>
    </frame>
   </timeline>
   <timeline name="indicator1" scale="1" pX="0" pY="0" offset="0">
    <frame z="0" duration="2" tweenEasing="0">
     <transform x="0" pX="0" pY="0" skX="0" skY="0" scX="1" y="0" scY="1"/>
    </frame>
    <frame z="0" duration="2" tweenEasing="0">
     <transform x="0" pX="0" pY="0" skX="0" skY="0" scX="2.7" y="0" scY="2.7"/>
    </frame>
    <frame z="0" duration="1">
     <transform x="0" pX="0" pY="0" skX="0" skY="0" scX="2.5" y="0" scY="2.5"/>
    </frame>
    <frame z="0" duration="1">
     <transform x="0" pX="0" pY="0" skX="0" skY="0" scX="2.5" y="0" scY="2.5"/>
    </frame>
   </timeline>
   <timeline name="btnFastBuyUltra" scale="1" pX="0" pY="0" offset="0">
    <frame z="0" duration="2" tweenEasing="0">
     <transform x="0" pX="0" pY="0" skX="0" skY="0" scX="1" y="0" scY="1"/>
    </frame>
    <frame z="0" duration="2" tweenEasing="0">
     <transform x="0" pX="0" pY="0" skX="0" skY="0" scX="2.297872340425532" y="0" scY="2.297872340425532"/>
    </frame>
    <frame z="0" duration="1">
     <transform x="0" pX="0" pY="0" skX="0" skY="0" scX="2.127659574468085" y="0.5" scY="2.127659574468085"/>
    </frame>
    <frame z="0" duration="1">
     <transform x="0" pX="0" pY="0" skX="0" skY="0" scX="2.127659574468085" y="0.5" scY="2.127659574468085"/>
    </frame>
   </timeline>
   <frame duration="5"/>
   <frame duration="1"/>
  </animation>
 </armature>
 <armature name="btnUpgradeMenu">
  <skin name="default">
   <slot name="bg" z="0" parent="bg">
    <display name="Shape/shape 11183" type="image">
     <transform x="0" pX="25" pY="26" skX="0" skY="0" scX="1" y="0" scY="1"/>
    </display>
    <display name="Shape/shape 11186" type="image">
     <transform x="0" pX="25" pY="26" skX="0" skY="0" scX="1" y="0" scY="1"/>
    </display>
    <display name="Shape/shape 11188" type="image">
     <transform x="0" pX="25" pY="26" skX="0" skY="0" scX="1" y="0" scY="1"/>
    </display>
    <display name="Shape/shape 11190" type="image">
     <transform x="0" pX="25" pY="26" skX="0" skY="0" scX="1" y="0" scY="1"/>
    </display>
   </slot>
   <slot name="btnUpgradeMenuLOCKCase" z="1" parent="btnUpgradeMenuLOCKCase">
    <display name="case" type="image">
     <transform x="0" pX="25" pY="25" skX="0" skY="0" scX="1" y="0" scY="1"/>
    </display>
   </slot>
   <slot name="costTXT" z="2" parent="costTXT">
    <display name="位图 6" type="image">
     <transform x="-21.5" pX="0" pY="0" skX="0" skY="0" scX="1" y="-20.5" scY="1"/>
    </display>
   </slot>
   <slot name="btnUpgradeMenuCase" z="3" parent="btnUpgradeMenuCase">
    <display name="case" type="image">
     <transform x="0" pX="25" pY="25" skX="0" skY="0" scX="1" y="0" scY="1"/>
    </display>
   </slot>
  </skin>
  <bone name="costTXT">
   <transform y="18.5" skY="0" x="1.5" scX="1" skX="0" scY="1"/>
  </bone>
  <bone name="btnUpgradeMenuLOCKCase">
   <transform y="0.05" skY="0" x="-1.7" scX="0.86" skX="0" scY="0.99"/>
  </bone>
  <bone name="bg">
   <transform y="0" skY="0" x="0" scX="1" skX="0" scY="1"/>
  </bone>
  <bone name="btnUpgradeMenuCase">
   <transform y="0.05" skY="0" x="-1.7" scX="0.86" skX="0" scY="0.99"/>
  </bone>
  <animation name="btnUpgradeMenu" scale="1" loop="1" duration="5" autoTween="NaN" fadeInTime="0.3" tweenEasing="NaN">
   <timeline name="bg" scale="1" pX="0" pY="0" offset="0">
    <frame z="0" duration="1">
     <transform x="0" pX="0" pY="0" skX="0" skY="0" scX="1" y="0" scY="1"/>
    </frame>
    <frame displayIndex="1" z="0" duration="1">
     <transform x="0" pX="0" pY="0" skX="0" skY="0" scX="1" y="0" scY="1"/>
    </frame>
    <frame displayIndex="2" z="0" duration="2">
     <transform x="0" pX="0" pY="0" skX="0" skY="0" scX="1" y="0" scY="1"/>
    </frame>
    <frame displayIndex="3" z="0" duration="1">
     <transform x="0" pX="0" pY="0" skX="0" skY="0" scX="1" y="0" scY="1"/>
    </frame>
   </timeline>
   <timeline name="btnUpgradeMenuLOCKCase" scale="1" pX="0" pY="0" offset="0">
    <frame displayIndex="-1" duration="4"/>
    <frame z="0" duration="1">
     <transform x="0" pX="0" pY="0" skX="0" skY="0" scX="1" y="0" scY="1"/>
    </frame>
   </timeline>
   <timeline name="costTXT" scale="1" pX="0" pY="0" offset="0">
    <frame z="0" duration="4">
     <transform x="0" pX="0" pY="0" skX="0" skY="0" scX="1" y="0" scY="1"/>
    </frame>
    <frame displayIndex="-1" duration="1"/>
   </timeline>
   <timeline name="btnUpgradeMenuCase" scale="1" pX="0" pY="0" offset="0">
    <frame z="0" duration="3">
     <transform x="0" pX="0" pY="0" skX="0" skY="0" scX="1" y="0" scY="1"/>
    </frame>
    <frame z="0" duration="1">
     <transform x="0" pX="0" pY="0" skX="0" skY="0" scX="1" y="0" scY="1"/>
    </frame>
    <frame displayIndex="-1" duration="1"/>
   </timeline>
  </animation>
 </armature>
 <armature name="btnTowerUpgr1">
  <skin name="default">
   <slot name="bg1" z="0" parent="bg1">
    <display name="Shape/shape 11211" type="image">
     <transform x="0" pX="18.55" pY="18.25" skX="0" skY="0" scX="1" y="0" scY="1"/>
    </display>
    <display name="Shape/shape 11222" type="image">
     <transform x="0" pX="19" pY="19" skX="0" skY="0" scX="1" y="0" scY="1"/>
    </display>
   </slot>
   <slot name="bg2" z="1" parent="bg2">
    <display name="Shape/shape 11213" type="image">
     <transform x="0" pX="11.35" pY="12.4" skX="0" skY="0" scX="1" y="0" scY="1"/>
    </display>
    <display name="Shape/shape 11216" type="image">
     <transform x="0" pX="13.75" pY="14.55" skX="0" skY="0" scX="1" y="0" scY="1"/>
    </display>
    <display name="Shape/shape 11219" type="image">
     <transform x="0" pX="11.9" pY="12.55" skX="0" skY="0" scX="1" y="0" scY="1"/>
    </display>
   </slot>
   <slot name="costTXT" z="2" parent="costTXT">
    <display name="case" type="image">
     <transform x="0" pX="25" pY="25" skX="0" skY="0" scX="1" y="0" scY="1"/>
    </display>
   </slot>
   <slot name="btnTowerUpgrCase" z="3" parent="btnTowerUpgrCase">
    <display name="case" type="image">
     <transform x="0" pX="25" pY="25" skX="0" skY="0" scX="1" y="0" scY="1"/>
    </display>
   </slot>
  </skin>
  <bone name="costTXT">
   <transform y="16.1" skY="0" x="0" scX="0.6" skX="0" scY="0.4"/>
  </bone>
  <bone name="bg2">
   <transform y="0" skY="0" x="0" scX="1" skX="0" scY="1"/>
  </bone>
  <bone name="bg1">
   <transform y="0" skY="0" x="0" scX="1" skX="0" scY="1"/>
  </bone>
  <bone name="btnTowerUpgrCase">
   <transform y="3" skY="0" x="0" scX="0.68" skX="0" scY="0.8"/>
  </bone>
  <animation name="btnTowerUpgr1" scale="1" loop="1" fadeInTime="0.3" autoTween="NaN" duration="6" tweenEasing="NaN">
   <timeline name="bg1" scale="1" pX="0" pY="0" offset="0">
    <frame z="0" duration="4">
     <transform x="0" pX="0" pY="0" skX="0" skY="0" scX="1" y="0" scY="1"/>
    </frame>
    <frame displayIndex="1" z="0" duration="1">
     <transform x="0" pX="0" pY="0" skX="0" skY="0" scX="1" y="0" scY="1"/>
    </frame>
    <frame displayIndex="1" z="0" duration="1">
     <transform x="0" pX="0" pY="0" skX="0" skY="0" scX="1" y="0" scY="1"/>
    </frame>
   </timeline>
   <timeline name="bg2" scale="1" pX="0" pY="0" offset="0">
    <frame z="0" duration="1">
     <transform x="0" pX="0" pY="0" skX="0" skY="0" scX="1" y="0" scY="1"/>
    </frame>
    <frame displayIndex="1" z="0" duration="1">
     <transform x="0" pX="0" pY="0" skX="0" skY="0" scX="1" y="0" scY="1"/>
    </frame>
    <frame displayIndex="2" z="0" duration="2">
     <transform x="0" pX="0" pY="0" skX="0" skY="0" scX="1" y="0" scY="1"/>
    </frame>
    <frame displayIndex="2" z="0" duration="1">
     <transform x="0" pX="0" pY="0" skX="0" skY="0" scX="1" y="0" scY="1"/>
    </frame>
    <frame displayIndex="-1" duration="1"/>
   </timeline>
   <timeline name="costTXT" scale="1" pX="0" pY="0" offset="0">
    <frame z="0" duration="4">
     <transform x="0" pX="0" pY="0" skX="0" skY="0" scX="1" y="0" scY="1"/>
    </frame>
    <frame z="0" duration="1">
     <transform x="0" pX="0" pY="0" skX="0" skY="0" scX="1" y="0" scY="1"/>
    </frame>
    <frame displayIndex="-1" duration="1"/>
   </timeline>
   <timeline name="btnTowerUpgrCase" scale="1" pX="0" pY="0" offset="0">
    <frame z="0" duration="5">
     <transform x="0" pX="0" pY="0" skX="0" skY="0" scX="1" y="0" scY="1"/>
    </frame>
    <frame z="0" duration="1">
     <transform x="0" pX="0" pY="0" skX="0" skY="0" scX="1" y="0" scY="1"/>
    </frame>
   </timeline>
   <frame duration="5"/>
   <frame duration="1"/>
  </animation>
 </armature>
 <armature name="btnTowerUpgr2">
  <skin name="default">
   <slot name="bg1" z="0" parent="bg1">
    <display name="Shape/shape 11211" type="image">
     <transform x="0" pX="18.55" pY="18.25" skX="0" skY="0" scX="1" y="0" scY="1"/>
    </display>
    <display name="Shape/shape 11222" type="image">
     <transform x="0" pX="19" pY="19" skX="0" skY="0" scX="1" y="0" scY="1"/>
    </display>
   </slot>
   <slot name="bg2" z="1" parent="bg2">
    <display name="Shape/shape 11225" type="image">
     <transform x="0" pX="12.15" pY="11.05" skX="0" skY="0" scX="1" y="0" scY="1"/>
    </display>
    <display name="Shape/shape 11227" type="image">
     <transform x="0" pX="13.85" pY="13.15" skX="0" skY="0" scX="1" y="0" scY="1"/>
    </display>
    <display name="Shape/shape 11229" type="image">
     <transform x="0" pX="12" pY="11.2" skX="0" skY="0" scX="1" y="0" scY="1"/>
    </display>
   </slot>
   <slot name="costTXT" z="2" parent="costTXT">
    <display name="case" type="image">
     <transform x="0" pX="25" pY="25" skX="0" skY="0" scX="1" y="0" scY="1"/>
    </display>
   </slot>
   <slot name="btnTowerUpgrCase" z="3" parent="btnTowerUpgrCase">
    <display name="case" type="image">
     <transform x="0" pX="25" pY="25" skX="0" skY="0" scX="1" y="0" scY="1"/>
    </display>
   </slot>
  </skin>
  <bone name="costTXT">
   <transform y="18.4" skY="0" x="0" scX="0.6" skX="0" scY="0.4"/>
  </bone>
  <bone name="bg2">
   <transform y="0" skY="0" x="0" scX="1" skX="0" scY="1"/>
  </bone>
  <bone name="bg1">
   <transform y="0" skY="0" x="0" scX="1" skX="0" scY="1"/>
  </bone>
  <bone name="btnTowerUpgrCase">
   <transform y="3" skY="0" x="0" scX="0.68" skX="0" scY="0.8"/>
  </bone>
  <animation name="btnTowerUpgr2" scale="1" loop="1" duration="6" autoTween="NaN" fadeInTime="0.3" tweenEasing="NaN">
   <timeline name="bg1" scale="1" pX="0" pY="0" offset="0">
    <frame z="0" duration="4">
     <transform x="0" pX="0" pY="0" skX="0" skY="0" scX="1" y="0" scY="1"/>
    </frame>
    <frame displayIndex="1" z="0" duration="1">
     <transform x="0" pX="0" pY="0" skX="0" skY="0" scX="1" y="0" scY="1"/>
    </frame>
    <frame displayIndex="1" z="0" duration="1">
     <transform x="0" pX="0" pY="0" skX="0" skY="0" scX="1" y="0" scY="1"/>
    </frame>
   </timeline>
   <timeline name="bg2" scale="1" pX="0" pY="0" offset="0">
    <frame z="0" duration="1">
     <transform x="0" pX="0" pY="0" skX="0" skY="0" scX="1" y="0" scY="1"/>
    </frame>
    <frame displayIndex="1" z="0" duration="1">
     <transform x="0" pX="0" pY="0" skX="0" skY="0" scX="1" y="0" scY="1"/>
    </frame>
    <frame displayIndex="2" z="0" duration="2">
     <transform x="0" pX="0" pY="0" skX="0" skY="0" scX="1" y="0" scY="1"/>
    </frame>
    <frame displayIndex="2" z="0" duration="1">
     <transform x="0" pX="0" pY="0" skX="0" skY="0" scX="1" y="0" scY="1"/>
    </frame>
    <frame displayIndex="-1" duration="1"/>
   </timeline>
   <timeline name="costTXT" scale="1" pX="0" pY="0" offset="0">
    <frame z="0" duration="5">
     <transform x="0" pX="0" pY="0" skX="0" skY="0" scX="1" y="0" scY="1"/>
    </frame>
    <frame displayIndex="-1" duration="1"/>
   </timeline>
   <timeline name="btnTowerUpgrCase" scale="1" pX="0" pY="0" offset="0">
    <frame z="0" duration="5">
     <transform x="0" pX="0" pY="0" skX="0" skY="0" scX="1" y="0" scY="1"/>
    </frame>
    <frame z="0" duration="1">
     <transform x="0" pX="0" pY="0" skX="0" skY="0" scX="1" y="0" scY="1"/>
    </frame>
   </timeline>
  </animation>
 </armature>
 <armature name="btnTowerUpgr3">
  <skin name="default">
   <slot name="bg1" z="0" parent="bg1">
    <display name="Shape/shape 11211" type="image">
     <transform x="0" pX="18.55" pY="18.25" skX="0" skY="0" scX="1" y="0" scY="1"/>
    </display>
    <display name="Shape/shape 11222" type="image">
     <transform x="0" pX="19" pY="19" skX="0" skY="0" scX="1" y="0" scY="1"/>
    </display>
   </slot>
   <slot name="bg2" z="1" parent="bg2">
    <display name="Shape/shape 11232" type="image">
     <transform x="0" pX="11.55" pY="11.05" skX="0" skY="0" scX="1" y="0" scY="1"/>
    </display>
    <display name="Shape/shape 11234" type="image">
     <transform x="0" pX="13.9" pY="12.8" skX="0" skY="0" scX="1" y="0" scY="1"/>
    </display>
    <display name="Shape/shape 11236" type="image">
     <transform x="0" pX="11.8" pY="11.2" skX="0" skY="0" scX="1" y="0" scY="1"/>
    </display>
   </slot>
   <slot name="costTXT" z="2" parent="costTXT">
    <display name="case" type="image">
     <transform x="0" pX="25" pY="25" skX="0" skY="0" scX="1" y="0" scY="1"/>
    </display>
   </slot>
   <slot name="btnTowerUpgrCase" z="3" parent="btnTowerUpgrCase">
    <display name="case" type="image">
     <transform x="0" pX="25" pY="25" skX="0" skY="0" scX="1" y="0" scY="1"/>
    </display>
   </slot>
  </skin>
  <bone name="costTXT">
   <transform y="15.3" skY="0" x="0" scX="0.6" skX="0" scY="0.4"/>
  </bone>
  <bone name="bg2">
   <transform y="0" skY="0" x="0" scX="1" skX="0" scY="1"/>
  </bone>
  <bone name="bg1">
   <transform y="0" skY="0" x="0" scX="1" skX="0" scY="1"/>
  </bone>
  <bone name="btnTowerUpgrCase">
   <transform y="3" skY="0" x="0" scX="0.68" skX="0" scY="0.8"/>
  </bone>
  <animation name="btnTowerUpgr3" scale="1" loop="1" duration="6" autoTween="NaN" fadeInTime="0.3" tweenEasing="NaN">
   <timeline name="bg1" scale="1" pX="0" pY="0" offset="0">
    <frame z="0" duration="4">
     <transform x="0" pX="0" pY="0" skX="0" skY="0" scX="1" y="0" scY="1"/>
    </frame>
    <frame displayIndex="1" z="0" duration="1">
     <transform x="0" pX="0" pY="0" skX="0" skY="0" scX="1" y="0" scY="1"/>
    </frame>
    <frame displayIndex="1" z="0" duration="1">
     <transform x="0" pX="0" pY="0" skX="0" skY="0" scX="1" y="0" scY="1"/>
    </frame>
   </timeline>
   <timeline name="bg2" scale="1" pX="0" pY="0" offset="0">
    <frame z="0" duration="1">
     <transform x="0" pX="0" pY="0" skX="0" skY="0" scX="1" y="0" scY="1"/>
    </frame>
    <frame displayIndex="1" z="0" duration="1">
     <transform x="0" pX="0" pY="0" skX="0" skY="0" scX="1" y="0" scY="1"/>
    </frame>
    <frame displayIndex="2" z="0" duration="2">
     <transform x="0" pX="0" pY="0" skX="0" skY="0" scX="1" y="0" scY="1"/>
    </frame>
    <frame displayIndex="2" z="0" duration="1">
     <transform x="0" pX="0" pY="0" skX="0" skY="0" scX="1" y="0" scY="1"/>
    </frame>
    <frame displayIndex="-1" duration="1"/>
   </timeline>
   <timeline name="costTXT" scale="1" pX="0" pY="0" offset="0">
    <frame z="0" duration="5">
     <transform x="0" pX="0" pY="0" skX="0" skY="0" scX="1" y="0" scY="1"/>
    </frame>
    <frame displayIndex="-1" duration="1"/>
   </timeline>
   <timeline name="btnTowerUpgrCase" scale="1" pX="0" pY="0" offset="0">
    <frame z="0" duration="5">
     <transform x="0" pX="0" pY="0" skX="0" skY="0" scX="1" y="0" scY="1"/>
    </frame>
    <frame z="0" duration="1">
     <transform x="0" pX="0" pY="0" skX="0" skY="0" scX="1" y="0" scY="1"/>
    </frame>
   </timeline>
  </animation>
 </armature>
 <armature name="btnTowerUpgr4">
  <skin name="default">
   <slot name="bg1" z="0" parent="bg1">
    <display name="Shape/shape 11211" type="image">
     <transform x="0" pX="18.55" pY="18.25" skX="0" skY="0" scX="1" y="0" scY="1"/>
    </display>
    <display name="Shape/shape 11222" type="image">
     <transform x="0" pX="19" pY="19" skX="0" skY="0" scX="1" y="0" scY="1"/>
    </display>
   </slot>
   <slot name="bg2" z="1" parent="bg2">
    <display name="Shape/shape 11239" type="image">
     <transform x="0" pX="9.4" pY="11.55" skX="0" skY="0" scX="1" y="0" scY="1"/>
    </display>
    <display name="Shape/shape 11241" type="image">
     <transform x="0" pX="10.55" pY="13.3" skX="0" skY="0" scX="1" y="0" scY="1"/>
    </display>
    <display name="Shape/shape 11243" type="image">
     <transform x="0" pX="9.3" pY="11.75" skX="0" skY="0" scX="1" y="0" scY="1"/>
    </display>
   </slot>
   <slot name="costTXT" z="2" parent="costTXT">
    <display name="case" type="image">
     <transform x="0" pX="25" pY="25" skX="0" skY="0" scX="1" y="0" scY="1"/>
    </display>
   </slot>
   <slot name="btnTowerUpgrCase" z="3" parent="btnTowerUpgrCase">
    <display name="case" type="image">
     <transform x="0" pX="25" pY="25" skX="0" skY="0" scX="1" y="0" scY="1"/>
    </display>
   </slot>
  </skin>
  <bone name="costTXT">
   <transform y="18.8" skY="0" x="0" scX="0.6" skX="0" scY="0.4"/>
  </bone>
  <bone name="bg2">
   <transform y="0" skY="0" x="0" scX="1" skX="0" scY="1"/>
  </bone>
  <bone name="bg1">
   <transform y="0" skY="0" x="0" scX="1" skX="0" scY="1"/>
  </bone>
  <bone name="btnTowerUpgrCase">
   <transform y="3" skY="0" x="0" scX="0.68" skX="0" scY="0.8"/>
  </bone>
  <animation name="btnTowerUpgr4" scale="1" loop="1" duration="6" autoTween="NaN" fadeInTime="0.3" tweenEasing="NaN">
   <timeline name="bg1" scale="1" pX="0" pY="0" offset="0">
    <frame z="0" duration="4">
     <transform x="0" pX="0" pY="0" skX="0" skY="0" scX="1" y="0" scY="1"/>
    </frame>
    <frame displayIndex="1" z="0" duration="1">
     <transform x="0" pX="0" pY="0" skX="0" skY="0" scX="1" y="0" scY="1"/>
    </frame>
    <frame displayIndex="1" z="0" duration="1">
     <transform x="0" pX="0" pY="0" skX="0" skY="0" scX="1" y="0" scY="1"/>
    </frame>
   </timeline>
   <timeline name="bg2" scale="1" pX="0" pY="0" offset="0">
    <frame z="0" duration="1">
     <transform x="0" pX="0" pY="0" skX="0" skY="0" scX="1" y="0" scY="1"/>
    </frame>
    <frame displayIndex="1" z="0" duration="1">
     <transform x="0" pX="0" pY="0" skX="0" skY="0" scX="1" y="0" scY="1"/>
    </frame>
    <frame displayIndex="2" z="0" duration="2">
     <transform x="0" pX="0" pY="0" skX="0" skY="0" scX="1" y="0" scY="1"/>
    </frame>
    <frame displayIndex="2" z="0" duration="1">
     <transform x="0" pX="0" pY="0" skX="0" skY="0" scX="1" y="0" scY="1"/>
    </frame>
    <frame displayIndex="-1" duration="1"/>
   </timeline>
   <timeline name="costTXT" scale="1" pX="0" pY="0" offset="0">
    <frame z="0" duration="5">
     <transform x="0" pX="0" pY="0" skX="0" skY="0" scX="1" y="0" scY="1"/>
    </frame>
    <frame displayIndex="-1" duration="1"/>
   </timeline>
   <timeline name="btnTowerUpgrCase" scale="1" pX="0" pY="0" offset="0">
    <frame z="0" duration="5">
     <transform x="0" pX="0" pY="0" skX="0" skY="0" scX="1" y="0" scY="1"/>
    </frame>
    <frame z="0" duration="1">
     <transform x="0" pX="0" pY="0" skX="0" skY="0" scX="1" y="0" scY="1"/>
    </frame>
   </timeline>
  </animation>
 </armature>
 <armature name="indicator">
  <skin name="default">
   <slot name="indicator" z="0" parent="indicator">
    <display name="Shape/shape 11193" type="image">
     <transform x="0" pX="11" pY="9" skX="0" skY="0" scX="1" y="0" scY="1"/>
    </display>
    <display name="Shape/shape 11195" type="image">
     <transform x="0" pX="11" pY="9" skX="0" skY="0" scX="1" y="0" scY="1"/>
    </display>
    <display name="Shape/shape 11196" type="image">
     <transform x="0" pX="9" pY="8.75" skX="0" skY="0" scX="1" y="0" scY="1"/>
    </display>
   </slot>
  </skin>
  <bone name="indicator">
   <transform y="0" skY="0" x="0" scX="1" skX="0" scY="1"/>
  </bone>
  <animation name="unnamed" scale="1" loop="1" duration="5" autoTween="NaN" fadeInTime="0" tweenEasing="NaN">
   <timeline name="indicator" scale="1" pX="0" pY="0" offset="0">
    <frame z="0" duration="1">
     <transform x="0" pX="0" pY="0" skX="0" skY="0" scX="1" y="0" scY="1"/>
    </frame>
    <frame displayIndex="1" z="0" duration="1">
     <transform x="0" pX="0" pY="0" skX="0" skY="0" scX="1" y="0" scY="1"/>
    </frame>
    <frame displayIndex="2" z="0" duration="1">
     <transform x="0" pX="0" pY="0" skX="0" skY="0" scX="1" y="0" scY="1"/>
    </frame>
    <frame displayIndex="2" z="0" duration="1">
     <transform x="0" pX="0" pY="0" skX="0" skY="0" scX="1" y="0" scY="1"/>
    </frame>
    <frame displayIndex="2" z="0" duration="1">
     <transform x="0" pX="0" pY="0" skX="0" skY="0" scX="1" y="0" scY="1"/>
    </frame>
   </timeline>
  </animation>
 </armature>
 <armature name="btnFastBuyUltra">
  <skin name="default">
   <slot name="bg" z="0" parent="bg">
    <display name="Shape/shape 11199" type="image">
     <transform x="0" pX="22" pY="21" skX="0" skY="0" scX="1" y="0" scY="1"/>
    </display>
   </slot>
   <slot name="labelTXT" z="1" parent="labelTXT">
    <display name="位图 8" type="image">
     <transform x="-30" pX="0" pY="0" skX="0" skY="0" scX="1" y="-28" scY="1"/>
    </display>
    <display name="位图 9" type="image">
     <transform x="-33.5" pX="0" pY="0" skX="0" skY="0" scX="1" y="-31" scY="1"/>
    </display>
    <display name="位图 10" type="image">
     <transform x="-30" pX="0" pY="0" skX="0" skY="0" scX="1" y="-28" scY="1"/>
    </display>
    <display name="位图 11" type="image">
     <transform x="-30" pX="0" pY="0" skX="0" skY="0" scX="1" y="-28" scY="1"/>
    </display>
    <display name="位图 12" type="image">
     <transform x="-30" pX="0" pY="0" skX="0" skY="0" scX="1" y="-28" scY="1"/>
    </display>
   </slot>
   <slot name="costTXT" z="2" parent="costTXT">
    <display name="位图 7" type="image">
     <transform x="-25" pX="0" pY="0" skX="0" skY="0" scX="1" y="-25" scY="1"/>
    </display>
   </slot>
   <slot name="fastBuyUltraCase" z="3" parent="fastBuyUltraCase">
    <display name="case" type="image">
     <transform x="0" pX="25" pY="25" skX="0" skY="0" scX="1" y="0" scY="1"/>
    </display>
   </slot>
  </skin>
  <bone name="costTXT">
   <transform y="4.3" skY="0" x="0.9" scX="0.6" skX="0" scY="0.4"/>
  </bone>
  <bone name="labelTXT">
   <transform y="3" skY="0" x="4.9" scX="1" skX="0" scY="1"/>
  </bone>
  <bone name="bg">
   <transform y="0" skY="0" x="0" scX="1" skX="0" scY="1"/>
  </bone>
  <bone name="fastBuyUltraCase">
   <transform y="-0.35" skY="0" x="-0.15" scX="0.83" skX="0" scY="0.83"/>
  </bone>
  <animation name="btnFastBuyUltra" scale="1" loop="1" fadeInTime="0.3" autoTween="NaN" duration="5" tweenEasing="NaN">
   <timeline name="bg" scale="1" pX="0" pY="0" offset="0">
    <frame z="0" duration="4">
     <transform x="0" pX="0" pY="0" skX="0" skY="0" scX="1" y="0" scY="1"/>
    </frame>
    <frame z="0" duration="1">
     <transform x="0" pX="0" pY="0" skX="0" skY="0" scX="1" y="0" scY="1"/>
    </frame>
   </timeline>
   <timeline name="labelTXT" scale="1" pX="0" pY="0" offset="0">
    <frame z="0" duration="1">
     <transform x="0" pX="0" pY="0" skX="0" skY="0" scX="1" y="0" scY="1"/>
    </frame>
    <frame displayIndex="1" z="0" duration="1">
     <transform x="0.09999999999999964" pX="0" pY="0" skX="0" skY="0" scX="1" y="0" scY="1"/>
    </frame>
    <frame displayIndex="2" z="0" duration="1">
     <transform x="-1.0000000000000004" pX="0" pY="0" skX="0" skY="0" scX="1" y="0" scY="1"/>
    </frame>
    <frame displayIndex="3" z="0" duration="1">
     <transform x="-1.0000000000000004" pX="0" pY="0" skX="0" skY="0" scX="1" y="0" scY="1"/>
    </frame>
    <frame displayIndex="4" z="0" duration="1">
     <transform x="-1.0000000000000004" pX="0" pY="0" skX="0" skY="0" scX="1" y="0" scY="1"/>
    </frame>
   </timeline>
   <timeline name="costTXT" scale="1" pX="0" pY="0" offset="0">
    <frame z="0" duration="4">
     <transform x="0" pX="0" pY="0" skX="0" skY="0" scX="1" y="0" scY="1"/>
    </frame>
    <frame z="0" duration="1">
     <transform x="-0.9" pX="0" pY="0" skX="0" skY="0" scX="1.6666666666666667" y="-4.3" scY="2.5"/>
    </frame>
   </timeline>
   <timeline name="fastBuyUltraCase" scale="1" pX="0" pY="0" offset="0">
    <frame z="0" duration="4">
     <transform x="0" pX="0" pY="0" skX="0" skY="0" scX="1" y="0" scY="1"/>
    </frame>
    <frame z="0" duration="1">
     <transform x="0" pX="0" pY="0" skX="0" skY="0" scX="1" y="-0.20000000000000007" scY="1"/>
    </frame>
   </timeline>
   <frame duration="4"/>
   <frame duration="1"/>
  </animation>
 </armature>
</root>