<TextureAtlas name="TowerMenu_mc" imagePath="texture.png">
 <SubTexture name="Shape/shape 4084" x="924" y="508" width="50" height="50"/>
 <SubTexture name="Shape/shape 10975" x="264" y="528" width="113" height="113"/>
 <SubTexture name="Shape/shape 11079" x="378" y="528" width="138" height="96"/>
 <SubTexture name="Shape/shape 10977" x="528" y="396" width="130" height="130"/>
 <SubTexture name="Shape/shape 10979" x="792" y="264" width="130" height="130"/>
 <SubTexture name="Shape/shape 10981" x="0" y="264" width="130" height="130"/>
 <SubTexture name="Shape/shape 10983" x="264" y="132" width="130" height="130"/>
 <SubTexture name="Shape/shape 10985" x="396" y="0" width="130" height="130"/>
 <SubTexture name="Shape/shape 10987" x="660" y="0" width="130" height="130"/>
 <SubTexture name="Shape/shape 10989" x="132" y="132" width="130" height="130"/>
 <SubTexture name="Shape/shape 10991" x="0" y="396" width="130" height="130"/>
 <SubTexture name="Shape/shape 10993" x="528" y="132" width="130" height="130"/>
 <SubTexture name="Shape/shape 10995" x="528" y="0" width="130" height="130"/>
 <SubTexture name="Shape/shape 10997" x="132" y="0" width="130" height="130"/>
 <SubTexture name="Shape/shape 10999" x="660" y="132" width="130" height="130"/>
 <SubTexture name="Shape/shape 11001" x="264" y="264" width="130" height="130"/>
 <SubTexture name="Shape/shape 11003" x="528" y="264" width="130" height="130"/>
 <SubTexture name="Shape/shape 11005" x="792" y="396" width="130" height="130"/>
 <SubTexture name="Shape/shape 11007" x="0" y="528" width="130" height="130"/>
 <SubTexture name="Shape/shape 11009" x="792" y="132" width="130" height="130"/>
 <SubTexture name="Shape/shape 11011" x="396" y="396" width="130" height="130"/>
 <SubTexture name="Shape/shape 11013" x="132" y="528" width="130" height="130"/>
 <SubTexture name="Shape/shape 11015" x="0" y="132" width="130" height="130"/>
 <SubTexture name="Shape/shape 11017" x="132" y="264" width="130" height="130"/>
 <SubTexture name="Shape/shape 11019" x="396" y="132" width="130" height="130"/>
 <SubTexture name="Shape/shape 11021" x="396" y="264" width="130" height="130"/>
 <SubTexture name="Shape/shape 11023" x="660" y="396" width="130" height="130"/>
 <SubTexture name="Shape/shape 11025" x="264" y="396" width="130" height="130"/>
 <SubTexture name="Shape/shape 11027" x="264" y="0" width="130" height="130"/>
 <SubTexture name="Shape/shape 11029" x="132" y="396" width="130" height="130"/>
 <SubTexture name="Shape/shape 11031" x="660" y="264" width="130" height="130"/>
 <SubTexture name="Shape/shape 11033" x="792" y="0" width="130" height="130"/>
 <SubTexture name="Shape/shape 11035" x="0" y="0" width="130" height="130"/>
 <SubTexture name="Shape/shape 11038" x="0" y="660" width="115" height="86"/>
 <SubTexture name="Shape/shape 11040" x="370" y="713" width="115" height="86"/>
 <SubTexture name="Shape/shape 11042" x="0" y="748" width="115" height="86"/>
 <SubTexture name="Shape/shape 11044" x="495" y="704" width="115" height="86"/>
 <SubTexture name="Shape/shape 11046" x="721" y="792" width="115" height="86"/>
 <SubTexture name="Shape/shape 11048" x="487" y="792" width="115" height="86"/>
 <SubTexture name="Shape/shape 11050" x="604" y="792" width="115" height="86"/>
 <SubTexture name="Shape/shape 11052" x="234" y="778" width="115" height="86"/>
 <SubTexture name="Shape/shape 11054" x="763" y="704" width="115" height="86"/>
 <SubTexture name="Shape/shape 11056" x="880" y="768" width="115" height="86"/>
 <SubTexture name="Shape/shape 11058" x="378" y="625" width="115" height="86"/>
 <SubTexture name="Shape/shape 11060" x="518" y="528" width="115" height="86"/>
 <SubTexture name="Shape/shape 11062" x="777" y="528" width="115" height="86"/>
 <SubTexture name="Shape/shape 11064" x="660" y="528" width="115" height="86"/>
 <SubTexture name="Shape/shape 11066" x="612" y="704" width="115" height="86"/>
 <SubTexture name="Shape/shape 11068" x="655" y="616" width="115" height="86"/>
 <SubTexture name="Shape/shape 11070" x="117" y="660" width="115" height="86"/>
 <SubTexture name="Shape/shape 11072" x="772" y="616" width="115" height="86"/>
 <SubTexture name="Shape/shape 11074" x="117" y="748" width="115" height="86"/>
 <SubTexture name="Shape/shape 11076" x="518" y="616" width="115" height="86"/>
 <SubTexture name="Shape/shape 11081" x="332" y="642" width="32" height="32"/>
 <SubTexture name="Shape/shape 11083" x="986" y="228" width="32" height="32"/>
 <SubTexture name="Shape/shape 11085" x="986" y="126" width="32" height="32"/>
 <SubTexture name="Shape/shape 11087" x="268" y="710" width="32" height="32"/>
 <SubTexture name="Shape/shape 11089" x="729" y="738" width="32" height="32"/>
 <SubTexture name="Shape/shape 11091" x="302" y="710" width="32" height="32"/>
 <SubTexture name="Shape/shape 11093" x="328" y="676" width="32" height="32"/>
 <SubTexture name="Shape/shape 11095" x="923" y="655" width="32" height="32"/>
 <SubTexture name="Shape/shape 11097" x="298" y="642" width="32" height="32"/>
 <SubTexture name="Shape/shape 11099" x="986" y="194" width="32" height="32"/>
 <SubTexture name="Shape/shape 11101" x="260" y="676" width="32" height="32"/>
 <SubTexture name="Shape/shape 11103" x="957" y="666" width="32" height="32"/>
 <SubTexture name="Shape/shape 11105" x="948" y="734" width="32" height="32"/>
 <SubTexture name="Shape/shape 11107" x="729" y="704" width="32" height="32"/>
 <SubTexture name="Shape/shape 11109" x="982" y="734" width="32" height="32"/>
 <SubTexture name="Shape/shape 11111" x="986" y="160" width="32" height="32"/>
 <SubTexture name="Shape/shape 11113" x="264" y="642" width="32" height="32"/>
 <SubTexture name="Shape/shape 11115" x="957" y="700" width="32" height="32"/>
 <SubTexture name="Shape/shape 11117" x="234" y="710" width="32" height="32"/>
 <SubTexture name="Shape/shape 11119" x="268" y="744" width="32" height="32"/>
 <SubTexture name="Shape/shape 11121" x="302" y="744" width="32" height="32"/>
 <SubTexture name="Shape/shape 11123" x="336" y="744" width="32" height="32"/>
 <SubTexture name="Shape/shape 11125" x="294" y="676" width="32" height="32"/>
 <SubTexture name="Shape/shape 11127" x="914" y="723" width="32" height="32"/>
 <SubTexture name="Shape/shape 11129" x="889" y="689" width="32" height="32"/>
 <SubTexture name="Shape/shape 11131" x="234" y="744" width="32" height="32"/>
 <SubTexture name="Shape/shape 11133" x="880" y="723" width="32" height="32"/>
 <SubTexture name="Shape/shape 11135" x="889" y="655" width="32" height="32"/>
 <SubTexture name="Shape/shape 11137" x="336" y="710" width="32" height="32"/>
 <SubTexture name="Shape/shape 11139" x="986" y="262" width="32" height="32"/>
 <SubTexture name="Shape/shape 11141" x="923" y="689" width="32" height="32"/>
 <SubTexture name="case" x="917" y="560" width="50" height="50"/>
 <SubTexture name="Shape/shape 11144" x="977" y="484" width="45" height="45"/>
 <SubTexture name="Shape/shape 11174" x="977" y="296" width="45" height="45"/>
 <SubTexture name="Shape/shape 11176" x="977" y="390" width="45" height="45"/>
 <SubTexture name="Shape/shape 11178" x="977" y="437" width="45" height="45"/>
 <SubTexture name="Shape/shape 11180" x="977" y="343" width="45" height="45"/>
 <SubTexture name="Shape/shape 11183" x="924" y="296" width="51" height="51"/>
 <SubTexture name="Shape/shape 11186" x="924" y="349" width="51" height="51"/>
 <SubTexture name="Shape/shape 11188" x="924" y="402" width="51" height="51"/>
 <SubTexture name="Shape/shape 11190" x="924" y="455" width="51" height="51"/>
 <SubTexture name="位图 6" x="914" y="612" width="43" height="41"/>
 <SubTexture name="Shape/shape 11211" x="986" y="82" width="37" height="43"/>
 <SubTexture name="Shape/shape 11222" x="959" y="626" width="38" height="38"/>
 <SubTexture name="Shape/shape 11213" x="635" y="578" width="22" height="22"/>
 <SubTexture name="Shape/shape 11216" x="993" y="55" width="26" height="26"/>
 <SubTexture name="Shape/shape 11219" x="635" y="554" width="23" height="23"/>
 <SubTexture name="Shape/shape 11225" x="894" y="528" width="25" height="24"/>
 <SubTexture name="Shape/shape 11227" x="993" y="0" width="28" height="28"/>
 <SubTexture name="Shape/shape 11229" x="635" y="528" width="24" height="25"/>
 <SubTexture name="Shape/shape 11232" x="991" y="666" width="25" height="22"/>
 <SubTexture name="Shape/shape 11234" x="993" y="29" width="29" height="25"/>
 <SubTexture name="Shape/shape 11236" x="234" y="660" width="25" height="21"/>
 <SubTexture name="Shape/shape 11239" x="894" y="581" width="19" height="23"/>
 <SubTexture name="Shape/shape 11241" x="894" y="553" width="22" height="27"/>
 <SubTexture name="Shape/shape 11243" x="635" y="602" width="19" height="24"/>
 <SubTexture name="Shape/shape 11193" x="889" y="624" width="22" height="18"/>
 <SubTexture name="Shape/shape 11195" x="999" y="626" width="22" height="18"/>
 <SubTexture name="Shape/shape 11196" x="894" y="605" width="19" height="18"/>
 <SubTexture name="Shape/shape 11199" x="976" y="531" width="44" height="41"/>
 <SubTexture name="位图 8" x="924" y="122" width="60" height="56"/>
 <SubTexture name="位图 9" x="924" y="0" width="67" height="62"/>
 <SubTexture name="位图 10" x="924" y="64" width="60" height="56"/>
 <SubTexture name="位图 11" x="924" y="180" width="60" height="56"/>
 <SubTexture name="位图 12" x="924" y="238" width="60" height="56"/>
 <SubTexture name="位图 7" x="969" y="574" width="50" height="50"/>
</TextureAtlas>