{"armature":[{"skin":[{"name":"default","slot":[{"name":"shadow","z":0,"display":[{"transform":{"pX":10,"pY":10},"name":"shadow","type":"image"}],"parent":"shadow"},{"name":"contSlot","z":1,"display":[{"transform":{},"name":"contSlot","type":"armature"}],"parent":"contSlot"}]}],"name":"unit7","bone":[{"transform":{"scX":1.31,"x":-0.8,"scY":0.54,"y":1.85},"name":"shadow"},{"transform":{"x":-0.15,"skX":4.87,"skY":2.06},"name":"contSlot"}],"animation":[{"fadeInTime":0.3,"timeline":[{"name":"shadow","frame":[{"transform":{},"z":0,"duration":1,"tweenEasing":0},{"transform":{"scX":0.9618,"x":0.05,"scY":0.963},"z":0,"duration":1,"tweenEasing":0},{"transform":{"scX":0.9313,"x":0.1,"scY":0.9259,"y":0.05},"z":0,"duration":1,"tweenEasing":0},{"transform":{"scX":0.8931,"x":0.15,"scY":0.8889,"y":0.05},"z":0,"duration":1,"tweenEasing":0},{"transform":{"scX":0.8626,"x":0.25,"scY":0.8519,"y":0.1},"z":0,"duration":1,"tweenEasing":0},{"transform":{"scX":0.8244,"x":0.3,"scY":0.8148,"y":0.1},"z":0,"duration":1,"tweenEasing":0},{"transform":{"scX":0.7939,"x":0.3,"scY":0.7778,"y":0.15},"z":0,"duration":1,"tweenEasing":0},{"transform":{"scX":0.7557,"x":0.45,"scY":0.7407,"y":0.15},"z":0,"duration":1,"tweenEasing":0},{"transform":{"scX":0.8092,"x":0.35,"scY":0.7963,"y":0.15},"z":0,"duration":1,"tweenEasing":0},{"transform":{"scX":0.855,"x":0.2,"scY":0.8333,"y":0.1},"z":0,"duration":1,"tweenEasing":0},{"transform":{"scX":0.9008,"x":0.15,"scY":0.8889,"y":0.05},"z":0,"duration":1,"tweenEasing":0},{"z":0,"transform":{"scX":0.9542,"x":0.05,"scY":0.9444},"duration":1},{"transform":{},"z":0,"duration":7,"tweenEasing":0},{"transform":{},"z":0,"duration":1,"tweenEasing":0},{"transform":{"scX":0.9542,"scY":0.9444,"y":0.15},"z":0,"duration":1,"tweenEasing":0},{"transform":{"scX":0.9084,"x":-0.05,"scY":0.9074,"y":0.3},"z":0,"duration":1,"tweenEasing":0},{"transform":{"scX":0.855,"x":-0.15,"scY":0.8519,"y":0.45},"z":0,"duration":1,"tweenEasing":0},{"transform":{"scX":0.8092,"x":-0.15,"scY":0.8148,"y":0.65},"z":0,"duration":1,"tweenEasing":0},{"transform":{"scX":0.7634,"x":-0.2,"scY":0.7593,"y":0.8},"z":0,"duration":2,"tweenEasing":0},{"transform":{"scX":0.7634,"x":-0.2,"scY":0.7593,"y":1.8},"z":0,"duration":2,"tweenEasing":0},{"transform":{"scX":0.855,"x":-0.15,"scY":0.8519,"y":1.05},"z":0,"duration":2,"tweenEasing":0},{"z":0,"transform":{"scX":0.9542,"scY":0.9444,"y":0.35},"duration":1},{"z":0,"transform":{},"duration":6},{"z":0,"transform":{},"duration":1}]},{"name":"contSlot","frame":[{"transform":{},"z":0,"duration":1,"tweenEasing":0},{"transform":{"x":0.05,"y":-0.25,"skX":-0.82,"skY":-0.3},"z":0,"duration":1,"tweenEasing":0},{"transform":{"x":0.05,"y":-0.5,"skX":-1.84,"skY":-0.79},"z":0,"duration":2,"tweenEasing":0},{"transform":{"x":0.15,"y":-0.95,"skX":-4.05,"skY":-1.76},"z":0,"duration":1,"tweenEasing":0},{"transform":{"x":0.15,"y":-1.2,"skX":-4.87,"skY":-2.06},"z":0,"duration":2,"tweenEasing":0},{"transform":{"x":0.9,"y":-1.2,"skX":-6.66,"skY":-2.06},"z":0,"duration":1,"tweenEasing":0},{"transform":{"x":0.75,"y":-0.95,"skX":-6.38,"skY":-2.06},"z":0,"duration":4,"tweenEasing":0},{"transform":{"x":0.2,"y":0.05,"skX":-4.87,"skY":-2.06},"z":0,"duration":2,"tweenEasing":0},{"transform":{"x":0.1,"y":0.05,"skX":-3.5,"skY":-1.5},"z":0,"duration":4,"tweenEasing":0},{"transform":{},"z":0,"duration":1,"tweenEasing":0},{"transform":{"x":-1.4,"y":-0.45,"skX":0.5,"skY":0.5},"z":0,"duration":1,"tweenEasing":0},{"transform":{"scX":1.01,"x":-1.1,"scY":1.01,"y":-0.35,"skX":-0.8,"skY":-0.02},"z":0,"duration":1,"tweenEasing":0},{"transform":{"scX":1.01,"x":-0.9,"scY":1.01,"y":-0.35,"skX":-2.28,"skY":-0.53},"z":0,"duration":2,"tweenEasing":0},{"transform":{"scX":1.02,"x":-0.45,"scY":1.02,"y":-0.25,"skX":-4.67,"skY":-1.55},"z":0,"duration":1,"tweenEasing":0},{"transform":{"scX":1.03,"x":-0.2,"scY":1.03,"y":-0.25,"skX":-6.15,"skY":-2.06},"z":0,"duration":2,"tweenEasing":0},{"transform":{"x":-0.25,"y":1.2,"skX":-4.55,"skY":-2.01},"z":0,"duration":1,"tweenEasing":0},{"transform":{"x":-0.45,"y":0.85,"skX":-3.54,"skY":-1.51},"z":0,"duration":1,"tweenEasing":0},{"transform":{"x":-0.75,"y":0.5,"skX":-2.53,"skY":-1.01},"z":0,"duration":1,"tweenEasing":0},{"transform":{"x":-0.9,"y":0.2,"skX":-1.52,"skY":-0.51},"z":0,"duration":1,"tweenEasing":0},{"z":0,"transform":{"x":-1.1,"y":-0.05,"skX":-0.52,"skY":-0.01},"duration":1},{"z":0,"transform":{"x":-1.4,"y":-0.45,"skX":0.5,"skY":0.5},"duration":6},{"z":0,"transform":{"x":-1.4,"y":-0.45,"skX":0.5,"skY":0.5},"duration":1}]}],"autoTween":null,"name":"cont","duration":38,"tweenEasing":null}]},{"skin":[{"name":"default","slot":[{"name":"Layer 1","z":0,"display":[{"transform":{"pX":16,"pY":30},"name":"Shape/shape 2494","type":"image"},{"transform":{"pX":16,"pY":30},"name":"Shape/shape 2496","type":"image"},{"transform":{"pX":16,"pY":30},"name":"Shape/shape 2498","type":"image"},{"transform":{"pX":16,"pY":30},"name":"Shape/shape 2500","type":"image"},{"transform":{"pX":16,"pY":30},"name":"Shape/shape 2502","type":"image"},{"transform":{"pX":16,"pY":30},"name":"Shape/shape 2504","type":"image"},{"transform":{"pX":16,"pY":30},"name":"Shape/shape 2506","type":"image"},{"transform":{"pX":16,"pY":30},"name":"Shape/shape 2508","type":"image"},{"transform":{"pX":16,"pY":30},"name":"Shape/shape 2510","type":"image"},{"transform":{"pX":16,"pY":30},"name":"Shape/shape 2512","type":"image"},{"transform":{"pX":16,"pY":30},"name":"Shape/shape 2514","type":"image"},{"transform":{"pX":16,"pY":30},"name":"Shape/shape 2516","type":"image"},{"transform":{"pX":16,"pY":30},"name":"Shape/shape 2518","type":"image"},{"transform":{"pX":16,"pY":30},"name":"Shape/shape 2520","type":"image"},{"transform":{"pX":16,"pY":30},"name":"Shape/shape 2522","type":"image"},{"transform":{"pX":16,"pY":30},"name":"Shape/shape 2524","type":"image"},{"transform":{"pX":16,"pY":30},"name":"Shape/shape 2526","type":"image"},{"transform":{"pX":16,"pY":30},"name":"Shape/shape 2528","type":"image"},{"transform":{"pX":16,"pY":30},"name":"Shape/shape 2530","type":"image"},{"transform":{"pX":16,"pY":30},"name":"Shape/shape 2532","type":"image"},{"transform":{"pX":16,"pY":30},"name":"Shape/shape 2534","type":"image"},{"transform":{"pX":16,"pY":30},"name":"Shape/shape 2536","type":"image"},{"transform":{"pX":16,"pY":30},"name":"Shape/shape 2538","type":"image"},{"transform":{"pX":16,"pY":30},"name":"Shape/shape 2540","type":"image"},{"transform":{"pX":16,"pY":30},"name":"Shape/shape 2542","type":"image"},{"transform":{"pX":16,"pY":30},"name":"Shape/shape 2544","type":"image"},{"transform":{"pX":16,"pY":30},"name":"Shape/shape 2546","type":"image"},{"transform":{"pX":16,"pY":30},"name":"Shape/shape 2548","type":"image"},{"transform":{"pX":16,"pY":30},"name":"Shape/shape 2550","type":"image"},{"transform":{"pX":16,"pY":30},"name":"Shape/shape 2552","type":"image"},{"transform":{"pX":16,"pY":32},"name":"Shape/shape 2554","type":"image"},{"transform":{"pX":16,"pY":32},"name":"Shape/shape 2556","type":"image"},{"transform":{"pX":16,"pY":32},"name":"Shape/shape 2558","type":"image"},{"transform":{"pX":16,"pY":32},"name":"Shape/shape 2560","type":"image"},{"transform":{"pX":16,"pY":32},"name":"Shape/shape 2562","type":"image"},{"transform":{"pX":16,"pY":32},"name":"Shape/shape 2564","type":"image"},{"transform":{"pX":16,"pY":32},"name":"Shape/shape 2566","type":"image"},{"transform":{"pX":16,"pY":32},"name":"Shape/shape 2568","type":"image"},{"transform":{"pX":16,"pY":32},"name":"Shape/shape 2570","type":"image"},{"transform":{"pX":16,"pY":32},"name":"Shape/shape 2572","type":"image"},{"transform":{"pX":16,"pY":32},"name":"Shape/shape 2574","type":"image"},{"transform":{"pX":16,"pY":32},"name":"Shape/shape 2576","type":"image"},{"transform":{"pX":16,"pY":32},"name":"Shape/shape 2578","type":"image"},{"transform":{"pX":16,"pY":32},"name":"Shape/shape 2580","type":"image"},{"transform":{"pX":16,"pY":32},"name":"Shape/shape 2582","type":"image"},{"transform":{"pX":16,"pY":32},"name":"Shape/shape 2584","type":"image"},{"transform":{"pX":16,"pY":32},"name":"Shape/shape 2586","type":"image"},{"transform":{"pX":16,"pY":32},"name":"Shape/shape 2588","type":"image"},{"transform":{"pX":16,"pY":32},"name":"Shape/shape 2590","type":"image"},{"transform":{"pX":16,"pY":32},"name":"Shape/shape 2592","type":"image"},{"transform":{"pX":16,"pY":32},"name":"Shape/shape 2594","type":"image"},{"transform":{"pX":16,"pY":32},"name":"Shape/shape 2596","type":"image"},{"transform":{"pX":16,"pY":32},"name":"Shape/shape 2598","type":"image"},{"transform":{"pX":16,"pY":32},"name":"Shape/shape 2600","type":"image"},{"transform":{"pX":16,"pY":32},"name":"Shape/shape 2602","type":"image"},{"transform":{"pX":16,"pY":32},"name":"Shape/shape 2604","type":"image"},{"transform":{"pX":16,"pY":32},"name":"Shape/shape 2606","type":"image"},{"transform":{"pX":16,"pY":32},"name":"Shape/shape 2608","type":"image"},{"transform":{"pX":16,"pY":32},"name":"Shape/shape 2610","type":"image"},{"transform":{"pX":16,"pY":32},"name":"Shape/shape 2612","type":"image"}],"parent":"Layer 1"}]}],"name":"contSlot","bone":[{"transform":{},"name":"Layer 1"}],"animation":[{"fadeInTime":0.3,"timeline":[{"name":"Layer 1","frame":[{"z":0,"transform":{},"duration":1},{"displayIndex":1,"transform":{},"z":0,"duration":1},{"displayIndex":2,"transform":{},"z":0,"duration":1},{"displayIndex":3,"transform":{},"z":0,"duration":1},{"displayIndex":4,"transform":{},"z":0,"duration":1},{"displayIndex":5,"transform":{},"z":0,"duration":1},{"displayIndex":6,"transform":{},"z":0,"duration":1},{"displayIndex":7,"transform":{},"z":0,"duration":1},{"displayIndex":8,"transform":{},"z":0,"duration":1},{"displayIndex":9,"transform":{},"z":0,"duration":1},{"displayIndex":10,"transform":{},"z":0,"duration":1},{"displayIndex":11,"transform":{},"z":0,"duration":1},{"displayIndex":12,"transform":{},"z":0,"duration":1},{"displayIndex":13,"transform":{},"z":0,"duration":1},{"displayIndex":14,"transform":{},"z":0,"duration":1},{"displayIndex":15,"transform":{},"z":0,"duration":1},{"displayIndex":16,"transform":{},"z":0,"duration":1},{"displayIndex":17,"transform":{},"z":0,"duration":1},{"displayIndex":18,"transform":{},"z":0,"duration":1},{"displayIndex":19,"transform":{},"z":0,"duration":1},{"displayIndex":20,"transform":{},"z":0,"duration":1},{"displayIndex":21,"transform":{},"z":0,"duration":1},{"displayIndex":22,"transform":{},"z":0,"duration":1},{"displayIndex":23,"transform":{},"z":0,"duration":1},{"displayIndex":24,"transform":{},"z":0,"duration":1},{"displayIndex":25,"transform":{},"z":0,"duration":1},{"displayIndex":26,"transform":{},"z":0,"duration":1},{"displayIndex":27,"transform":{},"z":0,"duration":1},{"displayIndex":28,"transform":{},"z":0,"duration":1},{"displayIndex":29,"transform":{},"z":0,"duration":1},{"displayIndex":30,"transform":{},"z":0,"duration":1},{"displayIndex":31,"transform":{},"z":0,"duration":1},{"displayIndex":32,"transform":{},"z":0,"duration":1},{"displayIndex":33,"transform":{},"z":0,"duration":1},{"displayIndex":34,"transform":{},"z":0,"duration":1},{"displayIndex":35,"transform":{},"z":0,"duration":1},{"displayIndex":36,"transform":{},"z":0,"duration":1},{"displayIndex":37,"transform":{},"z":0,"duration":1},{"displayIndex":38,"transform":{},"z":0,"duration":1},{"displayIndex":39,"transform":{},"z":0,"duration":1},{"displayIndex":40,"transform":{},"z":0,"duration":1},{"displayIndex":41,"transform":{},"z":0,"duration":1},{"displayIndex":42,"transform":{},"z":0,"duration":1},{"displayIndex":43,"transform":{},"z":0,"duration":1},{"displayIndex":44,"transform":{},"z":0,"duration":1},{"displayIndex":45,"transform":{},"z":0,"duration":1},{"displayIndex":46,"transform":{},"z":0,"duration":1},{"displayIndex":47,"transform":{},"z":0,"duration":1},{"displayIndex":48,"transform":{},"z":0,"duration":1},{"displayIndex":49,"transform":{},"z":0,"duration":1},{"displayIndex":50,"transform":{},"z":0,"duration":1},{"displayIndex":51,"transform":{},"z":0,"duration":1},{"displayIndex":52,"transform":{},"z":0,"duration":1},{"displayIndex":53,"transform":{},"z":0,"duration":1},{"displayIndex":54,"transform":{},"z":0,"duration":1},{"displayIndex":55,"transform":{},"z":0,"duration":1},{"displayIndex":56,"transform":{},"z":0,"duration":1},{"displayIndex":57,"transform":{},"z":0,"duration":1},{"displayIndex":58,"transform":{},"z":0,"duration":1},{"displayIndex":59,"transform":{},"z":0,"duration":1}]}],"autoTween":null,"name":"dir","duration":60,"tweenEasing":null}]}],"name":"unit7","isGlobal":0,"frameRate":30,"version":"3.0"}