{"imagePath":"texture.png","SubTexture":[{"name":"shadow","x":0,"width":20,"y":90,"height":20},{"name":"Shape/shape 2494","x":210,"width":33,"y":132,"height":40},{"name":"Shape/shape 2496","x":372,"width":33,"y":90,"height":40},{"name":"Shape/shape 2498","x":175,"width":33,"y":132,"height":40},{"name":"Shape/shape 2500","x":35,"width":33,"y":132,"height":40},{"name":"Shape/shape 2502","x":455,"width":33,"y":132,"height":40},{"name":"Shape/shape 2504","x":420,"width":33,"y":132,"height":40},{"name":"Shape/shape 2506","x":477,"width":33,"y":90,"height":40},{"name":"Shape/shape 2508","x":315,"width":33,"y":132,"height":40},{"name":"Shape/shape 2510","x":302,"width":33,"y":90,"height":40},{"name":"Shape/shape 2512","x":442,"width":33,"y":90,"height":40},{"name":"Shape/shape 2514","x":35,"width":33,"y":174,"height":40},{"name":"Shape/shape 2516","x":385,"width":33,"y":132,"height":40},{"name":"Shape/shape 2518","x":57,"width":33,"y":90,"height":40},{"name":"Shape/shape 2520","x":162,"width":33,"y":90,"height":40},{"name":"Shape/shape 2522","x":337,"width":33,"y":90,"height":40},{"name":"Shape/shape 2524","x":140,"width":33,"y":132,"height":40},{"name":"Shape/shape 2526","x":70,"width":33,"y":132,"height":40},{"name":"Shape/shape 2528","x":22,"width":33,"y":90,"height":40},{"name":"Shape/shape 2530","x":92,"width":33,"y":90,"height":40},{"name":"Shape/shape 2532","x":350,"width":33,"y":132,"height":40},{"name":"Shape/shape 2534","x":267,"width":33,"y":90,"height":40},{"name":"Shape/shape 2536","x":197,"width":33,"y":90,"height":40},{"name":"Shape/shape 2538","x":232,"width":33,"y":90,"height":40},{"name":"Shape/shape 2540","x":245,"width":33,"y":132,"height":40},{"name":"Shape/shape 2542","x":0,"width":33,"y":174,"height":40},{"name":"Shape/shape 2544","x":0,"width":33,"y":132,"height":40},{"name":"Shape/shape 2546","x":407,"width":33,"y":90,"height":40},{"name":"Shape/shape 2548","x":105,"width":33,"y":132,"height":40},{"name":"Shape/shape 2550","x":127,"width":33,"y":90,"height":40},{"name":"Shape/shape 2552","x":280,"width":33,"y":132,"height":40},{"name":"Shape/shape 2554","x":408,"width":32,"y":45,"height":43},{"name":"Shape/shape 2556","x":170,"width":32,"y":45,"height":43},{"name":"Shape/shape 2558","x":204,"width":32,"y":0,"height":43},{"name":"Shape/shape 2560","x":340,"width":32,"y":45,"height":43},{"name":"Shape/shape 2562","x":238,"width":32,"y":0,"height":43},{"name":"Shape/shape 2564","x":374,"width":32,"y":0,"height":43},{"name":"Shape/shape 2566","x":442,"width":32,"y":0,"height":43},{"name":"Shape/shape 2568","x":340,"width":32,"y":0,"height":43},{"name":"Shape/shape 2570","x":136,"width":32,"y":0,"height":43},{"name":"Shape/shape 2572","x":34,"width":32,"y":45,"height":43},{"name":"Shape/shape 2574","x":102,"width":32,"y":45,"height":43},{"name":"Shape/shape 2576","x":0,"width":32,"y":45,"height":43},{"name":"Shape/shape 2578","x":306,"width":32,"y":0,"height":43},{"name":"Shape/shape 2580","x":102,"width":32,"y":0,"height":43},{"name":"Shape/shape 2582","x":170,"width":32,"y":0,"height":43},{"name":"Shape/shape 2584","x":68,"width":32,"y":45,"height":43},{"name":"Shape/shape 2586","x":476,"width":32,"y":45,"height":43},{"name":"Shape/shape 2588","x":408,"width":32,"y":0,"height":43},{"name":"Shape/shape 2590","x":34,"width":32,"y":0,"height":43},{"name":"Shape/shape 2592","x":0,"width":32,"y":0,"height":43},{"name":"Shape/shape 2594","x":306,"width":32,"y":45,"height":43},{"name":"Shape/shape 2596","x":136,"width":32,"y":45,"height":43},{"name":"Shape/shape 2598","x":272,"width":32,"y":0,"height":43},{"name":"Shape/shape 2600","x":238,"width":32,"y":45,"height":43},{"name":"Shape/shape 2602","x":476,"width":32,"y":0,"height":43},{"name":"Shape/shape 2604","x":204,"width":32,"y":45,"height":43},{"name":"Shape/shape 2606","x":374,"width":32,"y":45,"height":43},{"name":"Shape/shape 2608","x":442,"width":32,"y":45,"height":43},{"name":"Shape/shape 2610","x":68,"width":32,"y":0,"height":43},{"name":"Shape/shape 2612","x":272,"width":32,"y":45,"height":43}],"name":"unit7"}