<root name="BuildTowerMenu_mc" isGlobal="0" frameRate="30" version="3.0">
 <armature name="BuildTowerMenu_mc">
  <skin name="default">
   <slot name="bg" z="0" parent="bg">
    <display name="Shape/shape 12119" type="image">
     <transform scX="1" x="0" scY="1" y="0" pX="15.25" pY="30" skX="0" skY="0"/>
    </display>
    <display name="Shape/shape 12123" type="image">
     <transform scX="1" x="0" scY="1" y="0" pX="16.95" pY="38.2" skX="0" skY="0"/>
    </display>
    <display name="Shape/shape 12125" type="image">
     <transform scX="1" x="0" scY="1" y="0" pX="17.95" pY="43.95" skX="0" skY="0"/>
    </display>
    <display name="Shape/shape 12127" type="image">
     <transform scX="1" x="0" scY="1" y="0" pX="18.95" pY="50.7" skX="0" skY="0"/>
    </display>
    <display name="Shape/shape 12129" type="image">
     <transform scX="1" x="0" scY="1" y="0" pX="20" pY="55" skX="0" skY="0"/>
    </display>
    <display name="Shape/shape 12131" type="image">
     <transform scX="1" x="0" scY="1" y="0" pX="20" pY="55" skX="0" skY="0"/>
    </display>
    <display name="Shape/shape 12133" type="image">
     <transform scX="1" x="0" scY="1" y="0" pX="20" pY="52.75" skX="0" skY="0"/>
    </display>
    <display name="Shape/shape 12135" type="image">
     <transform scX="1" x="0" scY="1" y="0" pX="15.9" pY="30.65" skX="0" skY="0"/>
    </display>
    <display name="Shape/shape 12137" type="image">
     <transform scX="1" x="0" scY="1" y="0" pX="16.5" pY="37.4" skX="0" skY="0"/>
    </display>
    <display name="Shape/shape 12139" type="image">
     <transform scX="1" x="0" scY="1" y="0" pX="17.7" pY="43.85" skX="0" skY="0"/>
    </display>
    <display name="Shape/shape 12141" type="image">
     <transform scX="1" x="0" scY="1" y="0" pX="18.7" pY="50.55" skX="0" skY="0"/>
    </display>
    <display name="Shape/shape 12143" type="image">
     <transform scX="1" x="0" scY="1" y="0" pX="20" pY="55" skX="0" skY="0"/>
    </display>
    <display name="Shape/shape 12145" type="image">
     <transform scX="1" x="0" scY="1" y="0" pX="20" pY="54.15" skX="0" skY="0"/>
    </display>
    <display name="Shape/shape 12147" type="image">
     <transform scX="1" x="0" scY="1" y="0" pX="20" pY="52.7" skX="0" skY="0"/>
    </display>
   </slot>
   <slot name="cont" z="1" parent="cont">
    <display name="cont" type="armature">
     <transform scX="1" x="0" skX="0" scY="1" y="0" skY="0"/>
    </display>
   </slot>
  </skin>
  <bone name="bg">
   <transform scX="1" x="0" skX="0" scY="1" y="0" skY="0"/>
  </bone>
  <bone name="cont">
   <transform scX="0.45" x="-0.15" skX="-10" scY="0.45" y="-3.55" skY="-10"/>
  </bone>
  <animation name="BuildTowerMenu_mc" scale="1" loop="1" autoTween="NaN" fadeInTime="0.3" duration="15" tweenEasing="NaN">
   <timeline pX="0" name="bg" pY="0" scale="1" offset="0">
    <frame z="0" duration="1">
     <transform scX="1" x="0" scY="1" y="0" pX="0" pY="0" skX="0" skY="0"/>
    </frame>
    <frame displayIndex="1" z="0" duration="1">
     <transform scX="1" x="0" scY="1" y="0" pX="0" pY="0" skX="0" skY="0"/>
    </frame>
    <frame displayIndex="2" z="0" duration="1">
     <transform scX="1" x="0" scY="1" y="0" pX="0" pY="0" skX="0" skY="0"/>
    </frame>
    <frame displayIndex="3" z="0" duration="1">
     <transform scX="1" x="0" scY="1" y="0" pX="0" pY="0" skX="0" skY="0"/>
    </frame>
    <frame displayIndex="4" z="0" duration="1">
     <transform scX="1" x="0" scY="1" y="0" pX="0" pY="0" skX="0" skY="0"/>
    </frame>
    <frame displayIndex="5" z="0" duration="1">
     <transform scX="1" x="0" scY="1" y="0" pX="0" pY="0" skX="0" skY="0"/>
    </frame>
    <frame displayIndex="6" z="0" duration="1">
     <transform scX="1" x="0" scY="1" y="0" pX="0" pY="0" skX="0" skY="0"/>
    </frame>
    <frame displayIndex="7" z="0" duration="1">
     <transform scX="1" x="0" scY="1" y="0" pX="0" pY="0" skX="0" skY="0"/>
    </frame>
    <frame displayIndex="8" z="0" duration="1">
     <transform scX="1" x="0" scY="1" y="0" pX="0" pY="0" skX="0" skY="0"/>
    </frame>
    <frame displayIndex="9" z="0" duration="1">
     <transform scX="1" x="0" scY="1" y="0" pX="0" pY="0" skX="0" skY="0"/>
    </frame>
    <frame displayIndex="10" z="0" duration="1">
     <transform scX="1" x="0" scY="1" y="0" pX="0" pY="0" skX="0" skY="0"/>
    </frame>
    <frame displayIndex="11" z="0" duration="1">
     <transform scX="1" x="0" scY="1" y="0" pX="0" pY="0" skX="0" skY="0"/>
    </frame>
    <frame displayIndex="12" z="0" duration="1">
     <transform scX="1" x="0" scY="1" y="0" pX="0" pY="0" skX="0" skY="0"/>
    </frame>
    <frame displayIndex="13" z="0" duration="1">
     <transform scX="1" x="0" scY="1" y="0" pX="0" pY="0" skX="0" skY="0"/>
    </frame>
    <frame displayIndex="13" z="0" duration="1">
     <transform scX="1" x="0" scY="1" y="0" pX="0" pY="0" skX="0" skY="0"/>
    </frame>
   </timeline>
   <timeline pX="0" name="cont" pY="0" scale="1" offset="0">
    <frame z="0" duration="3" tweenEasing="0">
     <transform scX="1" x="0" scY="1" y="0" pX="0" pY="0" skX="0" skY="0"/>
     <colorTransform bM="100" gO="0" bO="0" aM="10" rM="100" aO="0" gM="100" rO="0"/>
    </frame>
    <frame z="0" duration="1" tweenEasing="0">
     <transform scX="2.2222222222222223" x="0.15" scY="2.2222222222222223" y="6.4" pX="0" pY="0" skX="10" skY="10"/>
    </frame>
    <frame z="0" duration="2" tweenEasing="0">
     <transform scX="2.4444444444444446" x="-2.1" scY="2.4444444444444446" y="5.949999999999999" pX="0" pY="0" skX="16.33" skY="12.3"/>
    </frame>
    <frame z="0" duration="1">
     <transform scX="2.2222222222222223" x="0.2" scY="2.2222222222222223" y="3.55" pX="0" pY="0" skX="10" skY="10"/>
    </frame>
    <frame z="0" duration="3" tweenEasing="0">
     <transform scX="1" x="0" scY="1" y="0" pX="0" pY="0" skX="0" skY="0"/>
     <colorTransform bM="100" gO="0" bO="0" aM="10" rM="100" aO="0" gM="100" rO="0"/>
    </frame>
    <frame z="0" duration="1" tweenEasing="0">
     <transform scX="2.2222222222222223" x="0.15" scY="2.2222222222222223" y="6.4" pX="0" pY="0" skX="10" skY="10"/>
    </frame>
    <frame z="0" duration="2" tweenEasing="0">
     <transform scX="2.4444444444444446" x="-2.1" scY="2.4444444444444446" y="5.949999999999999" pX="0" pY="0" skX="16.33" skY="12.3"/>
    </frame>
    <frame z="0" duration="1">
     <transform scX="2.2222222222222223" x="0.2" scY="2.2222222222222223" y="3.55" pX="0" pY="0" skX="10" skY="10"/>
    </frame>
    <frame z="0" duration="1">
     <transform scX="2.2222222222222223" x="0.2" scY="2.2222222222222223" y="3.55" pX="0" pY="0" skX="10" skY="10"/>
    </frame>
   </timeline>
   <frame duration="14"/>
   <frame duration="1"/>
  </animation>
 </armature>
 <armature name="cont">
  <skin name="default">
   <slot name="costTXT" z="0" parent="costTXT">
    <display name="case" type="image">
     <transform scX="1" x="0" scY="1" y="0" pX="25" pY="25" skX="0" skY="0"/>
    </display>
   </slot>
   <slot name="buildTowerMenuCase" z="1" parent="buildTowerMenuCase">
    <display name="case" type="image">
     <transform scX="1" x="0" scY="1" y="0" pX="25" pY="25" skX="0" skY="0"/>
    </display>
   </slot>
  </skin>
  <bone name="costTXT">
   <transform scX="0.4" x="2.5" skX="0" scY="0.4" y="-40" skY="0"/>
  </bone>
  <bone name="buildTowerMenuCase">
   <transform scX="0.81" x="-0.1" skX="0" scY="1.06" y="-26.15" skY="0"/>
  </bone>
  <animation fadeInTime="0.3" scale="5" loop="0" autoTween="NaN" name="cont" duration="2" tweenEasing="2">
   <timeline pX="0" name="costTXT" pY="0" scale="1" offset="0">
    <frame z="0" duration="1">
     <transform scX="1" x="0" scY="1" y="0" pX="0" pY="0" skX="0" skY="0"/>
    </frame>
    <frame displayIndex="-1" duration="1"/>
   </timeline>
   <timeline pX="0" name="buildTowerMenuCase" pY="0" scale="1" offset="0">
    <frame z="0" duration="1">
     <transform scX="1" x="0" scY="1" y="0" pX="0" pY="0" skX="0" skY="0"/>
    </frame>
    <frame z="0" duration="1">
     <transform scX="1" x="0" scY="1" y="0" pX="0" pY="0" skX="0" skY="0"/>
    </frame>
   </timeline>
  </animation>
 </armature>
</root>