<root name="Tower7_mc" isGlobal="0" frameRate="30" version="3.0">
 <armature name="Tower7_mc">
  <skin name="default">
   <slot name="Layer 1" z="0" parent="Layer 1">
    <display name="Shape/shape 8396" type="image">
     <transform x="0" pX="41" pY="10" skX="0" skY="0" scX="1" y="0" scY="1"/>
    </display>
   </slot>
   <slot name="upgr1_4" z="1" parent="upgr1_4">
    <display name="BulletTower71_mc" type="image">
     <transform x="0" pX="25" pY="25" skX="0" skY="0" scX="1" y="0" scY="1"/>
    </display>
   </slot>
   <slot name="upgr1_3" z="2" parent="upgr1_3">
    <display name="BulletTower71_mc" type="image">
     <transform x="0" pX="25" pY="25" skX="0" skY="0" scX="1" y="0" scY="1"/>
    </display>
   </slot>
   <slot name="round4" z="3" parent="round4">
    <display name="round" type="armature">
     <transform scY="1" skY="0" x="0" scX="1" skX="0" y="0"/>
    </display>
   </slot>
   <slot name="round2" z="4" parent="round2">
    <display name="round" type="armature">
     <transform scY="1" skY="0" x="0" scX="1" skX="0" y="0"/>
    </display>
   </slot>
   <slot name="cont1" z="5" parent="cont1">
    <display name="cont1" type="armature">
     <transform scY="1" skY="0" x="0" scX="1" skX="0" y="0"/>
    </display>
   </slot>
   <slot name="cont2" z="6" parent="cont2">
    <display name="cont2" type="armature">
     <transform scY="1" skY="0" x="0" scX="1" skX="0" y="0"/>
    </display>
   </slot>
   <slot name="cont3" z="7" parent="cont3">
    <display name="cont3" type="armature">
     <transform scY="1" skY="0" x="0" scX="1" skX="0" y="0"/>
    </display>
   </slot>
   <slot name="boneBlock" z="8" parent="boneBlock">
    <display name="boneBlock" type="image">
     <transform x="0" pX="25" pY="25" skX="0" skY="0" scX="1" y="0" scY="1"/>
    </display>
   </slot>
   <slot name="upgr1_8" z="9" parent="upgr1_8">
    <display name="BulletTower71_mc" type="image">
     <transform x="0" pX="25" pY="25" skX="0" skY="0" scX="1" y="0" scY="1"/>
    </display>
   </slot>
   <slot name="upgr1_7" z="10" parent="upgr1_7">
    <display name="BulletTower71_mc" type="image">
     <transform x="0" pX="25" pY="25" skX="0" skY="0" scX="1" y="0" scY="1"/>
    </display>
   </slot>
   <slot name="upgr1_6" z="11" parent="upgr1_6">
    <display name="BulletTower71_mc" type="image">
     <transform x="0" pX="25" pY="25" skX="0" skY="0" scX="1" y="0" scY="1"/>
    </display>
   </slot>
   <slot name="upgr1_5" z="12" parent="upgr1_5">
    <display name="BulletTower71_mc" type="image">
     <transform x="0" pX="25" pY="25" skX="0" skY="0" scX="1" y="0" scY="1"/>
    </display>
   </slot>
   <slot name="upgr1_2" z="13" parent="upgr1_2">
    <display name="BulletTower71_mc" type="image">
     <transform x="0" pX="25" pY="25" skX="0" skY="0" scX="1" y="0" scY="1"/>
    </display>
   </slot>
   <slot name="upgr1_1" z="14" parent="upgr1_1">
    <display name="BulletTower71_mc" type="image">
     <transform x="0" pX="25" pY="25" skX="0" skY="0" scX="1" y="0" scY="1"/>
    </display>
   </slot>
   <slot name="round3" z="15" parent="round3">
    <display name="round" type="armature">
     <transform scY="1" skY="0" x="0" scX="1" skX="0" y="0"/>
    </display>
   </slot>
   <slot name="round1" z="16" parent="round1">
    <display name="round" type="armature">
     <transform scY="1" skY="0" x="0" scX="1" skX="0" y="0"/>
    </display>
   </slot>
   <slot name="blockTower" z="17" parent="blockTower">
    <display name="blockTower" type="image">
     <transform x="0" pX="25" pY="25" skX="0" skY="0" scX="1" y="0" scY="1"/>
    </display>
   </slot>
   <slot name="towerCase" z="18" parent="towerCase">
    <display name="case" type="image">
     <transform x="0" pX="25" pY="25" skX="0" skY="0" scX="1" y="0" scY="1"/>
    </display>
   </slot>
  </skin>
  <bone name="upgr1_8">
   <transform y="-91" skY="-105" x="61" scX="-1" skX="-105" scY="1"/>
  </bone>
  <bone name="upgr1_4">
   <transform y="-54" skY="165" x="-44" scX="-1" skX="165" scY="1"/>
  </bone>
  <bone name="upgr1_3">
   <transform y="-54" skY="-165" x="43" scX="1" skX="-165" scY="1"/>
  </bone>
  <bone name="round4">
   <transform y="-29.35" skY="64.18" x="-33.7" scX="-1.15" skX="64.18" scY="1.15"/>
  </bone>
  <bone name="round2">
   <transform y="-26.95" skY="-46.64" x="36.2" scX="1.15" skX="-46.64" scY="1.15"/>
  </bone>
  <bone name="cont1">
   <transform y="-27" skY="0" x="2" scX="1" skX="0" scY="1"/>
  </bone>
  <bone name="cont2">
   <transform y="-20" skY="0" x="2" scX="1" skX="0" scY="1"/>
  </bone>
  <bone name="cont3">
   <transform y="-20" skY="0" x="2" scX="1" skX="0" scY="1"/>
  </bone>
  <bone name="boneBlock">
   <transform y="3" skY="0" x="-3" scX="0.76" skX="0" scY="0.76"/>
  </bone>
  <bone name="Layer 1">
   <transform y="0" skY="0" x="0" scX="1" skX="0" scY="1"/>
  </bone>
  <bone name="upgr1_7">
   <transform y="36" skY="-75" x="63" scX="1" skX="-75" scY="1"/>
  </bone>
  <bone name="upgr1_6">
   <transform y="-92" skY="105" x="-68" scX="1" skX="105" scY="1"/>
  </bone>
  <bone name="upgr1_5">
   <transform y="37" skY="75" x="-62" scX="-1" skX="75" scY="1"/>
  </bone>
  <bone name="upgr1_2">
   <transform y="30" skY="-14.78" x="43" scX="-1" skX="-14.78" scY="1"/>
  </bone>
  <bone name="upgr1_1">
   <transform y="30" skY="15" x="-40" scX="1" skX="15" scY="1"/>
  </bone>
  <bone name="round3">
   <transform y="-25.8" skY="44.36" x="-35.25" scX="-1.15" skX="44.36" scY="1.15"/>
  </bone>
  <bone name="round1">
   <transform y="-26.1" skY="-40.84" x="36.25" scX="1.15" skX="-40.84" scY="1.15"/>
  </bone>
  <bone name="blockTower">
   <transform y="-16" skY="0" x="1" scX="0.91" skX="0" scY="0.91"/>
  </bone>
  <bone name="towerCase">
   <transform y="-15" skY="0" x="0" scX="0.99" skX="0" scY="1.18"/>
  </bone>
  <animation name="Tower7_mc" scale="1" loop="1" duration="17" autoTween="NaN" fadeInTime="0.3" tweenEasing="NaN">
   <timeline name="Layer 1" scale="1" pX="0" pY="0" offset="0">
    <frame z="0" duration="16">
     <transform x="0" pX="0" pY="0" skX="0" skY="0" scX="1" y="0" scY="1"/>
    </frame>
    <frame z="0" duration="1">
     <transform x="0" pX="0" pY="0" skX="0" skY="0" scX="1" y="0" scY="1"/>
    </frame>
   </timeline>
   <timeline name="upgr1_4" scale="1" pX="0" pY="0" offset="0">
    <frame z="0" duration="16">
     <transform x="0" pX="0" pY="0" skX="0" skY="0" scX="1" y="0" scY="1"/>
    </frame>
    <frame z="0" duration="1">
     <transform x="0" pX="0" pY="0" skX="0" skY="0" scX="1" y="0" scY="1"/>
    </frame>
   </timeline>
   <timeline name="upgr1_3" scale="1" pX="0" pY="0" offset="0">
    <frame z="0" duration="16">
     <transform x="0" pX="0" pY="0" skX="0" skY="0" scX="1" y="0" scY="1"/>
    </frame>
    <frame z="0" duration="1">
     <transform x="0" pX="0" pY="0" skX="0" skY="0" scX="1" y="0" scY="1"/>
    </frame>
   </timeline>
   <timeline name="round4" scale="1" pX="0" pY="0" offset="0">
    <frame z="0" duration="1" tweenEasing="0">
     <transform x="0" pX="0" pY="0" skX="0" skY="0" scX="1" y="0" scY="1"/>
    </frame>
    <frame z="0" duration="1" tweenEasing="0">
     <transform x="4.100000000000001" pX="0" pY="0" skX="-49.400000000000006" skY="-49.400000000000006" scX="1" y="8.55" scY="1"/>
    </frame>
    <frame z="0" duration="1" tweenEasing="0">
     <transform x="11.450000000000003" pX="0" pY="0" skX="-66.7" skY="-66.7" scX="1" y="16.35" scY="1"/>
    </frame>
    <frame z="0" duration="2" tweenEasing="0">
     <transform x="23.300000000000004" pX="0" pY="0" skX="-78.7" skY="-78.7" scX="1" y="20.3" scY="1"/>
    </frame>
    <frame z="0" duration="1" tweenEasing="0">
     <transform x="45.6" pX="0" pY="0" skX="-97.77000000000001" skY="-97.77000000000001" scX="1" y="17.1" scY="1"/>
    </frame>
    <frame z="0" duration="1" tweenEasing="0">
     <transform x="55.25" pX="0" pY="0" skX="-111.79" skY="-111.79" scX="1" y="12.650000000000002" scY="1"/>
    </frame>
    <frame z="0" duration="1" tweenEasing="0">
     <transform x="63" pX="0" pY="0" skX="-143.89" skY="-143.89" scX="1" y="6.650000000000002" scY="1"/>
    </frame>
    <frame z="0" duration="1" tweenEasing="0">
     <transform x="67.30000000000001" pX="0" pY="0" skX="-207.34000000000003" skY="-207.34000000000003" scX="1" y="-0.3999999999999986" scY="1"/>
    </frame>
    <frame z="0" duration="1" tweenEasing="0">
     <transform x="62.7" pX="0" pY="0" skX="-238.62" skY="-238.62" scX="1" y="-11.549999999999997" scY="1"/>
    </frame>
    <frame z="0" duration="1" tweenEasing="0">
     <transform x="50.85" pX="0" pY="0" skX="-252.48000000000002" skY="-252.48000000000002" scX="1" y="-14.149999999999999" scY="1"/>
    </frame>
    <frame z="0" duration="2" tweenEasing="0">
     <transform x="39.650000000000006" pX="0" pY="0" skX="-262.74" skY="-262.74" scX="1" y="-14.399999999999999" scY="1"/>
    </frame>
    <frame z="0" duration="1" tweenEasing="0">
     <transform x="17.700000000000003" pX="0" pY="0" skX="-283.51" skY="-283.51" scX="1" y="-11.899999999999999" scY="1"/>
    </frame>
    <frame z="0" duration="1" tweenEasing="0">
     <transform x="7.950000000000003" pX="0" pY="0" skX="-301.36" skY="-301.36" scX="1" y="-7.25" scY="1"/>
    </frame>
    <frame z="0" duration="1">
     <transform x="0.30000000000000426" pX="0" pY="0" skX="-351.46000000000004" skY="-351.46000000000004" scX="1" y="-1.0499999999999972" scY="1"/>
    </frame>
    <frame z="0" duration="1">
     <transform x="0.30000000000000426" pX="0" pY="0" skX="-351.46000000000004" skY="-351.46000000000004" scX="1" y="-1.0499999999999972" scY="1"/>
    </frame>
   </timeline>
   <timeline name="round2" scale="1" pX="0" pY="0" offset="0">
    <frame z="0" duration="1" tweenEasing="0">
     <transform x="0" pX="0" pY="0" skX="0" skY="0" scX="1" y="0" scY="1"/>
    </frame>
    <frame z="0" duration="1" tweenEasing="0">
     <transform x="-6.600000000000001" pX="0" pY="0" skX="49.160000000000004" skY="49.160000000000004" scX="1" y="8.75" scY="1"/>
    </frame>
    <frame z="0" duration="1" tweenEasing="0">
     <transform x="-15.550000000000004" pX="0" pY="0" skX="66.67" skY="66.67" scX="1" y="15.6" scY="1"/>
    </frame>
    <frame z="0" duration="2" tweenEasing="0">
     <transform x="-27.1" pX="0" pY="0" skX="78.49000000000001" skY="78.49000000000001" scX="1" y="18.85" scY="1"/>
    </frame>
    <frame z="0" duration="1" tweenEasing="0">
     <transform x="-49.75" pX="0" pY="0" skX="97.77000000000001" skY="97.77000000000001" scX="1" y="15.85" scY="1"/>
    </frame>
    <frame z="0" duration="1" tweenEasing="0">
     <transform x="-59.6" pX="0" pY="0" skX="111.59" skY="111.59" scX="1" y="10.8" scY="1"/>
    </frame>
    <frame z="0" duration="1" tweenEasing="0">
     <transform x="-66.7" pX="0" pY="0" skX="143.65" skY="143.65" scX="1" y="3.6499999999999986" scY="1"/>
    </frame>
    <frame z="0" duration="1" tweenEasing="0">
     <transform x="-69" pX="0" pY="0" skX="207.32999999999996" skY="207.32999999999996" scX="1" y="-5.400000000000002" scY="1"/>
    </frame>
    <frame z="0" duration="1" tweenEasing="0">
     <transform x="-62" pX="0" pY="0" skX="238.20000000000002" skY="238.20000000000002" scX="1" y="-13.95" scY="1"/>
    </frame>
    <frame z="0" duration="1" tweenEasing="0">
     <transform x="-50.7" pX="0" pY="0" skX="252.46" skY="252.46" scX="1" y="-17.000000000000004" scY="1"/>
    </frame>
    <frame z="0" duration="2" tweenEasing="0">
     <transform x="-39.35" pX="0" pY="0" skX="262.73" skY="262.73" scX="1" y="-18.099999999999998" scY="1"/>
    </frame>
    <frame z="0" duration="1" tweenEasing="0">
     <transform x="-16.800000000000004" pX="0" pY="0" skX="283.32" skY="283.32" scX="1" y="-15.2" scY="1"/>
    </frame>
    <frame z="0" duration="1" tweenEasing="0">
     <transform x="-7.300000000000004" pX="0" pY="0" skX="301.34999999999997" skY="301.34999999999997" scX="1" y="-9.500000000000004" scY="1"/>
    </frame>
    <frame z="0" duration="1">
     <transform x="-0.05000000000000426" pX="0" pY="0" skX="351.39" skY="351.39" scX="1" y="-1.3500000000000014" scY="1"/>
    </frame>
    <frame z="0" duration="1">
     <transform x="-0.05000000000000426" pX="0" pY="0" skX="351.39" skY="351.39" scX="1" y="-1.3500000000000014" scY="1"/>
    </frame>
   </timeline>
   <timeline name="cont1" scale="1" pX="0" pY="0" offset="0">
    <frame z="0" duration="16">
     <transform x="0" pX="0" pY="0" skX="0" skY="0" scX="1" y="0" scY="1"/>
    </frame>
    <frame z="0" duration="1">
     <transform x="0" pX="0" pY="0" skX="0" skY="0" scX="1" y="0" scY="1"/>
    </frame>
   </timeline>
   <timeline name="cont2" scale="1" pX="0" pY="0" offset="0">
    <frame z="0" duration="16">
     <transform x="0" pX="0" pY="0" skX="0" skY="0" scX="1" y="0" scY="1"/>
    </frame>
    <frame z="0" duration="1">
     <transform x="0" pX="0" pY="0" skX="0" skY="0" scX="1" y="0" scY="1"/>
    </frame>
   </timeline>
   <timeline name="cont3" scale="1" pX="0" pY="0" offset="0">
    <frame z="0" duration="16">
     <transform x="0" pX="0" pY="0" skX="0" skY="0" scX="1" y="0" scY="1"/>
    </frame>
    <frame z="0" duration="1">
     <transform x="0" pX="0" pY="0" skX="0" skY="0" scX="1" y="0" scY="1"/>
    </frame>
   </timeline>
   <timeline name="boneBlock" scale="1" pX="0" pY="0" offset="0">
    <frame z="0" duration="16">
     <transform x="0" pX="0" pY="0" skX="0" skY="0" scX="1" y="0" scY="1"/>
    </frame>
    <frame z="0" duration="1">
     <transform x="0" pX="0" pY="0" skX="0" skY="0" scX="1" y="0" scY="1"/>
    </frame>
   </timeline>
   <timeline name="upgr1_8" scale="1" pX="0" pY="0" offset="0">
    <frame z="0" duration="16">
     <transform x="0" pX="0" pY="0" skX="0" skY="0" scX="1" y="0" scY="1"/>
    </frame>
    <frame z="0" duration="1">
     <transform x="0" pX="0" pY="0" skX="0" skY="0" scX="1" y="0" scY="1"/>
    </frame>
   </timeline>
   <timeline name="upgr1_7" scale="1" pX="0" pY="0" offset="0">
    <frame z="0" duration="16">
     <transform x="0" pX="0" pY="0" skX="0" skY="0" scX="1" y="0" scY="1"/>
    </frame>
    <frame z="0" duration="1">
     <transform x="0" pX="0" pY="0" skX="0" skY="0" scX="1" y="0" scY="1"/>
    </frame>
   </timeline>
   <timeline name="upgr1_6" scale="1" pX="0" pY="0" offset="0">
    <frame z="0" duration="16">
     <transform x="0" pX="0" pY="0" skX="0" skY="0" scX="1" y="0" scY="1"/>
    </frame>
    <frame z="0" duration="1">
     <transform x="0" pX="0" pY="0" skX="0" skY="0" scX="1" y="0" scY="1"/>
    </frame>
   </timeline>
   <timeline name="upgr1_5" scale="1" pX="0" pY="0" offset="0">
    <frame z="0" duration="16">
     <transform x="0" pX="0" pY="0" skX="0" skY="0" scX="1" y="0" scY="1"/>
    </frame>
    <frame z="0" duration="1">
     <transform x="0" pX="0" pY="0" skX="0" skY="0" scX="1" y="0" scY="1"/>
    </frame>
   </timeline>
   <timeline name="upgr1_2" scale="1" pX="0" pY="0" offset="0">
    <frame z="0" duration="16">
     <transform x="0" pX="0" pY="0" skX="0" skY="0" scX="1" y="0" scY="1"/>
    </frame>
    <frame z="0" duration="1">
     <transform x="0" pX="0" pY="0" skX="0" skY="0" scX="1" y="0" scY="1"/>
    </frame>
   </timeline>
   <timeline name="upgr1_1" scale="1" pX="0" pY="0" offset="0">
    <frame z="0" duration="16">
     <transform x="0" pX="0" pY="0" skX="0" skY="0" scX="1" y="0" scY="1"/>
    </frame>
    <frame z="0" duration="1">
     <transform x="0" pX="0" pY="0" skX="0" skY="0" scX="1" y="0" scY="1"/>
    </frame>
   </timeline>
   <timeline name="round3" scale="1" pX="0" pY="0" offset="0">
    <frame z="0" duration="1" tweenEasing="0">
     <transform x="0" pX="0" pY="0" skX="0" skY="0" scX="1" y="0" scY="1"/>
    </frame>
    <frame z="0" duration="1" tweenEasing="0">
     <transform x="7.199999999999999" pX="0" pY="0" skX="-49.16" skY="-49.16" scX="1" y="8.2" scY="1"/>
    </frame>
    <frame z="0" duration="1" tweenEasing="0">
     <transform x="16.6" pX="0" pY="0" skX="-66.67" skY="-66.67" scX="1" y="14.700000000000001" scY="1"/>
    </frame>
    <frame z="0" duration="2" tweenEasing="0">
     <transform x="27.95" pX="0" pY="0" skX="-78.68" skY="-78.68" scX="1" y="17.6" scY="1"/>
    </frame>
    <frame z="0" duration="1" tweenEasing="0">
     <transform x="50.55" pX="0" pY="0" skX="-97.77" skY="-97.77" scX="1" y="14.3" scY="1"/>
    </frame>
    <frame z="0" duration="1" tweenEasing="0">
     <transform x="60.2" pX="0" pY="0" skX="-111.78" skY="-111.78" scX="1" y="9.100000000000001" scY="1"/>
    </frame>
    <frame z="0" duration="1" tweenEasing="0">
     <transform x="66.9" pX="0" pY="0" skX="-143.65" skY="-143.65" scX="1" y="1.75" scY="1"/>
    </frame>
    <frame z="0" duration="1" tweenEasing="0">
     <transform x="68.35" pX="0" pY="0" skX="-207.31999999999996" skY="-207.31999999999996" scX="1" y="-7.2499999999999964" scY="1"/>
    </frame>
    <frame z="0" duration="1" tweenEasing="0">
     <transform x="60.75" pX="0" pY="0" skX="-238.38000000000002" skY="-238.38000000000002" scX="1" y="-15.349999999999998" scY="1"/>
    </frame>
    <frame z="0" duration="2" tweenEasing="0">
     <transform x="49.45" pX="0" pY="0" skX="-252.46" skY="-252.46" scX="1" y="-18.2" scY="1"/>
    </frame>
    <frame z="0" duration="1" tweenEasing="0">
     <transform x="26.65" pX="0" pY="0" skX="-271.51" skY="-271.51" scX="1" y="-18.749999999999996" scY="1"/>
    </frame>
    <frame z="0" duration="1" tweenEasing="0">
     <transform x="15.55" pX="0" pY="0" skX="-283.51" skY="-283.51" scX="1" y="-15.95" scY="1"/>
    </frame>
    <frame z="0" duration="1" tweenEasing="0">
     <transform x="6.399999999999999" pX="0" pY="0" skX="-301.35" skY="-301.35" scX="1" y="-9.900000000000002" scY="1"/>
    </frame>
    <frame z="0" duration="1">
     <transform x="-0.14999999999999858" pX="0" pY="0" skX="-351.45" skY="-351.45" scX="1" y="-1.3000000000000007" scY="1"/>
    </frame>
    <frame z="0" duration="1">
     <transform x="-0.14999999999999858" pX="0" pY="0" skX="-351.45" skY="-351.45" scX="1" y="-1.3000000000000007" scY="1"/>
    </frame>
   </timeline>
   <timeline name="round1" scale="1" pX="0" pY="0" offset="0">
    <frame z="0" duration="1" tweenEasing="0">
     <transform x="0" pX="0" pY="0" skX="0" skY="0" scX="1" y="0" scY="1"/>
    </frame>
    <frame z="0" duration="1" tweenEasing="0">
     <transform x="-7.800000000000001" pX="0" pY="0" skX="49.150000000000006" skY="49.150000000000006" scX="1" y="7.300000000000001" scY="1"/>
    </frame>
    <frame z="0" duration="1" tweenEasing="0">
     <transform x="-17.65" pX="0" pY="0" skX="66.67" skY="66.67" scX="1" y="12.55" scY="1"/>
    </frame>
    <frame z="0" duration="2" tweenEasing="0">
     <transform x="-28.2" pX="0" pY="0" skX="78.69" skY="78.69" scX="1" y="16.150000000000002" scY="1"/>
    </frame>
    <frame z="0" duration="1" tweenEasing="0">
     <transform x="-51.3" pX="0" pY="0" skX="97.78" skY="97.78" scX="1" y="17.400000000000002" scY="1"/>
    </frame>
    <frame z="0" duration="1" tweenEasing="0">
     <transform x="-62.95" pX="0" pY="0" skX="111.78" skY="111.78" scX="1" y="13.150000000000002" scY="1"/>
    </frame>
    <frame z="0" duration="1" tweenEasing="0">
     <transform x="-70.35" pX="0" pY="0" skX="143.65" skY="143.65" scX="1" y="3.8500000000000014" scY="1"/>
    </frame>
    <frame z="0" duration="1" tweenEasing="0">
     <transform x="-70.2" pX="0" pY="0" skX="207.31999999999996" skY="207.31999999999996" scX="1" y="-7.549999999999997" scY="1"/>
    </frame>
    <frame z="0" duration="1" tweenEasing="0">
     <transform x="-60.8" pX="0" pY="0" skX="238.38000000000002" skY="238.38000000000002" scX="1" y="-14.600000000000001" scY="1"/>
    </frame>
    <frame z="0" duration="2" tweenEasing="0">
     <transform x="-49.7" pX="0" pY="0" skX="252.65" skY="252.65" scX="1" y="-17.799999999999997" scY="1"/>
    </frame>
    <frame z="0" duration="1" tweenEasing="0">
     <transform x="-27.25" pX="0" pY="0" skX="271.51" skY="271.51" scX="1" y="-17.4" scY="1"/>
    </frame>
    <frame z="0" duration="1" tweenEasing="0">
     <transform x="-16.4" pX="0" pY="0" skX="283.51" skY="283.51" scX="1" y="-14.449999999999996" scY="1"/>
    </frame>
    <frame z="0" duration="1" tweenEasing="0">
     <transform x="-6.850000000000001" pX="0" pY="0" skX="301.53" skY="301.53" scX="1" y="-9.199999999999996" scY="1"/>
    </frame>
    <frame z="0" duration="1">
     <transform x="0.10000000000000142" pX="0" pY="0" skX="351.46" skY="351.46" scX="1" y="-1.25" scY="1"/>
    </frame>
    <frame z="0" duration="1">
     <transform x="0.10000000000000142" pX="0" pY="0" skX="351.46" skY="351.46" scX="1" y="-1.25" scY="1"/>
    </frame>
   </timeline>
   <timeline name="blockTower" scale="1" pX="0" pY="0" offset="0">
    <frame z="0" duration="16">
     <transform x="0" pX="0" pY="0" skX="0" skY="0" scX="1" y="0" scY="1"/>
    </frame>
    <frame z="0" duration="1">
     <transform x="0" pX="0" pY="0" skX="0" skY="0" scX="1" y="0" scY="1"/>
    </frame>
   </timeline>
   <timeline name="towerCase" scale="1" pX="0" pY="0" offset="0">
    <frame z="0" duration="16">
     <transform x="0" pX="0" pY="0" skX="0" skY="0" scX="1" y="0" scY="1"/>
    </frame>
    <frame z="0" duration="1">
     <transform x="0" pX="0" pY="0" skX="0" skY="0" scX="1" y="0" scY="1"/>
    </frame>
   </timeline>
  </animation>
 </armature>
 <armature name="round">
  <skin name="default">
   <slot name="cont" z="0" parent="cont">
    <display name="Shape/shape 8419" type="image">
     <transform x="0" pX="17.35" pY="16.75" skX="0" skY="0" scX="1" y="0" scY="1"/>
    </display>
    <display name="Shape/shape 8421" type="image">
     <transform x="0" pX="17.35" pY="16.75" skX="0" skY="0" scX="1" y="0" scY="1"/>
    </display>
    <display name="Shape/shape 8423" type="image">
     <transform x="0" pX="17.35" pY="16.75" skX="0" skY="0" scX="1" y="0" scY="1"/>
    </display>
    <display name="Shape/shape 8425" type="image">
     <transform x="0" pX="17.35" pY="16.75" skX="0" skY="0" scX="1" y="0" scY="1"/>
    </display>
    <display name="Shape/shape 8427" type="image">
     <transform x="0" pX="17.35" pY="16.75" skX="0" skY="0" scX="1" y="0" scY="1"/>
    </display>
    <display name="Shape/shape 8429" type="image">
     <transform x="0" pX="17.35" pY="16.75" skX="0" skY="0" scX="1" y="0" scY="1"/>
    </display>
   </slot>
  </skin>
  <bone name="cont">
   <transform y="0" skY="0" x="0" scX="1" skX="0" scY="1"/>
  </bone>
  <animation name="round" scale="1" loop="1" duration="13" autoTween="NaN" fadeInTime="0.3" tweenEasing="NaN">
   <timeline name="cont" scale="1" pX="0" pY="0" offset="0">
    <frame z="0" duration="2">
     <transform x="0" pX="0" pY="0" skX="0" skY="0" scX="1" y="0" scY="1"/>
    </frame>
    <frame displayIndex="1" z="0" duration="2">
     <transform x="0" pX="0" pY="0" skX="0" skY="0" scX="1" y="0" scY="1"/>
    </frame>
    <frame displayIndex="2" z="0" duration="2">
     <transform x="0" pX="0" pY="0" skX="0" skY="0" scX="1" y="0" scY="1"/>
    </frame>
    <frame displayIndex="3" z="0" duration="2">
     <transform x="0" pX="0" pY="0" skX="0" skY="0" scX="1" y="0" scY="1"/>
    </frame>
    <frame displayIndex="4" z="0" duration="2">
     <transform x="0" pX="0" pY="0" skX="0" skY="0" scX="1" y="0" scY="1"/>
    </frame>
    <frame displayIndex="5" z="0" duration="2">
     <transform x="0" pX="0" pY="0" skX="0" skY="0" scX="1" y="0" scY="1"/>
    </frame>
    <frame displayIndex="5" z="0" duration="1">
     <transform x="0" pX="0" pY="0" skX="0" skY="0" scX="1" y="0" scY="1"/>
    </frame>
   </timeline>
  </animation>
 </armature>
 <armature name="cont1">
  <skin name="default">
   <slot name="Layer 1" z="0" parent="Layer 1">
    <display name="Shape/shape 4843" type="image">
     <transform x="0" pX="24" pY="31" skX="0" skY="0" scX="1" y="0" scY="1"/>
    </display>
    <display name="Shape/shape 4849" type="image">
     <transform x="0" pX="24" pY="31" skX="0" skY="0" scX="1" y="0" scY="1"/>
    </display>
    <display name="Shape/shape 4855" type="image">
     <transform x="0" pX="24" pY="31" skX="0" skY="0" scX="1" y="0" scY="1"/>
    </display>
    <display name="Shape/shape 4861" type="image">
     <transform x="0" pX="24" pY="31" skX="0" skY="0" scX="1" y="0" scY="1"/>
    </display>
    <display name="Shape/shape 4867" type="image">
     <transform x="0" pX="24" pY="31" skX="0" skY="0" scX="1" y="0" scY="1"/>
    </display>
    <display name="Shape/shape 4873" type="image">
     <transform x="0" pX="24" pY="31" skX="0" skY="0" scX="1" y="0" scY="1"/>
    </display>
    <display name="Shape/shape 4879" type="image">
     <transform x="0" pX="24" pY="31" skX="0" skY="0" scX="1" y="0" scY="1"/>
    </display>
    <display name="Shape/shape 4885" type="image">
     <transform x="0" pX="24" pY="31" skX="0" skY="0" scX="1" y="0" scY="1"/>
    </display>
    <display name="Shape/shape 4891" type="image">
     <transform x="0" pX="24" pY="31" skX="0" skY="0" scX="1" y="0" scY="1"/>
    </display>
    <display name="Shape/shape 4897" type="image">
     <transform x="0" pX="24" pY="31" skX="0" skY="0" scX="1" y="0" scY="1"/>
    </display>
    <display name="Shape/shape 4903" type="image">
     <transform x="0" pX="24" pY="31" skX="0" skY="0" scX="1" y="0" scY="1"/>
    </display>
    <display name="Shape/shape 4909" type="image">
     <transform x="0" pX="24" pY="31" skX="0" skY="0" scX="1" y="0" scY="1"/>
    </display>
    <display name="Shape/shape 4915" type="image">
     <transform x="0" pX="24" pY="31" skX="0" skY="0" scX="1" y="0" scY="1"/>
    </display>
    <display name="Shape/shape 4921" type="image">
     <transform x="0" pX="24" pY="31" skX="0" skY="0" scX="1" y="0" scY="1"/>
    </display>
    <display name="Shape/shape 4927" type="image">
     <transform x="0" pX="24" pY="31" skX="0" skY="0" scX="1" y="0" scY="1"/>
    </display>
    <display name="Shape/shape 4933" type="image">
     <transform x="0" pX="24" pY="31" skX="0" skY="0" scX="1" y="0" scY="1"/>
    </display>
    <display name="Shape/shape 4939" type="image">
     <transform x="0" pX="24" pY="31" skX="0" skY="0" scX="1" y="0" scY="1"/>
    </display>
    <display name="Shape/shape 4945" type="image">
     <transform x="0" pX="24" pY="31" skX="0" skY="0" scX="1" y="0" scY="1"/>
    </display>
    <display name="Shape/shape 4951" type="image">
     <transform x="0" pX="24" pY="31" skX="0" skY="0" scX="1" y="0" scY="1"/>
    </display>
    <display name="Shape/shape 4955" type="image">
     <transform x="0" pX="24" pY="31" skX="0" skY="0" scX="1" y="0" scY="1"/>
    </display>
    <display name="Shape/shape 4959" type="image">
     <transform x="0" pX="24" pY="31" skX="0" skY="0" scX="1" y="0" scY="1"/>
    </display>
    <display name="Shape/shape 4963" type="image">
     <transform x="0" pX="24" pY="31" skX="0" skY="0" scX="1" y="0" scY="1"/>
    </display>
    <display name="Shape/shape 4967" type="image">
     <transform x="0" pX="24" pY="31" skX="0" skY="0" scX="1" y="0" scY="1"/>
    </display>
    <display name="Shape/shape 4971" type="image">
     <transform x="0" pX="24" pY="31" skX="0" skY="0" scX="1" y="0" scY="1"/>
    </display>
    <display name="Shape/shape 4975" type="image">
     <transform x="0" pX="24" pY="31" skX="0" skY="0" scX="1" y="0" scY="1"/>
    </display>
    <display name="Shape/shape 4979" type="image">
     <transform x="0" pX="24" pY="31" skX="0" skY="0" scX="1" y="0" scY="1"/>
    </display>
    <display name="Shape/shape 4983" type="image">
     <transform x="0" pX="24" pY="31" skX="0" skY="0" scX="1" y="0" scY="1"/>
    </display>
    <display name="Shape/shape 4987" type="image">
     <transform x="0" pX="24" pY="31" skX="0" skY="0" scX="1" y="0" scY="1"/>
    </display>
    <display name="Shape/shape 4991" type="image">
     <transform x="0" pX="24" pY="31" skX="0" skY="0" scX="1" y="0" scY="1"/>
    </display>
    <display name="Shape/shape 4995" type="image">
     <transform x="0" pX="24" pY="31" skX="0" skY="0" scX="1" y="0" scY="1"/>
    </display>
    <display name="Shape/shape 4999" type="image">
     <transform x="0" pX="24" pY="31" skX="0" skY="0" scX="1" y="0" scY="1"/>
    </display>
    <display name="Shape/shape 5003" type="image">
     <transform x="0" pX="24" pY="31" skX="0" skY="0" scX="1" y="0" scY="1"/>
    </display>
    <display name="Shape/shape 5007" type="image">
     <transform x="0" pX="24" pY="31" skX="0" skY="0" scX="1" y="0" scY="1"/>
    </display>
    <display name="Shape/shape 5011" type="image">
     <transform x="0" pX="24" pY="31" skX="0" skY="0" scX="1" y="0" scY="1"/>
    </display>
    <display name="Shape/shape 5015" type="image">
     <transform x="0" pX="24" pY="31" skX="0" skY="0" scX="1" y="0" scY="1"/>
    </display>
   </slot>
  </skin>
  <bone name="Layer 1">
   <transform y="0" skY="0" x="0" scX="1" skX="0" scY="1"/>
  </bone>
  <animation name="cont1" scale="1" loop="1" duration="71" autoTween="NaN" fadeInTime="0.3" tweenEasing="NaN">
   <timeline name="Layer 1" scale="1" pX="0" pY="0" offset="0">
    <frame z="0" duration="2">
     <transform x="0" pX="0" pY="0" skX="0" skY="0" scX="1" y="0" scY="1"/>
    </frame>
    <frame displayIndex="1" z="0" duration="2">
     <transform x="0" pX="0" pY="0" skX="0" skY="0" scX="1" y="0" scY="1"/>
    </frame>
    <frame displayIndex="2" z="0" duration="2">
     <transform x="0" pX="0" pY="0" skX="0" skY="0" scX="1" y="0" scY="1"/>
    </frame>
    <frame displayIndex="3" z="0" duration="2">
     <transform x="0" pX="0" pY="0" skX="0" skY="0" scX="1" y="0" scY="1"/>
    </frame>
    <frame displayIndex="4" z="0" duration="2">
     <transform x="0" pX="0" pY="0" skX="0" skY="0" scX="1" y="0" scY="1"/>
    </frame>
    <frame displayIndex="5" z="0" duration="2">
     <transform x="0" pX="0" pY="0" skX="0" skY="0" scX="1" y="0" scY="1"/>
    </frame>
    <frame displayIndex="6" z="0" duration="2">
     <transform x="0" pX="0" pY="0" skX="0" skY="0" scX="1" y="0" scY="1"/>
    </frame>
    <frame displayIndex="7" z="0" duration="2">
     <transform x="0" pX="0" pY="0" skX="0" skY="0" scX="1" y="0" scY="1"/>
    </frame>
    <frame displayIndex="8" z="0" duration="2">
     <transform x="0" pX="0" pY="0" skX="0" skY="0" scX="1" y="0" scY="1"/>
    </frame>
    <frame displayIndex="9" z="0" duration="2">
     <transform x="0" pX="0" pY="0" skX="0" skY="0" scX="1" y="0" scY="1"/>
    </frame>
    <frame displayIndex="10" z="0" duration="2">
     <transform x="0" pX="0" pY="0" skX="0" skY="0" scX="1" y="0" scY="1"/>
    </frame>
    <frame displayIndex="11" z="0" duration="2">
     <transform x="0" pX="0" pY="0" skX="0" skY="0" scX="1" y="0" scY="1"/>
    </frame>
    <frame displayIndex="12" z="0" duration="2">
     <transform x="0" pX="0" pY="0" skX="0" skY="0" scX="1" y="0" scY="1"/>
    </frame>
    <frame displayIndex="13" z="0" duration="2">
     <transform x="0" pX="0" pY="0" skX="0" skY="0" scX="1" y="0" scY="1"/>
    </frame>
    <frame displayIndex="14" z="0" duration="2">
     <transform x="0" pX="0" pY="0" skX="0" skY="0" scX="1" y="0" scY="1"/>
    </frame>
    <frame displayIndex="15" z="0" duration="2">
     <transform x="0" pX="0" pY="0" skX="0" skY="0" scX="1" y="0" scY="1"/>
    </frame>
    <frame displayIndex="16" z="0" duration="2">
     <transform x="0" pX="0" pY="0" skX="0" skY="0" scX="1" y="0" scY="1"/>
    </frame>
    <frame displayIndex="17" z="0" duration="2">
     <transform x="0" pX="0" pY="0" skX="0" skY="0" scX="1" y="0" scY="1"/>
    </frame>
    <frame displayIndex="18" z="0" duration="2">
     <transform x="0" pX="0" pY="0" skX="0" skY="0" scX="1" y="0" scY="1"/>
    </frame>
    <frame displayIndex="19" z="0" duration="2">
     <transform x="0" pX="0" pY="0" skX="0" skY="0" scX="1" y="0" scY="1"/>
    </frame>
    <frame displayIndex="20" z="0" duration="2">
     <transform x="0" pX="0" pY="0" skX="0" skY="0" scX="1" y="0" scY="1"/>
    </frame>
    <frame displayIndex="21" z="0" duration="2">
     <transform x="0" pX="0" pY="0" skX="0" skY="0" scX="1" y="0" scY="1"/>
    </frame>
    <frame displayIndex="22" z="0" duration="2">
     <transform x="0" pX="0" pY="0" skX="0" skY="0" scX="1" y="0" scY="1"/>
    </frame>
    <frame displayIndex="23" z="0" duration="2">
     <transform x="0" pX="0" pY="0" skX="0" skY="0" scX="1" y="0" scY="1"/>
    </frame>
    <frame displayIndex="24" z="0" duration="2">
     <transform x="0" pX="0" pY="0" skX="0" skY="0" scX="1" y="0" scY="1"/>
    </frame>
    <frame displayIndex="25" z="0" duration="2">
     <transform x="0" pX="0" pY="0" skX="0" skY="0" scX="1" y="0" scY="1"/>
    </frame>
    <frame displayIndex="26" z="0" duration="2">
     <transform x="0" pX="0" pY="0" skX="0" skY="0" scX="1" y="0" scY="1"/>
    </frame>
    <frame displayIndex="27" z="0" duration="2">
     <transform x="0" pX="0" pY="0" skX="0" skY="0" scX="1" y="0" scY="1"/>
    </frame>
    <frame displayIndex="28" z="0" duration="2">
     <transform x="0" pX="0" pY="0" skX="0" skY="0" scX="1" y="0" scY="1"/>
    </frame>
    <frame displayIndex="29" z="0" duration="2">
     <transform x="0" pX="0" pY="0" skX="0" skY="0" scX="1" y="0" scY="1"/>
    </frame>
    <frame displayIndex="30" z="0" duration="2">
     <transform x="0" pX="0" pY="0" skX="0" skY="0" scX="1" y="0" scY="1"/>
    </frame>
    <frame displayIndex="31" z="0" duration="2">
     <transform x="0" pX="0" pY="0" skX="0" skY="0" scX="1" y="0" scY="1"/>
    </frame>
    <frame displayIndex="32" z="0" duration="2">
     <transform x="0" pX="0" pY="0" skX="0" skY="0" scX="1" y="0" scY="1"/>
    </frame>
    <frame displayIndex="33" z="0" duration="2">
     <transform x="0" pX="0" pY="0" skX="0" skY="0" scX="1" y="0" scY="1"/>
    </frame>
    <frame displayIndex="34" z="0" duration="2">
     <transform x="0" pX="0" pY="0" skX="0" skY="0" scX="1" y="0" scY="1"/>
    </frame>
    <frame displayIndex="34" z="0" duration="1">
     <transform x="0" pX="0" pY="0" skX="0" skY="0" scX="1" y="0" scY="1"/>
    </frame>
   </timeline>
  </animation>
 </armature>
 <armature name="cont2">
  <skin name="default">
   <slot name="Layer 1" z="0" parent="Layer 1">
    <display name="Shape/shape 4845" type="image">
     <transform x="0" pX="15.5" pY="13" skX="0" skY="0" scX="1" y="0" scY="1"/>
    </display>
    <display name="Shape/shape 4851" type="image">
     <transform x="0" pX="15.5" pY="13" skX="0" skY="0" scX="1" y="0" scY="1"/>
    </display>
    <display name="Shape/shape 4857" type="image">
     <transform x="0" pX="15.5" pY="13" skX="0" skY="0" scX="1" y="0" scY="1"/>
    </display>
    <display name="Shape/shape 4863" type="image">
     <transform x="0" pX="15.5" pY="13" skX="0" skY="0" scX="1" y="0" scY="1"/>
    </display>
    <display name="Shape/shape 4869" type="image">
     <transform x="0" pX="15.5" pY="13" skX="0" skY="0" scX="1" y="0" scY="1"/>
    </display>
    <display name="Shape/shape 4875" type="image">
     <transform x="0" pX="15.5" pY="13" skX="0" skY="0" scX="1" y="0" scY="1"/>
    </display>
    <display name="Shape/shape 4881" type="image">
     <transform x="0" pX="15.5" pY="13" skX="0" skY="0" scX="1" y="0" scY="1"/>
    </display>
    <display name="Shape/shape 4887" type="image">
     <transform x="0" pX="15.5" pY="13" skX="0" skY="0" scX="1" y="0" scY="1"/>
    </display>
    <display name="Shape/shape 4893" type="image">
     <transform x="0" pX="15.5" pY="13" skX="0" skY="0" scX="1" y="0" scY="1"/>
    </display>
    <display name="Shape/shape 4899" type="image">
     <transform x="0" pX="15.5" pY="13" skX="0" skY="0" scX="1" y="0" scY="1"/>
    </display>
    <display name="Shape/shape 4905" type="image">
     <transform x="0" pX="15.5" pY="13" skX="0" skY="0" scX="1" y="0" scY="1"/>
    </display>
    <display name="Shape/shape 4911" type="image">
     <transform x="0" pX="15.5" pY="13" skX="0" skY="0" scX="1" y="0" scY="1"/>
    </display>
    <display name="Shape/shape 4917" type="image">
     <transform x="0" pX="15.5" pY="13" skX="0" skY="0" scX="1" y="0" scY="1"/>
    </display>
    <display name="Shape/shape 4923" type="image">
     <transform x="0" pX="15.5" pY="13" skX="0" skY="0" scX="1" y="0" scY="1"/>
    </display>
    <display name="Shape/shape 4929" type="image">
     <transform x="0" pX="15.5" pY="13" skX="0" skY="0" scX="1" y="0" scY="1"/>
    </display>
    <display name="Shape/shape 4935" type="image">
     <transform x="0" pX="15.5" pY="13" skX="0" skY="0" scX="1" y="0" scY="1"/>
    </display>
    <display name="Shape/shape 4941" type="image">
     <transform x="0" pX="15.5" pY="13" skX="0" skY="0" scX="1" y="0" scY="1"/>
    </display>
    <display name="Shape/shape 4947" type="image">
     <transform x="0" pX="15.5" pY="13" skX="0" skY="0" scX="1" y="0" scY="1"/>
    </display>
   </slot>
  </skin>
  <bone name="Layer 1">
   <transform y="0" skY="0" x="0" scX="1" skX="0" scY="1"/>
  </bone>
  <animation name="cont2" scale="1" loop="1" duration="36" autoTween="NaN" fadeInTime="0.3" tweenEasing="NaN">
   <timeline name="Layer 1" scale="1" pX="0" pY="0" offset="0">
    <frame z="0" duration="2">
     <transform x="0" pX="0" pY="0" skX="0" skY="0" scX="1" y="0" scY="1"/>
    </frame>
    <frame displayIndex="1" z="0" duration="2">
     <transform x="0" pX="0" pY="0" skX="0" skY="0" scX="1" y="0" scY="1"/>
    </frame>
    <frame displayIndex="2" z="0" duration="2">
     <transform x="0" pX="0" pY="0" skX="0" skY="0" scX="1" y="0" scY="1"/>
    </frame>
    <frame displayIndex="3" z="0" duration="2">
     <transform x="0" pX="0" pY="0" skX="0" skY="0" scX="1" y="0" scY="1"/>
    </frame>
    <frame displayIndex="4" z="0" duration="2">
     <transform x="0" pX="0" pY="0" skX="0" skY="0" scX="1" y="0" scY="1"/>
    </frame>
    <frame displayIndex="5" z="0" duration="2">
     <transform x="0" pX="0" pY="0" skX="0" skY="0" scX="1" y="0" scY="1"/>
    </frame>
    <frame displayIndex="6" z="0" duration="2">
     <transform x="0" pX="0" pY="0" skX="0" skY="0" scX="1" y="0" scY="1"/>
    </frame>
    <frame displayIndex="7" z="0" duration="2">
     <transform x="0" pX="0" pY="0" skX="0" skY="0" scX="1" y="0" scY="1"/>
    </frame>
    <frame displayIndex="8" z="0" duration="2">
     <transform x="0" pX="0" pY="0" skX="0" skY="0" scX="1" y="0" scY="1"/>
    </frame>
    <frame displayIndex="9" z="0" duration="2">
     <transform x="0" pX="0" pY="0" skX="0" skY="0" scX="1" y="0" scY="1"/>
    </frame>
    <frame displayIndex="10" z="0" duration="2">
     <transform x="0" pX="0" pY="0" skX="0" skY="0" scX="1" y="0" scY="1"/>
    </frame>
    <frame displayIndex="11" z="0" duration="2">
     <transform x="0" pX="0" pY="0" skX="0" skY="0" scX="1" y="0" scY="1"/>
    </frame>
    <frame displayIndex="12" z="0" duration="2">
     <transform x="0" pX="0" pY="0" skX="0" skY="0" scX="1" y="0" scY="1"/>
    </frame>
    <frame displayIndex="13" z="0" duration="2">
     <transform x="0" pX="0" pY="0" skX="0" skY="0" scX="1" y="0" scY="1"/>
    </frame>
    <frame displayIndex="14" z="0" duration="2">
     <transform x="0" pX="0" pY="0" skX="0" skY="0" scX="1" y="0" scY="1"/>
    </frame>
    <frame displayIndex="15" z="0" duration="2">
     <transform x="0" pX="0" pY="0" skX="0" skY="0" scX="1" y="0" scY="1"/>
    </frame>
    <frame displayIndex="16" z="0" duration="2">
     <transform x="0" pX="0" pY="0" skX="0" skY="0" scX="1" y="0" scY="1"/>
    </frame>
    <frame displayIndex="17" z="0" duration="1">
     <transform x="0" pX="0" pY="0" skX="0" skY="0" scX="1" y="0" scY="1"/>
    </frame>
    <frame displayIndex="17" z="0" duration="1">
     <transform x="0" pX="0" pY="0" skX="0" skY="0" scX="1" y="0" scY="1"/>
    </frame>
   </timeline>
  </animation>
 </armature>
 <armature name="cont3">
  <skin name="default">
   <slot name="Layer 1" z="0" parent="Layer 1">
    <display name="Shape/shape 4847" type="image">
     <transform x="0" pX="37" pY="36" skX="0" skY="0" scX="1" y="0" scY="1"/>
    </display>
    <display name="Shape/shape 4853" type="image">
     <transform x="0" pX="37" pY="36" skX="0" skY="0" scX="1" y="0" scY="1"/>
    </display>
    <display name="Shape/shape 4859" type="image">
     <transform x="0" pX="37" pY="36" skX="0" skY="0" scX="1" y="0" scY="1"/>
    </display>
    <display name="Shape/shape 4865" type="image">
     <transform x="0" pX="37" pY="36" skX="0" skY="0" scX="1" y="0" scY="1"/>
    </display>
    <display name="Shape/shape 4871" type="image">
     <transform x="0" pX="37" pY="36" skX="0" skY="0" scX="1" y="0" scY="1"/>
    </display>
    <display name="Shape/shape 4877" type="image">
     <transform x="0" pX="37" pY="36" skX="0" skY="0" scX="1" y="0" scY="1"/>
    </display>
    <display name="Shape/shape 4883" type="image">
     <transform x="0" pX="37" pY="36" skX="0" skY="0" scX="1" y="0" scY="1"/>
    </display>
    <display name="Shape/shape 4889" type="image">
     <transform x="0" pX="37" pY="36" skX="0" skY="0" scX="1" y="0" scY="1"/>
    </display>
    <display name="Shape/shape 4895" type="image">
     <transform x="0" pX="37" pY="36" skX="0" skY="0" scX="1" y="0" scY="1"/>
    </display>
    <display name="Shape/shape 4901" type="image">
     <transform x="0" pX="37" pY="36" skX="0" skY="0" scX="1" y="0" scY="1"/>
    </display>
    <display name="Shape/shape 4907" type="image">
     <transform x="0" pX="37" pY="36" skX="0" skY="0" scX="1" y="0" scY="1"/>
    </display>
    <display name="Shape/shape 4913" type="image">
     <transform x="0" pX="37" pY="36" skX="0" skY="0" scX="1" y="0" scY="1"/>
    </display>
    <display name="Shape/shape 4919" type="image">
     <transform x="0" pX="37" pY="36" skX="0" skY="0" scX="1" y="0" scY="1"/>
    </display>
    <display name="Shape/shape 4925" type="image">
     <transform x="0" pX="37" pY="36" skX="0" skY="0" scX="1" y="0" scY="1"/>
    </display>
    <display name="Shape/shape 4931" type="image">
     <transform x="0" pX="37" pY="36" skX="0" skY="0" scX="1" y="0" scY="1"/>
    </display>
    <display name="Shape/shape 4937" type="image">
     <transform x="0" pX="37" pY="36" skX="0" skY="0" scX="1" y="0" scY="1"/>
    </display>
    <display name="Shape/shape 4943" type="image">
     <transform x="0" pX="37" pY="36" skX="0" skY="0" scX="1" y="0" scY="1"/>
    </display>
    <display name="Shape/shape 4949" type="image">
     <transform x="0" pX="37" pY="36" skX="0" skY="0" scX="1" y="0" scY="1"/>
    </display>
    <display name="Shape/shape 4953" type="image">
     <transform x="0" pX="37" pY="36" skX="0" skY="0" scX="1" y="0" scY="1"/>
    </display>
    <display name="Shape/shape 4957" type="image">
     <transform x="0" pX="37" pY="36" skX="0" skY="0" scX="1" y="0" scY="1"/>
    </display>
    <display name="Shape/shape 4961" type="image">
     <transform x="0" pX="37" pY="36" skX="0" skY="0" scX="1" y="0" scY="1"/>
    </display>
    <display name="Shape/shape 4965" type="image">
     <transform x="0" pX="37" pY="36" skX="0" skY="0" scX="1" y="0" scY="1"/>
    </display>
    <display name="Shape/shape 4969" type="image">
     <transform x="0" pX="37" pY="36" skX="0" skY="0" scX="1" y="0" scY="1"/>
    </display>
    <display name="Shape/shape 4973" type="image">
     <transform x="0" pX="37" pY="36" skX="0" skY="0" scX="1" y="0" scY="1"/>
    </display>
    <display name="Shape/shape 4977" type="image">
     <transform x="0" pX="37" pY="36" skX="0" skY="0" scX="1" y="0" scY="1"/>
    </display>
    <display name="Shape/shape 4981" type="image">
     <transform x="0" pX="37" pY="36" skX="0" skY="0" scX="1" y="0" scY="1"/>
    </display>
    <display name="Shape/shape 4985" type="image">
     <transform x="0" pX="37" pY="36" skX="0" skY="0" scX="1" y="0" scY="1"/>
    </display>
    <display name="Shape/shape 4989" type="image">
     <transform x="0" pX="37" pY="36" skX="0" skY="0" scX="1" y="0" scY="1"/>
    </display>
    <display name="Shape/shape 4993" type="image">
     <transform x="0" pX="37" pY="36" skX="0" skY="0" scX="1" y="0" scY="1"/>
    </display>
    <display name="Shape/shape 4997" type="image">
     <transform x="0" pX="37" pY="36" skX="0" skY="0" scX="1" y="0" scY="1"/>
    </display>
    <display name="Shape/shape 5001" type="image">
     <transform x="0" pX="37" pY="36" skX="0" skY="0" scX="1" y="0" scY="1"/>
    </display>
    <display name="Shape/shape 5005" type="image">
     <transform x="0" pX="37" pY="36" skX="0" skY="0" scX="1" y="0" scY="1"/>
    </display>
    <display name="Shape/shape 5009" type="image">
     <transform x="0" pX="37" pY="36" skX="0" skY="0" scX="1" y="0" scY="1"/>
    </display>
    <display name="Shape/shape 5013" type="image">
     <transform x="0" pX="37" pY="36" skX="0" skY="0" scX="1" y="0" scY="1"/>
    </display>
    <display name="Shape/shape 5017" type="image">
     <transform x="0" pX="37" pY="36" skX="0" skY="0" scX="1" y="0" scY="1"/>
    </display>
   </slot>
  </skin>
  <bone name="Layer 1">
   <transform y="0" skY="0" x="0" scX="1" skX="0" scY="1"/>
  </bone>
  <animation name="cont3" scale="1" loop="1" duration="71" autoTween="NaN" fadeInTime="0.3" tweenEasing="NaN">
   <timeline name="Layer 1" scale="1" pX="0" pY="0" offset="0">
    <frame z="0" duration="2">
     <transform x="0" pX="0" pY="0" skX="0" skY="0" scX="1" y="0" scY="1"/>
    </frame>
    <frame displayIndex="1" z="0" duration="2">
     <transform x="0" pX="0" pY="0" skX="0" skY="0" scX="1" y="0" scY="1"/>
    </frame>
    <frame displayIndex="2" z="0" duration="2">
     <transform x="0" pX="0" pY="0" skX="0" skY="0" scX="1" y="0" scY="1"/>
    </frame>
    <frame displayIndex="3" z="0" duration="2">
     <transform x="0" pX="0" pY="0" skX="0" skY="0" scX="1" y="0" scY="1"/>
    </frame>
    <frame displayIndex="4" z="0" duration="2">
     <transform x="0" pX="0" pY="0" skX="0" skY="0" scX="1" y="0" scY="1"/>
    </frame>
    <frame displayIndex="5" z="0" duration="2">
     <transform x="0" pX="0" pY="0" skX="0" skY="0" scX="1" y="0" scY="1"/>
    </frame>
    <frame displayIndex="6" z="0" duration="2">
     <transform x="0" pX="0" pY="0" skX="0" skY="0" scX="1" y="0" scY="1"/>
    </frame>
    <frame displayIndex="7" z="0" duration="2">
     <transform x="0" pX="0" pY="0" skX="0" skY="0" scX="1" y="0" scY="1"/>
    </frame>
    <frame displayIndex="8" z="0" duration="2">
     <transform x="0" pX="0" pY="0" skX="0" skY="0" scX="1" y="0" scY="1"/>
    </frame>
    <frame displayIndex="9" z="0" duration="2">
     <transform x="0" pX="0" pY="0" skX="0" skY="0" scX="1" y="0" scY="1"/>
    </frame>
    <frame displayIndex="10" z="0" duration="2">
     <transform x="0" pX="0" pY="0" skX="0" skY="0" scX="1" y="0" scY="1"/>
    </frame>
    <frame displayIndex="11" z="0" duration="2">
     <transform x="0" pX="0" pY="0" skX="0" skY="0" scX="1" y="0" scY="1"/>
    </frame>
    <frame displayIndex="12" z="0" duration="2">
     <transform x="0" pX="0" pY="0" skX="0" skY="0" scX="1" y="0" scY="1"/>
    </frame>
    <frame displayIndex="13" z="0" duration="2">
     <transform x="0" pX="0" pY="0" skX="0" skY="0" scX="1" y="0" scY="1"/>
    </frame>
    <frame displayIndex="14" z="0" duration="2">
     <transform x="0" pX="0" pY="0" skX="0" skY="0" scX="1" y="0" scY="1"/>
    </frame>
    <frame displayIndex="15" z="0" duration="2">
     <transform x="0" pX="0" pY="0" skX="0" skY="0" scX="1" y="0" scY="1"/>
    </frame>
    <frame displayIndex="16" z="0" duration="2">
     <transform x="0" pX="0" pY="0" skX="0" skY="0" scX="1" y="0" scY="1"/>
    </frame>
    <frame displayIndex="17" z="0" duration="2">
     <transform x="0" pX="0" pY="0" skX="0" skY="0" scX="1" y="0" scY="1"/>
    </frame>
    <frame displayIndex="18" z="0" duration="2">
     <transform x="0" pX="0" pY="0" skX="0" skY="0" scX="1" y="0" scY="1"/>
    </frame>
    <frame displayIndex="19" z="0" duration="2">
     <transform x="0" pX="0" pY="0" skX="0" skY="0" scX="1" y="0" scY="1"/>
    </frame>
    <frame displayIndex="20" z="0" duration="2">
     <transform x="0" pX="0" pY="0" skX="0" skY="0" scX="1" y="0" scY="1"/>
    </frame>
    <frame displayIndex="21" z="0" duration="2">
     <transform x="0" pX="0" pY="0" skX="0" skY="0" scX="1" y="0" scY="1"/>
    </frame>
    <frame displayIndex="22" z="0" duration="2">
     <transform x="0" pX="0" pY="0" skX="0" skY="0" scX="1" y="0" scY="1"/>
    </frame>
    <frame displayIndex="23" z="0" duration="2">
     <transform x="0" pX="0" pY="0" skX="0" skY="0" scX="1" y="0" scY="1"/>
    </frame>
    <frame displayIndex="24" z="0" duration="2">
     <transform x="0" pX="0" pY="0" skX="0" skY="0" scX="1" y="0" scY="1"/>
    </frame>
    <frame displayIndex="25" z="0" duration="2">
     <transform x="0" pX="0" pY="0" skX="0" skY="0" scX="1" y="0" scY="1"/>
    </frame>
    <frame displayIndex="26" z="0" duration="2">
     <transform x="0" pX="0" pY="0" skX="0" skY="0" scX="1" y="0" scY="1"/>
    </frame>
    <frame displayIndex="27" z="0" duration="2">
     <transform x="0" pX="0" pY="0" skX="0" skY="0" scX="1" y="0" scY="1"/>
    </frame>
    <frame displayIndex="28" z="0" duration="2">
     <transform x="0" pX="0" pY="0" skX="0" skY="0" scX="1" y="0" scY="1"/>
    </frame>
    <frame displayIndex="29" z="0" duration="2">
     <transform x="0" pX="0" pY="0" skX="0" skY="0" scX="1" y="0" scY="1"/>
    </frame>
    <frame displayIndex="30" z="0" duration="2">
     <transform x="0" pX="0" pY="0" skX="0" skY="0" scX="1" y="0" scY="1"/>
    </frame>
    <frame displayIndex="31" z="0" duration="2">
     <transform x="0" pX="0" pY="0" skX="0" skY="0" scX="1" y="0" scY="1"/>
    </frame>
    <frame displayIndex="32" z="0" duration="2">
     <transform x="0" pX="0" pY="0" skX="0" skY="0" scX="1" y="0" scY="1"/>
    </frame>
    <frame displayIndex="33" z="0" duration="2">
     <transform x="0" pX="0" pY="0" skX="0" skY="0" scX="1" y="0" scY="1"/>
    </frame>
    <frame displayIndex="34" z="0" duration="2">
     <transform x="0" pX="0" pY="0" skX="0" skY="0" scX="1" y="0" scY="1"/>
    </frame>
    <frame displayIndex="34" z="0" duration="1">
     <transform x="0" pX="0" pY="0" skX="0" skY="0" scX="1" y="0" scY="1"/>
    </frame>
   </timeline>
  </animation>
 </armature>
</root>