<TextureAtlas name="Tower7_mc" imagePath="texture.png">
 <SubTexture name="Shape/shape 8396" x="724" y="148" width="89" height="30"/>
 <SubTexture name="BulletTower71_mc" x="434" y="286" width="50" height="50"/>
 <SubTexture name="boneBlock" x="719" y="308" width="50" height="50"/>
 <SubTexture name="blockTower" x="567" y="286" width="50" height="50"/>
 <SubTexture name="case" x="338" y="286" width="50" height="50"/>
 <SubTexture name="Shape/shape 8419" x="619" y="286" width="43" height="35"/>
 <SubTexture name="Shape/shape 8421" x="294" y="286" width="43" height="35"/>
 <SubTexture name="Shape/shape 8423" x="523" y="286" width="43" height="35"/>
 <SubTexture name="Shape/shape 8425" x="294" y="322" width="43" height="35"/>
 <SubTexture name="Shape/shape 8427" x="937" y="320" width="43" height="35"/>
 <SubTexture name="Shape/shape 8429" x="390" y="286" width="43" height="35"/>
 <SubTexture name="Shape/shape 4843" x="897" y="148" width="47" height="62"/>
 <SubTexture name="Shape/shape 4849" x="621" y="222" width="47" height="62"/>
 <SubTexture name="Shape/shape 4855" x="294" y="222" width="47" height="62"/>
 <SubTexture name="Shape/shape 4861" x="975" y="128" width="47" height="62"/>
 <SubTexture name="Shape/shape 4867" x="946" y="256" width="47" height="62"/>
 <SubTexture name="Shape/shape 4873" x="572" y="222" width="47" height="62"/>
 <SubTexture name="Shape/shape 4879" x="98" y="222" width="47" height="62"/>
 <SubTexture name="Shape/shape 4885" x="946" y="192" width="47" height="62"/>
 <SubTexture name="Shape/shape 4891" x="196" y="222" width="47" height="62"/>
 <SubTexture name="Shape/shape 4897" x="196" y="286" width="47" height="62"/>
 <SubTexture name="Shape/shape 4903" x="245" y="286" width="47" height="62"/>
 <SubTexture name="Shape/shape 4909" x="392" y="222" width="47" height="62"/>
 <SubTexture name="Shape/shape 4915" x="888" y="276" width="47" height="62"/>
 <SubTexture name="Shape/shape 4921" x="49" y="286" width="47" height="62"/>
 <SubTexture name="Shape/shape 4927" x="975" y="64" width="47" height="62"/>
 <SubTexture name="Shape/shape 4933" x="245" y="222" width="47" height="62"/>
 <SubTexture name="Shape/shape 4939" x="0" y="222" width="47" height="62"/>
 <SubTexture name="Shape/shape 4945" x="975" y="0" width="47" height="62"/>
 <SubTexture name="Shape/shape 4951" x="0" y="286" width="47" height="62"/>
 <SubTexture name="Shape/shape 4955" x="806" y="276" width="47" height="62"/>
 <SubTexture name="Shape/shape 4959" x="815" y="148" width="47" height="62"/>
 <SubTexture name="Shape/shape 4963" x="49" y="222" width="47" height="62"/>
 <SubTexture name="Shape/shape 4967" x="343" y="222" width="47" height="62"/>
 <SubTexture name="Shape/shape 4971" x="806" y="212" width="47" height="62"/>
 <SubTexture name="Shape/shape 4975" x="670" y="276" width="47" height="62"/>
 <SubTexture name="Shape/shape 4979" x="523" y="222" width="47" height="62"/>
 <SubTexture name="Shape/shape 4983" x="675" y="148" width="47" height="62"/>
 <SubTexture name="Shape/shape 4987" x="98" y="286" width="47" height="62"/>
 <SubTexture name="Shape/shape 4991" x="675" y="212" width="47" height="62"/>
 <SubTexture name="Shape/shape 4995" x="147" y="286" width="47" height="62"/>
 <SubTexture name="Shape/shape 4999" x="724" y="244" width="47" height="62"/>
 <SubTexture name="Shape/shape 5003" x="724" y="180" width="47" height="62"/>
 <SubTexture name="Shape/shape 5007" x="897" y="212" width="47" height="62"/>
 <SubTexture name="Shape/shape 5011" x="441" y="222" width="47" height="62"/>
 <SubTexture name="Shape/shape 5015" x="147" y="222" width="47" height="62"/>
 <SubTexture name="Shape/shape 4845" x="864" y="148" width="31" height="26"/>
 <SubTexture name="Shape/shape 4851" x="771" y="320" width="31" height="26"/>
 <SubTexture name="Shape/shape 4857" x="773" y="208" width="31" height="26"/>
 <SubTexture name="Shape/shape 4863" x="855" y="232" width="31" height="26"/>
 <SubTexture name="Shape/shape 4869" x="773" y="264" width="31" height="26"/>
 <SubTexture name="Shape/shape 4875" x="855" y="288" width="31" height="26"/>
 <SubTexture name="Shape/shape 4881" x="855" y="260" width="31" height="26"/>
 <SubTexture name="Shape/shape 4887" x="981" y="320" width="31" height="26"/>
 <SubTexture name="Shape/shape 4893" x="773" y="236" width="31" height="26"/>
 <SubTexture name="Shape/shape 4899" x="855" y="316" width="31" height="26"/>
 <SubTexture name="Shape/shape 4905" x="864" y="176" width="31" height="26"/>
 <SubTexture name="Shape/shape 4911" x="773" y="292" width="31" height="26"/>
 <SubTexture name="Shape/shape 4917" x="773" y="180" width="31" height="26"/>
 <SubTexture name="Shape/shape 4923" x="490" y="222" width="31" height="26"/>
 <SubTexture name="Shape/shape 4929" x="864" y="204" width="31" height="26"/>
 <SubTexture name="Shape/shape 4935" x="490" y="278" width="31" height="26"/>
 <SubTexture name="Shape/shape 4941" x="490" y="250" width="31" height="26"/>
 <SubTexture name="Shape/shape 4947" x="486" y="306" width="31" height="26"/>
 <SubTexture name="Shape/shape 4847" x="600" y="148" width="73" height="72"/>
 <SubTexture name="Shape/shape 4853" x="675" y="74" width="73" height="72"/>
 <SubTexture name="Shape/shape 4859" x="600" y="74" width="73" height="72"/>
 <SubTexture name="Shape/shape 4865" x="150" y="0" width="73" height="72"/>
 <SubTexture name="Shape/shape 4871" x="75" y="74" width="73" height="72"/>
 <SubTexture name="Shape/shape 4877" x="525" y="74" width="73" height="72"/>
 <SubTexture name="Shape/shape 4883" x="150" y="148" width="73" height="72"/>
 <SubTexture name="Shape/shape 4889" x="450" y="148" width="73" height="72"/>
 <SubTexture name="Shape/shape 4895" x="900" y="74" width="73" height="72"/>
 <SubTexture name="Shape/shape 4901" x="675" y="0" width="73" height="72"/>
 <SubTexture name="Shape/shape 4907" x="375" y="74" width="73" height="72"/>
 <SubTexture name="Shape/shape 4913" x="750" y="74" width="73" height="72"/>
 <SubTexture name="Shape/shape 4919" x="450" y="0" width="73" height="72"/>
 <SubTexture name="Shape/shape 4925" x="375" y="0" width="73" height="72"/>
 <SubTexture name="Shape/shape 4931" x="600" y="0" width="73" height="72"/>
 <SubTexture name="Shape/shape 4937" x="450" y="74" width="73" height="72"/>
 <SubTexture name="Shape/shape 4943" x="525" y="148" width="73" height="72"/>
 <SubTexture name="Shape/shape 4949" x="75" y="0" width="73" height="72"/>
 <SubTexture name="Shape/shape 4953" x="225" y="74" width="73" height="72"/>
 <SubTexture name="Shape/shape 4957" x="750" y="0" width="73" height="72"/>
 <SubTexture name="Shape/shape 4961" x="150" y="74" width="73" height="72"/>
 <SubTexture name="Shape/shape 4965" x="900" y="0" width="73" height="72"/>
 <SubTexture name="Shape/shape 4969" x="300" y="0" width="73" height="72"/>
 <SubTexture name="Shape/shape 4973" x="300" y="74" width="73" height="72"/>
 <SubTexture name="Shape/shape 4977" x="825" y="0" width="73" height="72"/>
 <SubTexture name="Shape/shape 4981" x="300" y="148" width="73" height="72"/>
 <SubTexture name="Shape/shape 4985" x="0" y="74" width="73" height="72"/>
 <SubTexture name="Shape/shape 4989" x="0" y="0" width="73" height="72"/>
 <SubTexture name="Shape/shape 4993" x="825" y="74" width="73" height="72"/>
 <SubTexture name="Shape/shape 4997" x="375" y="148" width="73" height="72"/>
 <SubTexture name="Shape/shape 5001" x="225" y="0" width="73" height="72"/>
 <SubTexture name="Shape/shape 5005" x="525" y="0" width="73" height="72"/>
 <SubTexture name="Shape/shape 5009" x="225" y="148" width="73" height="72"/>
 <SubTexture name="Shape/shape 5013" x="0" y="148" width="73" height="72"/>
 <SubTexture name="Shape/shape 5017" x="75" y="148" width="73" height="72"/>
</TextureAtlas>