<root name="Level2_mc" isGlobal="0" frameRate="30" version="3.0">
 <armature name="Level2_mc">
  <skin name="default">
   <slot name="map" z="0" parent="map">
    <display name="Shape/shape 8891" type="image">
     <transform scX="1" x="0" scY="1" y="0" pX="20" pY="2" skX="0" skY="0"/>
    </display>
   </slot>
   <slot name="place1" z="1" parent="place1">
    <display name="case" type="image">
     <transform scX="1" x="0" scY="1" y="0" pX="25" pY="25" skX="0" skY="0"/>
    </display>
   </slot>
   <slot name="place2" z="2" parent="place2">
    <display name="case" type="image">
     <transform scX="1" x="0" scY="1" y="0" pX="25" pY="25" skX="0" skY="0"/>
    </display>
   </slot>
   <slot name="place3" z="3" parent="place3">
    <display name="case" type="image">
     <transform scX="1" x="0" scY="1" y="0" pX="25" pY="25" skX="0" skY="0"/>
    </display>
   </slot>
   <slot name="place4" z="4" parent="place4">
    <display name="case" type="image">
     <transform scX="1" x="0" scY="1" y="0" pX="25" pY="25" skX="0" skY="0"/>
    </display>
   </slot>
   <slot name="place5" z="5" parent="place5">
    <display name="case" type="image">
     <transform scX="1" x="0" scY="1" y="0" pX="25" pY="25" skX="0" skY="0"/>
    </display>
   </slot>
   <slot name="place6" z="6" parent="place6">
    <display name="case" type="image">
     <transform scX="1" x="0" scY="1" y="0" pX="25" pY="25" skX="0" skY="0"/>
    </display>
   </slot>
   <slot name="flag2" z="7" parent="flag2">
    <display name="case" type="image">
     <transform scX="1" x="0" scY="1" y="0" pX="25" pY="25" skX="0" skY="0"/>
    </display>
   </slot>
   <slot name="flag1" z="8" parent="flag1">
    <display name="case" type="image">
     <transform scX="1" x="0" scY="1" y="0" pX="25" pY="25" skX="0" skY="0"/>
    </display>
   </slot>
   <slot name="pointer1" z="9" parent="pointer1">
    <display name="case" type="image">
     <transform scX="1" x="0" scY="1" y="0" pX="25" pY="25" skX="0" skY="0"/>
    </display>
   </slot>
   <slot name="decorationCase" z="10" parent="decorationCase">
    <display name="case" type="image">
     <transform scX="1" x="0" scY="1" y="0" pX="25" pY="25" skX="0" skY="0"/>
    </display>
   </slot>
  </skin>
  <bone name="place5">
   <transform scX="1.52" x="673" skX="0" scY="0.83" y="394" skY="0"/>
  </bone>
  <bone name="place1">
   <transform scX="1.52" x="136" skX="0" scY="0.83" y="282" skY="0"/>
  </bone>
  <bone name="place2">
   <transform scX="1.28" x="256" skX="0" scY="0.94" y="215" skY="0"/>
  </bone>
  <bone name="place3">
   <transform scX="1.52" x="463" skX="0" scY="0.83" y="287" skY="0"/>
  </bone>
  <bone name="place4">
   <transform scX="1.52" x="672" skX="0" scY="0.83" y="216" skY="0"/>
  </bone>
  <bone name="map">
   <transform scX="1" x="0" skX="0" scY="1" y="0" skY="0"/>
  </bone>
  <bone name="place6">
   <transform scX="1.52" x="627" skX="0" scY="0.83" y="477" skY="0"/>
  </bone>
  <bone name="flag2">
   <transform scX="0.48" x="607" skX="0" scY="0.64" y="565" skY="0"/>
  </bone>
  <bone name="flag1">
   <transform scX="0.48" x="537" skX="0" scY="0.64" y="565" skY="0"/>
  </bone>
  <bone name="pointer1">
   <transform scX="1" x="42.25" skX="0" scY="1" y="324.3" skY="0"/>
  </bone>
  <bone name="decorationCase">
   <transform scX="1.11" x="495.35" skX="0" scY="1.35" y="477.55" skY="0"/>
  </bone>
  <animation fadeInTime="0.3" scale="1" loop="1" autoTween="NaN" name="Level2_mc" duration="1" tweenEasing="NaN">
   <timeline pX="0" name="map" pY="0" scale="1" offset="0">
    <frame z="0" duration="1">
     <transform scX="1" x="0" scY="1" y="0" pX="0" pY="0" skX="0" skY="0"/>
    </frame>
   </timeline>
   <timeline pX="0" name="place1" pY="0" scale="1" offset="0">
    <frame z="0" duration="1">
     <transform scX="1" x="0" scY="1" y="0" pX="0" pY="0" skX="0" skY="0"/>
    </frame>
   </timeline>
   <timeline pX="0" name="place2" pY="0" scale="1" offset="0">
    <frame z="0" duration="1">
     <transform scX="1" x="0" scY="1" y="0" pX="0" pY="0" skX="0" skY="0"/>
    </frame>
   </timeline>
   <timeline pX="0" name="place3" pY="0" scale="1" offset="0">
    <frame z="0" duration="1">
     <transform scX="1" x="0" scY="1" y="0" pX="0" pY="0" skX="0" skY="0"/>
    </frame>
   </timeline>
   <timeline pX="0" name="place4" pY="0" scale="1" offset="0">
    <frame z="0" duration="1">
     <transform scX="1" x="0" scY="1" y="0" pX="0" pY="0" skX="0" skY="0"/>
    </frame>
   </timeline>
   <timeline pX="0" name="place5" pY="0" scale="1" offset="0">
    <frame z="0" duration="1">
     <transform scX="1" x="0" scY="1" y="0" pX="0" pY="0" skX="0" skY="0"/>
    </frame>
   </timeline>
   <timeline pX="0" name="place6" pY="0" scale="1" offset="0">
    <frame z="0" duration="1">
     <transform scX="1" x="0" scY="1" y="0" pX="0" pY="0" skX="0" skY="0"/>
    </frame>
   </timeline>
   <timeline pX="0" name="flag2" pY="0" scale="1" offset="0">
    <frame z="0" duration="1">
     <transform scX="1" x="0" scY="1" y="0" pX="0" pY="0" skX="0" skY="0"/>
    </frame>
   </timeline>
   <timeline pX="0" name="flag1" pY="0" scale="1" offset="0">
    <frame z="0" duration="1">
     <transform scX="1" x="0" scY="1" y="0" pX="0" pY="0" skX="0" skY="0"/>
    </frame>
   </timeline>
   <timeline pX="0" name="pointer1" pY="0" scale="1" offset="0">
    <frame z="0" duration="1">
     <transform scX="1" x="0" scY="1" y="0" pX="0" pY="0" skX="0" skY="0"/>
    </frame>
   </timeline>
   <timeline pX="0" name="decorationCase" pY="0" scale="1" offset="0">
    <frame z="0" duration="1">
     <transform scX="1" x="0" scY="1" y="0" pX="0" pY="0" skX="0" skY="0"/>
    </frame>
   </timeline>
  </animation>
 </armature>
</root>