<dragonBones name="1yrt" frameRate="30" version="2.3">
 <armature name="IceSphere">
  <bone name="Layer 1">
   <transform x="0" y="0" skX="0" skY="0" scX="1" scY="1"/>
  </bone>
  <bone name="Layer 2">
   <transform x="0.15" y="-0.35" skX="0" skY="0" scX="0.9" scY="0.9"/>
  </bone>
  <skin name="default">
   <slot name="Layer 1" parent="Layer 1" z="0">
    <display name="Shape/shape 10921" type="image">
     <transform x="0" y="0" skX="0" skY="0" scX="1" scY="1" pX="16" pY="15"/>
    </display>
    <display name="Shape/shape 10922" type="image">
     <transform x="0" y="0" skX="0" skY="0" scX="1" scY="1" pX="16" pY="15"/>
    </display>
    <display name="Shape/shape 10923" type="image">
     <transform x="0" y="0" skX="0" skY="0" scX="1" scY="1" pX="16" pY="15"/>
    </display>
    <display name="Shape/shape 10924" type="image">
     <transform x="0" y="0" skX="0" skY="0" scX="1" scY="1" pX="16" pY="15"/>
    </display>
    <display name="Shape/shape 10925" type="image">
     <transform x="0" y="0" skX="0" skY="0" scX="1" scY="1" pX="16" pY="15"/>
    </display>
    <display name="Shape/shape 10926" type="image">
     <transform x="0" y="0" skX="0" skY="0" scX="1" scY="1" pX="16" pY="15"/>
    </display>
    <display name="Shape/shape 10927" type="image">
     <transform x="0" y="0" skX="0" skY="0" scX="1" scY="1" pX="16" pY="15"/>
    </display>
    <display name="Shape/shape 10928" type="image">
     <transform x="0" y="0" skX="0" skY="0" scX="1" scY="1" pX="16" pY="15"/>
    </display>
    <display name="Shape/shape 10929" type="image">
     <transform x="0" y="0" skX="0" skY="0" scX="1" scY="1" pX="16" pY="15"/>
    </display>
    <display name="Shape/shape 10930" type="image">
     <transform x="0" y="0" skX="0" skY="0" scX="1" scY="1" pX="16" pY="15"/>
    </display>
    <display name="Shape/shape 10931" type="image">
     <transform x="0" y="0" skX="0" skY="0" scX="1" scY="1" pX="16" pY="15"/>
    </display>
    <display name="Shape/shape 10932" type="image">
     <transform x="0" y="0" skX="0" skY="0" scX="1" scY="1" pX="16" pY="15"/>
    </display>
    <display name="Shape/shape 10933" type="image">
     <transform x="0" y="0" skX="0" skY="0" scX="1" scY="1" pX="16" pY="15"/>
    </display>
    <display name="Shape/shape 10934" type="image">
     <transform x="0" y="0" skX="0" skY="0" scX="1" scY="1" pX="16" pY="15"/>
    </display>
    <display name="Shape/shape 10935" type="image">
     <transform x="0" y="0" skX="0" skY="0" scX="1" scY="1" pX="16" pY="15"/>
    </display>
    <display name="Shape/shape 10936" type="image">
     <transform x="0" y="0" skX="0" skY="0" scX="1" scY="1" pX="16" pY="15"/>
    </display>
    <display name="Shape/shape 10937" type="image">
     <transform x="0" y="0" skX="0" skY="0" scX="1" scY="1" pX="16" pY="15"/>
    </display>
    <display name="Shape/shape 10938" type="image">
     <transform x="0" y="0" skX="0" skY="0" scX="1" scY="1" pX="16" pY="15"/>
    </display>
    <display name="Shape/shape 10939" type="image">
     <transform x="0" y="0" skX="0" skY="0" scX="1" scY="1" pX="16" pY="15"/>
    </display>
    <display name="Shape/shape 10940" type="image">
     <transform x="0" y="0" skX="0" skY="0" scX="1" scY="1" pX="16" pY="15"/>
    </display>
    <display name="Shape/shape 10941" type="image">
     <transform x="0" y="0" skX="0" skY="0" scX="1" scY="1" pX="16" pY="15"/>
    </display>
    <display name="Shape/shape 10942" type="image">
     <transform x="0" y="0" skX="0" skY="0" scX="1" scY="1" pX="16" pY="15"/>
    </display>
    <display name="Shape/shape 10943" type="image">
     <transform x="0" y="0" skX="0" skY="0" scX="1" scY="1" pX="16" pY="15"/>
    </display>
    <display name="Shape/shape 10944" type="image">
     <transform x="0" y="0" skX="0" skY="0" scX="1" scY="1" pX="25" pY="25"/>
    </display>
    <display name="Shape/shape 10945" type="image">
     <transform x="0" y="0" skX="0" skY="0" scX="1" scY="1"/>
    </display>
   </slot>
   <slot name="Layer 2" parent="Layer 2" z="1">
    <display name="Sprite/sprite 4085" type="image">
     <transform x="0" y="0" skX="0" skY="0" scX="1" scY="1"/>
    </display>
   </slot>
  </skin>
  <animation name="IceSphere" fadeInTime="0.3" duration="50" scale="1" loop="1" autoTween="1" tweenEasing="NaN">
   <timeline name="Layer 1" scale="1" offset="0">
    <frame z="0" duration="2">
     <transform x="0" y="0" skX="0" skY="0" scX="1" scY="1" pX="0" pY="0"/>
    </frame>
    <frame z="0" displayIndex="1" duration="2">
     <transform x="0" y="0" skX="0" skY="0" scX="1" scY="1" pX="0" pY="0"/>
    </frame>
    <frame z="0" displayIndex="2" duration="2">
     <transform x="0" y="0" skX="0" skY="0" scX="1" scY="1" pX="0" pY="0"/>
    </frame>
    <frame z="0" displayIndex="3" duration="2">
     <transform x="0" y="0" skX="0" skY="0" scX="1" scY="1" pX="0" pY="0"/>
    </frame>
    <frame z="0" displayIndex="4" duration="2">
     <transform x="0" y="0" skX="0" skY="0" scX="1" scY="1" pX="0" pY="0"/>
    </frame>
    <frame z="0" displayIndex="5" duration="2">
     <transform x="0" y="0" skX="0" skY="0" scX="1" scY="1" pX="0" pY="0"/>
    </frame>
    <frame z="0" displayIndex="6" duration="2">
     <transform x="0" y="0" skX="0" skY="0" scX="1" scY="1" pX="0" pY="0"/>
    </frame>
    <frame z="0" displayIndex="7" duration="2">
     <transform x="0" y="0" skX="0" skY="0" scX="1" scY="1" pX="0" pY="0"/>
    </frame>
    <frame z="0" displayIndex="8" duration="2">
     <transform x="0" y="0" skX="0" skY="0" scX="1" scY="1" pX="0" pY="0"/>
    </frame>
    <frame z="0" displayIndex="9" duration="2">
     <transform x="0" y="0" skX="0" skY="0" scX="1" scY="1" pX="0" pY="0"/>
    </frame>
    <frame z="0" displayIndex="10" duration="2">
     <transform x="0" y="0" skX="0" skY="0" scX="1" scY="1" pX="0" pY="0"/>
    </frame>
    <frame z="0" displayIndex="11" duration="2">
     <transform x="0" y="0" skX="0" skY="0" scX="1" scY="1" pX="0" pY="0"/>
    </frame>
    <frame z="0" displayIndex="12" duration="2">
     <transform x="0" y="0" skX="0" skY="0" scX="1" scY="1" pX="0" pY="0"/>
    </frame>
    <frame z="0" displayIndex="13" duration="2">
     <transform x="0" y="0" skX="0" skY="0" scX="1" scY="1" pX="0" pY="0"/>
    </frame>
    <frame z="0" displayIndex="14" duration="2">
     <transform x="0" y="0" skX="0" skY="0" scX="1" scY="1" pX="0" pY="0"/>
    </frame>
    <frame z="0" displayIndex="15" duration="2">
     <transform x="0" y="0" skX="0" skY="0" scX="1" scY="1" pX="0" pY="0"/>
    </frame>
    <frame z="0" displayIndex="16" duration="2">
     <transform x="0" y="0" skX="0" skY="0" scX="1" scY="1" pX="0" pY="0"/>
    </frame>
    <frame z="0" displayIndex="17" duration="2">
     <transform x="0" y="0" skX="0" skY="0" scX="1" scY="1" pX="0" pY="0"/>
    </frame>
    <frame z="0" displayIndex="18" duration="2">
     <transform x="0" y="0" skX="0" skY="0" scX="1" scY="1" pX="0" pY="0"/>
    </frame>
    <frame z="0" displayIndex="19" duration="2">
     <transform x="0" y="0" skX="0" skY="0" scX="1" scY="1" pX="0" pY="0"/>
    </frame>
    <frame z="0" displayIndex="20" duration="2">
     <transform x="0" y="0" skX="0" skY="0" scX="1" scY="1" pX="0" pY="0"/>
    </frame>
    <frame z="0" displayIndex="21" duration="2">
     <transform x="0" y="0" skX="0" skY="0" scX="1" scY="1" pX="0" pY="0"/>
    </frame>
    <frame z="0" displayIndex="22" duration="2">
     <transform x="0" y="0" skX="0" skY="0" scX="1" scY="1" pX="0" pY="0"/>
    </frame>
    <frame z="0" displayIndex="23" duration="2">
     <transform x="0" y="0" skX="0" skY="0" scX="1" scY="1" pX="0" pY="0"/>
    </frame>
    <frame z="0" displayIndex="24" duration="2">
     <transform x="0" y="0" skX="0" skY="0" scX="1" scY="1" pX="0" pY="0"/>
    </frame>
   </timeline>
   <timeline name="Layer 2" scale="1" offset="0">
    <frame z="1" duration="50">
     <transform x="0.15" y="-0.35" skX="0" skY="0" scX="0.9" scY="0.9" pX="0" pY="0"/>
    </frame>
   </timeline>
  </animation>
 </armature>
</dragonBones>