<root name="Level6_mc" isGlobal="0" frameRate="30" version="3.0">
 <armature name="Level6_mc">
  <skin name="default">
   <slot name="map" z="0" parent="map">
    <display name="Shape/shape 9071" type="image">
     <transform scX="1" x="0" scY="1" y="0" pX="20" pY="2" skX="0" skY="0"/>
    </display>
   </slot>
   <slot name="place1" z="1" parent="place1">
    <display name="case" type="image">
     <transform scX="1" x="0" scY="1" y="0" pX="25" pY="25" skX="0" skY="0"/>
    </display>
   </slot>
   <slot name="place2" z="2" parent="place2">
    <display name="case" type="image">
     <transform scX="1" x="0" scY="1" y="0" pX="25" pY="25" skX="0" skY="0"/>
    </display>
   </slot>
   <slot name="place3" z="3" parent="place3">
    <display name="case" type="image">
     <transform scX="1" x="0" scY="1" y="0" pX="25" pY="25" skX="0" skY="0"/>
    </display>
   </slot>
   <slot name="place4" z="4" parent="place4">
    <display name="case" type="image">
     <transform scX="1" x="0" scY="1" y="0" pX="25" pY="25" skX="0" skY="0"/>
    </display>
   </slot>
   <slot name="place5" z="5" parent="place5">
    <display name="case" type="image">
     <transform scX="1" x="0" scY="1" y="0" pX="25" pY="25" skX="0" skY="0"/>
    </display>
   </slot>
   <slot name="place6" z="6" parent="place6">
    <display name="case" type="image">
     <transform scX="1" x="0" scY="1" y="0" pX="25" pY="25" skX="0" skY="0"/>
    </display>
   </slot>
   <slot name="place7" z="7" parent="place7">
    <display name="case" type="image">
     <transform scX="1" x="0" scY="1" y="0" pX="25" pY="25" skX="0" skY="0"/>
    </display>
   </slot>
   <slot name="place8" z="8" parent="place8">
    <display name="case" type="image">
     <transform scX="1" x="0" scY="1" y="0" pX="25" pY="25" skX="0" skY="0"/>
    </display>
   </slot>
   <slot name="flag1" z="9" parent="flag1">
    <display name="case" type="image">
     <transform scX="1" x="0" scY="1" y="0" pX="25" pY="25" skX="0" skY="0"/>
    </display>
   </slot>
   <slot name="flag2" z="10" parent="flag2">
    <display name="case" type="image">
     <transform scX="1" x="0" scY="1" y="0" pX="25" pY="25" skX="0" skY="0"/>
    </display>
   </slot>
   <slot name="pointer1" z="11" parent="pointer1">
    <display name="case" type="image">
     <transform scX="1" x="0" scY="1" y="0" pX="25" pY="25" skX="0" skY="0"/>
    </display>
   </slot>
   <slot name="pointer2" z="12" parent="pointer2">
    <display name="case" type="image">
     <transform scX="1" x="0" scY="1" y="0" pX="25" pY="25" skX="0" skY="0"/>
    </display>
   </slot>
   <slot name="additionally" z="13" parent="additionally">
    <display name="sprite 9073" type="image">
     <transform scX="1" x="0" scY="1" y="0" pX="200" pY="201.8" skX="0" skY="0"/>
    </display>
   </slot>
   <slot name="decorationCase" z="14" parent="decorationCase">
    <display name="case" type="image">
     <transform scX="1" x="0" scY="1" y="0" pX="25" pY="25" skX="0" skY="0"/>
    </display>
   </slot>
  </skin>
  <bone name="place7">
   <transform scX="1" x="418" skX="0" scY="1" y="194" skY="0"/>
  </bone>
  <bone name="place1">
   <transform scX="1" x="153" skX="0" scY="1" y="426" skY="0"/>
  </bone>
  <bone name="place2">
   <transform scX="1" x="243" skX="0" scY="1" y="511" skY="0"/>
  </bone>
  <bone name="place3">
   <transform scX="1" x="313" skX="0" scY="1" y="355" skY="0"/>
  </bone>
  <bone name="place4">
   <transform scX="1" x="411" skX="0" scY="1" y="356" skY="0"/>
  </bone>
  <bone name="place5">
   <transform scX="1" x="521" skX="0" scY="1" y="371" skY="0"/>
  </bone>
  <bone name="place6">
   <transform scX="1" x="679" skX="0" scY="1" y="477" skY="0"/>
  </bone>
  <bone name="map">
   <transform scX="1" x="0" skX="0" scY="1" y="0" skY="0"/>
  </bone>
  <bone name="place8">
   <transform scX="1" x="569" skX="0" scY="1" y="195" skY="0"/>
  </bone>
  <bone name="flag1">
   <transform scX="1" x="785" skX="0" scY="1" y="532" skY="0"/>
  </bone>
  <bone name="flag2">
   <transform scX="1" x="785" skX="0" scY="1" y="475" skY="0"/>
  </bone>
  <bone name="pointer1">
   <transform scX="1" x="45.3" skX="0" scY="1" y="305.3" skY="0"/>
  </bone>
  <bone name="pointer2">
   <transform scX="1" x="684.25" skX="0" scY="1" y="252.3" skY="0"/>
  </bone>
  <bone name="additionally">
   <transform scX="1" x="820" skX="0" scY="1" y="338" skY="0"/>
  </bone>
  <bone name="decorationCase">
   <transform scX="1.81" x="549.35" skX="0" scY="1.55" y="291.9" skY="0"/>
  </bone>
  <animation fadeInTime="0.3" scale="1" loop="1" autoTween="NaN" name="Level6_mc" duration="1" tweenEasing="NaN">
   <timeline pX="0" name="map" pY="0" scale="1" offset="0">
    <frame z="0" duration="1">
     <transform scX="1" x="0" scY="1" y="0" pX="0" pY="0" skX="0" skY="0"/>
    </frame>
   </timeline>
   <timeline pX="0" name="place1" pY="0" scale="1" offset="0">
    <frame z="0" duration="1">
     <transform scX="1" x="0" scY="1" y="0" pX="0" pY="0" skX="0" skY="0"/>
    </frame>
   </timeline>
   <timeline pX="0" name="place2" pY="0" scale="1" offset="0">
    <frame z="0" duration="1">
     <transform scX="1" x="0" scY="1" y="0" pX="0" pY="0" skX="0" skY="0"/>
    </frame>
   </timeline>
   <timeline pX="0" name="place3" pY="0" scale="1" offset="0">
    <frame z="0" duration="1">
     <transform scX="1" x="0" scY="1" y="0" pX="0" pY="0" skX="0" skY="0"/>
    </frame>
   </timeline>
   <timeline pX="0" name="place4" pY="0" scale="1" offset="0">
    <frame z="0" duration="1">
     <transform scX="1" x="0" scY="1" y="0" pX="0" pY="0" skX="0" skY="0"/>
    </frame>
   </timeline>
   <timeline pX="0" name="place5" pY="0" scale="1" offset="0">
    <frame z="0" duration="1">
     <transform scX="1" x="0" scY="1" y="0" pX="0" pY="0" skX="0" skY="0"/>
    </frame>
   </timeline>
   <timeline pX="0" name="place6" pY="0" scale="1" offset="0">
    <frame z="0" duration="1">
     <transform scX="1" x="0" scY="1" y="0" pX="0" pY="0" skX="0" skY="0"/>
    </frame>
   </timeline>
   <timeline pX="0" name="place7" pY="0" scale="1" offset="0">
    <frame z="0" duration="1">
     <transform scX="1" x="0" scY="1" y="0" pX="0" pY="0" skX="0" skY="0"/>
    </frame>
   </timeline>
   <timeline pX="0" name="place8" pY="0" scale="1" offset="0">
    <frame z="0" duration="1">
     <transform scX="1" x="0" scY="1" y="0" pX="0" pY="0" skX="0" skY="0"/>
    </frame>
   </timeline>
   <timeline pX="0" name="flag1" pY="0" scale="1" offset="0">
    <frame z="0" duration="1">
     <transform scX="1" x="0" scY="1" y="0" pX="0" pY="0" skX="0" skY="0"/>
    </frame>
   </timeline>
   <timeline pX="0" name="flag2" pY="0" scale="1" offset="0">
    <frame z="0" duration="1">
     <transform scX="1" x="0" scY="1" y="0" pX="0" pY="0" skX="0" skY="0"/>
    </frame>
   </timeline>
   <timeline pX="0" name="pointer1" pY="0" scale="1" offset="0">
    <frame z="0" duration="1">
     <transform scX="1" x="0" scY="1" y="0" pX="0" pY="0" skX="0" skY="0"/>
    </frame>
   </timeline>
   <timeline pX="0" name="pointer2" pY="0" scale="1" offset="0">
    <frame z="0" duration="1">
     <transform scX="1" x="0" scY="1" y="0" pX="0" pY="0" skX="0" skY="0"/>
    </frame>
   </timeline>
   <timeline pX="0" name="additionally" pY="0" scale="1" offset="0">
    <frame z="0" duration="1">
     <transform scX="1" x="0" scY="1" y="0" pX="0" pY="0" skX="0" skY="0"/>
    </frame>
   </timeline>
   <timeline pX="0" name="decorationCase" pY="0" scale="1" offset="0">
    <frame z="0" duration="1">
     <transform scX="1" x="0" scY="1" y="0" pX="0" pY="0" skX="0" skY="0"/>
    </frame>
   </timeline>
  </animation>
 </armature>
</root>