<root name="BulletTower8_2_mc" isGlobal="0" frameRate="30" version="3.0">
 <armature name="BulletTower8_2_mc">
  <skin name="default">
   <slot name="Layer 1" z="0" parent="Layer 1">
    <display name="Shape/shape 10325" type="image">
     <transform scX="1" x="0" scY="1" y="0" pX="69" pY="56" skX="0" skY="0"/>
    </display>
    <display name="Shape/shape 10327" type="image">
     <transform scX="1" x="0" scY="1" y="0" pX="69" pY="56" skX="0" skY="0"/>
    </display>
    <display name="Shape/shape 10329" type="image">
     <transform scX="1" x="0" scY="1" y="0" pX="69" pY="56" skX="0" skY="0"/>
    </display>
    <display name="Shape/shape 10331" type="image">
     <transform scX="1" x="0" scY="1" y="0" pX="69" pY="56" skX="0" skY="0"/>
    </display>
    <display name="Shape/shape 10333" type="image">
     <transform scX="1" x="0" scY="1" y="0" pX="69" pY="56" skX="0" skY="0"/>
    </display>
    <display name="Shape/shape 10335" type="image">
     <transform scX="1" x="0" scY="1" y="0" pX="69" pY="56" skX="0" skY="0"/>
    </display>
    <display name="Shape/shape 10337" type="image">
     <transform scX="1" x="0" scY="1" y="0" pX="69" pY="56" skX="0" skY="0"/>
    </display>
    <display name="Shape/shape 10339" type="image">
     <transform scX="1" x="0" scY="1" y="0" pX="69" pY="56" skX="0" skY="0"/>
    </display>
    <display name="Shape/shape 10341" type="image">
     <transform scX="1" x="0" scY="1" y="0" pX="69" pY="56" skX="0" skY="0"/>
    </display>
    <display name="Shape/shape 10343" type="image">
     <transform scX="1" x="0" scY="1" y="0" pX="69" pY="56" skX="0" skY="0"/>
    </display>
   </slot>
  </skin>
  <bone name="Layer 1">
   <transform scX="1" x="0" skX="0" scY="1" y="0" skY="0"/>
  </bone>
  <animation fadeInTime="0.3" scale="1" loop="1" autoTween="NaN" name="BulletTower8_2_mc" duration="44" tweenEasing="NaN">
   <timeline pX="0" name="Layer 1" pY="0" scale="1" offset="0">
    <frame displayIndex="-1" duration="1"/>
    <frame z="0" duration="14">
     <transform scX="1" x="0" scY="1" y="0" pX="0" pY="0" skX="0" skY="0"/>
    </frame>
    <frame displayIndex="1" z="0" duration="9">
     <transform scX="1" x="0" scY="1" y="0" pX="0" pY="0" skX="0" skY="0"/>
    </frame>
    <frame displayIndex="2" z="0" duration="6">
     <transform scX="1" x="0" scY="1" y="0" pX="0" pY="0" skX="0" skY="0"/>
    </frame>
    <frame displayIndex="3" z="0" duration="1">
     <transform scX="1" x="0" scY="1" y="0" pX="0" pY="0" skX="0" skY="0"/>
    </frame>
    <frame displayIndex="4" z="0" duration="2">
     <transform scX="1" x="0" scY="1" y="0" pX="0" pY="0" skX="0" skY="0"/>
    </frame>
    <frame displayIndex="5" z="0" duration="2">
     <transform scX="1" x="0" scY="1" y="0" pX="0" pY="0" skX="0" skY="0"/>
    </frame>
    <frame displayIndex="6" z="0" duration="2">
     <transform scX="1" x="0" scY="1" y="0" pX="0" pY="0" skX="0" skY="0"/>
    </frame>
    <frame displayIndex="7" z="0" duration="2">
     <transform scX="1" x="0" scY="1" y="0" pX="0" pY="0" skX="0" skY="0"/>
    </frame>
    <frame displayIndex="8" z="0" duration="2">
     <transform scX="1" x="0" scY="1" y="0" pX="0" pY="0" skX="0" skY="0"/>
    </frame>
    <frame displayIndex="9" z="0" duration="2">
     <transform scX="1" x="0" scY="1" y="0" pX="0" pY="0" skX="0" skY="0"/>
    </frame>
    <frame displayIndex="9" z="0" duration="1">
     <transform scX="1" x="0" scY="1" y="0" pX="0" pY="0" skX="0" skY="0"/>
    </frame>
   </timeline>
  </animation>
 </armature>
</root>