<root name="CastMask1_mc" isGlobal="0" frameRate="30" version="3.0">
 <armature name="CastMask1_mc">
  <skin name="default">
   <slot name="castGolemCase" z="0" parent="castGolemCase">
    <display name="castCase" type="image">
     <transform scX="1" x="0" scY="1" y="0" pX="25" pY="25" skX="0" skY="0"/>
    </display>
   </slot>
   <slot name="castIcemanCase" z="1" parent="castIcemanCase">
    <display name="castCase" type="image">
     <transform scX="1" x="0" scY="1" y="0" pX="25" pY="25" skX="0" skY="0"/>
    </display>
   </slot>
   <slot name="castAirCase" z="2" parent="castAirCase">
    <display name="castCase" type="image">
     <transform scX="1" x="0" scY="1" y="0" pX="25" pY="25" skX="0" skY="0"/>
    </display>
   </slot>
  </skin>
  <bone name="castGolemCase">
   <transform scX="1.34" x="53" skX="0" scY="1.2" y="-30" skY="0"/>
  </bone>
  <bone name="castIcemanCase">
   <transform scX="1.34" x="119.5" skX="0" scY="1.2" y="-30" skY="0"/>
  </bone>
  <bone name="castAirCase">
   <transform scX="1.34" x="186" skX="0" scY="1.2" y="-30" skY="0"/>
  </bone>
  <animation fadeInTime="0.3" scale="5" loop="0" autoTween="NaN" name="CastMask1_mc" duration="2" tweenEasing="2">
   <timeline pX="0" name="castGolemCase" pY="0" scale="1" offset="0">
    <frame z="0" duration="2">
     <transform scX="1" x="0" scY="1" y="0" pX="0" pY="0" skX="0" skY="0"/>
    </frame>
   </timeline>
   <timeline pX="0" name="castIcemanCase" pY="0" scale="1" offset="0">
    <frame z="0" duration="2">
     <transform scX="1" x="0" scY="1" y="0" pX="0" pY="0" skX="0" skY="0"/>
    </frame>
   </timeline>
   <timeline pX="0" name="castAirCase" pY="0" scale="1" offset="0">
    <frame z="0" duration="2">
     <transform scX="1" x="0" scY="1" y="0" pX="0" pY="0" skX="0" skY="0"/>
    </frame>
   </timeline>
  </animation>
 </armature>
</root>