<root name="IceRoad_mc" isGlobal="0" frameRate="30" version="3.0">
 <armature name="IceRoad_mc">
  <skin name="default">
   <slot name="cont" z="0" parent="cont">
    <display name="Shape/shape 1043" type="image">
     <transform scX="1" x="0" scY="1" y="0" pX="25" pY="22" skX="0" skY="0"/>
    </display>
    <display name="Shape/shape 1045" type="image">
     <transform scX="1" x="0" scY="1" y="0" pX="25" pY="22" skX="0" skY="0"/>
    </display>
    <display name="Shape/shape 1047" type="image">
     <transform scX="1" x="0" scY="1" y="0" pX="25" pY="22" skX="0" skY="0"/>
    </display>
    <display name="Shape/shape 1049" type="image">
     <transform scX="1" x="0" scY="1" y="0" pX="25" pY="22" skX="0" skY="0"/>
    </display>
    <display name="Shape/shape 1051" type="image">
     <transform scX="1" x="0" scY="1" y="0" pX="25" pY="22" skX="0" skY="0"/>
    </display>
    <display name="Shape/shape 1053" type="image">
     <transform scX="1" x="0" scY="1" y="0" pX="25" pY="22" skX="0" skY="0"/>
    </display>
    <display name="Shape/shape 1055" type="image">
     <transform scX="1" x="0" scY="1" y="0" pX="25" pY="22" skX="0" skY="0"/>
    </display>
    <display name="Shape/shape 1057" type="image">
     <transform scX="1" x="0" scY="1" y="0" pX="25" pY="22" skX="0" skY="0"/>
    </display>
    <display name="Shape/shape 1059" type="image">
     <transform scX="1" x="0" scY="1" y="0" pX="25" pY="22" skX="0" skY="0"/>
    </display>
   </slot>
  </skin>
  <bone name="cont">
   <transform scX="1" x="0" skX="0" scY="1" y="0" skY="0"/>
  </bone>
  <animation fadeInTime="0.3" scale="1" loop="1" autoTween="NaN" name="IceRoad_mc" duration="26" tweenEasing="NaN">
   <timeline pX="0" name="cont" pY="0" scale="1" offset="0">
    <frame z="0" duration="3">
     <transform scX="1" x="0" scY="1" y="0" pX="0" pY="0" skX="0" skY="0"/>
    </frame>
    <frame displayIndex="1" z="0" duration="3">
     <transform scX="1" x="0" scY="1" y="0" pX="0" pY="0" skX="0" skY="0"/>
    </frame>
    <frame displayIndex="2" z="0" duration="3">
     <transform scX="1" x="0" scY="1" y="0" pX="0" pY="0" skX="0" skY="0"/>
    </frame>
    <frame displayIndex="3" z="0" duration="3">
     <transform scX="1" x="0" scY="1" y="0" pX="0" pY="0" skX="0" skY="0"/>
    </frame>
    <frame displayIndex="4" z="0" duration="3">
     <transform scX="1" x="0" scY="1" y="0" pX="0" pY="0" skX="0" skY="0"/>
    </frame>
    <frame displayIndex="5" z="0" duration="3">
     <transform scX="1" x="0" scY="1" y="0" pX="0" pY="0" skX="0" skY="0"/>
    </frame>
    <frame displayIndex="6" z="0" duration="3">
     <transform scX="1" x="0" scY="1" y="0" pX="0" pY="0" skX="0" skY="0"/>
    </frame>
    <frame displayIndex="7" z="0" duration="3">
     <transform scX="1" x="0" scY="1" y="0" pX="0" pY="0" skX="0" skY="0"/>
    </frame>
    <frame displayIndex="8" z="0" duration="1">
     <transform scX="1" x="0" scY="1" y="0" pX="0" pY="0" skX="0" skY="0"/>
    </frame>
    <frame displayIndex="8" z="0" duration="1">
     <transform scX="1" x="0" scY="1" y="0" pX="0" pY="0" skX="0" skY="0"/>
    </frame>
   </timeline>
  </animation>
 </armature>
</root>