<root name="Unit25_mc" isGlobal="0" frameRate="30" version="3.0">
 <armature name="Unit25_mc">
  <skin name="default">
   <slot name="dust4" z="0" parent="dust4">
    <display name="dust4" type="image">
     <transform scX="1" x="0" scY="1" y="0" pX="25" pY="25" skX="0" skY="0"/>
    </display>
   </slot>
   <slot name="selectUnit" z="1" parent="selectUnit">
    <display name="selectUnit" type="image">
     <transform scX="1" x="0" scY="1" y="0" pX="25" pY="25" skX="0" skY="0"/>
    </display>
   </slot>
   <slot name="shadow" z="2" parent="shadow">
    <display name="sprite 2367" type="image">
     <transform scX="1" x="0" scY="1" y="0" pX="20" pY="5.5" skX="0" skY="0"/>
    </display>
   </slot>
   <slot name="cont" z="3" parent="cont">
    <display name="cont" type="armature">
     <transform scX="1" x="0" skX="0" scY="1" y="0" skY="0"/>
    </display>
   </slot>
   <slot name="healthBar" z="4" parent="healthBar">
    <display name="healthBar" type="image">
     <transform scX="1" x="0" scY="1" y="0" pX="25" pY="25" skX="0" skY="0"/>
    </display>
   </slot>
   <slot name="armor" z="5" parent="armor">
    <display name="armor" type="image">
     <transform scX="1" x="0" scY="1" y="0" pX="25" pY="25" skX="0" skY="0"/>
    </display>
   </slot>
   <slot name="iceEffect" z="6" parent="iceEffect">
    <display name="iceEffect" type="image">
     <transform scX="1" x="0" scY="1" y="0" pX="25" pY="25" skX="0" skY="0"/>
    </display>
   </slot>
   <slot name="fireEffect" z="7" parent="fireEffect">
    <display name="fireEffect" type="image">
     <transform scX="1" x="0" scY="1" y="0" pX="25" pY="25" skX="0" skY="0"/>
    </display>
   </slot>
   <slot name="iceFreez" z="8" parent="iceFreez">
    <display name="iceFreez" type="image">
     <transform scX="1" x="0" scY="1" y="0" pX="25" pY="25" skX="0" skY="0"/>
    </display>
   </slot>
   <slot name="levinAttack" z="9" parent="levinAttack">
    <display name="levinattack" type="image">
     <transform scX="1" x="0" scY="1" y="0" pX="25" pY="25" skX="0" skY="0"/>
    </display>
   </slot>
   <slot name="iceAttack" z="10" parent="iceAttack">
    <display name="iceattack" type="image">
     <transform scX="1" x="0" scY="1" y="0" pX="25" pY="25" skX="0" skY="0"/>
    </display>
   </slot>
   <slot name="fireAttack" z="11" parent="fireAttack">
    <display name="fireattack" type="image">
     <transform scX="1" x="0" scY="1" y="0" pX="25" pY="25" skX="0" skY="0"/>
    </display>
   </slot>
   <slot name="dust3" z="12" parent="dust3">
    <display name="dust3" type="image">
     <transform scX="1" x="0" scY="1" y="0" pX="25" pY="25" skX="0" skY="0"/>
    </display>
   </slot>
   <slot name="dust2" z="13" parent="dust2">
    <display name="dust2" type="image">
     <transform scX="1" x="0" scY="1" y="0" pX="25" pY="25" skX="0" skY="0"/>
    </display>
   </slot>
   <slot name="dust1" z="14" parent="dust1">
    <display name="dust1" type="image">
     <transform scX="1" x="0" scY="1" y="0" pX="25" pY="25" skX="0" skY="0"/>
    </display>
   </slot>
   <slot name="buffSpeed" z="15" parent="buffSpeed">
    <display name="buffSpeed" type="image">
     <transform scX="1" x="0" scY="1" y="0" pX="25" pY="25" skX="0" skY="0"/>
    </display>
   </slot>
   <slot name="airShock" z="16" parent="airShock">
    <display name="airShock" type="image">
     <transform scX="1" x="0" scY="1" y="0" pX="25" pY="25" skX="0" skY="0"/>
    </display>
   </slot>
   <slot name="buffHP" z="17" parent="buffHP">
    <display name="buffHP" type="image">
     <transform scX="1" x="0" scY="1" y="0" pX="25" pY="25" skX="0" skY="0"/>
    </display>
   </slot>
   <slot name="unitCase" z="18" parent="unitCase">
    <display name="case" type="image">
     <transform scX="1" x="0" scY="1" y="0" pX="25" pY="25" skX="0" skY="0"/>
    </display>
   </slot>
  </skin>
  <bone name="levinAttack">
   <transform scX="1" x="3" skX="0" scY="1" y="-8" skY="0"/>
  </bone>
  <bone name="selectUnit">
   <transform scX="1.47" x="-0.7" skX="0" scY="1.47" y="0" skY="0"/>
  </bone>
  <bone name="shadow">
   <transform scX="0.66" x="0" skX="0" scY="0.66" y="3" skY="0"/>
  </bone>
  <bone name="cont">
   <transform scX="1" x="0" skX="0" scY="1" y="0" skY="0"/>
  </bone>
  <bone name="healthBar">
   <transform scX="1" x="0" skX="0" scY="1" y="-26" skY="0"/>
  </bone>
  <bone name="armor">
   <transform scX="0.76" x="-1" skX="0" scY="0.76" y="0" skY="0"/>
  </bone>
  <bone name="iceEffect">
   <transform scX="0.46" x="3" skX="0" scY="0.46" y="0" skY="0"/>
  </bone>
  <bone name="fireEffect">
   <transform scX="0.69" x="1" skX="0" scY="0.69" y="-24" skY="0"/>
  </bone>
  <bone name="iceFreez">
   <transform scX="0.68" x="0" skX="0" scY="0.68" y="-10" skY="0"/>
  </bone>
  <bone name="dust4">
   <transform scX="1" x="1" skX="0" scY="1" y="-5" skY="0"/>
  </bone>
  <bone name="iceAttack">
   <transform scX="0.7" x="0" skX="0" scY="0.7" y="-8" skY="0"/>
  </bone>
  <bone name="fireAttack">
   <transform scX="0.7" x="2" skX="0" scY="0.7" y="-5" skY="0"/>
  </bone>
  <bone name="dust3">
   <transform scX="1" x="2" skX="0" scY="1" y="0" skY="0"/>
  </bone>
  <bone name="dust2">
   <transform scX="0.46" x="2" skX="0" scY="0.46" y="2" skY="0"/>
  </bone>
  <bone name="dust1">
   <transform scX="0.46" x="-1" skX="0" scY="0.46" y="1" skY="0"/>
  </bone>
  <bone name="buffSpeed">
   <transform scX="0.4" x="-15" skX="0" scY="0.4" y="-8" skY="0"/>
  </bone>
  <bone name="airShock">
   <transform scX="1.2" x="0" skX="0" scY="1.2" y="-26" skY="0"/>
  </bone>
  <bone name="buffHP">
   <transform scX="1" x="0" skX="0" scY="1" y="-13" skY="0"/>
  </bone>
  <bone name="unitCase">
   <transform scX="0.53" x="-0.75" skX="0" scY="0.6" y="-9.05" skY="0"/>
  </bone>
  <animation fadeInTime="0.3" scale="1" loop="1" autoTween="NaN" name="Unit25_mc" duration="1" tweenEasing="NaN">
   <timeline pX="0" name="dust4" pY="0" scale="1" offset="0">
    <frame z="0" duration="1">
     <transform scX="1" x="0" scY="1" y="0" pX="0" pY="0" skX="0" skY="0"/>
    </frame>
   </timeline>
   <timeline pX="0" name="selectUnit" pY="0" scale="1" offset="0">
    <frame z="0" duration="1">
     <transform scX="1" x="0" scY="1" y="0" pX="0" pY="0" skX="0" skY="0"/>
    </frame>
   </timeline>
   <timeline pX="0" name="shadow" pY="0" scale="1" offset="0">
    <frame z="0" duration="1">
     <transform scX="1" x="0" scY="1" y="0" pX="0" pY="0" skX="0" skY="0"/>
    </frame>
   </timeline>
   <timeline pX="0" name="cont" pY="0" scale="1" offset="0">
    <frame z="0" duration="1">
     <transform scX="1" x="0" scY="1" y="0" pX="0" pY="0" skX="0" skY="0"/>
    </frame>
   </timeline>
   <timeline pX="0" name="healthBar" pY="0" scale="1" offset="0">
    <frame z="0" duration="1">
     <transform scX="1" x="0" scY="1" y="0" pX="0" pY="0" skX="0" skY="0"/>
    </frame>
   </timeline>
   <timeline pX="0" name="armor" pY="0" scale="1" offset="0">
    <frame z="0" duration="1">
     <transform scX="1" x="0" scY="1" y="0" pX="0" pY="0" skX="0" skY="0"/>
    </frame>
   </timeline>
   <timeline pX="0" name="iceEffect" pY="0" scale="1" offset="0">
    <frame z="0" duration="1">
     <transform scX="1" x="0" scY="1" y="0" pX="0" pY="0" skX="0" skY="0"/>
    </frame>
   </timeline>
   <timeline pX="0" name="fireEffect" pY="0" scale="1" offset="0">
    <frame z="0" duration="1">
     <transform scX="1" x="0" scY="1" y="0" pX="0" pY="0" skX="0" skY="0"/>
    </frame>
   </timeline>
   <timeline pX="0" name="iceFreez" pY="0" scale="1" offset="0">
    <frame z="0" duration="1">
     <transform scX="1" x="0" scY="1" y="0" pX="0" pY="0" skX="0" skY="0"/>
    </frame>
   </timeline>
   <timeline pX="0" name="levinAttack" pY="0" scale="1" offset="0">
    <frame z="0" duration="1">
     <transform scX="1" x="0" scY="1" y="0" pX="0" pY="0" skX="0" skY="0"/>
    </frame>
   </timeline>
   <timeline pX="0" name="iceAttack" pY="0" scale="1" offset="0">
    <frame z="0" duration="1">
     <transform scX="1" x="0" scY="1" y="0" pX="0" pY="0" skX="0" skY="0"/>
    </frame>
   </timeline>
   <timeline pX="0" name="fireAttack" pY="0" scale="1" offset="0">
    <frame z="0" duration="1">
     <transform scX="1" x="0" scY="1" y="0" pX="0" pY="0" skX="0" skY="0"/>
    </frame>
   </timeline>
   <timeline pX="0" name="dust3" pY="0" scale="1" offset="0">
    <frame z="0" duration="1">
     <transform scX="1" x="0" scY="1" y="0" pX="0" pY="0" skX="0" skY="0"/>
    </frame>
   </timeline>
   <timeline pX="0" name="dust2" pY="0" scale="1" offset="0">
    <frame z="0" duration="1">
     <transform scX="1" x="0" scY="1" y="0" pX="0" pY="0" skX="0" skY="0"/>
    </frame>
   </timeline>
   <timeline pX="0" name="dust1" pY="0" scale="1" offset="0">
    <frame z="0" duration="1">
     <transform scX="1" x="0" scY="1" y="0" pX="0" pY="0" skX="0" skY="0"/>
    </frame>
   </timeline>
   <timeline pX="0" name="buffSpeed" pY="0" scale="1" offset="0">
    <frame z="0" duration="1">
     <transform scX="1" x="0" scY="1" y="0" pX="0" pY="0" skX="0" skY="0"/>
    </frame>
   </timeline>
   <timeline pX="0" name="airShock" pY="0" scale="1" offset="0">
    <frame z="0" duration="1">
     <transform scX="1" x="0" scY="1" y="0" pX="0" pY="0" skX="0" skY="0"/>
    </frame>
   </timeline>
   <timeline pX="0" name="buffHP" pY="0" scale="1" offset="0">
    <frame z="0" duration="1">
     <transform scX="1" x="0" scY="1" y="0" pX="0" pY="0" skX="0" skY="0"/>
    </frame>
   </timeline>
   <timeline pX="0" name="unitCase" pY="0" scale="1" offset="0">
    <frame z="0" duration="1">
     <transform scX="1" x="0" scY="1" y="0" pX="0" pY="0" skX="0" skY="0"/>
    </frame>
   </timeline>
  </animation>
 </armature>
 <armature name="cont">
  <skin name="default">
   <slot name="cont" z="0" parent="cont">
    <display name="Shape/shape 3383" type="image">
     <transform scX="1" x="0" scY="1" y="0" pX="21" pY="41" skX="0" skY="0"/>
    </display>
    <display name="Shape/shape 3385" type="image">
     <transform scX="1" x="0" scY="1" y="0" pX="21" pY="41" skX="0" skY="0"/>
    </display>
    <display name="Shape/shape 3387" type="image">
     <transform scX="1" x="0" scY="1" y="0" pX="21" pY="41" skX="0" skY="0"/>
    </display>
    <display name="Shape/shape 3389" type="image">
     <transform scX="1" x="0" scY="1" y="0" pX="21" pY="41" skX="0" skY="0"/>
    </display>
    <display name="Shape/shape 3391" type="image">
     <transform scX="1" x="0" scY="1" y="0" pX="21" pY="41" skX="0" skY="0"/>
    </display>
    <display name="Shape/shape 3393" type="image">
     <transform scX="1" x="0" scY="1" y="0" pX="21" pY="41" skX="0" skY="0"/>
    </display>
    <display name="Shape/shape 3395" type="image">
     <transform scX="1" x="0" scY="1" y="0" pX="21" pY="41" skX="0" skY="0"/>
    </display>
    <display name="Shape/shape 3397" type="image">
     <transform scX="1" x="0" scY="1" y="0" pX="21" pY="41" skX="0" skY="0"/>
    </display>
    <display name="Shape/shape 3399" type="image">
     <transform scX="1" x="0" scY="1" y="0" pX="21" pY="41" skX="0" skY="0"/>
    </display>
    <display name="Shape/shape 3401" type="image">
     <transform scX="1" x="0" scY="1" y="0" pX="21" pY="41" skX="0" skY="0"/>
    </display>
    <display name="Shape/shape 3403" type="image">
     <transform scX="1" x="0" scY="1" y="0" pX="21" pY="41" skX="0" skY="0"/>
    </display>
    <display name="Shape/shape 3405" type="image">
     <transform scX="1" x="0" scY="1" y="0" pX="21" pY="41" skX="0" skY="0"/>
    </display>
    <display name="Shape/shape 3407" type="image">
     <transform scX="1" x="0" scY="1" y="0" pX="21" pY="41" skX="0" skY="0"/>
    </display>
    <display name="Shape/shape 3409" type="image">
     <transform scX="1" x="0" scY="1" y="0" pX="21" pY="41" skX="0" skY="0"/>
    </display>
    <display name="Shape/shape 3411" type="image">
     <transform scX="1" x="0" scY="1" y="0" pX="21" pY="41" skX="0" skY="0"/>
    </display>
    <display name="Shape/shape 3413" type="image">
     <transform scX="1" x="0" scY="1" y="0" pX="21" pY="41" skX="0" skY="0"/>
    </display>
    <display name="Shape/shape 3415" type="image">
     <transform scX="1" x="0" scY="1" y="0" pX="21" pY="41" skX="0" skY="0"/>
    </display>
    <display name="Shape/shape 3417" type="image">
     <transform scX="1" x="0" scY="1" y="0" pX="21" pY="41" skX="0" skY="0"/>
    </display>
    <display name="Shape/shape 3419" type="image">
     <transform scX="1" x="0" scY="1" y="0" pX="21" pY="41" skX="0" skY="0"/>
    </display>
    <display name="Shape/shape 3421" type="image">
     <transform scX="1" x="0" scY="1" y="0" pX="21" pY="41" skX="0" skY="0"/>
    </display>
    <display name="Shape/shape 3423" type="image">
     <transform scX="1" x="0" scY="1" y="0" pX="20" pY="41" skX="0" skY="0"/>
    </display>
    <display name="Shape/shape 3425" type="image">
     <transform scX="1" x="0" scY="1" y="0" pX="20" pY="41" skX="0" skY="0"/>
    </display>
    <display name="Shape/shape 3427" type="image">
     <transform scX="1" x="0" scY="1" y="0" pX="20" pY="41" skX="0" skY="0"/>
    </display>
    <display name="Shape/shape 3429" type="image">
     <transform scX="1" x="0" scY="1" y="0" pX="20" pY="41" skX="0" skY="0"/>
    </display>
    <display name="Shape/shape 3431" type="image">
     <transform scX="1" x="0" scY="1" y="0" pX="20" pY="41" skX="0" skY="0"/>
    </display>
    <display name="Shape/shape 3433" type="image">
     <transform scX="1" x="0" scY="1" y="0" pX="20" pY="41" skX="0" skY="0"/>
    </display>
    <display name="Shape/shape 3435" type="image">
     <transform scX="1" x="0" scY="1" y="0" pX="20" pY="41" skX="0" skY="0"/>
    </display>
    <display name="Shape/shape 3437" type="image">
     <transform scX="1" x="0" scY="1" y="0" pX="20" pY="41" skX="0" skY="0"/>
    </display>
    <display name="Shape/shape 3439" type="image">
     <transform scX="1" x="0" scY="1" y="0" pX="20" pY="41" skX="0" skY="0"/>
    </display>
    <display name="Shape/shape 3441" type="image">
     <transform scX="1" x="0" scY="1" y="0" pX="20" pY="41" skX="0" skY="0"/>
    </display>
    <display name="Shape/shape 3443" type="image">
     <transform scX="1" x="0" scY="1" y="0" pX="20" pY="41" skX="0" skY="0"/>
    </display>
    <display name="Shape/shape 3445" type="image">
     <transform scX="1" x="0" scY="1" y="0" pX="20" pY="41" skX="0" skY="0"/>
    </display>
    <display name="Shape/shape 3447" type="image">
     <transform scX="1" x="0" scY="1" y="0" pX="20" pY="41" skX="0" skY="0"/>
    </display>
    <display name="Shape/shape 3449" type="image">
     <transform scX="1" x="0" scY="1" y="0" pX="20" pY="41" skX="0" skY="0"/>
    </display>
    <display name="Shape/shape 3451" type="image">
     <transform scX="1" x="0" scY="1" y="0" pX="20" pY="41" skX="0" skY="0"/>
    </display>
    <display name="Shape/shape 3453" type="image">
     <transform scX="1" x="0" scY="1" y="0" pX="20" pY="41" skX="0" skY="0"/>
    </display>
    <display name="Shape/shape 3455" type="image">
     <transform scX="1" x="0" scY="1" y="0" pX="20" pY="41" skX="0" skY="0"/>
    </display>
    <display name="Shape/shape 3457" type="image">
     <transform scX="1" x="0" scY="1" y="0" pX="20" pY="41" skX="0" skY="0"/>
    </display>
    <display name="Shape/shape 3459" type="image">
     <transform scX="1" x="0" scY="1" y="0" pX="20" pY="41" skX="0" skY="0"/>
    </display>
    <display name="Shape/shape 3461" type="image">
     <transform scX="1" x="0" scY="1" y="0" pX="20" pY="41" skX="0" skY="0"/>
    </display>
   </slot>
  </skin>
  <bone name="cont">
   <transform scX="1" x="0" skX="0" scY="1" y="0" skY="0"/>
  </bone>
  <animation fadeInTime="0.3" scale="1" loop="1" autoTween="NaN" name="cont" duration="80" tweenEasing="NaN">
   <timeline pX="0" name="cont" pY="0" scale="1" offset="0">
    <frame z="0" duration="2">
     <transform scX="1" x="0" scY="1" y="0" pX="0" pY="0" skX="0" skY="0"/>
    </frame>
    <frame displayIndex="1" z="0" duration="2">
     <transform scX="1" x="0" scY="1" y="0" pX="0" pY="0" skX="0" skY="0"/>
    </frame>
    <frame displayIndex="2" z="0" duration="2">
     <transform scX="1" x="0" scY="1" y="0" pX="0" pY="0" skX="0" skY="0"/>
    </frame>
    <frame displayIndex="3" z="0" duration="2">
     <transform scX="1" x="0" scY="1" y="0" pX="0" pY="0" skX="0" skY="0"/>
    </frame>
    <frame displayIndex="4" z="0" duration="2">
     <transform scX="1" x="0" scY="1" y="0" pX="0" pY="0" skX="0" skY="0"/>
    </frame>
    <frame displayIndex="5" z="0" duration="2">
     <transform scX="1" x="0" scY="1" y="0" pX="0" pY="0" skX="0" skY="0"/>
    </frame>
    <frame displayIndex="6" z="0" duration="2">
     <transform scX="1" x="0" scY="1" y="0" pX="0" pY="0" skX="0" skY="0"/>
    </frame>
    <frame displayIndex="7" z="0" duration="2">
     <transform scX="1" x="0" scY="1" y="0" pX="0" pY="0" skX="0" skY="0"/>
    </frame>
    <frame displayIndex="8" z="0" duration="2">
     <transform scX="1" x="0" scY="1" y="0" pX="0" pY="0" skX="0" skY="0"/>
    </frame>
    <frame displayIndex="9" z="0" duration="2">
     <transform scX="1" x="0" scY="1" y="0" pX="0" pY="0" skX="0" skY="0"/>
    </frame>
    <frame displayIndex="10" z="0" duration="2">
     <transform scX="1" x="0" scY="1" y="0" pX="0" pY="0" skX="0" skY="0"/>
    </frame>
    <frame displayIndex="11" z="0" duration="2">
     <transform scX="1" x="0" scY="1" y="0" pX="0" pY="0" skX="0" skY="0"/>
    </frame>
    <frame displayIndex="12" z="0" duration="2">
     <transform scX="1" x="0" scY="1" y="0" pX="0" pY="0" skX="0" skY="0"/>
    </frame>
    <frame displayIndex="13" z="0" duration="2">
     <transform scX="1" x="0" scY="1" y="0" pX="0" pY="0" skX="0" skY="0"/>
    </frame>
    <frame displayIndex="14" z="0" duration="2">
     <transform scX="1" x="0" scY="1" y="0" pX="0" pY="0" skX="0" skY="0"/>
    </frame>
    <frame displayIndex="15" z="0" duration="2">
     <transform scX="1" x="0" scY="1" y="0" pX="0" pY="0" skX="0" skY="0"/>
    </frame>
    <frame displayIndex="16" z="0" duration="2">
     <transform scX="1" x="0" scY="1" y="0" pX="0" pY="0" skX="0" skY="0"/>
    </frame>
    <frame displayIndex="17" z="0" duration="2">
     <transform scX="1" x="0" scY="1" y="0" pX="0" pY="0" skX="0" skY="0"/>
    </frame>
    <frame displayIndex="18" z="0" duration="2">
     <transform scX="1" x="0" scY="1" y="0" pX="0" pY="0" skX="0" skY="0"/>
    </frame>
    <frame displayIndex="19" z="0" duration="2">
     <transform scX="1" x="0" scY="1" y="0" pX="0" pY="0" skX="0" skY="0"/>
    </frame>
    <frame displayIndex="20" z="0" duration="2">
     <transform scX="1" x="0" scY="1" y="0" pX="0" pY="0" skX="0" skY="0"/>
    </frame>
    <frame displayIndex="21" z="0" duration="2">
     <transform scX="1" x="0" scY="1" y="0" pX="0" pY="0" skX="0" skY="0"/>
    </frame>
    <frame displayIndex="22" z="0" duration="2">
     <transform scX="1" x="0" scY="1" y="0" pX="0" pY="0" skX="0" skY="0"/>
    </frame>
    <frame displayIndex="23" z="0" duration="2">
     <transform scX="1" x="0" scY="1" y="0" pX="0" pY="0" skX="0" skY="0"/>
    </frame>
    <frame displayIndex="24" z="0" duration="2">
     <transform scX="1" x="0" scY="1" y="0" pX="0" pY="0" skX="0" skY="0"/>
    </frame>
    <frame displayIndex="25" z="0" duration="2">
     <transform scX="1" x="0" scY="1" y="0" pX="0" pY="0" skX="0" skY="0"/>
    </frame>
    <frame displayIndex="26" z="0" duration="2">
     <transform scX="1" x="0" scY="1" y="0" pX="0" pY="0" skX="0" skY="0"/>
    </frame>
    <frame displayIndex="27" z="0" duration="2">
     <transform scX="1" x="0" scY="1" y="0" pX="0" pY="0" skX="0" skY="0"/>
    </frame>
    <frame displayIndex="28" z="0" duration="2">
     <transform scX="1" x="0" scY="1" y="0" pX="0" pY="0" skX="0" skY="0"/>
    </frame>
    <frame displayIndex="29" z="0" duration="2">
     <transform scX="1" x="0" scY="1" y="0" pX="0" pY="0" skX="0" skY="0"/>
    </frame>
    <frame displayIndex="30" z="0" duration="2">
     <transform scX="1" x="0" scY="1" y="0" pX="0" pY="0" skX="0" skY="0"/>
    </frame>
    <frame displayIndex="31" z="0" duration="2">
     <transform scX="1" x="0" scY="1" y="0" pX="0" pY="0" skX="0" skY="0"/>
    </frame>
    <frame displayIndex="32" z="0" duration="2">
     <transform scX="1" x="0" scY="1" y="0" pX="0" pY="0" skX="0" skY="0"/>
    </frame>
    <frame displayIndex="33" z="0" duration="2">
     <transform scX="1" x="0" scY="1" y="0" pX="0" pY="0" skX="0" skY="0"/>
    </frame>
    <frame displayIndex="34" z="0" duration="2">
     <transform scX="1" x="0" scY="1" y="0" pX="0" pY="0" skX="0" skY="0"/>
    </frame>
    <frame displayIndex="35" z="0" duration="2">
     <transform scX="1" x="0" scY="1" y="0" pX="0" pY="0" skX="0" skY="0"/>
    </frame>
    <frame displayIndex="36" z="0" duration="2">
     <transform scX="1" x="0" scY="1" y="0" pX="0" pY="0" skX="0" skY="0"/>
    </frame>
    <frame displayIndex="37" z="0" duration="2">
     <transform scX="1" x="0" scY="1" y="0" pX="0" pY="0" skX="0" skY="0"/>
    </frame>
    <frame displayIndex="38" z="0" duration="2">
     <transform scX="1" x="0" scY="1" y="0" pX="0" pY="0" skX="0" skY="0"/>
    </frame>
    <frame displayIndex="39" z="0" duration="1">
     <transform scX="1" x="0" scY="1" y="0" pX="0" pY="0" skX="0" skY="0"/>
    </frame>
    <frame displayIndex="39" z="0" duration="1">
     <transform scX="1" x="0" scY="1" y="0" pX="0" pY="0" skX="0" skY="0"/>
    </frame>
   </timeline>
  </animation>
 </armature>
</root>