<TextureAtlas name="Unit25_mc" imagePath="texture.png">
 <SubTexture name="dust4" x="312" y="52" width="50" height="50"/>
 <SubTexture name="selectUnit" x="0" y="0" width="50" height="50"/>
 <SubTexture name="sprite 2367" x="82" y="261" width="40" height="11"/>
 <SubTexture name="healthBar" x="104" y="0" width="50" height="50"/>
 <SubTexture name="armor" x="260" y="52" width="50" height="50"/>
 <SubTexture name="iceEffect" x="52" y="0" width="50" height="50"/>
 <SubTexture name="fireEffect" x="260" y="0" width="50" height="50"/>
 <SubTexture name="iceFreez" x="364" y="52" width="50" height="50"/>
 <SubTexture name="levinattack" x="104" y="52" width="50" height="50"/>
 <SubTexture name="iceattack" x="416" y="0" width="50" height="50"/>
 <SubTexture name="fireattack" x="364" y="0" width="50" height="50"/>
 <SubTexture name="dust3" x="156" y="0" width="50" height="50"/>
 <SubTexture name="dust2" x="156" y="52" width="50" height="50"/>
 <SubTexture name="dust1" x="208" y="0" width="50" height="50"/>
 <SubTexture name="buffSpeed" x="312" y="0" width="50" height="50"/>
 <SubTexture name="airShock" x="52" y="52" width="50" height="50"/>
 <SubTexture name="buffHP" x="208" y="52" width="50" height="50"/>
 <SubTexture name="case" x="0" y="52" width="50" height="50"/>
 <SubTexture name="Shape/shape 3383" x="460" y="52" width="42" height="50"/>
 <SubTexture name="Shape/shape 3385" x="440" y="104" width="42" height="50"/>
 <SubTexture name="Shape/shape 3387" x="352" y="104" width="42" height="50"/>
 <SubTexture name="Shape/shape 3389" x="132" y="104" width="42" height="50"/>
 <SubTexture name="Shape/shape 3391" x="44" y="156" width="42" height="50"/>
 <SubTexture name="Shape/shape 3393" x="176" y="156" width="42" height="50"/>
 <SubTexture name="Shape/shape 3395" x="132" y="156" width="42" height="50"/>
 <SubTexture name="Shape/shape 3397" x="0" y="156" width="42" height="50"/>
 <SubTexture name="Shape/shape 3399" x="308" y="104" width="42" height="50"/>
 <SubTexture name="Shape/shape 3401" x="264" y="104" width="42" height="50"/>
 <SubTexture name="Shape/shape 3403" x="220" y="156" width="42" height="50"/>
 <SubTexture name="Shape/shape 3405" x="468" y="0" width="42" height="50"/>
 <SubTexture name="Shape/shape 3407" x="176" y="104" width="42" height="50"/>
 <SubTexture name="Shape/shape 3409" x="88" y="104" width="42" height="50"/>
 <SubTexture name="Shape/shape 3411" x="416" y="52" width="42" height="50"/>
 <SubTexture name="Shape/shape 3413" x="88" y="156" width="42" height="50"/>
 <SubTexture name="Shape/shape 3415" x="0" y="104" width="42" height="50"/>
 <SubTexture name="Shape/shape 3417" x="44" y="104" width="42" height="50"/>
 <SubTexture name="Shape/shape 3419" x="396" y="104" width="42" height="50"/>
 <SubTexture name="Shape/shape 3421" x="220" y="104" width="42" height="50"/>
 <SubTexture name="Shape/shape 3423" x="246" y="209" width="39" height="51"/>
 <SubTexture name="Shape/shape 3425" x="82" y="208" width="39" height="51"/>
 <SubTexture name="Shape/shape 3427" x="428" y="156" width="39" height="51"/>
 <SubTexture name="Shape/shape 3429" x="410" y="209" width="39" height="51"/>
 <SubTexture name="Shape/shape 3431" x="123" y="208" width="39" height="51"/>
 <SubTexture name="Shape/shape 3433" x="346" y="156" width="39" height="51"/>
 <SubTexture name="Shape/shape 3435" x="305" y="156" width="39" height="51"/>
 <SubTexture name="Shape/shape 3437" x="264" y="156" width="39" height="51"/>
 <SubTexture name="Shape/shape 3439" x="164" y="208" width="39" height="51"/>
 <SubTexture name="Shape/shape 3441" x="328" y="209" width="39" height="51"/>
 <SubTexture name="Shape/shape 3443" x="41" y="208" width="39" height="51"/>
 <SubTexture name="Shape/shape 3445" x="469" y="156" width="39" height="51"/>
 <SubTexture name="Shape/shape 3447" x="387" y="156" width="39" height="51"/>
 <SubTexture name="Shape/shape 3449" x="369" y="209" width="39" height="51"/>
 <SubTexture name="Shape/shape 3451" x="287" y="209" width="39" height="51"/>
 <SubTexture name="Shape/shape 3453" x="41" y="261" width="39" height="51"/>
 <SubTexture name="Shape/shape 3455" x="451" y="209" width="39" height="51"/>
 <SubTexture name="Shape/shape 3457" x="0" y="208" width="39" height="51"/>
 <SubTexture name="Shape/shape 3459" x="205" y="208" width="39" height="51"/>
 <SubTexture name="Shape/shape 3461" x="0" y="261" width="39" height="51"/>
</TextureAtlas>