<TextureAtlas name="Unit2_mc" imagePath="texture.png">
 <SubTexture name="dust4" x="0" y="208" width="50" height="50"/>
 <SubTexture name="selectUnit" x="104" y="156" width="50" height="50"/>
 <SubTexture name="shadow" x="0" y="0" width="50" height="50"/>
 <SubTexture name="healthBar" x="0" y="52" width="50" height="50"/>
 <SubTexture name="armor" x="52" y="0" width="50" height="50"/>
 <SubTexture name="iceEffect" x="104" y="208" width="50" height="50"/>
 <SubTexture name="fireEffect" x="156" y="156" width="50" height="50"/>
 <SubTexture name="iceFreez" x="52" y="52" width="50" height="50"/>
 <SubTexture name="levinattack" x="0" y="104" width="50" height="50"/>
 <SubTexture name="iceattack" x="0" y="156" width="50" height="50"/>
 <SubTexture name="fireattack" x="104" y="0" width="50" height="50"/>
 <SubTexture name="dust3" x="52" y="156" width="50" height="50"/>
 <SubTexture name="dust2" x="156" y="52" width="50" height="50"/>
 <SubTexture name="dust1" x="156" y="208" width="50" height="50"/>
 <SubTexture name="buffSpeed" x="104" y="104" width="50" height="50"/>
 <SubTexture name="airShock" x="104" y="52" width="50" height="50"/>
 <SubTexture name="buffHP" x="0" y="260" width="50" height="50"/>
 <SubTexture name="iceDeath" x="156" y="104" width="50" height="50"/>
 <SubTexture name="stonedeath" x="156" y="0" width="50" height="50"/>
 <SubTexture name="levindeath" x="52" y="208" width="50" height="50"/>
 <SubTexture name="case" x="52" y="104" width="50" height="50"/>
 <SubTexture name="Shape/shape 2387" x="230" y="0" width="19" height="26"/>
 <SubTexture name="Shape/shape 2389" x="208" y="0" width="20" height="26"/>
</TextureAtlas>