<dragonBones name="~brave-heads-cn" frameRate="30" version="2.3">
 <armature name="icedeath">
  <bone name="Layer 1">
   <transform x="0" y="0" skX="0" skY="0" scX="1" scY="1"/>
  </bone>
  <skin name="default">
   <slot name="Layer 1" parent="Layer 1" z="0">
    <display name="Shape/shape 8123" type="image">
     <transform x="0" y="0" skX="0" skY="0" scX="1" scY="1" pX="19" pY="21"/>
    </display>
    <display name="Shape/shape 8125" type="image">
     <transform x="0" y="0" skX="0" skY="0" scX="1" scY="1" pX="19" pY="21"/>
    </display>
    <display name="Shape/shape 8127" type="image">
     <transform x="0" y="0" skX="0" skY="0" scX="1" scY="1" pX="19" pY="21"/>
    </display>
    <display name="Shape/shape 8129" type="image">
     <transform x="0" y="0" skX="0" skY="0" scX="1" scY="1" pX="19" pY="21"/>
    </display>
    <display name="Shape/shape 8131" type="image">
     <transform x="0" y="0" skX="0" skY="0" scX="1" scY="1" pX="19" pY="21"/>
    </display>
    <display name="Shape/shape 8132" type="image">
     <transform x="0" y="0" skX="0" skY="0" scX="1" scY="1" pX="19" pY="21"/>
    </display>
    <display name="Shape/shape 8134" type="image">
     <transform x="0" y="0" skX="0" skY="0" scX="1" scY="1" pX="19" pY="21"/>
    </display>
    <display name="Shape/shape 8136" type="image">
     <transform x="0" y="0" skX="0" skY="0" scX="1" scY="1" pX="19" pY="21"/>
    </display>
    <display name="Shape/shape 8138" type="image">
     <transform x="0" y="0" skX="0" skY="0" scX="1" scY="1" pX="19" pY="21"/>
    </display>
    <display name="Shape/shape 8140" type="image">
     <transform x="0" y="0" skX="0" skY="0" scX="1" scY="1" pX="19" pY="21"/>
    </display>
    <display name="Shape/shape 8142" type="image">
     <transform x="0" y="0" skX="0" skY="0" scX="1" scY="1" pX="19" pY="21"/>
    </display>
    <display name="Shape/shape 8144" type="image">
     <transform x="0" y="0" skX="0" skY="0" scX="1" scY="1" pX="19" pY="21"/>
    </display>
    <display name="Shape/shape 8146" type="image">
     <transform x="0" y="0" skX="0" skY="0" scX="1" scY="1" pX="19" pY="21"/>
    </display>
    <display name="Shape/shape 8148" type="image">
     <transform x="0" y="0" skX="0" skY="0" scX="1" scY="1"/>
    </display>
   </slot>
  </skin>
  <animation name="icedeath" fadeInTime="0.3" duration="20" scale="1" loop="1" autoTween="1" tweenEasing="NaN">
   <timeline name="Layer 1" scale="1" offset="0">
    <frame z="0" duration="1">
     <transform x="0" y="0" skX="0" skY="0" scX="1" scY="1" pX="0" pY="0"/>
    </frame>
    <frame z="0" displayIndex="1" duration="1">
     <transform x="0" y="0" skX="0" skY="0" scX="1" scY="1" pX="0" pY="0"/>
    </frame>
    <frame z="0" displayIndex="2" duration="1">
     <transform x="0" y="0" skX="0" skY="0" scX="1" scY="1" pX="0" pY="0"/>
    </frame>
    <frame z="0" displayIndex="3" duration="2">
     <transform x="0" y="0" skX="0" skY="0" scX="1" scY="1" pX="0" pY="0"/>
    </frame>
    <frame z="0" displayIndex="4" duration="2">
     <transform x="0" y="0" skX="0" skY="0" scX="1" scY="1" pX="0" pY="0"/>
    </frame>
    <frame z="0" displayIndex="5" duration="2">
     <transform x="0" y="0" skX="0" skY="0" scX="1" scY="1" pX="0" pY="0"/>
    </frame>
    <frame z="0" displayIndex="6" duration="1">
     <transform x="0" y="0" skX="0" skY="0" scX="1" scY="1" pX="0" pY="0"/>
    </frame>
    <frame z="0" displayIndex="7" duration="1">
     <transform x="0" y="0" skX="0" skY="0" scX="1" scY="1" pX="0" pY="0"/>
    </frame>
    <frame z="0" displayIndex="8" duration="1">
     <transform x="0" y="0" skX="0" skY="0" scX="1" scY="1" pX="0" pY="0"/>
    </frame>
    <frame z="0" displayIndex="9" duration="1">
     <transform x="0" y="0" skX="0" skY="0" scX="1" scY="1" pX="0" pY="0"/>
    </frame>
    <frame z="0" displayIndex="10" duration="1">
     <transform x="0" y="0" skX="0" skY="0" scX="1" scY="1" pX="0" pY="0"/>
    </frame>
    <frame z="0" displayIndex="11" duration="2">
     <transform x="0" y="0" skX="0" skY="0" scX="1" scY="1" pX="0" pY="0"/>
    </frame>
    <frame z="0" displayIndex="12" duration="2">
     <transform x="0" y="0" skX="0" skY="0" scX="1" scY="1" pX="0" pY="0"/>
    </frame>
    <frame z="0" displayIndex="13" duration="2">
     <transform x="0" y="0" skX="0" skY="0" scX="1" scY="1" pX="0" pY="0"/>
    </frame>
   </timeline>
   <frame duration="8"/>
   <frame duration="12" event="aa"/>
  </animation>
 </armature>
</dragonBones>