<TextureAtlas name="icedeath" imagePath="texture.png">
 <SubTexture name="Shape/shape 8123" x="205" y="44" width="39" height="42"/>
 <SubTexture name="Shape/shape 8125" x="123" y="44" width="39" height="42"/>
 <SubTexture name="Shape/shape 8127" x="0" y="44" width="39" height="42"/>
 <SubTexture name="Shape/shape 8129" x="82" y="0" width="39" height="42"/>
 <SubTexture name="Shape/shape 8131" x="123" y="0" width="39" height="42"/>
 <SubTexture name="Shape/shape 8132" x="82" y="44" width="39" height="42"/>
 <SubTexture name="Shape/shape 8134" x="41" y="0" width="39" height="42"/>
 <SubTexture name="Shape/shape 8136" x="164" y="44" width="39" height="42"/>
 <SubTexture name="Shape/shape 8138" x="205" y="0" width="39" height="42"/>
 <SubTexture name="Shape/shape 8140" x="41" y="44" width="39" height="42"/>
 <SubTexture name="Shape/shape 8142" x="0" y="88" width="39" height="42"/>
 <SubTexture name="Shape/shape 8144" x="164" y="0" width="39" height="42"/>
 <SubTexture name="Shape/shape 8146" x="0" y="0" width="39" height="42"/>
</TextureAtlas>