<root name="Unit21_frontDeath_mc" isGlobal="0" frameRate="30" version="3.0">
 <armature name="Unit21_frontDeath_mc">
  <skin name="default">
   <slot name="cont" z="0" parent="cont">
    <display name="Shape/shape 3149" type="image">
     <transform scX="1" x="0" scY="1" y="0" pX="24" pY="27.5" skX="0" skY="0"/>
    </display>
    <display name="Shape/shape 11356" type="image">
     <transform scX="1" x="0" scY="1" y="0" pX="50" pY="80" skX="0" skY="0"/>
    </display>
    <display name="Shape/shape 11358" type="image">
     <transform scX="1" x="0" scY="1" y="0" pX="50" pY="80" skX="0" skY="0"/>
    </display>
    <display name="Shape/shape 11360" type="image">
     <transform scX="1" x="0" scY="1" y="0" pX="50" pY="80" skX="0" skY="0"/>
    </display>
    <display name="Shape/shape 11362" type="image">
     <transform scX="1" x="0" scY="1" y="0" pX="50" pY="80" skX="0" skY="0"/>
    </display>
    <display name="Shape/shape 11364" type="image">
     <transform scX="1" x="0" scY="1" y="0" pX="50" pY="80" skX="0" skY="0"/>
    </display>
    <display name="Shape/shape 11366" type="image">
     <transform scX="1" x="0" scY="1" y="0" pX="50" pY="80" skX="0" skY="0"/>
    </display>
    <display name="Shape/shape 11368" type="image">
     <transform scX="1" x="0" scY="1" y="0" pX="50" pY="80" skX="0" skY="0"/>
    </display>
    <display name="Shape/shape 11370" type="image">
     <transform scX="1" x="0" scY="1" y="0" pX="50" pY="80" skX="0" skY="0"/>
    </display>
    <display name="Shape/shape 11372" type="image">
     <transform scX="1" x="0" scY="1" y="0" pX="50" pY="80" skX="0" skY="0"/>
    </display>
    <display name="Shape/shape 11374" type="image">
     <transform scX="1" x="0" scY="1" y="0" pX="50" pY="80" skX="0" skY="0"/>
    </display>
    <display name="Shape/shape 11376" type="image">
     <transform scX="1" x="0" scY="1" y="0" pX="50" pY="80" skX="0" skY="0"/>
    </display>
    <display name="Shape/shape 11378" type="image">
     <transform scX="1" x="0" scY="1" y="0" pX="50" pY="80" skX="0" skY="0"/>
    </display>
    <display name="Shape/shape 11380" type="image">
     <transform scX="1" x="0" scY="1" y="0" pX="50" pY="80" skX="0" skY="0"/>
    </display>
    <display name="Shape/shape 11382" type="image">
     <transform scX="1" x="0" scY="1" y="0" pX="50" pY="80" skX="0" skY="0"/>
    </display>
    <display name="Shape/shape 11384" type="image">
     <transform scX="1" x="0" scY="1" y="0" pX="50" pY="80" skX="0" skY="0"/>
    </display>
    <display name="Shape/shape 11386" type="image">
     <transform scX="1" x="0" scY="1" y="0" pX="50" pY="80" skX="0" skY="0"/>
    </display>
    <display name="Shape/shape 11388" type="image">
     <transform scX="1" x="0" scY="1" y="0" pX="50" pY="80" skX="0" skY="0"/>
    </display>
    <display name="Shape/shape 11390" type="image">
     <transform scX="1" x="0" scY="1" y="0" pX="50" pY="80" skX="0" skY="0"/>
    </display>
    <display name="Shape/shape 11392" type="image">
     <transform scX="1" x="0" scY="1" y="0" pX="50" pY="80" skX="0" skY="0"/>
    </display>
    <display name="Shape/shape 11394" type="image">
     <transform scX="1" x="0" scY="1" y="0" pX="50" pY="80" skX="0" skY="0"/>
    </display>
    <display name="Shape/shape 11396" type="image">
     <transform scX="1" x="0" scY="1" y="0" pX="50" pY="80" skX="0" skY="0"/>
    </display>
    <display name="Shape/shape 11398" type="image">
     <transform scX="1" x="0" scY="1" y="0" pX="50" pY="80" skX="0" skY="0"/>
    </display>
    <display name="Shape/shape 11400" type="image">
     <transform scX="1" x="0" scY="1" y="0" pX="50" pY="80" skX="0" skY="0"/>
    </display>
    <display name="Shape/shape 11402" type="image">
     <transform scX="1" x="0" scY="1" y="0" pX="50" pY="80" skX="0" skY="0"/>
    </display>
    <display name="Shape/shape 11404" type="image">
     <transform scX="1" x="0" scY="1" y="0" pX="50" pY="80" skX="0" skY="0"/>
    </display>
    <display name="Shape/shape 11406" type="image">
     <transform scX="1" x="0" scY="1" y="0" pX="50" pY="80" skX="0" skY="0"/>
    </display>
    <display name="Shape/shape 11408" type="image">
     <transform scX="1" x="0" scY="1" y="0" pX="50" pY="80" skX="0" skY="0"/>
    </display>
   </slot>
  </skin>
  <bone name="cont">
   <transform scX="1" x="0" skX="0" scY="1" y="0" skY="0"/>
  </bone>
  <animation fadeInTime="0.3" scale="1" loop="1" autoTween="NaN" name="Unit21_frontDeath_mc" duration="28" tweenEasing="NaN">
   <timeline pX="0" name="cont" pY="0" scale="1" offset="0">
    <frame z="0" duration="1">
     <transform scX="1" x="0" scY="1" y="0" pX="0" pY="0" skX="0" skY="0"/>
    </frame>
    <frame displayIndex="1" z="0" duration="1">
     <transform scX="1" x="0" scY="1" y="0" pX="0" pY="0" skX="0" skY="0"/>
    </frame>
    <frame displayIndex="2" z="0" duration="1">
     <transform scX="1" x="0" scY="1" y="0" pX="0" pY="0" skX="0" skY="0"/>
    </frame>
    <frame displayIndex="3" z="0" duration="1">
     <transform scX="1" x="0" scY="1" y="0" pX="0" pY="0" skX="0" skY="0"/>
    </frame>
    <frame displayIndex="4" z="0" duration="1">
     <transform scX="1" x="0" scY="1" y="0" pX="0" pY="0" skX="0" skY="0"/>
    </frame>
    <frame displayIndex="5" z="0" duration="1">
     <transform scX="1" x="0" scY="1" y="0" pX="0" pY="0" skX="0" skY="0"/>
    </frame>
    <frame displayIndex="6" z="0" duration="1">
     <transform scX="1" x="0" scY="1" y="0" pX="0" pY="0" skX="0" skY="0"/>
    </frame>
    <frame displayIndex="7" z="0" duration="1">
     <transform scX="1" x="0" scY="1" y="0" pX="0" pY="0" skX="0" skY="0"/>
    </frame>
    <frame displayIndex="8" z="0" duration="1">
     <transform scX="1" x="0" scY="1" y="0" pX="0" pY="0" skX="0" skY="0"/>
    </frame>
    <frame displayIndex="9" z="0" duration="1">
     <transform scX="1" x="0" scY="1" y="0" pX="0" pY="0" skX="0" skY="0"/>
    </frame>
    <frame displayIndex="10" z="0" duration="1">
     <transform scX="1" x="0" scY="1" y="0" pX="0" pY="0" skX="0" skY="0"/>
    </frame>
    <frame displayIndex="11" z="0" duration="1">
     <transform scX="1" x="0" scY="1" y="0" pX="0" pY="0" skX="0" skY="0"/>
    </frame>
    <frame displayIndex="12" z="0" duration="1">
     <transform scX="1" x="0" scY="1" y="0" pX="0" pY="0" skX="0" skY="0"/>
    </frame>
    <frame displayIndex="13" z="0" duration="1">
     <transform scX="1" x="0" scY="1" y="0" pX="0" pY="0" skX="0" skY="0"/>
    </frame>
    <frame displayIndex="14" z="0" duration="1">
     <transform scX="1" x="0" scY="1" y="0" pX="0" pY="0" skX="0" skY="0"/>
    </frame>
    <frame displayIndex="15" z="0" duration="1">
     <transform scX="1" x="0" scY="1" y="0" pX="0" pY="0" skX="0" skY="0"/>
    </frame>
    <frame displayIndex="16" z="0" duration="1">
     <transform scX="1" x="0" scY="1" y="0" pX="0" pY="0" skX="0" skY="0"/>
    </frame>
    <frame displayIndex="17" z="0" duration="1">
     <transform scX="1" x="0" scY="1" y="0" pX="0" pY="0" skX="0" skY="0"/>
    </frame>
    <frame displayIndex="18" z="0" duration="1">
     <transform scX="1" x="0" scY="1" y="0" pX="0" pY="0" skX="0" skY="0"/>
    </frame>
    <frame displayIndex="19" z="0" duration="1">
     <transform scX="1" x="0" scY="1" y="0" pX="0" pY="0" skX="0" skY="0"/>
    </frame>
    <frame displayIndex="20" z="0" duration="1">
     <transform scX="1" x="0" scY="1" y="0" pX="0" pY="0" skX="0" skY="0"/>
    </frame>
    <frame displayIndex="21" z="0" duration="1">
     <transform scX="1" x="0" scY="1" y="0" pX="0" pY="0" skX="0" skY="0"/>
    </frame>
    <frame displayIndex="22" z="0" duration="1">
     <transform scX="1" x="0" scY="1" y="0" pX="0" pY="0" skX="0" skY="0"/>
    </frame>
    <frame displayIndex="23" z="0" duration="1">
     <transform scX="1" x="0" scY="1" y="0" pX="0" pY="0" skX="0" skY="0"/>
    </frame>
    <frame displayIndex="24" z="0" duration="1">
     <transform scX="1" x="0" scY="1" y="0" pX="0" pY="0" skX="0" skY="0"/>
    </frame>
    <frame displayIndex="25" z="0" duration="1">
     <transform scX="1" x="0" scY="1" y="0" pX="0" pY="0" skX="0" skY="0"/>
    </frame>
    <frame displayIndex="26" z="0" duration="1">
     <transform scX="1" x="0" scY="1" y="0" pX="0" pY="0" skX="0" skY="0"/>
    </frame>
    <frame displayIndex="27" z="0" duration="1">
     <transform scX="1" x="0" scY="1" y="0" pX="0" pY="0" skX="0" skY="0"/>
    </frame>
   </timeline>
  </animation>
 </armature>
</root>