<TextureAtlas name="IcemanHorisontDeath_mc" imagePath="texture.png">
 <SubTexture name="Shape/shape 1193" x="0" y="0" width="60" height="56"/>
 <SubTexture name="Shape/shape 1195" x="62" y="0" width="60" height="56"/>
 <SubTexture name="Shape/shape 1197" x="186" y="0" width="60" height="56"/>
 <SubTexture name="Shape/shape 1199" x="0" y="58" width="60" height="56"/>
 <SubTexture name="Shape/shape 1201" x="124" y="0" width="60" height="56"/>
 <SubTexture name="Shape/shape 1203" x="62" y="58" width="60" height="56"/>
 <SubTexture name="Shape/shape 1205" x="124" y="58" width="60" height="56"/>
 <SubTexture name="Shape/shape 1207" x="0" y="116" width="60" height="56"/>
 <SubTexture name="Shape/shape 1209" x="186" y="58" width="60" height="56"/>
</TextureAtlas>