<root name="Level7_mc" isGlobal="0" frameRate="30" version="3.0">
 <armature name="Level7_mc">
  <skin name="default">
   <slot name="bg" z="0" parent="bg">
    <display name="Shape/shape 9533" type="image">
     <transform x="0" pX="27" pY="2" skX="0" skY="0" scX="1" y="0" scY="1"/>
    </display>
   </slot>
   <slot name="flag1" z="1" parent="flag1">
    <display name="Sprite/case" type="image">
     <transform x="0" pX="25" pY="25" skX="0" skY="0" scX="1" y="0" scY="1"/>
    </display>
   </slot>
   <slot name="flag2" z="2" parent="flag2">
    <display name="Sprite/case" type="image">
     <transform x="0" pX="25" pY="25" skX="0" skY="0" scX="1" y="0" scY="1"/>
    </display>
   </slot>
   <slot name="place1" z="3" parent="place1">
    <display name="Sprite/case" type="image">
     <transform x="0" pX="25" pY="25" skX="0" skY="0" scX="1" y="0" scY="1"/>
    </display>
   </slot>
   <slot name="place2" z="4" parent="place2">
    <display name="Sprite/case" type="image">
     <transform x="0" pX="25" pY="25" skX="0" skY="0" scX="1" y="0" scY="1"/>
    </display>
   </slot>
   <slot name="place3" z="5" parent="place3">
    <display name="Sprite/case" type="image">
     <transform x="0" pX="25" pY="25" skX="0" skY="0" scX="1" y="0" scY="1"/>
    </display>
   </slot>
   <slot name="place4" z="6" parent="place4">
    <display name="Sprite/case" type="image">
     <transform x="0" pX="25" pY="25" skX="0" skY="0" scX="1" y="0" scY="1"/>
    </display>
   </slot>
   <slot name="place5" z="7" parent="place5">
    <display name="Sprite/case" type="image">
     <transform x="0" pX="25" pY="25" skX="0" skY="0" scX="1" y="0" scY="1"/>
    </display>
   </slot>
   <slot name="place6" z="8" parent="place6">
    <display name="Sprite/case" type="image">
     <transform x="0" pX="25" pY="25" skX="0" skY="0" scX="1" y="0" scY="1"/>
    </display>
   </slot>
   <slot name="place7" z="9" parent="place7">
    <display name="Sprite/case" type="image">
     <transform x="0" pX="25" pY="25" skX="0" skY="0" scX="1" y="0" scY="1"/>
    </display>
   </slot>
   <slot name="place8" z="10" parent="place8">
    <display name="Sprite/case" type="image">
     <transform x="0" pX="25" pY="25" skX="0" skY="0" scX="1" y="0" scY="1"/>
    </display>
   </slot>
   <slot name="place9" z="11" parent="place9">
    <display name="Sprite/case" type="image">
     <transform x="0" pX="25" pY="25" skX="0" skY="0" scX="1" y="0" scY="1"/>
    </display>
   </slot>
   <slot name="place10" z="12" parent="place10">
    <display name="Sprite/case" type="image">
     <transform x="0" pX="25" pY="25" skX="0" skY="0" scX="1" y="0" scY="1"/>
    </display>
   </slot>
   <slot name="pointer1" z="13" parent="pointer1">
    <display name="Sprite/case" type="image">
     <transform x="0" pX="25" pY="25" skX="0" skY="0" scX="1" y="0" scY="1"/>
    </display>
   </slot>
   <slot name="decorationCase" z="14" parent="decorationCase">
    <display name="Sprite/case" type="image">
     <transform x="0" pX="25" pY="25" skX="0" skY="0" scX="1" y="0" scY="1"/>
    </display>
   </slot>
  </skin>
  <bone name="place5">
   <transform y="203.3" skY="0" x="354.25" scX="1" skX="0" scY="1"/>
  </bone>
  <bone name="flag1">
   <transform y="346.3" skY="0" x="791.25" scX="1" skX="0" scY="1"/>
  </bone>
  <bone name="flag2">
   <transform y="276.3" skY="0" x="792.25" scX="1" skX="0" scY="1"/>
  </bone>
  <bone name="place1">
   <transform y="255.3" skY="0" x="140.3" scX="1" skX="0" scY="1"/>
  </bone>
  <bone name="place2">
   <transform y="425.3" skY="0" x="245.3" scX="1" skX="0" scY="1"/>
  </bone>
  <bone name="place3">
   <transform y="521.3" skY="0" x="243.3" scX="1" skX="0" scY="1"/>
  </bone>
  <bone name="place4">
   <transform y="309.3" skY="0" x="353.25" scX="1" skX="0" scY="1"/>
  </bone>
  <bone name="bg">
   <transform y="0" skY="0" x="0" scX="1" skX="0" scY="1"/>
  </bone>
  <bone name="place6">
   <transform y="200.3" skY="0" x="462.25" scX="1" skX="0" scY="1"/>
  </bone>
  <bone name="place7">
   <transform y="316.3" skY="0" x="449.25" scX="1" skX="0" scY="1"/>
  </bone>
  <bone name="place8">
   <transform y="427.3" skY="0" x="563.25" scX="1" skX="0" scY="1"/>
  </bone>
  <bone name="place9">
   <transform y="522.3" skY="0" x="565.25" scX="1" skX="0" scY="1"/>
  </bone>
  <bone name="place10">
   <transform y="257.4" skY="0" x="668.25" scX="1" skX="0" scY="1"/>
  </bone>
  <bone name="pointer1">
   <transform y="312.3" skY="0" x="31.3" scX="1" skX="0" scY="1"/>
  </bone>
  <bone name="decorationCase">
   <transform y="353.7" skY="0" x="126.1" scX="0.92" skX="0" scY="0.73"/>
  </bone>
  <animation name="Level7_mc" scale="1" loop="1" duration="1" autoTween="NaN" fadeInTime="0.3" tweenEasing="NaN">
   <timeline name="bg" scale="1" pX="0" pY="0" offset="0">
    <frame z="0" duration="1">
     <transform x="0" pX="0" pY="0" skX="0" skY="0" scX="1" y="0" scY="1"/>
    </frame>
   </timeline>
   <timeline name="flag1" scale="1" pX="0" pY="0" offset="0">
    <frame z="0" duration="1">
     <transform x="0" pX="0" pY="0" skX="0" skY="0" scX="1" y="0" scY="1"/>
    </frame>
   </timeline>
   <timeline name="flag2" scale="1" pX="0" pY="0" offset="0">
    <frame z="0" duration="1">
     <transform x="0" pX="0" pY="0" skX="0" skY="0" scX="1" y="0" scY="1"/>
    </frame>
   </timeline>
   <timeline name="place1" scale="1" pX="0" pY="0" offset="0">
    <frame z="0" duration="1">
     <transform x="0" pX="0" pY="0" skX="0" skY="0" scX="1" y="0" scY="1"/>
    </frame>
   </timeline>
   <timeline name="place2" scale="1" pX="0" pY="0" offset="0">
    <frame z="0" duration="1">
     <transform x="0" pX="0" pY="0" skX="0" skY="0" scX="1" y="0" scY="1"/>
    </frame>
   </timeline>
   <timeline name="place3" scale="1" pX="0" pY="0" offset="0">
    <frame z="0" duration="1">
     <transform x="0" pX="0" pY="0" skX="0" skY="0" scX="1" y="0" scY="1"/>
    </frame>
   </timeline>
   <timeline name="place4" scale="1" pX="0" pY="0" offset="0">
    <frame z="0" duration="1">
     <transform x="0" pX="0" pY="0" skX="0" skY="0" scX="1" y="0" scY="1"/>
    </frame>
   </timeline>
   <timeline name="place5" scale="1" pX="0" pY="0" offset="0">
    <frame z="0" duration="1">
     <transform x="0" pX="0" pY="0" skX="0" skY="0" scX="1" y="0" scY="1"/>
    </frame>
   </timeline>
   <timeline name="place6" scale="1" pX="0" pY="0" offset="0">
    <frame z="0" duration="1">
     <transform x="0" pX="0" pY="0" skX="0" skY="0" scX="1" y="0" scY="1"/>
    </frame>
   </timeline>
   <timeline name="place7" scale="1" pX="0" pY="0" offset="0">
    <frame z="0" duration="1">
     <transform x="0" pX="0" pY="0" skX="0" skY="0" scX="1" y="0" scY="1"/>
    </frame>
   </timeline>
   <timeline name="place8" scale="1" pX="0" pY="0" offset="0">
    <frame z="0" duration="1">
     <transform x="0" pX="0" pY="0" skX="0" skY="0" scX="1" y="0" scY="1"/>
    </frame>
   </timeline>
   <timeline name="place9" scale="1" pX="0" pY="0" offset="0">
    <frame z="0" duration="1">
     <transform x="0" pX="0" pY="0" skX="0" skY="0" scX="1" y="0" scY="1"/>
    </frame>
   </timeline>
   <timeline name="place10" scale="1" pX="0" pY="0" offset="0">
    <frame z="0" duration="1">
     <transform x="0" pX="0" pY="0" skX="0" skY="0" scX="1" y="0" scY="1"/>
    </frame>
   </timeline>
   <timeline name="pointer1" scale="1" pX="0" pY="0" offset="0">
    <frame z="0" duration="1">
     <transform x="0" pX="0" pY="0" skX="0" skY="0" scX="1" y="0" scY="1"/>
    </frame>
   </timeline>
   <timeline name="decorationCase" scale="1" pX="0" pY="0" offset="0">
    <frame z="0" duration="1">
     <transform x="0" pX="0" pY="0" skX="0" skY="0" scX="1" y="0" scY="1"/>
    </frame>
   </timeline>
  </animation>
 </armature>
</root>