<root name="Tower1_mc" isGlobal="0" frameRate="30" version="3.0">
 <armature name="Tower1_mc">
  <skin name="default">
   <slot name="bg" z="0" parent="bg">
    <display name="Shape/shape 4433" type="image">
     <transform scX="1" x="0" scY="1" y="0" pX="26" pY="40" skX="0" skY="0"/>
    </display>
   </slot>
   <slot name="cont" z="1" parent="cont">
    <display name="Shape/shape 4435" type="image">
     <transform scX="1" x="0" scY="1" y="0" pX="14" pY="18" skX="0" skY="0"/>
    </display>
    <display name="Shape/shape 4437" type="image">
     <transform scX="1" x="0" scY="1" y="0" pX="14" pY="18" skX="0" skY="0"/>
    </display>
    <display name="Shape/shape 4439" type="image">
     <transform scX="1" x="0" scY="1" y="0" pX="14" pY="18" skX="0" skY="0"/>
    </display>
    <display name="Shape/shape 4441" type="image">
     <transform scX="1" x="0" scY="1" y="0" pX="14" pY="18" skX="0" skY="0"/>
    </display>
    <display name="Shape/shape 4443" type="image">
     <transform scX="1" x="0" scY="1" y="0" pX="14" pY="18" skX="0" skY="0"/>
    </display>
    <display name="Shape/shape 4445" type="image">
     <transform scX="1" x="0" scY="1" y="0" pX="14" pY="18" skX="0" skY="0"/>
    </display>
    <display name="Shape/shape 4447" type="image">
     <transform scX="1" x="0" scY="1" y="0" pX="14" pY="18" skX="0" skY="0"/>
    </display>
    <display name="Shape/shape 4449" type="image">
     <transform scX="1" x="0" scY="1" y="0" pX="14" pY="18" skX="0" skY="0"/>
    </display>
    <display name="Shape/shape 4451" type="image">
     <transform scX="1" x="0" scY="1" y="0" pX="14" pY="18" skX="0" skY="0"/>
    </display>
    <display name="Shape/shape 4453" type="image">
     <transform scX="1" x="0" scY="1" y="0" pX="14" pY="18" skX="0" skY="0"/>
    </display>
    <display name="Shape/shape 4455" type="image">
     <transform scX="1" x="0" scY="1" y="0" pX="14" pY="18" skX="0" skY="0"/>
    </display>
    <display name="Shape/shape 4457" type="image">
     <transform scX="1" x="0" scY="1" y="0" pX="14" pY="18" skX="0" skY="0"/>
    </display>
    <display name="Shape/shape 4459" type="image">
     <transform scX="1" x="0" scY="1" y="0" pX="14" pY="18" skX="0" skY="0"/>
    </display>
    <display name="Shape/shape 4461" type="image">
     <transform scX="1" x="0" scY="1" y="0" pX="14" pY="18" skX="0" skY="0"/>
    </display>
    <display name="Shape/shape 4463" type="image">
     <transform scX="1" x="0" scY="1" y="0" pX="14" pY="18" skX="0" skY="0"/>
    </display>
    <display name="Shape/shape 4465" type="image">
     <transform scX="1" x="0" scY="1" y="0" pX="14" pY="18" skX="0" skY="0"/>
    </display>
    <display name="Shape/shape 4467" type="image">
     <transform scX="1" x="0" scY="1" y="0" pX="14" pY="18" skX="0" skY="0"/>
    </display>
    <display name="Shape/shape 4469" type="image">
     <transform scX="1" x="0" scY="1" y="0" pX="14" pY="18" skX="0" skY="0"/>
    </display>
    <display name="Shape/shape 4471" type="image">
     <transform scX="1" x="0" scY="1" y="0" pX="14" pY="18" skX="0" skY="0"/>
    </display>
    <display name="Shape/shape 4473" type="image">
     <transform scX="1" x="0" scY="1" y="0" pX="14" pY="18" skX="0" skY="0"/>
    </display>
    <display name="Shape/shape 4475" type="image">
     <transform scX="1" x="0" scY="1" y="0" pX="14" pY="18" skX="0" skY="0"/>
    </display>
    <display name="Shape/shape 4477" type="image">
     <transform scX="1" x="0" scY="1" y="0" pX="14" pY="18" skX="0" skY="0"/>
    </display>
    <display name="Shape/shape 4479" type="image">
     <transform scX="1" x="0" scY="1" y="0" pX="14" pY="18" skX="0" skY="0"/>
    </display>
    <display name="Shape/shape 4481" type="image">
     <transform scX="1" x="0" scY="1" y="0" pX="14" pY="18" skX="0" skY="0"/>
    </display>
    <display name="Shape/shape 4482" type="image">
     <transform scX="1" x="0" scY="1" y="0" pX="14" pY="18" skX="0" skY="0"/>
    </display>
   </slot>
   <slot name="selectTower" z="2" parent="selectTower">
    <display name="selectTower" type="image">
     <transform scX="1" x="0" scY="1" y="0" pX="29" pY="45" skX="0" skY="0"/>
    </display>
   </slot>
   <slot name="sphere1" z="3" parent="sphere1">
    <display name="bullet" type="armature">
     <transform scX="1" x="0" skX="0" scY="1" y="0" skY="0"/>
    </display>
   </slot>
   <slot name="boneBlock" z="4" parent="boneBlock">
    <display name="case" type="image">
     <transform scX="1" x="0" scY="1" y="0" pX="25" pY="25" skX="0" skY="0"/>
    </display>
   </slot>
   <slot name="blockTower" z="5" parent="blockTower">
    <display name="case" type="image">
     <transform scX="1" x="0" scY="1" y="0" pX="25" pY="25" skX="0" skY="0"/>
    </display>
   </slot>
   <slot name="towerCase" z="6" parent="towerCase">
    <display name="case" type="image">
     <transform scX="1" x="0" scY="1" y="0" pX="25" pY="25" skX="0" skY="0"/>
    </display>
   </slot>
  </skin>
  <bone name="sphere1">
   <transform scX="1" x="0" skX="0" scY="1" y="-15" skY="0"/>
  </bone>
  <bone name="cont">
   <transform scX="1" x="0" skX="0" scY="1" y="0" skY="0"/>
  </bone>
  <bone name="selectTower">
   <transform scX="1" x="0" skX="0" scY="1" y="0" skY="0"/>
  </bone>
  <bone name="bg">
   <transform scX="1" x="0" skX="0" scY="1" y="0" skY="0"/>
  </bone>
  <bone name="boneBlock">
   <transform scX="1" x="-3" skX="0" scY="1" y="0" skY="0"/>
  </bone>
  <bone name="blockTower">
   <transform scX="1" x="0" skX="0" scY="1" y="-13" skY="0"/>
  </bone>
  <bone name="towerCase">
   <transform scX="0.83" x="0" skX="0" scY="1" y="-15" skY="0"/>
  </bone>
  <animation fadeInTime="0.3" scale="1" loop="1" autoTween="NaN" name="Tower1_mc" duration="26" tweenEasing="NaN">
   <timeline pX="0" name="bg" pY="0" scale="1" offset="0">
    <frame z="0" duration="25">
     <transform scX="1" x="0" scY="1" y="0" pX="0" pY="0" skX="0" skY="0"/>
    </frame>
    <frame z="0" duration="1">
     <transform scX="1" x="0" scY="1" y="0" pX="0" pY="0" skX="0" skY="0"/>
    </frame>
   </timeline>
   <timeline pX="0" name="cont" pY="0" scale="1" offset="0">
    <frame z="0" duration="1">
     <transform scX="1" x="0" scY="1" y="0" pX="0" pY="0" skX="0" skY="0"/>
    </frame>
    <frame displayIndex="1" z="0" duration="1">
     <transform scX="1" x="0" scY="1" y="0" pX="0" pY="0" skX="0" skY="0"/>
    </frame>
    <frame displayIndex="2" z="0" duration="1">
     <transform scX="1" x="0" scY="1" y="0" pX="0" pY="0" skX="0" skY="0"/>
    </frame>
    <frame displayIndex="3" z="0" duration="1">
     <transform scX="1" x="0" scY="1" y="0" pX="0" pY="0" skX="0" skY="0"/>
    </frame>
    <frame displayIndex="4" z="0" duration="1">
     <transform scX="1" x="0" scY="1" y="0" pX="0" pY="0" skX="0" skY="0"/>
    </frame>
    <frame displayIndex="5" z="0" duration="1">
     <transform scX="1" x="0" scY="1" y="0" pX="0" pY="0" skX="0" skY="0"/>
    </frame>
    <frame displayIndex="6" z="0" duration="1">
     <transform scX="1" x="0" scY="1" y="0" pX="0" pY="0" skX="0" skY="0"/>
    </frame>
    <frame displayIndex="7" z="0" duration="1">
     <transform scX="1" x="0" scY="1" y="0" pX="0" pY="0" skX="0" skY="0"/>
    </frame>
    <frame displayIndex="8" z="0" duration="1">
     <transform scX="1" x="0" scY="1" y="0" pX="0" pY="0" skX="0" skY="0"/>
    </frame>
    <frame displayIndex="9" z="0" duration="1">
     <transform scX="1" x="0" scY="1" y="0" pX="0" pY="0" skX="0" skY="0"/>
    </frame>
    <frame displayIndex="10" z="0" duration="1">
     <transform scX="1" x="0" scY="1" y="0" pX="0" pY="0" skX="0" skY="0"/>
    </frame>
    <frame displayIndex="11" z="0" duration="1">
     <transform scX="1" x="0" scY="1" y="0" pX="0" pY="0" skX="0" skY="0"/>
    </frame>
    <frame displayIndex="12" z="0" duration="1">
     <transform scX="1" x="0" scY="1" y="0" pX="0" pY="0" skX="0" skY="0"/>
    </frame>
    <frame displayIndex="13" z="0" duration="1">
     <transform scX="1" x="0" scY="1" y="0" pX="0" pY="0" skX="0" skY="0"/>
    </frame>
    <frame displayIndex="14" z="0" duration="1">
     <transform scX="1" x="0" scY="1" y="0" pX="0" pY="0" skX="0" skY="0"/>
    </frame>
    <frame displayIndex="15" z="0" duration="1">
     <transform scX="1" x="0" scY="1" y="0" pX="0" pY="0" skX="0" skY="0"/>
    </frame>
    <frame displayIndex="16" z="0" duration="1">
     <transform scX="1" x="0" scY="1" y="0" pX="0" pY="0" skX="0" skY="0"/>
    </frame>
    <frame displayIndex="17" z="0" duration="1">
     <transform scX="1" x="0" scY="1" y="0" pX="0" pY="0" skX="0" skY="0"/>
    </frame>
    <frame displayIndex="18" z="0" duration="1">
     <transform scX="1" x="0" scY="1" y="0" pX="0" pY="0" skX="0" skY="0"/>
    </frame>
    <frame displayIndex="19" z="0" duration="1">
     <transform scX="1" x="0" scY="1" y="0" pX="0" pY="0" skX="0" skY="0"/>
    </frame>
    <frame displayIndex="20" z="0" duration="1">
     <transform scX="1" x="0" scY="1" y="0" pX="0" pY="0" skX="0" skY="0"/>
    </frame>
    <frame displayIndex="21" z="0" duration="1">
     <transform scX="1" x="0" scY="1" y="0" pX="0" pY="0" skX="0" skY="0"/>
    </frame>
    <frame displayIndex="22" z="0" duration="1">
     <transform scX="1" x="0" scY="1" y="0" pX="0" pY="0" skX="0" skY="0"/>
    </frame>
    <frame displayIndex="23" z="0" duration="1">
     <transform scX="1" x="0" scY="1" y="0" pX="0" pY="0" skX="0" skY="0"/>
    </frame>
    <frame displayIndex="24" z="0" duration="1">
     <transform scX="1" x="0" scY="1" y="0" pX="0" pY="0" skX="0" skY="0"/>
    </frame>
    <frame displayIndex="24" z="0" duration="1">
     <transform scX="1" x="0" scY="1" y="0" pX="0" pY="0" skX="0" skY="0"/>
    </frame>
   </timeline>
   <timeline pX="0" name="selectTower" pY="0" scale="1" offset="0">
    <frame z="0" duration="25">
     <transform scX="1" x="0" scY="1" y="0" pX="0" pY="0" skX="0" skY="0"/>
    </frame>
    <frame z="0" duration="1">
     <transform scX="1" x="0" scY="1" y="0" pX="0" pY="0" skX="0" skY="0"/>
    </frame>
   </timeline>
   <timeline pX="0" name="sphere1" pY="0" scale="1" offset="0">
    <frame z="0" duration="25">
     <transform scX="1" x="0" scY="1" y="0" pX="0" pY="0" skX="0" skY="0"/>
    </frame>
    <frame z="0" duration="1">
     <transform scX="1" x="0" scY="1" y="0" pX="0" pY="0" skX="0" skY="0"/>
    </frame>
   </timeline>
   <timeline pX="0" name="boneBlock" pY="0" scale="1" offset="0">
    <frame z="0" duration="25">
     <transform scX="1" x="0" scY="1" y="0" pX="0" pY="0" skX="0" skY="0"/>
    </frame>
    <frame displayIndex="-1" duration="1"/>
   </timeline>
   <timeline pX="0" name="blockTower" pY="0" scale="1" offset="0">
    <frame z="0" duration="25">
     <transform scX="1" x="0" scY="1" y="0" pX="0" pY="0" skX="0" skY="0"/>
    </frame>
    <frame displayIndex="-1" duration="1"/>
   </timeline>
   <timeline pX="0" name="towerCase" pY="0" scale="1" offset="0">
    <frame z="0" duration="25">
     <transform scX="1" x="0" scY="1" y="0" pX="0" pY="0" skX="0" skY="0"/>
    </frame>
    <frame z="0" duration="1">
     <transform scX="1" x="0" scY="1" y="0" pX="0" pY="0" skX="0" skY="0"/>
    </frame>
   </timeline>
  </animation>
 </armature>
 <armature name="bullet">
  <skin name="default">
   <slot name="cont" z="0" parent="cont">
    <display name="sphere" type="armature">
     <transform scX="1" x="0" skX="0" scY="1" y="0" skY="0"/>
    </display>
   </slot>
  </skin>
  <bone name="cont">
   <transform scX="0.77" x="-15.15" skX="0" scY="0.77" y="-24.25" skY="0"/>
  </bone>
  <animation name="bullet" scale="1" loop="1" autoTween="NaN" fadeInTime="0.3" duration="41" tweenEasing="NaN">
   <timeline pX="0" name="cont" pY="0" scale="1" offset="0">
    <frame z="0" duration="1" tweenEasing="0">
     <transform scX="1" x="0" scY="1" y="0" pX="0" pY="0" skX="0" skY="0"/>
    </frame>
    <frame z="0" duration="1" tweenEasing="0">
     <transform scX="1" x="0.5" scY="1" y="-1.9499999999999993" pX="0" pY="0" skX="0" skY="0"/>
    </frame>
    <frame z="0" duration="1" tweenEasing="0">
     <transform scX="1" x="1.75" scY="1" y="-3.5500000000000007" pX="0" pY="0" skX="0" skY="0"/>
    </frame>
    <frame z="0" duration="13" tweenEasing="0">
     <transform scX="1" x="3.3499999999999996" scY="1" y="-4.850000000000001" pX="0" pY="0" skX="0" skY="0"/>
    </frame>
    <frame z="0" duration="1" tweenEasing="0">
     <transform scX="1" x="28.6" scY="1" y="-3.6000000000000014" pX="0" pY="0" skX="0" skY="0"/>
    </frame>
    <frame z="0" duration="1" tweenEasing="0">
     <transform scX="1" x="29.85" scY="1" y="-1.9499999999999993" pX="0" pY="0" skX="0" skY="0"/>
    </frame>
    <frame z="0" duration="3" tweenEasing="0">
     <transform scX="1" x="30.3" scY="1" y="0" pX="0" pY="0" skX="0" skY="0"/>
    </frame>
    <frame z="0" duration="14" tweenEasing="0">
     <transform scX="1" x="26.950000000000003" scY="1" y="4.75" pX="0" pY="0" skX="0" skY="0"/>
    </frame>
    <frame z="0" duration="1" tweenEasing="0">
     <transform scX="1" x="3.3499999999999996" scY="1" y="4.850000000000001" pX="0" pY="0" skX="0" skY="0"/>
    </frame>
    <frame z="0" duration="1" tweenEasing="0">
     <transform scX="1" x="1.700000000000001" scY="1" y="3.5500000000000007" pX="0" pY="0" skX="0" skY="0"/>
    </frame>
    <frame z="0" duration="1" tweenEasing="0">
     <transform scX="1" x="0.45000000000000107" scY="1" y="1.9499999999999993" pX="0" pY="0" skX="0" skY="0"/>
    </frame>
    <frame z="0" duration="1">
     <transform scX="1" x="0" scY="1" y="0" pX="0" pY="0" skX="0" skY="0"/>
    </frame>
    <frame z="0" duration="1">
     <transform scX="1" x="0" scY="1" y="0" pX="0" pY="0" skX="0" skY="0"/>
    </frame>
    <frame z="0" duration="1">
     <transform scX="1" x="0" scY="1" y="0" pX="0" pY="0" skX="0" skY="0"/>
    </frame>
   </timeline>
   <frame duration="40"/>
   <frame duration="1"/>
  </animation>
 </armature>
 <armature name="sphere">
  <skin name="default">
   <slot name="cont" z="0" parent="cont">
    <display name="位图 1" type="image">
     <transform scX="1" x="-25" scY="1" y="-25" pX="0" pY="0" skX="0" skY="0"/>
    </display>
    <display name="位图 2" type="image">
     <transform scX="1" x="-25" scY="1" y="-25" pX="0" pY="0" skX="0" skY="0"/>
    </display>
    <display name="位图 3" type="image">
     <transform scX="1" x="-25" scY="1" y="-25" pX="0" pY="0" skX="0" skY="0"/>
    </display>
    <display name="位图 4" type="image">
     <transform scX="1" x="-25" scY="1" y="-25" pX="0" pY="0" skX="0" skY="0"/>
    </display>
   </slot>
  </skin>
  <bone name="cont">
   <transform scX="1" x="-0.7" skX="0" scY="1" y="0.3" skY="0"/>
  </bone>
  <animation fadeInTime="0.3" scale="1" loop="1" autoTween="NaN" name="sphere" duration="5" tweenEasing="NaN">
   <timeline pX="0" name="cont" pY="0" scale="1" offset="0">
    <frame z="0" duration="1">
     <transform scX="1" x="0" scY="1" y="0" pX="0" pY="0" skX="0" skY="0"/>
    </frame>
    <frame displayIndex="1" z="0" duration="1">
     <transform scX="1" x="0" scY="1" y="0" pX="0" pY="0" skX="0" skY="0"/>
    </frame>
    <frame displayIndex="2" z="0" duration="1">
     <transform scX="1" x="0" scY="1" y="0" pX="0" pY="0" skX="0" skY="0"/>
    </frame>
    <frame displayIndex="3" z="0" duration="2">
     <transform scX="1" x="0" scY="1" y="0" pX="0" pY="0" skX="0" skY="0"/>
    </frame>
   </timeline>
  </animation>
 </armature>
</root>