<TextureAtlas name="Tower1_mc" imagePath="texture.png">
 <SubTexture name="Shape/shape 4433" x="953" y="166" width="46" height="50"/>
 <SubTexture name="Shape/shape 4435" x="963" y="276" width="28" height="27"/>
 <SubTexture name="Shape/shape 4437" x="291" y="276" width="28" height="27"/>
 <SubTexture name="Shape/shape 4439" x="826" y="167" width="28" height="27"/>
 <SubTexture name="Shape/shape 4441" x="291" y="218" width="28" height="27"/>
 <SubTexture name="Shape/shape 4443" x="993" y="305" width="28" height="27"/>
 <SubTexture name="Shape/shape 4445" x="933" y="305" width="28" height="27"/>
 <SubTexture name="Shape/shape 4447" x="983" y="247" width="28" height="27"/>
 <SubTexture name="Shape/shape 4449" x="291" y="160" width="28" height="27"/>
 <SubTexture name="Shape/shape 4451" x="291" y="305" width="28" height="27"/>
 <SubTexture name="Shape/shape 4453" x="806" y="312" width="28" height="27"/>
 <SubTexture name="Shape/shape 4455" x="953" y="218" width="28" height="27"/>
 <SubTexture name="Shape/shape 4457" x="993" y="276" width="28" height="27"/>
 <SubTexture name="Shape/shape 4459" x="806" y="283" width="28" height="27"/>
 <SubTexture name="Shape/shape 4461" x="983" y="218" width="28" height="27"/>
 <SubTexture name="Shape/shape 4463" x="826" y="80" width="28" height="27"/>
 <SubTexture name="Shape/shape 4465" x="806" y="225" width="28" height="27"/>
 <SubTexture name="Shape/shape 4467" x="963" y="305" width="28" height="27"/>
 <SubTexture name="Shape/shape 4469" x="806" y="196" width="28" height="27"/>
 <SubTexture name="Shape/shape 4471" x="826" y="138" width="28" height="27"/>
 <SubTexture name="Shape/shape 4473" x="826" y="109" width="28" height="27"/>
 <SubTexture name="Shape/shape 4475" x="933" y="276" width="28" height="27"/>
 <SubTexture name="Shape/shape 4477" x="291" y="247" width="28" height="27"/>
 <SubTexture name="Shape/shape 4479" x="806" y="254" width="28" height="27"/>
 <SubTexture name="Shape/shape 4481" x="953" y="247" width="28" height="27"/>
 <SubTexture name="Shape/shape 4482" x="291" y="189" width="28" height="27"/>
 <SubTexture name="selectTower" x="963" y="0" width="54" height="60"/>
 <SubTexture name="case" x="953" y="114" width="50" height="50"/>
 <SubTexture name="sphere" x="963" y="62" width="50" height="50"/>
 <SubTexture name="Shape/shape 6357" x="321" y="80" width="105" height="78"/>
 <SubTexture name="Shape/shape 6359" x="321" y="0" width="105" height="78"/>
 <SubTexture name="Shape/shape 6361" x="107" y="0" width="105" height="78"/>
 <SubTexture name="Shape/shape 6363" x="642" y="0" width="105" height="78"/>
 <SubTexture name="Shape/shape 6365" x="214" y="80" width="105" height="78"/>
 <SubTexture name="Shape/shape 6367" x="0" y="0" width="105" height="78"/>
 <SubTexture name="Shape/shape 6368" x="856" y="0" width="105" height="78"/>
 <SubTexture name="Shape/shape 6370" x="428" y="80" width="105" height="78"/>
 <SubTexture name="Shape/shape 6372" x="535" y="0" width="105" height="78"/>
 <SubTexture name="Shape/shape 6374" x="749" y="0" width="105" height="78"/>
 <SubTexture name="Shape/shape 6376" x="214" y="0" width="105" height="78"/>
 <SubTexture name="Shape/shape 6378" x="107" y="80" width="105" height="78"/>
 <SubTexture name="Shape/shape 6380" x="0" y="80" width="105" height="78"/>
 <SubTexture name="Shape/shape 6382" x="428" y="0" width="105" height="78"/>
 <SubTexture name="Shape/shape 6385" x="632" y="80" width="95" height="86"/>
 <SubTexture name="Shape/shape 6387" x="535" y="80" width="95" height="86"/>
 <SubTexture name="Shape/shape 6389" x="515" y="256" width="95" height="86"/>
 <SubTexture name="Shape/shape 6391" x="729" y="80" width="95" height="86"/>
 <SubTexture name="Shape/shape 6393" x="194" y="160" width="95" height="86"/>
 <SubTexture name="Shape/shape 6395" x="856" y="168" width="95" height="86"/>
 <SubTexture name="Shape/shape 6397" x="709" y="256" width="95" height="86"/>
 <SubTexture name="Shape/shape 6399" x="709" y="168" width="95" height="86"/>
 <SubTexture name="Shape/shape 6401" x="418" y="248" width="95" height="86"/>
 <SubTexture name="Shape/shape 6403" x="612" y="256" width="95" height="86"/>
 <SubTexture name="Shape/shape 6405" x="836" y="256" width="95" height="86"/>
 <SubTexture name="Shape/shape 6407" x="97" y="160" width="95" height="86"/>
 <SubTexture name="Shape/shape 6409" x="612" y="168" width="95" height="86"/>
 <SubTexture name="Shape/shape 6411" x="0" y="336" width="95" height="86"/>
 <SubTexture name="Shape/shape 6413" x="194" y="248" width="95" height="86"/>
 <SubTexture name="Shape/shape 6414" x="515" y="168" width="95" height="86"/>
 <SubTexture name="Shape/shape 6415" x="0" y="160" width="95" height="86"/>
 <SubTexture name="Shape/shape 6416" x="0" y="248" width="95" height="86"/>
 <SubTexture name="Shape/shape 6417" x="856" y="80" width="95" height="86"/>
 <SubTexture name="Shape/shape 6418" x="321" y="248" width="95" height="86"/>
 <SubTexture name="Shape/shape 6419" x="418" y="160" width="95" height="86"/>
 <SubTexture name="Shape/shape 6420" x="321" y="160" width="95" height="86"/>
 <SubTexture name="Shape/shape 6421" x="97" y="248" width="95" height="86"/>
</TextureAtlas>