<root name="Unit23VerticalDeath_mc" isGlobal="0" frameRate="30" version="3.0">
 <armature name="Unit23VerticalDeath_mc">
  <skin name="default">
   <slot name="Layer 1" z="0" parent="Layer 1">
    <display name="Shape/shape 11484" type="image">
     <transform scX="1" x="0" scY="1" y="0" pX="19" pY="55" skX="0" skY="0"/>
    </display>
    <display name="Shape/shape 11486" type="image">
     <transform scX="1" x="0" scY="1" y="0" pX="19" pY="55" skX="0" skY="0"/>
    </display>
    <display name="Shape/shape 11488" type="image">
     <transform scX="1" x="0" scY="1" y="0" pX="19" pY="55" skX="0" skY="0"/>
    </display>
    <display name="Shape/shape 11490" type="image">
     <transform scX="1" x="0" scY="1" y="0" pX="19" pY="55" skX="0" skY="0"/>
    </display>
    <display name="Shape/shape 11492" type="image">
     <transform scX="1" x="0" scY="1" y="0" pX="19" pY="55" skX="0" skY="0"/>
    </display>
    <display name="Shape/shape 11494" type="image">
     <transform scX="1" x="0" scY="1" y="0" pX="19" pY="55" skX="0" skY="0"/>
    </display>
    <display name="Shape/shape 11496" type="image">
     <transform scX="1" x="0" scY="1" y="0" pX="19" pY="55" skX="0" skY="0"/>
    </display>
    <display name="Shape/shape 11498" type="image">
     <transform scX="1" x="0" scY="1" y="0" pX="19" pY="55" skX="0" skY="0"/>
    </display>
    <display name="Shape/shape 11500" type="image">
     <transform scX="1" x="0" scY="1" y="0" pX="19" pY="55" skX="0" skY="0"/>
    </display>
    <display name="Shape/shape 11502" type="image">
     <transform scX="1" x="0" scY="1" y="0" pX="19" pY="55" skX="0" skY="0"/>
    </display>
    <display name="Shape/shape 11504" type="image">
     <transform scX="1" x="0" scY="1" y="0" pX="19" pY="55" skX="0" skY="0"/>
    </display>
    <display name="Shape/shape 11506" type="image">
     <transform scX="1" x="0" scY="1" y="0" pX="19" pY="55" skX="0" skY="0"/>
    </display>
    <display name="Shape/shape 11508" type="image">
     <transform scX="1" x="0" scY="1" y="0" pX="19" pY="55" skX="0" skY="0"/>
    </display>
    <display name="Shape/shape 11510" type="image">
     <transform scX="1" x="0" scY="1" y="0" pX="19" pY="55" skX="0" skY="0"/>
    </display>
    <display name="Shape/shape 11512" type="image">
     <transform scX="1" x="0" scY="1" y="0" pX="19" pY="55" skX="0" skY="0"/>
    </display>
    <display name="Shape/shape 11514" type="image">
     <transform scX="1" x="0" scY="1" y="0" pX="19" pY="55" skX="0" skY="0"/>
    </display>
    <display name="Shape/shape 11516" type="image">
     <transform scX="1" x="0" scY="1" y="0" pX="19" pY="55" skX="0" skY="0"/>
    </display>
    <display name="Shape/shape 11518" type="image">
     <transform scX="1" x="0" scY="1" y="0" pX="19" pY="55" skX="0" skY="0"/>
    </display>
   </slot>
  </skin>
  <bone name="Layer 1">
   <transform scX="1" x="0" skX="0" scY="1" y="0" skY="0"/>
  </bone>
  <animation name="Unit23VerticalDeath_mc" scale="1" loop="1" autoTween="NaN" fadeInTime="0.3" duration="37" tweenEasing="NaN">
   <timeline pX="0" name="Layer 1" pY="0" scale="1" offset="0">
    <frame z="0" duration="2">
     <transform scX="1" x="0" scY="1" y="0" pX="0" pY="0" skX="0" skY="0"/>
    </frame>
    <frame displayIndex="1" z="0" duration="2">
     <transform scX="1" x="0" scY="1" y="0" pX="0" pY="0" skX="0" skY="0"/>
    </frame>
    <frame displayIndex="2" z="0" duration="2">
     <transform scX="1" x="0" scY="1" y="0" pX="0" pY="0" skX="0" skY="0"/>
    </frame>
    <frame displayIndex="3" z="0" duration="2">
     <transform scX="1" x="0" scY="1" y="0" pX="0" pY="0" skX="0" skY="0"/>
    </frame>
    <frame displayIndex="4" z="0" duration="2">
     <transform scX="1" x="0" scY="1" y="0" pX="0" pY="0" skX="0" skY="0"/>
    </frame>
    <frame displayIndex="5" z="0" duration="2">
     <transform scX="1" x="0" scY="1" y="0" pX="0" pY="0" skX="0" skY="0"/>
    </frame>
    <frame displayIndex="6" z="0" duration="2">
     <transform scX="1" x="0" scY="1" y="0" pX="0" pY="0" skX="0" skY="0"/>
    </frame>
    <frame displayIndex="7" z="0" duration="2">
     <transform scX="1" x="0" scY="1" y="0" pX="0" pY="0" skX="0" skY="0"/>
    </frame>
    <frame displayIndex="8" z="0" duration="2">
     <transform scX="1" x="0" scY="1" y="0" pX="0" pY="0" skX="0" skY="0"/>
    </frame>
    <frame displayIndex="9" z="0" duration="2">
     <transform scX="1" x="0" scY="1" y="0" pX="0" pY="0" skX="0" skY="0"/>
    </frame>
    <frame displayIndex="10" z="0" duration="2">
     <transform scX="1" x="0" scY="1" y="0" pX="0" pY="0" skX="0" skY="0"/>
    </frame>
    <frame displayIndex="11" z="0" duration="2">
     <transform scX="1" x="0" scY="1" y="0" pX="0" pY="0" skX="0" skY="0"/>
    </frame>
    <frame displayIndex="12" z="0" duration="2">
     <transform scX="1" x="0" scY="1" y="0" pX="0" pY="0" skX="0" skY="0"/>
    </frame>
    <frame displayIndex="13" z="0" duration="2">
     <transform scX="1" x="0" scY="1" y="0" pX="0" pY="0" skX="0" skY="0"/>
    </frame>
    <frame displayIndex="14" z="0" duration="2">
     <transform scX="1" x="0" scY="1" y="0" pX="0" pY="0" skX="0" skY="0"/>
    </frame>
    <frame displayIndex="15" z="0" duration="2">
     <transform scX="1" x="0" scY="1" y="0" pX="0" pY="0" skX="0" skY="0"/>
    </frame>
    <frame displayIndex="16" z="0" duration="2">
     <transform scX="1" x="0" scY="1" y="0" pX="0" pY="0" skX="0" skY="0"/>
    </frame>
    <frame displayIndex="17" z="0" duration="2">
     <transform scX="1" x="0" scY="1" y="0" pX="0" pY="0" skX="0" skY="0"/>
    </frame>
    <frame displayIndex="17" z="0" duration="1">
     <transform scX="1" x="0" scY="1" y="0" pX="0" pY="0" skX="0" skY="0"/>
    </frame>
   </timeline>
   <frame duration="36"/>
   <frame duration="1"/>
  </animation>
 </armature>
</root>