<root name="Unit20_frontDeath_mc" isGlobal="0" frameRate="30" version="3.0">
 <armature name="Unit20_frontDeath_mc">
  <skin name="default">
   <slot name="cont" z="0" parent="cont">
    <display name="Shape/shape 3143" type="image">
     <transform scX="1" x="0" scY="1" y="0" pX="21.5" pY="25" skX="0" skY="0"/>
    </display>
    <display name="Shape/shape 10797" type="image">
     <transform scX="1" x="0" scY="1" y="0" pX="58" pY="83" skX="0" skY="0"/>
    </display>
    <display name="Shape/shape 10799" type="image">
     <transform scX="1" x="0" scY="1" y="0" pX="58" pY="83" skX="0" skY="0"/>
    </display>
    <display name="Shape/shape 10801" type="image">
     <transform scX="1" x="0" scY="1" y="0" pX="58" pY="83" skX="0" skY="0"/>
    </display>
    <display name="Shape/shape 10803" type="image">
     <transform scX="1" x="0" scY="1" y="0" pX="58" pY="83" skX="0" skY="0"/>
    </display>
    <display name="Shape/shape 10805" type="image">
     <transform scX="1" x="0" scY="1" y="0" pX="58" pY="83" skX="0" skY="0"/>
    </display>
    <display name="Shape/shape 10807" type="image">
     <transform scX="1" x="0" scY="1" y="0" pX="58" pY="83" skX="0" skY="0"/>
    </display>
    <display name="Shape/shape 10809" type="image">
     <transform scX="1" x="0" scY="1" y="0" pX="58" pY="83" skX="0" skY="0"/>
    </display>
    <display name="Shape/shape 10811" type="image">
     <transform scX="1" x="0" scY="1" y="0" pX="58" pY="83" skX="0" skY="0"/>
    </display>
    <display name="Shape/shape 10813" type="image">
     <transform scX="1" x="0" scY="1" y="0" pX="58" pY="83" skX="0" skY="0"/>
    </display>
    <display name="Shape/shape 10815" type="image">
     <transform scX="1" x="0" scY="1" y="0" pX="58" pY="83" skX="0" skY="0"/>
    </display>
    <display name="Shape/shape 10817" type="image">
     <transform scX="1" x="0" scY="1" y="0" pX="58" pY="83" skX="0" skY="0"/>
    </display>
    <display name="Shape/shape 10819" type="image">
     <transform scX="1" x="0" scY="1" y="0" pX="58" pY="83" skX="0" skY="0"/>
    </display>
    <display name="Shape/shape 10821" type="image">
     <transform scX="1" x="0" scY="1" y="0" pX="58" pY="83" skX="0" skY="0"/>
    </display>
    <display name="Shape/shape 10823" type="image">
     <transform scX="1" x="0" scY="1" y="0" pX="58" pY="83" skX="0" skY="0"/>
    </display>
    <display name="Shape/shape 10825" type="image">
     <transform scX="1" x="0" scY="1" y="0" pX="58" pY="83" skX="0" skY="0"/>
    </display>
    <display name="Shape/shape 10827" type="image">
     <transform scX="1" x="0" scY="1" y="0" pX="58" pY="83" skX="0" skY="0"/>
    </display>
    <display name="Shape/shape 10829" type="image">
     <transform scX="1" x="0" scY="1" y="0" pX="58" pY="83" skX="0" skY="0"/>
    </display>
    <display name="Shape/shape 10831" type="image">
     <transform scX="1" x="0" scY="1" y="0" pX="58" pY="83" skX="0" skY="0"/>
    </display>
    <display name="Shape/shape 10833" type="image">
     <transform scX="1" x="0" scY="1" y="0" pX="58" pY="83" skX="0" skY="0"/>
    </display>
    <display name="Shape/shape 10835" type="image">
     <transform scX="1" x="0" scY="1" y="0" pX="58" pY="83" skX="0" skY="0"/>
    </display>
    <display name="Shape/shape 10837" type="image">
     <transform scX="1" x="0" scY="1" y="0" pX="58" pY="83" skX="0" skY="0"/>
    </display>
    <display name="Shape/shape 10839" type="image">
     <transform scX="1" x="0" scY="1" y="0" pX="58" pY="83" skX="0" skY="0"/>
    </display>
    <display name="Shape/shape 10841" type="image">
     <transform scX="1" x="0" scY="1" y="0" pX="58" pY="83" skX="0" skY="0"/>
    </display>
    <display name="Shape/shape 10843" type="image">
     <transform scX="1" x="0" scY="1" y="0" pX="58" pY="83" skX="0" skY="0"/>
    </display>
    <display name="Shape/shape 10845" type="image">
     <transform scX="1" x="0" scY="1" y="0" pX="58" pY="83" skX="0" skY="0"/>
    </display>
    <display name="Shape/shape 10847" type="image">
     <transform scX="1" x="0" scY="1" y="0" pX="58" pY="83" skX="0" skY="0"/>
    </display>
    <display name="Shape/shape 10849" type="image">
     <transform scX="1" x="0" scY="1" y="0" pX="58" pY="83" skX="0" skY="0"/>
    </display>
   </slot>
  </skin>
  <bone name="cont">
   <transform scX="1" x="0" skX="0" scY="1" y="0" skY="0"/>
  </bone>
  <animation fadeInTime="0.3" scale="1" loop="1" autoTween="NaN" name="Unit20_frontDeath_mc" duration="28" tweenEasing="NaN">
   <timeline pX="0" name="cont" pY="0" scale="1" offset="0">
    <frame z="0" duration="1">
     <transform scX="1" x="0" scY="1" y="0" pX="0" pY="0" skX="0" skY="0"/>
    </frame>
    <frame displayIndex="1" z="0" duration="1">
     <transform scX="1" x="0" scY="1" y="0" pX="0" pY="0" skX="0" skY="0"/>
    </frame>
    <frame displayIndex="2" z="0" duration="1">
     <transform scX="1" x="0" scY="1" y="0" pX="0" pY="0" skX="0" skY="0"/>
    </frame>
    <frame displayIndex="3" z="0" duration="1">
     <transform scX="1" x="0" scY="1" y="0" pX="0" pY="0" skX="0" skY="0"/>
    </frame>
    <frame displayIndex="4" z="0" duration="1">
     <transform scX="1" x="0" scY="1" y="0" pX="0" pY="0" skX="0" skY="0"/>
    </frame>
    <frame displayIndex="5" z="0" duration="1">
     <transform scX="1" x="0" scY="1" y="0" pX="0" pY="0" skX="0" skY="0"/>
    </frame>
    <frame displayIndex="6" z="0" duration="1">
     <transform scX="1" x="0" scY="1" y="0" pX="0" pY="0" skX="0" skY="0"/>
    </frame>
    <frame displayIndex="7" z="0" duration="1">
     <transform scX="1" x="0" scY="1" y="0" pX="0" pY="0" skX="0" skY="0"/>
    </frame>
    <frame displayIndex="8" z="0" duration="1">
     <transform scX="1" x="0" scY="1" y="0" pX="0" pY="0" skX="0" skY="0"/>
    </frame>
    <frame displayIndex="9" z="0" duration="1">
     <transform scX="1" x="0" scY="1" y="0" pX="0" pY="0" skX="0" skY="0"/>
    </frame>
    <frame displayIndex="10" z="0" duration="1">
     <transform scX="1" x="0" scY="1" y="0" pX="0" pY="0" skX="0" skY="0"/>
    </frame>
    <frame displayIndex="11" z="0" duration="1">
     <transform scX="1" x="0" scY="1" y="0" pX="0" pY="0" skX="0" skY="0"/>
    </frame>
    <frame displayIndex="12" z="0" duration="1">
     <transform scX="1" x="0" scY="1" y="0" pX="0" pY="0" skX="0" skY="0"/>
    </frame>
    <frame displayIndex="13" z="0" duration="1">
     <transform scX="1" x="0" scY="1" y="0" pX="0" pY="0" skX="0" skY="0"/>
    </frame>
    <frame displayIndex="14" z="0" duration="1">
     <transform scX="1" x="0" scY="1" y="0" pX="0" pY="0" skX="0" skY="0"/>
    </frame>
    <frame displayIndex="15" z="0" duration="1">
     <transform scX="1" x="0" scY="1" y="0" pX="0" pY="0" skX="0" skY="0"/>
    </frame>
    <frame displayIndex="16" z="0" duration="1">
     <transform scX="1" x="0" scY="1" y="0" pX="0" pY="0" skX="0" skY="0"/>
    </frame>
    <frame displayIndex="17" z="0" duration="1">
     <transform scX="1" x="0" scY="1" y="0" pX="0" pY="0" skX="0" skY="0"/>
    </frame>
    <frame displayIndex="18" z="0" duration="1">
     <transform scX="1" x="0" scY="1" y="0" pX="0" pY="0" skX="0" skY="0"/>
    </frame>
    <frame displayIndex="19" z="0" duration="1">
     <transform scX="1" x="0" scY="1" y="0" pX="0" pY="0" skX="0" skY="0"/>
    </frame>
    <frame displayIndex="20" z="0" duration="1">
     <transform scX="1" x="0" scY="1" y="0" pX="0" pY="0" skX="0" skY="0"/>
    </frame>
    <frame displayIndex="21" z="0" duration="1">
     <transform scX="1" x="0" scY="1" y="0" pX="0" pY="0" skX="0" skY="0"/>
    </frame>
    <frame displayIndex="22" z="0" duration="1">
     <transform scX="1" x="0" scY="1" y="0" pX="0" pY="0" skX="0" skY="0"/>
    </frame>
    <frame displayIndex="23" z="0" duration="1">
     <transform scX="1" x="0" scY="1" y="0" pX="0" pY="0" skX="0" skY="0"/>
    </frame>
    <frame displayIndex="24" z="0" duration="1">
     <transform scX="1" x="0" scY="1" y="0" pX="0" pY="0" skX="0" skY="0"/>
    </frame>
    <frame displayIndex="25" z="0" duration="1">
     <transform scX="1" x="0" scY="1" y="0" pX="0" pY="0" skX="0" skY="0"/>
    </frame>
    <frame displayIndex="26" z="0" duration="1">
     <transform scX="1" x="0" scY="1" y="0" pX="0" pY="0" skX="0" skY="0"/>
    </frame>
    <frame displayIndex="27" z="0" duration="1">
     <transform scX="1" x="0" scY="1" y="0" pX="0" pY="0" skX="0" skY="0"/>
    </frame>
   </timeline>
  </animation>
 </armature>
</root>