<TextureAtlas name="Unit20_frontDeath_mc" imagePath="texture.png">
 <SubTexture name="Shape/shape 3143" x="944" y="0" width="43" height="33"/>
 <SubTexture name="Shape/shape 10797" x="354" y="106" width="116" height="104"/>
 <SubTexture name="Shape/shape 10799" x="472" y="212" width="116" height="104"/>
 <SubTexture name="Shape/shape 10801" x="708" y="0" width="116" height="104"/>
 <SubTexture name="Shape/shape 10803" x="0" y="0" width="116" height="104"/>
 <SubTexture name="Shape/shape 10805" x="0" y="318" width="116" height="104"/>
 <SubTexture name="Shape/shape 10807" x="590" y="0" width="116" height="104"/>
 <SubTexture name="Shape/shape 10809" x="236" y="318" width="116" height="104"/>
 <SubTexture name="Shape/shape 10811" x="590" y="212" width="116" height="104"/>
 <SubTexture name="Shape/shape 10813" x="0" y="212" width="116" height="104"/>
 <SubTexture name="Shape/shape 10815" x="708" y="212" width="116" height="104"/>
 <SubTexture name="Shape/shape 10817" x="118" y="212" width="116" height="104"/>
 <SubTexture name="Shape/shape 10819" x="118" y="106" width="116" height="104"/>
 <SubTexture name="Shape/shape 10821" x="472" y="106" width="116" height="104"/>
 <SubTexture name="Shape/shape 10823" x="118" y="318" width="116" height="104"/>
 <SubTexture name="Shape/shape 10825" x="354" y="212" width="116" height="104"/>
 <SubTexture name="Shape/shape 10827" x="236" y="212" width="116" height="104"/>
 <SubTexture name="Shape/shape 10829" x="118" y="0" width="116" height="104"/>
 <SubTexture name="Shape/shape 10831" x="236" y="106" width="116" height="104"/>
 <SubTexture name="Shape/shape 10833" x="826" y="0" width="116" height="104"/>
 <SubTexture name="Shape/shape 10835" x="826" y="106" width="116" height="104"/>
 <SubTexture name="Shape/shape 10837" x="236" y="0" width="116" height="104"/>
 <SubTexture name="Shape/shape 10839" x="472" y="0" width="116" height="104"/>
 <SubTexture name="Shape/shape 10841" x="708" y="106" width="116" height="104"/>
 <SubTexture name="Shape/shape 10843" x="590" y="106" width="116" height="104"/>
 <SubTexture name="Shape/shape 10845" x="354" y="0" width="116" height="104"/>
 <SubTexture name="Shape/shape 10847" x="0" y="106" width="116" height="104"/>
 <SubTexture name="Shape/shape 10849" x="826" y="212" width="116" height="104"/>
</TextureAtlas>