<root name="Level5_mc" isGlobal="0" frameRate="30" version="3.0">
 <armature name="Level5_mc">
  <skin name="default">
   <slot name="map" z="0" parent="map">
    <display name="Shape/shape 10202" type="image">
     <transform scX="1" x="0" scY="1" y="0" pX="20" pY="2" skX="0" skY="0"/>
    </display>
   </slot>
   <slot name="place1" z="1" parent="place1">
    <display name="case" type="image">
     <transform scX="1" x="0" scY="1" y="0" pX="25" pY="25" skX="0" skY="0"/>
    </display>
   </slot>
   <slot name="place2" z="2" parent="place2">
    <display name="case" type="image">
     <transform scX="1" x="0" scY="1" y="0" pX="25" pY="25" skX="0" skY="0"/>
    </display>
   </slot>
   <slot name="place3" z="3" parent="place3">
    <display name="case" type="image">
     <transform scX="1" x="0" scY="1" y="0" pX="25" pY="25" skX="0" skY="0"/>
    </display>
   </slot>
   <slot name="place4" z="4" parent="place4">
    <display name="case" type="image">
     <transform scX="1" x="0" scY="1" y="0" pX="25" pY="25" skX="0" skY="0"/>
    </display>
   </slot>
   <slot name="place5" z="5" parent="place5">
    <display name="case" type="image">
     <transform scX="1" x="0" scY="1" y="0" pX="25" pY="25" skX="0" skY="0"/>
    </display>
   </slot>
   <slot name="place6" z="6" parent="place6">
    <display name="case" type="image">
     <transform scX="1" x="0" scY="1" y="0" pX="25" pY="25" skX="0" skY="0"/>
    </display>
   </slot>
   <slot name="place8" z="7" parent="place8">
    <display name="case" type="image">
     <transform scX="1" x="0" scY="1" y="0" pX="25" pY="25" skX="0" skY="0"/>
    </display>
   </slot>
   <slot name="place7" z="8" parent="place7">
    <display name="case" type="image">
     <transform scX="1" x="0" scY="1" y="0" pX="25" pY="25" skX="0" skY="0"/>
    </display>
   </slot>
   <slot name="flag1" z="9" parent="flag1">
    <display name="Sprite/sprite 8919" type="armature">
     <transform scX="1" x="0" skX="0" scY="1" y="0" skY="0"/>
    </display>
   </slot>
   <slot name="flag2" z="10" parent="flag2">
    <display name="Sprite/sprite 8919" type="armature">
     <transform scX="1" x="0" skX="0" scY="1" y="0" skY="0"/>
    </display>
   </slot>
   <slot name="place9" z="11" parent="place9">
    <display name="case" type="image">
     <transform scX="1" x="0" scY="1" y="0" pX="25" pY="25" skX="0" skY="0"/>
    </display>
   </slot>
   <slot name="pointer1" z="12" parent="pointer1">
    <display name="case" type="image">
     <transform scX="1" x="0" scY="1" y="0" pX="25" pY="25" skX="0" skY="0"/>
    </display>
   </slot>
   <slot name="pointer2" z="13" parent="pointer2">
    <display name="case" type="image">
     <transform scX="1" x="0" scY="1" y="0" pX="25" pY="25" skX="0" skY="0"/>
    </display>
   </slot>
   <slot name="decorationCase" z="14" parent="decorationCase">
    <display name="case" type="image">
     <transform scX="1" x="0" scY="1" y="0" pX="25" pY="25" skX="0" skY="0"/>
    </display>
   </slot>
  </skin>
  <bone name="place8">
   <transform scX="1.52" x="321" skX="0" scY="0.82" y="479" skY="0"/>
  </bone>
  <bone name="place1">
   <transform scX="1.52" x="149" skX="0" scY="0.83" y="288" skY="0"/>
  </bone>
  <bone name="place2">
   <transform scX="1.52" x="199" skX="0" scY="0.83" y="162" skY="0"/>
  </bone>
  <bone name="place3">
   <transform scX="1.52" x="413" skX="0" scY="0.83" y="224" skY="0"/>
  </bone>
  <bone name="place4">
   <transform scX="1.52" x="562" skX="0" scY="0.82" y="221" skY="0"/>
  </bone>
  <bone name="place5">
   <transform scX="1.52" x="687" skX="0" scY="0.82" y="283" skY="0"/>
  </bone>
  <bone name="place6">
   <transform scX="1.52" x="669" skX="0" scY="0.83" y="426" skY="0"/>
  </bone>
  <bone name="map">
   <transform scX="1" x="0" skX="0" scY="1" y="0" skY="0"/>
  </bone>
  <bone name="place7">
   <transform scX="1.52" x="468" skX="0" scY="0.83" y="375" skY="0"/>
  </bone>
  <bone name="flag1">
   <transform scX="1" x="696" skX="0" scY="1" y="523" skY="0"/>
  </bone>
  <bone name="flag2">
   <transform scX="1" x="764" skX="0" scY="1" y="523" skY="0"/>
  </bone>
  <bone name="place9">
   <transform scX="1.28" x="98" skX="0" scY="0.95" y="477" skY="0"/>
  </bone>
  <bone name="pointer1">
   <transform scX="1" x="47.3" skX="0" scY="1" y="216.3" skY="0"/>
  </bone>
  <bone name="pointer2">
   <transform scX="1" x="44.3" skX="0" scY="1" y="512.3" skY="0"/>
  </bone>
  <bone name="decorationCase">
   <transform scX="1.79" x="517.5" skX="0" scY="1.35" y="518.2" skY="0"/>
  </bone>
  <animation fadeInTime="0.3" scale="1" loop="1" autoTween="NaN" name="Level5_mc" duration="1" tweenEasing="NaN">
   <timeline pX="0" name="map" pY="0" scale="1" offset="0">
    <frame z="0" duration="1">
     <transform scX="1" x="0" scY="1" y="0" pX="0" pY="0" skX="0" skY="0"/>
    </frame>
   </timeline>
   <timeline pX="0" name="place1" pY="0" scale="1" offset="0">
    <frame z="0" duration="1">
     <transform scX="1" x="0" scY="1" y="0" pX="0" pY="0" skX="0" skY="0"/>
    </frame>
   </timeline>
   <timeline pX="0" name="place2" pY="0" scale="1" offset="0">
    <frame z="0" duration="1">
     <transform scX="1" x="0" scY="1" y="0" pX="0" pY="0" skX="0" skY="0"/>
    </frame>
   </timeline>
   <timeline pX="0" name="place3" pY="0" scale="1" offset="0">
    <frame z="0" duration="1">
     <transform scX="1" x="0" scY="1" y="0" pX="0" pY="0" skX="0" skY="0"/>
    </frame>
   </timeline>
   <timeline pX="0" name="place4" pY="0" scale="1" offset="0">
    <frame z="0" duration="1">
     <transform scX="1" x="0" scY="1" y="0" pX="0" pY="0" skX="0" skY="0"/>
    </frame>
   </timeline>
   <timeline pX="0" name="place5" pY="0" scale="1" offset="0">
    <frame z="0" duration="1">
     <transform scX="1" x="0" scY="1" y="0" pX="0" pY="0" skX="0" skY="0"/>
    </frame>
   </timeline>
   <timeline pX="0" name="place6" pY="0" scale="1" offset="0">
    <frame z="0" duration="1">
     <transform scX="1" x="0" scY="1" y="0" pX="0" pY="0" skX="0" skY="0"/>
    </frame>
   </timeline>
   <timeline pX="0" name="place8" pY="0" scale="1" offset="0">
    <frame z="0" duration="1">
     <transform scX="1" x="0" scY="1" y="0" pX="0" pY="0" skX="0" skY="0"/>
    </frame>
   </timeline>
   <timeline pX="0" name="place7" pY="0" scale="1" offset="0">
    <frame z="0" duration="1">
     <transform scX="1" x="0" scY="1" y="0" pX="0" pY="0" skX="0" skY="0"/>
    </frame>
   </timeline>
   <timeline pX="0" name="flag1" pY="0" scale="1" offset="0">
    <frame z="0" duration="1">
     <transform scX="1" x="0" scY="1" y="0" pX="0" pY="0" skX="0" skY="0"/>
    </frame>
   </timeline>
   <timeline pX="0" name="flag2" pY="0" scale="1" offset="0">
    <frame z="0" duration="1">
     <transform scX="1" x="0" scY="1" y="0" pX="0" pY="0" skX="0" skY="0"/>
    </frame>
   </timeline>
   <timeline pX="0" name="place9" pY="0" scale="1" offset="0">
    <frame z="0" duration="1">
     <transform scX="1" x="0" scY="1" y="0" pX="0" pY="0" skX="0" skY="0"/>
    </frame>
   </timeline>
   <timeline pX="0" name="pointer1" pY="0" scale="1" offset="0">
    <frame z="0" duration="1">
     <transform scX="1" x="0" scY="1" y="0" pX="0" pY="0" skX="0" skY="0"/>
    </frame>
   </timeline>
   <timeline pX="0" name="pointer2" pY="0" scale="1" offset="0">
    <frame z="0" duration="1">
     <transform scX="1" x="0" scY="1" y="0" pX="0" pY="0" skX="0" skY="0"/>
    </frame>
   </timeline>
   <timeline pX="0" name="decorationCase" pY="0" scale="1" offset="0">
    <frame z="0" duration="1">
     <transform scX="1" x="0" scY="1" y="0" pX="0" pY="0" skX="0" skY="0"/>
    </frame>
   </timeline>
  </animation>
 </armature>
 <armature name="Sprite/sprite 8919">
  <skin name="default">
   <slot name="Layer 1" z="0" parent="Layer 1">
    <display name="Shape/shape 8906" type="image">
     <transform scX="1" x="0" scY="1" y="0" pX="10" pY="14" skX="0" skY="0"/>
    </display>
   </slot>
   <slot name="Layer 2" z="1" parent="Layer 2">
    <display name="Shape/shape 8908" type="image">
     <transform scX="1" x="0" scY="1" y="0" pX="4" pY="12" skX="0" skY="0"/>
    </display>
    <display name="Shape/shape 8910" type="image">
     <transform scX="1" x="0" scY="1" y="0" pX="4.15" pY="11.65" skX="0" skY="0"/>
    </display>
    <display name="Shape/shape 8912" type="image">
     <transform scX="1" x="0" scY="1" y="0" pX="4.15" pY="11.65" skX="0" skY="0"/>
    </display>
    <display name="Shape/shape 8914" type="image">
     <transform scX="1" x="0" scY="1" y="0" pX="4.15" pY="11.65" skX="0" skY="0"/>
    </display>
    <display name="Shape/shape 8916" type="image">
     <transform scX="1" x="0" scY="1" y="0" pX="4.15" pY="11.65" skX="0" skY="0"/>
    </display>
    <display name="Shape/shape 8918" type="image">
     <transform scX="1" x="0" scY="1" y="0" pX="4.15" pY="11.65" skX="0" skY="0"/>
    </display>
   </slot>
  </skin>
  <bone name="Layer 1">
   <transform scX="1" x="0" skX="0" scY="1" y="0" skY="0"/>
  </bone>
  <bone name="Layer 2">
   <transform scX="1" x="0" skX="0" scY="1" y="0" skY="0"/>
  </bone>
  <animation fadeInTime="0" scale="1" loop="1" autoTween="NaN" name="unnamed" duration="12" tweenEasing="NaN">
   <timeline pX="0" name="Layer 1" pY="0" scale="1" offset="0">
    <frame z="0" duration="12">
     <transform scX="1" x="0" scY="1" y="0" pX="0" pY="0" skX="0" skY="0"/>
    </frame>
   </timeline>
   <timeline pX="0" name="Layer 2" pY="0" scale="1" offset="0">
    <frame z="0" duration="2">
     <transform scX="1" x="0" scY="1" y="0" pX="0" pY="0" skX="0" skY="0"/>
    </frame>
    <frame displayIndex="1" z="0" duration="2">
     <transform scX="1" x="0" scY="1" y="0" pX="0" pY="0" skX="0" skY="0"/>
    </frame>
    <frame displayIndex="2" z="0" duration="2">
     <transform scX="1" x="0" scY="1" y="0" pX="0" pY="0" skX="0" skY="0"/>
    </frame>
    <frame displayIndex="3" z="0" duration="2">
     <transform scX="1" x="0" scY="1" y="0" pX="0" pY="0" skX="0" skY="0"/>
    </frame>
    <frame displayIndex="4" z="0" duration="2">
     <transform scX="1" x="0" scY="1" y="0" pX="0" pY="0" skX="0" skY="0"/>
    </frame>
    <frame displayIndex="5" z="0" duration="2">
     <transform scX="1" x="0" scY="1" y="0" pX="0" pY="0" skX="0" skY="0"/>
    </frame>
   </timeline>
  </animation>
 </armature>
</root>