<dragonBones name="1yrt" frameRate="30" version="2.3">
 <armature name="CastGetAll_mc">
  <bone name="Layer 1">
   <transform x="6" y="-23" skX="0" skY="0" scX="1" scY="1"/>
  </bone>
  <bone name="Layer 3">
   <transform x="29.6" y="-0.3" skX="0" skY="0" scX="0.73" scY="0.73"/>
  </bone>
  <bone name="Layer 5">
   <transform x="-1.1" y="-38.3" skX="0" skY="0" scX="0.73" scY="0.73"/>
  </bone>
  <bone name="Layer 7">
   <transform x="-37.65" y="1.2" skX="0" skY="0" scX="0.73" scY="0.73"/>
  </bone>
  <bone name="Layer 9">
   <transform x="-1.1" y="36.25" skX="0" skY="0" scX="0.73" scY="0.73"/>
  </bone>
  <bone name="Layer 11">
   <transform x="32.05" y="-32.75" skX="0" skY="0" scX="0.47" scY="0.47"/>
  </bone>
  <bone name="Layer 13">
   <transform x="-32.3" y="31.2" skX="0" skY="0" scX="0.47" scY="0.47"/>
  </bone>
  <bone name="Layer 15">
   <transform x="32.05" y="25.35" skX="0" skY="0" scX="0.47" scY="0.47"/>
  </bone>
  <bone name="Layer 17">
   <transform x="-36.65" y="-27.65" skX="0" skY="0" scX="0.47" scY="0.47"/>
  </bone>
  <bone name="Layer 19">
   <transform x="6" y="-23" skX="0" skY="0" scX="1" scY="1"/>
  </bone>
  <skin name="default">
   <slot name="Layer 1" parent="Layer 1" z="0">
    <display name="Shape/shape 7049" type="image">
     <transform x="0" y="0" skX="0" skY="0" scX="1" scY="1" pX="116" pY="96"/>
    </display>
    <display name="Shape/shape 7051" type="image">
     <transform x="0" y="0" skX="0" skY="0" scX="1" scY="1" pX="116" pY="96"/>
    </display>
    <display name="Shape/shape 7053" type="image">
     <transform x="0" y="0" skX="0" skY="0" scX="1" scY="1" pX="116" pY="96"/>
    </display>
    <display name="Sprite/sprite 7242" type="armature">
     <transform x="0" y="0" skX="0" skY="0" scX="1" scY="1"/>
    </display>
   </slot>
   <slot name="Layer 3" parent="Layer 3" z="1">
    <display name="Sprite/sprite 7299" type="armature">
     <transform x="0" y="0" skX="0" skY="0" scX="1" scY="1"/>
    </display>
   </slot>
   <slot name="Layer 5" parent="Layer 5" z="2">
    <display name="Sprite/sprite 7354" type="armature">
     <transform x="0" y="0" skX="0" skY="0" scX="1" scY="1"/>
    </display>
   </slot>
   <slot name="Layer 7" parent="Layer 7" z="3">
    <display name="Sprite/sprite 7411" type="armature">
     <transform x="0" y="0" skX="0" skY="0" scX="1" scY="1"/>
    </display>
   </slot>
   <slot name="Layer 9" parent="Layer 9" z="4">
    <display name="Sprite/sprite 7468" type="armature">
     <transform x="0" y="0" skX="0" skY="0" scX="1" scY="1"/>
    </display>
   </slot>
   <slot name="Layer 11" parent="Layer 11" z="5">
    <display name="Sprite/sprite 7242" type="armature">
     <transform x="0" y="0" skX="0" skY="0" scX="1" scY="1"/>
    </display>
   </slot>
   <slot name="Layer 13" parent="Layer 13" z="6">
    <display name="Sprite/sprite 7299" type="armature">
     <transform x="0" y="0" skX="0" skY="0" scX="1" scY="1"/>
    </display>
   </slot>
   <slot name="Layer 15" parent="Layer 15" z="7">
    <display name="Sprite/sprite 7411" type="armature">
     <transform x="0" y="0" skX="0" skY="0" scX="1" scY="1"/>
    </display>
   </slot>
   <slot name="Layer 17" parent="Layer 17" z="8">
    <display name="Sprite/sprite 7468" type="armature">
     <transform x="0" y="0" skX="0" skY="0" scX="1" scY="1"/>
    </display>
   </slot>
   <slot name="Layer 19" parent="Layer 19" z="9">
    <display name="Shape/shape 7055" type="image">
     <transform x="0" y="0" skX="0" skY="0" scX="1" scY="1" pX="116" pY="96"/>
    </display>
    <display name="Shape/shape 7057" type="image">
     <transform x="0" y="0" skX="0" skY="0" scX="1" scY="1" pX="116" pY="96"/>
    </display>
    <display name="Shape/shape 7059" type="image">
     <transform x="0" y="0" skX="0" skY="0" scX="1" scY="1" pX="116" pY="96"/>
    </display>
    <display name="Shape/shape 7061" type="image">
     <transform x="0" y="0" skX="0" skY="0" scX="1" scY="1" pX="116" pY="96"/>
    </display>
    <display name="Shape/shape 7063" type="image">
     <transform x="0" y="0" skX="0" skY="0" scX="1" scY="1" pX="116" pY="96"/>
    </display>
    <display name="Shape/shape 7065" type="image">
     <transform x="0" y="0" skX="0" skY="0" scX="1" scY="1" pX="116" pY="96"/>
    </display>
    <display name="Shape/shape 7067" type="image">
     <transform x="0" y="0" skX="0" skY="0" scX="1" scY="1" pX="116" pY="96"/>
    </display>
    <display name="Shape/shape 7069" type="image">
     <transform x="0" y="0" skX="0" skY="0" scX="1" scY="1" pX="116" pY="96"/>
    </display>
    <display name="Shape/shape 7071" type="image">
     <transform x="0" y="0" skX="0" skY="0" scX="1" scY="1" pX="116" pY="96"/>
    </display>
    <display name="Shape/shape 7073" type="image">
     <transform x="0" y="0" skX="0" skY="0" scX="1" scY="1" pX="116" pY="96"/>
    </display>
    <display name="Shape/shape 7075" type="image">
     <transform x="0" y="0" skX="0" skY="0" scX="1" scY="1" pX="116" pY="96"/>
    </display>
    <display name="Shape/shape 7077" type="image">
     <transform x="0" y="0" skX="0" skY="0" scX="1" scY="1" pX="116" pY="96"/>
    </display>
    <display name="Shape/shape 7079" type="image">
     <transform x="0" y="0" skX="0" skY="0" scX="1" scY="1" pX="116" pY="96"/>
    </display>
    <display name="Shape/shape 7081" type="image">
     <transform x="0" y="0" skX="0" skY="0" scX="1" scY="1" pX="116" pY="96"/>
    </display>
    <display name="Shape/shape 7083" type="image">
     <transform x="0" y="0" skX="0" skY="0" scX="1" scY="1" pX="116" pY="96"/>
    </display>
    <display name="Shape/shape 7085" type="image">
     <transform x="0" y="0" skX="0" skY="0" scX="1" scY="1" pX="116" pY="96"/>
    </display>
    <display name="Shape/shape 7087" type="image">
     <transform x="0" y="0" skX="0" skY="0" scX="1" scY="1" pX="116" pY="96"/>
    </display>
    <display name="Shape/shape 7089" type="image">
     <transform x="0" y="0" skX="0" skY="0" scX="1" scY="1" pX="116" pY="96"/>
    </display>
    <display name="Shape/shape 7091" type="image">
     <transform x="0" y="0" skX="0" skY="0" scX="1" scY="1" pX="116" pY="96"/>
    </display>
    <display name="Shape/shape 7093" type="image">
     <transform x="0" y="0" skX="0" skY="0" scX="1" scY="1" pX="116" pY="96"/>
    </display>
    <display name="Shape/shape 7095" type="image">
     <transform x="0" y="0" skX="0" skY="0" scX="1" scY="1" pX="116" pY="96"/>
    </display>
    <display name="Shape/shape 7097" type="image">
     <transform x="0" y="0" skX="0" skY="0" scX="1" scY="1" pX="116" pY="96"/>
    </display>
    <display name="Shape/shape 7099" type="image">
     <transform x="0" y="0" skX="0" skY="0" scX="1" scY="1" pX="116" pY="96"/>
    </display>
   </slot>
  </skin>
  <animation name="CastGetAll_mc" fadeInTime="0.3" duration="65" scale="1" loop="1" autoTween="1" tweenEasing="NaN">
   <timeline name="Layer 1" scale="1" offset="0">
    <frame z="0" duration="1">
     <transform x="6" y="-23" skX="0" skY="0" scX="1" scY="1" pX="0" pY="0"/>
    </frame>
    <frame z="0" displayIndex="1" duration="1">
     <transform x="6" y="-23" skX="0" skY="0" scX="1" scY="1" pX="0" pY="0"/>
    </frame>
    <frame z="0" displayIndex="2" duration="1">
     <transform x="6" y="-23" skX="0" skY="0" scX="1" scY="1" pX="0" pY="0"/>
    </frame>
    <frame z="0" displayIndex="3" tweenEasing="0" duration="1">
     <transform x="0.35" y="1.2" skX="0" skY="0" scX="0.73" scY="0.73" pX="0" pY="0"/>
    </frame>
    <frame z="0" displayIndex="3" duration="1">
     <transform x="0.35" y="1.2" skX="0" skY="0" scX="0.73" scY="0.73" pX="0" pY="0"/>
    </frame>
    <frame z="0" displayIndex="3" duration="60">
     <transform x="2" y="2" skX="0" skY="0" scX="1" scY="1" pX="0" pY="0"/>
    </frame>
   </timeline>
   <timeline name="Layer 3" scale="1" offset="0">
    <frame duration="3" displayIndex="-1"/>
    <frame z="1" tweenEasing="0" duration="1">
     <transform x="29.6" y="-0.3" skX="0" skY="0" scX="0.73" scY="0.73" pX="0" pY="0"/>
    </frame>
    <frame z="1" duration="1">
     <transform x="29.6" y="-0.3" skX="0" skY="0" scX="0.73" scY="0.73" pX="0" pY="0"/>
    </frame>
    <frame z="1" duration="60">
     <transform x="42" y="0" skX="0" skY="0" scX="1" scY="1" pX="0" pY="0"/>
    </frame>
   </timeline>
   <timeline name="Layer 5" scale="1" offset="0">
    <frame duration="3" displayIndex="-1"/>
    <frame z="2" tweenEasing="0" duration="1">
     <transform x="-1.1" y="-38.3" skX="0" skY="0" scX="0.73" scY="0.73" pX="0" pY="0"/>
    </frame>
    <frame z="2" duration="1">
     <transform x="-1.1" y="-38.3" skX="0" skY="0" scX="0.73" scY="0.73" pX="0" pY="0"/>
    </frame>
    <frame z="2" duration="60">
     <transform x="0" y="-52" skX="0" skY="0" scX="1" scY="1" pX="0" pY="0"/>
    </frame>
   </timeline>
   <timeline name="Layer 7" scale="1" offset="0">
    <frame duration="3" displayIndex="-1"/>
    <frame z="3" tweenEasing="0" duration="1">
     <transform x="-37.65" y="1.2" skX="0" skY="0" scX="0.73" scY="0.73" pX="0" pY="0"/>
    </frame>
    <frame z="3" duration="1">
     <transform x="-37.65" y="1.2" skX="0" skY="0" scX="0.73" scY="0.73" pX="0" pY="0"/>
    </frame>
    <frame z="3" duration="60">
     <transform x="-50" y="2" skX="0" skY="0" scX="1" scY="1" pX="0" pY="0"/>
    </frame>
   </timeline>
   <timeline name="Layer 9" scale="1" offset="0">
    <frame duration="3" displayIndex="-1"/>
    <frame z="4" tweenEasing="0" duration="1">
     <transform x="-1.1" y="36.25" skX="0" skY="0" scX="0.73" scY="0.73" pX="0" pY="0"/>
    </frame>
    <frame z="4" duration="1">
     <transform x="-1.1" y="36.25" skX="0" skY="0" scX="0.73" scY="0.73" pX="0" pY="0"/>
    </frame>
    <frame z="4" duration="60">
     <transform x="0" y="50" skX="0" skY="0" scX="1" scY="1" pX="0" pY="0"/>
    </frame>
   </timeline>
   <timeline name="Layer 11" scale="1" offset="0">
    <frame duration="3" displayIndex="-1"/>
    <frame z="5" tweenEasing="0" duration="1">
     <transform x="32.05" y="-32.75" skX="0" skY="0" scX="0.47" scY="0.47" pX="0" pY="0"/>
    </frame>
    <frame z="5" duration="1">
     <transform x="31.05" y="-31.75" skX="0" skY="0" scX="0.46" scY="0.46" pX="0" pY="0"/>
    </frame>
    <frame z="5" duration="60">
     <transform x="41.5" y="-41.5" skX="0" skY="0" scX="0.6" scY="0.6" pX="0" pY="0"/>
    </frame>
   </timeline>
   <timeline name="Layer 13" scale="1" offset="0">
    <frame duration="3" displayIndex="-1"/>
    <frame z="6" tweenEasing="0" duration="1">
     <transform x="-32.3" y="31.2" skX="0" skY="0" scX="0.47" scY="0.47" pX="0" pY="0"/>
    </frame>
    <frame z="6" duration="1">
     <transform x="-31.35" y="30.25" skX="0" skY="0" scX="0.46" scY="0.46" pX="0" pY="0"/>
    </frame>
    <frame z="6" duration="60">
     <transform x="-40.5" y="40" skX="0" skY="0" scX="0.6" scY="0.6" pX="0" pY="0"/>
    </frame>
   </timeline>
   <timeline name="Layer 15" scale="1" offset="0">
    <frame duration="3" displayIndex="-1"/>
    <frame z="7" tweenEasing="0" duration="1">
     <transform x="32.05" y="25.35" skX="0" skY="0" scX="0.47" scY="0.47" pX="0" pY="0"/>
    </frame>
    <frame z="7" duration="1">
     <transform x="31.05" y="24.55" skX="0" skY="0" scX="0.46" scY="0.46" pX="0" pY="0"/>
    </frame>
    <frame z="7" duration="60">
     <transform x="41.5" y="32.5" skX="0" skY="0" scX="0.6" scY="0.6" pX="0" pY="0"/>
    </frame>
   </timeline>
   <timeline name="Layer 17" scale="1" offset="0">
    <frame duration="3" displayIndex="-1"/>
    <frame z="8" tweenEasing="0" duration="1">
     <transform x="-36.65" y="-27.65" skX="0" skY="0" scX="0.47" scY="0.47" pX="0" pY="0"/>
    </frame>
    <frame z="8" duration="1">
     <transform x="-35.5" y="-26.8" skX="0" skY="0" scX="0.46" scY="0.46" pX="0" pY="0"/>
    </frame>
    <frame z="8" duration="60">
     <transform x="-46" y="-35" skX="0" skY="0" scX="0.6" scY="0.6" pX="0" pY="0"/>
    </frame>
   </timeline>
   <timeline name="Layer 19" scale="1" offset="0">
    <frame duration="3" displayIndex="-1"/>
    <frame z="9" duration="1">
     <transform x="6" y="-23" skX="0" skY="0" scX="1" scY="1" pX="0" pY="0"/>
    </frame>
    <frame z="9" displayIndex="1" duration="1">
     <transform x="6" y="-23" skX="0" skY="0" scX="1" scY="1" pX="0" pY="0"/>
    </frame>
    <frame z="9" displayIndex="2" duration="2">
     <transform x="6" y="-23" skX="0" skY="0" scX="1" scY="1" pX="0" pY="0"/>
    </frame>
    <frame z="9" displayIndex="3" duration="2">
     <transform x="6" y="-23" skX="0" skY="0" scX="1" scY="1" pX="0" pY="0"/>
    </frame>
    <frame z="9" displayIndex="4" duration="2">
     <transform x="6" y="-23" skX="0" skY="0" scX="1" scY="1" pX="0" pY="0"/>
    </frame>
    <frame z="9" displayIndex="5" duration="2">
     <transform x="6" y="-23" skX="0" skY="0" scX="1" scY="1" pX="0" pY="0"/>
    </frame>
    <frame z="9" displayIndex="6" duration="2">
     <transform x="6" y="-23" skX="0" skY="0" scX="1" scY="1" pX="0" pY="0"/>
    </frame>
    <frame z="9" displayIndex="7" duration="2">
     <transform x="6" y="-23" skX="0" skY="0" scX="1" scY="1" pX="0" pY="0"/>
    </frame>
    <frame z="9" displayIndex="8" duration="2">
     <transform x="6" y="-23" skX="0" skY="0" scX="1" scY="1" pX="0" pY="0"/>
    </frame>
    <frame z="9" displayIndex="9" duration="2">
     <transform x="6" y="-23" skX="0" skY="0" scX="1" scY="1" pX="0" pY="0"/>
    </frame>
    <frame z="9" displayIndex="10" duration="2">
     <transform x="6" y="-23" skX="0" skY="0" scX="1" scY="1" pX="0" pY="0"/>
    </frame>
    <frame z="9" displayIndex="11" duration="3">
     <transform x="6" y="-23" skX="0" skY="0" scX="1" scY="1" pX="0" pY="0"/>
    </frame>
    <frame z="9" displayIndex="12" duration="3">
     <transform x="6" y="-23" skX="0" skY="0" scX="1" scY="1" pX="0" pY="0"/>
    </frame>
    <frame z="9" displayIndex="13" duration="3">
     <transform x="6" y="-23" skX="0" skY="0" scX="1" scY="1" pX="0" pY="0"/>
    </frame>
    <frame z="9" displayIndex="14" duration="2">
     <transform x="6" y="-23" skX="0" skY="0" scX="1" scY="1" pX="0" pY="0"/>
    </frame>
    <frame z="9" displayIndex="15" duration="2">
     <transform x="6" y="-23" skX="0" skY="0" scX="1" scY="1" pX="0" pY="0"/>
    </frame>
    <frame z="9" displayIndex="16" duration="2">
     <transform x="6" y="-23" skX="0" skY="0" scX="1" scY="1" pX="0" pY="0"/>
    </frame>
    <frame z="9" displayIndex="17" duration="2">
     <transform x="6" y="-23" skX="0" skY="0" scX="1" scY="1" pX="0" pY="0"/>
    </frame>
    <frame z="9" displayIndex="18" duration="2">
     <transform x="6" y="-23" skX="0" skY="0" scX="1" scY="1" pX="0" pY="0"/>
    </frame>
    <frame z="9" displayIndex="19" duration="2">
     <transform x="6" y="-23" skX="0" skY="0" scX="1" scY="1" pX="0" pY="0"/>
    </frame>
    <frame z="9" displayIndex="20" duration="2">
     <transform x="6" y="-23" skX="0" skY="0" scX="1" scY="1" pX="0" pY="0"/>
    </frame>
    <frame z="9" displayIndex="21" duration="2">
     <transform x="6" y="-23" skX="0" skY="0" scX="1" scY="1" pX="0" pY="0"/>
    </frame>
    <frame z="9" displayIndex="22" duration="2">
     <transform x="6" y="-23" skX="0" skY="0" scX="1" scY="1" pX="0" pY="0"/>
    </frame>
    <frame duration="15" displayIndex="-1"/>
   </timeline>
  </animation>
 </armature>
 <armature name="Sprite/sprite 7242">
  <bone name="Layer 1">
   <transform x="0" y="0" skX="0" skY="0" scX="1" scY="1"/>
  </bone>
  <skin name="default">
   <slot name="Layer 1" parent="Layer 1" z="0">
    <display name="Shape/shape 7185" type="image">
     <transform x="0" y="0" skX="0" skY="0" scX="1" scY="1" pX="40" pY="40"/>
    </display>
    <display name="Shape/shape 7187" type="image">
     <transform x="0" y="0" skX="0" skY="0" scX="1" scY="1" pX="40" pY="40"/>
    </display>
    <display name="Shape/shape 7189" type="image">
     <transform x="0" y="0" skX="0" skY="0" scX="1" scY="1" pX="40" pY="40"/>
    </display>
    <display name="Shape/shape 7191" type="image">
     <transform x="0" y="0" skX="0" skY="0" scX="1" scY="1" pX="40" pY="40"/>
    </display>
    <display name="Shape/shape 7193" type="image">
     <transform x="0" y="0" skX="0" skY="0" scX="1" scY="1" pX="40" pY="40"/>
    </display>
    <display name="Shape/shape 7195" type="image">
     <transform x="0" y="0" skX="0" skY="0" scX="1" scY="1" pX="40" pY="40"/>
    </display>
    <display name="Shape/shape 7197" type="image">
     <transform x="0" y="0" skX="0" skY="0" scX="1" scY="1" pX="40" pY="40"/>
    </display>
    <display name="Shape/shape 7199" type="image">
     <transform x="0" y="0" skX="0" skY="0" scX="1" scY="1" pX="40" pY="40"/>
    </display>
    <display name="Shape/shape 7201" type="image">
     <transform x="0" y="0" skX="0" skY="0" scX="1" scY="1" pX="40" pY="40"/>
    </display>
    <display name="Shape/shape 7203" type="image">
     <transform x="0" y="0" skX="0" skY="0" scX="1" scY="1" pX="40" pY="40"/>
    </display>
    <display name="Shape/shape 7205" type="image">
     <transform x="0" y="0" skX="0" skY="0" scX="1" scY="1" pX="40" pY="40"/>
    </display>
    <display name="Shape/shape 7207" type="image">
     <transform x="0" y="0" skX="0" skY="0" scX="1" scY="1" pX="40" pY="40"/>
    </display>
    <display name="Shape/shape 7209" type="image">
     <transform x="0" y="0" skX="0" skY="0" scX="1" scY="1" pX="40" pY="40"/>
    </display>
    <display name="Shape/shape 7211" type="image">
     <transform x="0" y="0" skX="0" skY="0" scX="1" scY="1" pX="40" pY="40"/>
    </display>
    <display name="Shape/shape 7213" type="image">
     <transform x="0" y="0" skX="0" skY="0" scX="1" scY="1" pX="40" pY="40"/>
    </display>
    <display name="Shape/shape 7215" type="image">
     <transform x="0" y="0" skX="0" skY="0" scX="1" scY="1" pX="40" pY="40"/>
    </display>
    <display name="Shape/shape 7217" type="image">
     <transform x="0" y="0" skX="0" skY="0" scX="1" scY="1" pX="40" pY="40"/>
    </display>
    <display name="Shape/shape 7219" type="image">
     <transform x="0" y="0" skX="0" skY="0" scX="1" scY="1" pX="40" pY="40"/>
    </display>
    <display name="Shape/shape 7221" type="image">
     <transform x="0" y="0" skX="0" skY="0" scX="1" scY="1" pX="40" pY="40"/>
    </display>
    <display name="Shape/shape 7223" type="image">
     <transform x="0" y="0" skX="0" skY="0" scX="1" scY="1" pX="40" pY="40"/>
    </display>
    <display name="Shape/shape 7225" type="image">
     <transform x="0" y="0" skX="0" skY="0" scX="1" scY="1" pX="40" pY="40"/>
    </display>
    <display name="Shape/shape 7227" type="image">
     <transform x="0" y="0" skX="0" skY="0" scX="1" scY="1" pX="40" pY="40"/>
    </display>
    <display name="Shape/shape 7229" type="image">
     <transform x="0" y="0" skX="0" skY="0" scX="1" scY="1" pX="40" pY="40"/>
    </display>
    <display name="Shape/shape 7231" type="image">
     <transform x="0" y="0" skX="0" skY="0" scX="1" scY="1" pX="40" pY="40"/>
    </display>
    <display name="Shape/shape 7233" type="image">
     <transform x="0" y="0" skX="0" skY="0" scX="1" scY="1" pX="40" pY="40"/>
    </display>
    <display name="Shape/shape 7235" type="image">
     <transform x="0" y="0" skX="0" skY="0" scX="1" scY="1" pX="40" pY="40"/>
    </display>
    <display name="Shape/shape 7237" type="image">
     <transform x="0" y="0" skX="0" skY="0" scX="1" scY="1" pX="40" pY="40"/>
    </display>
    <display name="Shape/shape 7239" type="image">
     <transform x="0" y="0" skX="0" skY="0" scX="1" scY="1" pX="40" pY="40"/>
    </display>
    <display name="Shape/shape 7241" type="image">
     <transform x="0" y="0" skX="0" skY="0" scX="1" scY="1" pX="40" pY="40"/>
    </display>
   </slot>
  </skin>
  <animation name="unnamed" fadeInTime="0" duration="73" scale="1" loop="1" autoTween="1" tweenEasing="NaN">
   <timeline name="Layer 1" scale="1" offset="0">
    <frame z="0" duration="3">
     <transform x="0" y="0" skX="0" skY="0" scX="1" scY="1" pX="0" pY="0"/>
    </frame>
    <frame z="0" displayIndex="1" duration="3">
     <transform x="0" y="0" skX="0" skY="0" scX="1" scY="1" pX="0" pY="0"/>
    </frame>
    <frame z="0" displayIndex="2" duration="3">
     <transform x="0" y="0" skX="0" skY="0" scX="1" scY="1" pX="0" pY="0"/>
    </frame>
    <frame z="0" displayIndex="3" duration="3">
     <transform x="0" y="0" skX="0" skY="0" scX="1" scY="1" pX="0" pY="0"/>
    </frame>
    <frame z="0" displayIndex="4" duration="3">
     <transform x="0" y="0" skX="0" skY="0" scX="1" scY="1" pX="0" pY="0"/>
    </frame>
    <frame z="0" displayIndex="5" duration="2">
     <transform x="0" y="0" skX="0" skY="0" scX="1" scY="1" pX="0" pY="0"/>
    </frame>
    <frame z="0" displayIndex="6" duration="3">
     <transform x="0" y="0" skX="0" skY="0" scX="1" scY="1" pX="0" pY="0"/>
    </frame>
    <frame z="0" displayIndex="7" duration="2">
     <transform x="0" y="0" skX="0" skY="0" scX="1" scY="1" pX="0" pY="0"/>
    </frame>
    <frame z="0" displayIndex="8" duration="3">
     <transform x="0" y="0" skX="0" skY="0" scX="1" scY="1" pX="0" pY="0"/>
    </frame>
    <frame z="0" displayIndex="9" duration="3">
     <transform x="0" y="0" skX="0" skY="0" scX="1" scY="1" pX="0" pY="0"/>
    </frame>
    <frame z="0" displayIndex="10" duration="2">
     <transform x="0" y="0" skX="0" skY="0" scX="1" scY="1" pX="0" pY="0"/>
    </frame>
    <frame z="0" displayIndex="11" duration="3">
     <transform x="0" y="0" skX="0" skY="0" scX="1" scY="1" pX="0" pY="0"/>
    </frame>
    <frame z="0" displayIndex="12" duration="3">
     <transform x="0" y="0" skX="0" skY="0" scX="1" scY="1" pX="0" pY="0"/>
    </frame>
    <frame z="0" displayIndex="13" duration="2">
     <transform x="0" y="0" skX="0" skY="0" scX="1" scY="1" pX="0" pY="0"/>
    </frame>
    <frame z="0" displayIndex="14" duration="3">
     <transform x="0" y="0" skX="0" skY="0" scX="1" scY="1" pX="0" pY="0"/>
    </frame>
    <frame z="0" displayIndex="15" duration="3">
     <transform x="0" y="0" skX="0" skY="0" scX="1" scY="1" pX="0" pY="0"/>
    </frame>
    <frame z="0" displayIndex="16" duration="3">
     <transform x="0" y="0" skX="0" skY="0" scX="1" scY="1" pX="0" pY="0"/>
    </frame>
    <frame z="0" displayIndex="17" duration="3">
     <transform x="0" y="0" skX="0" skY="0" scX="1" scY="1" pX="0" pY="0"/>
    </frame>
    <frame z="0" displayIndex="18" duration="2">
     <transform x="0" y="0" skX="0" skY="0" scX="1" scY="1" pX="0" pY="0"/>
    </frame>
    <frame z="0" displayIndex="19" duration="3">
     <transform x="0" y="0" skX="0" skY="0" scX="1" scY="1" pX="0" pY="0"/>
    </frame>
    <frame z="0" displayIndex="20" duration="2">
     <transform x="0" y="0" skX="0" skY="0" scX="1" scY="1" pX="0" pY="0"/>
    </frame>
    <frame z="0" displayIndex="21" duration="2">
     <transform x="0" y="0" skX="0" skY="0" scX="1" scY="1" pX="0" pY="0"/>
    </frame>
    <frame z="0" displayIndex="22" duration="2">
     <transform x="0" y="0" skX="0" skY="0" scX="1" scY="1" pX="0" pY="0"/>
    </frame>
    <frame z="0" displayIndex="23" duration="2">
     <transform x="0" y="0" skX="0" skY="0" scX="1" scY="1" pX="0" pY="0"/>
    </frame>
    <frame z="0" displayIndex="24" duration="2">
     <transform x="0" y="0" skX="0" skY="0" scX="1" scY="1" pX="0" pY="0"/>
    </frame>
    <frame z="0" displayIndex="25" duration="2">
     <transform x="0" y="0" skX="0" skY="0" scX="1" scY="1" pX="0" pY="0"/>
    </frame>
    <frame z="0" displayIndex="26" duration="2">
     <transform x="0" y="0" skX="0" skY="0" scX="1" scY="1" pX="0" pY="0"/>
    </frame>
    <frame z="0" displayIndex="27" duration="2">
     <transform x="0" y="0" skX="0" skY="0" scX="1" scY="1" pX="0" pY="0"/>
    </frame>
    <frame z="0" displayIndex="28" duration="2">
     <transform x="0" y="0" skX="0" skY="0" scX="1" scY="1" pX="0" pY="0"/>
    </frame>
   </timeline>
  </animation>
 </armature>
 <armature name="Sprite/sprite 7299">
  <bone name="Layer 1">
   <transform x="0" y="0" skX="0" skY="0" scX="1" scY="1"/>
  </bone>
  <skin name="default">
   <slot name="Layer 1" parent="Layer 1" z="0">
    <display name="Shape/shape 7244" type="image">
     <transform x="0" y="0" skX="0" skY="0" scX="1" scY="1" pX="40" pY="40"/>
    </display>
    <display name="Shape/shape 7246" type="image">
     <transform x="0" y="0" skX="0" skY="0" scX="1" scY="1" pX="40" pY="40"/>
    </display>
    <display name="Shape/shape 7248" type="image">
     <transform x="0" y="0" skX="0" skY="0" scX="1" scY="1" pX="40" pY="40"/>
    </display>
    <display name="Shape/shape 7250" type="image">
     <transform x="0" y="0" skX="0" skY="0" scX="1" scY="1" pX="40" pY="40"/>
    </display>
    <display name="Shape/shape 7252" type="image">
     <transform x="0" y="0" skX="0" skY="0" scX="1" scY="1" pX="40" pY="40"/>
    </display>
    <display name="Shape/shape 7254" type="image">
     <transform x="0" y="0" skX="0" skY="0" scX="1" scY="1" pX="40" pY="40"/>
    </display>
    <display name="Shape/shape 7256" type="image">
     <transform x="0" y="0" skX="0" skY="0" scX="1" scY="1" pX="40" pY="40"/>
    </display>
    <display name="Shape/shape 7258" type="image">
     <transform x="0" y="0" skX="0" skY="0" scX="1" scY="1" pX="40" pY="40"/>
    </display>
    <display name="Shape/shape 7260" type="image">
     <transform x="0" y="0" skX="0" skY="0" scX="1" scY="1" pX="40" pY="40"/>
    </display>
    <display name="Shape/shape 7262" type="image">
     <transform x="0" y="0" skX="0" skY="0" scX="1" scY="1" pX="40" pY="40"/>
    </display>
    <display name="Shape/shape 7264" type="image">
     <transform x="0" y="0" skX="0" skY="0" scX="1" scY="1" pX="40" pY="40"/>
    </display>
    <display name="Shape/shape 7266" type="image">
     <transform x="0" y="0" skX="0" skY="0" scX="1" scY="1" pX="40" pY="40"/>
    </display>
    <display name="Shape/shape 7268" type="image">
     <transform x="0" y="0" skX="0" skY="0" scX="1" scY="1" pX="40" pY="40"/>
    </display>
    <display name="Shape/shape 7270" type="image">
     <transform x="0" y="0" skX="0" skY="0" scX="1" scY="1" pX="40" pY="40"/>
    </display>
    <display name="Shape/shape 7272" type="image">
     <transform x="0" y="0" skX="0" skY="0" scX="1" scY="1" pX="40" pY="40"/>
    </display>
    <display name="Shape/shape 7274" type="image">
     <transform x="0" y="0" skX="0" skY="0" scX="1" scY="1" pX="40" pY="40"/>
    </display>
    <display name="Shape/shape 7276" type="image">
     <transform x="0" y="0" skX="0" skY="0" scX="1" scY="1" pX="40" pY="40"/>
    </display>
    <display name="Shape/shape 7278" type="image">
     <transform x="0" y="0" skX="0" skY="0" scX="1" scY="1" pX="40" pY="40"/>
    </display>
    <display name="Shape/shape 7280" type="image">
     <transform x="0" y="0" skX="0" skY="0" scX="1" scY="1" pX="40" pY="40"/>
    </display>
    <display name="Shape/shape 7282" type="image">
     <transform x="0" y="0" skX="0" skY="0" scX="1" scY="1" pX="40" pY="40"/>
    </display>
    <display name="Shape/shape 7284" type="image">
     <transform x="0" y="0" skX="0" skY="0" scX="1" scY="1" pX="40" pY="40"/>
    </display>
    <display name="Shape/shape 7286" type="image">
     <transform x="0" y="0" skX="0" skY="0" scX="1" scY="1" pX="40" pY="40"/>
    </display>
    <display name="Shape/shape 7288" type="image">
     <transform x="0" y="0" skX="0" skY="0" scX="1" scY="1" pX="40" pY="40"/>
    </display>
    <display name="Shape/shape 7290" type="image">
     <transform x="0" y="0" skX="0" skY="0" scX="1" scY="1" pX="40" pY="40"/>
    </display>
    <display name="Shape/shape 7292" type="image">
     <transform x="0" y="0" skX="0" skY="0" scX="1" scY="1" pX="40" pY="40"/>
    </display>
    <display name="Shape/shape 7294" type="image">
     <transform x="0" y="0" skX="0" skY="0" scX="1" scY="1" pX="40" pY="40"/>
    </display>
    <display name="Shape/shape 7296" type="image">
     <transform x="0" y="0" skX="0" skY="0" scX="1" scY="1" pX="40" pY="40"/>
    </display>
    <display name="Shape/shape 7298" type="image">
     <transform x="0" y="0" skX="0" skY="0" scX="1" scY="1" pX="40" pY="40"/>
    </display>
   </slot>
  </skin>
  <animation name="unnamed" fadeInTime="0" duration="73" scale="1" loop="1" autoTween="1" tweenEasing="NaN">
   <timeline name="Layer 1" scale="1" offset="0">
    <frame z="0" duration="3">
     <transform x="0" y="0" skX="0" skY="0" scX="1" scY="1" pX="0" pY="0"/>
    </frame>
    <frame z="0" displayIndex="1" duration="3">
     <transform x="0" y="0" skX="0" skY="0" scX="1" scY="1" pX="0" pY="0"/>
    </frame>
    <frame z="0" displayIndex="2" duration="3">
     <transform x="0" y="0" skX="0" skY="0" scX="1" scY="1" pX="0" pY="0"/>
    </frame>
    <frame z="0" displayIndex="3" duration="3">
     <transform x="0" y="0" skX="0" skY="0" scX="1" scY="1" pX="0" pY="0"/>
    </frame>
    <frame z="0" displayIndex="4" duration="3">
     <transform x="0" y="0" skX="0" skY="0" scX="1" scY="1" pX="0" pY="0"/>
    </frame>
    <frame z="0" displayIndex="5" duration="3">
     <transform x="0" y="0" skX="0" skY="0" scX="1" scY="1" pX="0" pY="0"/>
    </frame>
    <frame z="0" displayIndex="6" duration="3">
     <transform x="0" y="0" skX="0" skY="0" scX="1" scY="1" pX="0" pY="0"/>
    </frame>
    <frame z="0" displayIndex="7" duration="2">
     <transform x="0" y="0" skX="0" skY="0" scX="1" scY="1" pX="0" pY="0"/>
    </frame>
    <frame z="0" displayIndex="8" duration="3">
     <transform x="0" y="0" skX="0" skY="0" scX="1" scY="1" pX="0" pY="0"/>
    </frame>
    <frame z="0" displayIndex="9" duration="2">
     <transform x="0" y="0" skX="0" skY="0" scX="1" scY="1" pX="0" pY="0"/>
    </frame>
    <frame z="0" displayIndex="10" duration="3">
     <transform x="0" y="0" skX="0" skY="0" scX="1" scY="1" pX="0" pY="0"/>
    </frame>
    <frame z="0" displayIndex="11" duration="3">
     <transform x="0" y="0" skX="0" skY="0" scX="1" scY="1" pX="0" pY="0"/>
    </frame>
    <frame z="0" displayIndex="12" duration="3">
     <transform x="0" y="0" skX="0" skY="0" scX="1" scY="1" pX="0" pY="0"/>
    </frame>
    <frame z="0" displayIndex="13" duration="3">
     <transform x="0" y="0" skX="0" skY="0" scX="1" scY="1" pX="0" pY="0"/>
    </frame>
    <frame z="0" displayIndex="14" duration="3">
     <transform x="0" y="0" skX="0" skY="0" scX="1" scY="1" pX="0" pY="0"/>
    </frame>
    <frame z="0" displayIndex="15" duration="3">
     <transform x="0" y="0" skX="0" skY="0" scX="1" scY="1" pX="0" pY="0"/>
    </frame>
    <frame z="0" displayIndex="16" duration="2">
     <transform x="0" y="0" skX="0" skY="0" scX="1" scY="1" pX="0" pY="0"/>
    </frame>
    <frame z="0" displayIndex="17" duration="3">
     <transform x="0" y="0" skX="0" skY="0" scX="1" scY="1" pX="0" pY="0"/>
    </frame>
    <frame z="0" displayIndex="18" duration="3">
     <transform x="0" y="0" skX="0" skY="0" scX="1" scY="1" pX="0" pY="0"/>
    </frame>
    <frame z="0" displayIndex="19" duration="3">
     <transform x="0" y="0" skX="0" skY="0" scX="1" scY="1" pX="0" pY="0"/>
    </frame>
    <frame z="0" displayIndex="20" duration="2">
     <transform x="0" y="0" skX="0" skY="0" scX="1" scY="1" pX="0" pY="0"/>
    </frame>
    <frame z="0" displayIndex="21" duration="2">
     <transform x="0" y="0" skX="0" skY="0" scX="1" scY="1" pX="0" pY="0"/>
    </frame>
    <frame z="0" displayIndex="22" duration="2">
     <transform x="0" y="0" skX="0" skY="0" scX="1" scY="1" pX="0" pY="0"/>
    </frame>
    <frame z="0" displayIndex="23" duration="2">
     <transform x="0" y="0" skX="0" skY="0" scX="1" scY="1" pX="0" pY="0"/>
    </frame>
    <frame z="0" displayIndex="24" duration="2">
     <transform x="0" y="0" skX="0" skY="0" scX="1" scY="1" pX="0" pY="0"/>
    </frame>
    <frame z="0" displayIndex="25" duration="2">
     <transform x="0" y="0" skX="0" skY="0" scX="1" scY="1" pX="0" pY="0"/>
    </frame>
    <frame z="0" displayIndex="26" duration="2">
     <transform x="0" y="0" skX="0" skY="0" scX="1" scY="1" pX="0" pY="0"/>
    </frame>
    <frame z="0" displayIndex="27" duration="2">
     <transform x="0" y="0" skX="0" skY="0" scX="1" scY="1" pX="0" pY="0"/>
    </frame>
   </timeline>
  </animation>
 </armature>
 <armature name="Sprite/sprite 7354">
  <bone name="Layer 1">
   <transform x="0" y="0" skX="0" skY="0" scX="1" scY="1"/>
  </bone>
  <skin name="default">
   <slot name="Layer 1" parent="Layer 1" z="0">
    <display name="Shape/shape 7301" type="image">
     <transform x="0" y="0" skX="0" skY="0" scX="1" scY="1" pX="40" pY="40"/>
    </display>
    <display name="Shape/shape 7303" type="image">
     <transform x="0" y="0" skX="0" skY="0" scX="1" scY="1" pX="40" pY="40"/>
    </display>
    <display name="Shape/shape 7305" type="image">
     <transform x="0" y="0" skX="0" skY="0" scX="1" scY="1" pX="40" pY="40"/>
    </display>
    <display name="Shape/shape 7307" type="image">
     <transform x="0" y="0" skX="0" skY="0" scX="1" scY="1" pX="40" pY="40"/>
    </display>
    <display name="Shape/shape 7309" type="image">
     <transform x="0" y="0" skX="0" skY="0" scX="1" scY="1" pX="40" pY="40"/>
    </display>
    <display name="Shape/shape 7311" type="image">
     <transform x="0" y="0" skX="0" skY="0" scX="1" scY="1" pX="40" pY="40"/>
    </display>
    <display name="Shape/shape 7313" type="image">
     <transform x="0" y="0" skX="0" skY="0" scX="1" scY="1" pX="40" pY="40"/>
    </display>
    <display name="Shape/shape 7315" type="image">
     <transform x="0" y="0" skX="0" skY="0" scX="1" scY="1" pX="40" pY="40"/>
    </display>
    <display name="Shape/shape 7317" type="image">
     <transform x="0" y="0" skX="0" skY="0" scX="1" scY="1" pX="40" pY="40"/>
    </display>
    <display name="Shape/shape 7319" type="image">
     <transform x="0" y="0" skX="0" skY="0" scX="1" scY="1" pX="40" pY="40"/>
    </display>
    <display name="Shape/shape 7321" type="image">
     <transform x="0" y="0" skX="0" skY="0" scX="1" scY="1" pX="40" pY="40"/>
    </display>
    <display name="Shape/shape 7323" type="image">
     <transform x="0" y="0" skX="0" skY="0" scX="1" scY="1" pX="40" pY="40"/>
    </display>
    <display name="Shape/shape 7325" type="image">
     <transform x="0" y="0" skX="0" skY="0" scX="1" scY="1" pX="40" pY="40"/>
    </display>
    <display name="Shape/shape 7327" type="image">
     <transform x="0" y="0" skX="0" skY="0" scX="1" scY="1" pX="40" pY="40"/>
    </display>
    <display name="Shape/shape 7329" type="image">
     <transform x="0" y="0" skX="0" skY="0" scX="1" scY="1" pX="40" pY="40"/>
    </display>
    <display name="Shape/shape 7331" type="image">
     <transform x="0" y="0" skX="0" skY="0" scX="1" scY="1" pX="40" pY="40"/>
    </display>
    <display name="Shape/shape 7333" type="image">
     <transform x="0" y="0" skX="0" skY="0" scX="1" scY="1" pX="40" pY="40"/>
    </display>
    <display name="Shape/shape 7335" type="image">
     <transform x="0" y="0" skX="0" skY="0" scX="1" scY="1" pX="40" pY="40"/>
    </display>
    <display name="Shape/shape 7337" type="image">
     <transform x="0" y="0" skX="0" skY="0" scX="1" scY="1" pX="40" pY="40"/>
    </display>
    <display name="Shape/shape 7339" type="image">
     <transform x="0" y="0" skX="0" skY="0" scX="1" scY="1" pX="40" pY="40"/>
    </display>
    <display name="Shape/shape 7341" type="image">
     <transform x="0" y="0" skX="0" skY="0" scX="1" scY="1" pX="40" pY="40"/>
    </display>
    <display name="Shape/shape 7343" type="image">
     <transform x="0" y="0" skX="0" skY="0" scX="1" scY="1" pX="40" pY="40"/>
    </display>
    <display name="Shape/shape 7345" type="image">
     <transform x="0" y="0" skX="0" skY="0" scX="1" scY="1" pX="40" pY="40"/>
    </display>
    <display name="Shape/shape 7347" type="image">
     <transform x="0" y="0" skX="0" skY="0" scX="1" scY="1" pX="40" pY="40"/>
    </display>
    <display name="Shape/shape 7349" type="image">
     <transform x="0" y="0" skX="0" skY="0" scX="1" scY="1" pX="40" pY="40"/>
    </display>
    <display name="Shape/shape 7351" type="image">
     <transform x="0" y="0" skX="0" skY="0" scX="1" scY="1" pX="40" pY="40"/>
    </display>
    <display name="Shape/shape 7353" type="image">
     <transform x="0" y="0" skX="0" skY="0" scX="1" scY="1" pX="40" pY="40"/>
    </display>
   </slot>
  </skin>
  <animation name="unnamed" fadeInTime="0" duration="73" scale="1" loop="1" autoTween="1" tweenEasing="NaN">
   <timeline name="Layer 1" scale="1" offset="0">
    <frame z="0" duration="3">
     <transform x="0" y="0" skX="0" skY="0" scX="1" scY="1" pX="0" pY="0"/>
    </frame>
    <frame z="0" displayIndex="1" duration="3">
     <transform x="0" y="0" skX="0" skY="0" scX="1" scY="1" pX="0" pY="0"/>
    </frame>
    <frame z="0" displayIndex="2" duration="3">
     <transform x="0" y="0" skX="0" skY="0" scX="1" scY="1" pX="0" pY="0"/>
    </frame>
    <frame z="0" displayIndex="3" duration="3">
     <transform x="0" y="0" skX="0" skY="0" scX="1" scY="1" pX="0" pY="0"/>
    </frame>
    <frame z="0" displayIndex="4" duration="3">
     <transform x="0" y="0" skX="0" skY="0" scX="1" scY="1" pX="0" pY="0"/>
    </frame>
    <frame z="0" displayIndex="5" duration="3">
     <transform x="0" y="0" skX="0" skY="0" scX="1" scY="1" pX="0" pY="0"/>
    </frame>
    <frame z="0" displayIndex="6" duration="3">
     <transform x="0" y="0" skX="0" skY="0" scX="1" scY="1" pX="0" pY="0"/>
    </frame>
    <frame z="0" displayIndex="7" duration="3">
     <transform x="0" y="0" skX="0" skY="0" scX="1" scY="1" pX="0" pY="0"/>
    </frame>
    <frame z="0" displayIndex="8" duration="3">
     <transform x="0" y="0" skX="0" skY="0" scX="1" scY="1" pX="0" pY="0"/>
    </frame>
    <frame z="0" displayIndex="9" duration="3">
     <transform x="0" y="0" skX="0" skY="0" scX="1" scY="1" pX="0" pY="0"/>
    </frame>
    <frame z="0" displayIndex="10" duration="3">
     <transform x="0" y="0" skX="0" skY="0" scX="1" scY="1" pX="0" pY="0"/>
    </frame>
    <frame z="0" displayIndex="11" duration="2">
     <transform x="0" y="0" skX="0" skY="0" scX="1" scY="1" pX="0" pY="0"/>
    </frame>
    <frame z="0" displayIndex="12" duration="3">
     <transform x="0" y="0" skX="0" skY="0" scX="1" scY="1" pX="0" pY="0"/>
    </frame>
    <frame z="0" displayIndex="13" duration="3">
     <transform x="0" y="0" skX="0" skY="0" scX="1" scY="1" pX="0" pY="0"/>
    </frame>
    <frame z="0" displayIndex="14" duration="3">
     <transform x="0" y="0" skX="0" skY="0" scX="1" scY="1" pX="0" pY="0"/>
    </frame>
    <frame z="0" displayIndex="15" duration="3">
     <transform x="0" y="0" skX="0" skY="0" scX="1" scY="1" pX="0" pY="0"/>
    </frame>
    <frame z="0" displayIndex="16" duration="3">
     <transform x="0" y="0" skX="0" skY="0" scX="1" scY="1" pX="0" pY="0"/>
    </frame>
    <frame z="0" displayIndex="17" duration="3">
     <transform x="0" y="0" skX="0" skY="0" scX="1" scY="1" pX="0" pY="0"/>
    </frame>
    <frame z="0" displayIndex="18" duration="3">
     <transform x="0" y="0" skX="0" skY="0" scX="1" scY="1" pX="0" pY="0"/>
    </frame>
    <frame z="0" displayIndex="19" duration="3">
     <transform x="0" y="0" skX="0" skY="0" scX="1" scY="1" pX="0" pY="0"/>
    </frame>
    <frame z="0" displayIndex="20" duration="2">
     <transform x="0" y="0" skX="0" skY="0" scX="1" scY="1" pX="0" pY="0"/>
    </frame>
    <frame z="0" displayIndex="21" duration="2">
     <transform x="0" y="0" skX="0" skY="0" scX="1" scY="1" pX="0" pY="0"/>
    </frame>
    <frame z="0" displayIndex="22" duration="2">
     <transform x="0" y="0" skX="0" skY="0" scX="1" scY="1" pX="0" pY="0"/>
    </frame>
    <frame z="0" displayIndex="23" duration="2">
     <transform x="0" y="0" skX="0" skY="0" scX="1" scY="1" pX="0" pY="0"/>
    </frame>
    <frame z="0" displayIndex="24" duration="2">
     <transform x="0" y="0" skX="0" skY="0" scX="1" scY="1" pX="0" pY="0"/>
    </frame>
    <frame z="0" displayIndex="25" duration="2">
     <transform x="0" y="0" skX="0" skY="0" scX="1" scY="1" pX="0" pY="0"/>
    </frame>
    <frame z="0" displayIndex="26" duration="2">
     <transform x="0" y="0" skX="0" skY="0" scX="1" scY="1" pX="0" pY="0"/>
    </frame>
   </timeline>
  </animation>
 </armature>
 <armature name="Sprite/sprite 7411">
  <bone name="Layer 1">
   <transform x="0" y="0" skX="0" skY="0" scX="1" scY="1"/>
  </bone>
  <skin name="default">
   <slot name="Layer 1" parent="Layer 1" z="0">
    <display name="Shape/shape 7356" type="image">
     <transform x="0" y="0" skX="0" skY="0" scX="1" scY="1" pX="40" pY="40"/>
    </display>
    <display name="Shape/shape 7358" type="image">
     <transform x="0" y="0" skX="0" skY="0" scX="1" scY="1" pX="40" pY="40"/>
    </display>
    <display name="Shape/shape 7360" type="image">
     <transform x="0" y="0" skX="0" skY="0" scX="1" scY="1" pX="40" pY="40"/>
    </display>
    <display name="Shape/shape 7362" type="image">
     <transform x="0" y="0" skX="0" skY="0" scX="1" scY="1" pX="40" pY="40"/>
    </display>
    <display name="Shape/shape 7364" type="image">
     <transform x="0" y="0" skX="0" skY="0" scX="1" scY="1" pX="40" pY="40"/>
    </display>
    <display name="Shape/shape 7366" type="image">
     <transform x="0" y="0" skX="0" skY="0" scX="1" scY="1" pX="40" pY="40"/>
    </display>
    <display name="Shape/shape 7368" type="image">
     <transform x="0" y="0" skX="0" skY="0" scX="1" scY="1" pX="40" pY="40"/>
    </display>
    <display name="Shape/shape 7370" type="image">
     <transform x="0" y="0" skX="0" skY="0" scX="1" scY="1" pX="40" pY="40"/>
    </display>
    <display name="Shape/shape 7372" type="image">
     <transform x="0" y="0" skX="0" skY="0" scX="1" scY="1" pX="40" pY="40"/>
    </display>
    <display name="Shape/shape 7374" type="image">
     <transform x="0" y="0" skX="0" skY="0" scX="1" scY="1" pX="40" pY="40"/>
    </display>
    <display name="Shape/shape 7376" type="image">
     <transform x="0" y="0" skX="0" skY="0" scX="1" scY="1" pX="40" pY="40"/>
    </display>
    <display name="Shape/shape 7378" type="image">
     <transform x="0" y="0" skX="0" skY="0" scX="1" scY="1" pX="40" pY="40"/>
    </display>
    <display name="Shape/shape 7380" type="image">
     <transform x="0" y="0" skX="0" skY="0" scX="1" scY="1" pX="40" pY="40"/>
    </display>
    <display name="Shape/shape 7382" type="image">
     <transform x="0" y="0" skX="0" skY="0" scX="1" scY="1" pX="40" pY="40"/>
    </display>
    <display name="Shape/shape 7384" type="image">
     <transform x="0" y="0" skX="0" skY="0" scX="1" scY="1" pX="40" pY="40"/>
    </display>
    <display name="Shape/shape 7386" type="image">
     <transform x="0" y="0" skX="0" skY="0" scX="1" scY="1" pX="40" pY="40"/>
    </display>
    <display name="Shape/shape 7388" type="image">
     <transform x="0" y="0" skX="0" skY="0" scX="1" scY="1" pX="40" pY="40"/>
    </display>
    <display name="Shape/shape 7390" type="image">
     <transform x="0" y="0" skX="0" skY="0" scX="1" scY="1" pX="40" pY="40"/>
    </display>
    <display name="Shape/shape 7392" type="image">
     <transform x="0" y="0" skX="0" skY="0" scX="1" scY="1" pX="40" pY="40"/>
    </display>
    <display name="Shape/shape 7394" type="image">
     <transform x="0" y="0" skX="0" skY="0" scX="1" scY="1" pX="40" pY="40"/>
    </display>
    <display name="Shape/shape 7396" type="image">
     <transform x="0" y="0" skX="0" skY="0" scX="1" scY="1" pX="40" pY="40"/>
    </display>
    <display name="Shape/shape 7398" type="image">
     <transform x="0" y="0" skX="0" skY="0" scX="1" scY="1" pX="40" pY="40"/>
    </display>
    <display name="Shape/shape 7400" type="image">
     <transform x="0" y="0" skX="0" skY="0" scX="1" scY="1" pX="40" pY="40"/>
    </display>
    <display name="Shape/shape 7402" type="image">
     <transform x="0" y="0" skX="0" skY="0" scX="1" scY="1" pX="40" pY="40"/>
    </display>
    <display name="Shape/shape 7404" type="image">
     <transform x="0" y="0" skX="0" skY="0" scX="1" scY="1" pX="40" pY="40"/>
    </display>
    <display name="Shape/shape 7406" type="image">
     <transform x="0" y="0" skX="0" skY="0" scX="1" scY="1" pX="40" pY="40"/>
    </display>
    <display name="Shape/shape 7408" type="image">
     <transform x="0" y="0" skX="0" skY="0" scX="1" scY="1" pX="40" pY="40"/>
    </display>
    <display name="Shape/shape 7410" type="image">
     <transform x="0" y="0" skX="0" skY="0" scX="1" scY="1" pX="40" pY="40"/>
    </display>
   </slot>
  </skin>
  <animation name="unnamed" fadeInTime="0" duration="73" scale="1" loop="1" autoTween="1" tweenEasing="NaN">
   <timeline name="Layer 1" scale="1" offset="0">
    <frame z="0" duration="3">
     <transform x="0" y="0" skX="0" skY="0" scX="1" scY="1" pX="0" pY="0"/>
    </frame>
    <frame z="0" displayIndex="1" duration="3">
     <transform x="0" y="0" skX="0" skY="0" scX="1" scY="1" pX="0" pY="0"/>
    </frame>
    <frame z="0" displayIndex="2" duration="3">
     <transform x="0" y="0" skX="0" skY="0" scX="1" scY="1" pX="0" pY="0"/>
    </frame>
    <frame z="0" displayIndex="3" duration="3">
     <transform x="0" y="0" skX="0" skY="0" scX="1" scY="1" pX="0" pY="0"/>
    </frame>
    <frame z="0" displayIndex="4" duration="3">
     <transform x="0" y="0" skX="0" skY="0" scX="1" scY="1" pX="0" pY="0"/>
    </frame>
    <frame z="0" displayIndex="5" duration="3">
     <transform x="0" y="0" skX="0" skY="0" scX="1" scY="1" pX="0" pY="0"/>
    </frame>
    <frame z="0" displayIndex="6" duration="3">
     <transform x="0" y="0" skX="0" skY="0" scX="1" scY="1" pX="0" pY="0"/>
    </frame>
    <frame z="0" displayIndex="7" duration="3">
     <transform x="0" y="0" skX="0" skY="0" scX="1" scY="1" pX="0" pY="0"/>
    </frame>
    <frame z="0" displayIndex="8" duration="2">
     <transform x="0" y="0" skX="0" skY="0" scX="1" scY="1" pX="0" pY="0"/>
    </frame>
    <frame z="0" displayIndex="9" duration="3">
     <transform x="0" y="0" skX="0" skY="0" scX="1" scY="1" pX="0" pY="0"/>
    </frame>
    <frame z="0" displayIndex="10" duration="2">
     <transform x="0" y="0" skX="0" skY="0" scX="1" scY="1" pX="0" pY="0"/>
    </frame>
    <frame z="0" displayIndex="11" duration="3">
     <transform x="0" y="0" skX="0" skY="0" scX="1" scY="1" pX="0" pY="0"/>
    </frame>
    <frame z="0" displayIndex="12" duration="3">
     <transform x="0" y="0" skX="0" skY="0" scX="1" scY="1" pX="0" pY="0"/>
    </frame>
    <frame z="0" displayIndex="13" duration="3">
     <transform x="0" y="0" skX="0" skY="0" scX="1" scY="1" pX="0" pY="0"/>
    </frame>
    <frame z="0" displayIndex="14" duration="3">
     <transform x="0" y="0" skX="0" skY="0" scX="1" scY="1" pX="0" pY="0"/>
    </frame>
    <frame z="0" displayIndex="15" duration="3">
     <transform x="0" y="0" skX="0" skY="0" scX="1" scY="1" pX="0" pY="0"/>
    </frame>
    <frame z="0" displayIndex="16" duration="3">
     <transform x="0" y="0" skX="0" skY="0" scX="1" scY="1" pX="0" pY="0"/>
    </frame>
    <frame z="0" displayIndex="17" duration="2">
     <transform x="0" y="0" skX="0" skY="0" scX="1" scY="1" pX="0" pY="0"/>
    </frame>
    <frame z="0" displayIndex="18" duration="3">
     <transform x="0" y="0" skX="0" skY="0" scX="1" scY="1" pX="0" pY="0"/>
    </frame>
    <frame z="0" displayIndex="19" duration="3">
     <transform x="0" y="0" skX="0" skY="0" scX="1" scY="1" pX="0" pY="0"/>
    </frame>
    <frame z="0" displayIndex="20" duration="2">
     <transform x="0" y="0" skX="0" skY="0" scX="1" scY="1" pX="0" pY="0"/>
    </frame>
    <frame z="0" displayIndex="21" duration="2">
     <transform x="0" y="0" skX="0" skY="0" scX="1" scY="1" pX="0" pY="0"/>
    </frame>
    <frame z="0" displayIndex="22" duration="2">
     <transform x="0" y="0" skX="0" skY="0" scX="1" scY="1" pX="0" pY="0"/>
    </frame>
    <frame z="0" displayIndex="23" duration="2">
     <transform x="0" y="0" skX="0" skY="0" scX="1" scY="1" pX="0" pY="0"/>
    </frame>
    <frame z="0" displayIndex="24" duration="2">
     <transform x="0" y="0" skX="0" skY="0" scX="1" scY="1" pX="0" pY="0"/>
    </frame>
    <frame z="0" displayIndex="25" duration="2">
     <transform x="0" y="0" skX="0" skY="0" scX="1" scY="1" pX="0" pY="0"/>
    </frame>
    <frame z="0" displayIndex="26" duration="2">
     <transform x="0" y="0" skX="0" skY="0" scX="1" scY="1" pX="0" pY="0"/>
    </frame>
    <frame z="0" displayIndex="27" duration="2">
     <transform x="0" y="0" skX="0" skY="0" scX="1" scY="1" pX="0" pY="0"/>
    </frame>
   </timeline>
  </animation>
 </armature>
 <armature name="Sprite/sprite 7468">
  <bone name="Layer 1">
   <transform x="0" y="0" skX="0" skY="0" scX="1" scY="1"/>
  </bone>
  <skin name="default">
   <slot name="Layer 1" parent="Layer 1" z="0">
    <display name="Shape/shape 7413" type="image">
     <transform x="0" y="0" skX="0" skY="0" scX="1" scY="1" pX="40" pY="40"/>
    </display>
    <display name="Shape/shape 7415" type="image">
     <transform x="0" y="0" skX="0" skY="0" scX="1" scY="1" pX="40" pY="40"/>
    </display>
    <display name="Shape/shape 7417" type="image">
     <transform x="0" y="0" skX="0" skY="0" scX="1" scY="1" pX="40" pY="40"/>
    </display>
    <display name="Shape/shape 7419" type="image">
     <transform x="0" y="0" skX="0" skY="0" scX="1" scY="1" pX="40" pY="40"/>
    </display>
    <display name="Shape/shape 7421" type="image">
     <transform x="0" y="0" skX="0" skY="0" scX="1" scY="1" pX="40" pY="40"/>
    </display>
    <display name="Shape/shape 7423" type="image">
     <transform x="0" y="0" skX="0" skY="0" scX="1" scY="1" pX="40" pY="40"/>
    </display>
    <display name="Shape/shape 7425" type="image">
     <transform x="0" y="0" skX="0" skY="0" scX="1" scY="1" pX="40" pY="40"/>
    </display>
    <display name="Shape/shape 7427" type="image">
     <transform x="0" y="0" skX="0" skY="0" scX="1" scY="1" pX="40" pY="40"/>
    </display>
    <display name="Shape/shape 7429" type="image">
     <transform x="0" y="0" skX="0" skY="0" scX="1" scY="1" pX="40" pY="40"/>
    </display>
    <display name="Shape/shape 7431" type="image">
     <transform x="0" y="0" skX="0" skY="0" scX="1" scY="1" pX="40" pY="40"/>
    </display>
    <display name="Shape/shape 7433" type="image">
     <transform x="0" y="0" skX="0" skY="0" scX="1" scY="1" pX="40" pY="40"/>
    </display>
    <display name="Shape/shape 7435" type="image">
     <transform x="0" y="0" skX="0" skY="0" scX="1" scY="1" pX="40" pY="40"/>
    </display>
    <display name="Shape/shape 7437" type="image">
     <transform x="0" y="0" skX="0" skY="0" scX="1" scY="1" pX="40" pY="40"/>
    </display>
    <display name="Shape/shape 7439" type="image">
     <transform x="0" y="0" skX="0" skY="0" scX="1" scY="1" pX="40" pY="40"/>
    </display>
    <display name="Shape/shape 7441" type="image">
     <transform x="0" y="0" skX="0" skY="0" scX="1" scY="1" pX="40" pY="40"/>
    </display>
    <display name="Shape/shape 7443" type="image">
     <transform x="0" y="0" skX="0" skY="0" scX="1" scY="1" pX="40" pY="40"/>
    </display>
    <display name="Shape/shape 7445" type="image">
     <transform x="0" y="0" skX="0" skY="0" scX="1" scY="1" pX="40" pY="40"/>
    </display>
    <display name="Shape/shape 7447" type="image">
     <transform x="0" y="0" skX="0" skY="0" scX="1" scY="1" pX="40" pY="40"/>
    </display>
    <display name="Shape/shape 7449" type="image">
     <transform x="0" y="0" skX="0" skY="0" scX="1" scY="1" pX="40" pY="40"/>
    </display>
    <display name="Shape/shape 7451" type="image">
     <transform x="0" y="0" skX="0" skY="0" scX="1" scY="1" pX="40" pY="40"/>
    </display>
    <display name="Shape/shape 7453" type="image">
     <transform x="0" y="0" skX="0" skY="0" scX="1" scY="1" pX="40" pY="40"/>
    </display>
    <display name="Shape/shape 7455" type="image">
     <transform x="0" y="0" skX="0" skY="0" scX="1" scY="1" pX="40" pY="40"/>
    </display>
    <display name="Shape/shape 7457" type="image">
     <transform x="0" y="0" skX="0" skY="0" scX="1" scY="1" pX="40" pY="40"/>
    </display>
    <display name="Shape/shape 7459" type="image">
     <transform x="0" y="0" skX="0" skY="0" scX="1" scY="1" pX="40" pY="40"/>
    </display>
    <display name="Shape/shape 7461" type="image">
     <transform x="0" y="0" skX="0" skY="0" scX="1" scY="1" pX="40" pY="40"/>
    </display>
    <display name="Shape/shape 7463" type="image">
     <transform x="0" y="0" skX="0" skY="0" scX="1" scY="1" pX="40" pY="40"/>
    </display>
    <display name="Shape/shape 7465" type="image">
     <transform x="0" y="0" skX="0" skY="0" scX="1" scY="1" pX="40" pY="40"/>
    </display>
    <display name="Shape/shape 7467" type="image">
     <transform x="0" y="0" skX="0" skY="0" scX="1" scY="1"/>
    </display>
   </slot>
  </skin>
  <animation name="unnamed" fadeInTime="0" duration="73" scale="1" loop="1" autoTween="1" tweenEasing="NaN">
   <timeline name="Layer 1" scale="1" offset="0">
    <frame z="0" duration="3">
     <transform x="0" y="0" skX="0" skY="0" scX="1" scY="1" pX="0" pY="0"/>
    </frame>
    <frame z="0" displayIndex="1" duration="3">
     <transform x="0" y="0" skX="0" skY="0" scX="1" scY="1" pX="0" pY="0"/>
    </frame>
    <frame z="0" displayIndex="2" duration="3">
     <transform x="0" y="0" skX="0" skY="0" scX="1" scY="1" pX="0" pY="0"/>
    </frame>
    <frame z="0" displayIndex="3" duration="3">
     <transform x="0" y="0" skX="0" skY="0" scX="1" scY="1" pX="0" pY="0"/>
    </frame>
    <frame z="0" displayIndex="4" duration="3">
     <transform x="0" y="0" skX="0" skY="0" scX="1" scY="1" pX="0" pY="0"/>
    </frame>
    <frame z="0" displayIndex="5" duration="3">
     <transform x="0" y="0" skX="0" skY="0" scX="1" scY="1" pX="0" pY="0"/>
    </frame>
    <frame z="0" displayIndex="6" duration="3">
     <transform x="0" y="0" skX="0" skY="0" scX="1" scY="1" pX="0" pY="0"/>
    </frame>
    <frame z="0" displayIndex="7" duration="2">
     <transform x="0" y="0" skX="0" skY="0" scX="1" scY="1" pX="0" pY="0"/>
    </frame>
    <frame z="0" displayIndex="8" duration="3">
     <transform x="0" y="0" skX="0" skY="0" scX="1" scY="1" pX="0" pY="0"/>
    </frame>
    <frame z="0" displayIndex="9" duration="2">
     <transform x="0" y="0" skX="0" skY="0" scX="1" scY="1" pX="0" pY="0"/>
    </frame>
    <frame z="0" displayIndex="10" duration="3">
     <transform x="0" y="0" skX="0" skY="0" scX="1" scY="1" pX="0" pY="0"/>
    </frame>
    <frame z="0" displayIndex="11" duration="3">
     <transform x="0" y="0" skX="0" skY="0" scX="1" scY="1" pX="0" pY="0"/>
    </frame>
    <frame z="0" displayIndex="12" duration="3">
     <transform x="0" y="0" skX="0" skY="0" scX="1" scY="1" pX="0" pY="0"/>
    </frame>
    <frame z="0" displayIndex="13" duration="3">
     <transform x="0" y="0" skX="0" skY="0" scX="1" scY="1" pX="0" pY="0"/>
    </frame>
    <frame z="0" displayIndex="14" duration="3">
     <transform x="0" y="0" skX="0" skY="0" scX="1" scY="1" pX="0" pY="0"/>
    </frame>
    <frame z="0" displayIndex="15" duration="3">
     <transform x="0" y="0" skX="0" skY="0" scX="1" scY="1" pX="0" pY="0"/>
    </frame>
    <frame z="0" displayIndex="16" duration="3">
     <transform x="0" y="0" skX="0" skY="0" scX="1" scY="1" pX="0" pY="0"/>
    </frame>
    <frame z="0" displayIndex="17" duration="2">
     <transform x="0" y="0" skX="0" skY="0" scX="1" scY="1" pX="0" pY="0"/>
    </frame>
    <frame z="0" displayIndex="18" duration="3">
     <transform x="0" y="0" skX="0" skY="0" scX="1" scY="1" pX="0" pY="0"/>
    </frame>
    <frame z="0" displayIndex="19" duration="2">
     <transform x="0" y="0" skX="0" skY="0" scX="1" scY="1" pX="0" pY="0"/>
    </frame>
    <frame z="0" displayIndex="20" duration="3">
     <transform x="0" y="0" skX="0" skY="0" scX="1" scY="1" pX="0" pY="0"/>
    </frame>
    <frame z="0" displayIndex="21" duration="2">
     <transform x="0" y="0" skX="0" skY="0" scX="1" scY="1" pX="0" pY="0"/>
    </frame>
    <frame z="0" displayIndex="22" duration="2">
     <transform x="0" y="0" skX="0" skY="0" scX="1" scY="1" pX="0" pY="0"/>
    </frame>
    <frame z="0" displayIndex="23" duration="2">
     <transform x="0" y="0" skX="0" skY="0" scX="1" scY="1" pX="0" pY="0"/>
    </frame>
    <frame z="0" displayIndex="24" duration="2">
     <transform x="0" y="0" skX="0" skY="0" scX="1" scY="1" pX="0" pY="0"/>
    </frame>
    <frame z="0" displayIndex="25" duration="2">
     <transform x="0" y="0" skX="0" skY="0" scX="1" scY="1" pX="0" pY="0"/>
    </frame>
    <frame z="0" displayIndex="26" duration="2">
     <transform x="0" y="0" skX="0" skY="0" scX="1" scY="1" pX="0" pY="0"/>
    </frame>
    <frame z="0" displayIndex="27" duration="2">
     <transform x="0" y="0" skX="0" skY="0" scX="1" scY="1" pX="0" pY="0"/>
    </frame>
   </timeline>
  </animation>
 </armature>
</dragonBones>