<TextureAtlas name="CastGetAll_mc" imagePath="texture.png">
 <SubTexture name="Shape/shape 7049" x="235" y="582" width="233" height="192"/>
 <SubTexture name="Shape/shape 7051" x="705" y="0" width="233" height="192"/>
 <SubTexture name="Shape/shape 7053" x="470" y="388" width="233" height="192"/>
 <SubTexture name="Shape/shape 7055" x="470" y="0" width="233" height="192"/>
 <SubTexture name="Shape/shape 7057" x="705" y="194" width="233" height="192"/>
 <SubTexture name="Shape/shape 7059" x="1175" y="388" width="233" height="192"/>
 <SubTexture name="Shape/shape 7061" x="1645" y="388" width="233" height="192"/>
 <SubTexture name="Shape/shape 7063" x="0" y="388" width="233" height="192"/>
 <SubTexture name="Shape/shape 7065" x="940" y="388" width="233" height="192"/>
 <SubTexture name="Shape/shape 7067" x="0" y="194" width="233" height="192"/>
 <SubTexture name="Shape/shape 7069" x="1410" y="0" width="233" height="192"/>
 <SubTexture name="Shape/shape 7071" x="0" y="0" width="233" height="192"/>
 <SubTexture name="Shape/shape 7073" x="0" y="582" width="233" height="192"/>
 <SubTexture name="Shape/shape 7075" x="940" y="194" width="233" height="192"/>
 <SubTexture name="Shape/shape 7077" x="1175" y="0" width="233" height="192"/>
 <SubTexture name="Shape/shape 7079" x="470" y="194" width="233" height="192"/>
 <SubTexture name="Shape/shape 7081" x="1645" y="0" width="233" height="192"/>
 <SubTexture name="Shape/shape 7083" x="705" y="388" width="233" height="192"/>
 <SubTexture name="Shape/shape 7085" x="1410" y="388" width="233" height="192"/>
 <SubTexture name="Shape/shape 7087" x="940" y="0" width="233" height="192"/>
 <SubTexture name="Shape/shape 7089" x="1175" y="194" width="233" height="192"/>
 <SubTexture name="Shape/shape 7091" x="235" y="194" width="233" height="192"/>
 <SubTexture name="Shape/shape 7093" x="235" y="0" width="233" height="192"/>
 <SubTexture name="Shape/shape 7095" x="1410" y="194" width="233" height="192"/>
 <SubTexture name="Shape/shape 7097" x="235" y="388" width="233" height="192"/>
 <SubTexture name="Shape/shape 7099" x="1645" y="194" width="233" height="192"/>
 <SubTexture name="Shape/shape 7185" x="902" y="828" width="80" height="80"/>
 <SubTexture name="Shape/shape 7187" x="1700" y="664" width="80" height="80"/>
 <SubTexture name="Shape/shape 7189" x="1558" y="910" width="80" height="80"/>
 <SubTexture name="Shape/shape 7191" x="716" y="582" width="80" height="80"/>
 <SubTexture name="Shape/shape 7193" x="1880" y="574" width="80" height="80"/>
 <SubTexture name="Shape/shape 7195" x="1886" y="902" width="80" height="80"/>
 <SubTexture name="Shape/shape 7197" x="1312" y="828" width="80" height="80"/>
 <SubTexture name="Shape/shape 7199" x="552" y="664" width="80" height="80"/>
 <SubTexture name="Shape/shape 7201" x="246" y="940" width="80" height="80"/>
 <SubTexture name="Shape/shape 7203" x="1880" y="82" width="80" height="80"/>
 <SubTexture name="Shape/shape 7205" x="1880" y="328" width="80" height="80"/>
 <SubTexture name="Shape/shape 7207" x="1394" y="992" width="80" height="80"/>
 <SubTexture name="Shape/shape 7209" x="574" y="828" width="80" height="80"/>
 <SubTexture name="Shape/shape 7211" x="798" y="582" width="80" height="80"/>
 <SubTexture name="Shape/shape 7213" x="1372" y="746" width="80" height="80"/>
 <SubTexture name="Shape/shape 7215" x="634" y="664" width="80" height="80"/>
 <SubTexture name="Shape/shape 7217" x="1066" y="828" width="80" height="80"/>
 <SubTexture name="Shape/shape 7219" x="82" y="858" width="80" height="80"/>
 <SubTexture name="Shape/shape 7221" x="1454" y="664" width="80" height="80"/>
 <SubTexture name="Shape/shape 7223" x="82" y="940" width="80" height="80"/>
 <SubTexture name="Shape/shape 7225" x="1864" y="656" width="80" height="80"/>
 <SubTexture name="Shape/shape 7227" x="880" y="582" width="80" height="80"/>
 <SubTexture name="Shape/shape 7229" x="0" y="776" width="80" height="80"/>
 <SubTexture name="Shape/shape 7231" x="1782" y="664" width="80" height="80"/>
 <SubTexture name="Shape/shape 7233" x="1230" y="992" width="80" height="80"/>
 <SubTexture name="Shape/shape 7235" x="1312" y="910" width="80" height="80"/>
 <SubTexture name="Shape/shape 7237" x="1476" y="828" width="80" height="80"/>
 <SubTexture name="Shape/shape 7239" x="0" y="940" width="80" height="80"/>
 <SubTexture name="Shape/shape 7241" x="1148" y="910" width="80" height="80"/>
 <SubTexture name="Shape/shape 7244" x="1044" y="664" width="80" height="80"/>
 <SubTexture name="Shape/shape 7246" x="1312" y="992" width="80" height="80"/>
 <SubTexture name="Shape/shape 7248" x="716" y="664" width="80" height="80"/>
 <SubTexture name="Shape/shape 7250" x="1066" y="992" width="80" height="80"/>
 <SubTexture name="Shape/shape 7252" x="1126" y="746" width="80" height="80"/>
 <SubTexture name="Shape/shape 7254" x="1962" y="164" width="80" height="80"/>
 <SubTexture name="Shape/shape 7256" x="1372" y="582" width="80" height="80"/>
 <SubTexture name="Shape/shape 7258" x="656" y="828" width="80" height="80"/>
 <SubTexture name="Shape/shape 7260" x="1618" y="664" width="80" height="80"/>
 <SubTexture name="Shape/shape 7262" x="1126" y="582" width="80" height="80"/>
 <SubTexture name="Shape/shape 7264" x="1886" y="984" width="80" height="80"/>
 <SubTexture name="Shape/shape 7266" x="1476" y="910" width="80" height="80"/>
 <SubTexture name="Shape/shape 7268" x="1640" y="910" width="80" height="80"/>
 <SubTexture name="Shape/shape 7270" x="0" y="858" width="80" height="80"/>
 <SubTexture name="Shape/shape 7272" x="820" y="828" width="80" height="80"/>
 <SubTexture name="Shape/shape 7274" x="164" y="858" width="80" height="80"/>
 <SubTexture name="Shape/shape 7276" x="1208" y="746" width="80" height="80"/>
 <SubTexture name="Shape/shape 7278" x="1044" y="746" width="80" height="80"/>
 <SubTexture name="Shape/shape 7280" x="1536" y="746" width="80" height="80"/>
 <SubTexture name="Shape/shape 7282" x="1536" y="582" width="80" height="80"/>
 <SubTexture name="Shape/shape 7284" x="1962" y="574" width="80" height="80"/>
 <SubTexture name="Shape/shape 7286" x="1962" y="492" width="80" height="80"/>
 <SubTexture name="Shape/shape 7288" x="1044" y="582" width="80" height="80"/>
 <SubTexture name="Shape/shape 7290" x="1880" y="0" width="80" height="80"/>
 <SubTexture name="Shape/shape 7292" x="1454" y="746" width="80" height="80"/>
 <SubTexture name="Shape/shape 7294" x="470" y="746" width="80" height="80"/>
 <SubTexture name="Shape/shape 7296" x="880" y="664" width="80" height="80"/>
 <SubTexture name="Shape/shape 7298" x="1558" y="828" width="80" height="80"/>
 <SubTexture name="Shape/shape 7301" x="820" y="910" width="80" height="80"/>
 <SubTexture name="Shape/shape 7303" x="164" y="940" width="80" height="80"/>
 <SubTexture name="Shape/shape 7305" x="656" y="910" width="80" height="80"/>
 <SubTexture name="Shape/shape 7307" x="1148" y="828" width="80" height="80"/>
 <SubTexture name="Shape/shape 7309" x="164" y="776" width="80" height="80"/>
 <SubTexture name="Shape/shape 7311" x="552" y="746" width="80" height="80"/>
 <SubTexture name="Shape/shape 7313" x="798" y="664" width="80" height="80"/>
 <SubTexture name="Shape/shape 7315" x="820" y="992" width="80" height="80"/>
 <SubTexture name="Shape/shape 7317" x="984" y="910" width="80" height="80"/>
 <SubTexture name="Shape/shape 7319" x="1640" y="828" width="80" height="80"/>
 <SubTexture name="Shape/shape 7321" x="1946" y="820" width="80" height="80"/>
 <SubTexture name="Shape/shape 7323" x="880" y="746" width="80" height="80"/>
 <SubTexture name="Shape/shape 7325" x="1126" y="664" width="80" height="80"/>
 <SubTexture name="Shape/shape 7327" x="552" y="582" width="80" height="80"/>
 <SubTexture name="Shape/shape 7329" x="1962" y="0" width="80" height="80"/>
 <SubTexture name="Shape/shape 7331" x="1962" y="246" width="80" height="80"/>
 <SubTexture name="Shape/shape 7333" x="634" y="746" width="80" height="80"/>
 <SubTexture name="Shape/shape 7335" x="1722" y="828" width="80" height="80"/>
 <SubTexture name="Shape/shape 7337" x="798" y="746" width="80" height="80"/>
 <SubTexture name="Shape/shape 7339" x="1290" y="746" width="80" height="80"/>
 <SubTexture name="Shape/shape 7341" x="574" y="992" width="80" height="80"/>
 <SubTexture name="Shape/shape 7343" x="1782" y="582" width="80" height="80"/>
 <SubTexture name="Shape/shape 7345" x="1290" y="582" width="80" height="80"/>
 <SubTexture name="Shape/shape 7347" x="1454" y="582" width="80" height="80"/>
 <SubTexture name="Shape/shape 7349" x="1066" y="910" width="80" height="80"/>
 <SubTexture name="Shape/shape 7351" x="902" y="910" width="80" height="80"/>
 <SubTexture name="Shape/shape 7353" x="470" y="582" width="80" height="80"/>
 <SubTexture name="Shape/shape 7356" x="902" y="992" width="80" height="80"/>
 <SubTexture name="Shape/shape 7358" x="1864" y="820" width="80" height="80"/>
 <SubTexture name="Shape/shape 7360" x="1880" y="246" width="80" height="80"/>
 <SubTexture name="Shape/shape 7362" x="1962" y="82" width="80" height="80"/>
 <SubTexture name="Shape/shape 7364" x="1148" y="992" width="80" height="80"/>
 <SubTexture name="Shape/shape 7366" x="1962" y="410" width="80" height="80"/>
 <SubTexture name="Shape/shape 7368" x="574" y="910" width="80" height="80"/>
 <SubTexture name="Shape/shape 7370" x="1618" y="582" width="80" height="80"/>
 <SubTexture name="Shape/shape 7372" x="410" y="828" width="80" height="80"/>
 <SubTexture name="Shape/shape 7374" x="738" y="910" width="80" height="80"/>
 <SubTexture name="Shape/shape 7376" x="82" y="776" width="80" height="80"/>
 <SubTexture name="Shape/shape 7378" x="984" y="992" width="80" height="80"/>
 <SubTexture name="Shape/shape 7380" x="492" y="992" width="80" height="80"/>
 <SubTexture name="Shape/shape 7382" x="492" y="910" width="80" height="80"/>
 <SubTexture name="Shape/shape 7384" x="328" y="776" width="80" height="80"/>
 <SubTexture name="Shape/shape 7386" x="492" y="828" width="80" height="80"/>
 <SubTexture name="Shape/shape 7388" x="984" y="828" width="80" height="80"/>
 <SubTexture name="Shape/shape 7390" x="962" y="664" width="80" height="80"/>
 <SubTexture name="Shape/shape 7392" x="1290" y="664" width="80" height="80"/>
 <SubTexture name="Shape/shape 7394" x="1946" y="738" width="80" height="80"/>
 <SubTexture name="Shape/shape 7396" x="470" y="664" width="80" height="80"/>
 <SubTexture name="Shape/shape 7398" x="1962" y="328" width="80" height="80"/>
 <SubTexture name="Shape/shape 7400" x="1782" y="746" width="80" height="80"/>
 <SubTexture name="Shape/shape 7402" x="1864" y="738" width="80" height="80"/>
 <SubTexture name="Shape/shape 7404" x="1722" y="910" width="80" height="80"/>
 <SubTexture name="Shape/shape 7406" x="962" y="746" width="80" height="80"/>
 <SubTexture name="Shape/shape 7408" x="410" y="992" width="80" height="80"/>
 <SubTexture name="Shape/shape 7410" x="1230" y="828" width="80" height="80"/>
 <SubTexture name="Shape/shape 7413" x="1208" y="582" width="80" height="80"/>
 <SubTexture name="Shape/shape 7415" x="738" y="992" width="80" height="80"/>
 <SubTexture name="Shape/shape 7417" x="1804" y="902" width="80" height="80"/>
 <SubTexture name="Shape/shape 7419" x="1208" y="664" width="80" height="80"/>
 <SubTexture name="Shape/shape 7421" x="1372" y="664" width="80" height="80"/>
 <SubTexture name="Shape/shape 7423" x="1394" y="910" width="80" height="80"/>
 <SubTexture name="Shape/shape 7425" x="1946" y="656" width="80" height="80"/>
 <SubTexture name="Shape/shape 7427" x="1394" y="828" width="80" height="80"/>
 <SubTexture name="Shape/shape 7429" x="962" y="582" width="80" height="80"/>
 <SubTexture name="Shape/shape 7431" x="1804" y="984" width="80" height="80"/>
 <SubTexture name="Shape/shape 7433" x="246" y="776" width="80" height="80"/>
 <SubTexture name="Shape/shape 7435" x="1880" y="410" width="80" height="80"/>
 <SubTexture name="Shape/shape 7437" x="1880" y="492" width="80" height="80"/>
 <SubTexture name="Shape/shape 7439" x="1880" y="164" width="80" height="80"/>
 <SubTexture name="Shape/shape 7441" x="738" y="828" width="80" height="80"/>
 <SubTexture name="Shape/shape 7443" x="716" y="746" width="80" height="80"/>
 <SubTexture name="Shape/shape 7445" x="246" y="858" width="80" height="80"/>
 <SubTexture name="Shape/shape 7447" x="410" y="910" width="80" height="80"/>
 <SubTexture name="Shape/shape 7449" x="656" y="992" width="80" height="80"/>
 <SubTexture name="Shape/shape 7451" x="328" y="940" width="80" height="80"/>
 <SubTexture name="Shape/shape 7453" x="328" y="858" width="80" height="80"/>
 <SubTexture name="Shape/shape 7455" x="1700" y="746" width="80" height="80"/>
 <SubTexture name="Shape/shape 7457" x="1700" y="582" width="80" height="80"/>
 <SubTexture name="Shape/shape 7459" x="1618" y="746" width="80" height="80"/>
 <SubTexture name="Shape/shape 7461" x="1536" y="664" width="80" height="80"/>
 <SubTexture name="Shape/shape 7463" x="1230" y="910" width="80" height="80"/>
 <SubTexture name="Shape/shape 7465" x="634" y="582" width="80" height="80"/>
</TextureAtlas>