<root name="Level10_mc" isGlobal="0" frameRate="30" version="3.0">
 <armature name="Level10_mc">
  <skin name="default">
   <slot name="bg" z="0" parent="bg">
    <display name="Shape/shape 9877" type="image">
     <transform scX="1" x="0" scY="1" y="0" pX="32" pY="2" skX="0" skY="0"/>
    </display>
   </slot>
   <slot name="flag3" z="1" parent="flag3">
    <display name="Sprite/sprite 47" type="image">
     <transform scX="1" x="0" scY="1" y="0" pX="25" pY="25" skX="0" skY="0"/>
    </display>
   </slot>
   <slot name="flag4" z="2" parent="flag4">
    <display name="Sprite/sprite 47" type="image">
     <transform scX="1" x="0" scY="1" y="0" pX="25" pY="25" skX="0" skY="0"/>
    </display>
   </slot>
   <slot name="flag1" z="3" parent="flag1">
    <display name="Sprite/sprite 47" type="image">
     <transform scX="1" x="0" scY="1" y="0" pX="25" pY="25" skX="0" skY="0"/>
    </display>
   </slot>
   <slot name="flag2" z="4" parent="flag2">
    <display name="Sprite/sprite 47" type="image">
     <transform scX="1" x="0" scY="1" y="0" pX="25" pY="25" skX="0" skY="0"/>
    </display>
   </slot>
   <slot name="place1" z="5" parent="place1">
    <display name="Sprite/sprite 47" type="image">
     <transform scX="1" x="0" scY="1" y="0" pX="25" pY="25" skX="0" skY="0"/>
    </display>
   </slot>
   <slot name="place2" z="6" parent="place2">
    <display name="Sprite/sprite 47" type="image">
     <transform scX="1" x="0" scY="1" y="0" pX="25" pY="25" skX="0" skY="0"/>
    </display>
   </slot>
   <slot name="place3" z="7" parent="place3">
    <display name="Sprite/sprite 47" type="image">
     <transform scX="1" x="0" scY="1" y="0" pX="25" pY="25" skX="0" skY="0"/>
    </display>
   </slot>
   <slot name="place4" z="8" parent="place4">
    <display name="Sprite/sprite 47" type="image">
     <transform scX="1" x="0" scY="1" y="0" pX="25" pY="25" skX="0" skY="0"/>
    </display>
   </slot>
   <slot name="place5" z="9" parent="place5">
    <display name="Sprite/sprite 47" type="image">
     <transform scX="1" x="0" scY="1" y="0" pX="25" pY="25" skX="0" skY="0"/>
    </display>
   </slot>
   <slot name="place6" z="10" parent="place6">
    <display name="Sprite/sprite 47" type="image">
     <transform scX="1" x="0" scY="1" y="0" pX="25" pY="25" skX="0" skY="0"/>
    </display>
   </slot>
   <slot name="place7" z="11" parent="place7">
    <display name="Sprite/sprite 47" type="image">
     <transform scX="1" x="0" scY="1" y="0" pX="25" pY="25" skX="0" skY="0"/>
    </display>
   </slot>
   <slot name="place9" z="12" parent="place9">
    <display name="Sprite/sprite 47" type="image">
     <transform scX="1" x="0" scY="1" y="0" pX="25" pY="25" skX="0" skY="0"/>
    </display>
   </slot>
   <slot name="place10" z="13" parent="place10">
    <display name="Sprite/sprite 47" type="image">
     <transform scX="1" x="0" scY="1" y="0" pX="25" pY="25" skX="0" skY="0"/>
    </display>
   </slot>
   <slot name="place8" z="14" parent="place8">
    <display name="Sprite/sprite 47" type="image">
     <transform scX="1" x="0" scY="1" y="0" pX="25" pY="25" skX="0" skY="0"/>
    </display>
   </slot>
   <slot name="pointer2" z="15" parent="pointer2">
    <display name="Sprite/sprite 47" type="image">
     <transform scX="1" x="0" scY="1" y="0" pX="25" pY="25" skX="0" skY="0"/>
    </display>
   </slot>
   <slot name="pointer1" z="16" parent="pointer1">
    <display name="Sprite/sprite 47" type="image">
     <transform scX="1" x="0" scY="1" y="0" pX="25" pY="25" skX="0" skY="0"/>
    </display>
   </slot>
   <slot name="decorationCase" z="17" parent="decorationCase">
    <display name="Sprite/sprite 47" type="image">
     <transform scX="1" x="0" scY="1" y="0" pX="25" pY="25" skX="0" skY="0"/>
    </display>
   </slot>
  </skin>
  <bone name="place5">
   <transform scX="1" x="359.25" skX="0" scY="1" y="316.3" skY="0"/>
  </bone>
  <bone name="flag3">
   <transform scX="1" x="793.25" skX="0" scY="1" y="235.3" skY="0"/>
  </bone>
  <bone name="flag4">
   <transform scX="1" x="790.25" skX="0" scY="1" y="284.3" skY="0"/>
  </bone>
  <bone name="flag1">
   <transform scX="1" x="-2.7" skX="0" scY="1" y="236.3" skY="0"/>
  </bone>
  <bone name="flag2">
   <transform scX="1" x="-0.7" skX="0" scY="1" y="285.3" skY="0"/>
  </bone>
  <bone name="place1">
   <transform scX="1" x="85.3" skX="0" scY="1" y="208.3" skY="0"/>
  </bone>
  <bone name="place2">
   <transform scX="1" x="74.3" skX="0" scY="1" y="369.3" skY="0"/>
  </bone>
  <bone name="place3">
   <transform scX="1" x="191.3" skX="0" scY="1" y="284.3" skY="0"/>
  </bone>
  <bone name="place4">
   <transform scX="1" x="210.3" skX="0" scY="1" y="429.3" skY="0"/>
  </bone>
  <bone name="bg">
   <transform scX="1" x="0" skX="0" scY="1" y="0" skY="0"/>
  </bone>
  <bone name="place6">
   <transform scX="1" x="453.25" skX="0" scY="1" y="317.3" skY="0"/>
  </bone>
  <bone name="place7">
   <transform scX="1" x="582.25" skX="0" scY="1" y="426.3" skY="0"/>
  </bone>
  <bone name="place9">
   <transform scX="1" x="602.25" skX="0" scY="1" y="278.3" skY="0"/>
  </bone>
  <bone name="place10">
   <transform scX="1" x="716.25" skX="0" scY="1" y="202.3" skY="0"/>
  </bone>
  <bone name="place8">
   <transform scX="1" x="726.25" skX="0" scY="1" y="375.3" skY="0"/>
  </bone>
  <bone name="pointer2">
   <transform scX="1" x="400.25" skX="0" scY="1" y="83.3" skY="0"/>
  </bone>
  <bone name="pointer1">
   <transform scX="1" x="400.25" skX="0" scY="1" y="83.3" skY="0"/>
  </bone>
  <bone name="decorationCase">
   <transform scX="0.44" x="428.95" skX="0" scY="0.56" y="415.4" skY="0"/>
  </bone>
  <animation fadeInTime="0.3" scale="1" loop="1" autoTween="NaN" name="Level10_mc" duration="1" tweenEasing="NaN">
   <timeline pX="0" name="bg" pY="0" scale="1" offset="0">
    <frame z="0" duration="1">
     <transform scX="1" x="0" scY="1" y="0" pX="0" pY="0" skX="0" skY="0"/>
    </frame>
   </timeline>
   <timeline pX="0" name="flag3" pY="0" scale="1" offset="0">
    <frame z="0" duration="1">
     <transform scX="1" x="0" scY="1" y="0" pX="0" pY="0" skX="0" skY="0"/>
    </frame>
   </timeline>
   <timeline pX="0" name="flag4" pY="0" scale="1" offset="0">
    <frame z="0" duration="1">
     <transform scX="1" x="0" scY="1" y="0" pX="0" pY="0" skX="0" skY="0"/>
    </frame>
   </timeline>
   <timeline pX="0" name="flag1" pY="0" scale="1" offset="0">
    <frame z="0" duration="1">
     <transform scX="1" x="0" scY="1" y="0" pX="0" pY="0" skX="0" skY="0"/>
    </frame>
   </timeline>
   <timeline pX="0" name="flag2" pY="0" scale="1" offset="0">
    <frame z="0" duration="1">
     <transform scX="1" x="0" scY="1" y="0" pX="0" pY="0" skX="0" skY="0"/>
    </frame>
   </timeline>
   <timeline pX="0" name="place1" pY="0" scale="1" offset="0">
    <frame z="0" duration="1">
     <transform scX="1" x="0" scY="1" y="0" pX="0" pY="0" skX="0" skY="0"/>
    </frame>
   </timeline>
   <timeline pX="0" name="place2" pY="0" scale="1" offset="0">
    <frame z="0" duration="1">
     <transform scX="1" x="0" scY="1" y="0" pX="0" pY="0" skX="0" skY="0"/>
    </frame>
   </timeline>
   <timeline pX="0" name="place3" pY="0" scale="1" offset="0">
    <frame z="0" duration="1">
     <transform scX="1" x="0" scY="1" y="0" pX="0" pY="0" skX="0" skY="0"/>
    </frame>
   </timeline>
   <timeline pX="0" name="place4" pY="0" scale="1" offset="0">
    <frame z="0" duration="1">
     <transform scX="1" x="0" scY="1" y="0" pX="0" pY="0" skX="0" skY="0"/>
    </frame>
   </timeline>
   <timeline pX="0" name="place5" pY="0" scale="1" offset="0">
    <frame z="0" duration="1">
     <transform scX="1" x="0" scY="1" y="0" pX="0" pY="0" skX="0" skY="0"/>
    </frame>
   </timeline>
   <timeline pX="0" name="place6" pY="0" scale="1" offset="0">
    <frame z="0" duration="1">
     <transform scX="1" x="0" scY="1" y="0" pX="0" pY="0" skX="0" skY="0"/>
    </frame>
   </timeline>
   <timeline pX="0" name="place7" pY="0" scale="1" offset="0">
    <frame z="0" duration="1">
     <transform scX="1" x="0" scY="1" y="0" pX="0" pY="0" skX="0" skY="0"/>
    </frame>
   </timeline>
   <timeline pX="0" name="place9" pY="0" scale="1" offset="0">
    <frame z="0" duration="1">
     <transform scX="1" x="0" scY="1" y="0" pX="0" pY="0" skX="0" skY="0"/>
    </frame>
   </timeline>
   <timeline pX="0" name="place10" pY="0" scale="1" offset="0">
    <frame z="0" duration="1">
     <transform scX="1" x="0" scY="1" y="0" pX="0" pY="0" skX="0" skY="0"/>
    </frame>
   </timeline>
   <timeline pX="0" name="place8" pY="0" scale="1" offset="0">
    <frame z="0" duration="1">
     <transform scX="1" x="0" scY="1" y="0" pX="0" pY="0" skX="0" skY="0"/>
    </frame>
   </timeline>
   <timeline pX="0" name="pointer2" pY="0" scale="1" offset="0">
    <frame z="0" duration="1">
     <transform scX="1" x="0" scY="1" y="0" pX="0" pY="0" skX="0" skY="0"/>
    </frame>
   </timeline>
   <timeline pX="0" name="pointer1" pY="0" scale="1" offset="0">
    <frame z="0" duration="1">
     <transform scX="1" x="0" scY="1" y="0" pX="0" pY="0" skX="0" skY="0"/>
    </frame>
   </timeline>
   <timeline pX="0" name="decorationCase" pY="0" scale="1" offset="0">
    <frame z="0" duration="1">
     <transform scX="1" x="0" scY="1" y="0" pX="0" pY="0" skX="0" skY="0"/>
    </frame>
   </timeline>
  </animation>
 </armature>
</root>