<root name="BulletTower5_1Smoke1_mc" isGlobal="0" frameRate="30" version="3.0">
 <armature name="BulletTower5_1Smoke1_mc">
  <skin name="default">
   <slot name="cont" z="0" parent="cont">
    <display name="Shape/shape 10459" type="image">
     <transform scX="1" x="0" scY="1" y="0" pX="6" pY="15" skX="0" skY="0"/>
    </display>
    <display name="Shape/shape 10461" type="image">
     <transform scX="1" x="0" scY="1" y="0" pX="6" pY="15" skX="0" skY="0"/>
    </display>
    <display name="Shape/shape 10463" type="image">
     <transform scX="1" x="0" scY="1" y="0" pX="6" pY="15" skX="0" skY="0"/>
    </display>
    <display name="Shape/shape 10465" type="image">
     <transform scX="1" x="0" scY="1" y="0" pX="6" pY="15" skX="0" skY="0"/>
    </display>
    <display name="Shape/shape 10467" type="image">
     <transform scX="1" x="0" scY="1" y="0" pX="6" pY="15" skX="0" skY="0"/>
    </display>
   </slot>
  </skin>
  <bone name="cont">
   <transform scX="1" x="0" skX="0" scY="1" y="0" skY="0"/>
  </bone>
  <animation fadeInTime="0.3" scale="1" loop="1" autoTween="NaN" name="BulletTower5_1Smoke1_mc" duration="6" tweenEasing="NaN">
   <timeline pX="0" name="cont" pY="0" scale="1" offset="0">
    <frame z="0" duration="1">
     <transform scX="1" x="0" scY="1" y="0" pX="0" pY="0" skX="0" skY="0"/>
    </frame>
    <frame displayIndex="1" z="0" duration="1">
     <transform scX="1" x="0" scY="1" y="0" pX="0" pY="0" skX="0" skY="0"/>
    </frame>
    <frame displayIndex="2" z="0" duration="1">
     <transform scX="1" x="0" scY="1" y="0" pX="0" pY="0" skX="0" skY="0"/>
    </frame>
    <frame displayIndex="3" z="0" duration="1">
     <transform scX="1" x="0" scY="1" y="0" pX="0" pY="0" skX="0" skY="0"/>
    </frame>
    <frame displayIndex="4" z="0" duration="1">
     <transform scX="1" x="0" scY="1" y="0" pX="0" pY="0" skX="0" skY="0"/>
    </frame>
    <frame displayIndex="4" z="0" duration="1">
     <transform scX="1" x="0" scY="1" y="0" pX="0" pY="0" skX="0" skY="0"/>
    </frame>
   </timeline>
  </animation>
 </armature>
</root>