<dragonBones name="1yrt" frameRate="30" version="2.3">
 <armature name="BulletTower5_1Smoke1_mc">
  <bone name="Layer 1">
   <transform x="0" y="0" skX="0" skY="0" scX="1" scY="1"/>
  </bone>
  <skin name="default">
   <slot name="Layer 1" parent="Layer 1" z="0">
    <display name="Shape/shape 10459" type="image">
     <transform x="0" y="0" skX="0" skY="0" scX="1" scY="1" pX="6" pY="15"/>
    </display>
    <display name="Shape/shape 10461" type="image">
     <transform x="0" y="0" skX="0" skY="0" scX="1" scY="1" pX="6" pY="15"/>
    </display>
    <display name="Shape/shape 10463" type="image">
     <transform x="0" y="0" skX="0" skY="0" scX="1" scY="1" pX="6" pY="15"/>
    </display>
    <display name="Shape/shape 10465" type="image">
     <transform x="0" y="0" skX="0" skY="0" scX="1" scY="1" pX="6" pY="15"/>
    </display>
    <display name="Shape/shape 10467" type="image">
     <transform x="0" y="0" skX="0" skY="0" scX="1" scY="1" pX="6" pY="15"/>
    </display>
   </slot>
  </skin>
  <animation name="BulletTower5_1Smoke1_mc" fadeInTime="0.3" duration="5" scale="1" loop="1" autoTween="1" tweenEasing="NaN">
   <timeline name="Layer 1" scale="1" offset="0">
    <frame z="0" duration="1">
     <transform x="0" y="0" skX="0" skY="0" scX="1" scY="1" pX="0" pY="0"/>
    </frame>
    <frame z="0" displayIndex="1" duration="1">
     <transform x="0" y="0" skX="0" skY="0" scX="1" scY="1" pX="0" pY="0"/>
    </frame>
    <frame z="0" displayIndex="2" duration="1">
     <transform x="0" y="0" skX="0" skY="0" scX="1" scY="1" pX="0" pY="0"/>
    </frame>
    <frame z="0" displayIndex="3" duration="1">
     <transform x="0" y="0" skX="0" skY="0" scX="1" scY="1" pX="0" pY="0"/>
    </frame>
    <frame z="0" displayIndex="4" duration="1">
     <transform x="0" y="0" skX="0" skY="0" scX="1" scY="1" pX="0" pY="0"/>
    </frame>
   </timeline>
  </animation>
 </armature>
</dragonBones>