<root name="RoadUnitStone_mc" isGlobal="0" frameRate="30" version="3.0">
 <armature name="RoadUnitStone_mc">
  <skin name="default">
   <slot name="Layer 1" z="0" parent="Layer 1">
    <display name="Shape/shape 11667" type="image">
     <transform scX="1" x="0" scY="1" y="0" pX="34" pY="22" skX="0" skY="0"/>
    </display>
    <display name="Shape/shape 11669" type="image">
     <transform scX="1" x="0" scY="1" y="0" pX="34" pY="22" skX="0" skY="0"/>
    </display>
    <display name="Shape/shape 11671" type="image">
     <transform scX="1" x="0" scY="1" y="0" pX="34" pY="22" skX="0" skY="0"/>
    </display>
    <display name="Shape/shape 11673" type="image">
     <transform scX="1" x="0" scY="1" y="0" pX="34" pY="22" skX="0" skY="0"/>
    </display>
    <display name="Shape/shape 11675" type="image">
     <transform scX="1" x="0" scY="1" y="0" pX="34" pY="22" skX="0" skY="0"/>
    </display>
    <display name="Shape/shape 11677" type="image">
     <transform scX="1" x="0" scY="1" y="0" pX="34" pY="22" skX="0" skY="0"/>
    </display>
    <display name="Shape/shape 11679" type="image">
     <transform scX="1" x="0" scY="1" y="0" pX="34" pY="22" skX="0" skY="0"/>
    </display>
   </slot>
  </skin>
  <bone name="Layer 1">
   <transform scX="1" x="0" skX="0" scY="1" y="0" skY="0"/>
  </bone>
  <animation name="RoadUnitStone_mc" scale="1" loop="1" autoTween="NaN" fadeInTime="0.3" duration="15" tweenEasing="NaN">
   <timeline pX="0" name="Layer 1" pY="0" scale="1" offset="0">
    <frame z="0" duration="2">
     <transform scX="1" x="0" scY="1" y="0" pX="0" pY="0" skX="0" skY="0"/>
    </frame>
    <frame displayIndex="1" z="0" duration="2">
     <transform scX="1" x="0" scY="1" y="0" pX="0" pY="0" skX="0" skY="0"/>
    </frame>
    <frame displayIndex="2" z="0" duration="2">
     <transform scX="1" x="0" scY="1" y="0" pX="0" pY="0" skX="0" skY="0"/>
    </frame>
    <frame displayIndex="3" z="0" duration="2">
     <transform scX="1" x="0" scY="1" y="0" pX="0" pY="0" skX="0" skY="0"/>
    </frame>
    <frame displayIndex="4" z="0" duration="2">
     <transform scX="1" x="0" scY="1" y="0" pX="0" pY="0" skX="0" skY="0"/>
    </frame>
    <frame displayIndex="5" z="0" duration="2">
     <transform scX="1" x="0" scY="1" y="0" pX="0" pY="0" skX="0" skY="0"/>
    </frame>
    <frame displayIndex="6" z="0" duration="2">
     <transform scX="1" x="0" scY="1" y="0" pX="0" pY="0" skX="0" skY="0"/>
    </frame>
    <frame displayIndex="6" z="0" duration="1">
     <transform scX="1" x="0" scY="1" y="0" pX="0" pY="0" skX="0" skY="0"/>
    </frame>
   </timeline>
   <frame duration="14"/>
   <frame duration="1"/>
  </animation>
 </armature>
</root>