<dragonBones name="1yrt" frameRate="30" version="2.3">
 <armature name="blockTower">
  <bone name="Layer 1">
   <transform x="0" y="0" skX="0" skY="0" scX="1" scY="1"/>
  </bone>
  <skin name="default">
   <slot name="Layer 1" parent="Layer 1" z="0">
    <display name="Shape/shape 6385" type="image">
     <transform x="0" y="0" skX="0" skY="0" scX="1" scY="1" pX="47" pY="43"/>
    </display>
    <display name="Shape/shape 6387" type="image">
     <transform x="0" y="0" skX="0" skY="0" scX="1" scY="1" pX="47" pY="43"/>
    </display>
    <display name="Shape/shape 6389" type="image">
     <transform x="0" y="0" skX="0" skY="0" scX="1" scY="1" pX="47" pY="43"/>
    </display>
    <display name="Shape/shape 6391" type="image">
     <transform x="0" y="0" skX="0" skY="0" scX="1" scY="1" pX="47" pY="43"/>
    </display>
    <display name="Shape/shape 6393" type="image">
     <transform x="0" y="0" skX="0" skY="0" scX="1" scY="1" pX="47" pY="43"/>
    </display>
    <display name="Shape/shape 6395" type="image">
     <transform x="0" y="0" skX="0" skY="0" scX="1" scY="1" pX="47" pY="43"/>
    </display>
    <display name="Shape/shape 6397" type="image">
     <transform x="0" y="0" skX="0" skY="0" scX="1" scY="1" pX="47" pY="43"/>
    </display>
    <display name="Shape/shape 6399" type="image">
     <transform x="0" y="0" skX="0" skY="0" scX="1" scY="1" pX="47" pY="43"/>
    </display>
    <display name="Shape/shape 6401" type="image">
     <transform x="0" y="0" skX="0" skY="0" scX="1" scY="1" pX="47" pY="43"/>
    </display>
    <display name="Shape/shape 6403" type="image">
     <transform x="0" y="0" skX="0" skY="0" scX="1" scY="1" pX="47" pY="43"/>
    </display>
    <display name="Shape/shape 6405" type="image">
     <transform x="0" y="0" skX="0" skY="0" scX="1" scY="1" pX="47" pY="43"/>
    </display>
    <display name="Shape/shape 6407" type="image">
     <transform x="0" y="0" skX="0" skY="0" scX="1" scY="1" pX="47" pY="43"/>
    </display>
    <display name="Shape/shape 6409" type="image">
     <transform x="0" y="0" skX="0" skY="0" scX="1" scY="1" pX="47" pY="43"/>
    </display>
    <display name="Shape/shape 6411" type="image">
     <transform x="0" y="0" skX="0" skY="0" scX="1" scY="1" pX="47" pY="43"/>
    </display>
    <display name="Shape/shape 6413" type="image">
     <transform x="0" y="0" skX="0" skY="0" scX="1" scY="1" pX="47" pY="43"/>
    </display>
    <display name="Shape/shape 6414" type="image">
     <transform x="0" y="0" skX="0" skY="0" scX="1" scY="1" pX="47" pY="43"/>
    </display>
    <display name="Shape/shape 6415" type="image">
     <transform x="0" y="0" skX="0" skY="0" scX="1" scY="1" pX="47" pY="43"/>
    </display>
    <display name="Shape/shape 6416" type="image">
     <transform x="0" y="0" skX="0" skY="0" scX="1" scY="1" pX="47" pY="43"/>
    </display>
    <display name="Shape/shape 6417" type="image">
     <transform x="0" y="0" skX="0" skY="0" scX="1" scY="1" pX="47" pY="43"/>
    </display>
    <display name="Shape/shape 6418" type="image">
     <transform x="0" y="0" skX="0" skY="0" scX="1" scY="1" pX="47" pY="43"/>
    </display>
    <display name="Shape/shape 6419" type="image">
     <transform x="0" y="0" skX="0" skY="0" scX="1" scY="1" pX="47" pY="43"/>
    </display>
    <display name="Shape/shape 6420" type="image">
     <transform x="0" y="0" skX="0" skY="0" scX="1" scY="1" pX="47" pY="43"/>
    </display>
    <display name="Shape/shape 6421" type="image">
     <transform x="0" y="0" skX="0" skY="0" scX="1" scY="1" pX="47" pY="43"/>
    </display>
   </slot>
  </skin>
  <animation name="begin" fadeInTime="0.3" duration="20" scale="1" loop="1" autoTween="1" tweenEasing="NaN">
   <timeline name="Layer 1" scale="1" offset="0">
    <frame z="0" duration="1">
     <transform x="0" y="0" skX="0" skY="0" scX="1" scY="1" pX="0" pY="0"/>
    </frame>
    <frame z="0" displayIndex="1" duration="1">
     <transform x="0" y="0" skX="0" skY="0" scX="1" scY="1" pX="0" pY="0"/>
    </frame>
    <frame z="0" displayIndex="2" duration="1">
     <transform x="0" y="0" skX="0" skY="0" scX="1" scY="1" pX="0" pY="0"/>
    </frame>
    <frame z="0" displayIndex="3" duration="1">
     <transform x="0" y="0" skX="0" skY="0" scX="1" scY="1" pX="0" pY="0"/>
    </frame>
    <frame z="0" displayIndex="4" duration="2">
     <transform x="0" y="0" skX="0" skY="0" scX="1" scY="1" pX="0" pY="0"/>
    </frame>
    <frame z="0" displayIndex="5" duration="2">
     <transform x="0" y="0" skX="0" skY="0" scX="1" scY="1" pX="0" pY="0"/>
    </frame>
    <frame z="0" displayIndex="6" duration="2">
     <transform x="0" y="0" skX="0" skY="0" scX="1" scY="1" pX="0" pY="0"/>
    </frame>
    <frame z="0" displayIndex="7" duration="2">
     <transform x="0" y="0" skX="0" skY="0" scX="1" scY="1" pX="0" pY="0"/>
    </frame>
    <frame z="0" displayIndex="8" duration="2">
     <transform x="0" y="0" skX="0" skY="0" scX="1" scY="1" pX="0" pY="0"/>
    </frame>
    <frame z="0" displayIndex="9" duration="2">
     <transform x="0" y="0" skX="0" skY="0" scX="1" scY="1" pX="0" pY="0"/>
    </frame>
    <frame z="0" displayIndex="10" duration="2">
     <transform x="0" y="0" skX="0" skY="0" scX="1" scY="1" pX="0" pY="0"/>
    </frame>
    <frame z="0" displayIndex="11" duration="1">
     <transform x="0" y="0" skX="0" skY="0" scX="1" scY="1" pX="0" pY="0"/>
    </frame>
    <frame z="0" displayIndex="12" duration="1">
     <transform x="0" y="0" skX="0" skY="0" scX="1" scY="1" pX="0" pY="0"/>
    </frame>
   </timeline>
  </animation>
  <animation name="continue" fadeInTime="0.3" duration="20" scale="1" loop="1" autoTween="1" tweenEasing="NaN">
   <timeline name="Layer 1" scale="1" offset="0">
    <frame z="0" displayIndex="13" duration="2">
     <transform x="0" y="0" skX="0" skY="0" scX="1" scY="1" pX="0" pY="0"/>
    </frame>
    <frame z="0" displayIndex="14" duration="2">
     <transform x="0" y="0" skX="0" skY="0" scX="1" scY="1" pX="0" pY="0"/>
    </frame>
    <frame z="0" displayIndex="15" duration="2">
     <transform x="0" y="0" skX="0" skY="0" scX="1" scY="1" pX="0" pY="0"/>
    </frame>
    <frame z="0" displayIndex="16" duration="2">
     <transform x="0" y="0" skX="0" skY="0" scX="1" scY="1" pX="0" pY="0"/>
    </frame>
    <frame z="0" displayIndex="17" duration="2">
     <transform x="0" y="0" skX="0" skY="0" scX="1" scY="1" pX="0" pY="0"/>
    </frame>
    <frame z="0" displayIndex="18" duration="2">
     <transform x="0" y="0" skX="0" skY="0" scX="1" scY="1" pX="0" pY="0"/>
    </frame>
    <frame z="0" displayIndex="19" duration="2">
     <transform x="0" y="0" skX="0" skY="0" scX="1" scY="1" pX="0" pY="0"/>
    </frame>
    <frame z="0" displayIndex="20" duration="2">
     <transform x="0" y="0" skX="0" skY="0" scX="1" scY="1" pX="0" pY="0"/>
    </frame>
    <frame z="0" displayIndex="21" duration="2">
     <transform x="0" y="0" skX="0" skY="0" scX="1" scY="1" pX="0" pY="0"/>
    </frame>
    <frame z="0" displayIndex="22" duration="1">
     <transform x="0" y="0" skX="0" skY="0" scX="1" scY="1" pX="0" pY="0"/>
    </frame>
    <frame z="0" displayIndex="12" duration="1">
     <transform x="0" y="0" skX="0" skY="0" scX="1" scY="1" pX="0" pY="0"/>
    </frame>
   </timeline>
  </animation>
 </armature>
</dragonBones>