<TextureAtlas name="blockTower" imagePath="texture.png">
 <SubTexture name="Shape/shape 6385" x="388" y="176" width="95" height="86"/>
 <SubTexture name="Shape/shape 6387" x="194" y="0" width="95" height="86"/>
 <SubTexture name="Shape/shape 6389" x="97" y="264" width="95" height="86"/>
 <SubTexture name="Shape/shape 6391" x="388" y="88" width="95" height="86"/>
 <SubTexture name="Shape/shape 6393" x="0" y="352" width="95" height="86"/>
 <SubTexture name="Shape/shape 6395" x="194" y="264" width="95" height="86"/>
 <SubTexture name="Shape/shape 6397" x="97" y="88" width="95" height="86"/>
 <SubTexture name="Shape/shape 6399" x="194" y="352" width="95" height="86"/>
 <SubTexture name="Shape/shape 6401" x="388" y="264" width="95" height="86"/>
 <SubTexture name="Shape/shape 6403" x="194" y="88" width="95" height="86"/>
 <SubTexture name="Shape/shape 6405" x="0" y="264" width="95" height="86"/>
 <SubTexture name="Shape/shape 6407" x="97" y="176" width="95" height="86"/>
 <SubTexture name="Shape/shape 6409" x="0" y="0" width="95" height="86"/>
 <SubTexture name="Shape/shape 6411" x="291" y="176" width="95" height="86"/>
 <SubTexture name="Shape/shape 6413" x="0" y="88" width="95" height="86"/>
 <SubTexture name="Shape/shape 6414" x="291" y="88" width="95" height="86"/>
 <SubTexture name="Shape/shape 6415" x="97" y="0" width="95" height="86"/>
 <SubTexture name="Shape/shape 6416" x="0" y="176" width="95" height="86"/>
 <SubTexture name="Shape/shape 6417" x="97" y="352" width="95" height="86"/>
 <SubTexture name="Shape/shape 6418" x="291" y="0" width="95" height="86"/>
 <SubTexture name="Shape/shape 6419" x="388" y="0" width="95" height="86"/>
 <SubTexture name="Shape/shape 6420" x="291" y="264" width="95" height="86"/>
 <SubTexture name="Shape/shape 6421" x="194" y="176" width="95" height="86"/>
</TextureAtlas>