<dragonBones name="1yrt" frameRate="30" version="2.3">
 <armature name="airshock">
  <bone name="Layer 1">
   <transform x="0" y="0" skX="0" skY="0" scX="1" scY="1"/>
  </bone>
  <skin name="default">
   <slot name="Layer 1" parent="Layer 1" z="0">
    <display name="Shape/shape 8009" type="image">
     <transform x="0" y="0" skX="0" skY="0" scX="1" scY="1" pX="15" pY="13"/>
    </display>
    <display name="Shape/shape 8011" type="image">
     <transform x="0" y="0" skX="0" skY="0" scX="1" scY="1" pX="15" pY="13"/>
    </display>
    <display name="Shape/shape 8013" type="image">
     <transform x="0" y="0" skX="0" skY="0" scX="1" scY="1" pX="15" pY="13"/>
    </display>
    <display name="Shape/shape 8015" type="image">
     <transform x="0" y="0" skX="0" skY="0" scX="1" scY="1" pX="15" pY="13"/>
    </display>
    <display name="Shape/shape 8017" type="image">
     <transform x="0" y="0" skX="0" skY="0" scX="1" scY="1" pX="15" pY="13"/>
    </display>
    <display name="Shape/shape 8019" type="image">
     <transform x="0" y="0" skX="0" skY="0" scX="1" scY="1" pX="15" pY="13"/>
    </display>
    <display name="Shape/shape 8021" type="image">
     <transform x="0" y="0" skX="0" skY="0" scX="1" scY="1" pX="15" pY="13"/>
    </display>
    <display name="Shape/shape 8023" type="image">
     <transform x="0" y="0" skX="0" skY="0" scX="1" scY="1" pX="15" pY="13"/>
    </display>
    <display name="Shape/shape 8025" type="image">
     <transform x="0" y="0" skX="0" skY="0" scX="1" scY="1" pX="15" pY="13"/>
    </display>
    <display name="Shape/shape 8027" type="image">
     <transform x="0" y="0" skX="0" skY="0" scX="1" scY="1" pX="15" pY="13"/>
    </display>
    <display name="Shape/shape 8029" type="image">
     <transform x="0" y="0" skX="0" skY="0" scX="1" scY="1" pX="15" pY="13"/>
    </display>
    <display name="Shape/shape 8031" type="image">
     <transform x="0" y="0" skX="0" skY="0" scX="1" scY="1" pX="15" pY="13"/>
    </display>
    <display name="Shape/shape 8033" type="image">
     <transform x="0" y="0" skX="0" skY="0" scX="1" scY="1" pX="15" pY="13"/>
    </display>
    <display name="Shape/shape 8035" type="image">
     <transform x="0" y="0" skX="0" skY="0" scX="1" scY="1" pX="15" pY="13"/>
    </display>
    <display name="Shape/shape 8037" type="image">
     <transform x="0" y="0" skX="0" skY="0" scX="1" scY="1" pX="15" pY="13"/>
    </display>
    <display name="Shape/shape 8039" type="image">
     <transform x="0" y="0" skX="0" skY="0" scX="1" scY="1" pX="15" pY="13"/>
    </display>
    <display name="Shape/shape 8041" type="image">
     <transform x="0" y="0" skX="0" skY="0" scX="1" scY="1" pX="15" pY="13"/>
    </display>
    <display name="Shape/shape 8043" type="image">
     <transform x="0" y="0" skX="0" skY="0" scX="1" scY="1" pX="15" pY="13"/>
    </display>
    <display name="Shape/shape 8045" type="image">
     <transform x="0" y="0" skX="0" skY="0" scX="1" scY="1" pX="15" pY="13"/>
    </display>
    <display name="Shape/shape 8047" type="image">
     <transform x="0" y="0" skX="0" skY="0" scX="1" scY="1" pX="15" pY="13"/>
    </display>
    <display name="Shape/shape 8049" type="image">
     <transform x="0" y="0" skX="0" skY="0" scX="1" scY="1" pX="15" pY="13"/>
    </display>
    <display name="Shape/shape 8051" type="image">
     <transform x="0" y="0" skX="0" skY="0" scX="1" scY="1" pX="15" pY="13"/>
    </display>
    <display name="Shape/shape 8053" type="image">
     <transform x="0" y="0" skX="0" skY="0" scX="1" scY="1" pX="15" pY="13"/>
    </display>
    <display name="Shape/shape 8055" type="image">
     <transform x="0" y="0" skX="0" skY="0" scX="1" scY="1" pX="15" pY="13"/>
    </display>
    <display name="Shape/shape 8057" type="image">
     <transform x="0" y="0" skX="0" skY="0" scX="1" scY="1" pX="15" pY="13"/>
    </display>
    <display name="Shape/shape 8059" type="image">
     <transform x="0" y="0" skX="0" skY="0" scX="1" scY="1" pX="15" pY="13"/>
    </display>
    <display name="Shape/shape 8061" type="image">
     <transform x="0" y="0" skX="0" skY="0" scX="1" scY="1" pX="15" pY="13"/>
    </display>
    <display name="Shape/shape 8063" type="image">
     <transform x="0" y="0" skX="0" skY="0" scX="1" scY="1" pX="15" pY="13"/>
    </display>
    <display name="Shape/shape 8065" type="image">
     <transform x="0" y="0" skX="0" skY="0" scX="1" scY="1"/>
    </display>
    <display name="Shape/shape 8067" type="image">
     <transform x="0" y="0" skX="0" skY="0" scX="1" scY="1"/>
    </display>
    <display name="Shape/shape 8069" type="image">
     <transform x="0" y="0" skX="0" skY="0" scX="1" scY="1"/>
    </display>
   </slot>
  </skin>
  <animation name="airshock" fadeInTime="0.3" duration="31" scale="1" loop="1" autoTween="1" tweenEasing="NaN">
   <timeline name="Layer 1" scale="1" offset="0">
    <frame z="0" duration="1">
     <transform x="0" y="0" skX="0" skY="0" scX="1" scY="1" pX="0" pY="0"/>
    </frame>
    <frame z="0" displayIndex="1" duration="1">
     <transform x="0" y="0" skX="0" skY="0" scX="1" scY="1" pX="0" pY="0"/>
    </frame>
    <frame z="0" displayIndex="2" duration="1">
     <transform x="0" y="0" skX="0" skY="0" scX="1" scY="1" pX="0" pY="0"/>
    </frame>
    <frame z="0" displayIndex="3" duration="1">
     <transform x="0" y="0" skX="0" skY="0" scX="1" scY="1" pX="0" pY="0"/>
    </frame>
    <frame z="0" displayIndex="4" duration="1">
     <transform x="0" y="0" skX="0" skY="0" scX="1" scY="1" pX="0" pY="0"/>
    </frame>
    <frame z="0" displayIndex="5" duration="1">
     <transform x="0" y="0" skX="0" skY="0" scX="1" scY="1" pX="0" pY="0"/>
    </frame>
    <frame z="0" displayIndex="6" duration="1">
     <transform x="0" y="0" skX="0" skY="0" scX="1" scY="1" pX="0" pY="0"/>
    </frame>
    <frame z="0" displayIndex="7" duration="1">
     <transform x="0" y="0" skX="0" skY="0" scX="1" scY="1" pX="0" pY="0"/>
    </frame>
    <frame z="0" displayIndex="8" duration="1">
     <transform x="0" y="0" skX="0" skY="0" scX="1" scY="1" pX="0" pY="0"/>
    </frame>
    <frame z="0" displayIndex="9" duration="1">
     <transform x="0" y="0" skX="0" skY="0" scX="1" scY="1" pX="0" pY="0"/>
    </frame>
    <frame z="0" displayIndex="10" duration="1">
     <transform x="0" y="0" skX="0" skY="0" scX="1" scY="1" pX="0" pY="0"/>
    </frame>
    <frame z="0" displayIndex="11" duration="1">
     <transform x="0" y="0" skX="0" skY="0" scX="1" scY="1" pX="0" pY="0"/>
    </frame>
    <frame z="0" displayIndex="12" duration="1">
     <transform x="0" y="0" skX="0" skY="0" scX="1" scY="1" pX="0" pY="0"/>
    </frame>
    <frame z="0" displayIndex="13" duration="1">
     <transform x="0" y="0" skX="0" skY="0" scX="1" scY="1" pX="0" pY="0"/>
    </frame>
    <frame z="0" displayIndex="14" duration="1">
     <transform x="0" y="0" skX="0" skY="0" scX="1" scY="1" pX="0" pY="0"/>
    </frame>
    <frame z="0" displayIndex="15" duration="1">
     <transform x="0" y="0" skX="0" skY="0" scX="1" scY="1" pX="0" pY="0"/>
    </frame>
    <frame z="0" displayIndex="16" duration="1">
     <transform x="0" y="0" skX="0" skY="0" scX="1" scY="1" pX="0" pY="0"/>
    </frame>
    <frame z="0" displayIndex="17" duration="1">
     <transform x="0" y="0" skX="0" skY="0" scX="1" scY="1" pX="0" pY="0"/>
    </frame>
    <frame z="0" displayIndex="18" duration="1">
     <transform x="0" y="0" skX="0" skY="0" scX="1" scY="1" pX="0" pY="0"/>
    </frame>
    <frame z="0" displayIndex="19" duration="1">
     <transform x="0" y="0" skX="0" skY="0" scX="1" scY="1" pX="0" pY="0"/>
    </frame>
    <frame z="0" displayIndex="20" duration="1">
     <transform x="0" y="0" skX="0" skY="0" scX="1" scY="1" pX="0" pY="0"/>
    </frame>
    <frame z="0" displayIndex="21" duration="1">
     <transform x="0" y="0" skX="0" skY="0" scX="1" scY="1" pX="0" pY="0"/>
    </frame>
    <frame z="0" displayIndex="22" duration="1">
     <transform x="0" y="0" skX="0" skY="0" scX="1" scY="1" pX="0" pY="0"/>
    </frame>
    <frame z="0" displayIndex="23" duration="1">
     <transform x="0" y="0" skX="0" skY="0" scX="1" scY="1" pX="0" pY="0"/>
    </frame>
    <frame z="0" displayIndex="24" duration="1">
     <transform x="0" y="0" skX="0" skY="0" scX="1" scY="1" pX="0" pY="0"/>
    </frame>
    <frame z="0" displayIndex="25" duration="1">
     <transform x="0" y="0" skX="0" skY="0" scX="1" scY="1" pX="0" pY="0"/>
    </frame>
    <frame z="0" displayIndex="26" duration="1">
     <transform x="0" y="0" skX="0" skY="0" scX="1" scY="1" pX="0" pY="0"/>
    </frame>
    <frame z="0" displayIndex="27" duration="1">
     <transform x="0" y="0" skX="0" skY="0" scX="1" scY="1" pX="0" pY="0"/>
    </frame>
    <frame z="0" displayIndex="28" duration="1">
     <transform x="0" y="0" skX="0" skY="0" scX="1" scY="1" pX="0" pY="0"/>
    </frame>
    <frame z="0" displayIndex="29" duration="1">
     <transform x="0" y="0" skX="0" skY="0" scX="1" scY="1" pX="0" pY="0"/>
    </frame>
    <frame z="0" displayIndex="30" duration="1">
     <transform x="0" y="0" skX="0" skY="0" scX="1" scY="1" pX="0" pY="0"/>
    </frame>
   </timeline>
  </animation>
 </armature>
</dragonBones>