<TextureAtlas name="airshock" imagePath="texture.png">
 <SubTexture name="Shape/shape 8009" x="72" y="30" width="34" height="28"/>
 <SubTexture name="Shape/shape 8011" x="180" y="90" width="34" height="28"/>
 <SubTexture name="Shape/shape 8013" x="144" y="30" width="34" height="28"/>
 <SubTexture name="Shape/shape 8015" x="36" y="0" width="34" height="28"/>
 <SubTexture name="Shape/shape 8017" x="216" y="90" width="34" height="28"/>
 <SubTexture name="Shape/shape 8019" x="0" y="90" width="34" height="28"/>
 <SubTexture name="Shape/shape 8021" x="108" y="90" width="34" height="28"/>
 <SubTexture name="Shape/shape 8023" x="144" y="0" width="34" height="28"/>
 <SubTexture name="Shape/shape 8025" x="36" y="60" width="34" height="28"/>
 <SubTexture name="Shape/shape 8027" x="180" y="60" width="34" height="28"/>
 <SubTexture name="Shape/shape 8029" x="108" y="30" width="34" height="28"/>
 <SubTexture name="Shape/shape 8031" x="216" y="0" width="34" height="28"/>
 <SubTexture name="Shape/shape 8033" x="36" y="30" width="34" height="28"/>
 <SubTexture name="Shape/shape 8035" x="180" y="30" width="34" height="28"/>
 <SubTexture name="Shape/shape 8037" x="180" y="0" width="34" height="28"/>
 <SubTexture name="Shape/shape 8039" x="144" y="90" width="34" height="28"/>
 <SubTexture name="Shape/shape 8041" x="216" y="30" width="34" height="28"/>
 <SubTexture name="Shape/shape 8043" x="216" y="60" width="34" height="28"/>
 <SubTexture name="Shape/shape 8045" x="108" y="60" width="34" height="28"/>
 <SubTexture name="Shape/shape 8047" x="144" y="60" width="34" height="28"/>
 <SubTexture name="Shape/shape 8049" x="0" y="0" width="34" height="28"/>
 <SubTexture name="Shape/shape 8051" x="36" y="90" width="34" height="28"/>
 <SubTexture name="Shape/shape 8053" x="0" y="30" width="34" height="28"/>
 <SubTexture name="Shape/shape 8055" x="72" y="0" width="34" height="28"/>
 <SubTexture name="Shape/shape 8057" x="72" y="60" width="34" height="28"/>
 <SubTexture name="Shape/shape 8059" x="0" y="60" width="34" height="28"/>
 <SubTexture name="Shape/shape 8061" x="108" y="0" width="34" height="28"/>
 <SubTexture name="Shape/shape 8063" x="72" y="90" width="34" height="28"/>
</TextureAtlas>