<dragonBones name="1yrt" frameRate="30" version="2.3">
 <armature name="MiddleScreenCentr_mc">
  <bone name="Layer 1">
   <transform x="0" y="0" skX="0" skY="0" scX="1" scY="1"/>
  </bone>
  <skin name="default">
   <slot name="Layer 1" parent="Layer 1" z="0">
    <display name="Shape/shape 69" type="image">
     <transform x="0" y="0" skX="0" skY="0" scX="1" scY="1" pX="162" pY="163"/>
    </display>
    <display name="Shape/shape 71" type="image">
     <transform x="0" y="0" skX="0" skY="0" scX="1" scY="1" pX="162" pY="163"/>
    </display>
    <display name="Shape/shape 73" type="image">
     <transform x="0" y="0" skX="0" skY="0" scX="1" scY="1" pX="162" pY="163"/>
    </display>
    <display name="Shape/shape 75" type="image">
     <transform x="0" y="0" skX="0" skY="0" scX="1" scY="1" pX="162" pY="163"/>
    </display>
    <display name="Shape/shape 77" type="image">
     <transform x="0" y="0" skX="0" skY="0" scX="1" scY="1" pX="162" pY="163"/>
    </display>
    <display name="Shape/shape 79" type="image">
     <transform x="0" y="0" skX="0" skY="0" scX="1" scY="1" pX="162" pY="163"/>
    </display>
    <display name="Shape/shape 81" type="image">
     <transform x="0" y="0" skX="0" skY="0" scX="1" scY="1" pX="162" pY="163"/>
    </display>
   </slot>
  </skin>
  <animation name="MiddleScreenCentr_mc" fadeInTime="0.3" duration="7" scale="1" loop="1" autoTween="NaN" tweenEasing="NaN">
   <timeline name="Layer 1" scale="1" offset="0">
    <frame z="0" duration="1">
     <transform x="0" y="0" skX="0" skY="0" scX="1" scY="1" pX="0" pY="0"/>
    </frame>
    <frame z="0" displayIndex="1" duration="1">
     <transform x="0" y="0" skX="0" skY="0" scX="1" scY="1" pX="0" pY="0"/>
    </frame>
    <frame z="0" displayIndex="2" duration="1">
     <transform x="0" y="0" skX="0" skY="0" scX="1" scY="1" pX="0" pY="0"/>
    </frame>
    <frame z="0" displayIndex="3" duration="1">
     <transform x="0" y="0" skX="0" skY="0" scX="1" scY="1" pX="0" pY="0"/>
    </frame>
    <frame z="0" displayIndex="4" duration="1">
     <transform x="0" y="0" skX="0" skY="0" scX="1" scY="1" pX="0" pY="0"/>
    </frame>
    <frame z="0" displayIndex="5" duration="1">
     <transform x="0" y="0" skX="0" skY="0" scX="1" scY="1" pX="0" pY="0"/>
    </frame>
    <frame z="0" displayIndex="6" duration="1">
     <transform x="0" y="0" skX="0" skY="0" scX="1" scY="1" pX="0" pY="0"/>
    </frame>
   </timeline>
  </animation>
 </armature>
</dragonBones>