<root name="CastFireStone_mc" isGlobal="0" frameRate="30" version="3.0">
 <armature name="CastFireStone_mc">
  <skin name="default">
   <slot name="Layer 1" z="0" parent="Layer 1">
    <display name="Shape/shape 6902" type="image">
     <transform pX="63" pY="63"/>
    </display>
    <display name="Shape/shape 6904" type="image">
     <transform pX="63" pY="63"/>
    </display>
    <display name="Shape/shape 6906" type="image">
     <transform pX="63" pY="63"/>
    </display>
    <display name="Shape/shape 6908" type="image">
     <transform pX="63" pY="63"/>
    </display>
    <display name="Shape/shape 6910" type="image">
     <transform pX="63" pY="63"/>
    </display>
    <display name="Shape/shape 6912" type="image">
     <transform pX="63" pY="63"/>
    </display>
    <display name="Shape/shape 6914" type="image">
     <transform pX="63" pY="63"/>
    </display>
    <display name="Shape/shape 6916" type="image">
     <transform pX="63" pY="63"/>
    </display>
    <display name="Shape/shape 6918" type="image">
     <transform pX="63" pY="63"/>
    </display>
    <display name="Shape/shape 6920" type="image">
     <transform pX="63" pY="63"/>
    </display>
    <display name="Shape/shape 6922" type="image">
     <transform pX="63" pY="63"/>
    </display>
    <display name="Shape/shape 6924" type="image">
     <transform pX="63" pY="63"/>
    </display>
    <display name="Shape/shape 6926" type="image">
     <transform pX="63" pY="63"/>
    </display>
    <display name="Shape/shape 6928" type="image">
     <transform pX="63" pY="63"/>
    </display>
    <display name="Shape/shape 6930" type="image">
     <transform pX="63" pY="63"/>
    </display>
    <display name="Shape/shape 6932" type="image">
     <transform pX="63" pY="63"/>
    </display>
    <display name="Shape/shape 6934" type="image">
     <transform pX="63" pY="63"/>
    </display>
    <display name="Shape/shape 6936" type="image">
     <transform pX="63" pY="63"/>
    </display>
   </slot>
  </skin>
  <bone name="Layer 1">
   <transform/>
  </bone>
  <animation name="CastFireStone_mc" fadeInTime="0.3" autoTween="NaN" duration="40" tweenEasing="NaN">
   <timeline name="Layer 1">
    <frame z="0" duration="1">
     <transform/>
    </frame>
    <frame displayIndex="1" z="0" duration="1">
     <transform/>
    </frame>
    <frame displayIndex="2" z="0" duration="1">
     <transform/>
    </frame>
    <frame displayIndex="3" z="0" duration="2">
     <transform/>
    </frame>
    <frame displayIndex="4" z="0" duration="2">
     <transform/>
    </frame>
    <frame displayIndex="5" z="0" duration="2">
     <transform/>
    </frame>
    <frame displayIndex="6" z="0" duration="2">
     <transform/>
    </frame>
    <frame displayIndex="7" z="0" duration="2">
     <transform/>
    </frame>
    <frame displayIndex="8" z="0" duration="3">
     <transform/>
    </frame>
    <frame displayIndex="9" z="0" duration="3">
     <transform/>
    </frame>
    <frame displayIndex="10" z="0" duration="3">
     <transform/>
    </frame>
    <frame displayIndex="11" z="0" duration="3">
     <transform/>
    </frame>
    <frame displayIndex="12" z="0" duration="3">
     <transform/>
    </frame>
    <frame displayIndex="13" z="0" duration="3">
     <transform/>
    </frame>
    <frame displayIndex="14" z="0" duration="2">
     <transform/>
    </frame>
    <frame displayIndex="15" z="0" duration="2">
     <transform/>
    </frame>
    <frame displayIndex="16" z="0" duration="2">
     <transform/>
    </frame>
    <frame displayIndex="17" z="0" duration="2">
     <transform/>
    </frame>
    <frame displayIndex="17" z="0" duration="1">
     <transform/>
    </frame>
   </timeline>
   <frame duration="39"/>
   <frame duration="1"/>
  </animation>
 </armature>
</root>