<dragonBones name="1yrt" frameRate="30" version="2.3">
 <armature name="icefreeze">
  <bone name="Layer 1">
   <transform x="0" y="0" skX="0" skY="0" scX="1" scY="1"/>
  </bone>
  <skin name="default">
   <slot name="Layer 1" parent="Layer 1" z="0">
    <display name="Shape/shape 7821" type="image">
     <transform x="0" y="0" skX="0" skY="0" scX="1" scY="1" pX="22.5" pY="26"/>
    </display>
    <display name="Shape/shape 7823" type="image">
     <transform x="0" y="0" skX="0" skY="0" scX="1" scY="1" pX="22.5" pY="26"/>
    </display>
    <display name="Shape/shape 7825" type="image">
     <transform x="0" y="0" skX="0" skY="0" scX="1" scY="1" pX="22.5" pY="26"/>
    </display>
    <display name="Shape/shape 7827" type="image">
     <transform x="0" y="0" skX="0" skY="0" scX="1" scY="1" pX="22.5" pY="26"/>
    </display>
    <display name="Shape/shape 7829" type="image">
     <transform x="0" y="0" skX="0" skY="0" scX="1" scY="1" pX="22.5" pY="26"/>
    </display>
    <display name="Shape/shape 7831" type="image">
     <transform x="0" y="0" skX="0" skY="0" scX="1" scY="1" pX="22.5" pY="26"/>
    </display>
    <display name="Shape/shape 7833" type="image">
     <transform x="0" y="0" skX="0" skY="0" scX="1" scY="1" pX="22.5" pY="26"/>
    </display>
    <display name="Shape/shape 7835" type="image">
     <transform x="0" y="0" skX="0" skY="0" scX="1" scY="1" pX="22.5" pY="26"/>
    </display>
    <display name="Shape/shape 7837" type="image">
     <transform x="0" y="0" skX="0" skY="0" scX="1" scY="1" pX="22.5" pY="26"/>
    </display>
    <display name="Shape/shape 7839" type="image">
     <transform x="0" y="0" skX="0" skY="0" scX="1" scY="1" pX="22.5" pY="26"/>
    </display>
    <display name="Shape/shape 7840" type="image">
     <transform x="0" y="0" skX="0" skY="0" scX="1" scY="1" pX="57" pY="72"/>
    </display>
    <display name="Shape/shape 7842" type="image">
     <transform x="0" y="0" skX="0" skY="0" scX="1" scY="1" pX="57" pY="72"/>
    </display>
    <display name="Shape/shape 7844" type="image">
     <transform x="0" y="0" skX="0" skY="0" scX="1" scY="1" pX="57" pY="72"/>
    </display>
    <display name="Shape/shape 7846" type="image">
     <transform x="0" y="0" skX="0" skY="0" scX="1" scY="1" pX="57" pY="72"/>
    </display>
    <display name="Shape/shape 7848" type="image">
     <transform x="0" y="0" skX="0" skY="0" scX="1" scY="1"/>
    </display>
    <display name="Shape/shape 7850" type="image">
     <transform x="0" y="0" skX="0" skY="0" scX="1" scY="1"/>
    </display>
    <display name="Shape/shape 7852" type="image">
     <transform x="0" y="0" skX="0" skY="0" scX="1" scY="1"/>
    </display>
   </slot>
  </skin>
  <animation name="icemanlive" fadeInTime="0.3" duration="45" scale="1" loop="1" autoTween="1" tweenEasing="NaN">
   <timeline name="Layer 1" scale="1" offset="0">
    <frame z="0" duration="45">
     <transform x="0" y="0" skX="0" skY="0" scX="1" scY="1" pX="0" pY="0"/>
    </frame>
   </timeline>
  </animation>
  <animation name="icemandead" fadeInTime="0.3" duration="25" scale="1" loop="1" autoTween="1" tweenEasing="NaN">
   <timeline name="Layer 1" scale="1" offset="0">
    <frame z="0" displayIndex="1" duration="2">
     <transform x="0" y="0" skX="0" skY="0" scX="1" scY="1" pX="0" pY="0"/>
    </frame>
    <frame z="0" displayIndex="2" duration="2">
     <transform x="0" y="0" skX="0" skY="0" scX="1" scY="1" pX="0" pY="0"/>
    </frame>
    <frame z="0" displayIndex="3" duration="2">
     <transform x="0" y="0" skX="0" skY="0" scX="1" scY="1" pX="0" pY="0"/>
    </frame>
    <frame z="0" displayIndex="4" duration="2">
     <transform x="0" y="0" skX="0" skY="0" scX="1" scY="1" pX="0" pY="0"/>
    </frame>
    <frame z="0" displayIndex="5" duration="2">
     <transform x="0" y="0" skX="0" skY="0" scX="1" scY="1" pX="0" pY="0"/>
    </frame>
    <frame z="0" displayIndex="6" duration="2">
     <transform x="0" y="0" skX="0" skY="0" scX="1" scY="1" pX="0" pY="0"/>
    </frame>
    <frame z="0" displayIndex="7" duration="2">
     <transform x="0" y="0" skX="0" skY="0" scX="1" scY="1" pX="0" pY="0"/>
    </frame>
    <frame z="0" displayIndex="8" duration="2">
     <transform x="0" y="0" skX="0" skY="0" scX="1" scY="1" pX="0" pY="0"/>
    </frame>
    <frame z="0" displayIndex="9" duration="2">
     <transform x="0" y="0" skX="0" skY="0" scX="1" scY="1" pX="0" pY="0"/>
    </frame>
    <frame z="0" displayIndex="10" duration="1">
     <transform x="0" y="0" skX="0" skY="0" scX="1" scY="1" pX="0" pY="0"/>
    </frame>
    <frame z="0" displayIndex="11" duration="1">
     <transform x="0" y="0" skX="0" skY="0" scX="1" scY="1" pX="0" pY="0"/>
    </frame>
    <frame z="0" displayIndex="12" duration="1">
     <transform x="0" y="0" skX="0" skY="0" scX="1" scY="1" pX="0" pY="0"/>
    </frame>
    <frame z="0" displayIndex="13" duration="1">
     <transform x="0" y="0" skX="0" skY="0" scX="1" scY="1" pX="0" pY="0"/>
    </frame>
    <frame z="0" displayIndex="14" duration="1">
     <transform x="0" y="0" skX="0" skY="0" scX="1" scY="1" pX="0" pY="0"/>
    </frame>
    <frame z="0" displayIndex="15" duration="1">
     <transform x="0" y="0" skX="0" skY="0" scX="1" scY="1" pX="0" pY="0"/>
    </frame>
    <frame z="0" displayIndex="16" duration="1">
     <transform x="0" y="0" skX="0" skY="0" scX="1" scY="1" pX="0" pY="0"/>
    </frame>
   </timeline>
  </animation>
 </armature>
</dragonBones>