<TextureAtlas name="icefreeze" imagePath="texture.png">
 <SubTexture name="Shape/shape 7821" x="240" y="147" width="46" height="53"/>
 <SubTexture name="Shape/shape 7823" x="336" y="147" width="46" height="53"/>
 <SubTexture name="Shape/shape 7825" x="48" y="147" width="46" height="53"/>
 <SubTexture name="Shape/shape 7827" x="384" y="147" width="46" height="53"/>
 <SubTexture name="Shape/shape 7829" x="0" y="147" width="46" height="53"/>
 <SubTexture name="Shape/shape 7831" x="96" y="147" width="46" height="53"/>
 <SubTexture name="Shape/shape 7833" x="432" y="147" width="46" height="53"/>
 <SubTexture name="Shape/shape 7835" x="288" y="147" width="46" height="53"/>
 <SubTexture name="Shape/shape 7837" x="192" y="147" width="46" height="53"/>
 <SubTexture name="Shape/shape 7839" x="144" y="147" width="46" height="53"/>
 <SubTexture name="Shape/shape 7840" x="0" y="0" width="115" height="145"/>
 <SubTexture name="Shape/shape 7842" x="234" y="0" width="115" height="145"/>
 <SubTexture name="Shape/shape 7844" x="351" y="0" width="115" height="145"/>
 <SubTexture name="Shape/shape 7846" x="117" y="0" width="115" height="145"/>
</TextureAtlas>