<TextureAtlas name="Level1_mc" imagePath="texture.png">
 <SubTexture name="Shape/shape 9964" x="0" y="0" width="840" height="604"/>
 <SubTexture name="case" x="842" y="89" width="50" height="50"/>
 <SubTexture name="Shape/shape 9075" x="969" y="76" width="19" height="24"/>
 <SubTexture name="Shape/shape 9085" x="969" y="50" width="19" height="24"/>
 <SubTexture name="Shape/shape 9089" x="1002" y="67" width="19" height="24"/>
 <SubTexture name="Shape/shape 9091" x="1002" y="93" width="19" height="24"/>
 <SubTexture name="__dbTextures/decoration/Masked Layer 3 - 2_1" x="904" y="190" width="13" height="7"/>
 <SubTexture name="__dbTextures/decoration/Masked Layer 3 - 2_2" x="903" y="216" width="9" height="6"/>
 <SubTexture name="__dbTextures/decoration/Masked Layer 3 - 2_3" x="917" y="199" width="13" height="7"/>
 <SubTexture name="__dbTextures/decoration/Masked Layer 3 - 2_4" x="990" y="146" width="10" height="6"/>
 <SubTexture name="__dbTextures/decoration/Masked Layer 3 - 2_5" x="1001" y="170" width="15" height="8"/>
 <SubTexture name="__dbTextures/decoration/Masked Layer 3 - 2_6" x="994" y="207" width="10" height="6"/>
 <SubTexture name="__dbTextures/decoration/Masked Layer 3 - 2_7" x="893" y="149" width="15" height="8"/>
 <SubTexture name="__dbTextures/decoration/Masked Layer 3 - 2_8" x="899" y="208" width="10" height="6"/>
 <SubTexture name="__dbTextures/decoration/Masked Layer 3 - 2_9" x="910" y="152" width="15" height="8"/>
 <SubTexture name="__dbTextures/decoration/Masked Layer 3 - 2_10" x="842" y="224" width="9" height="6"/>
 <SubTexture name="__dbTextures/decoration/Masked Layer 3 - 2_11" x="964" y="190" width="13" height="7"/>
 <SubTexture name="__dbTextures/decoration/Masked Layer 3 - 2_12" x="986" y="215" width="9" height="6"/>
 <SubTexture name="Shape/shape 9014" x="928" y="142" width="15" height="8"/>
 <SubTexture name="__dbTextures/decoration/Masked Layer 3 - 2_14" x="859" y="171" width="13" height="7"/>
 <SubTexture name="__dbTextures/decoration/Masked Layer 3 - 2_15" x="1010" y="223" width="9" height="6"/>
 <SubTexture name="__dbTextures/decoration/Masked Layer 3 - 2_16" x="842" y="181" width="13" height="7"/>
 <SubTexture name="__dbTextures/decoration/Masked Layer 3 - 2_17" x="954" y="130" width="10" height="6"/>
 <SubTexture name="__dbTextures/decoration/Masked Layer 3 - 2_18" x="894" y="99" width="15" height="8"/>
 <SubTexture name="__dbTextures/decoration/Masked Layer 3 - 2_19" x="990" y="154" width="10" height="6"/>
 <SubTexture name="__dbTextures/decoration/Masked Layer 3 - 2_20" x="842" y="161" width="15" height="8"/>
 <SubTexture name="__dbTextures/decoration/Masked Layer 3 - 2_21" x="952" y="178" width="10" height="6"/>
 <SubTexture name="__dbTextures/decoration/Masked Layer 3 - 2_22" x="842" y="171" width="15" height="8"/>
 <SubTexture name="__dbTextures/decoration/Masked Layer 3 - 2_23" x="1008" y="215" width="9" height="6"/>
 <SubTexture name="__dbTextures/decoration/Masked Layer 3 - 2_24" x="949" y="202" width="13" height="7"/>
 <SubTexture name="__dbTextures/decoration/Masked Layer 3 - 2_25" x="865" y="215" width="9" height="6"/>
 <SubTexture name="__dbTextures/decoration/Masked Layer 3 - 2_27" x="964" y="181" width="13" height="7"/>
 <SubTexture name="__dbTextures/decoration/Masked Layer 3 - 2_28" x="914" y="220" width="9" height="6"/>
 <SubTexture name="__dbTextures/decoration/Masked Layer 3 - 2_29" x="964" y="199" width="13" height="7"/>
 <SubTexture name="__dbTextures/decoration/Masked Layer 3 - 2_30" x="952" y="186" width="10" height="6"/>
 <SubTexture name="__dbTextures/decoration/Masked Layer 3 - 2_31" x="876" y="161" width="15" height="8"/>
 <SubTexture name="__dbTextures/decoration/Masked Layer 3 - 2_32" x="954" y="146" width="10" height="6"/>
 <SubTexture name="__dbTextures/decoration/Masked Layer 3 - 2_33" x="893" y="169" width="15" height="8"/>
 <SubTexture name="__dbTextures/decoration/Masked Layer 3 - 2_34" x="887" y="206" width="10" height="6"/>
 <SubTexture name="__dbTextures/decoration/Masked Layer 3 - 2_35" x="876" y="151" width="15" height="8"/>
 <SubTexture name="__dbTextures/decoration/Masked Layer 3 - 2_36" x="997" y="215" width="9" height="6"/>
 <SubTexture name="__dbTextures/decoration/Masked Layer 3 - 2_323" x="887" y="197" width="13" height="7"/>
 <SubTexture name="__dbTextures/decoration/Masked Layer 3 - 2_324" x="853" y="223" width="9" height="6"/>
 <SubTexture name="__dbTextures/decoration/Masked Layer 3 - 2_325" x="889" y="188" width="13" height="7"/>
 <SubTexture name="__dbTextures/decoration/Masked Layer 3 - 2_326" x="990" y="106" width="10" height="6"/>
 <SubTexture name="__dbTextures/decoration/Masked Layer 3 - 2_327" x="966" y="132" width="15" height="8"/>
 <SubTexture name="__dbTextures/decoration/Masked Layer 3 - 2_328" x="940" y="187" width="10" height="6"/>
 <SubTexture name="__dbTextures/decoration/Masked Layer 3 - 2_329" x="964" y="162" width="15" height="8"/>
 <SubTexture name="__dbTextures/decoration/Masked Layer 3 - 2_330" x="952" y="170" width="10" height="6"/>
 <SubTexture name="__dbTextures/decoration/Masked Layer 3 - 2_331" x="876" y="141" width="15" height="8"/>
 <SubTexture name="__dbTextures/decoration/Masked Layer 3 - 2_332" x="975" y="211" width="9" height="6"/>
 <SubTexture name="__dbTextures/decoration/Masked Layer 3 - 2_333" x="842" y="190" width="13" height="7"/>
 <SubTexture name="__dbTextures/decoration/Masked Layer 3 - 2_334" x="898" y="224" width="9" height="6"/>
 <SubTexture name="__dbTextures/decoration/Masked Layer 3 - 2_336" x="889" y="179" width="13" height="7"/>
 <SubTexture name="__dbTextures/decoration/Masked Layer 3 - 2_337" x="876" y="222" width="9" height="6"/>
 <SubTexture name="__dbTextures/decoration/Masked Layer 3 - 2_338" x="964" y="172" width="13" height="7"/>
 <SubTexture name="__dbTextures/decoration/Masked Layer 3 - 2_339" x="990" y="98" width="10" height="6"/>
 <SubTexture name="__dbTextures/decoration/Masked Layer 3 - 2_340" x="911" y="142" width="15" height="8"/>
 <SubTexture name="__dbTextures/decoration/Masked Layer 3 - 2_341" x="990" y="122" width="10" height="6"/>
 <SubTexture name="__dbTextures/decoration/Masked Layer 3 - 2_342" x="1002" y="160" width="15" height="8"/>
 <SubTexture name="__dbTextures/decoration/Masked Layer 3 - 2_343" x="842" y="208" width="10" height="6"/>
 <SubTexture name="__dbTextures/decoration/Masked Layer 3 - 2_344" x="1002" y="150" width="15" height="8"/>
 <SubTexture name="__dbTextures/decoration/Masked Layer 3 - 2_345" x="892" y="216" width="9" height="6"/>
 <SubTexture name="__dbTextures/decoration/Masked Layer 3 - 2_346" x="910" y="172" width="13" height="7"/>
 <SubTexture name="__dbTextures/decoration/Masked Layer 3 - 2_347" x="944" y="211" width="9" height="6"/>
 <SubTexture name="__dbTextures/decoration/Masked Layer 3 - 2_349" x="925" y="172" width="13" height="7"/>
 <SubTexture name="__dbTextures/decoration/Masked Layer 3 - 2_350" x="964" y="208" width="9" height="6"/>
 <SubTexture name="__dbTextures/decoration/Masked Layer 3 - 2_351" x="859" y="180" width="13" height="7"/>
 <SubTexture name="__dbTextures/decoration/Masked Layer 3 - 2_352" x="990" y="162" width="10" height="6"/>
 <SubTexture name="__dbTextures/decoration/Masked Layer 3 - 2_353" x="894" y="129" width="15" height="8"/>
 <SubTexture name="__dbTextures/decoration/Masked Layer 3 - 2_354" x="869" y="207" width="10" height="6"/>
 <SubTexture name="__dbTextures/decoration/Masked Layer 3 - 2_355" x="910" y="162" width="15" height="8"/>
 <SubTexture name="__dbTextures/decoration/Masked Layer 3 - 2_356" x="859" y="141" width="15" height="8"/>
 <SubTexture name="Shape/shape 9061" x="983" y="157" width="5" height="6"/>
 <SubTexture name="Shape/shape 9015" x="1014" y="189" width="6" height="6"/>
 <SubTexture name="Shape/shape 9110" x="979" y="175" width="6" height="7"/>
 <SubTexture name="Shape/shape 9016" x="983" y="149" width="5" height="6"/>
 <SubTexture name="Shape/shape 9111" x="944" y="160" width="6" height="8"/>
 <SubTexture name="Shape/shape 9119" x="983" y="131" width="5" height="7"/>
 <SubTexture name="Shape/shape 9123" x="1014" y="180" width="6" height="7"/>
 <SubTexture name="Shape/shape 9017" x="981" y="165" width="6" height="8"/>
 <SubTexture name="Shape/shape 9112" x="979" y="184" width="6" height="6"/>
 <SubTexture name="Shape/shape 9117" x="945" y="142" width="7" height="7"/>
 <SubTexture name="Shape/shape 9120" x="945" y="151" width="7" height="7"/>
 <SubTexture name="Shape/shape 9062" x="983" y="140" width="5" height="7"/>
 <SubTexture name="Shape/shape 9066" x="983" y="122" width="5" height="7"/>
 <SubTexture name="Shape/shape 9018" x="944" y="170" width="6" height="7"/>
 <SubTexture name="Shape/shape 9113" x="945" y="132" width="7" height="8"/>
 <SubTexture name="Shape/shape 9019" x="1018" y="170" width="4" height="7"/>
 <SubTexture name="Shape/shape 9114" x="990" y="69" width="10" height="9"/>
 <SubTexture name="Shape/shape 9115" x="979" y="192" width="6" height="6"/>
 <SubTexture name="Shape/shape 9121" x="1014" y="197" width="6" height="6"/>
 <SubTexture name="Shape/shape 9020" x="954" y="111" width="11" height="9"/>
 <SubTexture name="Shape/shape 9968" x="1007" y="22" width="10" height="22"/>
 <SubTexture name="Shape/shape 9969" x="842" y="0" width="68" height="87"/>
 <SubTexture name="Shape/shape 9967" x="912" y="0" width="93" height="48"/>
 <SubTexture name="__dbTextures/decoration1/Masked Layer 3 - 2_2" x="925" y="181" width="13" height="7"/>
 <SubTexture name="__dbTextures/decoration1/Masked Layer 3 - 2_3" x="842" y="216" width="9" height="6"/>
 <SubTexture name="__dbTextures/decoration1/Masked Layer 3 - 2_4" x="999" y="180" width="13" height="7"/>
 <SubTexture name="__dbTextures/decoration1/Masked Layer 3 - 2_5" x="954" y="138" width="10" height="6"/>
 <SubTexture name="__dbTextures/decoration1/Masked Layer 3 - 2_6" x="1002" y="140" width="15" height="8"/>
 <SubTexture name="__dbTextures/decoration1/Masked Layer 3 - 2_7" x="990" y="130" width="10" height="6"/>
 <SubTexture name="__dbTextures/decoration1/Masked Layer 3 - 2_8" x="966" y="122" width="15" height="8"/>
 <SubTexture name="__dbTextures/decoration1/Masked Layer 3 - 2_9" x="940" y="179" width="10" height="6"/>
 <SubTexture name="__dbTextures/decoration1/Masked Layer 3 - 2_10" x="911" y="132" width="15" height="8"/>
 <SubTexture name="__dbTextures/decoration1/Masked Layer 3 - 2_11" x="944" y="219" width="9" height="6"/>
 <SubTexture name="__dbTextures/decoration1/Masked Layer 3 - 2_12" x="902" y="199" width="13" height="7"/>
 <SubTexture name="__dbTextures/decoration1/Masked Layer 3 - 2_13" x="966" y="219" width="9" height="6"/>
 <SubTexture name="__dbTextures/decoration1/Masked Layer 3 - 2_15" x="910" y="181" width="13" height="7"/>
 <SubTexture name="__dbTextures/decoration1/Masked Layer 3 - 2_16" x="933" y="212" width="9" height="6"/>
 <SubTexture name="__dbTextures/decoration1/Masked Layer 3 - 2_17" x="842" y="199" width="13" height="7"/>
 <SubTexture name="__dbTextures/decoration1/Masked Layer 3 - 2_18" x="952" y="162" width="10" height="6"/>
 <SubTexture name="__dbTextures/decoration1/Masked Layer 3 - 2_19" x="859" y="161" width="15" height="8"/>
 <SubTexture name="__dbTextures/decoration1/Masked Layer 3 - 2_20" x="954" y="122" width="10" height="6"/>
 <SubTexture name="__dbTextures/decoration1/Masked Layer 3 - 2_21" x="842" y="141" width="15" height="8"/>
 <SubTexture name="__dbTextures/decoration1/Masked Layer 3 - 2_22" x="990" y="138" width="10" height="6"/>
 <SubTexture name="__dbTextures/decoration1/Masked Layer 3 - 2_23" x="842" y="151" width="15" height="8"/>
 <SubTexture name="__dbTextures/decoration1/Masked Layer 3 - 2_24" x="977" y="223" width="9" height="6"/>
 <SubTexture name="__dbTextures/decoration1/Masked Layer 3 - 2_25" x="857" y="189" width="13" height="7"/>
 <SubTexture name="__dbTextures/decoration1/Masked Layer 3 - 2_26" x="922" y="212" width="9" height="6"/>
 <SubTexture name="__dbTextures/decoration1/Masked Layer 3 - 2_28" x="857" y="198" width="13" height="7"/>
 <SubTexture name="__dbTextures/decoration1/Masked Layer 3 - 2_29" x="887" y="224" width="9" height="6"/>
 <SubTexture name="__dbTextures/decoration1/Masked Layer 3 - 2_30" x="872" y="189" width="13" height="7"/>
 <SubTexture name="__dbTextures/decoration1/Masked Layer 3 - 2_31" x="954" y="154" width="10" height="6"/>
 <SubTexture name="__dbTextures/decoration1/Masked Layer 3 - 2_32" x="859" y="151" width="15" height="8"/>
 <SubTexture name="__dbTextures/decoration1/Masked Layer 3 - 2_33" x="932" y="204" width="10" height="6"/>
 <SubTexture name="__dbTextures/decoration1/Masked Layer 3 - 2_34" x="927" y="152" width="15" height="8"/>
 <SubTexture name="__dbTextures/decoration1/Masked Layer 3 - 2_35" x="987" y="194" width="10" height="6"/>
 <SubTexture name="__dbTextures/decoration1/Masked Layer 3 - 2_36" x="966" y="152" width="15" height="8"/>
 <SubTexture name="__dbTextures/decoration1/Masked Layer 3 - 2_37" x="911" y="208" width="9" height="6"/>
 <SubTexture name="__dbTextures/decoration1/Masked Layer 3 - 2_267" x="874" y="180" width="13" height="7"/>
 <SubTexture name="__dbTextures/decoration1/Masked Layer 3 - 2_268" x="854" y="215" width="9" height="6"/>
 <SubTexture name="__dbTextures/decoration1/Masked Layer 3 - 2_269" x="919" y="190" width="13" height="7"/>
 <SubTexture name="__dbTextures/decoration1/Masked Layer 3 - 2_270" x="990" y="90" width="10" height="6"/>
 <SubTexture name="__dbTextures/decoration1/Masked Layer 3 - 2_271" x="927" y="162" width="15" height="8"/>
 <SubTexture name="__dbTextures/decoration1/Masked Layer 3 - 2_272" x="987" y="178" width="10" height="6"/>
 <SubTexture name="__dbTextures/decoration1/Masked Layer 3 - 2_273" x="894" y="89" width="15" height="8"/>
 <SubTexture name="__dbTextures/decoration1/Masked Layer 3 - 2_274" x="987" y="186" width="10" height="6"/>
 <SubTexture name="__dbTextures/decoration1/Masked Layer 3 - 2_275" x="894" y="139" width="15" height="8"/>
 <SubTexture name="__dbTextures/decoration1/Masked Layer 3 - 2_276" x="864" y="223" width="9" height="6"/>
 <SubTexture name="__dbTextures/decoration1/Masked Layer 3 - 2_277" x="999" y="198" width="13" height="7"/>
 <SubTexture name="__dbTextures/decoration1/Masked Layer 3 - 2_278" x="999" y="223" width="9" height="6"/>
 <SubTexture name="__dbTextures/decoration1/Masked Layer 3 - 2_280" x="934" y="195" width="13" height="7"/>
 <SubTexture name="__dbTextures/decoration1/Masked Layer 3 - 2_281" x="955" y="216" width="9" height="6"/>
 <SubTexture name="__dbTextures/decoration1/Masked Layer 3 - 2_282" x="979" y="202" width="13" height="7"/>
 <SubTexture name="__dbTextures/decoration1/Masked Layer 3 - 2_283" x="1006" y="207" width="10" height="6"/>
 <SubTexture name="__dbTextures/decoration1/Masked Layer 3 - 2_284" x="893" y="159" width="15" height="8"/>
 <SubTexture name="__dbTextures/decoration1/Masked Layer 3 - 2_285" x="989" y="170" width="10" height="6"/>
 <SubTexture name="__dbTextures/decoration1/Masked Layer 3 - 2_286" x="894" y="119" width="15" height="8"/>
 <SubTexture name="__dbTextures/decoration1/Masked Layer 3 - 2_287" x="857" y="207" width="10" height="6"/>
 <SubTexture name="__dbTextures/decoration1/Masked Layer 3 - 2_288" x="928" y="132" width="15" height="8"/>
 <SubTexture name="__dbTextures/decoration1/Masked Layer 3 - 2_289" x="988" y="223" width="9" height="6"/>
 <SubTexture name="__dbTextures/decoration1/Masked Layer 3 - 2_290" x="999" y="189" width="13" height="7"/>
 <SubTexture name="__dbTextures/decoration1/Masked Layer 3 - 2_291" x="925" y="220" width="9" height="6"/>
 <SubTexture name="__dbTextures/decoration1/Masked Layer 3 - 2_293" x="872" y="198" width="13" height="7"/>
 <SubTexture name="__dbTextures/decoration1/Masked Layer 3 - 2_294" x="881" y="214" width="9" height="6"/>
 <SubTexture name="__dbTextures/decoration1/Masked Layer 3 - 2_295" x="874" y="171" width="13" height="7"/>
 <SubTexture name="__dbTextures/decoration1/Masked Layer 3 - 2_296" x="990" y="114" width="10" height="6"/>
 <SubTexture name="__dbTextures/decoration1/Masked Layer 3 - 2_297" x="1002" y="130" width="15" height="8"/>
 <SubTexture name="__dbTextures/decoration1/Masked Layer 3 - 2_298" x="952" y="194" width="10" height="6"/>
 <SubTexture name="__dbTextures/decoration1/Masked Layer 3 - 2_299" x="894" y="109" width="15" height="8"/>
 <SubTexture name="__dbTextures/decoration1/Masked Layer 3 - 2_300" x="966" y="142" width="15" height="8"/>
 <SubTexture name="Shape/shape 9976" x="936" y="227" width="9" height="4"/>
 <SubTexture name="Shape/shape 9979" x="955" y="224" width="9" height="4"/>
 <SubTexture name="Shape/shape 9977" x="1002" y="119" width="19" height="9"/>
 <SubTexture name="Shape/shape 9980" x="990" y="80" width="10" height="8"/>
 <SubTexture name="Shape/shape 9982" x="990" y="50" width="10" height="17"/>
 <SubTexture name="Shape/shape 9983" x="954" y="100" width="12" height="9"/>
 <SubTexture name="Shape/shape 9032" x="904" y="179" width="4" height="7"/>
 <SubTexture name="Shape/shape 9974" x="1007" y="46" width="10" height="19"/>
 <SubTexture name="Shape/shape 9984" x="1007" y="0" width="15" height="20"/>
 <SubTexture name="Shape/shape 9971" x="912" y="50" width="55" height="48"/>
 <SubTexture name="Shape/shape 9973" x="968" y="102" width="20" height="18"/>
 <SubTexture name="Shape/shape 9972" x="911" y="100" width="41" height="30"/>
</TextureAtlas>