<root name="Exchange1_mc" isGlobal="0" frameRate="30" version="3.0">
 <armature name="Exchange1_mc">
  <skin name="default">
   <slot name="cont" z="0" parent="cont">
    <display name="Shape/shape 8576" type="image">
     <transform x="0" pX="26" pY="26" skX="0" skY="0" scX="1" y="0" scY="1"/>
    </display>
    <display name="Shape/shape 8580" type="image">
     <transform x="0" pX="26" pY="26" skX="0" skY="0" scX="1" y="0" scY="1"/>
    </display>
    <display name="Shape/shape 8582" type="image">
     <transform x="0" pX="26" pY="26" skX="0" skY="0" scX="1" y="0" scY="1"/>
    </display>
    <display name="Shape/shape 8584" type="image">
     <transform x="0" pX="26" pY="26" skX="0" skY="0" scX="1" y="0" scY="1"/>
    </display>
    <display name="Shape/shape 8586" type="image">
     <transform x="0" pX="26" pY="26" skX="0" skY="0" scX="1" y="0" scY="1"/>
    </display>
    <display name="Shape/shape 8588" type="image">
     <transform x="0" pX="26" pY="26" skX="0" skY="0" scX="1" y="0" scY="1"/>
    </display>
    <display name="Shape/shape 8590" type="image">
     <transform x="0" pX="26" pY="26" skX="0" skY="0" scX="1" y="0" scY="1"/>
    </display>
    <display name="Shape/shape 8592" type="image">
     <transform x="0" pX="26" pY="26" skX="0" skY="0" scX="1" y="0" scY="1"/>
    </display>
    <display name="Shape/shape 8594" type="image">
     <transform x="0" pX="26" pY="26" skX="0" skY="0" scX="1" y="0" scY="1"/>
    </display>
    <display name="Shape/shape 8596" type="image">
     <transform x="0" pX="26" pY="26" skX="0" skY="0" scX="1" y="0" scY="1"/>
    </display>
    <display name="Shape/shape 8598" type="image">
     <transform x="0" pX="26" pY="26" skX="0" skY="0" scX="1" y="0" scY="1"/>
    </display>
    <display name="Shape/shape 8600" type="image">
     <transform x="0" pX="26" pY="26" skX="0" skY="0" scX="1" y="0" scY="1"/>
    </display>
    <display name="Shape/shape 8602" type="image">
     <transform x="0" pX="26" pY="26" skX="0" skY="0" scX="1" y="0" scY="1"/>
    </display>
    <display name="Shape/shape 8604" type="image">
     <transform x="0" pX="26" pY="26" skX="0" skY="0" scX="1" y="0" scY="1"/>
    </display>
    <display name="Shape/shape 8606" type="image">
     <transform x="0" pX="26" pY="26" skX="0" skY="0" scX="1" y="0" scY="1"/>
    </display>
    <display name="Shape/shape 8608" type="image">
     <transform x="0" pX="26" pY="26" skX="0" skY="0" scX="1" y="0" scY="1"/>
    </display>
    <display name="Shape/shape 8610" type="image">
     <transform x="0" pX="26" pY="26" skX="0" skY="0" scX="1" y="0" scY="1"/>
    </display>
    <display name="Shape/shape 8612" type="image">
     <transform x="0" pX="26" pY="26" skX="0" skY="0" scX="1" y="0" scY="1"/>
    </display>
    <display name="Shape/shape 8614" type="image">
     <transform x="0" pX="26" pY="26" skX="0" skY="0" scX="1" y="0" scY="1"/>
    </display>
    <display name="Shape/shape 8616" type="image">
     <transform x="0" pX="26" pY="26" skX="0" skY="0" scX="1" y="0" scY="1"/>
    </display>
    <display name="Shape/shape 8618" type="image">
     <transform x="0" pX="26" pY="26" skX="0" skY="0" scX="1" y="0" scY="1"/>
    </display>
    <display name="Shape/shape 8620" type="image">
     <transform x="0" pX="26" pY="26" skX="0" skY="0" scX="1" y="0" scY="1"/>
    </display>
    <display name="Shape/shape 8622" type="image">
     <transform x="0" pX="26" pY="26" skX="0" skY="0" scX="1" y="0" scY="1"/>
    </display>
    <display name="Shape/shape 8624" type="image">
     <transform x="0" pX="26" pY="26" skX="0" skY="0" scX="1" y="0" scY="1"/>
    </display>
    <display name="Shape/shape 8626" type="image">
     <transform x="0" pX="26" pY="26" skX="0" skY="0" scX="1" y="0" scY="1"/>
    </display>
    <display name="Shape/shape 8628" type="image">
     <transform x="0" pX="26" pY="26" skX="0" skY="0" scX="1" y="0" scY="1"/>
    </display>
    <display name="Shape/shape 8630" type="image">
     <transform x="0" pX="26" pY="26" skX="0" skY="0" scX="1" y="0" scY="1"/>
    </display>
    <display name="Shape/shape 8632" type="image">
     <transform x="0" pX="26" pY="26" skX="0" skY="0" scX="1" y="0" scY="1"/>
    </display>
    <display name="Shape/shape 8634" type="image">
     <transform x="0" pX="26" pY="26" skX="0" skY="0" scX="1" y="0" scY="1"/>
    </display>
    <display name="Shape/shape 8636" type="image">
     <transform x="0" pX="26" pY="26" skX="0" skY="0" scX="1" y="0" scY="1"/>
    </display>
   </slot>
   <slot name="cross" z="1" parent="cross">
    <display name="cross" type="image">
     <transform x="0" pX="27.5" pY="27.5" skX="0" skY="0" scX="1" y="0" scY="1"/>
    </display>
   </slot>
   <slot name="exchangeCase" z="2" parent="exchangeCase">
    <display name="case" type="image">
     <transform x="0" pX="25" pY="25" skX="0" skY="0" scX="1" y="0" scY="1"/>
    </display>
   </slot>
  </skin>
  <bone name="cont">
   <transform y="0" skY="0" x="0" scX="1" skX="0" scY="1"/>
  </bone>
  <bone name="cross">
   <transform y="12" skY="0" x="0" scX="1" skX="0" scY="1"/>
  </bone>
  <bone name="exchangeCase">
   <transform y="0" skY="0" x="0" scX="0.6" skX="0" scY="0.6"/>
  </bone>
  <animation name="Exchange1_mc" scale="1" loop="1" duration="61" autoTween="NaN" fadeInTime="0.3" tweenEasing="NaN">
   <timeline name="cont" scale="1" pX="0" pY="0" offset="0">
    <frame z="0" duration="2">
     <transform x="0" pX="0" pY="0" skX="0" skY="0" scX="1" y="0" scY="1"/>
    </frame>
    <frame displayIndex="1" z="0" duration="2">
     <transform x="0" pX="0" pY="0" skX="0" skY="0" scX="1" y="0" scY="1"/>
    </frame>
    <frame displayIndex="2" z="0" duration="2">
     <transform x="0" pX="0" pY="0" skX="0" skY="0" scX="1" y="0" scY="1"/>
    </frame>
    <frame displayIndex="3" z="0" duration="2">
     <transform x="0" pX="0" pY="0" skX="0" skY="0" scX="1" y="0" scY="1"/>
    </frame>
    <frame displayIndex="4" z="0" duration="2">
     <transform x="0" pX="0" pY="0" skX="0" skY="0" scX="1" y="0" scY="1"/>
    </frame>
    <frame displayIndex="5" z="0" duration="2">
     <transform x="0" pX="0" pY="0" skX="0" skY="0" scX="1" y="0" scY="1"/>
    </frame>
    <frame displayIndex="6" z="0" duration="2">
     <transform x="0" pX="0" pY="0" skX="0" skY="0" scX="1" y="0" scY="1"/>
    </frame>
    <frame displayIndex="7" z="0" duration="2">
     <transform x="0" pX="0" pY="0" skX="0" skY="0" scX="1" y="0" scY="1"/>
    </frame>
    <frame displayIndex="8" z="0" duration="2">
     <transform x="0" pX="0" pY="0" skX="0" skY="0" scX="1" y="0" scY="1"/>
    </frame>
    <frame displayIndex="9" z="0" duration="2">
     <transform x="0" pX="0" pY="0" skX="0" skY="0" scX="1" y="0" scY="1"/>
    </frame>
    <frame displayIndex="10" z="0" duration="2">
     <transform x="0" pX="0" pY="0" skX="0" skY="0" scX="1" y="0" scY="1"/>
    </frame>
    <frame displayIndex="11" z="0" duration="2">
     <transform x="0" pX="0" pY="0" skX="0" skY="0" scX="1" y="0" scY="1"/>
    </frame>
    <frame displayIndex="12" z="0" duration="2">
     <transform x="0" pX="0" pY="0" skX="0" skY="0" scX="1" y="0" scY="1"/>
    </frame>
    <frame displayIndex="13" z="0" duration="2">
     <transform x="0" pX="0" pY="0" skX="0" skY="0" scX="1" y="0" scY="1"/>
    </frame>
    <frame displayIndex="14" z="0" duration="2">
     <transform x="0" pX="0" pY="0" skX="0" skY="0" scX="1" y="0" scY="1"/>
    </frame>
    <frame displayIndex="15" z="0" duration="2">
     <transform x="0" pX="0" pY="0" skX="0" skY="0" scX="1" y="0" scY="1"/>
    </frame>
    <frame displayIndex="16" z="0" duration="2">
     <transform x="0" pX="0" pY="0" skX="0" skY="0" scX="1" y="0" scY="1"/>
    </frame>
    <frame displayIndex="17" z="0" duration="2">
     <transform x="0" pX="0" pY="0" skX="0" skY="0" scX="1" y="0" scY="1"/>
    </frame>
    <frame displayIndex="18" z="0" duration="2">
     <transform x="0" pX="0" pY="0" skX="0" skY="0" scX="1" y="0" scY="1"/>
    </frame>
    <frame displayIndex="19" z="0" duration="2">
     <transform x="0" pX="0" pY="0" skX="0" skY="0" scX="1" y="0" scY="1"/>
    </frame>
    <frame displayIndex="20" z="0" duration="2">
     <transform x="0" pX="0" pY="0" skX="0" skY="0" scX="1" y="0" scY="1"/>
    </frame>
    <frame displayIndex="21" z="0" duration="2">
     <transform x="0" pX="0" pY="0" skX="0" skY="0" scX="1" y="0" scY="1"/>
    </frame>
    <frame displayIndex="22" z="0" duration="2">
     <transform x="0" pX="0" pY="0" skX="0" skY="0" scX="1" y="0" scY="1"/>
    </frame>
    <frame displayIndex="23" z="0" duration="2">
     <transform x="0" pX="0" pY="0" skX="0" skY="0" scX="1" y="0" scY="1"/>
    </frame>
    <frame displayIndex="24" z="0" duration="2">
     <transform x="0" pX="0" pY="0" skX="0" skY="0" scX="1" y="0" scY="1"/>
    </frame>
    <frame displayIndex="25" z="0" duration="2">
     <transform x="0" pX="0" pY="0" skX="0" skY="0" scX="1" y="0" scY="1"/>
    </frame>
    <frame displayIndex="26" z="0" duration="2">
     <transform x="0" pX="0" pY="0" skX="0" skY="0" scX="1" y="0" scY="1"/>
    </frame>
    <frame displayIndex="27" z="0" duration="2">
     <transform x="0" pX="0" pY="0" skX="0" skY="0" scX="1" y="0" scY="1"/>
    </frame>
    <frame displayIndex="28" z="0" duration="2">
     <transform x="0" pX="0" pY="0" skX="0" skY="0" scX="1" y="0" scY="1"/>
    </frame>
    <frame displayIndex="29" z="0" duration="2">
     <transform x="0" pX="0" pY="0" skX="0" skY="0" scX="1" y="0" scY="1"/>
    </frame>
    <frame displayIndex="29" z="0" duration="1">
     <transform x="0" pX="0" pY="0" skX="0" skY="0" scX="1" y="0" scY="1"/>
    </frame>
   </timeline>
   <timeline name="cross" scale="1" pX="0" pY="0" offset="0">
    <frame z="0" duration="60">
     <transform x="0" pX="0" pY="0" skX="0" skY="0" scX="1" y="0" scY="1"/>
    </frame>
    <frame z="0" duration="1">
     <transform x="0" pX="0" pY="0" skX="0" skY="0" scX="1" y="0" scY="1"/>
    </frame>
   </timeline>
   <timeline name="exchangeCase" scale="1" pX="0" pY="0" offset="0">
    <frame z="0" duration="60">
     <transform x="0" pX="0" pY="0" skX="0" skY="0" scX="1" y="0" scY="1"/>
    </frame>
    <frame z="0" duration="1">
     <transform x="0" pX="0" pY="0" skX="0" skY="0" scX="1" y="0" scY="1"/>
    </frame>
   </timeline>
  </animation>
 </armature>
</root>