<TextureAtlas name="Exchange1_mc" imagePath="texture.png">
 <SubTexture name="Shape/shape 8576" x="114" y="114" width="55" height="55"/>
 <SubTexture name="Shape/shape 8580" x="0" y="0" width="55" height="55"/>
 <SubTexture name="Shape/shape 8582" x="0" y="171" width="55" height="55"/>
 <SubTexture name="Shape/shape 8584" x="342" y="171" width="55" height="55"/>
 <SubTexture name="Shape/shape 8586" x="0" y="57" width="55" height="55"/>
 <SubTexture name="Shape/shape 8588" x="171" y="171" width="55" height="55"/>
 <SubTexture name="Shape/shape 8590" x="342" y="57" width="55" height="55"/>
 <SubTexture name="Shape/shape 8592" x="171" y="57" width="55" height="55"/>
 <SubTexture name="Shape/shape 8594" x="57" y="0" width="55" height="55"/>
 <SubTexture name="Shape/shape 8596" x="171" y="0" width="55" height="55"/>
 <SubTexture name="Shape/shape 8598" x="114" y="57" width="55" height="55"/>
 <SubTexture name="Shape/shape 8600" x="0" y="114" width="55" height="55"/>
 <SubTexture name="Shape/shape 8602" x="114" y="171" width="55" height="55"/>
 <SubTexture name="Shape/shape 8604" x="285" y="0" width="55" height="55"/>
 <SubTexture name="Shape/shape 8606" x="285" y="114" width="55" height="55"/>
 <SubTexture name="Shape/shape 8608" x="171" y="114" width="55" height="55"/>
 <SubTexture name="Shape/shape 8610" x="114" y="0" width="55" height="55"/>
 <SubTexture name="Shape/shape 8612" x="285" y="57" width="55" height="55"/>
 <SubTexture name="Shape/shape 8614" x="57" y="171" width="55" height="55"/>
 <SubTexture name="Shape/shape 8616" x="399" y="57" width="55" height="55"/>
 <SubTexture name="Shape/shape 8618" x="57" y="57" width="55" height="55"/>
 <SubTexture name="Shape/shape 8620" x="228" y="114" width="55" height="55"/>
 <SubTexture name="Shape/shape 8622" x="228" y="0" width="55" height="55"/>
 <SubTexture name="Shape/shape 8624" x="285" y="171" width="55" height="55"/>
 <SubTexture name="Shape/shape 8626" x="342" y="114" width="55" height="55"/>
 <SubTexture name="Shape/shape 8628" x="57" y="114" width="55" height="55"/>
 <SubTexture name="Shape/shape 8630" x="342" y="0" width="55" height="55"/>
 <SubTexture name="Shape/shape 8632" x="399" y="0" width="55" height="55"/>
 <SubTexture name="Shape/shape 8634" x="228" y="57" width="55" height="55"/>
 <SubTexture name="Shape/shape 8636" x="399" y="114" width="55" height="55"/>
 <SubTexture name="cross" x="228" y="171" width="55" height="55"/>
 <SubTexture name="case" x="456" y="0" width="50" height="50"/>
</TextureAtlas>