<TextureAtlas name="Unit8_mc" imagePath="texture.png">
 <SubTexture name="dust4" x="52" y="52" width="50" height="50"/>
 <SubTexture name="selectUnit" x="104" y="156" width="50" height="50"/>
 <SubTexture name="sprite 7652" x="104" y="0" width="50" height="50"/>
 <SubTexture name="healthBar" x="156" y="156" width="50" height="50"/>
 <SubTexture name="armor" x="0" y="156" width="50" height="50"/>
 <SubTexture name="iceEffect" x="156" y="0" width="50" height="50"/>
 <SubTexture name="fireEffect" x="156" y="52" width="50" height="50"/>
 <SubTexture name="iceFreez" x="0" y="0" width="50" height="50"/>
 <SubTexture name="levinattack" x="0" y="260" width="50" height="50"/>
 <SubTexture name="iceattack" x="0" y="52" width="50" height="50"/>
 <SubTexture name="fireattack" x="52" y="208" width="50" height="50"/>
 <SubTexture name="dust3" x="52" y="0" width="50" height="50"/>
 <SubTexture name="dust2" x="156" y="208" width="50" height="50"/>
 <SubTexture name="dust1" x="0" y="208" width="50" height="50"/>
 <SubTexture name="buffSpeed" x="156" y="104" width="50" height="50"/>
 <SubTexture name="airShock" x="104" y="52" width="50" height="50"/>
 <SubTexture name="buffHP" x="104" y="208" width="50" height="50"/>
 <SubTexture name="iceDeath" x="52" y="156" width="50" height="50"/>
 <SubTexture name="stonedeath" x="0" y="104" width="50" height="50"/>
 <SubTexture name="levindeath" x="104" y="104" width="50" height="50"/>
 <SubTexture name="case" x="52" y="104" width="50" height="50"/>
 <SubTexture name="Shape/shape 2616" x="52" y="260" width="33" height="33"/>
 <SubTexture name="Shape/shape 2618" x="208" y="250" width="33" height="33"/>
 <SubTexture name="Shape/shape 2620" x="208" y="180" width="33" height="33"/>
 <SubTexture name="Shape/shape 2622" x="208" y="215" width="33" height="33"/>
 <SubTexture name="Shape/shape 2624" x="87" y="260" width="33" height="33"/>
 <SubTexture name="Shape/shape 2626" x="208" y="72" width="35" height="34"/>
 <SubTexture name="Shape/shape 2628" x="208" y="36" width="35" height="34"/>
 <SubTexture name="Shape/shape 2630" x="208" y="108" width="35" height="34"/>
 <SubTexture name="Shape/shape 2632" x="208" y="0" width="35" height="34"/>
 <SubTexture name="Shape/shape 2634" x="208" y="144" width="35" height="34"/>
</TextureAtlas>