<dragonBones name="yrt" frameRate="30" version="2.3">
 <armature name="buffhp">
  <bone name="Layer 1">
   <transform x="0" y="0" skX="0" skY="0" scX="1" scY="1"/>
  </bone>
  <skin name="default">
   <slot name="Layer 1" parent="Layer 1" z="0">
    <display name="Shape/shape 8072" type="image">
     <transform x="0" y="0" skX="0" skY="0" scX="1" scY="1" pX="16" pY="27"/>
    </display>
    <display name="Shape/shape 8074" type="image">
     <transform x="0" y="0" skX="0" skY="0" scX="1" scY="1" pX="16" pY="27"/>
    </display>
    <display name="Shape/shape 8076" type="image">
     <transform x="0" y="0" skX="0" skY="0" scX="1" scY="1" pX="16" pY="27"/>
    </display>
    <display name="Shape/shape 8078" type="image">
     <transform x="0" y="0" skX="0" skY="0" scX="1" scY="1" pX="16" pY="27"/>
    </display>
    <display name="Shape/shape 8080" type="image">
     <transform x="0" y="0" skX="0" skY="0" scX="1" scY="1" pX="16" pY="27"/>
    </display>
    <display name="Shape/shape 8082" type="image">
     <transform x="0" y="0" skX="0" skY="0" scX="1" scY="1" pX="16" pY="27"/>
    </display>
    <display name="Shape/shape 8084" type="image">
     <transform x="0" y="0" skX="0" skY="0" scX="1" scY="1" pX="16" pY="27"/>
    </display>
    <display name="Shape/shape 8086" type="image">
     <transform x="0" y="0" skX="0" skY="0" scX="1" scY="1" pX="16" pY="27"/>
    </display>
    <display name="Shape/shape 8088" type="image">
     <transform x="0" y="0" skX="0" skY="0" scX="1" scY="1" pX="16" pY="27"/>
    </display>
    <display name="Shape/shape 8090" type="image">
     <transform x="0" y="0" skX="0" skY="0" scX="1" scY="1" pX="16" pY="27"/>
    </display>
    <display name="Shape/shape 8092" type="image">
     <transform x="0" y="0" skX="0" skY="0" scX="1" scY="1" pX="16" pY="27"/>
    </display>
    <display name="Shape/shape 8094" type="image">
     <transform x="0" y="0" skX="0" skY="0" scX="1" scY="1" pX="16" pY="27"/>
    </display>
    <display name="Shape/shape 8096" type="image">
     <transform x="0" y="0" skX="0" skY="0" scX="1" scY="1" pX="16" pY="27"/>
    </display>
    <display name="Shape/shape 8098" type="image">
     <transform x="0" y="0" skX="0" skY="0" scX="1" scY="1" pX="16" pY="27"/>
    </display>
    <display name="Shape/shape 8100" type="image">
     <transform x="0" y="0" skX="0" skY="0" scX="1" scY="1" pX="16" pY="27"/>
    </display>
    <display name="Shape/shape 8102" type="image">
     <transform x="0" y="0" skX="0" skY="0" scX="1" scY="1" pX="16" pY="27"/>
    </display>
    <display name="Shape/shape 8104" type="image">
     <transform x="0" y="0" skX="0" skY="0" scX="1" scY="1" pX="16" pY="27"/>
    </display>
    <display name="Shape/shape 8106" type="image">
     <transform x="0" y="0" skX="0" skY="0" scX="1" scY="1" pX="16" pY="27"/>
    </display>
    <display name="Shape/shape 8108" type="image">
     <transform x="0" y="0" skX="0" skY="0" scX="1" scY="1" pX="16" pY="27"/>
    </display>
    <display name="Shape/shape 8110" type="image">
     <transform x="0" y="0" skX="0" skY="0" scX="1" scY="1" pX="16" pY="27"/>
    </display>
    <display name="Shape/shape 8112" type="image">
     <transform x="0" y="0" skX="0" skY="0" scX="1" scY="1" pX="16" pY="27"/>
    </display>
    <display name="Shape/shape 8114" type="image">
     <transform x="0" y="0" skX="0" skY="0" scX="1" scY="1" pX="16" pY="27"/>
    </display>
    <display name="Shape/shape 8116" type="image">
     <transform x="0" y="0" skX="0" skY="0" scX="1" scY="1" pX="16" pY="27"/>
    </display>
    <display name="Shape/shape 8118" type="image">
     <transform x="0" y="0" skX="0" skY="0" scX="1" scY="1" pX="16" pY="27"/>
    </display>
    <display name="Shape/shape 8120" type="image">
     <transform x="0" y="0" skX="0" skY="0" scX="1" scY="1" pX="16" pY="27"/>
    </display>
   </slot>
  </skin>
  <animation name="buffhp" fadeInTime="0.3" duration="25" scale="1" loop="1" autoTween="1" tweenEasing="NaN">
   <timeline name="Layer 1" scale="1" offset="0">
    <frame z="0" duration="1">
     <transform x="0" y="0" skX="0" skY="0" scX="1" scY="1" pX="0" pY="0"/>
    </frame>
    <frame z="0" displayIndex="1" duration="1">
     <transform x="0" y="0" skX="0" skY="0" scX="1" scY="1" pX="0" pY="0"/>
    </frame>
    <frame z="0" displayIndex="2" duration="1">
     <transform x="0" y="0" skX="0" skY="0" scX="1" scY="1" pX="0" pY="0"/>
    </frame>
    <frame z="0" displayIndex="3" duration="1">
     <transform x="0" y="0" skX="0" skY="0" scX="1" scY="1" pX="0" pY="0"/>
    </frame>
    <frame z="0" displayIndex="4" duration="1">
     <transform x="0" y="0" skX="0" skY="0" scX="1" scY="1" pX="0" pY="0"/>
    </frame>
    <frame z="0" displayIndex="5" duration="1">
     <transform x="0" y="0" skX="0" skY="0" scX="1" scY="1" pX="0" pY="0"/>
    </frame>
    <frame z="0" displayIndex="6" duration="1">
     <transform x="0" y="0" skX="0" skY="0" scX="1" scY="1" pX="0" pY="0"/>
    </frame>
    <frame z="0" displayIndex="7" duration="1">
     <transform x="0" y="0" skX="0" skY="0" scX="1" scY="1" pX="0" pY="0"/>
    </frame>
    <frame z="0" displayIndex="8" duration="1">
     <transform x="0" y="0" skX="0" skY="0" scX="1" scY="1" pX="0" pY="0"/>
    </frame>
    <frame z="0" displayIndex="9" duration="1">
     <transform x="0" y="0" skX="0" skY="0" scX="1" scY="1" pX="0" pY="0"/>
    </frame>
    <frame z="0" displayIndex="10" duration="1">
     <transform x="0" y="0" skX="0" skY="0" scX="1" scY="1" pX="0" pY="0"/>
    </frame>
    <frame z="0" displayIndex="11" duration="1">
     <transform x="0" y="0" skX="0" skY="0" scX="1" scY="1" pX="0" pY="0"/>
    </frame>
    <frame z="0" displayIndex="12" duration="1">
     <transform x="0" y="0" skX="0" skY="0" scX="1" scY="1" pX="0" pY="0"/>
    </frame>
    <frame z="0" displayIndex="13" duration="1">
     <transform x="0" y="0" skX="0" skY="0" scX="1" scY="1" pX="0" pY="0"/>
    </frame>
    <frame z="0" displayIndex="14" duration="1">
     <transform x="0" y="0" skX="0" skY="0" scX="1" scY="1" pX="0" pY="0"/>
    </frame>
    <frame z="0" displayIndex="15" duration="1">
     <transform x="0" y="0" skX="0" skY="0" scX="1" scY="1" pX="0" pY="0"/>
    </frame>
    <frame z="0" displayIndex="16" duration="1">
     <transform x="0" y="0" skX="0" skY="0" scX="1" scY="1" pX="0" pY="0"/>
    </frame>
    <frame z="0" displayIndex="17" duration="1">
     <transform x="0" y="0" skX="0" skY="0" scX="1" scY="1" pX="0" pY="0"/>
    </frame>
    <frame z="0" displayIndex="18" duration="1">
     <transform x="0" y="0" skX="0" skY="0" scX="1" scY="1" pX="0" pY="0"/>
    </frame>
    <frame z="0" displayIndex="19" duration="1">
     <transform x="0" y="0" skX="0" skY="0" scX="1" scY="1" pX="0" pY="0"/>
    </frame>
    <frame z="0" displayIndex="20" duration="1">
     <transform x="0" y="0" skX="0" skY="0" scX="1" scY="1" pX="0" pY="0"/>
    </frame>
    <frame z="0" displayIndex="21" duration="1">
     <transform x="0" y="0" skX="0" skY="0" scX="1" scY="1" pX="0" pY="0"/>
    </frame>
    <frame z="0" displayIndex="22" duration="1">
     <transform x="0" y="0" skX="0" skY="0" scX="1" scY="1" pX="0" pY="0"/>
    </frame>
    <frame z="0" displayIndex="23" duration="1">
     <transform x="0" y="0" skX="0" skY="0" scX="1" scY="1" pX="0" pY="0"/>
    </frame>
    <frame z="0" displayIndex="24" duration="1">
     <transform x="0" y="0" skX="0" skY="0" scX="1" scY="1" pX="0" pY="0"/>
    </frame>
   </timeline>
  </animation>
 </armature>
</dragonBones>