{"armature":[{"skin":[{"name":"default","slot":[{"name":"shadow","z":0,"display":[{"transform":{"pX":10,"pY":10},"name":"shadow","type":"image"}],"parent":"shadow"},{"name":"contSlot","z":1,"display":[{"transform":{},"name":"contSlot","type":"armature"}],"parent":"contSlot"}]}],"name":"unit3","bone":[{"transform":{"x":-0.85,"scY":0.5,"y":1.75},"name":"shadow"},{"transform":{"x":-0.05,"y":-0.05},"name":"contSlot"}],"animation":[{"name":"cont","timeline":[{"name":"shadow","frame":[{"transform":{},"z":0,"duration":8,"tweenEasing":0},{"transform":{"scX":0.6,"scY":0.6},"z":0,"duration":13,"tweenEasing":0},{"z":0,"transform":{},"duration":1}]},{"name":"contSlot","frame":[{"transform":{},"z":0,"duration":9,"tweenEasing":0},{"transform":{"x":-0.1,"y":-9.1},"z":0,"duration":12,"tweenEasing":0},{"z":0,"transform":{"x":-0.15,"scY":0.98,"y":1.05},"duration":1}]}],"frame":[{"duration":21},{"duration":1}],"autoTween":null,"fadeInTime":0.3,"duration":22,"tweenEasing":null}]},{"skin":[{"name":"default","slot":[{"name":"contSlot","z":0,"display":[{"transform":{"pX":16,"pY":23},"name":"Shape/shape 2393","type":"image"},{"transform":{"pX":16,"pY":23},"name":"Shape/shape 2395","type":"image"},{"transform":{"pX":16,"pY":23},"name":"Shape/shape 2397","type":"image"},{"transform":{"pX":16,"pY":23},"name":"Shape/shape 2399","type":"image"},{"transform":{"pX":16,"pY":23},"name":"Shape/shape 2401","type":"image"},{"transform":{"pX":16,"pY":22.5},"name":"Shape/shape 2403","type":"image"},{"transform":{"pX":16,"pY":22.5},"name":"Shape/shape 2405","type":"image"},{"transform":{"pX":16,"pY":22.5},"name":"Shape/shape 2407","type":"image"},{"transform":{"pX":16,"pY":22.5},"name":"Shape/shape 2409","type":"image"},{"transform":{"pX":16,"pY":22.5},"name":"Shape/shape 2411","type":"image"}],"parent":"contSlot"}]}],"name":"contSlot","bone":[{"transform":{},"name":"contSlot"}],"animation":[{"fadeInTime":0.3,"timeline":[{"name":"contSlot","frame":[{"z":0,"transform":{},"duration":2},{"displayIndex":1,"transform":{},"z":0,"duration":2},{"displayIndex":2,"transform":{},"z":0,"duration":2},{"displayIndex":3,"transform":{},"z":0,"duration":2},{"displayIndex":4,"transform":{},"z":0,"duration":2},{"displayIndex":5,"transform":{},"z":0,"duration":2},{"displayIndex":6,"transform":{},"z":0,"duration":2},{"displayIndex":7,"transform":{},"z":0,"duration":2},{"displayIndex":8,"transform":{},"z":0,"duration":2},{"displayIndex":9,"transform":{},"z":0,"duration":2}]}],"autoTween":null,"name":"dir","duration":20,"tweenEasing":null},{"fadeInTime":0.3,"timeline":[{"name":"contSlot","frame":[{"displayIndex":9,"transform":{},"z":0,"duration":1}]}],"autoTween":null,"name":"dir_0","duration":1,"tweenEasing":null}]}],"name":"unit3","isGlobal":0,"frameRate":30,"version":"3.0"}