{"imagePath":"texture.png","SubTexture":[{"name":"shadow","x":81,"width":20,"y":61,"height":20},{"name":"Shape/shape 2393","x":54,"width":25,"y":0,"height":29},{"name":"Shape/shape 2395","x":0,"width":25,"y":0,"height":29},{"name":"Shape/shape 2397","x":27,"width":25,"y":0,"height":29},{"name":"Shape/shape 2399","x":0,"width":25,"y":31,"height":29},{"name":"Shape/shape 2401","x":81,"width":25,"y":0,"height":29},{"name":"Shape/shape 2403","x":27,"width":25,"y":31,"height":28},{"name":"Shape/shape 2405","x":81,"width":25,"y":31,"height":28},{"name":"Shape/shape 2407","x":54,"width":25,"y":31,"height":28},{"name":"Shape/shape 2409","x":27,"width":25,"y":61,"height":28},{"name":"Shape/shape 2411","x":54,"width":25,"y":61,"height":28}],"name":"unit3"}