<TextureAtlas name="TowerMenuSphere_mc" imagePath="texture.png">
 <SubTexture name="Shape/shape 8558" x="74" y="320" width="35" height="40"/>
 <SubTexture name="Shape/shape 8559" x="462" y="316" width="35" height="40"/>
 <SubTexture name="Shape/shape 8560" x="284" y="324" width="35" height="40"/>
 <SubTexture name="Shape/shape 8561" x="37" y="320" width="35" height="40"/>
 <SubTexture name="Shape/shape 8562" x="210" y="320" width="35" height="40"/>
 <SubTexture name="Shape/shape 8563" x="289" y="282" width="35" height="40"/>
 <SubTexture name="Shape/shape 8564" x="111" y="320" width="35" height="40"/>
 <SubTexture name="Shape/shape 8565" x="321" y="358" width="35" height="40"/>
 <SubTexture name="Shape/shape 8566" x="326" y="316" width="35" height="40"/>
 <SubTexture name="Shape/shape 8567" x="252" y="282" width="35" height="40"/>
 <SubTexture name="Shape/shape 8568" x="400" y="316" width="35" height="40"/>
 <SubTexture name="Shape/shape 8569" x="247" y="324" width="35" height="40"/>
 <SubTexture name="Shape/shape 8570" x="363" y="316" width="35" height="40"/>
 <SubTexture name="Shape/shape 8571" x="148" y="320" width="35" height="40"/>
 <SubTexture name="Shape/shape 8572" x="0" y="320" width="35" height="40"/>
 <SubTexture name="Shape/shape 8507" x="378" y="202" width="40" height="36"/>
 <SubTexture name="Shape/shape 11146" x="294" y="168" width="40" height="36"/>
 <SubTexture name="Shape/shape 8508" x="42" y="168" width="40" height="36"/>
 <SubTexture name="Shape/shape 11147" x="0" y="244" width="40" height="36"/>
 <SubTexture name="Shape/shape 8509" x="84" y="282" width="40" height="36"/>
 <SubTexture name="Shape/shape 11148" x="0" y="206" width="40" height="36"/>
 <SubTexture name="Shape/shape 8510" x="168" y="168" width="40" height="36"/>
 <SubTexture name="Shape/shape 11149" x="462" y="278" width="40" height="36"/>
 <SubTexture name="Shape/shape 8511" x="252" y="206" width="40" height="36"/>
 <SubTexture name="Shape/shape 11150" x="84" y="244" width="40" height="36"/>
 <SubTexture name="Shape/shape 8512" x="378" y="240" width="40" height="36"/>
 <SubTexture name="Shape/shape 11151" x="378" y="164" width="40" height="36"/>
 <SubTexture name="Shape/shape 8513" x="168" y="282" width="40" height="36"/>
 <SubTexture name="Shape/shape 11152" x="336" y="240" width="40" height="36"/>
 <SubTexture name="Shape/shape 8514" x="84" y="206" width="40" height="36"/>
 <SubTexture name="Shape/shape 11153" x="0" y="282" width="40" height="36"/>
 <SubTexture name="Shape/shape 8515" x="294" y="206" width="40" height="36"/>
 <SubTexture name="Shape/shape 11154" x="462" y="240" width="40" height="36"/>
 <SubTexture name="Shape/shape 8516" x="420" y="278" width="40" height="36"/>
 <SubTexture name="Shape/shape 11155" x="210" y="244" width="40" height="36"/>
 <SubTexture name="Shape/shape 8517" x="42" y="206" width="40" height="36"/>
 <SubTexture name="Shape/shape 11156" x="336" y="202" width="40" height="36"/>
 <SubTexture name="Shape/shape 8518" x="168" y="244" width="40" height="36"/>
 <SubTexture name="Shape/shape 11157" x="42" y="244" width="40" height="36"/>
 <SubTexture name="Shape/shape 8519" x="420" y="164" width="40" height="36"/>
 <SubTexture name="Shape/shape 11158" x="462" y="164" width="40" height="36"/>
 <SubTexture name="Shape/shape 8520" x="336" y="126" width="40" height="36"/>
 <SubTexture name="Shape/shape 11159" x="210" y="282" width="40" height="36"/>
 <SubTexture name="Shape/shape 8521" x="462" y="202" width="40" height="36"/>
 <SubTexture name="Shape/shape 11160" x="210" y="206" width="40" height="36"/>
 <SubTexture name="Shape/shape 8522" x="336" y="164" width="40" height="36"/>
 <SubTexture name="Shape/shape 11161" x="252" y="168" width="40" height="36"/>
 <SubTexture name="Shape/shape 8523" x="168" y="206" width="40" height="36"/>
 <SubTexture name="Shape/shape 11162" x="126" y="282" width="40" height="36"/>
 <SubTexture name="Shape/shape 8524" x="294" y="244" width="40" height="36"/>
 <SubTexture name="Shape/shape 11163" x="420" y="126" width="40" height="36"/>
 <SubTexture name="Shape/shape 8525" x="42" y="282" width="40" height="36"/>
 <SubTexture name="Shape/shape 11164" x="126" y="244" width="40" height="36"/>
 <SubTexture name="Shape/shape 8526" x="378" y="126" width="40" height="36"/>
 <SubTexture name="Shape/shape 11165" x="252" y="244" width="40" height="36"/>
 <SubTexture name="Shape/shape 8527" x="420" y="202" width="40" height="36"/>
 <SubTexture name="Shape/shape 11166" x="210" y="168" width="40" height="36"/>
 <SubTexture name="Shape/shape 8528" x="84" y="168" width="40" height="36"/>
 <SubTexture name="Shape/shape 11167" x="126" y="206" width="40" height="36"/>
 <SubTexture name="Shape/shape 8529" x="0" y="168" width="40" height="36"/>
 <SubTexture name="Shape/shape 11168" x="462" y="126" width="40" height="36"/>
 <SubTexture name="Shape/shape 8530" x="126" y="168" width="40" height="36"/>
 <SubTexture name="Shape/shape 11169" x="378" y="278" width="40" height="36"/>
 <SubTexture name="Shape/shape 8531" x="336" y="278" width="40" height="36"/>
 <SubTexture name="Shape/shape 11170" x="420" y="240" width="40" height="36"/>
 <SubTexture name="Shape/shape 4305" x="26" y="362" width="24" height="21"/>
 <SubTexture name="Shape/shape 4307" x="437" y="316" width="23" height="21"/>
 <SubTexture name="Shape/shape 4309" x="129" y="362" width="23" height="20"/>
 <SubTexture name="Shape/shape 4311" x="258" y="366" width="22" height="20"/>
 <SubTexture name="Shape/shape 4313" x="185" y="320" width="23" height="21"/>
 <SubTexture name="Shape/shape 4315" x="358" y="358" width="25" height="21"/>
 <SubTexture name="Shape/shape 4316" x="185" y="343" width="23" height="21"/>
 <SubTexture name="Shape/shape 4317" x="234" y="366" width="22" height="20"/>
 <SubTexture name="Shape/shape 4318" x="104" y="362" width="23" height="20"/>
 <SubTexture name="Shape/shape 4319" x="437" y="339" width="23" height="21"/>
 <SubTexture name="Shape/shape 4320" x="52" y="362" width="24" height="21"/>
 <SubTexture name="Shape/shape 4322" x="462" y="358" width="24" height="21"/>
 <SubTexture name="Shape/shape 4324" x="78" y="362" width="24" height="20"/>
 <SubTexture name="Shape/shape 4326" x="411" y="358" width="24" height="21"/>
 <SubTexture name="Shape/shape 4328" x="178" y="366" width="22" height="21"/>
 <SubTexture name="Shape/shape 4330" x="437" y="362" width="22" height="21"/>
 <SubTexture name="Shape/shape 4332" x="488" y="358" width="22" height="22"/>
 <SubTexture name="Shape/shape 4333" x="210" y="362" width="22" height="21"/>
 <SubTexture name="Shape/shape 4334" x="154" y="362" width="22" height="21"/>
 <SubTexture name="Shape/shape 4336" x="0" y="362" width="24" height="21"/>
 <SubTexture name="Shape/shape 4337" x="385" y="358" width="24" height="21"/>
 <SubTexture name="Shape/shape 4340" x="336" y="84" width="40" height="40"/>
 <SubTexture name="Shape/shape 4342" x="420" y="0" width="40" height="40"/>
 <SubTexture name="Shape/shape 4344" x="252" y="126" width="40" height="40"/>
 <SubTexture name="Shape/shape 4346" x="294" y="126" width="40" height="40"/>
 <SubTexture name="Shape/shape 4348" x="126" y="126" width="40" height="40"/>
 <SubTexture name="Shape/shape 4350" x="42" y="42" width="40" height="40"/>
 <SubTexture name="Shape/shape 4352" x="252" y="84" width="40" height="40"/>
 <SubTexture name="Shape/shape 4354" x="0" y="84" width="40" height="40"/>
 <SubTexture name="Shape/shape 4356" x="42" y="0" width="40" height="40"/>
 <SubTexture name="Shape/shape 4358" x="294" y="0" width="40" height="40"/>
 <SubTexture name="Shape/shape 4360" x="210" y="84" width="40" height="40"/>
 <SubTexture name="Shape/shape 4362" x="126" y="42" width="40" height="40"/>
 <SubTexture name="Shape/shape 4364" x="336" y="0" width="40" height="40"/>
 <SubTexture name="Shape/shape 4366" x="252" y="42" width="40" height="40"/>
 <SubTexture name="Shape/shape 4368" x="420" y="84" width="40" height="40"/>
 <SubTexture name="Shape/shape 4370" x="0" y="126" width="40" height="40"/>
 <SubTexture name="Shape/shape 4372" x="84" y="126" width="40" height="40"/>
 <SubTexture name="Shape/shape 4374" x="420" y="42" width="40" height="40"/>
 <SubTexture name="Shape/shape 4376" x="168" y="0" width="40" height="40"/>
 <SubTexture name="Shape/shape 4378" x="294" y="42" width="40" height="40"/>
 <SubTexture name="Shape/shape 4380" x="378" y="0" width="40" height="40"/>
 <SubTexture name="Shape/shape 4382" x="126" y="0" width="40" height="40"/>
 <SubTexture name="Shape/shape 4384" x="168" y="126" width="40" height="40"/>
 <SubTexture name="Shape/shape 4386" x="126" y="84" width="40" height="40"/>
 <SubTexture name="Shape/shape 4388" x="84" y="42" width="40" height="40"/>
 <SubTexture name="Shape/shape 4390" x="210" y="0" width="40" height="40"/>
 <SubTexture name="Shape/shape 4392" x="42" y="126" width="40" height="40"/>
 <SubTexture name="Shape/shape 4394" x="378" y="42" width="40" height="40"/>
 <SubTexture name="Shape/shape 4396" x="252" y="0" width="40" height="40"/>
 <SubTexture name="Shape/shape 4398" x="0" y="0" width="40" height="40"/>
 <SubTexture name="Shape/shape 4400" x="462" y="0" width="40" height="40"/>
 <SubTexture name="Shape/shape 4402" x="462" y="84" width="40" height="40"/>
 <SubTexture name="Shape/shape 4404" x="210" y="126" width="40" height="40"/>
 <SubTexture name="Shape/shape 4406" x="462" y="42" width="40" height="40"/>
 <SubTexture name="Shape/shape 4408" x="336" y="42" width="40" height="40"/>
 <SubTexture name="Shape/shape 4410" x="168" y="42" width="40" height="40"/>
 <SubTexture name="Shape/shape 4412" x="168" y="84" width="40" height="40"/>
 <SubTexture name="Shape/shape 4414" x="210" y="42" width="40" height="40"/>
 <SubTexture name="Shape/shape 4416" x="378" y="84" width="40" height="40"/>
 <SubTexture name="Shape/shape 4418" x="42" y="84" width="40" height="40"/>
 <SubTexture name="Shape/shape 4420" x="84" y="0" width="40" height="40"/>
 <SubTexture name="Shape/shape 4422" x="0" y="42" width="40" height="40"/>
 <SubTexture name="Shape/shape 4424" x="294" y="84" width="40" height="40"/>
 <SubTexture name="Shape/shape 4426" x="84" y="84" width="40" height="40"/>
</TextureAtlas>