<root name="back" isGlobal="0" frameRate="30" version="3.0">
 <armature name="back">
  <skin name="default">
   <slot name="Layer 2" z="0" parent="Layer 2">
    <display name="__dbTextures/back/Layer 2_1" type="image">
     <transform scX="1" x="-21.5" scY="1" y="-23" pX="0" pY="0" skX="0" skY="0"/>
    </display>
    <display name="__dbTextures/back/Layer 2_2" type="image">
     <transform scX="1" x="-21" scY="1" y="-21" pX="0" pY="0" skX="0" skY="0"/>
    </display>
   </slot>
   <slot name="backCase" z="1" parent="backCase">
    <display name="Symbol 47" type="image">
     <transform scX="1" x="0" scY="1" y="0" pX="25" pY="25" skX="0" skY="0"/>
    </display>
   </slot>
  </skin>
  <bone name="Layer 2">
   <transform scX="1" x="0.5" skX="0" scY="1" y="0" skY="0"/>
  </bone>
  <bone name="backCase">
   <transform scX="0.79" x="-0.5" skX="0" scY="0.77" y="-2" skY="0"/>
  </bone>
  <animation fadeInTime="0.3" scale="1" loop="1" autoTween="NaN" name="back" duration="3" tweenEasing="NaN">
   <timeline pX="0" name="Layer 2" pY="0" scale="1" offset="0">
    <frame displayIndex="-1" duration="1"/>
    <frame z="0" duration="1" tweenEasing="NaN">
     <transform scX="1" x="0" scY="1" y="0" pX="0" pY="0" skX="0" skY="0"/>
    </frame>
    <frame z="0" displayIndex="1" duration="1" tweenEasing="NaN">
     <transform scX="1" x="-0.5" scY="1" y="0" pX="0" pY="0" skX="0" skY="0"/>
    </frame>
   </timeline>
   <timeline pX="0" name="backCase" pY="0" scale="1" offset="0">
    <frame z="0" duration="3">
     <transform scX="1" x="0" scY="1" y="0" pX="0" pY="0" skX="0" skY="0"/>
    </frame>
   </timeline>
  </animation>
 </armature>
</root>