<TextureAtlas name="Air_mc" imagePath="texture.png">
 <SubTexture name="Shape/shape 1269" x="1944" y="92" width="100" height="90"/>
 <SubTexture name="Shape/shape 1271" x="1944" y="460" width="100" height="90"/>
 <SubTexture name="Shape/shape 1273" x="1944" y="552" width="100" height="90"/>
 <SubTexture name="Shape/shape 1275" x="1944" y="368" width="100" height="90"/>
 <SubTexture name="Shape/shape 1277" x="1944" y="276" width="100" height="90"/>
 <SubTexture name="Shape/shape 1279" x="1944" y="184" width="100" height="90"/>
 <SubTexture name="Shape/shape 1281" x="1944" y="0" width="100" height="90"/>
 <SubTexture name="Shape/shape 1284" x="1981" y="1120" width="35" height="50"/>
 <SubTexture name="Shape/shape 1347" x="1981" y="1224" width="35" height="50"/>
 <SubTexture name="Shape/shape 1349" x="1981" y="1172" width="35" height="50"/>
 <SubTexture name="Shape/shape 1351" x="1944" y="1121" width="35" height="50"/>
 <SubTexture name="Shape/shape 1353" x="1982" y="1068" width="35" height="50"/>
 <SubTexture name="Shape/shape 1355" x="1982" y="1016" width="35" height="50"/>
 <SubTexture name="Shape/shape 1356" x="1944" y="1173" width="35" height="50"/>
 <SubTexture name="Shape/shape 1358" x="1944" y="1069" width="35" height="50"/>
 <SubTexture name="Shape/shape 1360" x="1944" y="716" width="50" height="70"/>
 <SubTexture name="Shape/shape 1362" x="1944" y="644" width="50" height="70"/>
 <SubTexture name="Shape/shape 1451" x="1944" y="788" width="50" height="70"/>
 <SubTexture name="Shape/shape 1453" x="1996" y="644" width="50" height="70"/>
 <SubTexture name="Shape/shape 1449" x="1944" y="1016" width="36" height="51"/>
 <SubTexture name="Shape/shape 1456" x="1944" y="964" width="37" height="50"/>
 <SubTexture name="Shape/shape 1537" x="1944" y="860" width="37" height="50"/>
 <SubTexture name="Shape/shape 1539" x="1983" y="964" width="37" height="50"/>
 <SubTexture name="Shape/shape 1541" x="1944" y="912" width="37" height="50"/>
 <SubTexture name="Shape/shape 1543" x="1983" y="860" width="37" height="50"/>
 <SubTexture name="Shape/shape 1545" x="1983" y="912" width="37" height="50"/>
 <SubTexture name="Shape/shape 1547" x="1996" y="716" width="50" height="70"/>
 <SubTexture name="Shape/shape 1549" x="1996" y="788" width="50" height="70"/>
 <SubTexture name="Shape/shape 1365" x="122" y="1250" width="120" height="86"/>
 <SubTexture name="Shape/shape 1367" x="122" y="1338" width="120" height="86"/>
 <SubTexture name="Shape/shape 1369" x="0" y="1338" width="120" height="86"/>
 <SubTexture name="Shape/shape 1371" x="0" y="1250" width="120" height="86"/>
 <SubTexture name="Shape/shape 1373" x="920" y="1250" width="120" height="86"/>
 <SubTexture name="Shape/shape 1375" x="460" y="1338" width="120" height="86"/>
 <SubTexture name="Shape/shape 1377" x="460" y="1250" width="120" height="86"/>
 <SubTexture name="Shape/shape 1379" x="798" y="1338" width="120" height="86"/>
 <SubTexture name="Shape/shape 1381" x="798" y="1250" width="120" height="86"/>
 <SubTexture name="Shape/shape 1286" x="216" y="1528" width="214" height="137"/>
 <SubTexture name="Shape/shape 1288" x="0" y="1565" width="214" height="137"/>
 <SubTexture name="Shape/shape 1289" x="216" y="1667" width="214" height="137"/>
 <SubTexture name="Shape/shape 1291" x="432" y="1528" width="214" height="137"/>
 <SubTexture name="Shape/shape 1293" x="648" y="1528" width="214" height="137"/>
 <SubTexture name="Shape/shape 1295" x="216" y="1806" width="214" height="137"/>
 <SubTexture name="Shape/shape 1297" x="1042" y="1250" width="214" height="137"/>
 <SubTexture name="Shape/shape 1299" x="432" y="1806" width="214" height="137"/>
 <SubTexture name="Shape/shape 1301" x="1296" y="1683" width="214" height="137"/>
 <SubTexture name="Shape/shape 1303" x="920" y="1389" width="214" height="137"/>
 <SubTexture name="Shape/shape 1305" x="244" y="1389" width="214" height="137"/>
 <SubTexture name="Shape/shape 1307" x="1512" y="1544" width="214" height="137"/>
 <SubTexture name="Shape/shape 1309" x="1296" y="1544" width="214" height="137"/>
 <SubTexture name="Shape/shape 1311" x="1512" y="1683" width="214" height="137"/>
 <SubTexture name="Shape/shape 1313" x="1080" y="1683" width="214" height="137"/>
 <SubTexture name="Shape/shape 1315" x="1728" y="1544" width="214" height="137"/>
 <SubTexture name="Shape/shape 1317" x="582" y="1389" width="214" height="137"/>
 <SubTexture name="Shape/shape 1319" x="244" y="1250" width="214" height="137"/>
 <SubTexture name="Shape/shape 1321" x="864" y="1528" width="214" height="137"/>
 <SubTexture name="Shape/shape 1323" x="582" y="1250" width="214" height="137"/>
 <SubTexture name="Shape/shape 1325" x="0" y="1704" width="214" height="137"/>
 <SubTexture name="Shape/shape 1327" x="648" y="1667" width="214" height="137"/>
 <SubTexture name="Shape/shape 1329" x="1352" y="1405" width="214" height="137"/>
 <SubTexture name="Shape/shape 1331" x="0" y="1426" width="214" height="137"/>
 <SubTexture name="Shape/shape 1332" x="1136" y="1405" width="214" height="137"/>
 <SubTexture name="Shape/shape 1334" x="1568" y="1405" width="214" height="137"/>
 <SubTexture name="Shape/shape 1336" x="1080" y="1544" width="214" height="137"/>
 <SubTexture name="Shape/shape 1338" x="432" y="1667" width="214" height="137"/>
 <SubTexture name="Shape/shape 1340" x="864" y="1667" width="214" height="137"/>
 <SubTexture name="Shape/shape 1342" x="1784" y="1405" width="214" height="137"/>
 <SubTexture name="Shape/shape 1344" x="1728" y="1683" width="214" height="137"/>
 <SubTexture name="Shape/shape 1384" x="1620" y="844" width="160" height="185"/>
 <SubTexture name="Shape/shape 1386" x="324" y="1063" width="160" height="185"/>
 <SubTexture name="Shape/shape 1388" x="1458" y="1218" width="160" height="185"/>
 <SubTexture name="Shape/shape 1390" x="1458" y="657" width="160" height="185"/>
 <SubTexture name="Shape/shape 1392" x="1782" y="844" width="160" height="185"/>
 <SubTexture name="Shape/shape 1394" x="486" y="876" width="160" height="185"/>
 <SubTexture name="Shape/shape 1396" x="1296" y="844" width="160" height="185"/>
 <SubTexture name="Shape/shape 1398" x="972" y="876" width="160" height="185"/>
 <SubTexture name="Shape/shape 1400" x="0" y="876" width="160" height="185"/>
 <SubTexture name="Shape/shape 1402" x="1620" y="1031" width="160" height="185"/>
 <SubTexture name="Shape/shape 1404" x="1620" y="657" width="160" height="185"/>
 <SubTexture name="Shape/shape 1406" x="162" y="876" width="160" height="185"/>
 <SubTexture name="Shape/shape 1408" x="1782" y="657" width="160" height="185"/>
 <SubTexture name="Shape/shape 1410" x="1782" y="1218" width="160" height="185"/>
 <SubTexture name="Shape/shape 1412" x="1782" y="1031" width="160" height="185"/>
 <SubTexture name="Shape/shape 1414" x="648" y="876" width="160" height="185"/>
 <SubTexture name="Shape/shape 1416" x="0" y="1063" width="160" height="185"/>
 <SubTexture name="Shape/shape 1418" x="1296" y="1031" width="160" height="185"/>
 <SubTexture name="Shape/shape 1420" x="648" y="1063" width="160" height="185"/>
 <SubTexture name="Shape/shape 1422" x="972" y="1063" width="160" height="185"/>
 <SubTexture name="Shape/shape 1424" x="324" y="876" width="160" height="185"/>
 <SubTexture name="Shape/shape 1426" x="810" y="876" width="160" height="185"/>
 <SubTexture name="Shape/shape 1428" x="1134" y="1063" width="160" height="185"/>
 <SubTexture name="Shape/shape 1430" x="1296" y="657" width="160" height="185"/>
 <SubTexture name="Shape/shape 1432" x="1620" y="1218" width="160" height="185"/>
 <SubTexture name="Shape/shape 1434" x="1134" y="876" width="160" height="185"/>
 <SubTexture name="Shape/shape 1436" x="1296" y="1218" width="160" height="185"/>
 <SubTexture name="Shape/shape 1438" x="486" y="1063" width="160" height="185"/>
 <SubTexture name="Shape/shape 1440" x="162" y="1063" width="160" height="185"/>
 <SubTexture name="Shape/shape 1442" x="810" y="1063" width="160" height="185"/>
 <SubTexture name="Shape/shape 1444" x="1458" y="1031" width="160" height="185"/>
 <SubTexture name="Shape/shape 1446" x="1458" y="844" width="160" height="185"/>
 <SubTexture name="Shape/shape 1458" x="1620" y="219" width="160" height="217"/>
 <SubTexture name="Shape/shape 1460" x="486" y="657" width="160" height="217"/>
 <SubTexture name="Shape/shape 1462" x="1134" y="657" width="160" height="217"/>
 <SubTexture name="Shape/shape 1463" x="1296" y="219" width="160" height="217"/>
 <SubTexture name="Shape/shape 1465" x="648" y="219" width="160" height="217"/>
 <SubTexture name="Shape/shape 1467" x="1134" y="438" width="160" height="217"/>
 <SubTexture name="Shape/shape 1468" x="1782" y="438" width="160" height="217"/>
 <SubTexture name="Shape/shape 1470" x="1296" y="438" width="160" height="217"/>
 <SubTexture name="Shape/shape 1471" x="324" y="438" width="160" height="217"/>
 <SubTexture name="Shape/shape 1473" x="1134" y="219" width="160" height="217"/>
 <SubTexture name="Shape/shape 1474" x="1134" y="0" width="160" height="217"/>
 <SubTexture name="Shape/shape 1476" x="648" y="657" width="160" height="217"/>
 <SubTexture name="Shape/shape 1477" x="162" y="657" width="160" height="217"/>
 <SubTexture name="Shape/shape 1479" x="1458" y="219" width="160" height="217"/>
 <SubTexture name="Shape/shape 1480" x="1458" y="0" width="160" height="217"/>
 <SubTexture name="Shape/shape 1482" x="810" y="0" width="160" height="217"/>
 <SubTexture name="Shape/shape 1484" x="810" y="438" width="160" height="217"/>
 <SubTexture name="Shape/shape 1486" x="162" y="0" width="160" height="217"/>
 <SubTexture name="Shape/shape 1488" x="972" y="438" width="160" height="217"/>
 <SubTexture name="Shape/shape 1490" x="0" y="219" width="160" height="217"/>
 <SubTexture name="Shape/shape 1492" x="1782" y="0" width="160" height="217"/>
 <SubTexture name="Shape/shape 1494" x="0" y="0" width="160" height="217"/>
 <SubTexture name="Shape/shape 1496" x="0" y="657" width="160" height="217"/>
 <SubTexture name="Shape/shape 1498" x="324" y="219" width="160" height="217"/>
 <SubTexture name="Shape/shape 1500" x="1458" y="438" width="160" height="217"/>
 <SubTexture name="Shape/shape 1502" x="810" y="219" width="160" height="217"/>
 <SubTexture name="Shape/shape 1504" x="486" y="438" width="160" height="217"/>
 <SubTexture name="Shape/shape 1506" x="1782" y="219" width="160" height="217"/>
 <SubTexture name="Shape/shape 1508" x="972" y="657" width="160" height="217"/>
 <SubTexture name="Shape/shape 1510" x="1620" y="0" width="160" height="217"/>
 <SubTexture name="Shape/shape 1512" x="1296" y="0" width="160" height="217"/>
 <SubTexture name="Shape/shape 1514" x="1620" y="438" width="160" height="217"/>
 <SubTexture name="Shape/shape 1516" x="972" y="0" width="160" height="217"/>
 <SubTexture name="Shape/shape 1518" x="162" y="219" width="160" height="217"/>
 <SubTexture name="Shape/shape 1520" x="486" y="0" width="160" height="217"/>
 <SubTexture name="Shape/shape 1522" x="486" y="219" width="160" height="217"/>
 <SubTexture name="Shape/shape 1524" x="648" y="438" width="160" height="217"/>
 <SubTexture name="Shape/shape 1525" x="648" y="0" width="160" height="217"/>
 <SubTexture name="Shape/shape 1527" x="810" y="657" width="160" height="217"/>
 <SubTexture name="Shape/shape 1528" x="324" y="657" width="160" height="217"/>
 <SubTexture name="Shape/shape 1530" x="972" y="219" width="160" height="217"/>
 <SubTexture name="Shape/shape 1531" x="324" y="0" width="160" height="217"/>
 <SubTexture name="Shape/shape 1533" x="162" y="438" width="160" height="217"/>
 <SubTexture name="Shape/shape 1534" x="0" y="438" width="160" height="217"/>
</TextureAtlas>