<TextureAtlas name="towerCont" imagePath="texture.png">
 <SubTexture name="__dbTextures/towerCont/towerCont_4" x="0" y="0" width="86" height="81"/>
 <SubTexture name="__dbTextures/towerCont/towerCont_5" x="88" y="0" width="83" height="83"/>
 <SubTexture name="__dbTextures/Symbol 4252/Layer 1_1" x="1323" y="635" width="39" height="42"/>
 <SubTexture name="__dbTextures/Symbol 4252/Layer 1_2" x="2003" y="456" width="39" height="42"/>
 <SubTexture name="__dbTextures/Symbol 4252/Layer 1_3" x="139" y="687" width="39" height="42"/>
 <SubTexture name="__dbTextures/Symbol 4252/Layer 1_4" x="98" y="687" width="39" height="42"/>
 <SubTexture name="__dbTextures/Symbol 4252/Layer 1_5" x="2003" y="412" width="39" height="42"/>
 <SubTexture name="__dbTextures/Symbol 4252/Layer 1_6" x="2003" y="500" width="39" height="42"/>
 <SubTexture name="__dbTextures/Symbol 4252/Layer 1_7" x="862" y="680" width="39" height="42"/>
 <SubTexture name="__dbTextures/Symbol 4252/Layer 1_8" x="1323" y="679" width="39" height="42"/>
 <SubTexture name="__dbTextures/Symbol 4252/Layer 1_9" x="1905" y="686" width="39" height="42"/>
 <SubTexture name="__dbTextures/Symbol 4252/Layer 1_10" x="287" y="687" width="39" height="42"/>
 <SubTexture name="__dbTextures/Symbol 4252/Layer 1_11" x="246" y="687" width="39" height="42"/>
 <SubTexture name="__dbTextures/Symbol 4252/Layer 1_12" x="1053" y="677" width="39" height="42"/>
 <SubTexture name="__dbTextures/Symbol 4252/Layer 1_13" x="460" y="680" width="39" height="42"/>
 <SubTexture name="__dbTextures/Symbol 4252/Layer 1_14" x="903" y="680" width="39" height="42"/>
 <SubTexture name="__dbTextures/Symbol 4303/Layer 1_0" x="251" y="773" width="40" height="36"/>
 <SubTexture name="__dbTextures/Symbol 4303/Layer 1_2" x="1741" y="775" width="40" height="36"/>
 <SubTexture name="__dbTextures/Symbol 4303/Layer 1_4" x="668" y="771" width="40" height="36"/>
 <SubTexture name="__dbTextures/Symbol 4303/Layer 1_6" x="1899" y="771" width="40" height="36"/>
 <SubTexture name="__dbTextures/Symbol 4303/Layer 1_8" x="1214" y="775" width="40" height="36"/>
 <SubTexture name="__dbTextures/Symbol 4303/Layer 1_10" x="710" y="771" width="40" height="36"/>
 <SubTexture name="__dbTextures/Symbol 4303/Layer 1_12" x="794" y="772" width="40" height="36"/>
 <SubTexture name="__dbTextures/Symbol 4303/Layer 1_14" x="306" y="772" width="40" height="36"/>
 <SubTexture name="__dbTextures/Symbol 4303/Layer 1_16" x="1543" y="775" width="40" height="36"/>
 <SubTexture name="__dbTextures/Symbol 4303/Layer 1_18" x="1256" y="775" width="40" height="36"/>
 <SubTexture name="__dbTextures/Symbol 4303/Layer 1_20" x="1346" y="775" width="40" height="36"/>
 <SubTexture name="__dbTextures/Symbol 4303/Layer 1_22" x="125" y="773" width="40" height="36"/>
 <SubTexture name="__dbTextures/Symbol 4303/Layer 1_24" x="542" y="771" width="40" height="36"/>
 <SubTexture name="__dbTextures/Symbol 4303/Layer 1_26" x="209" y="773" width="40" height="36"/>
 <SubTexture name="__dbTextures/Symbol 4303/Layer 1_28" x="41" y="772" width="40" height="36"/>
 <SubTexture name="__dbTextures/Symbol 4303/Layer 1_30" x="1659" y="775" width="40" height="36"/>
 <SubTexture name="__dbTextures/Symbol 4303/Layer 1_32" x="1816" y="775" width="40" height="36"/>
 <SubTexture name="__dbTextures/Symbol 4303/Layer 1_34" x="584" y="771" width="40" height="36"/>
 <SubTexture name="__dbTextures/Symbol 4303/Layer 1_36" x="348" y="772" width="40" height="36"/>
 <SubTexture name="__dbTextures/Symbol 4303/Layer 1_38" x="83" y="773" width="40" height="36"/>
 <SubTexture name="__dbTextures/Symbol 4303/Layer 1_40" x="390" y="774" width="40" height="36"/>
 <SubTexture name="__dbTextures/Symbol 4303/Layer 1_42" x="1460" y="775" width="40" height="36"/>
 <SubTexture name="__dbTextures/Symbol 4303/Layer 1_44" x="752" y="772" width="40" height="36"/>
 <SubTexture name="__dbTextures/Symbol 4303/Layer 1_46" x="1388" y="775" width="40" height="36"/>
 <SubTexture name="__dbTextures/Symbol 4303/Layer 1_48" x="1304" y="765" width="40" height="36"/>
 <SubTexture name="__dbTextures/Symbol 4338/Layer 1_0" x="2020" y="138" width="24" height="21"/>
 <SubTexture name="__dbTextures/Symbol 4338/Layer 1_2" x="2020" y="183" width="23" height="21"/>
 <SubTexture name="__dbTextures/Symbol 4338/Layer 1_4" x="1521" y="573" width="23" height="20"/>
 <SubTexture name="__dbTextures/Symbol 4338/Layer 1_6" x="98" y="624" width="22" height="20"/>
 <SubTexture name="__dbTextures/Symbol 4338/Layer 1_8" x="2020" y="206" width="23" height="21"/>
 <SubTexture name="__dbTextures/Symbol 4338/Layer 1_10" x="2021" y="0" width="25" height="21"/>
 <SubTexture name="__dbTextures/Symbol 4338/Layer 1_13" x="2020" y="229" width="23" height="21"/>
 <SubTexture name="__dbTextures/Symbol 4338/Layer 1_15" x="98" y="646" width="22" height="20"/>
 <SubTexture name="__dbTextures/Symbol 4338/Layer 1_17" x="1343" y="567" width="23" height="20"/>
 <SubTexture name="__dbTextures/Symbol 4338/Layer 1_19" x="1343" y="544" width="23" height="21"/>
 <SubTexture name="__dbTextures/Symbol 4338/Layer 1_21" x="2021" y="69" width="24" height="21"/>
 <SubTexture name="__dbTextures/Symbol 4338/Layer 1_23" x="2020" y="115" width="24" height="21"/>
 <SubTexture name="__dbTextures/Symbol 4338/Layer 1_25" x="2020" y="161" width="24" height="20"/>
 <SubTexture name="__dbTextures/Symbol 4338/Layer 1_27" x="2021" y="46" width="24" height="21"/>
 <SubTexture name="__dbTextures/Symbol 4338/Layer 1_29" x="1343" y="612" width="22" height="21"/>
 <SubTexture name="__dbTextures/Symbol 4338/Layer 1_31" x="1521" y="595" width="22" height="21"/>
 <SubTexture name="__dbTextures/Symbol 4338/Layer 1_33" x="1521" y="549" width="22" height="22"/>
 <SubTexture name="__dbTextures/Symbol 4338/Layer 1_36" x="1343" y="589" width="22" height="21"/>
 <SubTexture name="__dbTextures/Symbol 4338/Layer 1_38" x="1521" y="618" width="22" height="21"/>
 <SubTexture name="__dbTextures/Symbol 4338/Layer 1_40" x="2021" y="23" width="24" height="21"/>
 <SubTexture name="__dbTextures/Symbol 4338/Layer 1_42" x="2020" y="92" width="24" height="21"/>
 <SubTexture name="__dbTextures/Symbol 4427/Layer 1_1" x="370" y="688" width="40" height="40"/>
 <SubTexture name="__dbTextures/Symbol 4427/Layer 1_2" x="1816" y="733" width="40" height="40"/>
 <SubTexture name="__dbTextures/Symbol 4427/Layer 1_3" x="677" y="729" width="40" height="40"/>
 <SubTexture name="__dbTextures/Symbol 4427/Layer 1_4" x="126" y="731" width="40" height="40"/>
 <SubTexture name="__dbTextures/Symbol 4427/Layer 1_5" x="543" y="729" width="40" height="40"/>
 <SubTexture name="__dbTextures/Symbol 4427/Layer 1_6" x="49" y="688" width="40" height="40"/>
 <SubTexture name="__dbTextures/Symbol 4427/Layer 1_7" x="1620" y="721" width="40" height="40"/>
 <SubTexture name="__dbTextures/Symbol 4427/Layer 1_8" x="736" y="687" width="40" height="40"/>
 <SubTexture name="__dbTextures/Symbol 4427/Layer 1_9" x="1418" y="691" width="40" height="40"/>
 <SubTexture name="__dbTextures/Symbol 4427/Layer 1_10" x="0" y="710" width="40" height="40"/>
 <SubTexture name="__dbTextures/Symbol 4427/Layer 1_11" x="328" y="730" width="40" height="40"/>
 <SubTexture name="__dbTextures/Symbol 4427/Layer 1_12" x="84" y="731" width="40" height="40"/>
 <SubTexture name="__dbTextures/Symbol 4427/Layer 1_13" x="1460" y="733" width="40" height="40"/>
 <SubTexture name="__dbTextures/Symbol 4427/Layer 1_14" x="1502" y="699" width="40" height="40"/>
 <SubTexture name="__dbTextures/Symbol 4427/Layer 1_15" x="694" y="687" width="40" height="40"/>
 <SubTexture name="__dbTextures/Symbol 4427/Layer 1_16" x="1741" y="691" width="40" height="40"/>
 <SubTexture name="__dbTextures/Symbol 4427/Layer 1_17" x="803" y="730" width="40" height="40"/>
 <SubTexture name="__dbTextures/Symbol 4427/Layer 1_18" x="719" y="729" width="40" height="40"/>
 <SubTexture name="__dbTextures/Symbol 4427/Layer 1_19" x="761" y="730" width="40" height="40"/>
 <SubTexture name="__dbTextures/Symbol 4427/Layer 1_20" x="1741" y="733" width="40" height="40"/>
 <SubTexture name="__dbTextures/Symbol 4427/Layer 1_21" x="1460" y="691" width="40" height="40"/>
 <SubTexture name="__dbTextures/Symbol 4427/Layer 1_22" x="1222" y="692" width="40" height="40"/>
 <SubTexture name="__dbTextures/Symbol 4427/Layer 1_23" x="1662" y="733" width="40" height="40"/>
 <SubTexture name="__dbTextures/Symbol 4427/Layer 1_24" x="635" y="708" width="40" height="40"/>
 <SubTexture name="__dbTextures/Symbol 4427/Layer 1_25" x="370" y="730" width="40" height="40"/>
 <SubTexture name="__dbTextures/Symbol 4427/Layer 1_26" x="1418" y="733" width="40" height="40"/>
 <SubTexture name="__dbTextures/Symbol 4427/Layer 1_27" x="820" y="688" width="40" height="40"/>
 <SubTexture name="__dbTextures/Symbol 4427/Layer 1_28" x="1264" y="692" width="40" height="40"/>
 <SubTexture name="__dbTextures/Symbol 4427/Layer 1_29" x="944" y="708" width="40" height="40"/>
 <SubTexture name="__dbTextures/Symbol 4427/Layer 1_30" x="328" y="688" width="40" height="40"/>
 <SubTexture name="__dbTextures/Symbol 4427/Layer 1_31" x="1545" y="692" width="40" height="40"/>
 <SubTexture name="__dbTextures/Symbol 4427/Layer 1_32" x="585" y="729" width="40" height="40"/>
 <SubTexture name="__dbTextures/Symbol 4427/Layer 1_33" x="222" y="731" width="40" height="40"/>
 <SubTexture name="__dbTextures/Symbol 4427/Layer 1_34" x="551" y="687" width="40" height="40"/>
 <SubTexture name="__dbTextures/Symbol 4427/Layer 1_35" x="412" y="732" width="40" height="40"/>
 <SubTexture name="__dbTextures/Symbol 4427/Layer 1_36" x="1306" y="723" width="40" height="40"/>
 <SubTexture name="__dbTextures/Symbol 4427/Layer 1_37" x="180" y="704" width="40" height="40"/>
 <SubTexture name="__dbTextures/Symbol 4427/Layer 1_38" x="1669" y="691" width="40" height="40"/>
 <SubTexture name="__dbTextures/Symbol 4427/Layer 1_39" x="778" y="688" width="40" height="40"/>
 <SubTexture name="__dbTextures/Symbol 4427/Layer 1_40" x="593" y="687" width="40" height="40"/>
 <SubTexture name="__dbTextures/Symbol 4427/Layer 1_41" x="501" y="704" width="40" height="40"/>
 <SubTexture name="__dbTextures/Symbol 4427/Layer 1_42" x="264" y="731" width="40" height="40"/>
 <SubTexture name="__dbTextures/Symbol 4427/Layer 1_43" x="42" y="730" width="40" height="40"/>
 <SubTexture name="__dbTextures/Symbol 4483/Layer 2_0" x="412" y="680" width="46" height="50"/>
 <SubTexture name="__dbTextures/Symbol 4483/Layer 1_0" x="1143" y="706" width="28" height="27"/>
 <SubTexture name="__dbTextures/Symbol 4483/Layer 1_1" x="470" y="825" width="28" height="27"/>
 <SubTexture name="__dbTextures/Symbol 4483/Layer 1_2" x="1497" y="820" width="28" height="27"/>
 <SubTexture name="__dbTextures/Symbol 4483/Layer 1_3" x="1979" y="815" width="28" height="27"/>
 <SubTexture name="__dbTextures/Symbol 4483/Layer 1_4" x="965" y="820" width="28" height="27"/>
 <SubTexture name="__dbTextures/Symbol 4483/Layer 1_5" x="1144" y="820" width="28" height="27"/>
 <SubTexture name="__dbTextures/Symbol 4483/Layer 1_6" x="2017" y="806" width="28" height="27"/>
 <SubTexture name="__dbTextures/Symbol 4483/Layer 1_7" x="1515" y="670" width="28" height="27"/>
 <SubTexture name="__dbTextures/Symbol 4483/Layer 1_8" x="1711" y="720" width="28" height="27"/>
 <SubTexture name="__dbTextures/Symbol 4483/Layer 1_9" x="1711" y="691" width="28" height="27"/>
 <SubTexture name="__dbTextures/Symbol 4483/Layer 1_10" x="1816" y="813" width="28" height="27"/>
 <SubTexture name="__dbTextures/Symbol 4483/Layer 1_11" x="1430" y="804" width="28" height="27"/>
 <SubTexture name="__dbTextures/Symbol 4483/Layer 1_12" x="1174" y="820" width="28" height="27"/>
 <SubTexture name="__dbTextures/Symbol 4483/Layer 1_13" x="1061" y="820" width="28" height="27"/>
 <SubTexture name="__dbTextures/Symbol 4483/Layer 1_14" x="912" y="829" width="28" height="27"/>
 <SubTexture name="__dbTextures/Symbol 4483/Layer 1_15" x="1693" y="824" width="28" height="27"/>
 <SubTexture name="__dbTextures/Symbol 4483/Layer 1_16" x="149" y="825" width="28" height="27"/>
 <SubTexture name="__dbTextures/Symbol 4483/Layer 1_17" x="1515" y="641" width="28" height="27"/>
 <SubTexture name="__dbTextures/Symbol 4483/Layer 1_18" x="1430" y="775" width="28" height="27"/>
 <SubTexture name="__dbTextures/Symbol 4483/Layer 1_19" x="1143" y="735" width="28" height="27"/>
 <SubTexture name="__dbTextures/Symbol 4483/Layer 1_20" x="2017" y="777" width="28" height="27"/>
 <SubTexture name="__dbTextures/Symbol 4483/Layer 1_21" x="607" y="829" width="28" height="27"/>
 <SubTexture name="__dbTextures/Symbol 4483/Layer 1_22" x="500" y="825" width="28" height="27"/>
 <SubTexture name="__dbTextures/Symbol 4483/Layer 1_23" x="1143" y="677" width="28" height="27"/>
 <SubTexture name="__dbTextures/Symbol 4536/Layer 2_0" x="1816" y="677" width="49" height="54"/>
 <SubTexture name="__dbTextures/Symbol 4536/Layer 1_0" x="1094" y="741" width="39" height="39"/>
 <SubTexture name="__dbTextures/Symbol 4536/Layer 1_1" x="1173" y="741" width="39" height="39"/>
 <SubTexture name="__dbTextures/Symbol 4536/Layer 1_2" x="1502" y="741" width="39" height="39"/>
 <SubTexture name="__dbTextures/Symbol 4536/Layer 1_3" x="1544" y="734" width="39" height="39"/>
 <SubTexture name="__dbTextures/Symbol 4536/Layer 1_4" x="454" y="765" width="39" height="39"/>
 <SubTexture name="__dbTextures/Symbol 4536/Layer 1_5" x="0" y="752" width="39" height="39"/>
 <SubTexture name="__dbTextures/Symbol 4536/Layer 1_6" x="1222" y="734" width="39" height="39"/>
 <SubTexture name="__dbTextures/Symbol 4536/Layer 1_7" x="501" y="746" width="39" height="39"/>
 <SubTexture name="__dbTextures/Symbol 4536/Layer 1_8" x="986" y="741" width="39" height="39"/>
 <SubTexture name="__dbTextures/Symbol 4536/Layer 1_9" x="944" y="750" width="39" height="39"/>
 <SubTexture name="__dbTextures/Symbol 4536/Layer 1_10" x="168" y="746" width="39" height="39"/>
 <SubTexture name="__dbTextures/Symbol 4536/Layer 1_11" x="1348" y="734" width="39" height="39"/>
 <SubTexture name="__dbTextures/Symbol 4536/Layer 1_12" x="886" y="765" width="39" height="39"/>
 <SubTexture name="__dbTextures/Symbol 4536/Layer 1_13" x="1618" y="763" width="39" height="39"/>
 <SubTexture name="__dbTextures/Symbol 4536/Layer 1_14" x="1858" y="753" width="39" height="39"/>
 <SubTexture name="__dbTextures/Symbol 4536/Layer 1_15" x="1027" y="762" width="39" height="39"/>
 <SubTexture name="__dbTextures/Symbol 4536/Layer 1_16" x="627" y="750" width="39" height="39"/>
 <SubTexture name="__dbTextures/Symbol 4536/Layer 1_17" x="460" y="724" width="39" height="39"/>
 <SubTexture name="__dbTextures/Symbol 4536/Layer 1_18" x="903" y="724" width="39" height="39"/>
 <SubTexture name="__dbTextures/Symbol 4536/Layer 1_19" x="1979" y="736" width="39" height="39"/>
 <SubTexture name="__dbTextures/Symbol 4536/Layer 1_20" x="862" y="724" width="39" height="39"/>
 <SubTexture name="__dbTextures/Symbol 4536/Layer 1_21" x="1053" y="721" width="39" height="39"/>
 <SubTexture name="__dbTextures/Symbol 4536/Layer 1_22" x="1905" y="730" width="39" height="39"/>
 <SubTexture name="__dbTextures/Symbol 4536/Layer 1_23" x="845" y="765" width="39" height="39"/>
 <SubTexture name="__dbTextures/Symbol 4536/Layer 1_24" x="1263" y="734" width="39" height="39"/>
 <SubTexture name="Symbol 4538" x="1364" y="677" width="52" height="55"/>
 <SubTexture name="Symbol 4540" x="1298" y="803" width="36" height="36"/>
 <SubTexture name="__dbTextures/Symbol 4589/Layer 1_1" x="985" y="782" width="36" height="36"/>
 <SubTexture name="__dbTextures/Symbol 4589/Layer 1_2" x="1867" y="677" width="36" height="36"/>
 <SubTexture name="__dbTextures/Symbol 4589/Layer 1_3" x="1173" y="782" width="36" height="36"/>
 <SubTexture name="__dbTextures/Symbol 4589/Layer 1_4" x="1867" y="715" width="36" height="36"/>
 <SubTexture name="__dbTextures/Symbol 4589/Layer 1_5" x="1941" y="798" width="36" height="36"/>
 <SubTexture name="__dbTextures/Symbol 4589/Layer 1_6" x="836" y="806" width="36" height="36"/>
 <SubTexture name="__dbTextures/Symbol 4589/Layer 1_7" x="1068" y="782" width="36" height="36"/>
 <SubTexture name="__dbTextures/Symbol 4589/Layer 1_8" x="1701" y="786" width="36" height="36"/>
 <SubTexture name="__dbTextures/Symbol 4589/Layer 1_9" x="1858" y="794" width="36" height="36"/>
 <SubTexture name="__dbTextures/Symbol 4589/Layer 1_10" x="874" y="806" width="36" height="36"/>
 <SubTexture name="__dbTextures/Symbol 4589/Layer 1_11" x="1502" y="782" width="36" height="36"/>
 <SubTexture name="__dbTextures/Symbol 4589/Layer 1_12" x="927" y="791" width="36" height="36"/>
 <SubTexture name="__dbTextures/Symbol 4589/Layer 1_13" x="1106" y="802" width="36" height="36"/>
 <SubTexture name="__dbTextures/Symbol 4589/Layer 1_14" x="0" y="793" width="36" height="36"/>
 <SubTexture name="__dbTextures/Symbol 4589/Layer 1_15" x="1979" y="777" width="36" height="36"/>
 <SubTexture name="__dbTextures/Symbol 4589/Layer 1_16" x="1135" y="764" width="36" height="36"/>
 <SubTexture name="__dbTextures/Symbol 4589/Layer 1_17" x="2009" y="374" width="36" height="36"/>
 <SubTexture name="__dbTextures/Symbol 4589/Layer 1_18" x="495" y="787" width="36" height="36"/>
 <SubTexture name="__dbTextures/Symbol 4589/Layer 1_19" x="1023" y="803" width="36" height="36"/>
 <SubTexture name="__dbTextures/Symbol 4589/Layer 1_20" x="626" y="791" width="36" height="36"/>
 <SubTexture name="__dbTextures/Symbol 4589/Layer 1_21" x="432" y="806" width="36" height="36"/>
 <SubTexture name="__dbTextures/Symbol 4589/Layer 1_22" x="1618" y="804" width="36" height="36"/>
 <SubTexture name="__dbTextures/Symbol 4589/Layer 1_23" x="2009" y="336" width="36" height="36"/>
 <SubTexture name="__dbTextures/Symbol 4589/Layer 1_24" x="167" y="787" width="36" height="36"/>
 <SubTexture name="Symbol 4591" x="0" y="326" width="55" height="62"/>
 <SubTexture name="Symbol 4593" x="1656" y="813" width="35" height="35"/>
 <SubTexture name="__dbTextures/Symbol 4639/Layer 1_1" x="1211" y="813" width="35" height="35"/>
 <SubTexture name="__dbTextures/Symbol 4639/Layer 1_2" x="38" y="810" width="35" height="35"/>
 <SubTexture name="__dbTextures/Symbol 4639/Layer 1_3" x="1373" y="813" width="35" height="35"/>
 <SubTexture name="__dbTextures/Symbol 4639/Layer 1_4" x="330" y="810" width="35" height="35"/>
 <SubTexture name="__dbTextures/Symbol 4639/Layer 1_5" x="570" y="809" width="35" height="35"/>
 <SubTexture name="__dbTextures/Symbol 4639/Layer 1_6" x="738" y="810" width="35" height="35"/>
 <SubTexture name="__dbTextures/Symbol 4639/Layer 1_7" x="533" y="809" width="35" height="35"/>
 <SubTexture name="__dbTextures/Symbol 4639/Layer 1_8" x="367" y="812" width="35" height="35"/>
 <SubTexture name="__dbTextures/Symbol 4639/Layer 1_9" x="293" y="810" width="35" height="35"/>
 <SubTexture name="__dbTextures/Symbol 4639/Layer 1_10" x="242" y="811" width="35" height="35"/>
 <SubTexture name="__dbTextures/Symbol 4639/Layer 1_11" x="1336" y="813" width="35" height="35"/>
 <SubTexture name="__dbTextures/Symbol 4639/Layer 1_12" x="1704" y="749" width="35" height="35"/>
 <SubTexture name="__dbTextures/Symbol 4639/Layer 1_13" x="1248" y="813" width="35" height="35"/>
 <SubTexture name="__dbTextures/Symbol 4639/Layer 1_14" x="75" y="811" width="35" height="35"/>
 <SubTexture name="__dbTextures/Symbol 4639/Layer 1_15" x="112" y="811" width="35" height="35"/>
 <SubTexture name="__dbTextures/Symbol 4639/Layer 1_16" x="205" y="811" width="35" height="35"/>
 <SubTexture name="__dbTextures/Symbol 4639/Layer 1_17" x="1896" y="809" width="35" height="35"/>
 <SubTexture name="__dbTextures/Symbol 4639/Layer 1_18" x="701" y="809" width="35" height="35"/>
 <SubTexture name="__dbTextures/Symbol 4639/Layer 1_19" x="1460" y="813" width="35" height="35"/>
 <SubTexture name="__dbTextures/Symbol 4639/Layer 1_20" x="664" y="809" width="35" height="35"/>
 <SubTexture name="__dbTextures/Symbol 4639/Layer 1_21" x="1540" y="813" width="35" height="35"/>
 <SubTexture name="__dbTextures/Symbol 4639/Layer 1_22" x="775" y="810" width="35" height="35"/>
 <SubTexture name="__dbTextures/Symbol 4700/Layer 1_0" x="1786" y="85" width="74" height="77"/>
 <SubTexture name="__dbTextures/Symbol 4700/Layer 1_1" x="1000" y="170" width="74" height="77"/>
 <SubTexture name="__dbTextures/Symbol 4700/Layer 1_2" x="1634" y="164" width="74" height="77"/>
 <SubTexture name="__dbTextures/Symbol 4700/Layer 1_3" x="1634" y="243" width="74" height="77"/>
 <SubTexture name="__dbTextures/Symbol 4700/Layer 1_4" x="1944" y="164" width="74" height="77"/>
 <SubTexture name="__dbTextures/Symbol 4700/Layer 1_5" x="462" y="170" width="74" height="77"/>
 <SubTexture name="__dbTextures/Symbol 4700/Layer 1_6" x="1634" y="85" width="74" height="77"/>
 <SubTexture name="__dbTextures/Symbol 4700/Layer 1_7" x="1944" y="85" width="74" height="77"/>
 <SubTexture name="__dbTextures/Symbol 4700/Layer 1_8" x="1482" y="243" width="74" height="77"/>
 <SubTexture name="__dbTextures/Symbol 4700/Layer 1_9" x="1786" y="164" width="74" height="77"/>
 <SubTexture name="__dbTextures/Symbol 4700/Layer 1_10" x="614" y="170" width="74" height="77"/>
 <SubTexture name="__dbTextures/Symbol 4700/Layer 1_11" x="1324" y="85" width="74" height="77"/>
 <SubTexture name="__dbTextures/Symbol 4700/Layer 1_12" x="1324" y="164" width="74" height="77"/>
 <SubTexture name="__dbTextures/Symbol 4700/Layer 1_13" x="1710" y="85" width="74" height="77"/>
 <SubTexture name="__dbTextures/Symbol 4700/Layer 1_14" x="766" y="170" width="74" height="77"/>
 <SubTexture name="__dbTextures/Symbol 4700/Layer 1_15" x="1482" y="164" width="74" height="77"/>
 <SubTexture name="__dbTextures/Symbol 4700/Layer 1_16" x="690" y="170" width="74" height="77"/>
 <SubTexture name="__dbTextures/Symbol 4700/Layer 1_17" x="152" y="170" width="74" height="77"/>
 <SubTexture name="__dbTextures/Symbol 4700/Layer 1_18" x="228" y="170" width="74" height="77"/>
 <SubTexture name="__dbTextures/Symbol 4700/Layer 1_19" x="1558" y="243" width="74" height="77"/>
 <SubTexture name="__dbTextures/Symbol 4700/Layer 1_20" x="0" y="168" width="74" height="77"/>
 <SubTexture name="__dbTextures/Symbol 4700/Layer 1_21" x="1558" y="85" width="74" height="77"/>
 <SubTexture name="__dbTextures/Symbol 4700/Layer 1_22" x="1482" y="85" width="74" height="77"/>
 <SubTexture name="__dbTextures/Symbol 4700/Layer 1_23" x="538" y="170" width="74" height="77"/>
 <SubTexture name="__dbTextures/Symbol 4700/Layer 1_24" x="304" y="170" width="74" height="77"/>
 <SubTexture name="__dbTextures/Symbol 4700/Layer 1_25" x="1322" y="243" width="74" height="77"/>
 <SubTexture name="__dbTextures/Symbol 4700/Layer 1_26" x="1558" y="164" width="74" height="77"/>
 <SubTexture name="__dbTextures/Symbol 4700/Layer 1_27" x="76" y="170" width="74" height="77"/>
 <SubTexture name="__dbTextures/Symbol 4700/Layer 1_28" x="924" y="170" width="74" height="77"/>
 <SubTexture name="__dbTextures/Symbol 4700/Layer 1_29" x="1710" y="164" width="74" height="77"/>
 <SubTexture name="__dbTextures/Symbol 4841/Layer 1_0" x="1242" y="85" width="80" height="72"/>
 <SubTexture name="__dbTextures/Symbol 4841/Layer 1_1" x="1551" y="322" width="80" height="72"/>
 <SubTexture name="__dbTextures/Symbol 4841/Layer 1_2" x="723" y="471" width="80" height="72"/>
 <SubTexture name="__dbTextures/Symbol 4841/Layer 1_3" x="735" y="397" width="80" height="72"/>
 <SubTexture name="__dbTextures/Symbol 4841/Layer 1_4" x="817" y="466" width="80" height="72"/>
 <SubTexture name="__dbTextures/Symbol 4841/Layer 1_5" x="284" y="397" width="80" height="72"/>
 <SubTexture name="__dbTextures/Symbol 4841/Layer 1_6" x="1764" y="475" width="80" height="72"/>
 <SubTexture name="__dbTextures/Symbol 4841/Layer 1_7" x="1551" y="396" width="80" height="72"/>
 <SubTexture name="__dbTextures/Symbol 4841/Layer 1_8" x="1846" y="455" width="80" height="72"/>
 <SubTexture name="__dbTextures/Symbol 4841/Layer 1_9" x="1078" y="85" width="80" height="72"/>
 <SubTexture name="__dbTextures/Symbol 4841/Layer 1_10" x="270" y="471" width="80" height="72"/>
 <SubTexture name="__dbTextures/Symbol 4841/Layer 1_11" x="1846" y="381" width="80" height="72"/>
 <SubTexture name="__dbTextures/Symbol 4841/Layer 1_12" x="1207" y="455" width="80" height="72"/>
 <SubTexture name="__dbTextures/Symbol 4841/Layer 1_13" x="1218" y="381" width="80" height="72"/>
 <SubTexture name="__dbTextures/Symbol 4841/Layer 1_14" x="49" y="476" width="80" height="72"/>
 <SubTexture name="__dbTextures/Symbol 4841/Layer 1_15" x="1054" y="381" width="80" height="72"/>
 <SubTexture name="__dbTextures/Symbol 4841/Layer 1_16" x="1043" y="455" width="80" height="72"/>
 <SubTexture name="__dbTextures/Symbol 4841/Layer 1_17" x="1764" y="401" width="80" height="72"/>
 <SubTexture name="__dbTextures/Symbol 4841/Layer 1_18" x="1551" y="470" width="80" height="72"/>
 <SubTexture name="__dbTextures/Symbol 4841/Layer 1_19" x="1160" y="85" width="80" height="72"/>
 <SubTexture name="__dbTextures/Symbol 4841/Layer 1_20" x="1160" y="159" width="80" height="72"/>
 <SubTexture name="__dbTextures/Symbol 4841/Layer 1_21" x="380" y="170" width="80" height="72"/>
 <SubTexture name="__dbTextures/Symbol 4841/Layer 1_22" x="1862" y="233" width="80" height="72"/>
 <SubTexture name="__dbTextures/Symbol 4841/Layer 1_23" x="842" y="244" width="80" height="72"/>
 <SubTexture name="__dbTextures/Symbol 4841/Layer 1_24" x="757" y="249" width="80" height="72"/>
 <SubTexture name="__dbTextures/Symbol 4841/Layer 1_25" x="1398" y="307" width="80" height="72"/>
 <SubTexture name="__dbTextures/Symbol 4841/Layer 1_26" x="1312" y="322" width="80" height="72"/>
 <SubTexture name="__dbTextures/Symbol 4841/Layer 1_27" x="604" y="323" width="80" height="72"/>
 <SubTexture name="__dbTextures/Symbol 4841/Layer 1_28" x="57" y="328" width="80" height="72"/>
 <SubTexture name="__dbTextures/Symbol 4841/Layer 1_29" x="1136" y="381" width="80" height="72"/>
 <SubTexture name="__dbTextures/Symbol 4841/Layer 1_30" x="1394" y="381" width="80" height="72"/>
 <SubTexture name="__dbTextures/Symbol 4841/Layer 1_31" x="377" y="392" width="80" height="72"/>
 <SubTexture name="__dbTextures/Symbol 4841/Layer 1_32" x="1300" y="396" width="80" height="72"/>
 <SubTexture name="__dbTextures/Symbol 4841/Layer 1_33" x="139" y="397" width="80" height="72"/>
 <SubTexture name="__dbTextures/Symbol 4841/Layer 1_34" x="592" y="397" width="80" height="72"/>
 <SubTexture name="__dbTextures/Symbol 4841/Layer 1_35" x="1682" y="401" width="80" height="72"/>
 <SubTexture name="__dbTextures/Symbol 4841/Layer 1_36" x="49" y="402" width="80" height="72"/>
 <SubTexture name="__dbTextures/Symbol 4841/Layer 1_37" x="1125" y="455" width="80" height="72"/>
 <SubTexture name="__dbTextures/Symbol 4841/Layer 1_38" x="1382" y="455" width="80" height="72"/>
 <SubTexture name="__dbTextures/Symbol 4841/Layer 1_39" x="366" y="466" width="80" height="72"/>
 <SubTexture name="__dbTextures/Symbol 4841/Layer 1_40" x="1289" y="470" width="80" height="72"/>
 <SubTexture name="__dbTextures/Symbol 4841/Layer 1_41" x="131" y="471" width="80" height="72"/>
 <SubTexture name="__dbTextures/Symbol 4841/Layer 1_42" x="581" y="471" width="80" height="72"/>
 <SubTexture name="__dbTextures/Symbol 4841/Layer 1_43" x="1464" y="475" width="80" height="72"/>
 <SubTexture name="__dbTextures/Symbol 4841/Layer 1_44" x="1682" y="475" width="80" height="72"/>
 <SubTexture name="__dbTextures/Symbol 4841/Layer 1_45" x="839" y="318" width="80" height="72"/>
 <SubTexture name="__dbTextures/Symbol 4841/Layer 1_46" x="1852" y="307" width="80" height="72"/>
 <SubTexture name="__dbTextures/Symbol 4841/Layer 1_47" x="1230" y="307" width="80" height="72"/>
 <SubTexture name="__dbTextures/Symbol 4841/Layer 1_48" x="1066" y="307" width="80" height="72"/>
 <SubTexture name="__dbTextures/Symbol 4841/Layer 1_49" x="604" y="249" width="80" height="72"/>
 <SubTexture name="__dbTextures/Symbol 4841/Layer 1_50" x="142" y="249" width="80" height="72"/>
 <SubTexture name="__dbTextures/Symbol 4841/Layer 1_51" x="380" y="244" width="80" height="72"/>
 <SubTexture name="__dbTextures/Symbol 4841/Layer 1_52" x="1400" y="233" width="80" height="72"/>
 <SubTexture name="__dbTextures/Symbol 4841/Layer 1_53" x="1158" y="233" width="80" height="72"/>
 <SubTexture name="__dbTextures/Symbol 4841/Layer 1_54" x="842" y="170" width="80" height="72"/>
 <SubTexture name="__dbTextures/Symbol 4841/Layer 1_55" x="1862" y="159" width="80" height="72"/>
 <SubTexture name="__dbTextures/Symbol 4841/Layer 1_56" x="1242" y="159" width="80" height="72"/>
 <SubTexture name="__dbTextures/Symbol 4841/Layer 1_57" x="1078" y="159" width="80" height="72"/>
 <SubTexture name="__dbTextures/Symbol 4841/Layer 1_58" x="1400" y="85" width="80" height="72"/>
 <SubTexture name="__dbTextures/Symbol 4841/Layer 1_59" x="839" y="392" width="80" height="72"/>
 <SubTexture name="__dbTextures/Symbol 4841/Layer 1_60" x="295" y="323" width="80" height="72"/>
 <SubTexture name="__dbTextures/Symbol 4841/Layer 1_61" x="757" y="323" width="80" height="72"/>
 <SubTexture name="__dbTextures/Symbol 4841/Layer 1_62" x="1862" y="85" width="80" height="72"/>
 <SubTexture name="__dbTextures/Symbol 4841/Layer 1_63" x="1400" y="159" width="80" height="72"/>
 <SubTexture name="__dbTextures/Symbol 4841/Layer 1_64" x="1076" y="233" width="80" height="72"/>
 <SubTexture name="__dbTextures/Symbol 4841/Layer 1_65" x="1240" y="233" width="80" height="72"/>
 <SubTexture name="__dbTextures/Symbol 4841/Layer 1_66" x="295" y="249" width="80" height="72"/>
 <SubTexture name="__dbTextures/Symbol 4841/Layer 1_67" x="1148" y="307" width="80" height="72"/>
 <SubTexture name="__dbTextures/Symbol 4841/Layer 1_68" x="377" y="318" width="80" height="72"/>
 <SubTexture name="__dbTextures/Symbol 4841/Layer 1_69" x="142" y="323" width="80" height="72"/>
 <SubTexture name="Shape/shape 4843" x="0" y="390" width="47" height="62"/>
 <SubTexture name="Shape/shape 4849" x="663" y="516" width="47" height="62"/>
 <SubTexture name="Shape/shape 4855" x="1996" y="544" width="47" height="62"/>
 <SubTexture name="Shape/shape 4861" x="0" y="518" width="47" height="62"/>
 <SubTexture name="Shape/shape 4867" x="974" y="580" width="47" height="62"/>
 <SubTexture name="Shape/shape 4873" x="1980" y="672" width="47" height="62"/>
 <SubTexture name="Shape/shape 4879" x="645" y="644" width="47" height="62"/>
 <SubTexture name="Shape/shape 4885" x="49" y="624" width="47" height="62"/>
 <SubTexture name="Shape/shape 4891" x="0" y="454" width="47" height="62"/>
 <SubTexture name="Shape/shape 4897" x="1004" y="677" width="47" height="62"/>
 <SubTexture name="Shape/shape 4903" x="523" y="576" width="47" height="62"/>
 <SubTexture name="Shape/shape 4909" x="994" y="388" width="47" height="62"/>
 <SubTexture name="Shape/shape 4915" x="656" y="580" width="47" height="62"/>
 <SubTexture name="Shape/shape 4921" x="1173" y="677" width="47" height="62"/>
 <SubTexture name="Shape/shape 4927" x="686" y="388" width="47" height="62"/>
 <SubTexture name="Shape/shape 4933" x="502" y="640" width="47" height="62"/>
 <SubTexture name="Shape/shape 4939" x="1620" y="657" width="47" height="62"/>
 <SubTexture name="Shape/shape 4945" x="994" y="516" width="47" height="62"/>
 <SubTexture name="Shape/shape 4951" x="1996" y="608" width="47" height="62"/>
 <SubTexture name="Shape/shape 4955" x="532" y="512" width="47" height="62"/>
 <SubTexture name="Shape/shape 4959" x="1094" y="677" width="47" height="62"/>
 <SubTexture name="Shape/shape 4963" x="674" y="452" width="47" height="62"/>
 <SubTexture name="Shape/shape 4967" x="1633" y="401" width="47" height="62"/>
 <SubTexture name="Shape/shape 4971" x="532" y="448" width="47" height="62"/>
 <SubTexture name="Shape/shape 4975" x="994" y="452" width="47" height="62"/>
 <SubTexture name="Shape/shape 4979" x="206" y="576" width="47" height="62"/>
 <SubTexture name="Shape/shape 4983" x="955" y="644" width="47" height="62"/>
 <SubTexture name="Shape/shape 4987" x="1633" y="465" width="47" height="62"/>
 <SubTexture name="Shape/shape 4991" x="221" y="448" width="47" height="62"/>
 <SubTexture name="Shape/shape 4995" x="1621" y="593" width="47" height="62"/>
 <SubTexture name="Shape/shape 4999" x="0" y="582" width="47" height="62"/>
 <SubTexture name="Shape/shape 5003" x="213" y="512" width="47" height="62"/>
 <SubTexture name="Shape/shape 5007" x="197" y="640" width="47" height="62"/>
 <SubTexture name="Shape/shape 5011" x="0" y="646" width="47" height="62"/>
 <SubTexture name="Shape/shape 5015" x="1633" y="529" width="47" height="62"/>
 <SubTexture name="Shape/shape 4845" x="2015" y="280" width="31" height="26"/>
 <SubTexture name="Shape/shape 4851" x="1783" y="747" width="31" height="26"/>
 <SubTexture name="Shape/shape 4857" x="1946" y="714" width="31" height="26"/>
 <SubTexture name="Shape/shape 4863" x="1783" y="775" width="31" height="26"/>
 <SubTexture name="Shape/shape 4869" x="1946" y="686" width="31" height="26"/>
 <SubTexture name="Shape/shape 4875" x="1783" y="719" width="31" height="26"/>
 <SubTexture name="Shape/shape 4881" x="1783" y="691" width="31" height="26"/>
 <SubTexture name="Shape/shape 4887" x="2015" y="252" width="31" height="26"/>
 <SubTexture name="Shape/shape 4893" x="1585" y="748" width="31" height="26"/>
 <SubTexture name="Shape/shape 4899" x="1587" y="692" width="31" height="26"/>
 <SubTexture name="Shape/shape 4905" x="1783" y="803" width="31" height="26"/>
 <SubTexture name="Shape/shape 4911" x="1585" y="804" width="31" height="26"/>
 <SubTexture name="Shape/shape 4917" x="1946" y="742" width="31" height="26"/>
 <SubTexture name="Shape/shape 4923" x="1946" y="770" width="31" height="26"/>
 <SubTexture name="Shape/shape 4929" x="1739" y="813" width="31" height="26"/>
 <SubTexture name="Shape/shape 4935" x="1585" y="776" width="31" height="26"/>
 <SubTexture name="Shape/shape 4941" x="2015" y="308" width="31" height="26"/>
 <SubTexture name="Shape/shape 4947" x="1587" y="720" width="31" height="26"/>
 <SubTexture name="Shape/shape 4847" x="337" y="614" width="73" height="72"/>
 <SubTexture name="Shape/shape 4853" x="1367" y="603" width="73" height="72"/>
 <SubTexture name="Shape/shape 4859" x="712" y="545" width="73" height="72"/>
 <SubTexture name="Shape/shape 4865" x="1928" y="396" width="73" height="72"/>
 <SubTexture name="Shape/shape 4871" x="1371" y="529" width="73" height="72"/>
 <SubTexture name="Shape/shape 4877" x="1173" y="603" width="73" height="72"/>
 <SubTexture name="Shape/shape 4883" x="1248" y="618" width="73" height="72"/>
 <SubTexture name="Shape/shape 4889" x="1832" y="603" width="73" height="72"/>
 <SubTexture name="Shape/shape 4895" x="1446" y="549" width="73" height="72"/>
 <SubTexture name="Shape/shape 4901" x="1934" y="322" width="73" height="72"/>
 <SubTexture name="Shape/shape 4907" x="262" y="545" width="73" height="72"/>
 <SubTexture name="Shape/shape 4913" x="1193" y="529" width="73" height="72"/>
 <SubTexture name="Shape/shape 4919" x="899" y="532" width="73" height="72"/>
 <SubTexture name="Shape/shape 4925" x="1023" y="603" width="73" height="72"/>
 <SubTexture name="Shape/shape 4931" x="805" y="540" width="73" height="72"/>
 <SubTexture name="Shape/shape 4937" x="1118" y="529" width="73" height="72"/>
 <SubTexture name="Shape/shape 4943" x="1928" y="470" width="73" height="72"/>
 <SubTexture name="Shape/shape 4949" x="1682" y="549" width="73" height="72"/>
 <SubTexture name="Shape/shape 4953" x="427" y="606" width="73" height="72"/>
 <SubTexture name="Shape/shape 4957" x="1545" y="618" width="73" height="72"/>
 <SubTexture name="Shape/shape 4961" x="1268" y="544" width="73" height="72"/>
 <SubTexture name="Shape/shape 4965" x="1476" y="401" width="73" height="72"/>
 <SubTexture name="Shape/shape 4969" x="1546" y="544" width="73" height="72"/>
 <SubTexture name="Shape/shape 4973" x="131" y="545" width="73" height="72"/>
 <SubTexture name="Shape/shape 4977" x="1098" y="603" width="73" height="72"/>
 <SubTexture name="Shape/shape 4981" x="880" y="606" width="73" height="72"/>
 <SubTexture name="Shape/shape 4985" x="581" y="545" width="73" height="72"/>
 <SubTexture name="Shape/shape 4989" x="1757" y="549" width="73" height="72"/>
 <SubTexture name="Shape/shape 4993" x="1043" y="529" width="73" height="72"/>
 <SubTexture name="Shape/shape 4997" x="49" y="550" width="73" height="72"/>
 <SubTexture name="Shape/shape 5001" x="787" y="614" width="73" height="72"/>
 <SubTexture name="Shape/shape 5005" x="352" y="540" width="73" height="72"/>
 <SubTexture name="Shape/shape 5009" x="1921" y="544" width="73" height="72"/>
 <SubTexture name="Shape/shape 5013" x="1846" y="529" width="73" height="72"/>
 <SubTexture name="Shape/shape 5017" x="448" y="532" width="73" height="72"/>
 <SubTexture name="Shape/shape 5020" x="1781" y="243" width="69" height="77"/>
 <SubTexture name="Shape/shape 5038" x="0" y="247" width="69" height="77"/>
 <SubTexture name="Shape/shape 5043" x="1633" y="322" width="69" height="77"/>
 <SubTexture name="Shape/shape 5048" x="686" y="249" width="69" height="77"/>
 <SubTexture name="Shape/shape 5053" x="71" y="249" width="69" height="77"/>
 <SubTexture name="Shape/shape 5057" x="1944" y="243" width="69" height="77"/>
 <SubTexture name="Shape/shape 5062" x="1710" y="243" width="69" height="77"/>
 <SubTexture name="Shape/shape 5067" x="224" y="249" width="69" height="77"/>
 <SubTexture name="Shape/shape 5072" x="924" y="249" width="69" height="77"/>
 <SubTexture name="Shape/shape 5077" x="533" y="249" width="69" height="77"/>
 <SubTexture name="Shape/shape 5082" x="462" y="249" width="69" height="77"/>
 <SubTexture name="Shape/shape 5087" x="1775" y="322" width="69" height="77"/>
 <SubTexture name="Shape/shape 5091" x="1480" y="322" width="69" height="77"/>
 <SubTexture name="Shape/shape 5096" x="995" y="249" width="69" height="77"/>
 <SubTexture name="Shape/shape 5101" x="1704" y="322" width="69" height="77"/>
 <SubTexture name="Shape/shape 5055" x="921" y="396" width="71" height="66"/>
 <SubTexture name="Shape/shape 5089" x="459" y="328" width="71" height="66"/>
 <SubTexture name="Shape/shape 5107" x="124" y="619" width="71" height="66"/>
 <SubTexture name="Shape/shape 5116" x="459" y="396" width="71" height="66"/>
 <SubTexture name="Shape/shape 5117" x="1907" y="618" width="71" height="66"/>
 <SubTexture name="Shape/shape 5118" x="921" y="464" width="71" height="66"/>
 <SubTexture name="Shape/shape 5119" x="705" y="619" width="71" height="66"/>
 <SubTexture name="Shape/shape 5120" x="1442" y="623" width="71" height="66"/>
 <SubTexture name="Shape/shape 5121" x="921" y="328" width="71" height="66"/>
 <SubTexture name="Shape/shape 5122" x="459" y="464" width="71" height="66"/>
 <SubTexture name="Shape/shape 5123" x="572" y="619" width="71" height="66"/>
 <SubTexture name="Shape/shape 5134" x="255" y="619" width="71" height="66"/>
 <SubTexture name="Shape/shape 5153" x="1670" y="623" width="71" height="66"/>
 <SubTexture name="Shape/shape 5154" x="1743" y="623" width="71" height="66"/>
 <SubTexture name="Shape/shape 5036" x="1636" y="0" width="75" height="83"/>
 <SubTexture name="Shape/shape 5041" x="558" y="0" width="75" height="83"/>
 <SubTexture name="Shape/shape 5046" x="385" y="85" width="75" height="83"/>
 <SubTexture name="Shape/shape 5051" x="404" y="0" width="75" height="83"/>
 <SubTexture name="Shape/shape 5060" x="1790" y="0" width="75" height="83"/>
 <SubTexture name="Shape/shape 5065" x="1001" y="85" width="75" height="83"/>
 <SubTexture name="Shape/shape 5070" x="712" y="0" width="75" height="83"/>
 <SubTexture name="Shape/shape 5075" x="1944" y="0" width="75" height="83"/>
 <SubTexture name="Shape/shape 5080" x="866" y="0" width="75" height="83"/>
 <SubTexture name="Shape/shape 5085" x="539" y="85" width="75" height="83"/>
 <SubTexture name="Shape/shape 5094" x="1020" y="0" width="75" height="83"/>
 <SubTexture name="Shape/shape 5099" x="77" y="85" width="75" height="83"/>
 <SubTexture name="Shape/shape 5104" x="1174" y="0" width="75" height="83"/>
 <SubTexture name="Shape/shape 5106" x="1328" y="0" width="75" height="83"/>
 <SubTexture name="Shape/shape 5109" x="924" y="85" width="75" height="83"/>
 <SubTexture name="Shape/shape 5111" x="231" y="85" width="75" height="83"/>
 <SubTexture name="Shape/shape 5113" x="1482" y="0" width="75" height="83"/>
 <SubTexture name="Shape/shape 5115" x="693" y="85" width="75" height="83"/>
 <SubTexture name="Shape/shape 5125" x="250" y="0" width="75" height="83"/>
 <SubTexture name="Shape/shape 5127" x="173" y="0" width="75" height="83"/>
 <SubTexture name="Shape/shape 5129" x="481" y="0" width="75" height="83"/>
 <SubTexture name="Shape/shape 5131" x="327" y="0" width="75" height="83"/>
 <SubTexture name="Shape/shape 5133" x="635" y="0" width="75" height="83"/>
 <SubTexture name="Shape/shape 5136" x="789" y="0" width="75" height="83"/>
 <SubTexture name="Shape/shape 5138" x="943" y="0" width="75" height="83"/>
 <SubTexture name="Shape/shape 5140" x="1097" y="0" width="75" height="83"/>
 <SubTexture name="Shape/shape 5142" x="1251" y="0" width="75" height="83"/>
 <SubTexture name="Shape/shape 5144" x="1405" y="0" width="75" height="83"/>
 <SubTexture name="Shape/shape 5146" x="1559" y="0" width="75" height="83"/>
 <SubTexture name="Shape/shape 5148" x="1867" y="0" width="75" height="83"/>
 <SubTexture name="Shape/shape 5150" x="1713" y="0" width="75" height="83"/>
 <SubTexture name="Shape/shape 5152" x="0" y="83" width="75" height="83"/>
 <SubTexture name="Shape/shape 5156" x="154" y="85" width="75" height="83"/>
 <SubTexture name="Shape/shape 5158" x="462" y="85" width="75" height="83"/>
 <SubTexture name="Shape/shape 5160" x="308" y="85" width="75" height="83"/>
 <SubTexture name="Shape/shape 5162" x="616" y="85" width="75" height="83"/>
 <SubTexture name="Shape/shape 5164" x="770" y="85" width="75" height="83"/>
 <SubTexture name="Shape/shape 5166" x="847" y="85" width="75" height="83"/>
 <SubTexture name="Shape/shape 5022" x="224" y="388" width="58" height="58"/>
 <SubTexture name="Shape/shape 5024" x="994" y="328" width="58" height="58"/>
 <SubTexture name="Shape/shape 5026" x="686" y="328" width="58" height="58"/>
 <SubTexture name="Shape/shape 5028" x="532" y="388" width="58" height="58"/>
 <SubTexture name="Shape/shape 5030" x="224" y="328" width="58" height="58"/>
 <SubTexture name="Shape/shape 5032" x="532" y="328" width="58" height="58"/>
</TextureAtlas>