<TextureAtlas name="Training_91_mc" imagePath="texture.png">
 <SubTexture name="__dbTextures/Training_91_mc/Layer 2_22" x="193" y="0" width="94" height="43"/>
 <SubTexture name="Shape/shape 5191" x="0" y="46" width="84" height="43"/>
 <SubTexture name="Shape/shape 5193" x="344" y="90" width="84" height="43"/>
 <SubTexture name="Shape/shape 5195" x="355" y="45" width="84" height="43"/>
 <SubTexture name="Shape/shape 5197" x="172" y="90" width="84" height="43"/>
 <SubTexture name="Shape/shape 5199" x="172" y="135" width="84" height="43"/>
 <SubTexture name="Shape/shape 5201" x="86" y="90" width="84" height="43"/>
 <SubTexture name="Shape/shape 5204" x="97" y="45" width="84" height="43"/>
 <SubTexture name="Shape/shape 5206" x="0" y="91" width="84" height="43"/>
 <SubTexture name="Shape/shape 5208" x="183" y="45" width="84" height="43"/>
 <SubTexture name="Shape/shape 5210" x="258" y="90" width="84" height="43"/>
 <SubTexture name="Shape/shape 5212" x="86" y="135" width="84" height="43"/>
 <SubTexture name="Shape/shape 5214" x="258" y="135" width="84" height="43"/>
 <SubTexture name="Shape/shape 5216" x="344" y="135" width="84" height="43"/>
 <SubTexture name="Shape/shape 5218" x="385" y="0" width="84" height="43"/>
 <SubTexture name="Shape/shape 5220" x="269" y="45" width="84" height="43"/>
 <SubTexture name="补间 40" x="471" y="0" width="27" height="13"/>
 <SubTexture name="补间 38" x="0" y="0" width="95" height="44"/>
 <SubTexture name="补间 39" x="97" y="0" width="94" height="43"/>
 <SubTexture name="补间 1" x="289" y="0" width="94" height="43"/>
</TextureAtlas>