<dragonBones name="1yrt" frameRate="30" version="2.3">
 <armature name="BulletIceTower_mc">
  <bone name="Layer 1">
   <transform x="0" y="0" skX="0" skY="0" scX="1" scY="1"/>
  </bone>
  <skin name="default">
   <slot name="Layer 1" parent="Layer 1" z="0">
    <display name="Shape/shape 6292" type="image">
     <transform x="0" y="0" skX="0" skY="0" scX="1" scY="1" pX="10" pY="11"/>
    </display>
    <display name="Shape/shape 6293" type="image">
     <transform x="0" y="0" skX="0" skY="0" scX="1" scY="1" pX="10" pY="11"/>
    </display>
    <display name="Shape/shape 6294" type="image">
     <transform x="0" y="0" skX="0" skY="0" scX="1" scY="1" pX="10" pY="11"/>
    </display>
    <display name="Shape/shape 6295" type="image">
     <transform x="0" y="0" skX="0" skY="0" scX="1" scY="1" pX="10" pY="11"/>
    </display>
    <display name="Shape/shape 6296" type="image">
     <transform x="0" y="0" skX="0" skY="0" scX="1" scY="1" pX="10" pY="11"/>
    </display>
    <display name="Shape/shape 6297" type="image">
     <transform x="0" y="0" skX="0" skY="0" scX="1" scY="1" pX="10" pY="11"/>
    </display>
    <display name="Shape/shape 6298" type="image">
     <transform x="0" y="0" skX="0" skY="0" scX="1" scY="1" pX="10" pY="11"/>
    </display>
    <display name="Shape/shape 6299" type="image">
     <transform x="0" y="0" skX="0" skY="0" scX="1" scY="1" pX="10" pY="11"/>
    </display>
    <display name="Shape/shape 6300" type="image">
     <transform x="0" y="0" skX="0" skY="0" scX="1" scY="1" pX="10" pY="11"/>
    </display>
    <display name="Shape/shape 6301" type="image">
     <transform x="0" y="0" skX="0" skY="0" scX="1" scY="1" pX="10" pY="11"/>
    </display>
    <display name="Shape/shape 6302" type="image">
     <transform x="0" y="0" skX="0" skY="0" scX="1" scY="1" pX="10" pY="11"/>
    </display>
    <display name="Shape/shape 6303" type="image">
     <transform x="0" y="0" skX="0" skY="0" scX="1" scY="1" pX="10" pY="11"/>
    </display>
    <display name="Shape/shape 6304" type="image">
     <transform x="0" y="0" skX="0" skY="0" scX="1" scY="1" pX="10" pY="11"/>
    </display>
    <display name="Shape/shape 6305" type="image">
     <transform x="0" y="0" skX="0" skY="0" scX="1" scY="1" pX="10" pY="11"/>
    </display>
    <display name="Shape/shape 6306" type="image">
     <transform x="0" y="0" skX="0" skY="0" scX="1" scY="1" pX="10" pY="11"/>
    </display>
    <display name="Shape/shape 6307" type="image">
     <transform x="0" y="0" skX="0" skY="0" scX="1" scY="1" pX="10" pY="11"/>
    </display>
    <display name="Shape/shape 6308" type="image">
     <transform x="0" y="0" skX="0" skY="0" scX="1" scY="1" pX="10" pY="11"/>
    </display>
    <display name="Shape/shape 6309" type="image">
     <transform x="0" y="0" skX="0" skY="0" scX="1" scY="1" pX="10" pY="11"/>
    </display>
    <display name="Shape/shape 6310" type="image">
     <transform x="0" y="0" skX="0" skY="0" scX="1" scY="1" pX="10" pY="11"/>
    </display>
    <display name="Shape/shape 6311" type="image">
     <transform x="0" y="0" skX="0" skY="0" scX="1" scY="1" pX="10" pY="11"/>
    </display>
    <display name="Shape/shape 6312" type="image">
     <transform x="0" y="0" skX="0" skY="0" scX="1" scY="1" pX="10" pY="11"/>
    </display>
    <display name="Shape/shape 6313" type="image">
     <transform x="0" y="0" skX="0" skY="0" scX="1" scY="1" pX="10" pY="11"/>
    </display>
    <display name="Shape/shape 6314" type="image">
     <transform x="0" y="0" skX="0" skY="0" scX="1" scY="1" pX="10" pY="11"/>
    </display>
    <display name="Shape/shape 6315" type="image">
     <transform x="0" y="0" skX="0" skY="0" scX="1" scY="1" pX="10" pY="11"/>
    </display>
    <display name="Shape/shape 6316" type="image">
     <transform x="0" y="0" skX="0" skY="0" scX="1" scY="1" pX="10" pY="11"/>
    </display>
   </slot>
  </skin>
  <animation name="BulletIceTower_mc" fadeInTime="0.3" duration="50" scale="1" loop="1" autoTween="1" tweenEasing="NaN">
   <timeline name="Layer 1" scale="1" offset="0">
    <frame z="0" duration="2">
     <transform x="0" y="0" skX="0" skY="0" scX="1" scY="1" pX="0" pY="0"/>
    </frame>
    <frame z="0" displayIndex="1" duration="2">
     <transform x="0" y="0" skX="0" skY="0" scX="1" scY="1" pX="0" pY="0"/>
    </frame>
    <frame z="0" displayIndex="2" duration="2">
     <transform x="0" y="0" skX="0" skY="0" scX="1" scY="1" pX="0" pY="0"/>
    </frame>
    <frame z="0" displayIndex="3" duration="2">
     <transform x="0" y="0" skX="0" skY="0" scX="1" scY="1" pX="0" pY="0"/>
    </frame>
    <frame z="0" displayIndex="4" duration="2">
     <transform x="0" y="0" skX="0" skY="0" scX="1" scY="1" pX="0" pY="0"/>
    </frame>
    <frame z="0" displayIndex="5" duration="2">
     <transform x="0" y="0" skX="0" skY="0" scX="1" scY="1" pX="0" pY="0"/>
    </frame>
    <frame z="0" displayIndex="6" duration="2">
     <transform x="0" y="0" skX="0" skY="0" scX="1" scY="1" pX="0" pY="0"/>
    </frame>
    <frame z="0" displayIndex="7" duration="2">
     <transform x="0" y="0" skX="0" skY="0" scX="1" scY="1" pX="0" pY="0"/>
    </frame>
    <frame z="0" displayIndex="8" duration="2">
     <transform x="0" y="0" skX="0" skY="0" scX="1" scY="1" pX="0" pY="0"/>
    </frame>
    <frame z="0" displayIndex="9" duration="2">
     <transform x="0" y="0" skX="0" skY="0" scX="1" scY="1" pX="0" pY="0"/>
    </frame>
    <frame z="0" displayIndex="10" duration="2">
     <transform x="0" y="0" skX="0" skY="0" scX="1" scY="1" pX="0" pY="0"/>
    </frame>
    <frame z="0" displayIndex="11" duration="2">
     <transform x="0" y="0" skX="0" skY="0" scX="1" scY="1" pX="0" pY="0"/>
    </frame>
    <frame z="0" displayIndex="12" duration="2">
     <transform x="0" y="0" skX="0" skY="0" scX="1" scY="1" pX="0" pY="0"/>
    </frame>
    <frame z="0" displayIndex="13" duration="2">
     <transform x="0" y="0" skX="0" skY="0" scX="1" scY="1" pX="0" pY="0"/>
    </frame>
    <frame z="0" displayIndex="14" duration="2">
     <transform x="0" y="0" skX="0" skY="0" scX="1" scY="1" pX="0" pY="0"/>
    </frame>
    <frame z="0" displayIndex="15" duration="2">
     <transform x="0" y="0" skX="0" skY="0" scX="1" scY="1" pX="0" pY="0"/>
    </frame>
    <frame z="0" displayIndex="16" duration="2">
     <transform x="0" y="0" skX="0" skY="0" scX="1" scY="1" pX="0" pY="0"/>
    </frame>
    <frame z="0" displayIndex="17" duration="2">
     <transform x="0" y="0" skX="0" skY="0" scX="1" scY="1" pX="0" pY="0"/>
    </frame>
    <frame z="0" displayIndex="18" duration="2">
     <transform x="0" y="0" skX="0" skY="0" scX="1" scY="1" pX="0" pY="0"/>
    </frame>
    <frame z="0" displayIndex="19" duration="2">
     <transform x="0" y="0" skX="0" skY="0" scX="1" scY="1" pX="0" pY="0"/>
    </frame>
    <frame z="0" displayIndex="20" duration="2">
     <transform x="0" y="0" skX="0" skY="0" scX="1" scY="1" pX="0" pY="0"/>
    </frame>
    <frame z="0" displayIndex="21" duration="2">
     <transform x="0" y="0" skX="0" skY="0" scX="1" scY="1" pX="0" pY="0"/>
    </frame>
    <frame z="0" displayIndex="22" duration="2">
     <transform x="0" y="0" skX="0" skY="0" scX="1" scY="1" pX="0" pY="0"/>
    </frame>
    <frame z="0" displayIndex="23" duration="2">
     <transform x="0" y="0" skX="0" skY="0" scX="1" scY="1" pX="0" pY="0"/>
    </frame>
    <frame z="0" displayIndex="24" duration="2">
     <transform x="0" y="0" skX="0" skY="0" scX="1" scY="1" pX="0" pY="0"/>
    </frame>
   </timeline>
  </animation>
 </armature>
</dragonBones>