<root name="GetSphere_mc" isGlobal="0" frameRate="30" version="3.0">
 <armature name="GetSphere_mc">
  <skin name="default">
   <slot name="cont" z="0" parent="cont">
    <display name="cont" type="armature">
     <transform scX="1" x="0" skX="0" scY="1" y="0" skY="0"/>
    </display>
   </slot>
   <slot name="sphere1" z="1" parent="sphere1">
    <display name="sphere" type="armature">
     <transform scX="1" x="0" skX="0" scY="1" y="0" skY="0"/>
    </display>
   </slot>
   <slot name="sphere2" z="2" parent="sphere2">
    <display name="sphere" type="armature">
     <transform scX="1" x="0" skX="0" scY="1" y="0" skY="0"/>
    </display>
   </slot>
   <slot name="sphere3" z="3" parent="sphere3">
    <display name="sphere" type="armature">
     <transform scX="1" x="0" skX="0" scY="1" y="0" skY="0"/>
    </display>
   </slot>
   <slot name="sphere4" z="4" parent="sphere4">
    <display name="sphere" type="armature">
     <transform scX="1" x="0" skX="0" scY="1" y="0" skY="0"/>
    </display>
   </slot>
   <slot name="c" z="5" parent="c">
    <display name="Shape/shape 11880" type="image">
     <transform scX="1" x="0" scY="1" y="0" pX="15" pY="15" skX="0" skY="0"/>
    </display>
   </slot>
  </skin>
  <bone name="sphere3">
   <transform scX="1.9" x="-12" skX="0" scY="1.9" y="10" skY="0"/>
  </bone>
  <bone name="sphere1">
   <transform scX="1.9" x="-12" skX="0" scY="1.9" y="-10" skY="0"/>
  </bone>
  <bone name="sphere2">
   <transform scX="1.9" x="12" skX="0" scY="1.9" y="-10" skY="0"/>
  </bone>
  <bone name="cont">
   <transform scX="1" x="0" skX="0" scY="1" y="0" skY="0"/>
  </bone>
  <bone name="sphere4">
   <transform scX="1.9" x="12" skX="0" scY="1.9" y="10" skY="0"/>
  </bone>
  <bone name="c">
   <transform scX="1" x="0" skX="0" scY="1" y="0" skY="0"/>
  </bone>
  <animation name="GetSphere_mc" scale="1" loop="1" autoTween="NaN" fadeInTime="0.3" duration="3" tweenEasing="NaN">
   <timeline pX="0" name="cont" pY="0" scale="1" offset="0">
    <frame z="0" duration="2">
     <transform scX="1" x="0" scY="1" y="0" pX="0" pY="0" skX="0" skY="0"/>
    </frame>
    <frame z="0" duration="1">
     <transform scX="1" x="0" scY="1" y="0" pX="0" pY="0" skX="0" skY="0"/>
    </frame>
   </timeline>
   <timeline pX="0" name="sphere1" pY="0" scale="1" offset="0">
    <frame z="0" duration="2">
     <transform scX="1" x="0" scY="1" y="0" pX="0" pY="0" skX="0" skY="0"/>
    </frame>
    <frame z="0" duration="1">
     <transform scX="1" x="0" scY="1" y="0" pX="0" pY="0" skX="0" skY="0"/>
    </frame>
   </timeline>
   <timeline pX="0" name="sphere2" pY="0" scale="1" offset="0">
    <frame z="0" duration="2">
     <transform scX="1" x="0" scY="1" y="0" pX="0" pY="0" skX="0" skY="0"/>
    </frame>
    <frame z="0" duration="1">
     <transform scX="1" x="0" scY="1" y="0" pX="0" pY="0" skX="0" skY="0"/>
    </frame>
   </timeline>
   <timeline pX="0" name="sphere3" pY="0" scale="1" offset="0">
    <frame z="0" duration="2">
     <transform scX="1" x="0" scY="1" y="0" pX="0" pY="0" skX="0" skY="0"/>
    </frame>
    <frame z="0" duration="1">
     <transform scX="1" x="0" scY="1" y="0" pX="0" pY="0" skX="0" skY="0"/>
    </frame>
   </timeline>
   <timeline pX="0" name="sphere4" pY="0" scale="1" offset="0">
    <frame z="0" duration="2">
     <transform scX="1" x="0" scY="1" y="0" pX="0" pY="0" skX="0" skY="0"/>
    </frame>
    <frame z="0" duration="1">
     <transform scX="1" x="0" scY="1" y="0" pX="0" pY="0" skX="0" skY="0"/>
    </frame>
   </timeline>
   <timeline pX="0" name="c" pY="0" scale="1" offset="0">
    <frame displayIndex="-1" duration="1"/>
    <frame z="0" duration="1">
     <transform scX="1" x="0" scY="1" y="0" pX="0" pY="0" skX="0" skY="0"/>
    </frame>
    <frame z="0" duration="1">
     <transform scX="1" x="0" scY="1" y="0" pX="0" pY="0" skX="0" skY="0"/>
    </frame>
   </timeline>
   <frame duration="2"/>
   <frame duration="1"/>
  </animation>
 </armature>
 <armature name="cont">
  <skin name="default">
   <slot name="Layer 1" z="0" parent="Layer 1">
    <display name="Shape/shape 11860" type="image">
     <transform scX="1" x="0" scY="1" y="0" pX="20" pY="20" skX="0" skY="0"/>
    </display>
    <display name="Shape/shape 11861" type="image">
     <transform scX="1" x="0" scY="1" y="0" pX="20" pY="20" skX="0" skY="0"/>
    </display>
    <display name="Shape/shape 11862" type="image">
     <transform scX="1" x="0" scY="1" y="0" pX="20" pY="20" skX="0" skY="0"/>
    </display>
    <display name="Shape/shape 11863" type="image">
     <transform scX="1" x="0" scY="1" y="0" pX="20" pY="20" skX="0" skY="0"/>
    </display>
    <display name="Shape/shape 11864" type="image">
     <transform scX="1" x="0" scY="1" y="0" pX="20" pY="20" skX="0" skY="0"/>
    </display>
    <display name="Shape/shape 11865" type="image">
     <transform scX="1" x="0" scY="1" y="0" pX="20" pY="20" skX="0" skY="0"/>
    </display>
    <display name="Shape/shape 11866" type="image">
     <transform scX="1" x="0" scY="1" y="0" pX="20" pY="20" skX="0" skY="0"/>
    </display>
    <display name="Shape/shape 11867" type="image">
     <transform scX="1" x="0" scY="1" y="0" pX="20" pY="20" skX="0" skY="0"/>
    </display>
    <display name="Shape/shape 11868" type="image">
     <transform scX="1" x="0" scY="1" y="0" pX="20" pY="20" skX="0" skY="0"/>
    </display>
    <display name="Shape/shape 11869" type="image">
     <transform scX="1" x="0" scY="1" y="0" pX="20" pY="20" skX="0" skY="0"/>
    </display>
    <display name="Shape/shape 11870" type="image">
     <transform scX="1" x="0" scY="1" y="0" pX="20" pY="20" skX="0" skY="0"/>
    </display>
    <display name="Shape/shape 11871" type="image">
     <transform scX="1" x="0" scY="1" y="0" pX="20" pY="20" skX="0" skY="0"/>
    </display>
    <display name="Shape/shape 11872" type="image">
     <transform scX="1" x="0" scY="1" y="0" pX="20" pY="20" skX="0" skY="0"/>
    </display>
    <display name="Shape/shape 11873" type="image">
     <transform scX="1" x="0" scY="1" y="0" pX="20" pY="20" skX="0" skY="0"/>
    </display>
    <display name="Shape/shape 11874" type="image">
     <transform scX="1" x="0" scY="1" y="0" pX="20" pY="20" skX="0" skY="0"/>
    </display>
    <display name="Shape/shape 11875" type="image">
     <transform scX="1" x="0" scY="1" y="0" pX="20" pY="20" skX="0" skY="0"/>
    </display>
    <display name="Shape/shape 11876" type="image">
     <transform scX="1" x="0" scY="1" y="0" pX="20" pY="20" skX="0" skY="0"/>
    </display>
    <display name="Shape/shape 11877" type="image">
     <transform scX="1" x="0" scY="1" y="0" pX="20" pY="20" skX="0" skY="0"/>
    </display>
   </slot>
  </skin>
  <bone name="Layer 1">
   <transform scX="1" x="0" skX="0" scY="1" y="0" skY="0"/>
  </bone>
  <animation fadeInTime="0" scale="1" loop="1" autoTween="NaN" name="unnamed" duration="61" tweenEasing="NaN">
   <timeline pX="0" name="Layer 1" pY="0" scale="1" offset="0">
    <frame z="0" duration="2">
     <transform scX="1" x="0" scY="1" y="0" pX="0" pY="0" skX="0" skY="0"/>
    </frame>
    <frame displayIndex="1" z="0" duration="2">
     <transform scX="1" x="0" scY="1" y="0" pX="0" pY="0" skX="0" skY="0"/>
    </frame>
    <frame displayIndex="2" z="0" duration="2">
     <transform scX="1" x="0" scY="1" y="0" pX="0" pY="0" skX="0" skY="0"/>
    </frame>
    <frame displayIndex="3" z="0" duration="2">
     <transform scX="1" x="0" scY="1" y="0" pX="0" pY="0" skX="0" skY="0"/>
    </frame>
    <frame displayIndex="4" z="0" duration="2">
     <transform scX="1" x="0" scY="1" y="0" pX="0" pY="0" skX="0" skY="0"/>
    </frame>
    <frame displayIndex="5" z="0" duration="2">
     <transform scX="1" x="0" scY="1" y="0" pX="0" pY="0" skX="0" skY="0"/>
    </frame>
    <frame displayIndex="6" z="0" duration="2">
     <transform scX="1" x="0" scY="1" y="0" pX="0" pY="0" skX="0" skY="0"/>
    </frame>
    <frame displayIndex="7" z="0" duration="2">
     <transform scX="1" x="0" scY="1" y="0" pX="0" pY="0" skX="0" skY="0"/>
    </frame>
    <frame displayIndex="8" z="0" duration="2">
     <transform scX="1" x="0" scY="1" y="0" pX="0" pY="0" skX="0" skY="0"/>
    </frame>
    <frame displayIndex="9" z="0" duration="2">
     <transform scX="1" x="0" scY="1" y="0" pX="0" pY="0" skX="0" skY="0"/>
    </frame>
    <frame displayIndex="10" z="0" duration="2">
     <transform scX="1" x="0" scY="1" y="0" pX="0" pY="0" skX="0" skY="0"/>
    </frame>
    <frame displayIndex="11" z="0" duration="2">
     <transform scX="1" x="0" scY="1" y="0" pX="0" pY="0" skX="0" skY="0"/>
    </frame>
    <frame displayIndex="12" z="0" duration="2">
     <transform scX="1" x="0" scY="1" y="0" pX="0" pY="0" skX="0" skY="0"/>
    </frame>
    <frame displayIndex="13" z="0" duration="2">
     <transform scX="1" x="0" scY="1" y="0" pX="0" pY="0" skX="0" skY="0"/>
    </frame>
    <frame displayIndex="14" z="0" duration="2">
     <transform scX="1" x="0" scY="1" y="0" pX="0" pY="0" skX="0" skY="0"/>
    </frame>
    <frame displayIndex="15" z="0" duration="2">
     <transform scX="1" x="0" scY="1" y="0" pX="0" pY="0" skX="0" skY="0"/>
    </frame>
    <frame displayIndex="16" z="0" duration="2">
     <transform scX="1" x="0" scY="1" y="0" pX="0" pY="0" skX="0" skY="0"/>
    </frame>
    <frame displayIndex="17" z="0" duration="26">
     <transform scX="1" x="0" scY="1" y="0" pX="0" pY="0" skX="0" skY="0"/>
    </frame>
    <frame displayIndex="17" z="0" duration="1">
     <transform scX="1" x="0" scY="1" y="0" pX="0" pY="0" skX="0" skY="0"/>
    </frame>
   </timeline>
  </animation>
 </armature>
 <armature name="sphere">
  <skin name="default">
   <slot name="cont" z="0" parent="cont">
    <display name="fire" type="armature">
     <transform scX="1" x="0" skX="0" scY="1" y="0" skY="0"/>
    </display>
    <display name="ice" type="armature">
     <transform scX="1" x="0" skX="0" scY="1" y="0" skY="0"/>
    </display>
    <display name="stone" type="armature">
     <transform scX="1" x="0" skX="0" scY="1" y="0" skY="0"/>
    </display>
    <display name="levin" type="armature">
     <transform scX="1" x="0" skX="0" scY="1" y="0" skY="0"/>
    </display>
   </slot>
  </skin>
  <bone name="cont">
   <transform scX="0.4" x="0.5" skX="0" scY="0.4" y="-2.5" skY="0"/>
  </bone>
  <animation fadeInTime="0.3" scale="1" loop="1" autoTween="NaN" name="sphere" duration="5" tweenEasing="NaN">
   <timeline pX="0" name="cont" pY="0" scale="1" offset="0">
    <frame z="0" duration="1">
     <transform scX="1" x="0" scY="1" y="0" pX="0" pY="0" skX="0" skY="0"/>
    </frame>
    <frame displayIndex="1" z="0" duration="1">
     <transform scX="0.7499999999999999" x="-0.5" scY="0.7499999999999999" y="2" pX="0" pY="0" skX="0" skY="0"/>
    </frame>
    <frame displayIndex="2" z="0" duration="1">
     <transform scX="1" x="-0.5" scY="1" y="2.5" pX="0" pY="0" skX="0" skY="0"/>
    </frame>
    <frame displayIndex="3" z="0" duration="1">
     <transform scX="1" x="-0.5" scY="1" y="3.2" pX="0" pY="0" skX="0" skY="0"/>
    </frame>
    <frame displayIndex="3" z="0" duration="1">
     <transform scX="1" x="-0.5" scY="1" y="3.2" pX="0" pY="0" skX="0" skY="0"/>
    </frame>
   </timeline>
  </animation>
 </armature>
 <armature name="fire">
  <skin name="default">
   <slot name="Layer 1" z="0" parent="Layer 1">
    <display name="Shape/shape 8558" type="image">
     <transform scX="1" x="0" scY="1" y="0" pX="17" pY="20" skX="0" skY="0"/>
    </display>
    <display name="Shape/shape 8559" type="image">
     <transform scX="1" x="0" scY="1" y="0" pX="17" pY="20" skX="0" skY="0"/>
    </display>
    <display name="Shape/shape 8560" type="image">
     <transform scX="1" x="0" scY="1" y="0" pX="17" pY="20" skX="0" skY="0"/>
    </display>
    <display name="Shape/shape 8561" type="image">
     <transform scX="1" x="0" scY="1" y="0" pX="17" pY="20" skX="0" skY="0"/>
    </display>
    <display name="Shape/shape 8562" type="image">
     <transform scX="1" x="0" scY="1" y="0" pX="17" pY="20" skX="0" skY="0"/>
    </display>
    <display name="Shape/shape 8563" type="image">
     <transform scX="1" x="0" scY="1" y="0" pX="17" pY="20" skX="0" skY="0"/>
    </display>
    <display name="Shape/shape 8564" type="image">
     <transform scX="1" x="0" scY="1" y="0" pX="17" pY="20" skX="0" skY="0"/>
    </display>
    <display name="Shape/shape 8565" type="image">
     <transform scX="1" x="0" scY="1" y="0" pX="17" pY="20" skX="0" skY="0"/>
    </display>
    <display name="Shape/shape 8566" type="image">
     <transform scX="1" x="0" scY="1" y="0" pX="17" pY="20" skX="0" skY="0"/>
    </display>
    <display name="Shape/shape 8567" type="image">
     <transform scX="1" x="0" scY="1" y="0" pX="17" pY="20" skX="0" skY="0"/>
    </display>
    <display name="Shape/shape 8568" type="image">
     <transform scX="1" x="0" scY="1" y="0" pX="17" pY="20" skX="0" skY="0"/>
    </display>
    <display name="Shape/shape 8569" type="image">
     <transform scX="1" x="0" scY="1" y="0" pX="17" pY="20" skX="0" skY="0"/>
    </display>
    <display name="Shape/shape 8570" type="image">
     <transform scX="1" x="0" scY="1" y="0" pX="17" pY="20" skX="0" skY="0"/>
    </display>
    <display name="Shape/shape 8571" type="image">
     <transform scX="1" x="0" scY="1" y="0" pX="17" pY="20" skX="0" skY="0"/>
    </display>
    <display name="Shape/shape 8572" type="image">
     <transform scX="1" x="0" scY="1" y="0" pX="17" pY="20" skX="0" skY="0"/>
    </display>
   </slot>
   <slot name="sphereCase" z="1" parent="sphereCase">
    <display name="case" type="image">
     <transform scX="1" x="0" scY="1" y="0" pX="25" pY="25" skX="0" skY="0"/>
    </display>
   </slot>
  </skin>
  <bone name="Layer 1">
   <transform scX="1" x="0" skX="0" scY="1" y="0" skY="0"/>
  </bone>
  <bone name="sphereCase">
   <transform scX="0.9" x="-0.85" skX="0" scY="0.9" y="4.2" skY="0"/>
  </bone>
  <animation fadeInTime="0.3" scale="1" loop="1" autoTween="NaN" name="fire" duration="31" tweenEasing="NaN">
   <timeline pX="0" name="Layer 1" pY="0" scale="1" offset="0">
    <frame z="0" duration="2">
     <transform scX="1" x="0" scY="1" y="0" pX="0" pY="0" skX="0" skY="0"/>
    </frame>
    <frame displayIndex="1" z="0" duration="2">
     <transform scX="1" x="0" scY="1" y="0" pX="0" pY="0" skX="0" skY="0"/>
    </frame>
    <frame displayIndex="2" z="0" duration="2">
     <transform scX="1" x="0" scY="1" y="0" pX="0" pY="0" skX="0" skY="0"/>
    </frame>
    <frame displayIndex="3" z="0" duration="2">
     <transform scX="1" x="0" scY="1" y="0" pX="0" pY="0" skX="0" skY="0"/>
    </frame>
    <frame displayIndex="4" z="0" duration="2">
     <transform scX="1" x="0" scY="1" y="0" pX="0" pY="0" skX="0" skY="0"/>
    </frame>
    <frame displayIndex="5" z="0" duration="2">
     <transform scX="1" x="0" scY="1" y="0" pX="0" pY="0" skX="0" skY="0"/>
    </frame>
    <frame displayIndex="6" z="0" duration="2">
     <transform scX="1" x="0" scY="1" y="0" pX="0" pY="0" skX="0" skY="0"/>
    </frame>
    <frame displayIndex="7" z="0" duration="2">
     <transform scX="1" x="0" scY="1" y="0" pX="0" pY="0" skX="0" skY="0"/>
    </frame>
    <frame displayIndex="8" z="0" duration="2">
     <transform scX="1" x="0" scY="1" y="0" pX="0" pY="0" skX="0" skY="0"/>
    </frame>
    <frame displayIndex="9" z="0" duration="2">
     <transform scX="1" x="0" scY="1" y="0" pX="0" pY="0" skX="0" skY="0"/>
    </frame>
    <frame displayIndex="10" z="0" duration="2">
     <transform scX="1" x="0" scY="1" y="0" pX="0" pY="0" skX="0" skY="0"/>
    </frame>
    <frame displayIndex="11" z="0" duration="2">
     <transform scX="1" x="0" scY="1" y="0" pX="0" pY="0" skX="0" skY="0"/>
    </frame>
    <frame displayIndex="12" z="0" duration="2">
     <transform scX="1" x="0" scY="1" y="0" pX="0" pY="0" skX="0" skY="0"/>
    </frame>
    <frame displayIndex="13" z="0" duration="2">
     <transform scX="1" x="0" scY="1" y="0" pX="0" pY="0" skX="0" skY="0"/>
    </frame>
    <frame displayIndex="14" z="0" duration="2">
     <transform scX="1" x="0" scY="1" y="0" pX="0" pY="0" skX="0" skY="0"/>
    </frame>
    <frame displayIndex="14" z="0" duration="1">
     <transform scX="1" x="0" scY="1" y="0" pX="0" pY="0" skX="0" skY="0"/>
    </frame>
   </timeline>
   <timeline pX="0" name="sphereCase" pY="0" scale="1" offset="0">
    <frame z="0" duration="30">
     <transform scX="1" x="0" scY="1" y="0" pX="0" pY="0" skX="0" skY="0"/>
    </frame>
    <frame z="0" duration="1">
     <transform scX="1" x="0" scY="1" y="0" pX="0" pY="0" skX="0" skY="0"/>
    </frame>
   </timeline>
  </animation>
 </armature>
 <armature name="ice">
  <skin name="default">
   <slot name="Layer 1" z="0" parent="Layer 1">
    <display name="Shape/shape 10921" type="image">
     <transform scX="1" x="0" scY="1" y="0" pX="16" pY="15" skX="0" skY="0"/>
    </display>
    <display name="Shape/shape 10922" type="image">
     <transform scX="1" x="0" scY="1" y="0" pX="16" pY="15" skX="0" skY="0"/>
    </display>
    <display name="Shape/shape 10923" type="image">
     <transform scX="1" x="0" scY="1" y="0" pX="16" pY="15" skX="0" skY="0"/>
    </display>
    <display name="Shape/shape 10924" type="image">
     <transform scX="1" x="0" scY="1" y="0" pX="16" pY="15" skX="0" skY="0"/>
    </display>
    <display name="Shape/shape 10925" type="image">
     <transform scX="1" x="0" scY="1" y="0" pX="16" pY="15" skX="0" skY="0"/>
    </display>
    <display name="Shape/shape 10926" type="image">
     <transform scX="1" x="0" scY="1" y="0" pX="16" pY="15" skX="0" skY="0"/>
    </display>
    <display name="Shape/shape 10927" type="image">
     <transform scX="1" x="0" scY="1" y="0" pX="16" pY="15" skX="0" skY="0"/>
    </display>
    <display name="Shape/shape 10928" type="image">
     <transform scX="1" x="0" scY="1" y="0" pX="16" pY="15" skX="0" skY="0"/>
    </display>
    <display name="Shape/shape 10929" type="image">
     <transform scX="1" x="0" scY="1" y="0" pX="16" pY="15" skX="0" skY="0"/>
    </display>
    <display name="Shape/shape 10930" type="image">
     <transform scX="1" x="0" scY="1" y="0" pX="16" pY="15" skX="0" skY="0"/>
    </display>
    <display name="Shape/shape 10931" type="image">
     <transform scX="1" x="0" scY="1" y="0" pX="16" pY="15" skX="0" skY="0"/>
    </display>
    <display name="Shape/shape 10932" type="image">
     <transform scX="1" x="0" scY="1" y="0" pX="16" pY="15" skX="0" skY="0"/>
    </display>
    <display name="Shape/shape 10933" type="image">
     <transform scX="1" x="0" scY="1" y="0" pX="16" pY="15" skX="0" skY="0"/>
    </display>
    <display name="Shape/shape 10934" type="image">
     <transform scX="1" x="0" scY="1" y="0" pX="16" pY="15" skX="0" skY="0"/>
    </display>
    <display name="Shape/shape 10935" type="image">
     <transform scX="1" x="0" scY="1" y="0" pX="16" pY="15" skX="0" skY="0"/>
    </display>
    <display name="Shape/shape 10936" type="image">
     <transform scX="1" x="0" scY="1" y="0" pX="16" pY="15" skX="0" skY="0"/>
    </display>
    <display name="Shape/shape 10937" type="image">
     <transform scX="1" x="0" scY="1" y="0" pX="16" pY="15" skX="0" skY="0"/>
    </display>
    <display name="Shape/shape 10938" type="image">
     <transform scX="1" x="0" scY="1" y="0" pX="16" pY="15" skX="0" skY="0"/>
    </display>
    <display name="Shape/shape 10939" type="image">
     <transform scX="1" x="0" scY="1" y="0" pX="16" pY="15" skX="0" skY="0"/>
    </display>
    <display name="Shape/shape 10940" type="image">
     <transform scX="1" x="0" scY="1" y="0" pX="16" pY="15" skX="0" skY="0"/>
    </display>
    <display name="Shape/shape 10941" type="image">
     <transform scX="1" x="0" scY="1" y="0" pX="16" pY="15" skX="0" skY="0"/>
    </display>
    <display name="Shape/shape 10942" type="image">
     <transform scX="1" x="0" scY="1" y="0" pX="16" pY="15" skX="0" skY="0"/>
    </display>
    <display name="Shape/shape 10943" type="image">
     <transform scX="1" x="0" scY="1" y="0" pX="16" pY="15" skX="0" skY="0"/>
    </display>
    <display name="Shape/shape 10944" type="image">
     <transform scX="1" x="0" scY="1" y="0" pX="16" pY="15" skX="0" skY="0"/>
    </display>
    <display name="Shape/shape 10945" type="image">
     <transform scX="1" x="0" scY="1" y="0" pX="16" pY="15" skX="0" skY="0"/>
    </display>
   </slot>
   <slot name="sphereCase" z="1" parent="sphereCase">
    <display name="case" type="image">
     <transform scX="1" x="0" scY="1" y="0" pX="25" pY="25" skX="0" skY="0"/>
    </display>
   </slot>
  </skin>
  <bone name="Layer 1">
   <transform scX="1" x="0" skX="0" scY="1" y="0" skY="0"/>
  </bone>
  <bone name="sphereCase">
   <transform scX="0.9" x="0.15" skX="0" scY="0.9" y="-0.35" skY="0"/>
  </bone>
  <animation fadeInTime="0.3" scale="1" loop="1" autoTween="NaN" name="ice" duration="51" tweenEasing="NaN">
   <timeline pX="0" name="Layer 1" pY="0" scale="1" offset="0">
    <frame z="0" duration="2">
     <transform scX="1" x="0" scY="1" y="0" pX="0" pY="0" skX="0" skY="0"/>
    </frame>
    <frame displayIndex="1" z="0" duration="2">
     <transform scX="1" x="0" scY="1" y="0" pX="0" pY="0" skX="0" skY="0"/>
    </frame>
    <frame displayIndex="2" z="0" duration="2">
     <transform scX="1" x="0" scY="1" y="0" pX="0" pY="0" skX="0" skY="0"/>
    </frame>
    <frame displayIndex="3" z="0" duration="2">
     <transform scX="1" x="0" scY="1" y="0" pX="0" pY="0" skX="0" skY="0"/>
    </frame>
    <frame displayIndex="4" z="0" duration="2">
     <transform scX="1" x="0" scY="1" y="0" pX="0" pY="0" skX="0" skY="0"/>
    </frame>
    <frame displayIndex="5" z="0" duration="2">
     <transform scX="1" x="0" scY="1" y="0" pX="0" pY="0" skX="0" skY="0"/>
    </frame>
    <frame displayIndex="6" z="0" duration="2">
     <transform scX="1" x="0" scY="1" y="0" pX="0" pY="0" skX="0" skY="0"/>
    </frame>
    <frame displayIndex="7" z="0" duration="2">
     <transform scX="1" x="0" scY="1" y="0" pX="0" pY="0" skX="0" skY="0"/>
    </frame>
    <frame displayIndex="8" z="0" duration="2">
     <transform scX="1" x="0" scY="1" y="0" pX="0" pY="0" skX="0" skY="0"/>
    </frame>
    <frame displayIndex="9" z="0" duration="2">
     <transform scX="1" x="0" scY="1" y="0" pX="0" pY="0" skX="0" skY="0"/>
    </frame>
    <frame displayIndex="10" z="0" duration="2">
     <transform scX="1" x="0" scY="1" y="0" pX="0" pY="0" skX="0" skY="0"/>
    </frame>
    <frame displayIndex="11" z="0" duration="2">
     <transform scX="1" x="0" scY="1" y="0" pX="0" pY="0" skX="0" skY="0"/>
    </frame>
    <frame displayIndex="12" z="0" duration="2">
     <transform scX="1" x="0" scY="1" y="0" pX="0" pY="0" skX="0" skY="0"/>
    </frame>
    <frame displayIndex="13" z="0" duration="2">
     <transform scX="1" x="0" scY="1" y="0" pX="0" pY="0" skX="0" skY="0"/>
    </frame>
    <frame displayIndex="14" z="0" duration="2">
     <transform scX="1" x="0" scY="1" y="0" pX="0" pY="0" skX="0" skY="0"/>
    </frame>
    <frame displayIndex="15" z="0" duration="2">
     <transform scX="1" x="0" scY="1" y="0" pX="0" pY="0" skX="0" skY="0"/>
    </frame>
    <frame displayIndex="16" z="0" duration="2">
     <transform scX="1" x="0" scY="1" y="0" pX="0" pY="0" skX="0" skY="0"/>
    </frame>
    <frame displayIndex="17" z="0" duration="2">
     <transform scX="1" x="0" scY="1" y="0" pX="0" pY="0" skX="0" skY="0"/>
    </frame>
    <frame displayIndex="18" z="0" duration="2">
     <transform scX="1" x="0" scY="1" y="0" pX="0" pY="0" skX="0" skY="0"/>
    </frame>
    <frame displayIndex="19" z="0" duration="2">
     <transform scX="1" x="0" scY="1" y="0" pX="0" pY="0" skX="0" skY="0"/>
    </frame>
    <frame displayIndex="20" z="0" duration="2">
     <transform scX="1" x="0" scY="1" y="0" pX="0" pY="0" skX="0" skY="0"/>
    </frame>
    <frame displayIndex="21" z="0" duration="2">
     <transform scX="1" x="0" scY="1" y="0" pX="0" pY="0" skX="0" skY="0"/>
    </frame>
    <frame displayIndex="22" z="0" duration="2">
     <transform scX="1" x="0" scY="1" y="0" pX="0" pY="0" skX="0" skY="0"/>
    </frame>
    <frame displayIndex="23" z="0" duration="2">
     <transform scX="1" x="0" scY="1" y="0" pX="0" pY="0" skX="0" skY="0"/>
    </frame>
    <frame displayIndex="24" z="0" duration="2">
     <transform scX="1" x="0" scY="1" y="0" pX="0" pY="0" skX="0" skY="0"/>
    </frame>
    <frame displayIndex="24" z="0" duration="1">
     <transform scX="1" x="0" scY="1" y="0" pX="0" pY="0" skX="0" skY="0"/>
    </frame>
   </timeline>
   <timeline pX="0" name="sphereCase" pY="0" scale="1" offset="0">
    <frame z="0" duration="50">
     <transform scX="1" x="0" scY="1" y="0" pX="0" pY="0" skX="0" skY="0"/>
    </frame>
    <frame z="0" duration="1">
     <transform scX="1" x="0" scY="1" y="0" pX="0" pY="0" skX="0" skY="0"/>
    </frame>
   </timeline>
  </animation>
 </armature>
 <armature name="stone">
  <skin name="default">
   <slot name="Layer 1" z="0" parent="Layer 1">
    <display name="Shape/shape 4305" type="image">
     <transform scX="1" x="0" scY="1" y="0" pX="12" pY="10" skX="0" skY="0"/>
    </display>
    <display name="Shape/shape 4307" type="image">
     <transform scX="1" x="0" scY="1" y="0" pX="11" pY="10" skX="0" skY="0"/>
    </display>
    <display name="Shape/shape 4309" type="image">
     <transform scX="1" x="0" scY="1" y="0" pX="11" pY="10" skX="0" skY="0"/>
    </display>
    <display name="Shape/shape 4311" type="image">
     <transform scX="1" x="0" scY="1" y="0" pX="11" pY="10" skX="0" skY="0"/>
    </display>
    <display name="Shape/shape 4313" type="image">
     <transform scX="1" x="0" scY="1" y="0" pX="11" pY="10" skX="0" skY="0"/>
    </display>
    <display name="Shape/shape 4315" type="image">
     <transform scX="1" x="0" scY="1" y="0" pX="12" pY="10" skX="0" skY="0"/>
    </display>
    <display name="Shape/shape 4316" type="image">
     <transform scX="1" x="0" scY="1" y="0" pX="11" pY="10" skX="0" skY="0"/>
    </display>
    <display name="Shape/shape 4317" type="image">
     <transform scX="1" x="0" scY="1" y="0" pX="11" pY="10" skX="0" skY="0"/>
    </display>
    <display name="Shape/shape 4318" type="image">
     <transform scX="1" x="0" scY="1" y="0" pX="11" pY="10" skX="0" skY="0"/>
    </display>
    <display name="Shape/shape 4319" type="image">
     <transform scX="1" x="0" scY="1" y="0" pX="11" pY="10" skX="0" skY="0"/>
    </display>
    <display name="Shape/shape 4320" type="image">
     <transform scX="1" x="0" scY="1" y="0" pX="12" pY="10" skX="0" skY="0"/>
    </display>
    <display name="Shape/shape 4322" type="image">
     <transform scX="1" x="0" scY="1" y="0" pX="12" pY="11" skX="0" skY="0"/>
    </display>
    <display name="Shape/shape 4324" type="image">
     <transform scX="1" x="0" scY="1" y="0" pX="12" pY="10" skX="0" skY="0"/>
    </display>
    <display name="Shape/shape 4326" type="image">
     <transform scX="1" x="0" scY="1" y="0" pX="12" pY="10" skX="0" skY="0"/>
    </display>
    <display name="Shape/shape 4328" type="image">
     <transform scX="1" x="0" scY="1" y="0" pX="11" pY="10" skX="0" skY="0"/>
    </display>
    <display name="Shape/shape 4330" type="image">
     <transform scX="1" x="0" scY="1" y="0" pX="11" pY="10" skX="0" skY="0"/>
    </display>
    <display name="Shape/shape 4332" type="image">
     <transform scX="1" x="0" scY="1" y="0" pX="11" pY="11" skX="0" skY="0"/>
    </display>
    <display name="Shape/shape 4333" type="image">
     <transform scX="1" x="0" scY="1" y="0" pX="11" pY="10" skX="0" skY="0"/>
    </display>
    <display name="Shape/shape 4334" type="image">
     <transform scX="1" x="0" scY="1" y="0" pX="11" pY="10" skX="0" skY="0"/>
    </display>
    <display name="Shape/shape 4336" type="image">
     <transform scX="1" x="0" scY="1" y="0" pX="12" pY="10" skX="0" skY="0"/>
    </display>
    <display name="Shape/shape 4337" type="image">
     <transform scX="1" x="0" scY="1" y="0" pX="12" pY="11" skX="0" skY="0"/>
    </display>
   </slot>
   <slot name="sphereCase" z="1" parent="sphereCase">
    <display name="case" type="image">
     <transform scX="1" x="0" scY="1" y="0" pX="25" pY="25" skX="0" skY="0"/>
    </display>
   </slot>
  </skin>
  <bone name="Layer 1">
   <transform scX="1" x="0" skX="0" scY="1" y="0" skY="0"/>
  </bone>
  <bone name="sphereCase">
   <transform scX="0.9" x="-0.1" skX="0" scY="0.9" y="-0.15" skY="0"/>
  </bone>
  <animation fadeInTime="0.3" scale="1" loop="1" autoTween="NaN" name="stone" duration="45" tweenEasing="NaN">
   <timeline pX="0" name="Layer 1" pY="0" scale="1" offset="0">
    <frame z="0" duration="2">
     <transform scX="1" x="0" scY="1" y="0" pX="0" pY="0" skX="0" skY="0"/>
    </frame>
    <frame displayIndex="1" z="0" duration="2">
     <transform scX="1" x="0" scY="1" y="0" pX="0" pY="0" skX="0" skY="0"/>
    </frame>
    <frame displayIndex="2" z="0" duration="2">
     <transform scX="1" x="0" scY="1" y="0" pX="0" pY="0" skX="0" skY="0"/>
    </frame>
    <frame displayIndex="3" z="0" duration="2">
     <transform scX="1" x="0" scY="1" y="0" pX="0" pY="0" skX="0" skY="0"/>
    </frame>
    <frame displayIndex="4" z="0" duration="2">
     <transform scX="1" x="0" scY="1" y="0" pX="0" pY="0" skX="0" skY="0"/>
    </frame>
    <frame displayIndex="5" z="0" duration="3">
     <transform scX="1" x="0" scY="1" y="0" pX="0" pY="0" skX="0" skY="0"/>
    </frame>
    <frame displayIndex="6" z="0" duration="2">
     <transform scX="1" x="0" scY="1" y="0" pX="0" pY="0" skX="0" skY="0"/>
    </frame>
    <frame displayIndex="7" z="0" duration="2">
     <transform scX="1" x="0" scY="1" y="0" pX="0" pY="0" skX="0" skY="0"/>
    </frame>
    <frame displayIndex="8" z="0" duration="2">
     <transform scX="1" x="0" scY="1" y="0" pX="0" pY="0" skX="0" skY="0"/>
    </frame>
    <frame displayIndex="9" z="0" duration="2">
     <transform scX="1" x="0" scY="1" y="0" pX="0" pY="0" skX="0" skY="0"/>
    </frame>
    <frame displayIndex="10" z="0" duration="2">
     <transform scX="1" x="0" scY="1" y="0" pX="0" pY="0" skX="0" skY="0"/>
    </frame>
    <frame displayIndex="11" z="0" duration="2">
     <transform scX="1" x="0" scY="1" y="0" pX="0" pY="0" skX="0" skY="0"/>
    </frame>
    <frame displayIndex="12" z="0" duration="2">
     <transform scX="1" x="0" scY="1" y="0" pX="0" pY="0" skX="0" skY="0"/>
    </frame>
    <frame displayIndex="13" z="0" duration="2">
     <transform scX="1" x="0" scY="1" y="0" pX="0" pY="0" skX="0" skY="0"/>
    </frame>
    <frame displayIndex="14" z="0" duration="2">
     <transform scX="1" x="0" scY="1" y="0" pX="0" pY="0" skX="0" skY="0"/>
    </frame>
    <frame displayIndex="15" z="0" duration="2">
     <transform scX="1" x="0" scY="1" y="0" pX="0" pY="0" skX="0" skY="0"/>
    </frame>
    <frame displayIndex="16" z="0" duration="3">
     <transform scX="1" x="0" scY="1" y="0" pX="0" pY="0" skX="0" skY="0"/>
    </frame>
    <frame displayIndex="17" z="0" duration="2">
     <transform scX="1" x="0" scY="1" y="0" pX="0" pY="0" skX="0" skY="0"/>
    </frame>
    <frame displayIndex="18" z="0" duration="2">
     <transform scX="1" x="0" scY="1" y="0" pX="0" pY="0" skX="0" skY="0"/>
    </frame>
    <frame displayIndex="19" z="0" duration="2">
     <transform scX="1" x="0" scY="1" y="0" pX="0" pY="0" skX="0" skY="0"/>
    </frame>
    <frame displayIndex="20" z="0" duration="2">
     <transform scX="1" x="0" scY="1" y="0" pX="0" pY="0" skX="0" skY="0"/>
    </frame>
    <frame displayIndex="20" z="0" duration="1">
     <transform scX="1" x="0" scY="1" y="0" pX="0" pY="0" skX="0" skY="0"/>
    </frame>
   </timeline>
   <timeline pX="0" name="sphereCase" pY="0" scale="1" offset="0">
    <frame z="0" duration="44">
     <transform scX="1" x="0" scY="1" y="0" pX="0" pY="0" skX="0" skY="0"/>
    </frame>
    <frame z="0" duration="1">
     <transform scX="1" x="0" scY="1" y="0" pX="0" pY="0" skX="0" skY="0"/>
    </frame>
   </timeline>
  </animation>
 </armature>
 <armature name="levin">
  <skin name="default">
   <slot name="Layer 1" z="0" parent="Layer 1">
    <display name="Shape/shape 4340" type="image">
     <transform scX="1" x="0" scY="1" y="0" pX="20" pY="20" skX="0" skY="0"/>
    </display>
    <display name="Shape/shape 4342" type="image">
     <transform scX="1" x="0" scY="1" y="0" pX="20" pY="20" skX="0" skY="0"/>
    </display>
    <display name="Shape/shape 4344" type="image">
     <transform scX="1" x="0" scY="1" y="0" pX="20" pY="20" skX="0" skY="0"/>
    </display>
    <display name="Shape/shape 4346" type="image">
     <transform scX="1" x="0" scY="1" y="0" pX="20" pY="20" skX="0" skY="0"/>
    </display>
    <display name="Shape/shape 4348" type="image">
     <transform scX="1" x="0" scY="1" y="0" pX="20" pY="20" skX="0" skY="0"/>
    </display>
    <display name="Shape/shape 4350" type="image">
     <transform scX="1" x="0" scY="1" y="0" pX="20" pY="20" skX="0" skY="0"/>
    </display>
    <display name="Shape/shape 4352" type="image">
     <transform scX="1" x="0" scY="1" y="0" pX="20" pY="20" skX="0" skY="0"/>
    </display>
    <display name="Shape/shape 4354" type="image">
     <transform scX="1" x="0" scY="1" y="0" pX="20" pY="20" skX="0" skY="0"/>
    </display>
    <display name="Shape/shape 4356" type="image">
     <transform scX="1" x="0" scY="1" y="0" pX="20" pY="20" skX="0" skY="0"/>
    </display>
    <display name="Shape/shape 4358" type="image">
     <transform scX="1" x="0" scY="1" y="0" pX="20" pY="20" skX="0" skY="0"/>
    </display>
    <display name="Shape/shape 4360" type="image">
     <transform scX="1" x="0" scY="1" y="0" pX="20" pY="20" skX="0" skY="0"/>
    </display>
    <display name="Shape/shape 4362" type="image">
     <transform scX="1" x="0" scY="1" y="0" pX="20" pY="20" skX="0" skY="0"/>
    </display>
    <display name="Shape/shape 4364" type="image">
     <transform scX="1" x="0" scY="1" y="0" pX="20" pY="20" skX="0" skY="0"/>
    </display>
    <display name="Shape/shape 4366" type="image">
     <transform scX="1" x="0" scY="1" y="0" pX="20" pY="20" skX="0" skY="0"/>
    </display>
    <display name="Shape/shape 4368" type="image">
     <transform scX="1" x="0" scY="1" y="0" pX="20" pY="20" skX="0" skY="0"/>
    </display>
    <display name="Shape/shape 4370" type="image">
     <transform scX="1" x="0" scY="1" y="0" pX="20" pY="20" skX="0" skY="0"/>
    </display>
    <display name="Shape/shape 4372" type="image">
     <transform scX="1" x="0" scY="1" y="0" pX="20" pY="20" skX="0" skY="0"/>
    </display>
    <display name="Shape/shape 4374" type="image">
     <transform scX="1" x="0" scY="1" y="0" pX="20" pY="20" skX="0" skY="0"/>
    </display>
    <display name="Shape/shape 4376" type="image">
     <transform scX="1" x="0" scY="1" y="0" pX="20" pY="20" skX="0" skY="0"/>
    </display>
    <display name="Shape/shape 4378" type="image">
     <transform scX="1" x="0" scY="1" y="0" pX="20" pY="20" skX="0" skY="0"/>
    </display>
    <display name="Shape/shape 4380" type="image">
     <transform scX="1" x="0" scY="1" y="0" pX="20" pY="20" skX="0" skY="0"/>
    </display>
    <display name="Shape/shape 4382" type="image">
     <transform scX="1" x="0" scY="1" y="0" pX="20" pY="20" skX="0" skY="0"/>
    </display>
    <display name="Shape/shape 4384" type="image">
     <transform scX="1" x="0" scY="1" y="0" pX="20" pY="20" skX="0" skY="0"/>
    </display>
    <display name="Shape/shape 4386" type="image">
     <transform scX="1" x="0" scY="1" y="0" pX="20" pY="20" skX="0" skY="0"/>
    </display>
    <display name="Shape/shape 4388" type="image">
     <transform scX="1" x="0" scY="1" y="0" pX="20" pY="20" skX="0" skY="0"/>
    </display>
    <display name="Shape/shape 4390" type="image">
     <transform scX="1" x="0" scY="1" y="0" pX="20" pY="20" skX="0" skY="0"/>
    </display>
    <display name="Shape/shape 4392" type="image">
     <transform scX="1" x="0" scY="1" y="0" pX="20" pY="20" skX="0" skY="0"/>
    </display>
    <display name="Shape/shape 4394" type="image">
     <transform scX="1" x="0" scY="1" y="0" pX="20" pY="20" skX="0" skY="0"/>
    </display>
    <display name="Shape/shape 4396" type="image">
     <transform scX="1" x="0" scY="1" y="0" pX="20" pY="20" skX="0" skY="0"/>
    </display>
    <display name="Shape/shape 4398" type="image">
     <transform scX="1" x="0" scY="1" y="0" pX="20" pY="20" skX="0" skY="0"/>
    </display>
    <display name="Shape/shape 4400" type="image">
     <transform scX="1" x="0" scY="1" y="0" pX="20" pY="20" skX="0" skY="0"/>
    </display>
    <display name="Shape/shape 4402" type="image">
     <transform scX="1" x="0" scY="1" y="0" pX="20" pY="20" skX="0" skY="0"/>
    </display>
    <display name="Shape/shape 4404" type="image">
     <transform scX="1" x="0" scY="1" y="0" pX="20" pY="20" skX="0" skY="0"/>
    </display>
    <display name="Shape/shape 4406" type="image">
     <transform scX="1" x="0" scY="1" y="0" pX="20" pY="20" skX="0" skY="0"/>
    </display>
    <display name="Shape/shape 4408" type="image">
     <transform scX="1" x="0" scY="1" y="0" pX="20" pY="20" skX="0" skY="0"/>
    </display>
    <display name="Shape/shape 4410" type="image">
     <transform scX="1" x="0" scY="1" y="0" pX="20" pY="20" skX="0" skY="0"/>
    </display>
    <display name="Shape/shape 4412" type="image">
     <transform scX="1" x="0" scY="1" y="0" pX="20" pY="20" skX="0" skY="0"/>
    </display>
    <display name="Shape/shape 4414" type="image">
     <transform scX="1" x="0" scY="1" y="0" pX="20" pY="20" skX="0" skY="0"/>
    </display>
    <display name="Shape/shape 4416" type="image">
     <transform scX="1" x="0" scY="1" y="0" pX="20" pY="20" skX="0" skY="0"/>
    </display>
    <display name="Shape/shape 4418" type="image">
     <transform scX="1" x="0" scY="1" y="0" pX="20" pY="20" skX="0" skY="0"/>
    </display>
    <display name="Shape/shape 4420" type="image">
     <transform scX="1" x="0" scY="1" y="0" pX="20" pY="20" skX="0" skY="0"/>
    </display>
    <display name="Shape/shape 4422" type="image">
     <transform scX="1" x="0" scY="1" y="0" pX="20" pY="20" skX="0" skY="0"/>
    </display>
    <display name="Shape/shape 4424" type="image">
     <transform scX="1" x="0" scY="1" y="0" pX="20" pY="20" skX="0" skY="0"/>
    </display>
    <display name="Shape/shape 4426" type="image">
     <transform scX="1" x="0" scY="1" y="0" pX="20" pY="20" skX="0" skY="0"/>
    </display>
   </slot>
   <slot name="sphereCase" z="1" parent="sphereCase">
    <display name="case" type="image">
     <transform scX="1" x="0" scY="1" y="0" pX="25" pY="25" skX="0" skY="0"/>
    </display>
   </slot>
  </skin>
  <bone name="Layer 1">
   <transform scX="1" x="0" skX="0" scY="1" y="0" skY="0"/>
  </bone>
  <bone name="sphereCase">
   <transform scX="0.9" x="0.2" skX="0" scY="0.9" y="-3.2" skY="0"/>
  </bone>
  <animation fadeInTime="0.3" scale="1" loop="1" autoTween="NaN" name="levin" duration="45" tweenEasing="NaN">
   <timeline pX="0" name="Layer 1" pY="0" scale="1" offset="0">
    <frame z="0" duration="1">
     <transform scX="1" x="0" scY="1" y="0" pX="0" pY="0" skX="0" skY="0"/>
    </frame>
    <frame displayIndex="1" z="0" duration="1">
     <transform scX="1" x="0" scY="1" y="0" pX="0" pY="0" skX="0" skY="0"/>
    </frame>
    <frame displayIndex="2" z="0" duration="1">
     <transform scX="1" x="0" scY="1" y="0" pX="0" pY="0" skX="0" skY="0"/>
    </frame>
    <frame displayIndex="3" z="0" duration="1">
     <transform scX="1" x="0" scY="1" y="0" pX="0" pY="0" skX="0" skY="0"/>
    </frame>
    <frame displayIndex="4" z="0" duration="1">
     <transform scX="1" x="0" scY="1" y="0" pX="0" pY="0" skX="0" skY="0"/>
    </frame>
    <frame displayIndex="5" z="0" duration="1">
     <transform scX="1" x="0" scY="1" y="0" pX="0" pY="0" skX="0" skY="0"/>
    </frame>
    <frame displayIndex="6" z="0" duration="1">
     <transform scX="1" x="0" scY="1" y="0" pX="0" pY="0" skX="0" skY="0"/>
    </frame>
    <frame displayIndex="7" z="0" duration="1">
     <transform scX="1" x="0" scY="1" y="0" pX="0" pY="0" skX="0" skY="0"/>
    </frame>
    <frame displayIndex="8" z="0" duration="1">
     <transform scX="1" x="0" scY="1" y="0" pX="0" pY="0" skX="0" skY="0"/>
    </frame>
    <frame displayIndex="9" z="0" duration="1">
     <transform scX="1" x="0" scY="1" y="0" pX="0" pY="0" skX="0" skY="0"/>
    </frame>
    <frame displayIndex="10" z="0" duration="1">
     <transform scX="1" x="0" scY="1" y="0" pX="0" pY="0" skX="0" skY="0"/>
    </frame>
    <frame displayIndex="11" z="0" duration="1">
     <transform scX="1" x="0" scY="1" y="0" pX="0" pY="0" skX="0" skY="0"/>
    </frame>
    <frame displayIndex="12" z="0" duration="1">
     <transform scX="1" x="0" scY="1" y="0" pX="0" pY="0" skX="0" skY="0"/>
    </frame>
    <frame displayIndex="13" z="0" duration="1">
     <transform scX="1" x="0" scY="1" y="0" pX="0" pY="0" skX="0" skY="0"/>
    </frame>
    <frame displayIndex="14" z="0" duration="1">
     <transform scX="1" x="0" scY="1" y="0" pX="0" pY="0" skX="0" skY="0"/>
    </frame>
    <frame displayIndex="15" z="0" duration="1">
     <transform scX="1" x="0" scY="1" y="0" pX="0" pY="0" skX="0" skY="0"/>
    </frame>
    <frame displayIndex="16" z="0" duration="1">
     <transform scX="1" x="0" scY="1" y="0" pX="0" pY="0" skX="0" skY="0"/>
    </frame>
    <frame displayIndex="17" z="0" duration="1">
     <transform scX="1" x="0" scY="1" y="0" pX="0" pY="0" skX="0" skY="0"/>
    </frame>
    <frame displayIndex="18" z="0" duration="1">
     <transform scX="1" x="0" scY="1" y="0" pX="0" pY="0" skX="0" skY="0"/>
    </frame>
    <frame displayIndex="19" z="0" duration="1">
     <transform scX="1" x="0" scY="1" y="0" pX="0" pY="0" skX="0" skY="0"/>
    </frame>
    <frame displayIndex="20" z="0" duration="1">
     <transform scX="1" x="0" scY="1" y="0" pX="0" pY="0" skX="0" skY="0"/>
    </frame>
    <frame displayIndex="21" z="0" duration="1">
     <transform scX="1" x="0" scY="1" y="0" pX="0" pY="0" skX="0" skY="0"/>
    </frame>
    <frame displayIndex="22" z="0" duration="1">
     <transform scX="1" x="0" scY="1" y="0" pX="0" pY="0" skX="0" skY="0"/>
    </frame>
    <frame displayIndex="23" z="0" duration="1">
     <transform scX="1" x="0" scY="1" y="0" pX="0" pY="0" skX="0" skY="0"/>
    </frame>
    <frame displayIndex="24" z="0" duration="1">
     <transform scX="1" x="0" scY="1" y="0" pX="0" pY="0" skX="0" skY="0"/>
    </frame>
    <frame displayIndex="25" z="0" duration="1">
     <transform scX="1" x="0" scY="1" y="0" pX="0" pY="0" skX="0" skY="0"/>
    </frame>
    <frame displayIndex="26" z="0" duration="1">
     <transform scX="1" x="0" scY="1" y="0" pX="0" pY="0" skX="0" skY="0"/>
    </frame>
    <frame displayIndex="27" z="0" duration="1">
     <transform scX="1" x="0" scY="1" y="0" pX="0" pY="0" skX="0" skY="0"/>
    </frame>
    <frame displayIndex="28" z="0" duration="1">
     <transform scX="1" x="0" scY="1" y="0" pX="0" pY="0" skX="0" skY="0"/>
    </frame>
    <frame displayIndex="29" z="0" duration="1">
     <transform scX="1" x="0" scY="1" y="0" pX="0" pY="0" skX="0" skY="0"/>
    </frame>
    <frame displayIndex="30" z="0" duration="1">
     <transform scX="1" x="0" scY="1" y="0" pX="0" pY="0" skX="0" skY="0"/>
    </frame>
    <frame displayIndex="31" z="0" duration="1">
     <transform scX="1" x="0" scY="1" y="0" pX="0" pY="0" skX="0" skY="0"/>
    </frame>
    <frame displayIndex="32" z="0" duration="1">
     <transform scX="1" x="0" scY="1" y="0" pX="0" pY="0" skX="0" skY="0"/>
    </frame>
    <frame displayIndex="33" z="0" duration="1">
     <transform scX="1" x="0" scY="1" y="0" pX="0" pY="0" skX="0" skY="0"/>
    </frame>
    <frame displayIndex="34" z="0" duration="1">
     <transform scX="1" x="0" scY="1" y="0" pX="0" pY="0" skX="0" skY="0"/>
    </frame>
    <frame displayIndex="35" z="0" duration="1">
     <transform scX="1" x="0" scY="1" y="0" pX="0" pY="0" skX="0" skY="0"/>
    </frame>
    <frame displayIndex="36" z="0" duration="1">
     <transform scX="1" x="0" scY="1" y="0" pX="0" pY="0" skX="0" skY="0"/>
    </frame>
    <frame displayIndex="37" z="0" duration="1">
     <transform scX="1" x="0" scY="1" y="0" pX="0" pY="0" skX="0" skY="0"/>
    </frame>
    <frame displayIndex="38" z="0" duration="1">
     <transform scX="1" x="0" scY="1" y="0" pX="0" pY="0" skX="0" skY="0"/>
    </frame>
    <frame displayIndex="39" z="0" duration="1">
     <transform scX="1" x="0" scY="1" y="0" pX="0" pY="0" skX="0" skY="0"/>
    </frame>
    <frame displayIndex="40" z="0" duration="1">
     <transform scX="1" x="0" scY="1" y="0" pX="0" pY="0" skX="0" skY="0"/>
    </frame>
    <frame displayIndex="41" z="0" duration="1">
     <transform scX="1" x="0" scY="1" y="0" pX="0" pY="0" skX="0" skY="0"/>
    </frame>
    <frame displayIndex="42" z="0" duration="1">
     <transform scX="1" x="0" scY="1" y="0" pX="0" pY="0" skX="0" skY="0"/>
    </frame>
    <frame displayIndex="43" z="0" duration="1">
     <transform scX="1" x="0" scY="1" y="0" pX="0" pY="0" skX="0" skY="0"/>
    </frame>
    <frame displayIndex="43" z="0" duration="1">
     <transform scX="1" x="0" scY="1" y="0" pX="0" pY="0" skX="0" skY="0"/>
    </frame>
   </timeline>
   <timeline pX="0" name="sphereCase" pY="0" scale="1" offset="0">
    <frame z="0" duration="44">
     <transform scX="1" x="0" scY="1" y="0" pX="0" pY="0" skX="0" skY="0"/>
    </frame>
    <frame z="0" duration="1">
     <transform scX="1" x="0" scY="1" y="0" pX="0" pY="0" skX="0" skY="0"/>
    </frame>
   </timeline>
  </animation>
 </armature>
</root>