<TextureAtlas name="GetSphere_mc" imagePath="texture.png">
 <SubTexture name="Shape/shape 11880" x="439" y="340" width="30" height="30"/>
 <SubTexture name="Shape/shape 11860" x="52" y="46" width="44" height="44"/>
 <SubTexture name="Shape/shape 11861" x="98" y="46" width="44" height="44"/>
 <SubTexture name="Shape/shape 11862" x="144" y="46" width="44" height="44"/>
 <SubTexture name="Shape/shape 11863" x="420" y="0" width="44" height="44"/>
 <SubTexture name="Shape/shape 11864" x="282" y="46" width="44" height="44"/>
 <SubTexture name="Shape/shape 11865" x="374" y="0" width="44" height="44"/>
 <SubTexture name="Shape/shape 11866" x="98" y="0" width="44" height="44"/>
 <SubTexture name="Shape/shape 11867" x="52" y="0" width="44" height="44"/>
 <SubTexture name="Shape/shape 11868" x="236" y="46" width="44" height="44"/>
 <SubTexture name="Shape/shape 11869" x="236" y="0" width="44" height="44"/>
 <SubTexture name="Shape/shape 11870" x="328" y="0" width="44" height="44"/>
 <SubTexture name="Shape/shape 11871" x="144" y="0" width="44" height="44"/>
 <SubTexture name="Shape/shape 11872" x="190" y="46" width="44" height="44"/>
 <SubTexture name="Shape/shape 11873" x="328" y="46" width="44" height="44"/>
 <SubTexture name="Shape/shape 11874" x="374" y="46" width="44" height="44"/>
 <SubTexture name="Shape/shape 11875" x="282" y="0" width="44" height="44"/>
 <SubTexture name="Shape/shape 11876" x="190" y="0" width="44" height="44"/>
 <SubTexture name="Shape/shape 11877" x="466" y="0" width="44" height="44"/>
 <SubTexture name="Shape/shape 8558" x="272" y="260" width="35" height="40"/>
 <SubTexture name="Shape/shape 8559" x="468" y="268" width="35" height="40"/>
 <SubTexture name="Shape/shape 8560" x="394" y="256" width="35" height="40"/>
 <SubTexture name="Shape/shape 8561" x="37" y="260" width="35" height="40"/>
 <SubTexture name="Shape/shape 8562" x="309" y="260" width="35" height="40"/>
 <SubTexture name="Shape/shape 8563" x="346" y="260" width="35" height="40"/>
 <SubTexture name="Shape/shape 8564" x="0" y="262" width="35" height="40"/>
 <SubTexture name="Shape/shape 8565" x="111" y="260" width="35" height="40"/>
 <SubTexture name="Shape/shape 8566" x="235" y="260" width="35" height="40"/>
 <SubTexture name="Shape/shape 8567" x="357" y="218" width="35" height="40"/>
 <SubTexture name="Shape/shape 8568" x="148" y="260" width="35" height="40"/>
 <SubTexture name="Shape/shape 8569" x="74" y="260" width="35" height="40"/>
 <SubTexture name="Shape/shape 8570" x="320" y="218" width="35" height="40"/>
 <SubTexture name="Shape/shape 8571" x="431" y="256" width="35" height="40"/>
 <SubTexture name="Shape/shape 8572" x="0" y="220" width="35" height="40"/>
 <SubTexture name="case" x="0" y="0" width="50" height="50"/>
 <SubTexture name="Shape/shape 10921" x="266" y="332" width="32" height="29"/>
 <SubTexture name="Shape/shape 10922" x="68" y="332" width="32" height="29"/>
 <SubTexture name="Shape/shape 10923" x="303" y="302" width="32" height="29"/>
 <SubTexture name="Shape/shape 10924" x="102" y="332" width="32" height="29"/>
 <SubTexture name="Shape/shape 10925" x="334" y="332" width="32" height="29"/>
 <SubTexture name="Shape/shape 10926" x="417" y="298" width="32" height="29"/>
 <SubTexture name="Shape/shape 10927" x="269" y="302" width="32" height="29"/>
 <SubTexture name="Shape/shape 10928" x="37" y="302" width="32" height="29"/>
 <SubTexture name="Shape/shape 10929" x="170" y="336" width="32" height="29"/>
 <SubTexture name="Shape/shape 10930" x="0" y="304" width="32" height="29"/>
 <SubTexture name="Shape/shape 10931" x="34" y="332" width="32" height="29"/>
 <SubTexture name="Shape/shape 10932" x="71" y="302" width="32" height="29"/>
 <SubTexture name="Shape/shape 10933" x="337" y="302" width="32" height="29"/>
 <SubTexture name="Shape/shape 10934" x="173" y="306" width="32" height="29"/>
 <SubTexture name="Shape/shape 10935" x="232" y="332" width="32" height="29"/>
 <SubTexture name="Shape/shape 10936" x="136" y="332" width="32" height="29"/>
 <SubTexture name="Shape/shape 10937" x="105" y="302" width="32" height="29"/>
 <SubTexture name="Shape/shape 10938" x="0" y="334" width="32" height="29"/>
 <SubTexture name="Shape/shape 10939" x="451" y="310" width="32" height="29"/>
 <SubTexture name="Shape/shape 10940" x="371" y="328" width="32" height="29"/>
 <SubTexture name="Shape/shape 10941" x="300" y="332" width="32" height="29"/>
 <SubTexture name="Shape/shape 10942" x="405" y="328" width="32" height="29"/>
 <SubTexture name="Shape/shape 10943" x="139" y="302" width="32" height="29"/>
 <SubTexture name="Shape/shape 10944" x="235" y="302" width="32" height="29"/>
 <SubTexture name="Shape/shape 10945" x="383" y="298" width="32" height="29"/>
 <SubTexture name="Shape/shape 4305" x="210" y="161" width="24" height="21"/>
 <SubTexture name="Shape/shape 4307" x="185" y="283" width="23" height="21"/>
 <SubTexture name="Shape/shape 4309" x="210" y="298" width="23" height="20"/>
 <SubTexture name="Shape/shape 4311" x="485" y="333" width="22" height="20"/>
 <SubTexture name="Shape/shape 4313" x="185" y="260" width="23" height="21"/>
 <SubTexture name="Shape/shape 4315" x="485" y="310" width="25" height="21"/>
 <SubTexture name="Shape/shape 4316" x="210" y="252" width="23" height="21"/>
 <SubTexture name="Shape/shape 4317" x="488" y="246" width="22" height="20"/>
 <SubTexture name="Shape/shape 4318" x="207" y="320" width="23" height="20"/>
 <SubTexture name="Shape/shape 4319" x="210" y="275" width="23" height="21"/>
 <SubTexture name="Shape/shape 4320" x="210" y="138" width="24" height="21"/>
 <SubTexture name="Shape/shape 4322" x="210" y="92" width="24" height="21"/>
 <SubTexture name="Shape/shape 4324" x="210" y="230" width="24" height="20"/>
 <SubTexture name="Shape/shape 4326" x="210" y="207" width="24" height="21"/>
 <SubTexture name="Shape/shape 4328" x="488" y="223" width="22" height="21"/>
 <SubTexture name="Shape/shape 4330" x="488" y="154" width="22" height="21"/>
 <SubTexture name="Shape/shape 4332" x="488" y="130" width="22" height="22"/>
 <SubTexture name="Shape/shape 4333" x="488" y="200" width="22" height="21"/>
 <SubTexture name="Shape/shape 4334" x="488" y="177" width="22" height="21"/>
 <SubTexture name="Shape/shape 4336" x="210" y="184" width="24" height="21"/>
 <SubTexture name="Shape/shape 4337" x="210" y="115" width="24" height="21"/>
 <SubTexture name="Shape/shape 4340" x="278" y="176" width="40" height="40"/>
 <SubTexture name="Shape/shape 4342" x="404" y="214" width="40" height="40"/>
 <SubTexture name="Shape/shape 4344" x="362" y="92" width="40" height="40"/>
 <SubTexture name="Shape/shape 4346" x="236" y="92" width="40" height="40"/>
 <SubTexture name="Shape/shape 4348" x="420" y="88" width="40" height="40"/>
 <SubTexture name="Shape/shape 4350" x="168" y="176" width="40" height="40"/>
 <SubTexture name="Shape/shape 4352" x="42" y="134" width="40" height="40"/>
 <SubTexture name="Shape/shape 4354" x="0" y="94" width="40" height="40"/>
 <SubTexture name="Shape/shape 4356" x="0" y="136" width="40" height="40"/>
 <SubTexture name="Shape/shape 4358" x="84" y="92" width="40" height="40"/>
 <SubTexture name="Shape/shape 4360" x="420" y="46" width="40" height="40"/>
 <SubTexture name="Shape/shape 4362" x="362" y="134" width="40" height="40"/>
 <SubTexture name="Shape/shape 4364" x="462" y="46" width="40" height="40"/>
 <SubTexture name="Shape/shape 4366" x="42" y="92" width="40" height="40"/>
 <SubTexture name="Shape/shape 4368" x="446" y="130" width="40" height="40"/>
 <SubTexture name="Shape/shape 4370" x="126" y="92" width="40" height="40"/>
 <SubTexture name="Shape/shape 4372" x="236" y="176" width="40" height="40"/>
 <SubTexture name="Shape/shape 4374" x="42" y="218" width="40" height="40"/>
 <SubTexture name="Shape/shape 4376" x="168" y="218" width="40" height="40"/>
 <SubTexture name="Shape/shape 4378" x="446" y="172" width="40" height="40"/>
 <SubTexture name="Shape/shape 4380" x="126" y="176" width="40" height="40"/>
 <SubTexture name="Shape/shape 4382" x="404" y="172" width="40" height="40"/>
 <SubTexture name="Shape/shape 4384" x="236" y="218" width="40" height="40"/>
 <SubTexture name="Shape/shape 4386" x="236" y="134" width="40" height="40"/>
 <SubTexture name="Shape/shape 4388" x="42" y="176" width="40" height="40"/>
 <SubTexture name="Shape/shape 4390" x="278" y="92" width="40" height="40"/>
 <SubTexture name="Shape/shape 4392" x="278" y="218" width="40" height="40"/>
 <SubTexture name="Shape/shape 4394" x="126" y="134" width="40" height="40"/>
 <SubTexture name="Shape/shape 4396" x="320" y="134" width="40" height="40"/>
 <SubTexture name="Shape/shape 4398" x="0" y="52" width="40" height="40"/>
 <SubTexture name="Shape/shape 4400" x="320" y="176" width="40" height="40"/>
 <SubTexture name="Shape/shape 4402" x="278" y="134" width="40" height="40"/>
 <SubTexture name="Shape/shape 4404" x="320" y="92" width="40" height="40"/>
 <SubTexture name="Shape/shape 4406" x="126" y="218" width="40" height="40"/>
 <SubTexture name="Shape/shape 4408" x="168" y="92" width="40" height="40"/>
 <SubTexture name="Shape/shape 4410" x="0" y="178" width="40" height="40"/>
 <SubTexture name="Shape/shape 4412" x="84" y="134" width="40" height="40"/>
 <SubTexture name="Shape/shape 4414" x="84" y="218" width="40" height="40"/>
 <SubTexture name="Shape/shape 4416" x="84" y="176" width="40" height="40"/>
 <SubTexture name="Shape/shape 4418" x="404" y="130" width="40" height="40"/>
 <SubTexture name="Shape/shape 4420" x="462" y="88" width="40" height="40"/>
 <SubTexture name="Shape/shape 4422" x="168" y="134" width="40" height="40"/>
 <SubTexture name="Shape/shape 4424" x="446" y="214" width="40" height="40"/>
 <SubTexture name="Shape/shape 4426" x="362" y="176" width="40" height="40"/>
</TextureAtlas>