<root name="BulletTower7_smoke_mc" isGlobal="0" frameRate="30" version="3.0">
 <armature name="BulletTower7_smoke_mc">
  <skin name="default">
   <slot name="cont1" z="0" parent="cont1">
    <display name="Shape/shape 8460" type="image">
     <transform scX="1" x="0" scY="1" y="0" pX="23" pY="23" skX="0" skY="0"/>
    </display>
    <display name="Shape/shape 8462" type="image">
     <transform scX="1" x="0" scY="1" y="0" pX="23" pY="23" skX="0" skY="0"/>
    </display>
    <display name="Shape/shape 8464" type="image">
     <transform scX="1" x="0" scY="1" y="0" pX="23" pY="23" skX="0" skY="0"/>
    </display>
    <display name="Shape/shape 8466" type="image">
     <transform scX="1" x="0" scY="1" y="0" pX="23" pY="23" skX="0" skY="0"/>
    </display>
    <display name="Shape/shape 8468" type="image">
     <transform scX="1" x="0" scY="1" y="0" pX="23" pY="23" skX="0" skY="0"/>
    </display>
    <display name="Shape/shape 8470" type="image">
     <transform scX="1" x="0" scY="1" y="0" pX="23" pY="23" skX="0" skY="0"/>
    </display>
    <display name="Shape/shape 8472" type="image">
     <transform scX="1" x="0" scY="1" y="0" pX="23" pY="23" skX="0" skY="0"/>
    </display>
    <display name="Shape/shape 8474" type="image">
     <transform scX="1" x="0" scY="1" y="0" pX="23" pY="23" skX="0" skY="0"/>
    </display>
    <display name="Shape/shape 8476" type="image">
     <transform scX="1" x="0" scY="1" y="0" pX="23" pY="23" skX="0" skY="0"/>
    </display>
    <display name="Shape/shape 8478" type="image">
     <transform scX="1" x="0" scY="1" y="0" pX="23" pY="23" skX="0" skY="0"/>
    </display>
   </slot>
  </skin>
  <bone name="cont1">
   <transform scX="1" x="0" skX="0" scY="1" y="0" skY="0"/>
  </bone>
  <animation fadeInTime="0.3" scale="1" loop="1" autoTween="NaN" name="BulletTower7_smoke_mc" duration="11" tweenEasing="NaN">
   <timeline pX="0" name="cont1" pY="0" scale="1" offset="0">
    <frame z="0" duration="1">
     <transform scX="1" x="0" scY="1" y="0" pX="0" pY="0" skX="0" skY="0"/>
    </frame>
    <frame displayIndex="1" z="0" duration="1">
     <transform scX="1" x="0" scY="1" y="0" pX="0" pY="0" skX="0" skY="0"/>
    </frame>
    <frame displayIndex="2" z="0" duration="1">
     <transform scX="1" x="0" scY="1" y="0" pX="0" pY="0" skX="0" skY="0"/>
    </frame>
    <frame displayIndex="3" z="0" duration="1">
     <transform scX="1" x="0" scY="1" y="0" pX="0" pY="0" skX="0" skY="0"/>
    </frame>
    <frame displayIndex="4" z="0" duration="1">
     <transform scX="1" x="0" scY="1" y="0" pX="0" pY="0" skX="0" skY="0"/>
    </frame>
    <frame displayIndex="5" z="0" duration="1">
     <transform scX="1" x="0" scY="1" y="0" pX="0" pY="0" skX="0" skY="0"/>
    </frame>
    <frame displayIndex="6" z="0" duration="1">
     <transform scX="1" x="0" scY="1" y="0" pX="0" pY="0" skX="0" skY="0"/>
    </frame>
    <frame displayIndex="7" z="0" duration="1">
     <transform scX="1" x="0" scY="1" y="0" pX="0" pY="0" skX="0" skY="0"/>
    </frame>
    <frame displayIndex="8" z="0" duration="1">
     <transform scX="1" x="0" scY="1" y="0" pX="0" pY="0" skX="0" skY="0"/>
    </frame>
    <frame displayIndex="9" z="0" duration="1">
     <transform scX="1" x="0" scY="1" y="0" pX="0" pY="0" skX="0" skY="0"/>
    </frame>
    <frame displayIndex="9" z="0" duration="1">
     <transform scX="1" x="0" scY="1" y="0" pX="0" pY="0" skX="0" skY="0"/>
    </frame>
   </timeline>
  </animation>
 </armature>
</root>