<root name="StartMenu_mc" isGlobal="0" frameRate="30" version="3.0">
 <armature name="StartMenu_mc">
  <skin name="default">
   <slot name="bg" z="0" parent="bg">
    <display name="Shape/shape 221" type="image">
     <transform scX="1" x="0" scY="1" y="0" pX="0" pY="0" skX="0" skY="0"/>
    </display>
   </slot>
   <slot name="tips" z="1" parent="tips">
    <display name="case" type="image">
     <transform scX="1" x="0" scY="1" y="0" pX="25" pY="25" skX="0" skY="0"/>
    </display>
   </slot>
   <slot name="copyright" z="2" parent="copyright">
    <display name="case" type="image">
     <transform scX="1" x="0" scY="1" y="0" pX="25" pY="25" skX="0" skY="0"/>
    </display>
   </slot>
   <slot name="comlogo" z="3" parent="comlogo">
    <display name="case" type="image">
     <transform scX="1" x="0" scY="1" y="0" pX="25" pY="25" skX="0" skY="0"/>
    </display>
   </slot>
   <slot name="credits" z="4" parent="credits">
    <display name="sprite 234" type="armature">
     <transform scX="1" x="0" skX="0" scY="1" y="0" skY="0"/>
    </display>
   </slot>
   <slot name="saveType" z="5" parent="saveType">
    <display name="sprite 322" type="armature">
     <transform scX="1" x="0" skX="0" scY="1" y="0" skY="0"/>
    </display>
   </slot>
   <slot name="question" z="6" parent="question">
    <display name="question" type="armature">
     <transform scX="1" x="0" skX="0" scY="1" y="0" skY="0"/>
    </display>
   </slot>
   <slot name="start" z="7" parent="start">
    <display name="sprite 240" type="armature">
     <transform scX="1" x="0" skX="0" scY="1" y="0" skY="0"/>
    </display>
   </slot>
   <slot name="game3" z="8" parent="game3">
    <display name="game3" type="armature">
     <transform scX="1" x="0" skX="0" scY="1" y="0" skY="0"/>
    </display>
   </slot>
   <slot name="game2" z="9" parent="game2">
    <display name="game2" type="armature">
     <transform scX="1" x="0.05" skX="0" scY="1" y="-2.2" skY="0"/>
    </display>
   </slot>
   <slot name="game1" z="10" parent="game1">
    <display name="game1" type="armature">
     <transform scX="1" x="0" skX="0" scY="1" y="0" skY="0"/>
    </display>
   </slot>
   <slot name="logo" z="11" parent="logo">
    <display name="sprite 243" type="image">
     <transform scX="1" x="0" scY="1" y="0" pX="199.35" pY="133.75" skX="0" skY="0"/>
    </display>
   </slot>
   <slot name="glitter" z="12" parent="glitter">
    <display name="sprite 273" type="armature">
     <transform scX="1" x="0" skX="0" scY="1" y="0" skY="0"/>
    </display>
   </slot>
   <slot name="btnMusic" z="13" parent="btnMusic">
    <display name="sprite 252" type="armature">
     <transform scX="1" x="0" skX="0" scY="1" y="0" skY="0"/>
    </display>
   </slot>
   <slot name="btnSound" z="14" parent="btnSound">
    <display name="sprite 261" type="armature">
     <transform scX="1" x="0" skX="0" scY="1" y="0" skY="0"/>
    </display>
   </slot>
   <slot name="back" z="15" parent="back">
    <display name="sprite 268" type="armature">
     <transform scX="1" x="0" skX="0" scY="1" y="0" skY="0"/>
    </display>
   </slot>
   <slot name="logOut" z="16" parent="logOut">
    <display name="sprite 270" type="image">
     <transform scX="1" x="0" scY="1" y="0" pX="25" pY="25" skX="0" skY="0"/>
    </display>
   </slot>
  </skin>
  <bone name="game3">
   <transform scX="1.15" x="400" skX="0" scY="1.15" y="374.35" skY="0"/>
  </bone>
  <bone name="tips">
   <transform scX="1" x="30" skX="0" scY="1" y="503" skY="0"/>
  </bone>
  <bone name="copyright">
   <transform scX="1" x="616.55" skX="0" scY="1" y="573" skY="0"/>
  </bone>
  <bone name="comlogo">
   <transform scX="1" x="702.25" skX="0" scY="1" y="516.3" skY="0"/>
  </bone>
  <bone name="credits">
   <transform scX="1" x="400" skX="0" scY="1" y="356" skY="0"/>
  </bone>
  <bone name="saveType">
   <transform scX="1" x="400" skX="0" scY="1" y="650" skY="0"/>
  </bone>
  <bone name="question">
   <transform scX="1" x="397.5" skX="0" scY="1" y="633.45" skY="0"/>
  </bone>
  <bone name="start">
   <transform scX="1" x="402" skX="0" scY="1" y="235" skY="0"/>
  </bone>
  <bone name="bg">
   <transform scX="1" x="0" skX="0" scY="1" y="0" skY="0"/>
  </bone>
  <bone name="game2">
   <transform scX="1" x="399.95" skX="0" scY="1" y="317.2" skY="0"/>
  </bone>
  <bone name="game1">
   <transform scX="1.15" x="400" skX="0" scY="1.15" y="228" skY="0"/>
  </bone>
  <bone name="logo">
   <transform scX="0.46" x="400" skX="0" scY="0.46" y="139.95" skY="0"/>
  </bone>
  <bone name="glitter">
   <transform scX="1" x="293.75" skX="0" scY="1" y="68.5" skY="0"/>
  </bone>
  <bone name="btnMusic">
   <transform scX="1" x="705" skX="0" scY="1" y="36" skY="0"/>
  </bone>
  <bone name="btnSound">
   <transform scX="1" x="764" skX="0" scY="1" y="36" skY="0"/>
  </bone>
  <bone name="back">
   <transform scX="1" x="28" skX="0" scY="1" y="22" skY="0"/>
  </bone>
  <bone name="logOut">
   <transform scX="1" x="732" skX="0" scY="1" y="107" skY="0"/>
  </bone>
  <animation fadeInTime="0.3" scale="1" loop="1" autoTween="NaN" name="StartMenu_mc" duration="87" tweenEasing="NaN">
   <timeline pX="0" name="bg" pY="0" scale="1" offset="0">
    <frame z="0" duration="87">
     <transform scX="1" x="0" scY="1" y="0" pX="0" pY="0" skX="0" skY="0"/>
    </frame>
   </timeline>
   <timeline pX="0" name="tips" pY="0" scale="1" offset="0">
    <frame z="0" duration="87">
     <transform scX="1" x="0" scY="1" y="0" pX="0" pY="0" skX="0" skY="0"/>
    </frame>
   </timeline>
   <timeline pX="0" name="copyright" pY="0" scale="1" offset="0">
    <frame z="0" duration="87">
     <transform scX="1" x="0" scY="1" y="0" pX="0" pY="0" skX="0" skY="0"/>
    </frame>
   </timeline>
   <timeline pX="0" name="comlogo" pY="0" scale="1" offset="0">
    <frame z="0" duration="87">
     <transform scX="1" x="0" scY="1" y="0" pX="0" pY="0" skX="0" skY="0"/>
    </frame>
   </timeline>
   <timeline pX="0" name="credits" pY="0" scale="1" offset="0">
    <frame z="0" duration="1" tweenEasing="0">
     <transform scX="1" x="0" scY="1" y="0" pX="0" pY="0" skX="0" skY="0"/>
     <colorTransform bM="100" gO="0" bO="0" aM="0" rM="100" aO="0" gM="100" rO="0"/>
    </frame>
    <frame z="0" duration="19" tweenEasing="0">
     <transform scX="1.01" x="0" scY="1.01" y="0" pX="0" pY="0" skX="0" skY="0"/>
     <colorTransform bM="100" gO="0" bO="0" aM="0" rM="100" aO="0" gM="100" rO="0"/>
    </frame>
    <frame z="0" duration="3" tweenEasing="0">
     <transform scX="1.15" x="0" scY="1.15" y="0" pX="0" pY="0" skX="0" skY="0"/>
     <colorTransform bM="100" gO="0" bO="0" aM="10" rM="100" aO="0" gM="100" rO="0"/>
    </frame>
    <frame z="0" duration="1" tweenEasing="0">
     <transform scX="1" x="0" scY="1" y="36" pX="0" pY="0" skX="0" skY="0"/>
    </frame>
    <frame z="0" duration="1">
     <transform scX="0.97" x="0" scY="0.97" y="38" pX="0" pY="0" skX="0" skY="0"/>
    </frame>
    <frame z="0" duration="2" tweenEasing="0">
     <transform scX="1" x="0" scY="1" y="36" pX="0" pY="0" skX="0" skY="0"/>
    </frame>
    <frame z="0" duration="2" tweenEasing="0">
     <transform scX="1" x="0" scY="1" y="36" pX="0" pY="0" skX="0" skY="0"/>
    </frame>
    <frame z="0" duration="1">
     <transform scX="0.9" x="0" scY="0.9" y="44" pX="0" pY="0" skX="0" skY="0"/>
     <colorTransform bM="100" gO="0" bO="0" aM="33" rM="100" aO="0" gM="100" rO="0"/>
    </frame>
    <frame z="0" duration="3">
     <transform scX="0.86" x="0" scY="0.86" y="48" pX="0" pY="0" skX="0" skY="0"/>
     <colorTransform bM="100" gO="0" bO="0" aM="0" rM="100" aO="0" gM="100" rO="0"/>
    </frame>
    <frame displayIndex="-1" duration="54"/>
   </timeline>
   <timeline pX="0" name="saveType" pY="0" scale="1" offset="0">
    <frame displayIndex="-1" duration="34"/>
    <frame z="0" duration="4" tweenEasing="0">
     <transform scX="1" x="0" scY="1" y="0" pX="0" pY="0" skX="0" skY="0"/>
    </frame>
    <frame z="0" duration="2" tweenEasing="0">
     <transform scX="1" x="0" scY="1" y="-286" pX="0" pY="0" skX="0" skY="0"/>
    </frame>
    <frame z="0" duration="2" tweenEasing="0">
     <transform scX="1" x="0" scY="1" y="-294" pX="0" pY="0" skX="0" skY="0"/>
    </frame>
    <frame z="0" duration="1">
     <transform scX="1" x="0" scY="1" y="-291.3" pX="0" pY="0" skX="0" skY="0"/>
    </frame>
    <frame z="0" duration="5" tweenEasing="0">
     <transform scX="1" x="0" scY="1" y="-290" pX="0" pY="0" skX="0" skY="0"/>
    </frame>
    <frame z="0" duration="3" tweenEasing="0">
     <transform scX="1" x="0" scY="1" y="-290" pX="0" pY="0" skX="0" skY="0"/>
    </frame>
    <frame z="0" duration="1">
     <transform scX="1.03" x="0" scY="1.03" y="-467" pX="0" pY="0" skX="0" skY="0"/>
     <colorTransform bM="100" gO="0" bO="0" aM="50" rM="100" aO="0" gM="100" rO="0"/>
    </frame>
    <frame displayIndex="-1" duration="35"/>
   </timeline>
   <timeline pX="0" name="question" pY="0" scale="1" offset="0">
    <frame displayIndex="-1" duration="79"/>
    <frame z="0" duration="4" tweenEasing="0">
     <transform scX="1" x="0" scY="1" y="0" pX="0" pY="0" skX="0" skY="0"/>
    </frame>
    <frame z="0" duration="1" tweenEasing="0">
     <transform scX="1" x="0" scY="1" y="-118.95000000000005" pX="0" pY="0" skX="0" skY="0"/>
    </frame>
    <frame z="0" duration="1">
     <transform scX="1" x="0" scY="1" y="-114.45000000000005" pX="0" pY="0" skX="0" skY="0"/>
    </frame>
    <frame z="0" duration="2">
     <transform scX="1" x="0" scY="1" y="-109.95000000000005" pX="0" pY="0" skX="0" skY="0"/>
    </frame>
   </timeline>
   <timeline pX="0" name="start" pY="0" scale="1" offset="0">
    <frame z="0" duration="14" tweenEasing="0">
     <transform scX="1" x="0" scY="1" y="0" pX="0" pY="0" skX="0" skY="0"/>
     <colorTransform bM="100" gO="0" bO="0" aM="0" rM="100" aO="0" gM="100" rO="0"/>
    </frame>
    <frame z="0" duration="2" tweenEasing="0">
     <transform scX="1.13" x="0" scY="1.13" y="0" pX="0" pY="0" skX="0" skY="0"/>
     <colorTransform bM="100" gO="0" bO="0" aM="0" rM="100" aO="0" gM="100" rO="0"/>
    </frame>
    <frame z="0" duration="3" tweenEasing="0">
     <transform scX="1.15" x="0" scY="1.15" y="26.5" pX="0" pY="0" skX="0" skY="0"/>
     <colorTransform bM="100" gO="0" bO="0" aM="45" rM="100" aO="0" gM="100" rO="0"/>
    </frame>
    <frame z="0" duration="1" tweenEasing="0">
     <transform scX="1" x="0" scY="1" y="91" pX="0" pY="0" skX="0" skY="0"/>
    </frame>
    <frame z="0" duration="1">
     <transform scX="0.96" x="0" scY="0.96" y="93.5" pX="0" pY="0" skX="0" skY="0"/>
    </frame>
    <frame z="0" duration="8" tweenEasing="0">
     <transform scX="1" x="0" scY="1" y="91" pX="0" pY="0" skX="0" skY="0"/>
    </frame>
    <frame z="0" duration="3" tweenEasing="0">
     <transform scX="1" x="0" scY="1" y="91" pX="0" pY="0" skX="0" skY="0"/>
    </frame>
    <frame z="0" duration="1">
     <transform scX="0.93" x="0" scY="0.93" y="117.5" pX="0" pY="0" skX="0" skY="0"/>
     <colorTransform bM="100" gO="0" bO="0" aM="0" rM="100" aO="0" gM="100" rO="0"/>
    </frame>
    <frame displayIndex="-1" duration="54"/>
   </timeline>
   <timeline pX="0" name="game3" pY="0" scale="1" offset="0">
    <frame displayIndex="-1" duration="53"/>
    <frame z="0" duration="1" tweenEasing="0">
     <transform scX="1" x="0" scY="1" y="0" pX="0" pY="0" skX="0" skY="0"/>
     <colorTransform bM="100" gO="0" bO="0" aM="0" rM="100" aO="0" gM="100" rO="0"/>
    </frame>
    <frame z="0" duration="3" tweenEasing="0">
     <transform scX="1" x="0" scY="1" y="0.049999999999954525" pX="0" pY="0" skX="0" skY="0"/>
     <colorTransform bM="100" gO="0" bO="0" aM="0" rM="100" aO="0" gM="100" rO="0"/>
    </frame>
    <frame z="0" duration="1" tweenEasing="0">
     <transform scX="0.9913043478260869" x="0" scY="0.9913043478260869" y="0.049999999999954525" pX="0" pY="0" skX="0" skY="0"/>
     <colorTransform bM="100" gO="0" bO="0" aM="0" rM="100" aO="0" gM="100" rO="0"/>
    </frame>
    <frame z="0" duration="1" tweenEasing="0">
     <transform scX="0.9913043478260869" x="-0.05000000000001137" scY="0.9913043478260869" y="0.049999999999954525" pX="0" pY="0" skX="0" skY="0"/>
     <colorTransform bM="100" gO="0" bO="0" aM="0" rM="100" aO="0" gM="100" rO="0"/>
    </frame>
    <frame z="0" duration="1" tweenEasing="0">
     <transform scX="0.9826086956521739" x="-0.05000000000001137" scY="0.9826086956521739" y="0" pX="0" pY="0" skX="0" skY="0"/>
     <colorTransform bM="100" gO="0" bO="0" aM="0" rM="100" aO="0" gM="100" rO="0"/>
    </frame>
    <frame z="0" duration="3" tweenEasing="0">
     <transform scX="0.9826086956521739" x="0" scY="0.9826086956521739" y="0" pX="0" pY="0" skX="0" skY="0"/>
     <colorTransform bM="100" gO="0" bO="0" aM="0" rM="100" aO="0" gM="100" rO="0"/>
    </frame>
    <frame z="0" duration="3" tweenEasing="0">
     <transform scX="0.973913043478261" x="0" scY="0.973913043478261" y="0" pX="0" pY="0" skX="0" skY="0"/>
     <colorTransform bM="100" gO="0" bO="0" aM="0" rM="100" aO="0" gM="100" rO="0"/>
    </frame>
    <frame z="0" duration="5" tweenEasing="0">
     <transform scX="0.965217391304348" x="0" scY="0.965217391304348" y="0" pX="0" pY="0" skX="0" skY="0"/>
     <colorTransform bM="100" gO="0" bO="0" aM="0" rM="100" aO="0" gM="100" rO="0"/>
    </frame>
    <frame z="0" duration="2" tweenEasing="0">
     <transform scX="0.9565217391304349" x="-0.05000000000001137" scY="0.9565217391304349" y="0" pX="0" pY="0" skX="0" skY="0"/>
     <colorTransform bM="100" gO="0" bO="0" aM="0" rM="100" aO="0" gM="100" rO="0"/>
    </frame>
    <frame z="0" duration="3" tweenEasing="0">
     <transform scX="0.9130434782608696" x="-0.05000000000001137" scY="0.9130434782608696" y="18.799999999999955" pX="0" pY="0" skX="0" skY="0"/>
     <colorTransform bM="100" gO="0" bO="0" aM="75" rM="100" aO="0" gM="100" rO="0"/>
    </frame>
    <frame z="0" duration="1" tweenEasing="0">
     <transform scX="0.8695652173913044" x="0" scY="0.8695652173913044" y="46.94999999999999" pX="0" pY="0" skX="0" skY="0"/>
    </frame>
    <frame z="0" duration="1">
     <transform scX="0.8434782608695652" x="-0.05000000000001137" scY="0.8434782608695652" y="51" pX="0" pY="0" skX="0" skY="0"/>
    </frame>
    <frame z="0" duration="9">
     <transform scX="0.8695652173913044" x="0" scY="0.8695652173913044" y="46.94999999999999" pX="0" pY="0" skX="0" skY="0"/>
    </frame>
   </timeline>
   <timeline pX="0" name="game2" pY="0" scale="1" offset="0">
    <frame displayIndex="-1" duration="53"/>
    <frame z="0" duration="3" tweenEasing="0">
     <transform scX="1" x="0" scY="1" y="0" pX="0" pY="0" skX="0" skY="0"/>
     <colorTransform bM="100" gO="0" bO="0" aM="0" rM="100" aO="0" gM="100" rO="0"/>
    </frame>
    <frame z="0" duration="1" tweenEasing="0">
     <transform scX="1.13" x="0.05000000000001137" scY="1.13" y="-3.0500000000000114" pX="-0.05" pY="2.2" skX="0" skY="0"/>
     <colorTransform bM="100" gO="0" bO="0" aM="0" rM="100" aO="0" gM="100" rO="0"/>
    </frame>
    <frame z="0" duration="1" tweenEasing="0">
     <transform scX="1.12" x="0.10000000000002274" scY="1.12" y="-3.0500000000000114" pX="-0.05" pY="2.2" skX="0" skY="0"/>
     <colorTransform bM="100" gO="0" bO="0" aM="0" rM="100" aO="0" gM="100" rO="0"/>
    </frame>
    <frame z="0" duration="1" tweenEasing="0">
     <transform scX="1.12" x="0.05000000000001137" scY="1.12" y="-3.099999999999966" pX="-0.05" pY="2.2" skX="0" skY="0"/>
     <colorTransform bM="100" gO="0" bO="0" aM="0" rM="100" aO="0" gM="100" rO="0"/>
    </frame>
    <frame z="0" duration="1" tweenEasing="0">
     <transform scX="1.11" x="0.10000000000002274" scY="1.11" y="-3.0500000000000114" pX="-0.05" pY="2.2" skX="0" skY="0"/>
     <colorTransform bM="100" gO="0" bO="0" aM="0" rM="100" aO="0" gM="100" rO="0"/>
    </frame>
    <frame z="0" duration="1" tweenEasing="0">
     <transform scX="1.11" x="0.05000000000001137" scY="1.11" y="-3.0500000000000114" pX="-0.05" pY="2.2" skX="0" skY="0"/>
     <colorTransform bM="100" gO="0" bO="0" aM="0" rM="100" aO="0" gM="100" rO="0"/>
    </frame>
    <frame z="0" duration="1" tweenEasing="0">
     <transform scX="1.1" x="0.10000000000002274" scY="1.1" y="-3.099999999999966" pX="-0.05" pY="2.2" skX="0" skY="0"/>
     <colorTransform bM="100" gO="0" bO="0" aM="0" rM="100" aO="0" gM="100" rO="0"/>
    </frame>
    <frame z="0" duration="2" tweenEasing="0">
     <transform scX="1.1" x="0.05000000000001137" scY="1.1" y="-3.099999999999966" pX="-0.05" pY="2.2" skX="0" skY="0"/>
     <colorTransform bM="100" gO="0" bO="0" aM="0" rM="100" aO="0" gM="100" rO="0"/>
    </frame>
    <frame z="0" duration="3" tweenEasing="0">
     <transform scX="1.05" x="0.05000000000001137" scY="1.05" y="15.650000000000034" pX="-0.05" pY="2.2" skX="0" skY="0"/>
     <colorTransform bM="100" gO="0" bO="0" aM="75" rM="100" aO="0" gM="100" rO="0"/>
    </frame>
    <frame z="0" duration="1" tweenEasing="0">
     <transform scX="1" x="0.05000000000001137" scY="1" y="43.80000000000001" pX="-0.05" pY="2.2" skX="0" skY="0"/>
    </frame>
    <frame z="0" duration="1">
     <transform scX="0.97" x="0.05000000000001137" scY="0.97" y="47.80000000000001" pX="-0.05" pY="2.2" skX="0" skY="0"/>
    </frame>
    <frame z="0" duration="18">
     <transform scX="1" x="0.05000000000001137" scY="1" y="43.80000000000001" pX="-0.05" pY="2.2" skX="0" skY="0"/>
    </frame>
   </timeline>
   <timeline pX="0" name="game1" pY="0" scale="1" offset="0">
    <frame displayIndex="-1" duration="53"/>
    <frame z="0" duration="2" tweenEasing="0">
     <transform scX="1" x="0" scY="1" y="0" pX="0" pY="0" skX="0" skY="0"/>
     <colorTransform bM="100" gO="0" bO="0" aM="0" rM="100" aO="0" gM="100" rO="0"/>
    </frame>
    <frame z="0" duration="3" tweenEasing="0">
     <transform scX="0.9565217391304349" x="-0.05000000000001137" scY="0.9565217391304349" y="34.85000000000002" pX="0" pY="0" skX="0" skY="0"/>
    </frame>
    <frame z="0" duration="1" tweenEasing="0">
     <transform scX="0.8695652173913044" x="0" scY="0.8695652173913044" y="75" pX="0" pY="0" skX="0" skY="0"/>
    </frame>
    <frame z="0" duration="1">
     <transform scX="0.8434782608695652" x="-0.05000000000001137" scY="0.8434782608695652" y="83" pX="0" pY="0" skX="0" skY="0"/>
    </frame>
    <frame z="0" duration="27">
     <transform scX="0.8695652173913044" x="0" scY="0.8695652173913044" y="75" pX="0" pY="0" skX="0" skY="0"/>
    </frame>
   </timeline>
   <timeline pX="0" name="logo" pY="0" scale="1" offset="0">
    <frame z="0" duration="3" tweenEasing="0">
     <transform scX="1" x="0" scY="1" y="0" pX="0" pY="0" skX="0" skY="0"/>
     <colorTransform bM="100" gO="0" bO="0" aM="0" rM="100" aO="0" gM="100" rO="0"/>
    </frame>
    <frame z="0" duration="1" tweenEasing="0">
     <transform scX="2.1739130434782608" x="0" scY="2.1739130434782608" y="-12.999999999999986" pX="0" pY="0" skX="0" skY="0"/>
    </frame>
    <frame z="0" duration="1" tweenEasing="0">
     <transform scX="2.217391304347826" x="-0.05000000000001137" scY="2.217391304347826" y="-12.999999999999986" pX="0" pY="0" skX="0" skY="0"/>
    </frame>
    <frame z="0" duration="1">
     <transform scX="2.260869565217391" x="0" scY="2.260869565217391" y="-12.999999999999986" pX="0" pY="0" skX="0" skY="0"/>
    </frame>
    <frame z="0" duration="81">
     <transform scX="2.1739130434782608" x="0" scY="2.1739130434782608" y="-12.999999999999986" pX="0" pY="0" skX="0" skY="0"/>
    </frame>
   </timeline>
   <timeline pX="0" name="glitter" pY="0" scale="1" offset="0">
    <frame displayIndex="-1" duration="8"/>
    <frame z="0" duration="79">
     <transform scX="1" x="0" scY="1" y="0" pX="0" pY="0" skX="0" skY="0"/>
    </frame>
   </timeline>
   <timeline pX="0" name="btnMusic" pY="0" scale="1" offset="0">
    <frame z="0" duration="87">
     <transform scX="1" x="0" scY="1" y="0" pX="0" pY="0" skX="0" skY="0"/>
    </frame>
   </timeline>
   <timeline pX="0" name="btnSound" pY="0" scale="1" offset="0">
    <frame z="0" duration="87">
     <transform scX="1" x="0" scY="1" y="0" pX="0" pY="0" skX="0" skY="0"/>
    </frame>
   </timeline>
   <timeline pX="0" name="back" pY="0" scale="1" offset="0">
    <frame z="0" duration="87">
     <transform scX="1" x="0" scY="1" y="0" pX="0" pY="0" skX="0" skY="0"/>
    </frame>
   </timeline>
   <timeline pX="0" name="logOut" pY="0" scale="1" offset="0">
    <frame z="0" duration="87">
     <transform scX="1" x="0" scY="1" y="0" pX="0" pY="0" skX="0" skY="0"/>
    </frame>
   </timeline>
  </animation>
 </armature>
 <armature name="sprite 234">
  <skin name="default">
   <slot name="Layer 4" z="0" parent="Layer 4">
    <display name="Shape/shape 226" type="image">
     <transform scX="1" x="0" scY="1" y="0" pX="72.3" pY="31.35" skX="0" skY="0"/>
    </display>
   </slot>
   <slot name="text" z="1" parent="text">
    <display name="case" type="image">
     <transform scX="1" x="0" scY="1" y="0" pX="25" pY="25" skX="0" skY="0"/>
    </display>
   </slot>
   <slot name="creditsCase" z="2" parent="creditsCase">
    <display name="case" type="image">
     <transform scX="1" x="0" scY="1" y="0" pX="25" pY="25" skX="0" skY="0"/>
    </display>
   </slot>
  </skin>
  <bone name="Layer 4">
   <transform scX="1" x="0" skX="0" scY="1" y="0" skY="0"/>
  </bone>
  <bone name="text">
   <transform scX="1" x="-17.3" skX="0" scY="1" y="1.35" skY="0"/>
  </bone>
  <bone name="creditsCase">
   <transform scX="2.9" x="-0.2" skX="0" scY="1.11" y="0.4" skY="0"/>
  </bone>
  <animation fadeInTime="0" scale="1" loop="1" autoTween="NaN" name="unnamed" duration="3" tweenEasing="NaN">
   <timeline pX="0" name="Layer 4" pY="0" scale="1" offset="0">
    <frame z="0" duration="3">
     <transform scX="1" x="0" scY="1" y="0" pX="0" pY="0" skX="0" skY="0"/>
    </frame>
   </timeline>
   <timeline pX="0" name="text" pY="0" scale="1" offset="0">
    <frame z="0" duration="3">
     <transform scX="1" x="0" scY="1" y="0" pX="0" pY="0" skX="0" skY="0"/>
    </frame>
   </timeline>
   <timeline pX="0" name="creditsCase" pY="0" scale="1" offset="0">
    <frame z="0" duration="3">
     <transform scX="1" x="0" scY="1" y="0" pX="0" pY="0" skX="0" skY="0"/>
    </frame>
   </timeline>
  </animation>
 </armature>
 <armature name="sprite 322">
  <skin name="default">
   <slot name="localSave" z="0" parent="localSave">
    <display name="sprite 284" type="armature">
     <transform scX="1" x="0" skX="0" scY="1" y="0" skY="0"/>
    </display>
   </slot>
   <slot name="onlineSave" z="1" parent="onlineSave">
    <display name="sprite 321" type="armature">
     <transform scX="1" x="0" skX="0" scY="1" y="0" skY="0"/>
    </display>
   </slot>
  </skin>
  <bone name="localSave">
   <transform scX="1" x="142" skX="0" scY="1" y="10" skY="0"/>
  </bone>
  <bone name="onlineSave">
   <transform scX="1" x="-110" skX="0" scY="1" y="13" skY="0"/>
  </bone>
  <animation fadeInTime="0.3" scale="1" loop="1" autoTween="NaN" name="save" duration="1" tweenEasing="NaN">
   <timeline pX="0" name="localSave" pY="0" scale="1" offset="0">
    <frame z="0" duration="1">
     <transform scX="1" x="0" scY="1" y="0" pX="0" pY="0" skX="0" skY="0"/>
    </frame>
   </timeline>
   <timeline pX="0" name="onlineSave" pY="0" scale="1" offset="0">
    <frame z="0" duration="1">
     <transform scX="1" x="0" scY="1" y="0" pX="0" pY="0" skX="0" skY="0"/>
    </frame>
   </timeline>
  </animation>
 </armature>
 <armature name="question">
  <skin name="default">
   <slot name="btnNo" z="0" parent="btnNo">
    <display name="sprite 368" type="armature">
     <transform scX="1" x="0" skX="0" scY="1" y="0" skY="0"/>
    </display>
   </slot>
   <slot name="btnYes" z="1" parent="btnYes">
    <display name="sprite 379" type="armature">
     <transform scX="1" x="0" skX="0" scY="1" y="0" skY="0"/>
    </display>
   </slot>
   <slot name="bg" z="2" parent="bg">
    <display name="Shape/shape 380" type="image">
     <transform scX="1" x="0" scY="1" y="0" pX="152.5" pY="25" skX="0" skY="0"/>
    </display>
   </slot>
   <slot name="noteTXT" z="3" parent="noteTXT">
    <display name="case" type="image">
     <transform scX="1" x="0" scY="1" y="0" pX="25" pY="25" skX="0" skY="0"/>
    </display>
   </slot>
  </skin>
  <bone name="bg">
   <transform scX="1" x="0" skX="0" scY="1" y="-12" skY="0"/>
  </bone>
  <bone name="btnYes">
   <transform scX="1" x="-78.65" skX="0" scY="1" y="-2.8" skY="0"/>
  </bone>
  <bone name="btnNo">
   <transform scX="1" x="79.35" skX="0" scY="1" y="-4.3" skY="0"/>
  </bone>
  <bone name="noteTXT">
   <transform scX="1" x="-108.7" skX="0" scY="1" y="-11.7" skY="0"/>
  </bone>
  <animation fadeInTime="0" scale="1" loop="1" autoTween="NaN" name="unnamed" duration="10" tweenEasing="NaN">
   <timeline pX="0" name="btnNo" pY="0" scale="1" offset="0">
    <frame z="0" duration="2" tweenEasing="0">
     <transform scX="1" x="0" scY="1" y="0" pX="0" pY="0" skX="0" skY="0"/>
    </frame>
    <frame z="0" duration="3" tweenEasing="0">
     <transform scX="1" x="0" scY="1" y="0" pX="0" pY="0" skX="0" skY="0"/>
    </frame>
    <frame z="0" duration="1" tweenEasing="0">
     <transform scX="1" x="0" scY="1" y="24.5" pX="0" pY="0" skX="0" skY="0"/>
    </frame>
    <frame z="0" duration="2" tweenEasing="0">
     <transform scX="1" x="0" scY="0.94" y="28" pX="0" pY="0" skX="0" skY="0"/>
    </frame>
    <frame z="0" duration="1" tweenEasing="0">
     <transform scX="1" x="0" scY="1" y="26.5" pX="0" pY="0" skX="0" skY="0"/>
    </frame>
    <frame z="0" duration="1">
     <transform scX="1" x="-0.3499999999999943" scY="1" y="28.3" pX="0" pY="0" skX="0" skY="0"/>
    </frame>
   </timeline>
   <timeline pX="0" name="btnYes" pY="0" scale="1" offset="0">
    <frame z="0" duration="2" tweenEasing="0">
     <transform scX="1" x="0" scY="1" y="0" pX="0" pY="0" skX="0" skY="0"/>
    </frame>
    <frame z="0" duration="3" tweenEasing="0">
     <transform scX="1" x="0" scY="1" y="0" pX="0" pY="0" skX="0" skY="0"/>
    </frame>
    <frame z="0" duration="1" tweenEasing="0">
     <transform scX="1" x="0" scY="1" y="24.5" pX="0" pY="0" skX="0" skY="0"/>
    </frame>
    <frame z="0" duration="2" tweenEasing="0">
     <transform scX="1" x="0" scY="0.94" y="27.900000000000002" pX="0" pY="0" skX="0" skY="0"/>
    </frame>
    <frame z="0" duration="1" tweenEasing="0">
     <transform scX="1" x="0" scY="1" y="24.5" pX="0" pY="0" skX="0" skY="0"/>
    </frame>
    <frame z="0" duration="1">
     <transform scX="1" x="-0.3499999999999943" scY="1" y="24.8" pX="0" pY="0" skX="0" skY="0"/>
    </frame>
   </timeline>
   <timeline pX="0" name="bg" pY="0" scale="1" offset="0">
    <frame z="0" duration="10">
     <transform scX="1" x="0" scY="1" y="0" pX="0" pY="0" skX="0" skY="0"/>
    </frame>
   </timeline>
   <timeline pX="0" name="noteTXT" pY="0" scale="1" offset="0">
    <frame z="0" duration="10">
     <transform scX="1" x="0" scY="1" y="0" pX="0" pY="0" skX="0" skY="0"/>
    </frame>
   </timeline>
  </animation>
 </armature>
 <armature name="sprite 240">
  <skin name="default">
   <slot name="bg" z="0" parent="bg">
    <display name="Shape/shape 235" type="image">
     <transform scX="1" x="0" scY="1" y="0" pX="86.6" pY="35.1" skX="0" skY="0"/>
    </display>
   </slot>
   <slot name="text" z="1" parent="text">
    <display name="case" type="image">
     <transform scX="1" x="0" scY="1" y="0" pX="25" pY="25" skX="0" skY="0"/>
    </display>
   </slot>
   <slot name="startCase" z="2" parent="startCase">
    <display name="case" type="image">
     <transform scX="1" x="0" scY="1" y="0" pX="25" pY="25" skX="0" skY="0"/>
    </display>
   </slot>
  </skin>
  <bone name="bg">
   <transform scX="1" x="0" skX="0" scY="1" y="0" skY="0"/>
  </bone>
  <bone name="text">
   <transform scX="1" x="-27.7" skX="0" scY="1" y="-2.7" skY="0"/>
  </bone>
  <bone name="startCase">
   <transform scX="3.34" x="-2.45" skX="0" scY="1.35" y="-0.35" skY="0"/>
  </bone>
  <animation fadeInTime="0" scale="1" loop="1" autoTween="NaN" name="unnamed" duration="3" tweenEasing="NaN">
   <timeline pX="0" name="bg" pY="0" scale="1" offset="0">
    <frame z="0" duration="3">
     <transform scX="1" x="0" scY="1" y="0" pX="0" pY="0" skX="0" skY="0"/>
    </frame>
   </timeline>
   <timeline pX="0" name="text" pY="0" scale="1" offset="0">
    <frame z="0" duration="3">
     <transform scX="1" x="0" scY="1" y="0" pX="0" pY="0" skX="0" skY="0"/>
    </frame>
   </timeline>
   <timeline pX="0" name="startCase" pY="0" scale="1" offset="0">
    <frame z="0" duration="3">
     <transform scX="1" x="0" scY="1" y="0" pX="0" pY="0" skX="0" skY="0"/>
    </frame>
   </timeline>
  </animation>
 </armature>
 <armature name="game3">
  <skin name="default">
   <slot name="bg" z="0" parent="bg">
    <display name="Shape/shape 359" type="image">
     <transform scX="1" x="0" scY="1" y="0" pX="73.3" pY="31.5" skX="0" skY="0"/>
    </display>
    <display name="Shape/shape 362" type="image">
     <transform scX="1" x="0" scY="1" y="0" pX="73.3" pY="31.5" skX="0" skY="0"/>
    </display>
   </slot>
   <slot name="star" z="1" parent="star">
    <display name="sprite 325" type="image">
     <transform scX="1" x="0" scY="1" y="0" pX="19" pY="18.1" skX="0" skY="0"/>
    </display>
   </slot>
   <slot name="name" z="2" parent="name">
    <display name="case" type="image">
     <transform scX="1" x="0" scY="1" y="0" pX="25" pY="25" skX="0" skY="0"/>
    </display>
   </slot>
   <slot name="numTXT" z="3" parent="numTXT">
    <display name="case" type="image">
     <transform scX="1" x="0" scY="1" y="0" pX="25" pY="25" skX="0" skY="0"/>
    </display>
   </slot>
   <slot name="newGame3Case" z="4" parent="newGame3Case">
    <display name="case" type="image">
     <transform scX="1" x="0" scY="1" y="0" pX="25" pY="25" skX="0" skY="0"/>
    </display>
   </slot>
   <slot name="game3Case" z="5" parent="game3Case">
    <display name="case" type="image">
     <transform scX="1" x="0" scY="1" y="0" pX="25" pY="25" skX="0" skY="0"/>
    </display>
   </slot>
   <slot name="deleteSlot" z="6" parent="deleteSlot">
    <display name="sprite 338" type="armature">
     <transform scX="1" x="0" scY="1" y="0" pX="0" pY="0" skX="0" skY="0"/>
    </display>
   </slot>
   <slot name="syncSlot" z="7" parent="syncSlot">
    <display name="sprite 349" type="armature">
     <transform scX="1" x="0" scY="1" y="0" pX="0" pY="0" skX="0" skY="0"/>
    </display>
   </slot>
  </skin>
  <bone name="newGame3Case">
   <transform scX="2.84" x="-0.45" skX="0" scY="0.97" y="2.4" skY="0"/>
  </bone>
  <bone name="star">
   <transform scX="0.35" x="-23.15" skX="0" scY="0.35" y="15.25" skY="0"/>
  </bone>
  <bone name="name">
   <transform scX="1" x="-23.35" skX="0" scY="1" y="-9.85" skY="0"/>
  </bone>
  <bone name="numTXT">
   <transform scX="1" x="-1.7" skX="0" scY="1" y="14.3" skY="0"/>
  </bone>
  <bone name="bg">
   <transform scX="1" x="0" skX="0" scY="1" y="0" skY="0"/>
  </bone>
  <bone name="game3Case">
   <transform scX="2.84" x="-0.45" skX="0" scY="0.97" y="2.4" skY="0"/>
  </bone>
  <bone name="deleteSlot">
   <transform scX="1" x="51" skX="0" scY="1" y="-10" skY="0"/>
  </bone>
  <bone name="syncSlot">
   <transform scX="1" x="-55" skX="0" scY="1" y="-15" skY="0"/>
  </bone>
  <animation fadeInTime="0" scale="1" loop="1" autoTween="NaN" name="unnamed" duration="6" tweenEasing="NaN">
   <timeline pX="0" name="bg" pY="0" scale="1" offset="0">
    <frame z="0" duration="3">
     <transform scX="1" x="0" scY="1" y="0" pX="0" pY="0" skX="0" skY="0"/>
    </frame>
    <frame displayIndex="1" z="0" duration="3">
     <transform scX="1" x="0" scY="1" y="0" pX="0" pY="0" skX="0" skY="0"/>
    </frame>
   </timeline>
   <timeline pX="0" name="star" pY="0" scale="1" offset="0">
    <frame z="0" duration="3">
     <transform scX="1" x="0" scY="1" y="0" pX="0" pY="0" skX="0" skY="0"/>
    </frame>
    <frame displayIndex="-1" duration="3"/>
   </timeline>
   <timeline pX="0" name="name" pY="0" scale="1" offset="0">
    <frame z="0" duration="6">
     <transform scX="1" x="0" scY="1" y="0" pX="0" pY="0" skX="0" skY="0"/>
    </frame>
   </timeline>
   <timeline pX="0" name="numTXT" pY="0" scale="1" offset="0">
    <frame z="0" duration="3">
     <transform scX="1" x="0" scY="1" y="0" pX="0" pY="0" skX="0" skY="0"/>
    </frame>
    <frame displayIndex="-1" duration="3"/>
   </timeline>
   <timeline pX="0" name="newGame3Case" pY="0" scale="1" offset="0">
    <frame z="0" duration="6">
     <transform scX="1" x="0" scY="1" y="0" pX="0" pY="0" skX="0" skY="0"/>
    </frame>
   </timeline>
   <timeline pX="0" name="game3Case" pY="0" scale="1" offset="0">
    <frame z="0" duration="3">
     <transform scX="1" x="0" scY="1" y="0" pX="0" pY="0" skX="0" skY="0"/>
    </frame>
    <frame displayIndex="-1" duration="3"/>
   </timeline>
   <timeline pX="0" name="deleteSlot" pY="0" scale="1" offset="0">
    <frame z="0" duration="3">
     <transform scX="1" x="0" scY="1" y="0" pX="0" pY="0" skX="0" skY="0"/>
    </frame>
    <frame displayIndex="-1" duration="3"/>
   </timeline>
   <timeline pX="0" name="syncSlot" pY="0" scale="1" offset="0">
    <frame z="0" duration="3">
     <transform scX="1" x="0" scY="1" y="0" pX="0" pY="0" skX="0" skY="0"/>
    </frame>
    <frame displayIndex="-1" duration="3"/>
   </timeline>
  </animation>
 </armature>
 <armature name="game2">
  <skin name="default">
   <slot name="bg" z="0" parent="bg">
    <display name="Shape/shape 359" type="image">
     <transform scX="1" x="0" scY="1" y="0" pX="73.3" pY="31.5" skX="0" skY="0"/>
    </display>
    <display name="Shape/shape 362" type="image">
     <transform scX="1" x="0" scY="1" y="0" pX="73.3" pY="31.5" skX="0" skY="0"/>
    </display>
   </slot>
   <slot name="star" z="1" parent="star">
    <display name="sprite 325" type="image">
     <transform scX="1" x="0" scY="1" y="0" pX="19" pY="18.1" skX="0" skY="0"/>
    </display>
   </slot>
   <slot name="name" z="2" parent="name">
    <display name="case" type="image">
     <transform scX="1" x="0" scY="1" y="0" pX="25" pY="25" skX="0" skY="0"/>
    </display>
   </slot>
   <slot name="numTXT" z="3" parent="numTXT">
    <display name="case" type="image">
     <transform scX="1" x="0" scY="1" y="0" pX="25" pY="25" skX="0" skY="0"/>
    </display>
   </slot>
   <slot name="newGame2Case" z="4" parent="newGame2Case">
    <display name="case" type="image">
     <transform scX="1" x="0" scY="1" y="0" pX="25" pY="25" skX="0" skY="0"/>
    </display>
   </slot>
   <slot name="game2Case" z="5" parent="game2Case">
    <display name="case" type="image">
     <transform scX="1" x="0" scY="1" y="0" pX="25" pY="25" skX="0" skY="0"/>
    </display>
   </slot>
   <slot name="deleteSlot" z="6" parent="deleteSlot">
    <display name="sprite 338" type="armature">
     <transform scX="1" x="0" scY="1" y="0" pX="0" pY="0" skX="0" skY="0"/>
    </display>
   </slot>
   <slot name="syncSlot" z="7" parent="syncSlot">
    <display name="sprite 349" type="armature">
     <transform scX="1" x="0" scY="1" y="0" pX="0" pY="0" skX="0" skY="0"/>
    </display>
   </slot>
  </skin>
  <bone name="newGame2Case">
   <transform scX="2.84" x="-0.45" skX="0" scY="0.97" y="2.4" skY="0"/>
  </bone>
  <bone name="star">
   <transform scX="0.35" x="-23.15" skX="0" scY="0.35" y="15.25" skY="0"/>
  </bone>
  <bone name="name">
   <transform scX="1" x="-23.35" skX="0" scY="1" y="-9.85" skY="0"/>
  </bone>
  <bone name="numTXT">
   <transform scX="1" x="-1.7" skX="0" scY="1" y="14.3" skY="0"/>
  </bone>
  <bone name="bg">
   <transform scX="1" x="0" skX="0" scY="1" y="0" skY="0"/>
  </bone>
  <bone name="game2Case">
   <transform scX="2.84" x="-0.45" skX="0" scY="0.97" y="2.4" skY="0"/>
  </bone>
  <bone name="deleteSlot">
   <transform scX="1" x="51" skX="0" scY="1" y="-10" skY="0"/>
  </bone>
  <bone name="syncSlot">
   <transform scX="1" x="-55" skX="0" scY="1" y="-15" skY="0"/>
  </bone>
  <animation fadeInTime="0" scale="1" loop="1" autoTween="NaN" name="unnamed" duration="6" tweenEasing="NaN">
   <timeline pX="0" name="bg" pY="0" scale="1" offset="0">
    <frame z="0" duration="3">
     <transform scX="1" x="0" scY="1" y="0" pX="0" pY="0" skX="0" skY="0"/>
    </frame>
    <frame displayIndex="1" z="0" duration="3">
     <transform scX="1" x="0" scY="1" y="0" pX="0" pY="0" skX="0" skY="0"/>
    </frame>
   </timeline>
   <timeline pX="0" name="star" pY="0" scale="1" offset="0">
    <frame z="0" duration="3">
     <transform scX="1" x="0" scY="1" y="0" pX="0" pY="0" skX="0" skY="0"/>
    </frame>
    <frame displayIndex="-1" duration="3"/>
   </timeline>
   <timeline pX="0" name="name" pY="0" scale="1" offset="0">
    <frame z="0" duration="6">
     <transform scX="1" x="0" scY="1" y="0" pX="0" pY="0" skX="0" skY="0"/>
    </frame>
   </timeline>
   <timeline pX="0" name="numTXT" pY="0" scale="1" offset="0">
    <frame z="0" duration="3">
     <transform scX="1" x="0" scY="1" y="0" pX="0" pY="0" skX="0" skY="0"/>
    </frame>
    <frame displayIndex="-1" duration="3"/>
   </timeline>
   <timeline pX="0" name="newGame2Case" pY="0" scale="1" offset="0">
    <frame z="0" duration="6">
     <transform scX="1" x="0" scY="1" y="0" pX="0" pY="0" skX="0" skY="0"/>
    </frame>
   </timeline>
   <timeline pX="0" name="game2Case" pY="0" scale="1" offset="0">
    <frame z="0" duration="3">
     <transform scX="1" x="0" scY="1" y="0" pX="0" pY="0" skX="0" skY="0"/>
    </frame>
    <frame displayIndex="-1" duration="3"/>
   </timeline>
   <timeline pX="0" name="deleteSlot" pY="0" scale="1" offset="0">
    <frame z="0" duration="3">
     <transform scX="1" x="0" scY="1" y="0" pX="0" pY="0" skX="0" skY="0"/>
    </frame>
    <frame displayIndex="-1" duration="3"/>
   </timeline>
   <timeline pX="0" name="syncSlot" pY="0" scale="1" offset="0">
    <frame z="0" duration="3">
     <transform scX="1" x="0" scY="1" y="0" pX="0" pY="0" skX="0" skY="0"/>
    </frame>
    <frame displayIndex="-1" duration="3"/>
   </timeline>
  </animation>
 </armature>
 <armature name="game1">
  <skin name="default">
   <slot name="bg" z="0" parent="bg">
    <display name="Shape/shape 359" type="image">
     <transform scX="1" x="0" scY="1" y="0" pX="73.3" pY="31.5" skX="0" skY="0"/>
    </display>
    <display name="Shape/shape 362" type="image">
     <transform scX="1" x="0" scY="1" y="0" pX="73.3" pY="31.5" skX="0" skY="0"/>
    </display>
   </slot>
   <slot name="star" z="1" parent="star">
    <display name="sprite 325" type="image">
     <transform scX="1" x="0" scY="1" y="0" pX="19" pY="18.1" skX="0" skY="0"/>
    </display>
   </slot>
   <slot name="name" z="2" parent="name">
    <display name="case" type="image">
     <transform scX="1" x="0" scY="1" y="0" pX="25" pY="25" skX="0" skY="0"/>
    </display>
   </slot>
   <slot name="numTXT" z="3" parent="numTXT">
    <display name="case" type="image">
     <transform scX="1" x="0" scY="1" y="0" pX="25" pY="25" skX="0" skY="0"/>
    </display>
   </slot>
   <slot name="newGame1Case" z="4" parent="newGame1Case">
    <display name="case" type="image">
     <transform scX="1" x="0" scY="1" y="0" pX="25" pY="25" skX="0" skY="0"/>
    </display>
   </slot>
   <slot name="game1Case" z="5" parent="game1Case">
    <display name="case" type="image">
     <transform scX="1" x="0" scY="1" y="0" pX="25" pY="25" skX="0" skY="0"/>
    </display>
   </slot>
   <slot name="deleteSlot" z="6" parent="deleteSlot">
    <display name="sprite 338" type="armature">
     <transform scX="1" x="0" skX="0" scY="1" y="0" skY="0"/>
    </display>
   </slot>
   <slot name="syncSlot" z="7" parent="syncSlot">
    <display name="sprite 349" type="armature">
     <transform scX="1" x="0" skX="0" scY="1" y="0" skY="0"/>
    </display>
   </slot>
  </skin>
  <bone name="newGame1Case">
   <transform scX="2.84" x="-0.45" skX="0" scY="0.97" y="2.4" skY="0"/>
  </bone>
  <bone name="star">
   <transform scX="0.35" x="-23.15" skX="0" scY="0.35" y="15.25" skY="0"/>
  </bone>
  <bone name="name">
   <transform scX="1" x="-23.35" skX="0" scY="1" y="-9.85" skY="0"/>
  </bone>
  <bone name="numTXT">
   <transform scX="1" x="-1.7" skX="0" scY="1" y="14.3" skY="0"/>
  </bone>
  <bone name="bg">
   <transform scX="1" x="0" skX="0" scY="1" y="0" skY="0"/>
  </bone>
  <bone name="game1Case">
   <transform scX="2.84" x="-0.45" skX="0" scY="0.97" y="2.4" skY="0"/>
  </bone>
  <bone name="deleteSlot">
   <transform scX="1" x="51" skX="0" scY="1" y="-10" skY="0"/>
  </bone>
  <bone name="syncSlot">
   <transform scX="1" x="-55" skX="0" scY="1" y="-15" skY="0"/>
  </bone>
  <animation fadeInTime="0" scale="1" loop="1" autoTween="NaN" name="unnamed" duration="6" tweenEasing="NaN">
   <timeline pX="0" name="bg" pY="0" scale="1" offset="0">
    <frame z="0" duration="3">
     <transform scX="1" x="0" scY="1" y="0" pX="0" pY="0" skX="0" skY="0"/>
    </frame>
    <frame displayIndex="1" z="0" duration="3">
     <transform scX="1" x="0" scY="1" y="0" pX="0" pY="0" skX="0" skY="0"/>
    </frame>
   </timeline>
   <timeline pX="0" name="star" pY="0" scale="1" offset="0">
    <frame z="0" duration="3">
     <transform scX="1" x="0" scY="1" y="0" pX="0" pY="0" skX="0" skY="0"/>
    </frame>
    <frame displayIndex="-1" duration="3"/>
   </timeline>
   <timeline pX="0" name="name" pY="0" scale="1" offset="0">
    <frame z="0" duration="6">
     <transform scX="1" x="0" scY="1" y="0" pX="0" pY="0" skX="0" skY="0"/>
    </frame>
   </timeline>
   <timeline pX="0" name="numTXT" pY="0" scale="1" offset="0">
    <frame z="0" duration="3">
     <transform scX="1" x="0" scY="1" y="0" pX="0" pY="0" skX="0" skY="0"/>
    </frame>
    <frame displayIndex="-1" duration="3"/>
   </timeline>
   <timeline pX="0" name="newGame1Case" pY="0" scale="1" offset="0">
    <frame z="0" duration="6">
     <transform scX="1" x="0" scY="1" y="0" pX="0" pY="0" skX="0" skY="0"/>
    </frame>
   </timeline>
   <timeline pX="0" name="game1Case" pY="0" scale="1" offset="0">
    <frame z="0" duration="3">
     <transform scX="1" x="0" scY="1" y="0" pX="0" pY="0" skX="0" skY="0"/>
    </frame>
    <frame displayIndex="-1" duration="3"/>
   </timeline>
   <timeline pX="0" name="deleteSlot" pY="0" scale="1" offset="0">
    <frame z="0" duration="3">
     <transform scX="1" x="0" scY="1" y="0" pX="0" pY="0" skX="0" skY="0"/>
    </frame>
    <frame displayIndex="-1" duration="3"/>
   </timeline>
   <timeline pX="0" name="syncSlot" pY="0" scale="1" offset="0">
    <frame z="0" duration="3">
     <transform scX="1" x="0" scY="1" y="0" pX="0" pY="0" skX="0" skY="0"/>
    </frame>
    <frame displayIndex="-1" duration="3"/>
   </timeline>
  </animation>
 </armature>
 <armature name="sprite 273">
  <skin name="default">
   <slot name="Layer 1" z="0" parent="Layer 1">
    <display name="sprite 272" type="image">
     <transform scX="1" x="0" scY="1" y="0" pX="0" pY="0" skX="0" skY="0"/>
    </display>
   </slot>
   <slot name="Layer 3" z="1" parent="Layer 3">
    <display name="sprite 272" type="image">
     <transform scX="1" x="0" scY="1" y="0" pX="0" pY="0" skX="0" skY="0"/>
    </display>
   </slot>
   <slot name="Layer 5" z="2" parent="Layer 5">
    <display name="sprite 272" type="image">
     <transform scX="1" x="0" scY="1" y="0" pX="0" pY="0" skX="0" skY="0"/>
    </display>
   </slot>
  </skin>
  <bone name="Layer 1">
   <transform scX="0.35" x="-5.75" skX="0" scY="0.35" y="-5.75" skY="0"/>
  </bone>
  <bone name="Layer 3">
   <transform scX="0.35" x="-4.25" skX="0" scY="0.35" y="85.75" skY="0"/>
  </bone>
  <bone name="Layer 5">
   <transform scX="0.35" x="119.25" skX="0" scY="0.35" y="1" skY="0"/>
  </bone>
  <animation fadeInTime="0" scale="1" loop="1" autoTween="NaN" name="unnamed" duration="75" tweenEasing="NaN">
   <timeline pX="0" name="Layer 1" pY="0" scale="1" offset="0">
    <frame z="0" duration="1" tweenEasing="0">
     <transform scX="1" x="0" scY="1" y="0" pX="0" pY="0" skX="0" skY="0"/>
    </frame>
    <frame z="0" duration="1" tweenEasing="0">
     <transform scX="1.1714285714285715" x="0.25" scY="1.1714285714285715" y="-2.05" pX="0" pY="0" skX="9.81" skY="9.81"/>
    </frame>
    <frame z="0" duration="1" tweenEasing="0">
     <transform scX="1.3714285714285714" x="1.0999999999999996" scY="1.3714285714285714" y="-4.1" pX="0" pY="0" skX="19.81" skY="19.81"/>
    </frame>
    <frame z="0" duration="1" tweenEasing="0">
     <transform scX="1.5428571428571431" x="2.55" scY="1.5428571428571431" y="-6.15" pX="0" pY="0" skX="29.83" skY="29.83"/>
    </frame>
    <frame z="0" duration="1" tweenEasing="0">
     <transform scX="1.7142857142857144" x="4.5" scY="1.7142857142857144" y="-7.9" pX="0" pY="0" skX="39.85" skY="39.85"/>
    </frame>
    <frame z="0" duration="1" tweenEasing="0">
     <transform scX="1.6000000000000003" x="6.85" scY="1.6000000000000003" y="-7.050000000000001" pX="0" pY="0" skX="49.87" skY="49.87"/>
    </frame>
    <frame z="0" duration="2" tweenEasing="0">
     <transform scX="1.4857142857142858" x="8.85" scY="1.4857142857142858" y="-5.85" pX="0" pY="0" skX="59.89" skY="59.89"/>
    </frame>
    <frame z="0" duration="2" tweenEasing="0">
     <transform scX="1.2857142857142858" x="11.65" scY="1.2857142857142858" y="-2.75" pX="0" pY="0" skX="79.73" skY="79.73"/>
    </frame>
    <frame z="0" duration="1" tweenEasing="0">
     <transform scX="1.3142857142857145" x="14.4" scY="1.3142857142857145" y="-0.40000000000000036" pX="0" pY="0" skX="99.53" skY="99.53"/>
    </frame>
    <frame z="0" duration="1" tweenEasing="0">
     <transform scX="1.0857142857142859" x="13.6" scY="1.0857142857142859" y="2" pX="0" pY="0" skX="109.54" skY="109.54"/>
    </frame>
    <frame z="0" duration="1">
     <transform scX="0.8285714285714285" x="12.25" scY="0.8285714285714285" y="3.95" pX="0" pY="0" skX="119.55" skY="119.55"/>
    </frame>
    <frame displayIndex="-1" duration="23"/>
    <frame z="0" duration="1" tweenEasing="0">
     <transform scX="1" x="108" scY="1" y="91.5" pX="0" pY="0" skX="0" skY="0"/>
    </frame>
    <frame z="0" duration="1" tweenEasing="0">
     <transform scX="1.3142857142857145" x="107.4" scY="1.3142857142857145" y="88.7" pX="0" pY="0" skX="8.51" skY="8.51"/>
    </frame>
    <frame z="0" duration="1" tweenEasing="0">
     <transform scX="1.6285714285714286" x="107.6" scY="1.6285714285714286" y="85.55" pX="0" pY="0" skX="17.03" skY="17.03"/>
    </frame>
    <frame z="0" duration="1" tweenEasing="0">
     <transform scX="1.942857142857143" x="108.55" scY="1.942857142857143" y="82.45" pX="0" pY="0" skX="25.56" skY="25.56"/>
    </frame>
    <frame z="0" duration="1" tweenEasing="0">
     <transform scX="2.2571428571428576" x="110.3" scY="2.2571428571428576" y="79.3" pX="0" pY="0" skX="34.09" skY="34.09"/>
    </frame>
    <frame z="0" duration="2" tweenEasing="0">
     <transform scX="2.1142857142857143" x="113.1" scY="2.1142857142857143" y="80.3" pX="0" pY="0" skX="42.63" skY="42.63"/>
    </frame>
    <frame z="0" duration="1" tweenEasing="0">
     <transform scX="1.7714285714285716" x="117.45" scY="1.7714285714285716" y="83.5" pX="0" pY="0" skX="59.9" skY="59.9"/>
    </frame>
    <frame z="0" duration="1" tweenEasing="0">
     <transform scX="1.6000000000000003" x="118.9" scY="1.6000000000000003" y="85.35" pX="0" pY="0" skX="68.42" skY="68.42"/>
    </frame>
    <frame z="0" duration="1" tweenEasing="0">
     <transform scX="1.4571428571428573" x="119.9" scY="1.4571428571428573" y="87.4" pX="0" pY="0" skX="76.95" skY="76.95"/>
    </frame>
    <frame z="0" duration="2" tweenEasing="0">
     <transform scX="1.2857142857142858" x="120.45" scY="1.2857142857142858" y="89.35" pX="0" pY="0" skX="85.47" skY="85.47"/>
    </frame>
    <frame z="0" duration="2" tweenEasing="0">
     <transform scX="1.3142857142857145" x="122.7" scY="1.3142857142857145" y="91.55" pX="0" pY="0" skX="102.31" skY="102.31"/>
    </frame>
    <frame z="0" duration="1">
     <transform scX="0.8285714285714285" x="120.3" scY="0.8285714285714285" y="95.45" pX="0" pY="0" skX="119.55" skY="119.55"/>
    </frame>
    <frame displayIndex="-1" duration="24"/>
   </timeline>
   <timeline pX="0" name="Layer 3" pY="0" scale="1" offset="0">
    <frame displayIndex="-1" duration="22"/>
    <frame z="0" duration="1" tweenEasing="0">
     <transform scX="1" x="0" scY="1" y="0" pX="0" pY="0" skX="0" skY="0"/>
    </frame>
    <frame z="0" duration="1" tweenEasing="0">
     <transform scX="1.1714285714285715" x="0.09999999999999964" scY="1.1714285714285715" y="-1.9000000000000057" pX="0" pY="0" skX="8.51" skY="8.51"/>
    </frame>
    <frame z="0" duration="1" tweenEasing="0">
     <transform scX="1.3714285714285714" x="0.6499999999999999" scY="1.3714285714285714" y="-3.9000000000000057" pX="0" pY="0" skX="17.03" skY="17.03"/>
    </frame>
    <frame z="0" duration="1" tweenEasing="0">
     <transform scX="1.5428571428571431" x="1.65" scY="1.5428571428571431" y="-5.900000000000006" pX="0" pY="0" skX="25.56" skY="25.56"/>
    </frame>
    <frame z="0" duration="1" tweenEasing="0">
     <transform scX="1.7142857142857144" x="3.15" scY="1.7142857142857144" y="-7.700000000000003" pX="0" pY="0" skX="34.09" skY="34.09"/>
    </frame>
    <frame z="0" duration="1" tweenEasing="0">
     <transform scX="1.6000000000000003" x="5.2" scY="1.6000000000000003" y="-7.099999999999994" pX="0" pY="0" skX="42.63" skY="42.63"/>
    </frame>
    <frame z="0" duration="2" tweenEasing="0">
     <transform scX="1.4857142857142858" x="7" scY="1.4857142857142858" y="-6.200000000000003" pX="0" pY="0" skX="51.17" skY="51.17"/>
    </frame>
    <frame z="0" duration="4" tweenEasing="0">
     <transform scX="1.2857142857142858" x="9.85" scY="1.2857142857142858" y="-3.700000000000003" pX="0" pY="0" skX="68.42" skY="68.42"/>
    </frame>
    <frame z="0" duration="2" tweenEasing="0">
     <transform scX="1.3142857142857145" x="14.7" scY="1.3142857142857145" y="0" pX="0" pY="0" skX="102.31" skY="102.31"/>
    </frame>
    <frame z="0" duration="1">
     <transform scX="0.8285714285714285" x="12.25" scY="0.8285714285714285" y="3.950000000000003" pX="0" pY="0" skX="119.55" skY="119.55"/>
    </frame>
    <frame displayIndex="-1" duration="11"/>
    <frame z="0" duration="2" tweenEasing="0">
     <transform scX="0.8285714285714285" x="284.7" scY="0.8285714285714285" y="-75.55" pX="0" pY="0" skX="119.55" skY="119.55"/>
    </frame>
    <frame z="0" duration="2" tweenEasing="0">
     <transform scX="1.3142857142857145" x="287.45" scY="1.3142857142857145" y="-79.05" pX="0" pY="0" skX="105.31" skY="105.31"/>
    </frame>
    <frame z="0" duration="4" tweenEasing="0">
     <transform scX="1.2857142857142858" x="285.7" scY="1.2857142857142858" y="-80.9" pX="0" pY="0" skX="91.28" skY="91.28"/>
    </frame>
    <frame z="0" duration="5" tweenEasing="0">
     <transform scX="1.4571428571428573" x="281.95" scY="1.4571428571428573" y="-85" pX="0" pY="0" skX="63.41" skY="63.41"/>
    </frame>
    <frame z="0" duration="1" tweenEasing="0">
     <transform scX="1.7142857142857144" x="274.2" scY="1.7142857142857144" y="-86.95" pX="0" pY="0" skX="28.07" skY="28.07"/>
    </frame>
    <frame z="0" duration="2" tweenEasing="0">
     <transform scX="1.5428571428571431" x="273.2" scY="1.5428571428571431" y="-85" pX="0" pY="0" skX="21.05" skY="21.05"/>
    </frame>
    <frame z="0" duration="1" tweenEasing="0">
     <transform scX="1.1714285714285715" x="272.35" scY="1.1714285714285715" y="-81.2" pX="0" pY="0" skX="7.01" skY="7.01"/>
    </frame>
    <frame z="0" duration="1">
     <transform scX="1" x="272.45" scY="1" y="-79.45" pX="0" pY="0" skX="0" skY="0"/>
    </frame>
    <frame displayIndex="-1" duration="9"/>
   </timeline>
   <timeline pX="0" name="Layer 5" pY="0" scale="1" offset="0">
    <frame displayIndex="-1" duration="10"/>
    <frame z="0" duration="1" tweenEasing="0">
     <transform scX="1" x="0" scY="1" y="0" pX="0" pY="0" skX="0" skY="0"/>
    </frame>
    <frame z="0" duration="1" tweenEasing="0">
     <transform scX="1.1714285714285715" x="0.25" scY="1.1714285714285715" y="-2.05" pX="0" pY="0" skX="9.81" skY="9.81"/>
    </frame>
    <frame z="0" duration="1" tweenEasing="0">
     <transform scX="1.3714285714285714" x="1.1500000000000057" scY="1.3714285714285714" y="-4.2" pX="0" pY="0" skX="19.81" skY="19.81"/>
    </frame>
    <frame z="0" duration="1" tweenEasing="0">
     <transform scX="1.5428571428571431" x="2.5999999999999943" scY="1.5428571428571431" y="-6.2" pX="0" pY="0" skX="29.83" skY="29.83"/>
    </frame>
    <frame z="0" duration="1" tweenEasing="0">
     <transform scX="1.7142857142857144" x="4.5" scY="1.7142857142857144" y="-7.9" pX="0" pY="0" skX="39.85" skY="39.85"/>
    </frame>
    <frame z="0" duration="1" tweenEasing="0">
     <transform scX="1.6000000000000003" x="6.849999999999994" scY="1.6000000000000003" y="-7.1" pX="0" pY="0" skX="49.87" skY="49.87"/>
    </frame>
    <frame z="0" duration="2" tweenEasing="0">
     <transform scX="1.4857142857142858" x="8.849999999999994" scY="1.4857142857142858" y="-5.85" pX="0" pY="0" skX="59.89" skY="59.89"/>
    </frame>
    <frame z="0" duration="1" tweenEasing="0">
     <transform scX="1.2857142857142858" x="11.650000000000006" scY="1.2857142857142858" y="-2.7" pX="0" pY="0" skX="79.73" skY="79.73"/>
    </frame>
    <frame z="0" duration="1" tweenEasing="0">
     <transform scX="1.3142857142857145" x="13.099999999999994" scY="1.3142857142857145" y="-1.7" pX="0" pY="0" skX="89.72" skY="89.72"/>
    </frame>
    <frame z="0" duration="1" tweenEasing="0">
     <transform scX="1.3142857142857145" x="14.400000000000006" scY="1.3142857142857145" y="-0.4" pX="0" pY="0" skX="99.53" skY="99.53"/>
    </frame>
    <frame z="0" duration="1" tweenEasing="0">
     <transform scX="1.0857142857142859" x="13.650000000000006" scY="1.0857142857142859" y="2.05" pX="0" pY="0" skX="109.54" skY="109.54"/>
    </frame>
    <frame z="0" duration="1">
     <transform scX="0.8285714285714285" x="12.25" scY="0.8285714285714285" y="3.95" pX="0" pY="0" skX="119.55" skY="119.55"/>
    </frame>
    <frame displayIndex="-1" duration="17"/>
    <frame z="0" duration="1" tweenEasing="0">
     <transform scX="1" x="-192.5" scY="1" y="-30.25" pX="0" pY="0" skX="0" skY="0"/>
    </frame>
    <frame z="0" duration="1" tweenEasing="0">
     <transform scX="1.1714285714285715" x="-192.25" scY="1.1714285714285715" y="-32.25" pX="0" pY="0" skX="9.81" skY="9.81"/>
    </frame>
    <frame z="0" duration="1" tweenEasing="0">
     <transform scX="1.3714285714285714" x="-191.45" scY="1.3714285714285714" y="-34.4" pX="0" pY="0" skX="19.81" skY="19.81"/>
    </frame>
    <frame z="0" duration="1" tweenEasing="0">
     <transform scX="1.5428571428571431" x="-189.95" scY="1.5428571428571431" y="-36.35" pX="0" pY="0" skX="29.83" skY="29.83"/>
    </frame>
    <frame z="0" duration="1" tweenEasing="0">
     <transform scX="1.7142857142857144" x="-187.95" scY="1.7142857142857144" y="-38.15" pX="0" pY="0" skX="39.85" skY="39.85"/>
    </frame>
    <frame z="0" duration="1" tweenEasing="0">
     <transform scX="1.6000000000000003" x="-185.65" scY="1.6000000000000003" y="-37.3" pX="0" pY="0" skX="49.87" skY="49.87"/>
    </frame>
    <frame z="0" duration="1" tweenEasing="0">
     <transform scX="1.4857142857142858" x="-183.65" scY="1.4857142857142858" y="-36.1" pX="0" pY="0" skX="59.89" skY="59.89"/>
    </frame>
    <frame z="0" duration="1" tweenEasing="0">
     <transform scX="1.4000000000000001" x="-182" scY="1.4000000000000001" y="-34.6" pX="0" pY="0" skX="69.72" skY="69.72"/>
    </frame>
    <frame z="0" duration="1" tweenEasing="0">
     <transform scX="1.2857142857142858" x="-180.85" scY="1.2857142857142858" y="-32.95" pX="0" pY="0" skX="79.73" skY="79.73"/>
    </frame>
    <frame z="0" duration="1" tweenEasing="0">
     <transform scX="1.3142857142857145" x="-179.4" scY="1.3142857142857145" y="-32" pX="0" pY="0" skX="89.72" skY="89.72"/>
    </frame>
    <frame z="0" duration="1" tweenEasing="0">
     <transform scX="1.3142857142857145" x="-178.1" scY="1.3142857142857145" y="-30.65" pX="0" pY="0" skX="99.53" skY="99.53"/>
    </frame>
    <frame z="0" duration="1" tweenEasing="0">
     <transform scX="1.0857142857142859" x="-178.95" scY="1.0857142857142859" y="-28.25" pX="0" pY="0" skX="109.54" skY="109.54"/>
    </frame>
    <frame z="0" duration="1">
     <transform scX="0.8285714285714285" x="-180.3" scY="0.8285714285714285" y="-26.35" pX="0" pY="0" skX="119.55" skY="119.55"/>
    </frame>
    <frame displayIndex="-1" duration="9"/>
    <frame z="0" duration="1" tweenEasing="0">
     <transform scX="1" x="-56" scY="1" y="81.25" pX="0" pY="0" skX="0" skY="0"/>
    </frame>
    <frame z="0" duration="1" tweenEasing="0">
     <transform scX="1.1714285714285715" x="-55.7" scY="1.1714285714285715" y="79.2" pX="0" pY="0" skX="9.81" skY="9.81"/>
    </frame>
    <frame z="0" duration="1" tweenEasing="0">
     <transform scX="1.3714285714285714" x="-54.900000000000006" scY="1.3714285714285714" y="77.1" pX="0" pY="0" skX="19.81" skY="19.81"/>
    </frame>
    <frame z="0" duration="1" tweenEasing="0">
     <transform scX="1.5428571428571431" x="-53.5" scY="1.5428571428571431" y="75.2" pX="0" pY="0" skX="29.83" skY="29.83"/>
    </frame>
    <frame z="0" duration="1" tweenEasing="0">
     <transform scX="1.7142857142857144" x="-51.5" scY="1.7142857142857144" y="73.35" pX="0" pY="0" skX="39.85" skY="39.85"/>
    </frame>
    <frame z="0" duration="2" tweenEasing="0">
     <transform scX="1.6000000000000003" x="-49.150000000000006" scY="1.6000000000000003" y="74.2" pX="0" pY="0" skX="49.87" skY="49.87"/>
    </frame>
    <frame z="0" duration="1" tweenEasing="0">
     <transform scX="1.4000000000000001" x="-45.55" scY="1.4000000000000001" y="76.85" pX="0" pY="0" skX="69.72" skY="69.72"/>
    </frame>
    <frame z="0" duration="2" tweenEasing="0">
     <transform scX="1.2857142857142858" x="-44.349999999999994" scY="1.2857142857142858" y="78.45" pX="0" pY="0" skX="79.73" skY="79.73"/>
    </frame>
    <frame z="0" duration="1" tweenEasing="0">
     <transform scX="1.3142857142857145" x="-41.599999999999994" scY="1.3142857142857145" y="80.85" pX="0" pY="0" skX="99.53" skY="99.53"/>
    </frame>
    <frame z="0" duration="1" tweenEasing="0">
     <transform scX="1.0857142857142859" x="-42.400000000000006" scY="1.0857142857142859" y="83.25" pX="0" pY="0" skX="109.54" skY="109.54"/>
    </frame>
    <frame z="0" duration="1">
     <transform scX="0.8285714285714285" x="-43.75" scY="0.8285714285714285" y="85.25" pX="0" pY="0" skX="119.55" skY="119.55"/>
    </frame>
   </timeline>
  </animation>
 </armature>
 <armature name="sprite 252">
  <skin name="default">
   <slot name="bg" z="0" parent="bg">
    <display name="Shape/shape 245" type="image">
     <transform scX="1" x="0" scY="1" y="0" pX="28" pY="28" skX="0" skY="0"/>
    </display>
    <display name="Shape/shape 247" type="image">
     <transform scX="1" x="0" scY="1" y="0" pX="28" pY="28" skX="0" skY="0"/>
    </display>
    <display name="Shape/shape 249" type="image">
     <transform scX="1" x="0" scY="1" y="0" pX="28" pY="28" skX="0" skY="0"/>
    </display>
    <display name="Shape/shape 251" type="image">
     <transform scX="1" x="0" scY="1" y="0" pX="28" pY="28" skX="0" skY="0"/>
    </display>
   </slot>
   <slot name="musicCase" z="1" parent="musicCase">
    <display name="case" type="image">
     <transform scX="1" x="0" scY="1" y="0" pX="25" pY="25" skX="0" skY="0"/>
    </display>
   </slot>
  </skin>
  <bone name="bg">
   <transform scX="1" x="0" skX="0" scY="1" y="0" skY="0"/>
  </bone>
  <bone name="musicCase">
   <transform scX="0.65" x="-0.6" skX="0" scY="0.79" y="0.45" skY="0"/>
  </bone>
  <animation fadeInTime="0" scale="1" loop="1" autoTween="NaN" name="unnamed" duration="6" tweenEasing="NaN">
   <timeline pX="0" name="bg" pY="0" scale="1" offset="0">
    <frame z="0" duration="1">
     <transform scX="1" x="0" scY="1" y="0" pX="0" pY="0" skX="0" skY="0"/>
    </frame>
    <frame displayIndex="1" z="0" duration="1">
     <transform scX="1" x="0" scY="1" y="0" pX="0" pY="0" skX="0" skY="0"/>
    </frame>
    <frame displayIndex="2" z="0" duration="2">
     <transform scX="1" x="0" scY="1" y="0" pX="0" pY="0" skX="0" skY="0"/>
    </frame>
    <frame displayIndex="3" z="0" duration="1">
     <transform scX="1" x="0" scY="1" y="0" pX="0" pY="0" skX="0" skY="0"/>
    </frame>
    <frame z="0" duration="1">
     <transform scX="1" x="0" scY="1" y="0" pX="0" pY="0" skX="0" skY="0"/>
    </frame>
   </timeline>
   <timeline pX="0" name="musicCase" pY="0" scale="1" offset="0">
    <frame z="0" duration="6">
     <transform scX="1" x="0" scY="1" y="0" pX="0" pY="0" skX="0" skY="0"/>
    </frame>
   </timeline>
  </animation>
 </armature>
 <armature name="sprite 261">
  <skin name="default">
   <slot name="bg" z="0" parent="bg">
    <display name="Shape/shape 254" type="image">
     <transform scX="1" x="0" scY="1" y="0" pX="32" pY="32" skX="0" skY="0"/>
    </display>
    <display name="Shape/shape 256" type="image">
     <transform scX="1" x="0" scY="1" y="0" pX="32" pY="32" skX="0" skY="0"/>
    </display>
    <display name="Shape/shape 258" type="image">
     <transform scX="1" x="0" scY="1" y="0" pX="32" pY="32" skX="0" skY="0"/>
    </display>
    <display name="Shape/shape 260" type="image">
     <transform scX="1" x="0" scY="1" y="0" pX="32" pY="32" skX="0" skY="0"/>
    </display>
   </slot>
   <slot name="soundCase" z="1" parent="soundCase">
    <display name="case" type="image">
     <transform scX="1" x="0" scY="1" y="0" pX="25" pY="25" skX="0" skY="0"/>
    </display>
   </slot>
  </skin>
  <bone name="bg">
   <transform scX="1" x="0" skX="0" scY="1" y="0" skY="0"/>
  </bone>
  <bone name="soundCase">
   <transform scX="0.65" x="-0.6" skX="0" scY="0.79" y="0.45" skY="0"/>
  </bone>
  <animation fadeInTime="0" scale="1" loop="1" autoTween="NaN" name="unnamed" duration="6" tweenEasing="NaN">
   <timeline pX="0" name="bg" pY="0" scale="1" offset="0">
    <frame z="0" duration="1">
     <transform scX="1" x="0" scY="1" y="0" pX="0" pY="0" skX="0" skY="0"/>
    </frame>
    <frame displayIndex="1" z="0" duration="1">
     <transform scX="1" x="0" scY="1" y="0" pX="0" pY="0" skX="0" skY="0"/>
    </frame>
    <frame displayIndex="2" z="0" duration="2">
     <transform scX="1" x="0" scY="1" y="0" pX="0" pY="0" skX="0" skY="0"/>
    </frame>
    <frame displayIndex="3" z="0" duration="1">
     <transform scX="1" x="0" scY="1" y="0" pX="0" pY="0" skX="0" skY="0"/>
    </frame>
    <frame z="0" duration="1">
     <transform scX="1" x="0" scY="1" y="0" pX="0" pY="0" skX="0" skY="0"/>
    </frame>
   </timeline>
   <timeline pX="0" name="soundCase" pY="0" scale="1" offset="0">
    <frame z="0" duration="6">
     <transform scX="1" x="0" scY="1" y="0" pX="0" pY="0" skX="0" skY="0"/>
    </frame>
   </timeline>
  </animation>
 </armature>
 <armature name="sprite 268">
  <skin name="default">
   <slot name="Layer 1" z="0" parent="Layer 1">
    <display name="Shape/shape 263" type="image">
     <transform scX="1" x="0" scY="1" y="0" pX="21" pY="21" skX="0" skY="0"/>
    </display>
    <display name="Shape/shape 265" type="image">
     <transform scX="1" x="0" scY="1" y="0" pX="21" pY="23" skX="0" skY="0"/>
    </display>
    <display name="Shape/shape 267" type="image">
     <transform scX="1" x="0" scY="1" y="0" pX="21" pY="21" skX="0" skY="0"/>
    </display>
   </slot>
   <slot name="backCase" z="1" parent="backCase">
    <display name="case" type="image">
     <transform scX="1" x="0" scY="1" y="0" pX="25" pY="25" skX="0" skY="0"/>
    </display>
   </slot>
  </skin>
  <bone name="Layer 1">
   <transform scX="1" x="0" skX="0" scY="1" y="0" skY="0"/>
  </bone>
  <bone name="backCase">
   <transform scX="0.79" x="-0.5" skX="0" scY="0.77" y="-2" skY="0"/>
  </bone>
  <animation fadeInTime="0" scale="1" loop="1" autoTween="NaN" name="unnamed" duration="3" tweenEasing="NaN">
   <timeline pX="0" name="Layer 1" pY="0" scale="1" offset="0">
    <frame z="0" duration="1">
     <transform scX="1" x="0" scY="1" y="0" pX="0" pY="0" skX="0" skY="0"/>
    </frame>
    <frame displayIndex="1" z="0" duration="1">
     <transform scX="1" x="0" scY="1" y="0" pX="0" pY="0" skX="0" skY="0"/>
    </frame>
    <frame displayIndex="2" z="0" duration="1">
     <transform scX="1" x="0" scY="1" y="0" pX="0" pY="0" skX="0" skY="0"/>
    </frame>
   </timeline>
   <timeline pX="0" name="backCase" pY="0" scale="1" offset="0">
    <frame z="0" duration="3">
     <transform scX="1" x="0" scY="1" y="0" pX="0" pY="0" skX="0" skY="0"/>
    </frame>
   </timeline>
  </animation>
 </armature>
 <armature name="sprite 284">
  <skin name="default">
   <slot name="Layer 1" z="0" parent="Layer 1">
    <display name="Shape/shape 275" type="image">
     <transform scX="1" x="0" scY="1" y="0" pX="98" pY="98" skX="0" skY="0"/>
    </display>
    <display name="Shape/shape 279" type="image">
     <transform scX="1" x="0" scY="1" y="0" pX="103" pY="103" skX="0" skY="0"/>
    </display>
    <display name="Shape/shape 282" type="image">
     <transform scX="1" x="0" scY="1" y="0" pX="98" pY="98" skX="0" skY="0"/>
    </display>
   </slot>
   <slot name="tips" z="1" parent="tips">
    <display name="case" type="image">
     <transform scX="1" x="0" scY="1" y="0" pX="25" pY="25" skX="0" skY="0"/>
    </display>
   </slot>
   <slot name="title" z="2" parent="title">
    <display name="case" type="image">
     <transform scX="1" x="0" scY="1" y="0" pX="25" pY="25" skX="0" skY="0"/>
    </display>
   </slot>
   <slot name="localSaveCase" z="3" parent="localSaveCase">
    <display name="case" type="image">
     <transform scX="1" x="0" scY="1" y="0" pX="25" pY="25" skX="0" skY="0"/>
    </display>
   </slot>
  </skin>
  <bone name="title">
   <transform scX="1" x="-31.7" skX="0" scY="1" y="-60.7" skY="0"/>
  </bone>
  <bone name="tips">
   <transform scX="1" x="-47.7" skX="0" scY="1" y="-10.7" skY="0"/>
  </bone>
  <bone name="Layer 1">
   <transform scX="1" x="0" skX="0" scY="1" y="0" skY="0"/>
  </bone>
  <bone name="localSaveCase">
   <transform scX="3.91" x="-1.25" skX="0" scY="3.86" y="1.75" skY="0"/>
  </bone>
  <animation fadeInTime="0" scale="1" loop="1" autoTween="NaN" name="unnamed" duration="3" tweenEasing="NaN">
   <timeline pX="0" name="Layer 1" pY="0" scale="1" offset="0">
    <frame z="0" duration="1">
     <transform scX="1" x="0" scY="1" y="0" pX="0" pY="0" skX="0" skY="0"/>
    </frame>
    <frame displayIndex="1" z="0" duration="1">
     <transform scX="1" x="0" scY="1" y="0" pX="0" pY="0" skX="0" skY="0"/>
    </frame>
    <frame displayIndex="2" z="0" duration="1">
     <transform scX="1" x="0" scY="1" y="0" pX="0" pY="0" skX="0" skY="0"/>
    </frame>
   </timeline>
   <timeline pX="0" name="tips" pY="0" scale="1" offset="0">
    <frame z="0" duration="3">
     <transform scX="1" x="0" scY="1" y="0" pX="0" pY="0" skX="0" skY="0"/>
    </frame>
   </timeline>
   <timeline pX="0" name="title" pY="0" scale="1" offset="0">
    <frame z="0" duration="3">
     <transform scX="1" x="0" scY="1" y="0" pX="0" pY="0" skX="0" skY="0"/>
    </frame>
   </timeline>
   <timeline pX="0" name="localSaveCase" pY="0" scale="1" offset="0">
    <frame z="0" duration="3">
     <transform scX="1" x="0" scY="1" y="0" pX="0" pY="0" skX="0" skY="0"/>
    </frame>
   </timeline>
  </animation>
 </armature>
 <armature name="sprite 321">
  <skin name="default">
   <slot name="bg" z="0" parent="bg">
    <display name="Shape/shape 286" type="image">
     <transform scX="1" x="0" scY="1" y="0" pX="135" pY="110" skX="0" skY="0"/>
    </display>
    <display name="Shape/shape 307" type="image">
     <transform scX="1" x="0" scY="1" y="0" pX="142" pY="115.25" skX="0" skY="0"/>
    </display>
    <display name="Shape/shape 319" type="image">
     <transform scX="1" x="0" scY="1" y="0" pX="135.25" pY="109.75" skX="0" skY="0"/>
    </display>
   </slot>
   <slot name="title" z="1" parent="title">
    <display name="case" type="image">
     <transform scX="1" x="0" scY="1" y="0" pX="25" pY="25" skX="0" skY="0"/>
    </display>
    <display name="text" type="text">
     <transform scX="1" x="-2" skX="0" scY="1" y="-2" skY="0"/>
     <text alignH="center" size="16" lineType="multiline no wrap" text="在线存档&#xD;&#xD;" face="FZJianTiS-R-GB" textType="dynamic" width="327" bold="0" alignV="top" height="58" italic="0">
      <color g="253" r="233" b="255" a="255"/>
     </text>
    </display>
   </slot>
   <slot name="Layer 8" z="2" parent="Layer 8">
    <display name="Shape/shape 295" type="image">
     <transform scX="1" x="0" scY="1" y="0" pX="106.55" pY="-36.9" skX="0" skY="0"/>
    </display>
    <display name="Shape/shape 312" type="image">
     <transform scX="1" x="0" scY="1" y="0" pX="111.9" pY="-38" skX="0" skY="0"/>
    </display>
   </slot>
   <slot name="welcomeTXT" z="3" parent="welcomeTXT">
    <display name="case" type="image">
     <transform scX="1" x="0" scY="1" y="0" pX="25" pY="25" skX="0" skY="0"/>
    </display>
   </slot>
   <slot name="nickTXT" z="4" parent="nickTXT">
    <display name="case" type="image">
     <transform scX="1" x="0" scY="1" y="0" pX="25" pY="25" skX="0" skY="0"/>
    </display>
   </slot>
   <slot name="coin" z="5" parent="coin">
    <display name="case" type="image">
     <transform scX="1" x="0" scY="1" y="0" pX="25" pY="25" skX="0" skY="0"/>
    </display>
   </slot>
   <slot name="star" z="6" parent="star">
    <display name="case" type="image">
     <transform scX="1" x="0" scY="1" y="0" pX="25" pY="25" skX="0" skY="0"/>
    </display>
   </slot>
   <slot name="addSphere" z="7" parent="addSphere">
    <display name="case" type="image">
     <transform scX="1" x="0" scY="1" y="0" pX="25" pY="25" skX="0" skY="0"/>
    </display>
   </slot>
   <slot name="Layer 10" z="8" parent="Layer 10">
    <display name="Shape/shape 298" type="image">
     <transform scX="1" x="0" scY="1" y="0" pX="109.55" pY="-0.95" skX="0" skY="0"/>
    </display>
    <display name="Shape/shape 314" type="image">
     <transform scX="1" x="0" scY="1" y="0" pX="115.05" pY="-0.25" skX="0" skY="0"/>
    </display>
   </slot>
   <slot name="Layer 14" z="9" parent="Layer 14">
    <display name="Shape/shape 303" type="image">
     <transform scX="1" x="0" scY="1" y="0" pX="110.05" pY="28.45" skX="0" skY="0"/>
    </display>
    <display name="Shape/shape 317" type="image">
     <transform scX="1" x="0" scY="1" y="0" pX="115.55" pY="30.6" skX="0" skY="0"/>
    </display>
    <display name="Shape/shape 320" type="image">
     <transform scX="1" x="0" scY="1" y="0" pX="111.2" pY="28.45" skX="0" skY="0"/>
    </display>
   </slot>
   <slot name="Layer 15" z="10" parent="Layer 15">
    <display name="Shape/shape 305" type="image">
     <transform scX="1" x="0" scY="1" y="0" pX="22" pY="13" skX="0" skY="0"/>
    </display>
   </slot>
   <slot name="model" z="11" parent="model">
    <display name="case" type="image">
     <transform scX="1" x="0" scY="1" y="0" pX="25" pY="25" skX="0" skY="0"/>
    </display>
   </slot>
   <slot name="onlineSaveCase" z="12" parent="onlineSaveCase">
    <display name="case" type="image">
     <transform scX="1" x="0" scY="1" y="0" pX="25" pY="25" skX="0" skY="0"/>
    </display>
   </slot>
  </skin>
  <bone name="star">
   <transform scX="1" x="-62.7" skX="0" scY="1" y="18.3" skY="0"/>
  </bone>
  <bone name="title">
   <transform scX="1" x="-38.7" skX="0" scY="1" y="-65.7" skY="0"/>
  </bone>
  <bone name="Layer 8">
   <transform scX="1" x="0" skX="0" scY="1" y="0" skY="0"/>
  </bone>
  <bone name="welcomeTXT">
   <transform scX="1" x="33.3" skX="0" scY="1" y="12.3" skY="0"/>
  </bone>
  <bone name="nickTXT">
   <transform scX="1" x="27.3" skX="0" scY="1" y="56.25" skY="0"/>
  </bone>
  <bone name="coin">
   <transform scX="1" x="-63.7" skX="0" scY="1" y="44.3" skY="0"/>
  </bone>
  <bone name="bg">
   <transform scX="1" x="0" skX="0" scY="1" y="0" skY="0"/>
  </bone>
  <bone name="addSphere">
   <transform scX="1" x="-58.7" skX="0" scY="1" y="-11.7" skY="0"/>
  </bone>
  <bone name="Layer 10">
   <transform scX="1" x="0" skX="0" scY="1" y="0" skY="0"/>
  </bone>
  <bone name="Layer 14">
   <transform scX="1" x="0" skX="0" scY="1" y="0" skY="0"/>
  </bone>
  <bone name="Layer 15">
   <transform scX="0.68" x="-88.2" skX="0" scY="0.68" y="73.9" skY="0"/>
  </bone>
  <bone name="model">
   <transform scX="1" x="-55.7" skX="0" scY="1" y="77.3" skY="0"/>
  </bone>
  <bone name="onlineSaveCase">
   <transform scX="5.49" x="-0.35" skX="0" scY="4.35" y="-0.05" skY="0"/>
  </bone>
  <animation fadeInTime="0" scale="1" loop="1" autoTween="NaN" name="unnamed" duration="3" tweenEasing="NaN">
   <timeline pX="0" name="bg" pY="0" scale="1" offset="0">
    <frame z="0" duration="1">
     <transform scX="1" x="0" scY="1" y="0" pX="0" pY="0" skX="0" skY="0"/>
    </frame>
    <frame displayIndex="1" z="0" duration="1">
     <transform scX="1" x="0" scY="1" y="0" pX="0" pY="0" skX="0" skY="0"/>
    </frame>
    <frame displayIndex="2" z="0" duration="1">
     <transform scX="1" x="0" scY="1" y="0" pX="0" pY="0" skX="0" skY="0"/>
    </frame>
   </timeline>
   <timeline pX="0" name="title" pY="0" scale="1" offset="0">
    <frame z="0" duration="1">
     <transform scX="1" x="0" scY="1" y="0" pX="0" pY="0" skX="0" skY="0"/>
    </frame>
    <frame displayIndex="1" z="0" duration="1">
     <transform scX="1.05" x="54" scY="1.05" y="9.5" pX="0" pY="0" skX="0" skY="0"/>
    </frame>
    <frame displayIndex="1" z="0" duration="1">
     <transform scX="1" x="53.300000000000004" scY="1" y="12.900000000000006" pX="0" pY="0" skX="0" skY="0"/>
    </frame>
   </timeline>
   <timeline pX="0" name="Layer 8" pY="0" scale="1" offset="0">
    <frame z="0" duration="1">
     <transform scX="1" x="0" scY="1" y="0" pX="0" pY="0" skX="0" skY="0"/>
    </frame>
    <frame displayIndex="1" z="0" duration="1">
     <transform scX="1" x="0" scY="1" y="0" pX="0" pY="0" skX="0" skY="0"/>
    </frame>
    <frame z="0" duration="1">
     <transform scX="1" x="0" scY="1" y="0" pX="0" pY="0" skX="0" skY="0"/>
    </frame>
   </timeline>
   <timeline pX="0" name="welcomeTXT" pY="0" scale="1" offset="0">
    <frame z="0" duration="3">
     <transform scX="1" x="0" scY="1" y="0" pX="0" pY="0" skX="0" skY="0"/>
    </frame>
   </timeline>
   <timeline pX="0" name="nickTXT" pY="0" scale="1" offset="0">
    <frame z="0" duration="3">
     <transform scX="1" x="0" scY="1" y="0" pX="0" pY="0" skX="0" skY="0"/>
    </frame>
   </timeline>
   <timeline pX="0" name="coin" pY="0" scale="1" offset="0">
    <frame z="0" duration="3">
     <transform scX="1" x="0" scY="1" y="0" pX="0" pY="0" skX="0" skY="0"/>
    </frame>
   </timeline>
   <timeline pX="0" name="star" pY="0" scale="1" offset="0">
    <frame z="0" duration="3">
     <transform scX="1" x="0" scY="1" y="0" pX="0" pY="0" skX="0" skY="0"/>
    </frame>
   </timeline>
   <timeline pX="0" name="addSphere" pY="0" scale="1" offset="0">
    <frame z="0" duration="3">
     <transform scX="1" x="0" scY="1" y="0" pX="0" pY="0" skX="0" skY="0"/>
    </frame>
   </timeline>
   <timeline pX="0" name="Layer 10" pY="0" scale="1" offset="0">
    <frame z="0" duration="1">
     <transform scX="1" x="0" scY="1" y="0" pX="0" pY="0" skX="0" skY="0"/>
    </frame>
    <frame displayIndex="1" z="0" duration="1">
     <transform scX="1" x="0" scY="1" y="0" pX="0" pY="0" skX="0" skY="0"/>
    </frame>
    <frame z="0" duration="1">
     <transform scX="1" x="0" scY="1" y="0" pX="0" pY="0" skX="0" skY="0"/>
    </frame>
   </timeline>
   <timeline pX="0" name="Layer 14" pY="0" scale="1" offset="0">
    <frame z="0" duration="1">
     <transform scX="1" x="0" scY="1" y="0" pX="0" pY="0" skX="0" skY="0"/>
    </frame>
    <frame displayIndex="1" z="0" duration="1">
     <transform scX="1" x="0" scY="1" y="0" pX="0" pY="0" skX="0" skY="0"/>
    </frame>
    <frame displayIndex="2" z="0" duration="1">
     <transform scX="1" x="0" scY="1" y="0" pX="0" pY="0" skX="0" skY="0"/>
    </frame>
   </timeline>
   <timeline pX="0" name="Layer 15" pY="0" scale="1" offset="0">
    <frame z="0" duration="1" tweenEasing="0">
     <transform scX="1" x="0" scY="1" y="0" pX="0" pY="0" skX="0" skY="0"/>
    </frame>
    <frame z="0" duration="1" tweenEasing="0">
     <transform scX="1.0588235294117645" x="-4.3999999999999915" scY="1.0588235294117645" y="2.9499999999999886" pX="0" pY="0" skX="0" skY="0"/>
    </frame>
    <frame z="0" duration="1">
     <transform scX="1.0588235294117645" x="0" scY="1.0588235294117645" y="-0.30000000000001137" pX="0" pY="0" skX="0" skY="0"/>
    </frame>
   </timeline>
   <timeline pX="0" name="model" pY="0" scale="1" offset="0">
    <frame z="0" duration="3">
     <transform scX="1" x="0" scY="1" y="0" pX="0" pY="0" skX="0" skY="0"/>
    </frame>
   </timeline>
   <timeline pX="0" name="onlineSaveCase" pY="0" scale="1" offset="0">
    <frame z="0" duration="3">
     <transform scX="1" x="0" scY="1" y="0" pX="0" pY="0" skX="0" skY="0"/>
    </frame>
   </timeline>
  </animation>
 </armature>
 <armature name="sprite 368">
  <skin name="default">
   <slot name="bg" z="0" parent="bg">
    <display name="Shape/shape 364" type="image">
     <transform scX="1" x="0" scY="1" y="0" pX="47.45" pY="15.15" skX="0" skY="0"/>
    </display>
   </slot>
   <slot name="Layer 33" z="1" parent="Layer 33">
    <display name="case" type="image">
     <transform scX="1" x="0" scY="1" y="0" pX="25" pY="25" skX="0" skY="0"/>
    </display>
   </slot>
   <slot name="noCase" z="2" parent="noCase">
    <display name="case" type="image">
     <transform scX="1" x="0" scY="1" y="0" pX="25" pY="25" skX="0" skY="0"/>
    </display>
   </slot>
  </skin>
  <bone name="bg">
   <transform scX="1" x="0" skX="0" scY="1" y="0" skY="0"/>
  </bone>
  <bone name="Layer 33">
   <transform scX="1" x="-6.7" skX="0" scY="1" y="0.3" skY="0"/>
  </bone>
  <bone name="noCase">
   <transform scX="1.49" x="0" skX="0" scY="0.45" y="-1.2" skY="0"/>
  </bone>
  <animation fadeInTime="0" scale="1" loop="1" autoTween="NaN" name="unnamed" duration="3" tweenEasing="NaN">
   <timeline pX="0" name="bg" pY="0" scale="1" offset="0">
    <frame z="0" duration="3">
     <transform scX="1" x="0" scY="1" y="0" pX="0" pY="0" skX="0" skY="0"/>
    </frame>
   </timeline>
   <timeline pX="0" name="Layer 33" pY="0" scale="1" offset="0">
    <frame z="0" duration="3">
     <transform scX="1" x="0" scY="1" y="0" pX="0" pY="0" skX="0" skY="0"/>
    </frame>
   </timeline>
   <timeline pX="0" name="noCase" pY="0" scale="1" offset="0">
    <frame z="0" duration="3">
     <transform scX="1" x="0" scY="1" y="0" pX="0" pY="0" skX="0" skY="0"/>
    </frame>
   </timeline>
  </animation>
 </armature>
 <armature name="sprite 379">
  <skin name="default">
   <slot name="bg" z="0" parent="bg">
    <display name="Shape/shape 369" type="image">
     <transform scX="1" x="0" scY="1" y="0" pX="47.45" pY="15.15" skX="0" skY="0"/>
    </display>
   </slot>
   <slot name="text" z="1" parent="text">
    <display name="case" type="image">
     <transform scX="1" x="0" scY="1" y="0" pX="25" pY="25" skX="0" skY="0"/>
    </display>
   </slot>
   <slot name="yesCase" z="2" parent="yesCase">
    <display name="case" type="image">
     <transform scX="1" x="0" scY="1" y="0" pX="25" pY="25" skX="0" skY="0"/>
    </display>
   </slot>
  </skin>
  <bone name="bg">
   <transform scX="1" x="0" skX="0" scY="1" y="0" skY="0"/>
  </bone>
  <bone name="text">
   <transform scX="1" x="-7.7" skX="0" scY="1" y="0.3" skY="0"/>
  </bone>
  <bone name="yesCase">
   <transform scX="1.49" x="0" skX="0" scY="0.45" y="-1.2" skY="0"/>
  </bone>
  <animation fadeInTime="0" scale="1" loop="1" autoTween="NaN" name="unnamed" duration="3" tweenEasing="NaN">
   <timeline pX="0" name="bg" pY="0" scale="1" offset="0">
    <frame z="0" duration="3">
     <transform scX="1" x="0" scY="1" y="0" pX="0" pY="0" skX="0" skY="0"/>
    </frame>
   </timeline>
   <timeline pX="0" name="text" pY="0" scale="1" offset="0">
    <frame z="0" duration="3">
     <transform scX="1" x="0" scY="1" y="0" pX="0" pY="0" skX="0" skY="0"/>
    </frame>
   </timeline>
   <timeline pX="0" name="yesCase" pY="0" scale="1" offset="0">
    <frame z="0" duration="3">
     <transform scX="1" x="0" scY="1" y="0" pX="0" pY="0" skX="0" skY="0"/>
    </frame>
   </timeline>
  </animation>
 </armature>
 <armature name="sprite 338">
  <skin name="default">
   <slot name="Layer 1" z="0" parent="Layer 1">
    <display name="Shape/shape 333" type="image">
     <transform scX="1" x="0" scY="1" y="0" pX="7.45" pY="8.45" skX="0" skY="0"/>
    </display>
    <display name="Shape/shape 335" type="image">
     <transform scX="1" x="0" scY="1" y="0" pX="8.15" pY="9.1" skX="0" skY="0"/>
    </display>
    <display name="Shape/shape 337" type="image">
     <transform scX="1" x="0" scY="1" y="0" pX="7.4" pY="8.1" skX="0" skY="0"/>
    </display>
   </slot>
   <slot name="deleteSlotCase" z="1" parent="deleteSlotCase">
    <display name="case" type="image">
     <transform scX="1" x="0" scY="1" y="0" pX="25" pY="25" skX="0" skY="0"/>
    </display>
   </slot>
  </skin>
  <bone name="Layer 1">
   <transform scX="1" x="0" skX="0" scY="1" y="0" skY="0"/>
  </bone>
  <bone name="deleteSlotCase">
   <transform scX="0.33" x="0.15" skX="0" scY="0.33" y="-0.7" skY="0"/>
  </bone>
  <animation fadeInTime="0" scale="1" loop="1" autoTween="NaN" name="unnamed" duration="3" tweenEasing="NaN">
   <timeline pX="0" name="Layer 1" pY="0" scale="1" offset="0">
    <frame z="0" duration="1">
     <transform scX="1" x="0" scY="1" y="0" pX="0" pY="0" skX="0" skY="0"/>
    </frame>
    <frame displayIndex="1" z="0" duration="1">
     <transform scX="1" x="0" scY="1" y="0" pX="0" pY="0" skX="0" skY="0"/>
    </frame>
    <frame displayIndex="2" z="0" duration="1">
     <transform scX="1" x="0" scY="1" y="0" pX="0" pY="0" skX="0" skY="0"/>
    </frame>
   </timeline>
   <timeline pX="0" name="deleteSlotCase" pY="0" scale="1" offset="0">
    <frame z="0" duration="3">
     <transform scX="1" x="0" scY="1" y="0" pX="0" pY="0" skX="0" skY="0"/>
    </frame>
   </timeline>
  </animation>
 </armature>
 <armature name="sprite 349">
  <skin name="default">
   <slot name="Layer 1" z="0" parent="Layer 1">
    <display name="Shape/shape 340" type="image">
     <transform scX="1" x="0" scY="1" y="0" pX="17.4" pY="12.2" skX="0" skY="0"/>
    </display>
    <display name="Shape/shape 342" type="image">
     <transform scX="1" x="0" scY="1" y="0" pX="18.4" pY="13.05" skX="0" skY="0"/>
    </display>
    <display name="Shape/shape 344" type="image">
     <transform scX="1" x="0" scY="1" y="0" pX="17.3" pY="12.35" skX="0" skY="0"/>
    </display>
    <display name="Shape/shape 346" type="image">
     <transform scX="1" x="0" scY="1" y="0" pX="18.15" pY="12.85" skX="0" skY="0"/>
    </display>
    <display name="Shape/shape 348" type="image">
     <transform scX="1" x="0" scY="1" y="0" pX="17.4" pY="12.1" skX="0" skY="0"/>
    </display>
   </slot>
   <slot name="syncSlotCase" z="1" parent="syncSlotCase">
    <display name="case" type="image">
     <transform scX="1" x="0" scY="1" y="0" pX="25" pY="25" skX="0" skY="0"/>
    </display>
   </slot>
  </skin>
  <bone name="Layer 1">
   <transform scX="1" x="0" skX="0" scY="1" y="0" skY="0"/>
  </bone>
  <bone name="syncSlotCase">
   <transform scX="0.76" x="0.7" skX="0" scY="0.5" y="-0.5" skY="0"/>
  </bone>
  <animation fadeInTime="0" scale="1" loop="1" autoTween="NaN" name="unnamed" duration="7" tweenEasing="NaN">
   <timeline pX="0" name="Layer 1" pY="0" scale="1" offset="0">
    <frame z="0" duration="1">
     <transform scX="1" x="0" scY="1" y="0" pX="0" pY="0" skX="0" skY="0"/>
    </frame>
    <frame displayIndex="1" z="0" duration="2">
     <transform scX="1" x="0" scY="1" y="0" pX="0" pY="0" skX="0" skY="0"/>
    </frame>
    <frame displayIndex="2" z="0" duration="1">
     <transform scX="1" x="0" scY="1" y="0" pX="0" pY="0" skX="0" skY="0"/>
    </frame>
    <frame displayIndex="3" z="0" duration="2">
     <transform scX="1" x="0" scY="1" y="0" pX="0" pY="0" skX="0" skY="0"/>
    </frame>
    <frame displayIndex="4" z="0" duration="1">
     <transform scX="1" x="0" scY="1" y="0" pX="0" pY="0" skX="0" skY="0"/>
    </frame>
   </timeline>
   <timeline pX="0" name="syncSlotCase" pY="0" scale="1" offset="0">
    <frame z="0" duration="6">
     <transform scX="1" x="0" scY="1" y="0" pX="0" pY="0" skX="0" skY="0"/>
    </frame>
    <frame displayIndex="-1" duration="1"/>
   </timeline>
  </animation>
 </armature>
</root>