<root name="StartMenu_mc" isGlobal="0" frameRate="30" version="3.0">
 <armature name="StartMenu_mc">
  <skin name="default">
   <slot name="bg" z="0" parent="bg">
    <display name="Shape/shape 221" type="image">
     <transform x="0" pX="0" pY="0" skX="0" skY="0" scX="1" y="0" scY="1"/>
    </display>
   </slot>
   <slot name="tips" z="1" parent="tips">
    <display name="case" type="image">
     <transform x="0" pX="25" pY="25" skX="0" skY="0" scX="1" y="0" scY="1"/>
    </display>
   </slot>
   <slot name="copyright" z="2" parent="copyright">
    <display name="case" type="image">
     <transform x="0" pX="25" pY="25" skX="0" skY="0" scX="1" y="0" scY="1"/>
    </display>
   </slot>
   <slot name="comlogo" z="3" parent="comlogo">
    <display name="case" type="image">
     <transform x="0" pX="25" pY="25" skX="0" skY="0" scX="1" y="0" scY="1"/>
    </display>
   </slot>
   <slot name="credits" z="4" parent="credits">
    <display name="sprite 234" type="armature">
     <transform scY="1" skY="0" x="0" scX="1" skX="0" y="0"/>
    </display>
   </slot>
   <slot name="saveType" z="5" parent="saveType">
    <display name="sprite 322" type="armature">
     <transform scY="1" skY="0" x="0" scX="1" skX="0" y="0"/>
    </display>
   </slot>
   <slot name="question" z="6" parent="question">
    <display name="question" type="armature">
     <transform scY="1" skY="0" x="0" scX="1" skX="0" y="0"/>
    </display>
   </slot>
   <slot name="start" z="7" parent="start">
    <display name="start" type="armature">
     <transform scY="1" skY="0" x="0" scX="1" skX="0" y="0"/>
    </display>
   </slot>
   <slot name="game3" z="8" parent="game3">
    <display name="game3" type="armature">
     <transform scY="1" skY="0" x="0" scX="1" skX="0" y="0"/>
    </display>
   </slot>
   <slot name="game2" z="9" parent="game2">
    <display name="game2" type="armature">
     <transform scY="1" skY="0" x="0.05" scX="1" skX="0" y="-2.2"/>
    </display>
   </slot>
   <slot name="game1" z="10" parent="game1">
    <display name="game1" type="armature">
     <transform scY="1" skY="0" x="0" scX="1" skX="0" y="0"/>
    </display>
   </slot>
   <slot name="logo" z="11" parent="logo">
    <display name="sprite 243" type="image">
     <transform x="0" pX="199.35" pY="133.75" skX="0" skY="0" scX="1" y="0" scY="1"/>
    </display>
   </slot>
   <slot name="glitter" z="12" parent="glitter">
    <display name="glitter" type="armature">
     <transform scY="1" skY="0" x="0" scX="1" skX="0" y="0"/>
    </display>
   </slot>
   <slot name="btnMusic" z="13" parent="btnMusic">
    <display name="sprite 252" type="armature">
     <transform scY="1" skY="0" x="0" scX="1" skX="0" y="0"/>
    </display>
   </slot>
   <slot name="btnSound" z="14" parent="btnSound">
    <display name="sprite 261" type="armature">
     <transform scY="1" skY="0" x="0" scX="1" skX="0" y="0"/>
    </display>
   </slot>
   <slot name="back" z="15" parent="back">
    <display name="sprite 268" type="armature">
     <transform scY="1" skY="0" x="0" scX="1" skX="0" y="0"/>
    </display>
   </slot>
  </skin>
  <bone name="game3">
   <transform y="374.35" skY="0" x="400" scX="1.15" skX="0" scY="1.15"/>
  </bone>
  <bone name="tips">
   <transform y="503" skY="0" x="30" scX="1" skX="0" scY="1"/>
  </bone>
  <bone name="copyright">
   <transform y="573" skY="0" x="616.55" scX="1" skX="0" scY="1"/>
  </bone>
  <bone name="comlogo">
   <transform y="516.3" skY="0" x="702.25" scX="1" skX="0" scY="1"/>
  </bone>
  <bone name="credits">
   <transform y="356" skY="0" x="400" scX="1" skX="0" scY="1"/>
  </bone>
  <bone name="saveType">
   <transform y="650" skY="0" x="400" scX="1" skX="0" scY="1"/>
  </bone>
  <bone name="question">
   <transform y="633.45" skY="0" x="397.5" scX="1" skX="0" scY="1"/>
  </bone>
  <bone name="start">
   <transform y="235" skY="0" x="402" scX="1" skX="0" scY="1"/>
  </bone>
  <bone name="bg">
   <transform y="0" skY="0" x="0" scX="1" skX="0" scY="1"/>
  </bone>
  <bone name="game2">
   <transform y="317.2" skY="0" x="399.95" scX="1" skX="0" scY="1"/>
  </bone>
  <bone name="game1">
   <transform y="228" skY="0" x="400" scX="1.15" skX="0" scY="1.15"/>
  </bone>
  <bone name="logo">
   <transform y="139.95" skY="0" x="400" scX="0.46" skX="0" scY="0.46"/>
  </bone>
  <bone name="glitter">
   <transform y="68.5" skY="0" x="293.75" scX="1" skX="0" scY="1"/>
  </bone>
  <bone name="btnMusic">
   <transform y="36" skY="0" x="705" scX="1" skX="0" scY="1"/>
  </bone>
  <bone name="btnSound">
   <transform y="36" skY="0" x="764" scX="1" skX="0" scY="1"/>
  </bone>
  <bone name="back">
   <transform y="22" skY="0" x="28" scX="1" skX="0" scY="1"/>
  </bone>
  <animation name="StartMenu_mc" scale="1" loop="1" duration="88" autoTween="NaN" fadeInTime="0.3" tweenEasing="NaN">
   <timeline name="bg" scale="1" pX="0" pY="0" offset="0">
    <frame z="0" duration="87">
     <transform x="0" pX="0" pY="0" skX="0" skY="0" scX="1" y="0" scY="1"/>
    </frame>
    <frame z="0" duration="1">
     <transform x="0" pX="0" pY="0" skX="0" skY="0" scX="1" y="0" scY="1"/>
    </frame>
   </timeline>
   <timeline name="tips" scale="1" pX="0" pY="0" offset="0">
    <frame z="0" duration="87">
     <transform x="0" pX="0" pY="0" skX="0" skY="0" scX="1" y="0" scY="1"/>
    </frame>
    <frame z="0" duration="1">
     <transform x="0" pX="0" pY="0" skX="0" skY="0" scX="1" y="0" scY="1"/>
    </frame>
   </timeline>
   <timeline name="copyright" scale="1" pX="0" pY="0" offset="0">
    <frame z="0" duration="87">
     <transform x="0" pX="0" pY="0" skX="0" skY="0" scX="1" y="0" scY="1"/>
    </frame>
    <frame z="0" duration="1">
     <transform x="0" pX="0" pY="0" skX="0" skY="0" scX="1" y="0" scY="1"/>
    </frame>
   </timeline>
   <timeline name="comlogo" scale="1" pX="0" pY="0" offset="0">
    <frame z="0" duration="87">
     <transform x="0" pX="0" pY="0" skX="0" skY="0" scX="1" y="0" scY="1"/>
    </frame>
    <frame z="0" duration="1">
     <transform x="0" pX="0" pY="0" skX="0" skY="0" scX="1" y="0" scY="1"/>
    </frame>
   </timeline>
   <timeline name="credits" scale="1" pX="0" pY="0" offset="0">
    <frame z="0" duration="1" tweenEasing="0">
     <transform x="0" pX="0" pY="0" skX="0" skY="0" scX="1" y="0" scY="1"/>
     <colorTransform bM="100" gO="0" bO="0" aM="0" rM="100" aO="0" gM="100" rO="0"/>
    </frame>
    <frame z="0" duration="19" tweenEasing="0">
     <transform x="0" pX="0" pY="0" skX="0" skY="0" scX="1.01" y="0" scY="1.01"/>
     <colorTransform bM="100" gO="0" bO="0" aM="0" rM="100" aO="0" gM="100" rO="0"/>
    </frame>
    <frame z="0" duration="3" tweenEasing="0">
     <transform x="0" pX="0" pY="0" skX="0" skY="0" scX="1.15" y="0" scY="1.15"/>
     <colorTransform bM="100" gO="0" bO="0" aM="10" rM="100" aO="0" gM="100" rO="0"/>
    </frame>
    <frame z="0" duration="1" tweenEasing="0">
     <transform x="0" pX="0" pY="0" skX="0" skY="0" scX="1" y="36" scY="1"/>
    </frame>
    <frame z="0" duration="1">
     <transform x="0" pX="0" pY="0" skX="0" skY="0" scX="0.97" y="38" scY="0.97"/>
    </frame>
    <frame z="0" duration="2" tweenEasing="0">
     <transform x="0" pX="0" pY="0" skX="0" skY="0" scX="1" y="36" scY="1"/>
    </frame>
    <frame z="0" duration="2" tweenEasing="0">
     <transform x="0" pX="0" pY="0" skX="0" skY="0" scX="1" y="36" scY="1"/>
    </frame>
    <frame z="0" duration="1">
     <transform x="0" pX="0" pY="0" skX="0" skY="0" scX="0.9" y="44" scY="0.9"/>
     <colorTransform bM="100" gO="0" bO="0" aM="33" rM="100" aO="0" gM="100" rO="0"/>
    </frame>
    <frame z="0" duration="3">
     <transform x="0" pX="0" pY="0" skX="0" skY="0" scX="0.86" y="48" scY="0.86"/>
     <colorTransform bM="100" gO="0" bO="0" aM="0" rM="100" aO="0" gM="100" rO="0"/>
    </frame>
    <frame displayIndex="-1" duration="55"/>
   </timeline>
   <timeline name="saveType" scale="1" pX="0" pY="0" offset="0">
    <frame displayIndex="-1" duration="34"/>
    <frame z="0" duration="4" tweenEasing="0">
     <transform x="0" pX="0" pY="0" skX="0" skY="0" scX="1" y="0" scY="1"/>
    </frame>
    <frame z="0" duration="2" tweenEasing="0">
     <transform x="0" pX="0" pY="0" skX="0" skY="0" scX="1" y="-286" scY="1"/>
    </frame>
    <frame z="0" duration="2" tweenEasing="0">
     <transform x="0" pX="0" pY="0" skX="0" skY="0" scX="1" y="-294" scY="1"/>
    </frame>
    <frame z="0" duration="1">
     <transform x="0" pX="0" pY="0" skX="0" skY="0" scX="1" y="-291.3" scY="1"/>
    </frame>
    <frame z="0" duration="5" tweenEasing="0">
     <transform x="0" pX="0" pY="0" skX="0" skY="0" scX="1" y="-290" scY="1"/>
    </frame>
    <frame z="0" duration="3" tweenEasing="0">
     <transform x="0" pX="0" pY="0" skX="0" skY="0" scX="1" y="-290" scY="1"/>
    </frame>
    <frame z="0" duration="1">
     <transform x="0" pX="0" pY="0" skX="0" skY="0" scX="1.03" y="-467" scY="1.03"/>
     <colorTransform bM="100" gO="0" bO="0" aM="50" rM="100" aO="0" gM="100" rO="0"/>
    </frame>
    <frame displayIndex="-1" duration="36"/>
   </timeline>
   <timeline name="question" scale="1" pX="0" pY="0" offset="0">
    <frame displayIndex="-1" duration="79"/>
    <frame z="0" duration="4" tweenEasing="0">
     <transform x="0" pX="0" pY="0" skX="0" skY="0" scX="1" y="0" scY="1"/>
    </frame>
    <frame z="0" duration="1" tweenEasing="0">
     <transform x="0" pX="0" pY="0" skX="0" skY="0" scX="1" y="-118.95000000000005" scY="1"/>
    </frame>
    <frame z="0" duration="1">
     <transform x="0" pX="0" pY="0" skX="0" skY="0" scX="1" y="-114.45000000000005" scY="1"/>
    </frame>
    <frame z="0" duration="2">
     <transform x="0" pX="0" pY="0" skX="0" skY="0" scX="1" y="-109.95000000000005" scY="1"/>
    </frame>
    <frame displayIndex="-1" duration="1"/>
   </timeline>
   <timeline name="start" scale="1" pX="0" pY="0" offset="0">
    <frame z="0" duration="14" tweenEasing="0">
     <transform x="0" pX="0" pY="0" skX="0" skY="0" scX="1" y="0" scY="1"/>
     <colorTransform bM="100" gO="0" bO="0" aM="0" rM="100" aO="0" gM="100" rO="0"/>
    </frame>
    <frame z="0" duration="2" tweenEasing="0">
     <transform x="0" pX="0" pY="0" skX="0" skY="0" scX="1.13" y="0" scY="1.13"/>
     <colorTransform bM="100" gO="0" bO="0" aM="0" rM="100" aO="0" gM="100" rO="0"/>
    </frame>
    <frame z="0" duration="3" tweenEasing="0">
     <transform x="0" pX="0" pY="0" skX="0" skY="0" scX="1.15" y="26.5" scY="1.15"/>
     <colorTransform bM="100" gO="0" bO="0" aM="45" rM="100" aO="0" gM="100" rO="0"/>
    </frame>
    <frame z="0" duration="1" tweenEasing="0">
     <transform x="0" pX="0" pY="0" skX="0" skY="0" scX="1" y="91" scY="1"/>
    </frame>
    <frame z="0" duration="1">
     <transform x="0" pX="0" pY="0" skX="0" skY="0" scX="0.96" y="93.5" scY="0.96"/>
    </frame>
    <frame z="0" duration="8" tweenEasing="0">
     <transform x="0" pX="0" pY="0" skX="0" skY="0" scX="1" y="91" scY="1"/>
    </frame>
    <frame z="0" duration="3" tweenEasing="0">
     <transform x="0" pX="0" pY="0" skX="0" skY="0" scX="1" y="91" scY="1"/>
    </frame>
    <frame z="0" duration="1">
     <transform x="0" pX="0" pY="0" skX="0" skY="0" scX="0.93" y="117.5" scY="0.93"/>
     <colorTransform bM="100" gO="0" bO="0" aM="0" rM="100" aO="0" gM="100" rO="0"/>
    </frame>
    <frame displayIndex="-1" duration="55"/>
   </timeline>
   <timeline name="game3" scale="1" pX="0" pY="0" offset="0">
    <frame displayIndex="-1" duration="53"/>
    <frame z="0" duration="1" tweenEasing="0">
     <transform x="0" pX="0" pY="0" skX="0" skY="0" scX="1" y="0" scY="1"/>
     <colorTransform bM="100" gO="0" bO="0" aM="0" rM="100" aO="0" gM="100" rO="0"/>
    </frame>
    <frame z="0" duration="3" tweenEasing="0">
     <transform x="0" pX="0" pY="0" skX="0" skY="0" scX="1" y="0.049999999999954525" scY="1"/>
     <colorTransform bM="100" gO="0" bO="0" aM="0" rM="100" aO="0" gM="100" rO="0"/>
    </frame>
    <frame z="0" duration="1" tweenEasing="0">
     <transform x="0" pX="0" pY="0" skX="0" skY="0" scX="0.9913043478260869" y="0.049999999999954525" scY="0.9913043478260869"/>
     <colorTransform bM="100" gO="0" bO="0" aM="0" rM="100" aO="0" gM="100" rO="0"/>
    </frame>
    <frame z="0" duration="1" tweenEasing="0">
     <transform x="-0.05000000000001137" pX="0" pY="0" skX="0" skY="0" scX="0.9913043478260869" y="0.049999999999954525" scY="0.9913043478260869"/>
     <colorTransform bM="100" gO="0" bO="0" aM="0" rM="100" aO="0" gM="100" rO="0"/>
    </frame>
    <frame z="0" duration="1" tweenEasing="0">
     <transform x="-0.05000000000001137" pX="0" pY="0" skX="0" skY="0" scX="0.9826086956521739" y="0" scY="0.9826086956521739"/>
     <colorTransform bM="100" gO="0" bO="0" aM="0" rM="100" aO="0" gM="100" rO="0"/>
    </frame>
    <frame z="0" duration="3" tweenEasing="0">
     <transform x="0" pX="0" pY="0" skX="0" skY="0" scX="0.9826086956521739" y="0" scY="0.9826086956521739"/>
     <colorTransform bM="100" gO="0" bO="0" aM="0" rM="100" aO="0" gM="100" rO="0"/>
    </frame>
    <frame z="0" duration="3" tweenEasing="0">
     <transform x="0" pX="0" pY="0" skX="0" skY="0" scX="0.973913043478261" y="0" scY="0.973913043478261"/>
     <colorTransform bM="100" gO="0" bO="0" aM="0" rM="100" aO="0" gM="100" rO="0"/>
    </frame>
    <frame z="0" duration="5" tweenEasing="0">
     <transform x="0" pX="0" pY="0" skX="0" skY="0" scX="0.965217391304348" y="0" scY="0.965217391304348"/>
     <colorTransform bM="100" gO="0" bO="0" aM="0" rM="100" aO="0" gM="100" rO="0"/>
    </frame>
    <frame z="0" duration="2" tweenEasing="0">
     <transform x="-0.05000000000001137" pX="0" pY="0" skX="0" skY="0" scX="0.9565217391304349" y="0" scY="0.9565217391304349"/>
     <colorTransform bM="100" gO="0" bO="0" aM="0" rM="100" aO="0" gM="100" rO="0"/>
    </frame>
    <frame z="0" duration="3" tweenEasing="0">
     <transform x="-0.05000000000001137" pX="0" pY="0" skX="0" skY="0" scX="0.9130434782608696" y="18.799999999999955" scY="0.9130434782608696"/>
     <colorTransform bM="100" gO="0" bO="0" aM="75" rM="100" aO="0" gM="100" rO="0"/>
    </frame>
    <frame z="0" duration="1" tweenEasing="0">
     <transform x="0" pX="0" pY="0" skX="0" skY="0" scX="0.8695652173913044" y="46.94999999999999" scY="0.8695652173913044"/>
    </frame>
    <frame z="0" duration="1">
     <transform x="-0.05000000000001137" pX="0" pY="0" skX="0" skY="0" scX="0.8434782608695652" y="51" scY="0.8434782608695652"/>
    </frame>
    <frame z="0" duration="9">
     <transform x="0" pX="0" pY="0" skX="0" skY="0" scX="0.8695652173913044" y="46.94999999999999" scY="0.8695652173913044"/>
    </frame>
    <frame displayIndex="-1" duration="1"/>
   </timeline>
   <timeline name="game2" scale="1" pX="0" pY="0" offset="0">
    <frame displayIndex="-1" duration="53"/>
    <frame z="0" duration="3" tweenEasing="0">
     <transform x="0" pX="0" pY="0" skX="0" skY="0" scX="1" y="0" scY="1"/>
     <colorTransform bM="100" gO="0" bO="0" aM="0" rM="100" aO="0" gM="100" rO="0"/>
    </frame>
    <frame z="0" duration="1" tweenEasing="0">
     <transform x="0.05000000000001137" pX="-0.05" pY="2.2" skX="0" skY="0" scX="1.13" y="-3.0500000000000114" scY="1.13"/>
     <colorTransform bM="100" gO="0" bO="0" aM="0" rM="100" aO="0" gM="100" rO="0"/>
    </frame>
    <frame z="0" duration="1" tweenEasing="0">
     <transform x="0.10000000000002274" pX="-0.05" pY="2.2" skX="0" skY="0" scX="1.12" y="-3.0500000000000114" scY="1.12"/>
     <colorTransform bM="100" gO="0" bO="0" aM="0" rM="100" aO="0" gM="100" rO="0"/>
    </frame>
    <frame z="0" duration="1" tweenEasing="0">
     <transform x="0.05000000000001137" pX="-0.05" pY="2.2" skX="0" skY="0" scX="1.12" y="-3.099999999999966" scY="1.12"/>
     <colorTransform bM="100" gO="0" bO="0" aM="0" rM="100" aO="0" gM="100" rO="0"/>
    </frame>
    <frame z="0" duration="1" tweenEasing="0">
     <transform x="0.10000000000002274" pX="-0.05" pY="2.2" skX="0" skY="0" scX="1.11" y="-3.0500000000000114" scY="1.11"/>
     <colorTransform bM="100" gO="0" bO="0" aM="0" rM="100" aO="0" gM="100" rO="0"/>
    </frame>
    <frame z="0" duration="1" tweenEasing="0">
     <transform x="0.05000000000001137" pX="-0.05" pY="2.2" skX="0" skY="0" scX="1.11" y="-3.0500000000000114" scY="1.11"/>
     <colorTransform bM="100" gO="0" bO="0" aM="0" rM="100" aO="0" gM="100" rO="0"/>
    </frame>
    <frame z="0" duration="1" tweenEasing="0">
     <transform x="0.10000000000002274" pX="-0.05" pY="2.2" skX="0" skY="0" scX="1.1" y="-3.099999999999966" scY="1.1"/>
     <colorTransform bM="100" gO="0" bO="0" aM="0" rM="100" aO="0" gM="100" rO="0"/>
    </frame>
    <frame z="0" duration="2" tweenEasing="0">
     <transform x="0.05000000000001137" pX="-0.05" pY="2.2" skX="0" skY="0" scX="1.1" y="-3.099999999999966" scY="1.1"/>
     <colorTransform bM="100" gO="0" bO="0" aM="0" rM="100" aO="0" gM="100" rO="0"/>
    </frame>
    <frame z="0" duration="3" tweenEasing="0">
     <transform x="0.05000000000001137" pX="-0.05" pY="2.2" skX="0" skY="0" scX="1.05" y="15.650000000000034" scY="1.05"/>
     <colorTransform bM="100" gO="0" bO="0" aM="75" rM="100" aO="0" gM="100" rO="0"/>
    </frame>
    <frame z="0" duration="1" tweenEasing="0">
     <transform x="0.05000000000001137" pX="-0.05" pY="2.2" skX="0" skY="0" scX="1" y="43.80000000000001" scY="1"/>
    </frame>
    <frame z="0" duration="1">
     <transform x="0.05000000000001137" pX="-0.05" pY="2.2" skX="0" skY="0" scX="0.97" y="47.80000000000001" scY="0.97"/>
    </frame>
    <frame z="0" duration="18">
     <transform x="0.05000000000001137" pX="-0.05" pY="2.2" skX="0" skY="0" scX="1" y="45.80000000000001" scY="1"/>
    </frame>
    <frame displayIndex="-1" duration="1"/>
   </timeline>
   <timeline name="game1" scale="1" pX="0" pY="0" offset="0">
    <frame displayIndex="-1" duration="53"/>
    <frame z="0" duration="2" tweenEasing="0">
     <transform x="0" pX="0" pY="0" skX="0" skY="0" scX="1" y="0" scY="1"/>
     <colorTransform bM="100" gO="0" bO="0" aM="0" rM="100" aO="0" gM="100" rO="0"/>
    </frame>
    <frame z="0" duration="3" tweenEasing="0">
     <transform x="-0.05000000000001137" pX="0" pY="0" skX="0" skY="0" scX="0.9565217391304349" y="34.85000000000002" scY="0.9565217391304349"/>
    </frame>
    <frame z="0" duration="1" tweenEasing="0">
     <transform x="0" pX="0" pY="0" skX="0" skY="0" scX="0.8695652173913044" y="75" scY="0.8695652173913044"/>
    </frame>
    <frame z="0" duration="1">
     <transform x="-0.05000000000001137" pX="0" pY="0" skX="0" skY="0" scX="0.8434782608695652" y="83" scY="0.8434782608695652"/>
    </frame>
    <frame z="0" duration="27">
     <transform x="0" pX="0" pY="0" skX="0" skY="0" scX="0.8695652173913044" y="75" scY="0.8695652173913044"/>
    </frame>
    <frame displayIndex="-1" duration="1"/>
   </timeline>
   <timeline name="logo" scale="1" pX="0" pY="0" offset="0">
    <frame z="0" duration="3" tweenEasing="0">
     <transform x="0" pX="0" pY="0" skX="0" skY="0" scX="1" y="0" scY="1"/>
     <colorTransform bM="100" gO="0" bO="0" aM="0" rM="100" aO="0" gM="100" rO="0"/>
    </frame>
    <frame z="0" duration="1" tweenEasing="0">
     <transform x="0" pX="0" pY="0" skX="0" skY="0" scX="2.1739130434782608" y="-12.999999999999986" scY="2.1739130434782608"/>
    </frame>
    <frame z="0" duration="1" tweenEasing="0">
     <transform x="-0.05000000000001137" pX="0" pY="0" skX="0" skY="0" scX="2.217391304347826" y="-12.999999999999986" scY="2.217391304347826"/>
    </frame>
    <frame z="0" duration="1">
     <transform x="0" pX="0" pY="0" skX="0" skY="0" scX="2.260869565217391" y="-12.999999999999986" scY="2.260869565217391"/>
    </frame>
    <frame z="0" duration="81">
     <transform x="0" pX="0" pY="0" skX="0" skY="0" scX="2.1739130434782608" y="-12.999999999999986" scY="2.1739130434782608"/>
    </frame>
    <frame displayIndex="-1" duration="1"/>
   </timeline>
   <timeline name="glitter" scale="1" pX="0" pY="0" offset="0">
    <frame displayIndex="-1" duration="8"/>
    <frame z="0" duration="79">
     <transform x="0" pX="0" pY="0" skX="0" skY="0" scX="1" y="0" scY="1"/>
    </frame>
    <frame displayIndex="-1" duration="1"/>
   </timeline>
   <timeline name="btnMusic" scale="1" pX="0" pY="0" offset="0">
    <frame z="0" duration="87">
     <transform x="0" pX="0" pY="0" skX="0" skY="0" scX="1" y="0" scY="1"/>
    </frame>
    <frame displayIndex="-1" duration="1"/>
   </timeline>
   <timeline name="btnSound" scale="1" pX="0" pY="0" offset="0">
    <frame z="0" duration="87">
     <transform x="0" pX="0" pY="0" skX="0" skY="0" scX="1" y="0" scY="1"/>
    </frame>
    <frame z="0" duration="1">
     <transform x="0" pX="0" pY="0" skX="0" skY="0" scX="1" y="0" scY="1"/>
    </frame>
   </timeline>
   <timeline name="back" scale="1" pX="0" pY="0" offset="0">
    <frame z="0" duration="87">
     <transform x="0" pX="0" pY="0" skX="0" skY="0" scX="1" y="0" scY="1"/>
    </frame>
    <frame z="0" duration="1">
     <transform x="0" pX="0" pY="0" skX="0" skY="0" scX="1" y="0" scY="1"/>
    </frame>
   </timeline>
  </animation>
 </armature>
 <armature name="sprite 234">
  <skin name="default">
   <slot name="Layer 4" z="0" parent="Layer 4">
    <display name="Shape/shape 226" type="image">
     <transform x="0" pX="72.3" pY="31.35" skX="0" skY="0" scX="1" y="0" scY="1"/>
    </display>
   </slot>
   <slot name="Layer 8" z="1" parent="Layer 8">
    <display name="位图 4" type="image">
     <transform x="-41.5" pX="0" pY="0" skX="0" skY="0" scX="1" y="-26.5" scY="1"/>
    </display>
    <display name="位图 5" type="image">
     <transform x="-44" pX="0" pY="0" skX="0" skY="0" scX="1" y="-28.5" scY="1"/>
    </display>
    <display name="位图 6" type="image">
     <transform x="-41" pX="0" pY="0" skX="0" skY="0" scX="1" y="-26.5" scY="1"/>
    </display>
   </slot>
   <slot name="creditsCase" z="2" parent="creditsCase">
    <display name="case" type="image">
     <transform x="0" pX="25" pY="25" skX="0" skY="0" scX="1" y="0" scY="1"/>
    </display>
   </slot>
  </skin>
  <bone name="Layer 4">
   <transform y="0" skY="0" x="0" scX="1" skX="0" scY="1"/>
  </bone>
  <bone name="Layer 8">
   <transform y="3.15" skY="0" x="-4.7" scX="1" skX="0" scY="1"/>
  </bone>
  <bone name="creditsCase">
   <transform y="0.4" skY="0" x="-0.2" scX="2.9" skX="0" scY="1.11"/>
  </bone>
  <animation name="credits" scale="1" loop="1" duration="4" autoTween="NaN" fadeInTime="0.3" tweenEasing="NaN">
   <timeline name="Layer 4" scale="1" pX="0" pY="0" offset="0">
    <frame z="0" duration="3">
     <transform x="0" pX="0" pY="0" skX="0" skY="0" scX="1" y="0" scY="1"/>
    </frame>
    <frame z="0" duration="1">
     <transform x="0" pX="0" pY="0" skX="0" skY="0" scX="1" y="0" scY="1"/>
    </frame>
   </timeline>
   <timeline name="Layer 8" scale="1" pX="0" pY="0" offset="0">
    <frame z="0" duration="1">
     <transform x="0" pX="0" pY="0" skX="0" skY="0" scX="1" y="0" scY="1"/>
    </frame>
    <frame displayIndex="1" z="0" duration="1">
     <transform x="-0.25" pX="0" pY="0" skX="0" skY="0" scX="1" y="-0.8500000000000001" scY="1"/>
    </frame>
    <frame displayIndex="2" z="0" duration="1">
     <transform x="0.6000000000000005" pX="0" pY="0" skX="0" skY="0" scX="1" y="1.2500000000000004" scY="1"/>
    </frame>
    <frame displayIndex="2" z="0" duration="1">
     <transform x="0.6000000000000005" pX="0" pY="0" skX="0" skY="0" scX="1" y="1.2500000000000004" scY="1"/>
    </frame>
   </timeline>
   <timeline name="creditsCase" scale="1" pX="0" pY="0" offset="0">
    <frame z="0" duration="4">
     <transform x="0" pX="0" pY="0" skX="0" skY="0" scX="1" y="0" scY="1"/>
    </frame>
   </timeline>
  </animation>
 </armature>
 <armature name="sprite 322">
  <skin name="default">
   <slot name="localSave" z="0" parent="localSave">
    <display name="sprite 284" type="armature">
     <transform scY="1" skY="0" x="0" scX="1" skX="0" y="0"/>
    </display>
   </slot>
   <slot name="onlineSave" z="1" parent="onlineSave">
    <display name="sprite 321" type="armature">
     <transform scY="1" skY="0" x="0" scX="1" skX="0" y="0"/>
    </display>
   </slot>
  </skin>
  <bone name="localSave">
   <transform y="10" skY="0" x="142" scX="1" skX="0" scY="1"/>
  </bone>
  <bone name="onlineSave">
   <transform y="13" skY="0" x="-110" scX="1" skX="0" scY="1"/>
  </bone>
  <animation name="saveType" scale="1" loop="1" duration="1" autoTween="NaN" fadeInTime="0.3" tweenEasing="NaN">
   <timeline name="localSave" scale="1" pX="0" pY="0" offset="0">
    <frame z="0" duration="1">
     <transform x="0" pX="0" pY="0" skX="0" skY="0" scX="1" y="0" scY="1"/>
    </frame>
   </timeline>
   <timeline name="onlineSave" scale="1" pX="0" pY="0" offset="0">
    <frame z="0" duration="1">
     <transform x="0" pX="0" pY="0" skX="0" skY="0" scX="1" y="0" scY="1"/>
    </frame>
   </timeline>
  </animation>
 </armature>
 <armature name="question">
  <skin name="default">
   <slot name="btnNo" z="0" parent="btnNo">
    <display name="sprite 368" type="armature">
     <transform scY="1" skY="0" x="0" scX="1" skX="0" y="0"/>
    </display>
   </slot>
   <slot name="btnYes" z="1" parent="btnYes">
    <display name="sprite 379" type="armature">
     <transform scY="1" skY="0" x="0" scX="1" skX="0" y="0"/>
    </display>
   </slot>
   <slot name="bg" z="2" parent="bg">
    <display name="Shape/shape 380" type="image">
     <transform x="0" pX="152.5" pY="25" skX="0" skY="0" scX="1" y="0" scY="1"/>
    </display>
   </slot>
   <slot name="noteTXT" z="3" parent="noteTXT">
    <display name="case" type="image">
     <transform x="0" pX="25" pY="25" skX="0" skY="0" scX="1" y="0" scY="1"/>
    </display>
   </slot>
  </skin>
  <bone name="bg">
   <transform y="-12" skY="0" x="0" scX="1" skX="0" scY="1"/>
  </bone>
  <bone name="btnYes">
   <transform y="-2.8" skY="0" x="-78.65" scX="1" skX="0" scY="1"/>
  </bone>
  <bone name="btnNo">
   <transform y="-4.3" skY="0" x="79.35" scX="1" skX="0" scY="1"/>
  </bone>
  <bone name="noteTXT">
   <transform y="-11.7" skY="0" x="-108.7" scX="1" skX="0" scY="1"/>
  </bone>
  <animation name="question" scale="1" loop="1" duration="10" autoTween="NaN" fadeInTime="0.3" tweenEasing="NaN">
   <timeline name="btnNo" scale="1" pX="0" pY="0" offset="0">
    <frame z="0" duration="2" tweenEasing="0">
     <transform x="0" pX="0" pY="0" skX="0" skY="0" scX="1" y="0" scY="1"/>
    </frame>
    <frame z="0" duration="3" tweenEasing="0">
     <transform x="0" pX="0" pY="0" skX="0" skY="0" scX="1" y="0" scY="1"/>
    </frame>
    <frame z="0" duration="1" tweenEasing="0">
     <transform x="0" pX="0" pY="0" skX="0" skY="0" scX="1" y="24.5" scY="1"/>
    </frame>
    <frame z="0" duration="2" tweenEasing="0">
     <transform x="0" pX="0" pY="0" skX="0" skY="0" scX="1" y="28" scY="0.94"/>
    </frame>
    <frame z="0" duration="1" tweenEasing="0">
     <transform x="0" pX="0" pY="0" skX="0" skY="0" scX="1" y="26.5" scY="1"/>
    </frame>
    <frame z="0" duration="1">
     <transform x="-0.3499999999999943" pX="0" pY="0" skX="0" skY="0" scX="1" y="28.3" scY="1"/>
    </frame>
   </timeline>
   <timeline name="btnYes" scale="1" pX="0" pY="0" offset="0">
    <frame z="0" duration="2" tweenEasing="0">
     <transform x="0" pX="0" pY="0" skX="0" skY="0" scX="1" y="0" scY="1"/>
    </frame>
    <frame z="0" duration="3" tweenEasing="0">
     <transform x="0" pX="0" pY="0" skX="0" skY="0" scX="1" y="0" scY="1"/>
    </frame>
    <frame z="0" duration="1" tweenEasing="0">
     <transform x="0" pX="0" pY="0" skX="0" skY="0" scX="1" y="24.5" scY="1"/>
    </frame>
    <frame z="0" duration="2" tweenEasing="0">
     <transform x="0" pX="0" pY="0" skX="0" skY="0" scX="1" y="27.900000000000002" scY="0.94"/>
    </frame>
    <frame z="0" duration="1" tweenEasing="0">
     <transform x="0" pX="0" pY="0" skX="0" skY="0" scX="1" y="24.5" scY="1"/>
    </frame>
    <frame z="0" duration="1">
     <transform x="-0.3499999999999943" pX="0" pY="0" skX="0" skY="0" scX="1" y="24.8" scY="1"/>
    </frame>
   </timeline>
   <timeline name="bg" scale="1" pX="0" pY="0" offset="0">
    <frame z="0" duration="10">
     <transform x="0" pX="0" pY="0" skX="0" skY="0" scX="1" y="0" scY="1"/>
    </frame>
   </timeline>
   <timeline name="noteTXT" scale="1" pX="0" pY="0" offset="0">
    <frame z="0" duration="10">
     <transform x="0" pX="0" pY="0" skX="0" skY="0" scX="1" y="0" scY="1"/>
    </frame>
   </timeline>
  </animation>
 </armature>
 <armature name="start">
  <skin name="default">
   <slot name="bg" z="0" parent="bg">
    <display name="Shape/shape 235" type="image">
     <transform x="0" pX="86.6" pY="35.1" skX="0" skY="0" scX="1" y="0" scY="1"/>
    </display>
   </slot>
   <slot name="Layer 6" z="1" parent="Layer 6">
    <display name="位图 1" type="image">
     <transform x="-43" pX="0" pY="0" skX="0" skY="0" scX="1" y="-31" scY="1"/>
    </display>
    <display name="位图 2" type="image">
     <transform x="-46" pX="0" pY="0" skX="0" skY="0" scX="1" y="-33.5" scY="1"/>
    </display>
    <display name="位图 3" type="image">
     <transform x="-42.5" pX="0" pY="0" skX="0" skY="0" scX="1" y="-30.5" scY="1"/>
    </display>
   </slot>
   <slot name="startCase" z="2" parent="startCase">
    <display name="case" type="image">
     <transform x="0" pX="25" pY="25" skX="0" skY="0" scX="1" y="0" scY="1"/>
    </display>
   </slot>
  </skin>
  <bone name="bg">
   <transform y="0" skY="0" x="0" scX="1" skX="0" scY="1"/>
  </bone>
  <bone name="Layer 6">
   <transform y="3.6" skY="0" x="-1.75" scX="1" skX="0" scY="1"/>
  </bone>
  <bone name="startCase">
   <transform y="-0.35" skY="0" x="-2.45" scX="3.34" skX="0" scY="1.35"/>
  </bone>
  <animation name="start" scale="1" loop="1" duration="4" autoTween="NaN" fadeInTime="0.3" tweenEasing="NaN">
   <timeline name="bg" scale="1" pX="0" pY="0" offset="0">
    <frame z="0" duration="3">
     <transform x="0" pX="0" pY="0" skX="0" skY="0" scX="1" y="0" scY="1"/>
    </frame>
    <frame z="0" duration="1">
     <transform x="0" pX="0" pY="0" skX="0" skY="0" scX="1" y="0" scY="1"/>
    </frame>
   </timeline>
   <timeline name="Layer 6" scale="1" pX="0" pY="0" offset="0">
    <frame z="0" duration="1">
     <transform x="0" pX="0" pY="0" skX="0" skY="0" scX="1" y="0" scY="1"/>
    </frame>
    <frame displayIndex="1" z="0" duration="1">
     <transform x="0" pX="0" pY="0" skX="0" skY="0" scX="1" y="-1.15" scY="1"/>
    </frame>
    <frame displayIndex="2" z="0" duration="1">
     <transform x="0.3500000000000001" pX="0" pY="0" skX="0" skY="0" scX="1" y="0.49999999999999956" scY="1"/>
    </frame>
    <frame displayIndex="2" z="0" duration="1">
     <transform x="0.3500000000000001" pX="0" pY="0" skX="0" skY="0" scX="1" y="0.49999999999999956" scY="1"/>
    </frame>
   </timeline>
   <timeline name="startCase" scale="1" pX="0" pY="0" offset="0">
    <frame z="0" duration="3">
     <transform x="0" pX="0" pY="0" skX="0" skY="0" scX="1" y="0" scY="1"/>
    </frame>
    <frame z="0" duration="1">
     <transform x="0" pX="0" pY="0" skX="0" skY="0" scX="1" y="0" scY="1"/>
    </frame>
   </timeline>
  </animation>
 </armature>
 <armature name="game3">
  <skin name="default">
   <slot name="Layer 12" z="0" parent="Layer 12">
    <display name="Symbol 323" type="image">
     <transform x="0" pX="71.7" pY="29.5" skX="0" skY="0" scX="1" y="0" scY="1"/>
    </display>
    <display name="Symbol 350" type="image">
     <transform x="0" pX="71.7" pY="29.5" skX="0" skY="0" scX="1" y="0" scY="1"/>
    </display>
   </slot>
   <slot name="star" z="1" parent="star">
    <display name="sprite 325" type="image">
     <transform x="0" pX="19" pY="18.1" skX="0" skY="0" scX="1" y="0" scY="1"/>
    </display>
   </slot>
   <slot name="numTXT" z="2" parent="numTXT">
    <display name="case" type="image">
     <transform x="0" pX="25" pY="25" skX="0" skY="0" scX="1" y="0" scY="1"/>
    </display>
   </slot>
   <slot name="Layer 4" z="3" parent="Layer 4">
    <display name="位图 49" type="image">
     <transform x="-48" pX="0" pY="0" skX="0" skY="0" scX="1" y="-29" scY="1"/>
    </display>
    <display name="位图 50" type="image">
     <transform x="-50.5" pX="0" pY="0" skX="0" skY="0" scX="1" y="-31" scY="1"/>
    </display>
    <display name="位图 51" type="image">
     <transform x="-47" pX="0" pY="0" skX="0" skY="0" scX="1" y="-28.5" scY="1"/>
    </display>
    <display name="位图 52" type="image">
     <transform x="-62.5" pX="0" pY="0" skX="0" skY="0" scX="1" y="-26" scY="1"/>
    </display>
    <display name="位图 53" type="image">
     <transform x="-63" pX="0" pY="0" skX="0" skY="0" scX="1" y="-25" scY="1"/>
    </display>
    <display name="位图 54" type="image">
     <transform x="-58" pX="0" pY="0" skX="0" skY="0" scX="1" y="-22.5" scY="1"/>
    </display>
   </slot>
   <slot name="newGame3Case" z="4" parent="newGame3Case">
    <display name="case" type="image">
     <transform x="0" pX="25" pY="25" skX="0" skY="0" scX="1" y="0" scY="1"/>
    </display>
   </slot>
   <slot name="game3Case" z="5" parent="game3Case">
    <display name="case" type="image">
     <transform x="0" pX="25" pY="25" skX="0" skY="0" scX="1" y="0" scY="1"/>
    </display>
   </slot>
   <slot name="deleteSlot" z="6" parent="deleteSlot">
    <display name="deleteSlot" type="armature">
     <transform x="0" pX="0" pY="0" skX="0" skY="0" scX="1" y="0" scY="1"/>
    </display>
   </slot>
   <slot name="syncSlot" z="7" parent="syncSlot">
    <display name="syncSlot" type="armature">
     <transform x="0" pX="0" pY="0" skX="0" skY="0" scX="1" y="0" scY="1"/>
    </display>
   </slot>
  </skin>
  <bone name="newGame3Case">
   <transform y="2.4" skY="0" x="-0.45" scX="2.84" skX="0" scY="0.97"/>
  </bone>
  <bone name="star">
   <transform y="15.25" skY="0" x="-23.15" scX="0.35" skX="0" scY="0.35"/>
  </bone>
  <bone name="numTXT">
   <transform y="14.3" skY="0" x="3.8" scX="1" skX="0" scY="1"/>
  </bone>
  <bone name="Layer 4">
   <transform y="-4.05" skY="0" x="3.45" scX="1" skX="0" scY="1"/>
  </bone>
  <bone name="Layer 12">
   <transform y="0" skY="0" x="0" scX="1" skX="0" scY="1"/>
  </bone>
  <bone name="game3Case">
   <transform y="2.4" skY="0" x="-0.45" scX="2.84" skX="0" scY="0.97"/>
  </bone>
  <bone name="deleteSlot">
   <transform y="-10" skY="0" x="51" scX="1" skX="0" scY="1"/>
  </bone>
  <bone name="syncSlot">
   <transform y="-19.4" skY="0" x="-57.2" scX="1" skX="0" scY="1"/>
  </bone>
  <animation name="game3" scale="1" loop="1" duration="7" autoTween="NaN" fadeInTime="0.3" tweenEasing="NaN">
   <timeline name="Layer 12" scale="1" pX="0" pY="0" offset="0">
    <frame z="0" duration="3">
     <transform x="0" pX="0" pY="0" skX="0" skY="0" scX="1" y="0" scY="1"/>
    </frame>
    <frame displayIndex="1" z="0" duration="3">
     <transform x="0" pX="0" pY="0" skX="0" skY="0" scX="1" y="0" scY="1"/>
    </frame>
    <frame displayIndex="-1" duration="1"/>
   </timeline>
   <timeline name="star" scale="1" pX="0" pY="0" offset="0">
    <frame z="0" duration="3">
     <transform x="0" pX="0" pY="0" skX="0" skY="0" scX="1" y="0" scY="1"/>
    </frame>
    <frame displayIndex="-1" duration="4"/>
   </timeline>
   <timeline name="numTXT" scale="1" pX="0" pY="0" offset="0">
    <frame z="0" duration="3">
     <transform x="0" pX="0" pY="0" skX="0" skY="0" scX="1" y="0" scY="1"/>
    </frame>
    <frame displayIndex="-1" duration="4"/>
   </timeline>
   <timeline name="Layer 4" scale="1" pX="0" pY="0" offset="0">
    <frame z="0" duration="1">
     <transform x="0" pX="0" pY="0" skX="0" skY="0" scX="1" y="0" scY="1"/>
    </frame>
    <frame displayIndex="1" z="0" duration="1">
     <transform x="-0.050000000000000266" pX="0" pY="0" skX="0" skY="0" scX="1" y="-1.5499999999999998" scY="1"/>
    </frame>
    <frame displayIndex="2" z="0" duration="1">
     <transform x="0.3999999999999999" pX="0" pY="0" skX="0" skY="0" scX="1" y="1.5" scY="1"/>
    </frame>
    <frame displayIndex="3" z="0" duration="1">
     <transform x="-0.8500000000000001" pX="0" pY="0" skX="0" skY="0" scX="1" y="5.3" scY="1"/>
    </frame>
    <frame displayIndex="4" z="0" duration="1">
     <transform x="-0.3500000000000001" pX="0" pY="0" skX="0" skY="0" scX="1" y="4" scY="1"/>
    </frame>
    <frame displayIndex="5" z="0" duration="1">
     <transform x="-1.35" pX="0" pY="0" skX="0" skY="0" scX="1" y="5.9" scY="1"/>
    </frame>
    <frame displayIndex="-1" duration="1"/>
   </timeline>
   <timeline name="newGame3Case" scale="1" pX="0" pY="0" offset="0">
    <frame displayIndex="-1" duration="3"/>
    <frame z="0" duration="3">
     <transform x="0" pX="0" pY="0" skX="0" skY="0" scX="1" y="0" scY="1"/>
    </frame>
    <frame displayIndex="-1" duration="1"/>
   </timeline>
   <timeline name="game3Case" scale="1" pX="0" pY="0" offset="0">
    <frame z="0" duration="3">
     <transform x="0" pX="0" pY="0" skX="0" skY="0" scX="1" y="0" scY="1"/>
    </frame>
    <frame displayIndex="-1" duration="4"/>
   </timeline>
   <timeline name="deleteSlot" scale="1" pX="0" pY="0" offset="0">
    <frame z="0" duration="3">
     <transform x="0" pX="0" pY="0" skX="0" skY="0" scX="1" y="0" scY="1"/>
    </frame>
    <frame displayIndex="-1" duration="4"/>
   </timeline>
   <timeline name="syncSlot" scale="1" pX="0" pY="0" offset="0">
    <frame z="0" duration="3">
     <transform x="0" pX="0" pY="0" skX="0" skY="0" scX="1" y="0" scY="1"/>
    </frame>
    <frame displayIndex="-1" duration="4"/>
   </timeline>
  </animation>
 </armature>
 <armature name="game2">
  <skin name="default">
   <slot name="Layer 12" z="0" parent="Layer 12">
    <display name="Symbol 354" type="image">
     <transform x="0" pX="72.3" pY="31.35" skX="0" skY="0" scX="1" y="0" scY="1"/>
    </display>
    <display name="Symbol 357" type="image">
     <transform x="0" pX="72.3" pY="31.35" skX="0" skY="0" scX="1" y="0" scY="1"/>
    </display>
   </slot>
   <slot name="Layer 11" z="1" parent="Layer 11">
    <display name="Symbol 325" type="image">
     <transform x="0" pX="19" pY="18.1" skX="0" skY="0" scX="1" y="0" scY="1"/>
    </display>
   </slot>
   <slot name="numTXT" z="2" parent="numTXT">
    <display name="case" type="image">
     <transform x="0" pX="25" pY="25" skX="0" skY="0" scX="1" y="0" scY="1"/>
    </display>
   </slot>
   <slot name="Layer 4" z="3" parent="Layer 4">
    <display name="位图 43" type="image">
     <transform x="-48.5" pX="0" pY="0" skX="0" skY="0" scX="1" y="-28.5" scY="1"/>
    </display>
    <display name="位图 44" type="image">
     <transform x="-51" pX="0" pY="0" skX="0" skY="0" scX="1" y="-31" scY="1"/>
    </display>
    <display name="位图 45" type="image">
     <transform x="-47" pX="0" pY="0" skX="0" skY="0" scX="1" y="-28" scY="1"/>
    </display>
    <display name="位图 46" type="image">
     <transform x="-62.5" pX="0" pY="0" skX="0" skY="0" scX="1" y="-26" scY="1"/>
    </display>
    <display name="位图 47" type="image">
     <transform x="-63" pX="0" pY="0" skX="0" skY="0" scX="1" y="-25" scY="1"/>
    </display>
    <display name="位图 48" type="image">
     <transform x="-58" pX="0" pY="0" skX="0" skY="0" scX="1" y="-22.5" scY="1"/>
    </display>
   </slot>
   <slot name="newGame2Case" z="4" parent="newGame2Case">
    <display name="case" type="image">
     <transform x="0" pX="25" pY="25" skX="0" skY="0" scX="1" y="0" scY="1"/>
    </display>
   </slot>
   <slot name="game2Case" z="5" parent="game2Case">
    <display name="case" type="image">
     <transform x="0" pX="25" pY="25" skX="0" skY="0" scX="1" y="0" scY="1"/>
    </display>
   </slot>
   <slot name="deleteSlot" z="6" parent="deleteSlot">
    <display name="deleteSlot" type="armature">
     <transform x="0" pX="0" pY="0" skX="0" skY="0" scX="1" y="0" scY="1"/>
    </display>
   </slot>
   <slot name="syncSlot" z="7" parent="syncSlot">
    <display name="syncSlot" type="armature">
     <transform x="-0.7" pX="0" pY="0" skX="0" skY="0" scX="1" y="0.5" scY="1"/>
    </display>
   </slot>
  </skin>
  <bone name="newGame2Case">
   <transform y="2.4" skY="0" x="-0.45" scX="2.84" skX="0" scY="0.97"/>
  </bone>
  <bone name="Layer 11">
   <transform y="9.95" skY="0" x="-23.2" scX="0.35" skX="0" scY="0.35"/>
  </bone>
  <bone name="numTXT">
   <transform y="14.3" skY="0" x="6" scX="1" skX="0" scY="1"/>
  </bone>
  <bone name="Layer 4">
   <transform y="-4.25" skY="0" x="3.6" scX="1" skX="0" scY="1"/>
  </bone>
  <bone name="Layer 12">
   <transform y="0" skY="0" x="0" scX="1" skX="0" scY="1"/>
  </bone>
  <bone name="game2Case">
   <transform y="2.4" skY="0" x="-0.45" scX="2.84" skX="0" scY="0.97"/>
  </bone>
  <bone name="deleteSlot">
   <transform y="-10" skY="0" x="51" scX="1" skX="0" scY="1"/>
  </bone>
  <bone name="syncSlot">
   <transform y="-20.5" skY="0" x="-57.3" scX="1" skX="0" scY="1"/>
  </bone>
  <animation name="game2" scale="1" loop="1" duration="7" autoTween="NaN" fadeInTime="0.3" tweenEasing="NaN">
   <timeline name="Layer 12" scale="1" pX="0" pY="0" offset="0">
    <frame z="0" duration="3">
     <transform x="0" pX="0" pY="0" skX="0" skY="0" scX="1" y="0" scY="1"/>
    </frame>
    <frame displayIndex="1" z="0" duration="3">
     <transform x="0" pX="0" pY="0" skX="0" skY="0" scX="1" y="0" scY="1"/>
    </frame>
    <frame displayIndex="1" z="0" duration="1">
     <transform x="0" pX="0" pY="0" skX="0" skY="0" scX="1" y="0" scY="1"/>
    </frame>
   </timeline>
   <timeline name="Layer 11" scale="1" pX="0" pY="0" offset="0">
    <frame z="0" duration="3">
     <transform x="0" pX="0" pY="0" skX="0" skY="0" scX="1" y="0" scY="1"/>
    </frame>
    <frame displayIndex="-1" duration="4"/>
   </timeline>
   <timeline name="numTXT" scale="1" pX="0" pY="0" offset="0">
    <frame z="0" duration="3">
     <transform x="0" pX="0" pY="0" skX="0" skY="0" scX="1" y="0" scY="1"/>
    </frame>
    <frame displayIndex="-1" duration="4"/>
   </timeline>
   <timeline name="Layer 4" scale="1" pX="0" pY="0" offset="0">
    <frame z="0" duration="1">
     <transform x="0" pX="0" pY="0" skX="0" skY="0" scX="1" y="0" scY="1"/>
    </frame>
    <frame displayIndex="1" z="0" duration="1">
     <transform x="-0.10000000000000009" pX="0" pY="0" skX="0" skY="0" scX="1" y="-2.1500000000000004" scY="1"/>
    </frame>
    <frame displayIndex="2" z="0" duration="1">
     <transform x="-0.10000000000000009" pX="0" pY="0" skX="0" skY="0" scX="1" y="-0.7000000000000002" scY="1"/>
    </frame>
    <frame displayIndex="3" z="0" duration="1">
     <transform x="-1" pX="0" pY="0" skX="0" skY="0" scX="1" y="5.5" scY="1"/>
    </frame>
    <frame displayIndex="4" z="0" duration="1">
     <transform x="-0.5" pX="0" pY="0" skX="0" skY="0" scX="1" y="4.2" scY="1"/>
    </frame>
    <frame displayIndex="5" z="0" duration="1">
     <transform x="-1.5" pX="0" pY="0" skX="0" skY="0" scX="1" y="6.1" scY="1"/>
    </frame>
    <frame displayIndex="-1" duration="1"/>
   </timeline>
   <timeline name="newGame2Case" scale="1" pX="0" pY="0" offset="0">
    <frame displayIndex="-1" duration="3"/>
    <frame z="0" duration="3">
     <transform x="0" pX="0" pY="0" skX="0" skY="0" scX="1" y="0" scY="1"/>
    </frame>
    <frame displayIndex="-1" duration="1"/>
   </timeline>
   <timeline name="game2Case" scale="1" pX="0" pY="0" offset="0">
    <frame z="0" duration="3">
     <transform x="0" pX="0" pY="0" skX="0" skY="0" scX="1" y="0" scY="1"/>
    </frame>
    <frame displayIndex="-1" duration="4"/>
   </timeline>
   <timeline name="deleteSlot" scale="1" pX="0" pY="0" offset="0">
    <frame z="0" duration="3">
     <transform x="0" pX="0" pY="0" skX="0" skY="0" scX="1" y="0" scY="1"/>
    </frame>
    <frame displayIndex="-1" duration="4"/>
   </timeline>
   <timeline name="syncSlot" scale="1" pX="0" pY="0" offset="0">
    <frame z="0" duration="3">
     <transform x="0" pX="0" pY="0" skX="0" skY="0" scX="1" y="0" scY="1"/>
    </frame>
    <frame displayIndex="-1" duration="4"/>
   </timeline>
  </animation>
 </armature>
 <armature name="game1">
  <skin name="default">
   <slot name="bg" z="0" parent="bg">
    <display name="Shape/shape 359" type="image">
     <transform x="0" pX="73.3" pY="31.5" skX="0" skY="0" scX="1" y="0" scY="1"/>
    </display>
    <display name="Shape/shape 362" type="image">
     <transform x="0" pX="73.3" pY="31.5" skX="0" skY="0" scX="1" y="0" scY="1"/>
    </display>
   </slot>
   <slot name="star" z="1" parent="star">
    <display name="sprite 325" type="image">
     <transform x="0" pX="19" pY="18.1" skX="0" skY="0" scX="1" y="0" scY="1"/>
    </display>
   </slot>
   <slot name="numTXT" z="2" parent="numTXT">
    <display name="case" type="image">
     <transform x="0" pX="25" pY="25" skX="0" skY="0" scX="1" y="0" scY="1"/>
    </display>
   </slot>
   <slot name="Layer 4" z="3" parent="Layer 4">
    <display name="位图 10" type="image">
     <transform x="-46" pX="0" pY="0" skX="0" skY="0" scX="1" y="-29" scY="1"/>
    </display>
    <display name="位图 11" type="image">
     <transform x="-48.5" pX="0" pY="0" skX="0" skY="0" scX="1" y="-31" scY="1"/>
    </display>
    <display name="位图 12" type="image">
     <transform x="-45" pX="0" pY="0" skX="0" skY="0" scX="1" y="-28" scY="1"/>
    </display>
    <display name="位图 13" type="image">
     <transform x="-62.5" pX="0" pY="0" skX="0" skY="0" scX="1" y="-26.5" scY="1"/>
    </display>
    <display name="位图 14" type="image">
     <transform x="-63" pX="0" pY="0" skX="0" skY="0" scX="1" y="-25" scY="1"/>
    </display>
    <display name="位图 15" type="image">
     <transform x="-58" pX="0" pY="0" skX="0" skY="0" scX="1" y="-22.5" scY="1"/>
    </display>
   </slot>
   <slot name="newGame1Case" z="4" parent="newGame1Case">
    <display name="case" type="image">
     <transform x="0" pX="25" pY="25" skX="0" skY="0" scX="1" y="0" scY="1"/>
    </display>
   </slot>
   <slot name="game1Case" z="5" parent="game1Case">
    <display name="case" type="image">
     <transform x="0" pX="25" pY="25" skX="0" skY="0" scX="1" y="0" scY="1"/>
    </display>
   </slot>
   <slot name="deleteSlot" z="6" parent="deleteSlot">
    <display name="deleteSlot" type="armature">
     <transform scY="1" skY="0" x="0" scX="1" skX="0" y="0"/>
    </display>
   </slot>
   <slot name="syncSlot" z="7" parent="syncSlot">
    <display name="syncSlot" type="armature">
     <transform scY="1" skY="0" x="0" scX="1" skX="0" y="0"/>
    </display>
   </slot>
  </skin>
  <bone name="newGame1Case">
   <transform y="2.4" skY="0" x="-0.45" scX="2.84" skX="0" scY="0.97"/>
  </bone>
  <bone name="star">
   <transform y="15.25" skY="0" x="-23.15" scX="0.35" skX="0" scY="0.35"/>
  </bone>
  <bone name="numTXT">
   <transform y="14.3" skY="0" x="-1.7" scX="1" skX="0" scY="1"/>
  </bone>
  <bone name="Layer 4">
   <transform y="-1.55" skY="0" x="3.7" scX="1" skX="0" scY="1"/>
  </bone>
  <bone name="bg">
   <transform y="0" skY="0" x="0" scX="1" skX="0" scY="1"/>
  </bone>
  <bone name="game1Case">
   <transform y="2.4" skY="0" x="-0.45" scX="2.84" skX="0" scY="0.97"/>
  </bone>
  <bone name="deleteSlot">
   <transform y="-10" skY="0" x="51" scX="1" skX="0" scY="1"/>
  </bone>
  <bone name="syncSlot">
   <transform y="-15" skY="0" x="-55" scX="1" skX="0" scY="1"/>
  </bone>
  <animation name="game1" scale="1" loop="1" duration="7" autoTween="NaN" fadeInTime="0.3" tweenEasing="NaN">
   <timeline name="bg" scale="1" pX="0" pY="0" offset="0">
    <frame z="0" duration="3">
     <transform x="0" pX="0" pY="0" skX="0" skY="0" scX="1" y="0" scY="1"/>
    </frame>
    <frame displayIndex="1" z="0" duration="3">
     <transform x="0" pX="0" pY="0" skX="0" skY="0" scX="1" y="0" scY="1"/>
    </frame>
    <frame displayIndex="-1" duration="1"/>
   </timeline>
   <timeline name="star" scale="1" pX="0" pY="0" offset="0">
    <frame z="0" duration="3">
     <transform x="0" pX="0" pY="0" skX="0" skY="0" scX="1" y="0" scY="1"/>
    </frame>
    <frame displayIndex="-1" duration="4"/>
   </timeline>
   <timeline name="numTXT" scale="1" pX="0" pY="0" offset="0">
    <frame z="0" duration="3">
     <transform x="0" pX="0" pY="0" skX="0" skY="0" scX="1" y="0" scY="1"/>
    </frame>
    <frame displayIndex="-1" duration="4"/>
   </timeline>
   <timeline name="Layer 4" scale="1" pX="0" pY="0" offset="0">
    <frame z="0" duration="1">
     <transform x="0" pX="0" pY="0" skX="0" skY="0" scX="1" y="0" scY="1"/>
    </frame>
    <frame displayIndex="1" z="0" duration="1">
     <transform x="0.04999999999999982" pX="0" pY="0" skX="0" skY="0" scX="1" y="-1.55" scY="1"/>
    </frame>
    <frame displayIndex="2" z="0" duration="1">
     <transform x="0.2999999999999998" pX="0" pY="0" skX="0" skY="0" scX="1" y="1" scY="1"/>
    </frame>
    <frame displayIndex="3" z="0" duration="1">
     <transform x="-1.1" pX="0" pY="0" skX="0" skY="0" scX="1" y="6.8" scY="1"/>
    </frame>
    <frame displayIndex="4" z="0" duration="1">
     <transform x="-0.6000000000000001" pX="0" pY="0" skX="0" skY="0" scX="1" y="5" scY="1"/>
    </frame>
    <frame displayIndex="5" z="0" duration="1">
     <transform x="-1.6" pX="0" pY="0" skX="0" skY="0" scX="1" y="6.8999999999999995" scY="1"/>
    </frame>
    <frame displayIndex="-1" duration="1"/>
   </timeline>
   <timeline name="newGame1Case" scale="1" pX="0" pY="0" offset="0">
    <frame displayIndex="-1" duration="3"/>
    <frame z="0" duration="3">
     <transform x="0" pX="0" pY="0" skX="0" skY="0" scX="1" y="0" scY="1"/>
    </frame>
    <frame z="0" duration="1">
     <transform x="0" pX="0" pY="0" skX="0" skY="0" scX="1" y="0" scY="1"/>
    </frame>
   </timeline>
   <timeline name="game1Case" scale="1" pX="0" pY="0" offset="0">
    <frame z="0" duration="3">
     <transform x="0" pX="0" pY="0" skX="0" skY="0" scX="1" y="0" scY="1"/>
    </frame>
    <frame displayIndex="-1" duration="4"/>
   </timeline>
   <timeline name="deleteSlot" scale="1" pX="0" pY="0" offset="0">
    <frame z="0" duration="3">
     <transform x="0" pX="0" pY="0" skX="0" skY="0" scX="1" y="0" scY="1"/>
    </frame>
    <frame displayIndex="-1" duration="4"/>
   </timeline>
   <timeline name="syncSlot" scale="1" pX="0" pY="0" offset="0">
    <frame z="0" duration="3">
     <transform x="0" pX="0" pY="0" skX="0" skY="0" scX="1" y="0" scY="1"/>
    </frame>
    <frame displayIndex="-1" duration="4"/>
   </timeline>
  </animation>
 </armature>
 <armature name="glitter">
  <skin name="default">
   <slot name="Layer 1" z="0" parent="Layer 1">
    <display name="sprite 272" type="image">
     <transform x="0" pX="0" pY="0" skX="0" skY="0" scX="1" y="0" scY="1"/>
    </display>
   </slot>
   <slot name="Layer 3" z="1" parent="Layer 3">
    <display name="sprite 272" type="image">
     <transform x="0" pX="0" pY="0" skX="0" skY="0" scX="1" y="0" scY="1"/>
    </display>
   </slot>
   <slot name="Layer 5" z="2" parent="Layer 5">
    <display name="sprite 272" type="image">
     <transform x="0" pX="0" pY="0" skX="0" skY="0" scX="1" y="0" scY="1"/>
    </display>
   </slot>
  </skin>
  <bone name="Layer 1">
   <transform y="-5.75" skY="0" x="-5.75" scX="0.35" skX="0" scY="0.35"/>
  </bone>
  <bone name="Layer 3">
   <transform y="85.75" skY="0" x="-4.25" scX="0.35" skX="0" scY="0.35"/>
  </bone>
  <bone name="Layer 5">
   <transform y="1" skY="0" x="119.25" scX="0.35" skX="0" scY="0.35"/>
  </bone>
  <animation name="glitter" scale="1" loop="1" duration="76" autoTween="NaN" fadeInTime="0.3" tweenEasing="NaN">
   <timeline name="Layer 1" scale="1" pX="0" pY="0" offset="0">
    <frame z="0" duration="1" tweenEasing="0">
     <transform x="0" pX="0" pY="0" skX="0" skY="0" scX="1" y="0" scY="1"/>
    </frame>
    <frame z="0" duration="1" tweenEasing="0">
     <transform x="0.25" pX="0" pY="0" skX="9.81" skY="9.81" scX="1.1714285714285715" y="-2.05" scY="1.1714285714285715"/>
    </frame>
    <frame z="0" duration="1" tweenEasing="0">
     <transform x="1.0999999999999996" pX="0" pY="0" skX="19.81" skY="19.81" scX="1.3714285714285714" y="-4.1" scY="1.3714285714285714"/>
    </frame>
    <frame z="0" duration="1" tweenEasing="0">
     <transform x="2.55" pX="0" pY="0" skX="29.83" skY="29.83" scX="1.5428571428571431" y="-6.15" scY="1.5428571428571431"/>
    </frame>
    <frame z="0" duration="1" tweenEasing="0">
     <transform x="4.5" pX="0" pY="0" skX="39.85" skY="39.85" scX="1.7142857142857144" y="-7.9" scY="1.7142857142857144"/>
    </frame>
    <frame z="0" duration="1" tweenEasing="0">
     <transform x="6.85" pX="0" pY="0" skX="49.87" skY="49.87" scX="1.6000000000000003" y="-7.050000000000001" scY="1.6000000000000003"/>
    </frame>
    <frame z="0" duration="2" tweenEasing="0">
     <transform x="8.85" pX="0" pY="0" skX="59.89" skY="59.89" scX="1.4857142857142858" y="-5.85" scY="1.4857142857142858"/>
    </frame>
    <frame z="0" duration="2" tweenEasing="0">
     <transform x="11.65" pX="0" pY="0" skX="79.73" skY="79.73" scX="1.2857142857142858" y="-2.75" scY="1.2857142857142858"/>
    </frame>
    <frame z="0" duration="1" tweenEasing="0">
     <transform x="14.4" pX="0" pY="0" skX="99.53" skY="99.53" scX="1.3142857142857145" y="-0.40000000000000036" scY="1.3142857142857145"/>
    </frame>
    <frame z="0" duration="1" tweenEasing="0">
     <transform x="13.6" pX="0" pY="0" skX="109.54" skY="109.54" scX="1.0857142857142859" y="2" scY="1.0857142857142859"/>
    </frame>
    <frame z="0" duration="1">
     <transform x="12.25" pX="0" pY="0" skX="119.55" skY="119.55" scX="0.8285714285714285" y="3.95" scY="0.8285714285714285"/>
    </frame>
    <frame displayIndex="-1" duration="23"/>
    <frame z="0" duration="1" tweenEasing="0">
     <transform x="108" pX="0" pY="0" skX="0" skY="0" scX="1" y="91.5" scY="1"/>
    </frame>
    <frame z="0" duration="1" tweenEasing="0">
     <transform x="107.4" pX="0" pY="0" skX="8.51" skY="8.51" scX="1.3142857142857145" y="88.7" scY="1.3142857142857145"/>
    </frame>
    <frame z="0" duration="1" tweenEasing="0">
     <transform x="107.6" pX="0" pY="0" skX="17.03" skY="17.03" scX="1.6285714285714286" y="85.55" scY="1.6285714285714286"/>
    </frame>
    <frame z="0" duration="1" tweenEasing="0">
     <transform x="108.55" pX="0" pY="0" skX="25.56" skY="25.56" scX="1.942857142857143" y="82.45" scY="1.942857142857143"/>
    </frame>
    <frame z="0" duration="1" tweenEasing="0">
     <transform x="110.3" pX="0" pY="0" skX="34.09" skY="34.09" scX="2.2571428571428576" y="79.3" scY="2.2571428571428576"/>
    </frame>
    <frame z="0" duration="2" tweenEasing="0">
     <transform x="113.1" pX="0" pY="0" skX="42.63" skY="42.63" scX="2.1142857142857143" y="80.3" scY="2.1142857142857143"/>
    </frame>
    <frame z="0" duration="1" tweenEasing="0">
     <transform x="117.45" pX="0" pY="0" skX="59.9" skY="59.9" scX="1.7714285714285716" y="83.5" scY="1.7714285714285716"/>
    </frame>
    <frame z="0" duration="1" tweenEasing="0">
     <transform x="118.9" pX="0" pY="0" skX="68.42" skY="68.42" scX="1.6000000000000003" y="85.35" scY="1.6000000000000003"/>
    </frame>
    <frame z="0" duration="1" tweenEasing="0">
     <transform x="119.9" pX="0" pY="0" skX="76.95" skY="76.95" scX="1.4571428571428573" y="87.4" scY="1.4571428571428573"/>
    </frame>
    <frame z="0" duration="2" tweenEasing="0">
     <transform x="120.45" pX="0" pY="0" skX="85.47" skY="85.47" scX="1.2857142857142858" y="89.35" scY="1.2857142857142858"/>
    </frame>
    <frame z="0" duration="2" tweenEasing="0">
     <transform x="122.7" pX="0" pY="0" skX="102.31" skY="102.31" scX="1.3142857142857145" y="91.55" scY="1.3142857142857145"/>
    </frame>
    <frame z="0" duration="1">
     <transform x="120.3" pX="0" pY="0" skX="119.55" skY="119.55" scX="0.8285714285714285" y="95.45" scY="0.8285714285714285"/>
    </frame>
    <frame displayIndex="-1" duration="25"/>
   </timeline>
   <timeline name="Layer 3" scale="1" pX="0" pY="0" offset="0">
    <frame displayIndex="-1" duration="22"/>
    <frame z="0" duration="1" tweenEasing="0">
     <transform x="0" pX="0" pY="0" skX="0" skY="0" scX="1" y="0" scY="1"/>
    </frame>
    <frame z="0" duration="1" tweenEasing="0">
     <transform x="0.09999999999999964" pX="0" pY="0" skX="8.51" skY="8.51" scX="1.1714285714285715" y="-1.9000000000000057" scY="1.1714285714285715"/>
    </frame>
    <frame z="0" duration="1" tweenEasing="0">
     <transform x="0.6499999999999999" pX="0" pY="0" skX="17.03" skY="17.03" scX="1.3714285714285714" y="-3.9000000000000057" scY="1.3714285714285714"/>
    </frame>
    <frame z="0" duration="1" tweenEasing="0">
     <transform x="1.65" pX="0" pY="0" skX="25.56" skY="25.56" scX="1.5428571428571431" y="-5.900000000000006" scY="1.5428571428571431"/>
    </frame>
    <frame z="0" duration="1" tweenEasing="0">
     <transform x="3.15" pX="0" pY="0" skX="34.09" skY="34.09" scX="1.7142857142857144" y="-7.700000000000003" scY="1.7142857142857144"/>
    </frame>
    <frame z="0" duration="1" tweenEasing="0">
     <transform x="5.2" pX="0" pY="0" skX="42.63" skY="42.63" scX="1.6000000000000003" y="-7.099999999999994" scY="1.6000000000000003"/>
    </frame>
    <frame z="0" duration="2" tweenEasing="0">
     <transform x="7" pX="0" pY="0" skX="51.17" skY="51.17" scX="1.4857142857142858" y="-6.200000000000003" scY="1.4857142857142858"/>
    </frame>
    <frame z="0" duration="4" tweenEasing="0">
     <transform x="9.85" pX="0" pY="0" skX="68.42" skY="68.42" scX="1.2857142857142858" y="-3.700000000000003" scY="1.2857142857142858"/>
    </frame>
    <frame z="0" duration="2" tweenEasing="0">
     <transform x="14.7" pX="0" pY="0" skX="102.31" skY="102.31" scX="1.3142857142857145" y="0" scY="1.3142857142857145"/>
    </frame>
    <frame z="0" duration="1">
     <transform x="12.25" pX="0" pY="0" skX="119.55" skY="119.55" scX="0.8285714285714285" y="3.950000000000003" scY="0.8285714285714285"/>
    </frame>
    <frame displayIndex="-1" duration="11"/>
    <frame z="0" duration="2" tweenEasing="0">
     <transform x="284.7" pX="0" pY="0" skX="119.55" skY="119.55" scX="0.8285714285714285" y="-75.55" scY="0.8285714285714285"/>
    </frame>
    <frame z="0" duration="2" tweenEasing="0">
     <transform x="287.45" pX="0" pY="0" skX="105.31" skY="105.31" scX="1.3142857142857145" y="-79.05" scY="1.3142857142857145"/>
    </frame>
    <frame z="0" duration="4" tweenEasing="0">
     <transform x="285.7" pX="0" pY="0" skX="91.28" skY="91.28" scX="1.2857142857142858" y="-80.9" scY="1.2857142857142858"/>
    </frame>
    <frame z="0" duration="5" tweenEasing="0">
     <transform x="281.95" pX="0" pY="0" skX="63.41" skY="63.41" scX="1.4571428571428573" y="-85" scY="1.4571428571428573"/>
    </frame>
    <frame z="0" duration="1" tweenEasing="0">
     <transform x="274.2" pX="0" pY="0" skX="28.07" skY="28.07" scX="1.7142857142857144" y="-86.95" scY="1.7142857142857144"/>
    </frame>
    <frame z="0" duration="2" tweenEasing="0">
     <transform x="273.2" pX="0" pY="0" skX="21.05" skY="21.05" scX="1.5428571428571431" y="-85" scY="1.5428571428571431"/>
    </frame>
    <frame z="0" duration="1" tweenEasing="0">
     <transform x="272.35" pX="0" pY="0" skX="7.01" skY="7.01" scX="1.1714285714285715" y="-81.2" scY="1.1714285714285715"/>
    </frame>
    <frame z="0" duration="1">
     <transform x="272.45" pX="0" pY="0" skX="0" skY="0" scX="1" y="-79.45" scY="1"/>
    </frame>
    <frame displayIndex="-1" duration="10"/>
   </timeline>
   <timeline name="Layer 5" scale="1" pX="0" pY="0" offset="0">
    <frame displayIndex="-1" duration="10"/>
    <frame z="0" duration="1" tweenEasing="0">
     <transform x="0" pX="0" pY="0" skX="0" skY="0" scX="1" y="0" scY="1"/>
    </frame>
    <frame z="0" duration="1" tweenEasing="0">
     <transform x="0.25" pX="0" pY="0" skX="9.81" skY="9.81" scX="1.1714285714285715" y="-2.05" scY="1.1714285714285715"/>
    </frame>
    <frame z="0" duration="1" tweenEasing="0">
     <transform x="1.1500000000000057" pX="0" pY="0" skX="19.81" skY="19.81" scX="1.3714285714285714" y="-4.2" scY="1.3714285714285714"/>
    </frame>
    <frame z="0" duration="1" tweenEasing="0">
     <transform x="2.5999999999999943" pX="0" pY="0" skX="29.83" skY="29.83" scX="1.5428571428571431" y="-6.2" scY="1.5428571428571431"/>
    </frame>
    <frame z="0" duration="1" tweenEasing="0">
     <transform x="4.5" pX="0" pY="0" skX="39.85" skY="39.85" scX="1.7142857142857144" y="-7.9" scY="1.7142857142857144"/>
    </frame>
    <frame z="0" duration="1" tweenEasing="0">
     <transform x="6.849999999999994" pX="0" pY="0" skX="49.87" skY="49.87" scX="1.6000000000000003" y="-7.1" scY="1.6000000000000003"/>
    </frame>
    <frame z="0" duration="2" tweenEasing="0">
     <transform x="8.849999999999994" pX="0" pY="0" skX="59.89" skY="59.89" scX="1.4857142857142858" y="-5.85" scY="1.4857142857142858"/>
    </frame>
    <frame z="0" duration="1" tweenEasing="0">
     <transform x="11.650000000000006" pX="0" pY="0" skX="79.73" skY="79.73" scX="1.2857142857142858" y="-2.7" scY="1.2857142857142858"/>
    </frame>
    <frame z="0" duration="1" tweenEasing="0">
     <transform x="13.099999999999994" pX="0" pY="0" skX="89.72" skY="89.72" scX="1.3142857142857145" y="-1.7" scY="1.3142857142857145"/>
    </frame>
    <frame z="0" duration="1" tweenEasing="0">
     <transform x="14.400000000000006" pX="0" pY="0" skX="99.53" skY="99.53" scX="1.3142857142857145" y="-0.4" scY="1.3142857142857145"/>
    </frame>
    <frame z="0" duration="1" tweenEasing="0">
     <transform x="13.650000000000006" pX="0" pY="0" skX="109.54" skY="109.54" scX="1.0857142857142859" y="2.05" scY="1.0857142857142859"/>
    </frame>
    <frame z="0" duration="1">
     <transform x="12.25" pX="0" pY="0" skX="119.55" skY="119.55" scX="0.8285714285714285" y="3.95" scY="0.8285714285714285"/>
    </frame>
    <frame displayIndex="-1" duration="17"/>
    <frame z="0" duration="1" tweenEasing="0">
     <transform x="-192.5" pX="0" pY="0" skX="0" skY="0" scX="1" y="-30.25" scY="1"/>
    </frame>
    <frame z="0" duration="1" tweenEasing="0">
     <transform x="-192.25" pX="0" pY="0" skX="9.81" skY="9.81" scX="1.1714285714285715" y="-32.25" scY="1.1714285714285715"/>
    </frame>
    <frame z="0" duration="1" tweenEasing="0">
     <transform x="-191.45" pX="0" pY="0" skX="19.81" skY="19.81" scX="1.3714285714285714" y="-34.4" scY="1.3714285714285714"/>
    </frame>
    <frame z="0" duration="1" tweenEasing="0">
     <transform x="-189.95" pX="0" pY="0" skX="29.83" skY="29.83" scX="1.5428571428571431" y="-36.35" scY="1.5428571428571431"/>
    </frame>
    <frame z="0" duration="1" tweenEasing="0">
     <transform x="-187.95" pX="0" pY="0" skX="39.85" skY="39.85" scX="1.7142857142857144" y="-38.15" scY="1.7142857142857144"/>
    </frame>
    <frame z="0" duration="1" tweenEasing="0">
     <transform x="-185.65" pX="0" pY="0" skX="49.87" skY="49.87" scX="1.6000000000000003" y="-37.3" scY="1.6000000000000003"/>
    </frame>
    <frame z="0" duration="1" tweenEasing="0">
     <transform x="-183.65" pX="0" pY="0" skX="59.89" skY="59.89" scX="1.4857142857142858" y="-36.1" scY="1.4857142857142858"/>
    </frame>
    <frame z="0" duration="1" tweenEasing="0">
     <transform x="-182" pX="0" pY="0" skX="69.72" skY="69.72" scX="1.4000000000000001" y="-34.6" scY="1.4000000000000001"/>
    </frame>
    <frame z="0" duration="1" tweenEasing="0">
     <transform x="-180.85" pX="0" pY="0" skX="79.73" skY="79.73" scX="1.2857142857142858" y="-32.95" scY="1.2857142857142858"/>
    </frame>
    <frame z="0" duration="1" tweenEasing="0">
     <transform x="-179.4" pX="0" pY="0" skX="89.72" skY="89.72" scX="1.3142857142857145" y="-32" scY="1.3142857142857145"/>
    </frame>
    <frame z="0" duration="1" tweenEasing="0">
     <transform x="-178.1" pX="0" pY="0" skX="99.53" skY="99.53" scX="1.3142857142857145" y="-30.65" scY="1.3142857142857145"/>
    </frame>
    <frame z="0" duration="1" tweenEasing="0">
     <transform x="-178.95" pX="0" pY="0" skX="109.54" skY="109.54" scX="1.0857142857142859" y="-28.25" scY="1.0857142857142859"/>
    </frame>
    <frame z="0" duration="1">
     <transform x="-180.3" pX="0" pY="0" skX="119.55" skY="119.55" scX="0.8285714285714285" y="-26.35" scY="0.8285714285714285"/>
    </frame>
    <frame displayIndex="-1" duration="9"/>
    <frame z="0" duration="1" tweenEasing="0">
     <transform x="-56" pX="0" pY="0" skX="0" skY="0" scX="1" y="81.25" scY="1"/>
    </frame>
    <frame z="0" duration="1" tweenEasing="0">
     <transform x="-55.7" pX="0" pY="0" skX="9.81" skY="9.81" scX="1.1714285714285715" y="79.2" scY="1.1714285714285715"/>
    </frame>
    <frame z="0" duration="1" tweenEasing="0">
     <transform x="-54.900000000000006" pX="0" pY="0" skX="19.81" skY="19.81" scX="1.3714285714285714" y="77.1" scY="1.3714285714285714"/>
    </frame>
    <frame z="0" duration="1" tweenEasing="0">
     <transform x="-53.5" pX="0" pY="0" skX="29.83" skY="29.83" scX="1.5428571428571431" y="75.2" scY="1.5428571428571431"/>
    </frame>
    <frame z="0" duration="1" tweenEasing="0">
     <transform x="-51.5" pX="0" pY="0" skX="39.85" skY="39.85" scX="1.7142857142857144" y="73.35" scY="1.7142857142857144"/>
    </frame>
    <frame z="0" duration="2" tweenEasing="0">
     <transform x="-49.150000000000006" pX="0" pY="0" skX="49.87" skY="49.87" scX="1.6000000000000003" y="74.2" scY="1.6000000000000003"/>
    </frame>
    <frame z="0" duration="1" tweenEasing="0">
     <transform x="-45.55" pX="0" pY="0" skX="69.72" skY="69.72" scX="1.4000000000000001" y="76.85" scY="1.4000000000000001"/>
    </frame>
    <frame z="0" duration="2" tweenEasing="0">
     <transform x="-44.349999999999994" pX="0" pY="0" skX="79.73" skY="79.73" scX="1.2857142857142858" y="78.45" scY="1.2857142857142858"/>
    </frame>
    <frame z="0" duration="1" tweenEasing="0">
     <transform x="-41.599999999999994" pX="0" pY="0" skX="99.53" skY="99.53" scX="1.3142857142857145" y="80.85" scY="1.3142857142857145"/>
    </frame>
    <frame z="0" duration="1" tweenEasing="0">
     <transform x="-42.400000000000006" pX="0" pY="0" skX="109.54" skY="109.54" scX="1.0857142857142859" y="83.25" scY="1.0857142857142859"/>
    </frame>
    <frame z="0" duration="1">
     <transform x="-43.75" pX="0" pY="0" skX="119.55" skY="119.55" scX="0.8285714285714285" y="85.25" scY="0.8285714285714285"/>
    </frame>
    <frame z="0" duration="1">
     <transform x="-43.75" pX="0" pY="0" skX="119.55" skY="119.55" scX="0.8285714285714285" y="85.25" scY="0.8285714285714285"/>
    </frame>
   </timeline>
  </animation>
 </armature>
 <armature name="sprite 252">
  <skin name="default">
   <slot name="bg" z="0" parent="bg">
    <display name="Shape/shape 245" type="image">
     <transform x="0" pX="28" pY="28" skX="0" skY="0" scX="1" y="0" scY="1"/>
    </display>
    <display name="Shape/shape 247" type="image">
     <transform x="0" pX="28" pY="28" skX="0" skY="0" scX="1" y="0" scY="1"/>
    </display>
    <display name="Shape/shape 249" type="image">
     <transform x="0" pX="28" pY="28" skX="0" skY="0" scX="1" y="0" scY="1"/>
    </display>
    <display name="Shape/shape 251" type="image">
     <transform x="0" pX="28" pY="28" skX="0" skY="0" scX="1" y="0" scY="1"/>
    </display>
   </slot>
   <slot name="musicCase" z="1" parent="musicCase">
    <display name="case" type="image">
     <transform x="0" pX="25" pY="25" skX="0" skY="0" scX="1" y="0" scY="1"/>
    </display>
   </slot>
  </skin>
  <bone name="bg">
   <transform y="0" skY="0" x="0" scX="1" skX="0" scY="1"/>
  </bone>
  <bone name="musicCase">
   <transform y="0.45" skY="0" x="-0.6" scX="0.65" skX="0" scY="0.79"/>
  </bone>
  <animation name="btnMusic" scale="1" loop="1" duration="7" autoTween="NaN" fadeInTime="0.3" tweenEasing="NaN">
   <timeline name="bg" scale="1" pX="0" pY="0" offset="0">
    <frame z="0" duration="1">
     <transform x="0" pX="0" pY="0" skX="0" skY="0" scX="1" y="0" scY="1"/>
    </frame>
    <frame displayIndex="1" z="0" duration="1">
     <transform x="0" pX="0" pY="0" skX="0" skY="0" scX="1" y="0" scY="1"/>
    </frame>
    <frame displayIndex="2" z="0" duration="2">
     <transform x="0" pX="0" pY="0" skX="0" skY="0" scX="1" y="0" scY="1"/>
    </frame>
    <frame displayIndex="3" z="0" duration="1">
     <transform x="0" pX="0" pY="0" skX="0" skY="0" scX="1" y="0" scY="1"/>
    </frame>
    <frame z="0" duration="1">
     <transform x="0" pX="0" pY="0" skX="0" skY="0" scX="1" y="0" scY="1"/>
    </frame>
    <frame z="0" duration="1">
     <transform x="0" pX="0" pY="0" skX="0" skY="0" scX="1" y="0" scY="1"/>
    </frame>
   </timeline>
   <timeline name="musicCase" scale="1" pX="0" pY="0" offset="0">
    <frame z="0" duration="7">
     <transform x="0" pX="0" pY="0" skX="0" skY="0" scX="1" y="0" scY="1"/>
    </frame>
   </timeline>
  </animation>
 </armature>
 <armature name="sprite 261">
  <skin name="default">
   <slot name="bg" z="0" parent="bg">
    <display name="Shape/shape 254" type="image">
     <transform x="0" pX="32" pY="32" skX="0" skY="0" scX="1" y="0" scY="1"/>
    </display>
    <display name="Shape/shape 256" type="image">
     <transform x="0" pX="32" pY="32" skX="0" skY="0" scX="1" y="0" scY="1"/>
    </display>
    <display name="Shape/shape 258" type="image">
     <transform x="0" pX="32" pY="32" skX="0" skY="0" scX="1" y="0" scY="1"/>
    </display>
    <display name="Shape/shape 260" type="image">
     <transform x="0" pX="32" pY="32" skX="0" skY="0" scX="1" y="0" scY="1"/>
    </display>
   </slot>
   <slot name="soundCase" z="1" parent="soundCase">
    <display name="case" type="image">
     <transform x="0" pX="25" pY="25" skX="0" skY="0" scX="1" y="0" scY="1"/>
    </display>
   </slot>
  </skin>
  <bone name="bg">
   <transform y="0" skY="0" x="0" scX="1" skX="0" scY="1"/>
  </bone>
  <bone name="soundCase">
   <transform y="0.45" skY="0" x="-0.6" scX="0.65" skX="0" scY="0.79"/>
  </bone>
  <animation name="btnSound" scale="1" loop="1" duration="7" autoTween="NaN" fadeInTime="0.3" tweenEasing="NaN">
   <timeline name="bg" scale="1" pX="0" pY="0" offset="0">
    <frame z="0" duration="1">
     <transform x="0" pX="0" pY="0" skX="0" skY="0" scX="1" y="0" scY="1"/>
    </frame>
    <frame displayIndex="1" z="0" duration="1">
     <transform x="0" pX="0" pY="0" skX="0" skY="0" scX="1" y="0" scY="1"/>
    </frame>
    <frame displayIndex="2" z="0" duration="2">
     <transform x="0" pX="0" pY="0" skX="0" skY="0" scX="1" y="0" scY="1"/>
    </frame>
    <frame displayIndex="3" z="0" duration="1">
     <transform x="0" pX="0" pY="0" skX="0" skY="0" scX="1" y="0" scY="1"/>
    </frame>
    <frame z="0" duration="1">
     <transform x="0" pX="0" pY="0" skX="0" skY="0" scX="1" y="0" scY="1"/>
    </frame>
    <frame z="0" duration="1">
     <transform x="0" pX="0" pY="0" skX="0" skY="0" scX="1" y="0" scY="1"/>
    </frame>
   </timeline>
   <timeline name="soundCase" scale="1" pX="0" pY="0" offset="0">
    <frame z="0" duration="7">
     <transform x="0" pX="0" pY="0" skX="0" skY="0" scX="1" y="0" scY="1"/>
    </frame>
   </timeline>
  </animation>
 </armature>
 <armature name="sprite 268">
  <skin name="default">
   <slot name="Layer 2" z="0" parent="Layer 2">
    <display name="__dbTextures/sprite 268/Layer 2_0" type="image">
     <transform x="-21" pX="0" pY="0" skX="0" skY="0" scX="1" y="-21" scY="1"/>
    </display>
    <display name="__dbTextures/sprite 268/Layer 2_1" type="image">
     <transform x="-21.5" pX="0" pY="0" skX="0" skY="0" scX="1" y="-23" scY="1"/>
    </display>
    <display name="__dbTextures/sprite 268/Layer 2_2" type="image">
     <transform x="-21" pX="0" pY="0" skX="0" skY="0" scX="1" y="-21" scY="1"/>
    </display>
    <display name="__dbTextures/sprite 268/Layer 2_3" type="image">
     <transform x="-21" pX="0" pY="0" skX="0" skY="0" scX="1" y="-21" scY="1"/>
    </display>
   </slot>
   <slot name="backCase" z="1" parent="backCase">
    <display name="Symbol 47" type="image">
     <transform x="0" pX="25" pY="25" skX="0" skY="0" scX="1" y="0" scY="1"/>
    </display>
   </slot>
  </skin>
  <bone name="Layer 2">
   <transform y="0" skY="0" x="0" scX="1" skX="0" scY="1"/>
  </bone>
  <bone name="backCase">
   <transform y="-2" skY="0" x="-0.5" scX="0.79" skX="0" scY="0.77"/>
  </bone>
  <animation name="back" scale="1" loop="1" duration="4" autoTween="NaN" fadeInTime="0.3" tweenEasing="NaN">
   <timeline name="Layer 2" scale="1" pX="0" pY="0" offset="0">
    <frame z="0" duration="1" tweenEasing="NaN">
     <transform x="0" pX="0" pY="0" skX="0" skY="0" scX="1" y="0" scY="1"/>
    </frame>
    <frame z="0" displayIndex="1" duration="1" tweenEasing="NaN">
     <transform x="0.5" pX="0" pY="0" skX="0" skY="0" scX="1" y="0" scY="1"/>
    </frame>
    <frame z="0" displayIndex="2" duration="1" tweenEasing="NaN">
     <transform x="0" pX="0" pY="0" skX="0" skY="0" scX="1" y="0" scY="1"/>
    </frame>
    <frame z="0" displayIndex="3" duration="1" tweenEasing="NaN">
     <transform x="0" pX="0" pY="0" skX="0" skY="0" scX="1" y="0" scY="1"/>
    </frame>
   </timeline>
   <timeline name="backCase" scale="1" pX="0" pY="0" offset="0">
    <frame z="0" duration="4">
     <transform x="0" pX="0" pY="0" skX="0" skY="0" scX="1" y="0" scY="1"/>
    </frame>
   </timeline>
  </animation>
 </armature>
 <armature name="sprite 284">
  <skin name="default">
   <slot name="Layer 4" z="0" parent="Layer 4">
    <display name="__dbTextures/sprite 284/Layer 4_0" type="image">
     <transform x="-98" pX="0" pY="0" skX="0" skY="0" scX="1" y="-97" scY="1"/>
    </display>
    <display name="__dbTextures/sprite 284/Layer 4_1" type="image">
     <transform x="-103.15" pX="0" pY="0" skX="0" skY="0" scX="1" y="-102.1" scY="1"/>
    </display>
    <display name="__dbTextures/sprite 284/Layer 4_2" type="image">
     <transform x="-98.25" pX="0" pY="0" skX="0" skY="0" scX="1" y="-97.25" scY="1"/>
    </display>
    <display name="__dbTextures/sprite 284/Layer 4_3" type="image">
     <transform x="-98.25" pX="0" pY="0" skX="0" skY="0" scX="1" y="-97.25" scY="1"/>
    </display>
   </slot>
   <slot name="Layer 3" z="1" parent="Layer 3">
    <display name="位图 18" type="image">
     <transform x="-101.5" pX="0" pY="0" skX="0" skY="0" scX="1" y="-26" scY="1"/>
    </display>
    <display name="位图 16" type="image">
     <transform x="-114.5" pX="0" pY="0" skX="0" skY="0" scX="1" y="-26.5" scY="1"/>
    </display>
    <display name="位图 17" type="image">
     <transform x="-108" pX="0" pY="0" skX="0" skY="0" scX="1" y="-25" scY="1"/>
    </display>
   </slot>
   <slot name="Layer 2" z="2" parent="Layer 2">
    <display name="位图 19" type="image">
     <transform x="-73" pX="0" pY="0" skX="0" skY="0" scX="1" y="-43" scY="1"/>
    </display>
    <display name="位图 20" type="image">
     <transform x="-85.5" pX="0" pY="0" skX="0" skY="0" scX="1" y="-33.5" scY="1"/>
    </display>
    <display name="位图 21" type="image">
     <transform x="-78" pX="0" pY="0" skX="0" skY="0" scX="1" y="-29" scY="1"/>
    </display>
   </slot>
   <slot name="localSaveCase" z="3" parent="localSaveCase">
    <display name="case" type="image">
     <transform x="0" pX="25" pY="25" skX="0" skY="0" scX="1" y="0" scY="1"/>
    </display>
   </slot>
  </skin>
  <bone name="Layer 2">
   <transform y="22" skY="0" x="0" scX="1" skX="0" scY="1"/>
  </bone>
  <bone name="Layer 3">
   <transform y="-50" skY="0" x="-18.15" scX="1" skX="0" scY="1"/>
  </bone>
  <bone name="Layer 4">
   <transform y="-1" skY="0" x="0" scX="1" skX="0" scY="1"/>
  </bone>
  <bone name="localSaveCase">
   <transform y="1.75" skY="0" x="-1.25" scX="3.91" skX="0" scY="3.86"/>
  </bone>
  <animation name="localSave" scale="1" loop="1" duration="4" autoTween="NaN" fadeInTime="0.3" tweenEasing="NaN">
   <timeline name="Layer 4" scale="1" pX="0" pY="0" offset="0">
    <frame z="0" duration="1" tweenEasing="NaN">
     <transform x="0" pX="0" pY="0" skX="0" skY="0" scX="1" y="0" scY="1"/>
    </frame>
    <frame z="0" displayIndex="1" duration="1" tweenEasing="NaN">
     <transform x="0.15" pX="0" pY="0" skX="0" skY="0" scX="1" y="0.09999999999999998" scY="1"/>
    </frame>
    <frame z="0" displayIndex="2" duration="1" tweenEasing="NaN">
     <transform x="0.25" pX="0" pY="0" skX="0" skY="0" scX="1" y="0.25" scY="1"/>
    </frame>
    <frame z="0" displayIndex="3" duration="1" tweenEasing="NaN">
     <transform x="0.25" pX="0" pY="0" skX="0" skY="0" scX="1" y="0.25" scY="1"/>
    </frame>
   </timeline>
   <timeline name="Layer 3" scale="1" pX="0" pY="0" offset="0">
    <frame z="0" duration="1">
     <transform x="0" pX="0" pY="0" skX="0" skY="0" scX="1" y="0" scY="1"/>
    </frame>
    <frame displayIndex="1" z="0" duration="1">
     <transform x="6.049999999999999" pX="0" pY="0" skX="0" skY="0" scX="1" y="-4.399999999999999" scY="1"/>
    </frame>
    <frame displayIndex="2" z="0" duration="1">
     <transform x="6.499999999999998" pX="0" pY="0" skX="0" skY="0" scX="1" y="-1.1499999999999986" scY="1"/>
    </frame>
    <frame displayIndex="2" z="0" duration="1">
     <transform x="6.499999999999998" pX="0" pY="0" skX="0" skY="0" scX="1" y="-1.1499999999999986" scY="1"/>
    </frame>
   </timeline>
   <timeline name="Layer 2" scale="1" pX="0" pY="0" offset="0">
    <frame z="0" duration="1">
     <transform x="0" pX="0" pY="0" skX="0" skY="0" scX="1" y="0" scY="1"/>
    </frame>
    <frame displayIndex="1" z="0" duration="1">
     <transform x="7" pX="0" pY="0" skX="0" skY="0" scX="1" y="-12.4" scY="1"/>
    </frame>
    <frame displayIndex="2" z="0" duration="1">
     <transform x="5.25" pX="0" pY="0" skX="0" skY="0" scX="1" y="-13.75" scY="1"/>
    </frame>
    <frame displayIndex="2" z="0" duration="1">
     <transform x="5.25" pX="0" pY="0" skX="0" skY="0" scX="1" y="-13.75" scY="1"/>
    </frame>
   </timeline>
   <timeline name="localSaveCase" scale="1" pX="0" pY="0" offset="0">
    <frame z="0" duration="3">
     <transform x="0" pX="0" pY="0" skX="0" skY="0" scX="1" y="0" scY="1"/>
    </frame>
    <frame displayIndex="-1" duration="1"/>
   </timeline>
  </animation>
 </armature>
 <armature name="sprite 321">
  <skin name="default">
   <slot name="bg" z="0" parent="bg">
    <display name="Shape/shape 286" type="image">
     <transform x="0" pX="135" pY="110" skX="0" skY="0" scX="1" y="0" scY="1"/>
    </display>
    <display name="Shape/shape 307" type="image">
     <transform x="0" pX="142" pY="115.25" skX="0" skY="0" scX="1" y="0" scY="1"/>
    </display>
    <display name="Shape/shape 319" type="image">
     <transform x="0" pX="135.25" pY="109.75" skX="0" skY="0" scX="1" y="0" scY="1"/>
    </display>
   </slot>
   <slot name="Layer 15" z="1" parent="Layer 15">
    <display name="位图 32" type="image">
     <transform x="-151" pX="0" pY="0" skX="0" skY="0" scX="1" y="-25" scY="1"/>
    </display>
    <display name="位图 33" type="image">
     <transform x="-159.5" pX="0" pY="0" skX="0" skY="0" scX="1" y="-27" scY="1"/>
    </display>
    <display name="位图 35" type="image">
     <transform x="-151" pX="0" pY="0" skX="0" skY="0" scX="1" y="-25" scY="1"/>
    </display>
   </slot>
   <slot name="Layer 13" z="2" parent="Layer 13">
    <display name="位图 29" type="image">
     <transform x="-56.5" pX="0" pY="0" skX="0" skY="0" scX="1" y="-20" scY="1"/>
    </display>
    <display name="位图 30" type="image">
     <transform x="-63" pX="0" pY="0" skX="0" skY="0" scX="1" y="-15.5" scY="1"/>
    </display>
    <display name="位图 31" type="image">
     <transform x="-56.5" pX="0" pY="0" skX="0" skY="0" scX="1" y="-20" scY="1"/>
    </display>
   </slot>
   <slot name="logo" z="3" parent="logo">
    <display name="case" type="image">
     <transform x="0" pX="25" pY="25" skX="0" skY="0" scX="1" y="0" scY="1"/>
    </display>
   </slot>
   <slot name="nickTXT" z="4" parent="nickTXT">
    <display name="case" type="image">
     <transform x="0" pX="25" pY="25" skX="0" skY="0" scX="1" y="0" scY="1"/>
    </display>
   </slot>
   <slot name="welcomeTXT" z="5" parent="welcomeTXT">
    <display name="case" type="image">
     <transform x="0" pX="25" pY="25" skX="0" skY="0" scX="1" y="0" scY="1"/>
    </display>
   </slot>
   <slot name="Layer 10" z="6" parent="Layer 10">
    <display name="位图 38" type="image">
     <transform x="-56.5" pX="0" pY="0" skX="0" skY="0" scX="1" y="-20" scY="1"/>
    </display>
    <display name="位图 37" type="image">
     <transform x="-62.5" pX="0" pY="0" skX="0" skY="0" scX="1" y="-25" scY="1"/>
    </display>
    <display name="位图 36" type="image">
     <transform x="-56.5" pX="0" pY="0" skX="0" skY="0" scX="1" y="-20" scY="1"/>
    </display>
   </slot>
   <slot name="Layer 2" z="7" parent="Layer 2">
    <display name="位图 27" type="image">
     <transform x="-57" pX="0" pY="0" skX="0" skY="0" scX="1" y="-73.5" scY="1"/>
    </display>
    <display name="位图 41" type="image">
     <transform x="-63.5" pX="0" pY="0" skX="0" skY="0" scX="1" y="-81" scY="1"/>
    </display>
    <display name="位图 42" type="image">
     <transform x="-57" pX="0" pY="0" skX="0" skY="0" scX="1" y="-73.5" scY="1"/>
    </display>
   </slot>
   <slot name="Layer 8" z="8" parent="Layer 8">
    <display name="位图 26" type="image">
     <transform x="-23" pX="0" pY="0" skX="0" skY="0" scX="1" y="-64" scY="1"/>
    </display>
    <display name="位图 39" type="image">
     <transform x="-24" pX="0" pY="0" skX="0" skY="0" scX="1" y="-67" scY="1"/>
    </display>
    <display name="位图 40" type="image">
     <transform x="-23.5" pX="0" pY="0" skX="0" skY="0" scX="1" y="-64.5" scY="1"/>
    </display>
   </slot>
   <slot name="onlineSaveCase" z="9" parent="onlineSaveCase">
    <display name="case" type="image">
     <transform x="0" pX="25" pY="25" skX="0" skY="0" scX="1" y="0" scY="1"/>
    </display>
   </slot>
  </skin>
  <bone name="welcomeTXT">
   <transform y="12.3" skY="0" x="33.3" scX="1" skX="0" scY="1"/>
  </bone>
  <bone name="Layer 15">
   <transform y="-59.65" skY="0" x="-7.65" scX="1" skX="0" scY="1"/>
  </bone>
  <bone name="Layer 13">
   <transform y="-31.9" skY="0" x="62.5" scX="1" skX="0" scY="1"/>
  </bone>
  <bone name="logo">
   <transform y="-6.7" skY="0" x="49.3" scX="1" skX="0" scY="1"/>
  </bone>
  <bone name="nickTXT">
   <transform y="56.25" skY="0" x="27.3" scX="1" skX="0" scY="1"/>
  </bone>
  <bone name="bg">
   <transform y="0" skY="0" x="0" scX="1" skX="0" scY="1"/>
  </bone>
  <bone name="Layer 10">
   <transform y="-31.9" skY="0" x="-48.45" scX="1" skX="0" scY="1"/>
  </bone>
  <bone name="Layer 2">
   <transform y="49.6" skY="0" x="-37.15" scX="1" skX="0" scY="1"/>
  </bone>
  <bone name="Layer 8">
   <transform y="35.55" skY="0" x="-87.05" scX="1" skX="0" scY="1"/>
  </bone>
  <bone name="onlineSaveCase">
   <transform y="-0.05" skY="0" x="-0.35" scX="5.49" skX="0" scY="4.35"/>
  </bone>
  <animation name="onlineSave" scale="1" loop="1" duration="4" autoTween="NaN" fadeInTime="0.3" tweenEasing="NaN">
   <timeline name="bg" scale="1" pX="0" pY="0" offset="0">
    <frame z="0" duration="1">
     <transform x="0" pX="0" pY="0" skX="0" skY="0" scX="1" y="0" scY="1"/>
    </frame>
    <frame displayIndex="1" z="0" duration="1">
     <transform x="0" pX="0" pY="0" skX="0" skY="0" scX="1" y="0" scY="1"/>
    </frame>
    <frame displayIndex="2" z="0" duration="1">
     <transform x="0" pX="0" pY="0" skX="0" skY="0" scX="1" y="0" scY="1"/>
    </frame>
    <frame displayIndex="2" z="0" duration="1">
     <transform x="0" pX="0" pY="0" skX="0" skY="0" scX="1" y="0" scY="1"/>
    </frame>
   </timeline>
   <timeline name="Layer 15" scale="1" pX="0" pY="0" offset="0">
    <frame z="0" duration="1">
     <transform x="0" pX="0" pY="0" skX="0" skY="0" scX="1" y="0" scY="1"/>
    </frame>
    <frame displayIndex="1" z="0" duration="1">
     <transform x="-0.2999999999999998" pX="0" pY="0" skX="0" skY="0" scX="1" y="-3.8500000000000014" scY="1"/>
    </frame>
    <frame displayIndex="2" z="0" duration="1">
     <transform x="0" pX="0" pY="0" skX="0" skY="0" scX="1" y="0" scY="1"/>
    </frame>
    <frame displayIndex="-1" duration="1"/>
   </timeline>
   <timeline name="Layer 13" scale="1" pX="0" pY="0" offset="0">
    <frame z="0" duration="1">
     <transform x="0" pX="0" pY="0" skX="0" skY="0" scX="1" y="0" scY="1"/>
    </frame>
    <frame displayIndex="1" z="0" duration="1">
     <transform x="4.799999999999997" pX="0" pY="0" skX="0" skY="0" scX="1" y="-9.850000000000001" scY="1"/>
    </frame>
    <frame displayIndex="2" z="0" duration="1">
     <transform x="0" pX="0" pY="0" skX="0" skY="0" scX="1" y="0" scY="1"/>
    </frame>
    <frame displayIndex="-1" duration="1"/>
   </timeline>
   <timeline name="logo" scale="1" pX="0" pY="0" offset="0">
    <frame z="0" duration="3">
     <transform x="0" pX="0" pY="0" skX="0" skY="0" scX="1" y="0" scY="1"/>
    </frame>
    <frame displayIndex="-1" duration="1"/>
   </timeline>
   <timeline name="nickTXT" scale="1" pX="0" pY="0" offset="0">
    <frame z="0" duration="3">
     <transform x="0" pX="0" pY="0" skX="0" skY="0" scX="1" y="0" scY="1"/>
    </frame>
    <frame displayIndex="-1" duration="1"/>
   </timeline>
   <timeline name="welcomeTXT" scale="1" pX="0" pY="0" offset="0">
    <frame z="0" duration="3">
     <transform x="0" pX="0" pY="0" skX="0" skY="0" scX="1" y="0" scY="1"/>
    </frame>
    <frame displayIndex="-1" duration="1"/>
   </timeline>
   <timeline name="Layer 10" scale="1" pX="0" pY="0" offset="0">
    <frame z="0" duration="1">
     <transform x="0" pX="0" pY="0" skX="0" skY="0" scX="1" y="0" scY="1"/>
    </frame>
    <frame displayIndex="1" z="0" duration="1">
     <transform x="-1.25" pX="0" pY="0" skX="0" skY="0" scX="1" y="-0.3500000000000014" scY="1"/>
    </frame>
    <frame displayIndex="2" z="0" duration="1">
     <transform x="0" pX="0" pY="0" skX="0" skY="0" scX="1" y="0" scY="1"/>
    </frame>
    <frame displayIndex="-1" duration="1"/>
   </timeline>
   <timeline name="Layer 2" scale="1" pX="0" pY="0" offset="0">
    <frame z="0" duration="1">
     <transform x="0" pX="0" pY="0" skX="0" skY="0" scX="1" y="0" scY="1"/>
    </frame>
    <frame displayIndex="1" z="0" duration="1">
     <transform x="-0.20000000000000284" pX="0" pY="0" skX="0" skY="0" scX="1" y="3.549999999999997" scY="1"/>
    </frame>
    <frame displayIndex="2" z="0" duration="1">
     <transform x="0" pX="0" pY="0" skX="0" skY="0" scX="1" y="0" scY="1"/>
    </frame>
    <frame displayIndex="-1" duration="1"/>
   </timeline>
   <timeline name="Layer 8" scale="1" pX="0" pY="0" offset="0">
    <frame z="0" duration="1">
     <transform x="0" pX="0" pY="0" skX="0" skY="0" scX="1" y="0" scY="1"/>
    </frame>
    <frame displayIndex="1" z="0" duration="1">
     <transform x="-4.5" pX="0" pY="0" skX="0" skY="0" scX="1" y="0.8500000000000014" scY="1"/>
    </frame>
    <frame displayIndex="2" z="0" duration="1">
     <transform x="-0.6500000000000057" pX="0" pY="0" skX="0" skY="0" scX="1" y="0.5" scY="1"/>
    </frame>
    <frame displayIndex="-1" duration="1"/>
   </timeline>
   <timeline name="onlineSaveCase" scale="1" pX="0" pY="0" offset="0">
    <frame z="0" duration="3">
     <transform x="0" pX="0" pY="0" skX="0" skY="0" scX="1" y="0" scY="1"/>
    </frame>
    <frame displayIndex="-1" duration="1"/>
   </timeline>
  </animation>
 </armature>
 <armature name="sprite 368">
  <skin name="default">
   <slot name="bg" z="0" parent="bg">
    <display name="Shape/shape 364" type="image">
     <transform x="0" pX="47.45" pY="15.15" skX="0" skY="0" scX="1" y="0" scY="1"/>
    </display>
   </slot>
   <slot name="Layer 2" z="1" parent="Layer 2">
    <display name="位图 23" type="image">
     <transform x="-24" pX="0" pY="0" skX="0" skY="0" scX="1" y="-15" scY="1"/>
    </display>
    <display name="位图 24" type="image">
     <transform x="-29" pX="0" pY="0" skX="0" skY="0" scX="1" y="-19" scY="1"/>
    </display>
    <display name="位图 25" type="image">
     <transform x="-24" pX="0" pY="0" skX="0" skY="0" scX="1" y="-15" scY="1"/>
    </display>
   </slot>
   <slot name="noCase" z="2" parent="noCase">
    <display name="case" type="image">
     <transform x="0" pX="25" pY="25" skX="0" skY="0" scX="1" y="0" scY="1"/>
    </display>
   </slot>
  </skin>
  <bone name="bg">
   <transform y="0" skY="0" x="0" scX="1" skX="0" scY="1"/>
  </bone>
  <bone name="Layer 2">
   <transform y="0.6" skY="0" x="-1" scX="1" skX="0" scY="1"/>
  </bone>
  <bone name="noCase">
   <transform y="-1.2" skY="0" x="0" scX="1.49" skX="0" scY="0.45"/>
  </bone>
  <animation name="btnNo" scale="1" loop="1" duration="4" autoTween="NaN" fadeInTime="0.3" tweenEasing="NaN">
   <timeline name="bg" scale="1" pX="0" pY="0" offset="0">
    <frame z="0" duration="3">
     <transform x="0" pX="0" pY="0" skX="0" skY="0" scX="1" y="0" scY="1"/>
    </frame>
    <frame z="0" duration="1">
     <transform x="0" pX="0" pY="0" skX="0" skY="0" scX="1" y="0" scY="1"/>
    </frame>
   </timeline>
   <timeline name="Layer 2" scale="1" pX="0" pY="0" offset="0">
    <frame z="0" duration="1">
     <transform x="0" pX="0" pY="0" skX="0" skY="0" scX="1" y="0" scY="1"/>
    </frame>
    <frame displayIndex="1" z="0" duration="1">
     <transform x="-0.3999999999999999" pX="0" pY="0" skX="0" skY="0" scX="1" y="1.25" scY="1"/>
    </frame>
    <frame displayIndex="2" z="0" duration="1">
     <transform x="1" pX="0" pY="0" skX="0" skY="0" scX="1" y="0.65" scY="1"/>
    </frame>
    <frame displayIndex="-1" duration="1"/>
   </timeline>
   <timeline name="noCase" scale="1" pX="0" pY="0" offset="0">
    <frame z="0" duration="4">
     <transform x="0" pX="0" pY="0" skX="0" skY="0" scX="1" y="0" scY="1"/>
    </frame>
   </timeline>
  </animation>
 </armature>
 <armature name="sprite 379">
  <skin name="default">
   <slot name="bg" z="0" parent="bg">
    <display name="Shape/shape 369" type="image">
     <transform x="0" pX="47.45" pY="15.15" skX="0" skY="0" scX="1" y="0" scY="1"/>
    </display>
   </slot>
   <slot name="Layer 4" z="1" parent="Layer 4">
    <display name="位图 7" type="image">
     <transform x="-19" pX="0" pY="0" skX="0" skY="0" scX="1" y="-19" scY="1"/>
    </display>
    <display name="位图 8" type="image">
     <transform x="-22" pX="0" pY="0" skX="0" skY="0" scX="1" y="-17" scY="1"/>
    </display>
    <display name="位图 9" type="image">
     <transform x="-19" pX="0" pY="0" skX="0" skY="0" scX="1" y="-14" scY="1"/>
    </display>
    <display name="位图 22" type="image">
     <transform x="-19" pX="0" pY="0" skX="0" skY="0" scX="1" y="-14" scY="1"/>
    </display>
   </slot>
   <slot name="yesCase" z="2" parent="yesCase">
    <display name="case" type="image">
     <transform x="0" pX="25" pY="25" skX="0" skY="0" scX="1" y="0" scY="1"/>
    </display>
   </slot>
  </skin>
  <bone name="bg">
   <transform y="0" skY="0" x="0" scX="1" skX="0" scY="1"/>
  </bone>
  <bone name="Layer 4">
   <transform y="6.45" skY="0" x="-1.1" scX="1" skX="0" scY="1"/>
  </bone>
  <bone name="yesCase">
   <transform y="-1.2" skY="0" x="0" scX="1.49" skX="0" scY="0.45"/>
  </bone>
  <animation name="btnYes" scale="1" loop="1" duration="4" autoTween="NaN" fadeInTime="0.3" tweenEasing="NaN">
   <timeline name="bg" scale="1" pX="0" pY="0" offset="0">
    <frame z="0" duration="4">
     <transform x="0" pX="0" pY="0" skX="0" skY="0" scX="1" y="0" scY="1"/>
    </frame>
   </timeline>
   <timeline name="Layer 4" scale="1" pX="0" pY="0" offset="0">
    <frame z="0" duration="1">
     <transform x="0" pX="0" pY="0" skX="0" skY="0" scX="1" y="0" scY="1"/>
    </frame>
    <frame displayIndex="1" z="0" duration="1">
     <transform x="-0.5" pX="0" pY="0" skX="0" skY="0" scX="1" y="-5.15" scY="1"/>
    </frame>
    <frame displayIndex="2" z="0" duration="1">
     <transform x="0" pX="0" pY="0" skX="0" skY="0" scX="1" y="-5.5" scY="1"/>
    </frame>
    <frame displayIndex="3" z="0" duration="1">
     <transform x="0" pX="0" pY="0" skX="0" skY="0" scX="1" y="-5.5" scY="1"/>
    </frame>
   </timeline>
   <timeline name="yesCase" scale="1" pX="0" pY="0" offset="0">
    <frame z="0" duration="4">
     <transform x="0" pX="0" pY="0" skX="0" skY="0" scX="1" y="0" scY="1"/>
    </frame>
   </timeline>
  </animation>
 </armature>
 <armature name="deleteSlot">
  <skin name="default">
   <slot name="Layer 1" z="0" parent="Layer 1">
    <display name="Shape/shape 333" type="image">
     <transform x="0" pX="7.45" pY="8.45" skX="0" skY="0" scX="1" y="0" scY="1"/>
    </display>
    <display name="Shape/shape 335" type="image">
     <transform x="0" pX="8.15" pY="9.1" skX="0" skY="0" scX="1" y="0" scY="1"/>
    </display>
    <display name="Shape/shape 337" type="image">
     <transform x="0" pX="7.4" pY="8.1" skX="0" skY="0" scX="1" y="0" scY="1"/>
    </display>
   </slot>
   <slot name="deleteSlotCase" z="1" parent="deleteSlotCase">
    <display name="case" type="image">
     <transform x="0" pX="25" pY="25" skX="0" skY="0" scX="1" y="0" scY="1"/>
    </display>
   </slot>
  </skin>
  <bone name="Layer 1">
   <transform y="0" skY="0" x="0" scX="1" skX="0" scY="1"/>
  </bone>
  <bone name="deleteSlotCase">
   <transform y="-0.7" skY="0" x="0.15" scX="0.33" skX="0" scY="0.33"/>
  </bone>
  <animation name="deleteSlot" scale="1" loop="1" duration="4" autoTween="NaN" fadeInTime="0.3" tweenEasing="NaN">
   <timeline name="Layer 1" scale="1" pX="0" pY="0" offset="0">
    <frame z="0" duration="1">
     <transform x="0" pX="0" pY="0" skX="0" skY="0" scX="1" y="0" scY="1"/>
    </frame>
    <frame displayIndex="1" z="0" duration="1">
     <transform x="0" pX="0" pY="0" skX="0" skY="0" scX="1" y="0" scY="1"/>
    </frame>
    <frame displayIndex="2" z="0" duration="1">
     <transform x="0" pX="0" pY="0" skX="0" skY="0" scX="1" y="0" scY="1"/>
    </frame>
    <frame displayIndex="2" z="0" duration="1">
     <transform x="0" pX="0" pY="0" skX="0" skY="0" scX="1" y="0" scY="1"/>
    </frame>
   </timeline>
   <timeline name="deleteSlotCase" scale="1" pX="0" pY="0" offset="0">
    <frame z="0" duration="4">
     <transform x="0" pX="0" pY="0" skX="0" skY="0" scX="1" y="0" scY="1"/>
    </frame>
   </timeline>
  </animation>
 </armature>
 <armature name="syncSlot">
  <skin name="default">
   <slot name="Layer 1" z="0" parent="Layer 1">
    <display name="Shape/shape 340" type="image">
     <transform x="0" pX="17.4" pY="12.2" skX="0" skY="0" scX="1" y="0" scY="1"/>
    </display>
    <display name="Shape/shape 342" type="image">
     <transform x="0" pX="18.4" pY="13.05" skX="0" skY="0" scX="1" y="0" scY="1"/>
    </display>
    <display name="Shape/shape 344" type="image">
     <transform x="0" pX="17.3" pY="12.35" skX="0" skY="0" scX="1" y="0" scY="1"/>
    </display>
    <display name="Shape/shape 346" type="image">
     <transform x="0" pX="18.15" pY="12.85" skX="0" skY="0" scX="1" y="0" scY="1"/>
    </display>
    <display name="Shape/shape 348" type="image">
     <transform x="0" pX="17.4" pY="12.1" skX="0" skY="0" scX="1" y="0" scY="1"/>
    </display>
   </slot>
   <slot name="syncSlotCase" z="1" parent="syncSlotCase">
    <display name="case" type="image">
     <transform x="0" pX="25" pY="25" skX="0" skY="0" scX="1" y="0" scY="1"/>
    </display>
   </slot>
  </skin>
  <bone name="Layer 1">
   <transform y="0" skY="0" x="0" scX="1" skX="0" scY="1"/>
  </bone>
  <bone name="syncSlotCase">
   <transform y="-0.5" skY="0" x="0.7" scX="0.76" skX="0" scY="0.5"/>
  </bone>
  <animation name="syncSlot" scale="1" loop="1" duration="8" autoTween="NaN" fadeInTime="0.3" tweenEasing="NaN">
   <timeline name="Layer 1" scale="1" pX="0" pY="0" offset="0">
    <frame z="0" duration="1">
     <transform x="0" pX="0" pY="0" skX="0" skY="0" scX="1" y="0" scY="1"/>
    </frame>
    <frame displayIndex="1" z="0" duration="2">
     <transform x="0" pX="0" pY="0" skX="0" skY="0" scX="1" y="0" scY="1"/>
    </frame>
    <frame displayIndex="2" z="0" duration="1">
     <transform x="0" pX="0" pY="0" skX="0" skY="0" scX="1" y="0" scY="1"/>
    </frame>
    <frame displayIndex="3" z="0" duration="2">
     <transform x="0" pX="0" pY="0" skX="0" skY="0" scX="1" y="0" scY="1"/>
    </frame>
    <frame displayIndex="4" z="0" duration="1">
     <transform x="0" pX="0" pY="0" skX="0" skY="0" scX="1" y="0" scY="1"/>
    </frame>
    <frame displayIndex="4" z="0" duration="1">
     <transform x="0" pX="0" pY="0" skX="0" skY="0" scX="1" y="0" scY="1"/>
    </frame>
   </timeline>
   <timeline name="syncSlotCase" scale="1" pX="0" pY="0" offset="0">
    <frame z="0" duration="6">
     <transform x="0" pX="0" pY="0" skX="0" skY="0" scX="1" y="0" scY="1"/>
    </frame>
    <frame displayIndex="-1" duration="2"/>
   </timeline>
  </animation>
 </armature>
</root>