<TextureAtlas name="StartMenu_mc" imagePath="texture.png">
 <SubTexture name="Shape/shape 221" x="0" y="0" width="800" height="600"/>
 <SubTexture name="case" x="972" y="734" width="50" height="50"/>
 <SubTexture name="sprite 243" x="0" y="602" width="397" height="268"/>
 <SubTexture name="sprite 270" x="725" y="779" width="50" height="50"/>
 <SubTexture name="Shape/shape 226" x="777" y="799" width="145" height="63"/>
 <SubTexture name="Shape/shape 380" x="671" y="1000" width="306" height="50"/>
 <SubTexture name="Shape/shape 235" x="802" y="598" width="169" height="70"/>
 <SubTexture name="Shape/shape 359" x="780" y="669" width="147" height="63"/>
 <SubTexture name="Shape/shape 362" x="778" y="734" width="147" height="63"/>
 <SubTexture name="sprite 325" x="685" y="776" width="39" height="37"/>
 <SubTexture name="sprite 272" x="923" y="799" width="33" height="33"/>
 <SubTexture name="Shape/shape 245" x="840" y="938" width="60" height="60"/>
 <SubTexture name="Shape/shape 247" x="710" y="857" width="60" height="60"/>
 <SubTexture name="Shape/shape 249" x="956" y="876" width="60" height="60"/>
 <SubTexture name="Shape/shape 251" x="957" y="814" width="60" height="60"/>
 <SubTexture name="Shape/shape 254" x="272" y="872" width="71" height="73"/>
 <SubTexture name="Shape/shape 256" x="845" y="863" width="71" height="73"/>
 <SubTexture name="Shape/shape 258" x="772" y="863" width="71" height="73"/>
 <SubTexture name="Shape/shape 260" x="671" y="919" width="71" height="73"/>
 <SubTexture name="Shape/shape 263" x="928" y="713" width="42" height="42"/>
 <SubTexture name="Shape/shape 265" x="733" y="731" width="43" height="46"/>
 <SubTexture name="Shape/shape 267" x="928" y="669" width="42" height="42"/>
 <SubTexture name="Shape/shape 275" x="802" y="402" width="196" height="194"/>
 <SubTexture name="Shape/shape 279" x="802" y="0" width="207" height="205"/>
 <SubTexture name="Shape/shape 282" x="802" y="206" width="197" height="195"/>
 <SubTexture name="Shape/shape 286" x="0" y="872" width="270" height="220"/>
 <SubTexture name="Shape/shape 307" x="399" y="602" width="284" height="231"/>
 <SubTexture name="Shape/shape 319" x="399" y="834" width="271" height="220"/>
 <SubTexture name="Shape/shape 295" x="918" y="863" width="37" height="24"/>
 <SubTexture name="Shape/shape 312" x="725" y="831" width="39" height="25"/>
 <SubTexture name="Shape/shape 298" x="926" y="757" width="42" height="41"/>
 <SubTexture name="Shape/shape 314" x="685" y="732" width="44" height="43"/>
 <SubTexture name="Shape/shape 303" x="733" y="602" width="46" height="128"/>
 <SubTexture name="Shape/shape 317" x="972" y="598" width="49" height="135"/>
 <SubTexture name="Shape/shape 320" x="685" y="602" width="47" height="129"/>
 <SubTexture name="Shape/shape 305" x="969" y="786" width="45" height="26"/>
 <SubTexture name="Shape/shape 364" x="744" y="938" width="95" height="30"/>
 <SubTexture name="Shape/shape 369" x="902" y="938" width="95" height="30"/>
 <SubTexture name="Shape/shape 333" x="1000" y="225" width="16" height="16"/>
 <SubTexture name="Shape/shape 335" x="1000" y="206" width="17" height="18"/>
 <SubTexture name="Shape/shape 337" x="1000" y="242" width="16" height="16"/>
 <SubTexture name="Shape/shape 340" x="345" y="872" width="37" height="24"/>
 <SubTexture name="Shape/shape 342" x="685" y="814" width="39" height="26"/>
 <SubTexture name="Shape/shape 344" x="918" y="888" width="36" height="24"/>
 <SubTexture name="Shape/shape 346" x="671" y="841" width="38" height="25"/>
 <SubTexture name="Shape/shape 348" x="671" y="867" width="37" height="24"/>
</TextureAtlas>