<TextureAtlas name="StartMenu_mc" imagePath="texture.png">
 <SubTexture name="Shape/shape 221" x="0" y="0" width="816" height="600"/>
 <SubTexture name="case" x="1996" y="404" width="50" height="50"/>
 <SubTexture name="sprite 243" x="818" y="0" width="397" height="268"/>
 <SubTexture name="Shape/shape 226" x="1600" y="597" width="145" height="63"/>
 <SubTexture name="位图 4" x="1189" y="707" width="83" height="53"/>
 <SubTexture name="位图 5" x="1099" y="707" width="88" height="57"/>
 <SubTexture name="位图 6" x="0" y="710" width="82" height="53"/>
 <SubTexture name="Shape/shape 380" x="321" y="602" width="306" height="50"/>
 <SubTexture name="Shape/shape 235" x="1199" y="534" width="169" height="70"/>
 <SubTexture name="位图 1" x="1618" y="427" width="86" height="62"/>
 <SubTexture name="位图 2" x="1950" y="462" width="92" height="67"/>
 <SubTexture name="位图 3" x="1012" y="706" width="85" height="61"/>
 <SubTexture name="Symbol 323" x="775" y="660" width="144" height="59"/>
 <SubTexture name="Symbol 350" x="1874" y="655" width="144" height="59"/>
 <SubTexture name="sprite 325" x="2008" y="262" width="39" height="37"/>
 <SubTexture name="位图 49" x="1950" y="531" width="96" height="58"/>
 <SubTexture name="位图 50" x="1355" y="640" width="101" height="62"/>
 <SubTexture name="位图 51" x="1348" y="704" width="94" height="57"/>
 <SubTexture name="位图 52" x="1369" y="534" width="125" height="52"/>
 <SubTexture name="位图 53" x="1746" y="567" width="126" height="50"/>
 <SubTexture name="位图 54" x="1230" y="660" width="116" height="45"/>
 <SubTexture name="Symbol 354" x="966" y="642" width="145" height="63"/>
 <SubTexture name="Symbol 357" x="629" y="602" width="145" height="63"/>
 <SubTexture name="Symbol 325" x="1463" y="232" width="39" height="37"/>
 <SubTexture name="位图 43" x="625" y="666" width="97" height="57"/>
 <SubTexture name="位图 44" x="1496" y="576" width="102" height="62"/>
 <SubTexture name="位图 45" x="419" y="706" width="94" height="56"/>
 <SubTexture name="位图 46" x="1618" y="491" width="125" height="52"/>
 <SubTexture name="位图 47" x="1618" y="545" width="126" height="50"/>
 <SubTexture name="位图 48" x="1458" y="640" width="116" height="45"/>
 <SubTexture name="Shape/shape 359" x="818" y="595" width="147" height="63"/>
 <SubTexture name="Shape/shape 362" x="976" y="577" width="147" height="63"/>
 <SubTexture name="位图 10" x="515" y="706" width="92" height="58"/>
 <SubTexture name="位图 11" x="1947" y="591" width="97" height="62"/>
 <SubTexture name="位图 12" x="920" y="706" width="90" height="56"/>
 <SubTexture name="位图 13" x="1016" y="434" width="125" height="53"/>
 <SubTexture name="位图 14" x="1746" y="619" width="126" height="50"/>
 <SubTexture name="位图 15" x="1112" y="660" width="116" height="45"/>
 <SubTexture name="sprite 272" x="2008" y="300" width="33" height="33"/>
 <SubTexture name="Shape/shape 245" x="1143" y="456" width="60" height="60"/>
 <SubTexture name="Shape/shape 247" x="1145" y="394" width="60" height="60"/>
 <SubTexture name="Shape/shape 249" x="1145" y="332" width="60" height="60"/>
 <SubTexture name="Shape/shape 251" x="1145" y="270" width="60" height="60"/>
 <SubTexture name="Shape/shape 254" x="1874" y="568" width="71" height="73"/>
 <SubTexture name="Shape/shape 256" x="1877" y="493" width="71" height="73"/>
 <SubTexture name="Shape/shape 258" x="1425" y="459" width="71" height="73"/>
 <SubTexture name="Shape/shape 260" x="1877" y="418" width="71" height="73"/>
 <SubTexture name="__dbTextures/sprite 268/Layer 2_0" x="1415" y="362" width="42" height="42"/>
 <SubTexture name="__dbTextures/sprite 268/Layer 2_1" x="1959" y="353" width="43" height="46"/>
 <SubTexture name="__dbTextures/sprite 268/Layer 2_2" x="1711" y="357" width="42" height="42"/>
 <SubTexture name="__dbTextures/sprite 268/Layer 2_3" x="2004" y="360" width="42" height="42"/>
 <SubTexture name="Symbol 47" x="1450" y="407" width="50" height="50"/>
 <SubTexture name="__dbTextures/sprite 284/Layer 4_0" x="818" y="270" width="196" height="194"/>
 <SubTexture name="__dbTextures/sprite 284/Layer 4_1" x="1503" y="221" width="207" height="205"/>
 <SubTexture name="__dbTextures/sprite 284/Layer 4_2" x="1217" y="232" width="197" height="195"/>
 <SubTexture name="__dbTextures/sprite 284/Layer 4_3" x="1761" y="222" width="197" height="195"/>
 <SubTexture name="位图 18" x="1205" y="480" width="203" height="52"/>
 <SubTexture name="位图 16" x="1124" y="605" width="229" height="53"/>
 <SubTexture name="位图 17" x="1207" y="428" width="216" height="50"/>
 <SubTexture name="位图 19" x="991" y="489" width="146" height="86"/>
 <SubTexture name="位图 20" x="818" y="466" width="171" height="67"/>
 <SubTexture name="位图 21" x="818" y="535" width="156" height="58"/>
 <SubTexture name="Shape/shape 286" x="1775" y="0" width="270" height="220"/>
 <SubTexture name="Shape/shape 307" x="1217" y="0" width="284" height="231"/>
 <SubTexture name="Shape/shape 319" x="1503" y="0" width="271" height="220"/>
 <SubTexture name="位图 32" x="321" y="654" width="302" height="50"/>
 <SubTexture name="位图 33" x="0" y="602" width="319" height="54"/>
 <SubTexture name="位图 35" x="0" y="658" width="302" height="50"/>
 <SubTexture name="位图 29" x="304" y="706" width="113" height="40"/>
 <SubTexture name="位图 30" x="1576" y="661" width="126" height="31"/>
 <SubTexture name="位图 31" x="1573" y="694" width="113" height="40"/>
 <SubTexture name="位图 38" x="1704" y="671" width="113" height="40"/>
 <SubTexture name="位图 37" x="1369" y="588" width="125" height="50"/>
 <SubTexture name="位图 36" x="1458" y="687" width="113" height="40"/>
 <SubTexture name="位图 27" x="1502" y="427" width="114" height="147"/>
 <SubTexture name="位图 41" x="1016" y="270" width="127" height="162"/>
 <SubTexture name="位图 42" x="1761" y="418" width="114" height="147"/>
 <SubTexture name="位图 26" x="1415" y="232" width="46" height="128"/>
 <SubTexture name="位图 39" x="1711" y="221" width="48" height="134"/>
 <SubTexture name="位图 40" x="1959" y="222" width="47" height="129"/>
 <SubTexture name="Shape/shape 364" x="84" y="710" width="95" height="30"/>
 <SubTexture name="位图 23" x="1711" y="401" width="48" height="30"/>
 <SubTexture name="位图 24" x="1139" y="518" width="58" height="38"/>
 <SubTexture name="位图 25" x="1706" y="433" width="48" height="30"/>
 <SubTexture name="Shape/shape 369" x="180" y="710" width="95" height="30"/>
 <SubTexture name="位图 7" x="2008" y="222" width="38" height="38"/>
 <SubTexture name="位图 8" x="1950" y="426" width="44" height="34"/>
 <SubTexture name="位图 9" x="1463" y="300" width="38" height="28"/>
 <SubTexture name="位图 22" x="1463" y="270" width="38" height="28"/>
 <SubTexture name="Shape/shape 333" x="1433" y="406" width="16" height="16"/>
 <SubTexture name="Shape/shape 335" x="1415" y="406" width="17" height="18"/>
 <SubTexture name="Shape/shape 337" x="1433" y="423" width="16" height="16"/>
 <SubTexture name="Shape/shape 340" x="1459" y="382" width="37" height="24"/>
 <SubTexture name="Shape/shape 342" x="1463" y="330" width="39" height="26"/>
 <SubTexture name="Shape/shape 344" x="1959" y="401" width="36" height="24"/>
 <SubTexture name="Shape/shape 346" x="2008" y="334" width="38" height="25"/>
 <SubTexture name="Shape/shape 348" x="1463" y="357" width="37" height="24"/>
</TextureAtlas>