<root name="WinMenu_mc" isGlobal="0" frameRate="30" version="3.0">
 <armature name="WinMenu_mc">
  <skin name="default">
   <slot name="shadow" z="0" parent="shadow">
    <display name="Symbol 1571" type="image">
     <transform x="0" pX="350" pY="250" skX="0" skY="0" scX="1" y="0" scY="1"/>
    </display>
    <display name="Symbol 1600" type="image">
     <transform x="0" pX="350" pY="250" skX="0" skY="0" scX="1" y="0" scY="1"/>
    </display>
   </slot>
   <slot name="first" z="1" parent="first">
    <display name="Symbol 6284" type="armature">
     <transform scY="1" skY="0" x="0" scX="1" skX="0" y="0"/>
    </display>
   </slot>
  </skin>
  <bone name="shadow">
   <transform y="550" skY="0" x="750" scX="1.14" skX="0" scY="1.2"/>
  </bone>
  <bone name="first">
   <transform y="691.5" skY="0" x="750" scX="0.18" skX="0" scY="0.18"/>
  </bone>
  <animation name="WinMenu_mc" scale="1" loop="1" fadeInTime="0.3" autoTween="NaN" duration="22" tweenEasing="NaN">
   <timeline name="shadow" scale="1" pX="0" pY="0" offset="0">
    <frame z="0" duration="1">
     <transform x="0" pX="0" pY="0" skX="0" skY="0" scX="1" y="0" scY="1"/>
     <colorTransform bM="100" gO="0" bO="0" aM="0" rM="100" aO="0" gM="100" rO="0"/>
    </frame>
    <frame z="0" duration="1">
     <transform x="0" pX="0" pY="0" skX="0" skY="0" scX="1" y="0" scY="1"/>
     <colorTransform bM="100" gO="0" bO="0" aM="20" rM="100" aO="0" gM="100" rO="0"/>
    </frame>
    <frame z="0" duration="1">
     <transform x="0" pX="0" pY="0" skX="0" skY="0" scX="1" y="0" scY="1"/>
     <colorTransform bM="100" gO="0" bO="0" aM="40" rM="100" aO="0" gM="100" rO="0"/>
    </frame>
    <frame z="0" duration="1">
     <transform x="0" pX="0" pY="0" skX="0" skY="0" scX="1" y="0" scY="1"/>
     <colorTransform bM="100" gO="0" bO="0" aM="60" rM="100" aO="0" gM="100" rO="0"/>
    </frame>
    <frame z="0" duration="1">
     <transform x="0" pX="0" pY="0" skX="0" skY="0" scX="1" y="0" scY="1"/>
     <colorTransform bM="100" gO="0" bO="0" aM="80" rM="100" aO="0" gM="100" rO="0"/>
    </frame>
    <frame z="0" duration="5">
     <transform x="0" pX="0" pY="0" skX="0" skY="0" scX="1" y="0" scY="1"/>
    </frame>
    <frame z="0" duration="5">
     <transform x="0" pX="0" pY="0" skX="0" skY="0" scX="1" y="0" scY="1"/>
    </frame>
    <frame displayIndex="1" z="0" duration="6">
     <transform x="0" pX="0" pY="0" skX="0" skY="0" scX="1" y="0" scY="1"/>
    </frame>
    <frame displayIndex="1" z="0" duration="1">
     <transform x="0" pX="0" pY="0" skX="0" skY="0" scX="1" y="0" scY="1"/>
    </frame>
   </timeline>
   <timeline name="first" scale="1" pX="0" pY="0" offset="0">
    <frame z="0" duration="1">
     <transform x="0" pX="0" pY="0" skX="0" skY="0" scX="1" y="0" scY="1"/>
     <colorTransform bM="100" gO="0" bO="0" aM="5" rM="100" aO="0" gM="100" rO="0"/>
    </frame>
    <frame z="0" duration="1">
     <transform x="0.10000000000002274" pX="0" pY="0" skX="0" skY="0" scX="2.5" y="-44.60000000000002" scY="2.5"/>
     <colorTransform bM="100" gO="0" bO="0" aM="33" rM="100" aO="0" gM="100" rO="0"/>
    </frame>
    <frame z="0" duration="1">
     <transform x="0.14999999999997726" pX="0" pY="0" skX="0" skY="0" scX="4.055555555555555" y="-89.20000000000005" scY="4.055555555555555"/>
     <colorTransform bM="100" gO="0" bO="0" aM="61" rM="100" aO="0" gM="100" rO="0"/>
    </frame>
    <frame z="0" duration="1">
     <transform x="0.25" pX="0" pY="0" skX="0" skY="0" scX="5.555555555555555" y="-133.85000000000002" scY="5.555555555555555"/>
     <colorTransform bM="100" gO="0" bO="0" aM="90" rM="100" aO="0" gM="100" rO="0"/>
    </frame>
    <frame z="0" duration="1">
     <transform x="0.25" pX="0" pY="0" skX="0" skY="0" scX="5.944444444444445" y="-147.39999999999998" scY="5.944444444444445"/>
     <colorTransform bM="100" gO="0" bO="0" aM="95" rM="100" aO="0" gM="100" rO="0"/>
    </frame>
    <frame z="0" duration="1">
     <transform x="0.25" pX="0" pY="0" skX="0" skY="0" scX="6.333333333333333" y="-160.95000000000005" scY="6.333333333333333"/>
    </frame>
    <frame z="0" duration="1">
     <transform x="0.14999999999997726" pX="0" pY="0" skX="0" skY="0" scX="5.944444444444445" y="-147.20000000000005" scY="5.944444444444445"/>
    </frame>
    <frame z="0" duration="14">
     <transform x="0" pX="0" pY="0" skX="0" skY="0" scX="5.555555555555555" y="-133.5" scY="5.555555555555555"/>
    </frame>
    <frame z="0" duration="1">
     <transform x="0" pX="0" pY="0" skX="0" skY="0" scX="5.555555555555555" y="-133.5" scY="5.555555555555555"/>
    </frame>
   </timeline>
   <frame duration="21"/>
   <frame duration="1"/>
  </animation>
 </armature>
 <armature name="Symbol 6284">
  <skin name="default">
   <slot name="Layer 6" z="0" parent="Layer 6">
    <display name="Symbol 6229" type="image">
     <transform x="0" pX="228" pY="279.1" skX="0" skY="0" scX="1" y="0" scY="1"/>
    </display>
   </slot>
   <slot name="Layer 4" z="1" parent="Layer 4">
    <display name="Symbol 6231" type="image">
     <transform x="0" pX="53" pY="135" skX="0" skY="0" scX="1" y="0" scY="1"/>
    </display>
   </slot>
   <slot name="Layer 3" z="2" parent="Layer 3">
    <display name="Symbol 6231" type="image">
     <transform x="0" pX="53" pY="135" skX="0" skY="0" scX="1" y="0" scY="1"/>
    </display>
   </slot>
   <slot name="scroll" z="3" parent="scroll">
    <display name="scroll" type="armature">
     <transform x="0" pX="0" pY="0" skX="0" skY="0" scX="1" y="0" scY="1"/>
    </display>
   </slot>
   <slot name="stars" z="4" parent="stars">
    <display name="Symbol 6254" type="armature">
     <transform x="0" pX="0" pY="0" skX="0" skY="0" scX="1" y="0" scY="1"/>
    </display>
   </slot>
  </skin>
  <bone name="Layer 3">
   <transform y="-50.85" skY="0" x="-143.65" scX="-1.1" skX="-5.99" scY="1.18"/>
  </bone>
  <bone name="Layer 4">
   <transform y="-50.85" skY="0" x="141" scX="1.1" skX="5.99" scY="1.18"/>
  </bone>
  <bone name="Layer 6">
   <transform y="50" skY="0" x="0" scX="1" skX="0" scY="1"/>
  </bone>
  <bone name="scroll">
   <transform y="78" skY="0" x="0" scX="1" skX="0" scY="1"/>
  </bone>
  <bone name="stars">
   <transform y="-31" skY="0" x="1" scX="1.1" skX="0" scY="1.1"/>
  </bone>
  <animation name="first" scale="1" loop="1" fadeInTime="0.3" autoTween="NaN" duration="22" tweenEasing="NaN">
   <timeline name="Layer 6" scale="1" pX="0" pY="0" offset="0">
    <frame z="0" duration="21">
     <transform x="0" pX="0" pY="0" skX="0" skY="0" scX="1" y="0" scY="1"/>
    </frame>
    <frame z="0" duration="1">
     <transform x="0" pX="0" pY="0" skX="0" skY="0" scX="1" y="0" scY="1"/>
    </frame>
   </timeline>
   <timeline name="Layer 4" scale="1" pX="0" pY="0" offset="0">
    <frame z="0" duration="5">
     <transform x="0" pX="0" pY="0" skX="0" skY="0" scX="1" y="0" scY="1"/>
    </frame>
    <frame z="0" duration="1">
     <transform x="16.650000000000006" pX="0" pY="0" skX="-5.99" skY="0" scX="1" y="-9.600000000000001" scY="0.9322033898305085"/>
    </frame>
    <frame z="0" duration="1">
     <transform x="24" pX="0" pY="0" skX="-8.98" skY="0" scX="1" y="-16.699999999999996" scY="0.8898305084745763"/>
    </frame>
    <frame z="0" duration="2">
     <transform x="36.25" pX="0" pY="0" skX="-16.73" skY="0" scX="1.0727272727272725" y="-19.85" scY="0.8474576271186441"/>
    </frame>
    <frame z="0" duration="1">
     <transform x="28.25" pX="0" pY="0" skX="-11.48" skY="0" scX="1.0363636363636362" y="-16.85" scY="0.864406779661017"/>
    </frame>
    <frame z="0" duration="1">
     <transform x="21.44999999999999" pX="0" pY="0" skX="-8.65" skY="0" scX="1.0363636363636362" y="-15.449999999999996" scY="0.8728813559322035"/>
    </frame>
    <frame z="0" duration="10">
     <transform x="17" pX="0" pY="0" skX="-5.99" skY="0" scX="1" y="-10.149999999999999" scY="0.9322033898305085"/>
    </frame>
    <frame z="0" duration="1">
     <transform x="17" pX="0" pY="0" skX="-5.99" skY="0" scX="1" y="-10.149999999999999" scY="0.9322033898305085"/>
    </frame>
   </timeline>
   <timeline name="Layer 3" scale="1" pX="0" pY="0" offset="0">
    <frame z="0" duration="5">
     <transform x="0" pX="0" pY="0" skX="0" skY="0" scX="1" y="0" scY="1"/>
    </frame>
    <frame z="0" duration="1">
     <transform x="-14.400000000000006" pX="0" pY="0" skX="5.99" skY="0" scX="1" y="-9.600000000000001" scY="0.9322033898305085"/>
    </frame>
    <frame z="0" duration="1">
     <transform x="-18.5" pX="0" pY="0" skX="8.98" skY="0" scX="1" y="-16.699999999999996" scY="0.8898305084745763"/>
    </frame>
    <frame z="0" duration="2">
     <transform x="-32.5" pX="0" pY="0" skX="16.73" skY="0" scX="1.0727272727272725" y="-19.85" scY="0.8474576271186441"/>
    </frame>
    <frame z="0" duration="1">
     <transform x="-24.049999999999983" pX="0" pY="0" skX="11.48" skY="0" scX="1.0363636363636362" y="-17.4" scY="0.864406779661017"/>
    </frame>
    <frame z="0" duration="1">
     <transform x="-19.799999999999983" pX="0" pY="0" skX="8.65" skY="0" scX="1.0363636363636362" y="-15.449999999999996" scY="0.8728813559322035"/>
    </frame>
    <frame z="0" duration="10">
     <transform x="-15.349999999999994" pX="0" pY="0" skX="5.99" skY="0" scX="1" y="-10.149999999999999" scY="0.9322033898305085"/>
    </frame>
    <frame z="0" duration="1">
     <transform x="-15.349999999999994" pX="0" pY="0" skX="5.99" skY="0" scX="1" y="-10.149999999999999" scY="0.9322033898305085"/>
    </frame>
   </timeline>
   <timeline name="scroll" scale="1" pX="0" pY="0" offset="0">
    <frame z="0" duration="21">
     <transform x="0" pX="0" pY="0" skX="0" skY="0" scX="1" y="0" scY="1"/>
    </frame>
    <frame z="0" duration="1">
     <transform x="0" pX="0" pY="0" skX="0" skY="0" scX="1" y="0" scY="1"/>
    </frame>
   </timeline>
   <timeline name="stars" scale="1" pX="0" pY="0" offset="0">
    <frame z="0" duration="21">
     <transform x="0" pX="0" pY="0" skX="0" skY="0" scX="1" y="0" scY="1"/>
    </frame>
    <frame z="0" duration="1">
     <transform x="0" pX="0" pY="0" skX="0" skY="0" scX="1" y="0" scY="1"/>
    </frame>
   </timeline>
   <frame duration="21"/>
   <frame duration="1"/>
  </animation>
 </armature>
 <armature name="WinMenuFinish_mc">
  <skin name="default">
   <slot name="shadow" z="0" parent="shadow">
    <display name="Symbol 1571" type="image">
     <transform x="0" pX="350" pY="250" skX="0" skY="0" scX="1" y="0" scY="1"/>
    </display>
    <display name="Symbol 1600" type="image">
     <transform x="0" pX="350" pY="250" skX="0" skY="0" scX="1" y="0" scY="1"/>
    </display>
   </slot>
   <slot name="first" z="1" parent="first">
    <display name="Symbol 6281" type="armature">
     <transform scY="1" skY="0" x="0" scX="1" skX="0" y="0"/>
    </display>
   </slot>
  </skin>
  <bone name="shadow">
   <transform y="550" skY="0" x="750" scX="1.14" skX="0" scY="1.2"/>
  </bone>
  <bone name="first">
   <transform y="691.5" skY="0" x="750" scX="0.18" skX="0" scY="0.18"/>
  </bone>
  <animation name="WinMenuFinish_mc" scale="1" loop="1" fadeInTime="0.3" autoTween="NaN" duration="22" tweenEasing="NaN">
   <timeline name="shadow" scale="1" pX="0" pY="0" offset="0">
    <frame z="0" duration="1">
     <transform x="0" pX="0" pY="0" skX="0" skY="0" scX="1" y="0" scY="1"/>
     <colorTransform bM="100" gO="0" bO="0" aM="0" rM="100" aO="0" gM="100" rO="0"/>
    </frame>
    <frame z="0" duration="1">
     <transform x="0" pX="0" pY="0" skX="0" skY="0" scX="1" y="0" scY="1"/>
     <colorTransform bM="100" gO="0" bO="0" aM="20" rM="100" aO="0" gM="100" rO="0"/>
    </frame>
    <frame z="0" duration="1">
     <transform x="0" pX="0" pY="0" skX="0" skY="0" scX="1" y="0" scY="1"/>
     <colorTransform bM="100" gO="0" bO="0" aM="40" rM="100" aO="0" gM="100" rO="0"/>
    </frame>
    <frame z="0" duration="1">
     <transform x="0" pX="0" pY="0" skX="0" skY="0" scX="1" y="0" scY="1"/>
     <colorTransform bM="100" gO="0" bO="0" aM="60" rM="100" aO="0" gM="100" rO="0"/>
    </frame>
    <frame z="0" duration="1">
     <transform x="0" pX="0" pY="0" skX="0" skY="0" scX="1" y="0" scY="1"/>
     <colorTransform bM="100" gO="0" bO="0" aM="80" rM="100" aO="0" gM="100" rO="0"/>
    </frame>
    <frame z="0" duration="5">
     <transform x="0" pX="0" pY="0" skX="0" skY="0" scX="1" y="0" scY="1"/>
    </frame>
    <frame z="0" duration="5">
     <transform x="0" pX="0" pY="0" skX="0" skY="0" scX="1" y="0" scY="1"/>
    </frame>
    <frame displayIndex="1" z="0" duration="6">
     <transform x="0" pX="0" pY="0" skX="0" skY="0" scX="1" y="0" scY="1"/>
    </frame>
    <frame displayIndex="1" z="0" duration="1">
     <transform x="0" pX="0" pY="0" skX="0" skY="0" scX="1" y="0" scY="1"/>
    </frame>
   </timeline>
   <timeline name="first" scale="1" pX="0" pY="0" offset="0">
    <frame z="0" duration="1">
     <transform x="0" pX="0" pY="0" skX="0" skY="0" scX="1" y="0" scY="1"/>
     <colorTransform bM="100" gO="0" bO="0" aM="5" rM="100" aO="0" gM="100" rO="0"/>
    </frame>
    <frame z="0" duration="1">
     <transform x="0.10000000000002274" pX="0" pY="0" skX="0" skY="0" scX="2.5" y="-44.60000000000002" scY="2.5"/>
     <colorTransform bM="100" gO="0" bO="0" aM="33" rM="100" aO="0" gM="100" rO="0"/>
    </frame>
    <frame z="0" duration="1">
     <transform x="0.14999999999997726" pX="0" pY="0" skX="0" skY="0" scX="4.055555555555555" y="-89.20000000000005" scY="4.055555555555555"/>
     <colorTransform bM="100" gO="0" bO="0" aM="61" rM="100" aO="0" gM="100" rO="0"/>
    </frame>
    <frame z="0" duration="1">
     <transform x="0.25" pX="0" pY="0" skX="0" skY="0" scX="5.555555555555555" y="-133.85000000000002" scY="5.555555555555555"/>
     <colorTransform bM="100" gO="0" bO="0" aM="90" rM="100" aO="0" gM="100" rO="0"/>
    </frame>
    <frame z="0" duration="1">
     <transform x="0.25" pX="0" pY="0" skX="0" skY="0" scX="5.944444444444445" y="-147.39999999999998" scY="5.944444444444445"/>
     <colorTransform bM="100" gO="0" bO="0" aM="95" rM="100" aO="0" gM="100" rO="0"/>
    </frame>
    <frame z="0" duration="1">
     <transform x="0.25" pX="0" pY="0" skX="0" skY="0" scX="6.333333333333333" y="-160.95000000000005" scY="6.333333333333333"/>
    </frame>
    <frame z="0" duration="1">
     <transform x="0.14999999999997726" pX="0" pY="0" skX="0" skY="0" scX="5.944444444444445" y="-147.20000000000005" scY="5.944444444444445"/>
    </frame>
    <frame z="0" duration="14">
     <transform x="0" pX="0" pY="0" skX="0" skY="0" scX="5.555555555555555" y="-133.5" scY="5.555555555555555"/>
    </frame>
    <frame z="0" duration="1">
     <transform x="0" pX="0" pY="0" skX="0" skY="0" scX="5.555555555555555" y="-133.5" scY="5.555555555555555"/>
    </frame>
   </timeline>
   <frame duration="21"/>
   <frame duration="1"/>
  </animation>
 </armature>
 <armature name="Symbol 6281">
  <skin name="default">
   <slot name="Layer 7" z="0" parent="Layer 7">
    <display name="Symbol 6229" type="image">
     <transform x="0" pX="228" pY="279.1" skX="0" skY="0" scX="1" y="0" scY="1"/>
    </display>
   </slot>
   <slot name="Layer 6" z="1" parent="Layer 6">
    <display name="Symbol 6280" type="image">
     <transform x="0" pX="-99.6" pY="259.2" skX="0" skY="0" scX="1" y="0" scY="1"/>
    </display>
   </slot>
   <slot name="Layer 5" z="2" parent="Layer 5">
    <display name="Symbol 6231" type="image">
     <transform x="0" pX="53" pY="135" skX="0" skY="0" scX="1" y="0" scY="1"/>
    </display>
   </slot>
   <slot name="Layer 4" z="3" parent="Layer 4">
    <display name="Symbol 6231" type="image">
     <transform x="0" pX="53" pY="135" skX="0" skY="0" scX="1" y="0" scY="1"/>
    </display>
   </slot>
   <slot name="scroll" z="4" parent="scroll">
    <display name="scroll" type="armature">
     <transform x="0" pX="0" pY="0" skX="0" skY="0" scX="1" y="0" scY="1"/>
    </display>
   </slot>
   <slot name="stars" z="5" parent="stars">
    <display name="Symbol 6254" type="armature">
     <transform scY="1" skY="0" x="0" scX="1" skX="0" y="0"/>
    </display>
   </slot>
   <slot name="sponsor" z="6" parent="sponsor">
    <display name="Symbol 6279" type="armature">
     <transform scY="1" skY="0" x="0" scX="1" skX="0" y="0"/>
    </display>
   </slot>
  </skin>
  <bone name="Layer 4">
   <transform y="-100.85" skY="0" x="-143.65" scX="-1.1" skX="-5.99" scY="1.18"/>
  </bone>
  <bone name="Layer 6">
   <transform y="0" skY="0" x="0" scX="1" skX="0" scY="1"/>
  </bone>
  <bone name="Layer 5">
   <transform y="-100.85" skY="0" x="141" scX="1.1" skX="5.99" scY="1.18"/>
  </bone>
  <bone name="Layer 7">
   <transform y="0" skY="0" x="0" scX="1" skX="0" scY="1"/>
  </bone>
  <bone name="scroll">
   <transform y="28" skY="0" x="0" scX="1" skX="0" scY="1"/>
  </bone>
  <bone name="stars">
   <transform y="-81" skY="0" x="1" scX="1.1" skX="0" scY="1.1"/>
  </bone>
  <bone name="sponsor">
   <transform y="-306.8" skY="0" x="-400.05" scX="1" skX="0" scY="1"/>
  </bone>
  <animation name="first" scale="1" loop="1" duration="21" autoTween="NaN" fadeInTime="0.3" tweenEasing="NaN">
   <timeline name="Layer 7" scale="1" pX="0" pY="0" offset="0">
    <frame z="0" duration="21">
     <transform x="0" pX="0" pY="0" skX="0" skY="0" scX="1" y="0" scY="1"/>
    </frame>
   </timeline>
   <timeline name="Layer 6" scale="1" pX="0" pY="0" offset="0">
    <frame displayIndex="-1" duration="11"/>
    <frame z="0" duration="10">
     <transform x="0" pX="0" pY="0" skX="0" skY="0" scX="1" y="0" scY="1"/>
    </frame>
   </timeline>
   <timeline name="Layer 5" scale="1" pX="0" pY="0" offset="0">
    <frame z="0" duration="5">
     <transform x="0" pX="0" pY="0" skX="0" skY="0" scX="1" y="0" scY="1"/>
    </frame>
    <frame z="0" duration="1">
     <transform x="16.650000000000006" pX="0" pY="0" skX="-5.99" skY="0" scX="1" y="-9.600000000000009" scY="0.9322033898305085"/>
    </frame>
    <frame z="0" duration="1">
     <transform x="24" pX="0" pY="0" skX="-8.98" skY="0" scX="1" y="-16.700000000000003" scY="0.8898305084745763"/>
    </frame>
    <frame z="0" duration="2">
     <transform x="36.25" pX="0" pY="0" skX="-16.73" skY="0" scX="1.0727272727272725" y="-19.85000000000001" scY="0.8474576271186441"/>
    </frame>
    <frame z="0" duration="1">
     <transform x="28.25" pX="0" pY="0" skX="-11.48" skY="0" scX="1.0363636363636362" y="-16.85000000000001" scY="0.864406779661017"/>
    </frame>
    <frame z="0" duration="1">
     <transform x="21.44999999999999" pX="0" pY="0" skX="-8.65" skY="0" scX="1.0363636363636362" y="-15.450000000000003" scY="0.8728813559322035"/>
    </frame>
    <frame z="0" duration="10">
     <transform x="17" pX="0" pY="0" skX="-5.99" skY="0" scX="1" y="-10.150000000000006" scY="0.9322033898305085"/>
    </frame>
   </timeline>
   <timeline name="Layer 4" scale="1" pX="0" pY="0" offset="0">
    <frame z="0" duration="5">
     <transform x="0" pX="0" pY="0" skX="0" skY="0" scX="1" y="0" scY="1"/>
    </frame>
    <frame z="0" duration="1">
     <transform x="-14.400000000000006" pX="0" pY="0" skX="5.99" skY="0" scX="1" y="-9.600000000000009" scY="0.9322033898305085"/>
    </frame>
    <frame z="0" duration="1">
     <transform x="-18.5" pX="0" pY="0" skX="8.98" skY="0" scX="1" y="-16.700000000000003" scY="0.8898305084745763"/>
    </frame>
    <frame z="0" duration="2">
     <transform x="-32.5" pX="0" pY="0" skX="16.73" skY="0" scX="1.0727272727272725" y="-19.85000000000001" scY="0.8474576271186441"/>
    </frame>
    <frame z="0" duration="1">
     <transform x="-24.049999999999983" pX="0" pY="0" skX="11.48" skY="0" scX="1.0363636363636362" y="-17.400000000000006" scY="0.864406779661017"/>
    </frame>
    <frame z="0" duration="1">
     <transform x="-19.799999999999983" pX="0" pY="0" skX="8.65" skY="0" scX="1.0363636363636362" y="-15.450000000000003" scY="0.8728813559322035"/>
    </frame>
    <frame z="0" duration="10">
     <transform x="-15.349999999999994" pX="0" pY="0" skX="5.99" skY="0" scX="1" y="-10.150000000000006" scY="0.9322033898305085"/>
    </frame>
   </timeline>
   <timeline name="scroll" scale="1" pX="0" pY="0" offset="0">
    <frame z="0" duration="21">
     <transform x="0" pX="0" pY="0" skX="0" skY="0" scX="1" y="0" scY="1"/>
    </frame>
   </timeline>
   <timeline name="stars" scale="1" pX="0" pY="0" offset="0">
    <frame z="0" duration="21">
     <transform x="0" pX="0" pY="0" skX="0" skY="0" scX="1" y="0" scY="1"/>
    </frame>
   </timeline>
   <timeline name="sponsor" scale="1" pX="0" pY="0" offset="0">
    <frame z="0" duration="21">
     <transform x="0" pX="0" pY="0" skX="0" skY="0" scX="1" y="0" scY="1"/>
    </frame>
   </timeline>
  </animation>
 </armature>
 <armature name="Symbol 6254">
  <skin name="default">
   <slot name="star1" z="0" parent="star1">
    <display name="Symbol 325" type="image">
     <transform x="0" pX="19" pY="18.1" skX="0" skY="0" scX="1" y="0" scY="1"/>
    </display>
   </slot>
   <slot name="star2" z="1" parent="star2">
    <display name="Symbol 325" type="image">
     <transform x="0" pX="19" pY="18.1" skX="0" skY="0" scX="1" y="0" scY="1"/>
    </display>
   </slot>
   <slot name="star3" z="2" parent="star3">
    <display name="Symbol 325" type="image">
     <transform x="0" pX="19" pY="18.1" skX="0" skY="0" scX="1" y="0" scY="1"/>
    </display>
   </slot>
  </skin>
  <bone name="star1">
   <transform y="-92.6" skY="0" x="-121.95" scX="4.47" skX="0" scY="4.47"/>
  </bone>
  <bone name="star2">
   <transform y="-92.6" skY="0" x="120.65" scX="4.47" skX="0" scY="4.47"/>
  </bone>
  <bone name="star3">
   <transform y="-190" skY="0" x="0" scX="4.77" skX="0" scY="4.77"/>
  </bone>
  <animation name="stars" scale="1" loop="1" duration="37" autoTween="NaN" fadeInTime="0.3" tweenEasing="NaN">
   <timeline name="star1" scale="1" pX="0" pY="0" offset="0">
    <frame displayIndex="-1" duration="8"/>
    <frame z="0" duration="1">
     <transform x="0" pX="0" pY="0" skX="0" skY="0" scX="1" y="0" scY="1"/>
     <colorTransform bM="100" gO="0" bO="0" aM="0" rM="100" aO="0" gM="100" rO="0"/>
    </frame>
    <frame z="0" duration="1">
     <transform x="25.950000000000003" pX="0" pY="0" skX="0" skY="0" scX="0.7449664429530202" y="29.599999999999994" scY="0.7449664429530202"/>
     <colorTransform bM="100" gO="0" bO="0" aM="33" rM="100" aO="0" gM="100" rO="0"/>
    </frame>
    <frame z="0" duration="1">
     <transform x="52" pX="0" pY="0" skX="0" skY="0" scX="0.4899328859060403" y="59.3" scY="0.4899328859060403"/>
     <colorTransform bM="100" gO="0" bO="0" aM="66" rM="100" aO="0" gM="100" rO="0"/>
    </frame>
    <frame z="0" duration="1">
     <transform x="78" pX="0" pY="0" skX="0" skY="0" scX="0.23489932885906042" y="88.94999999999999" scY="0.23489932885906042"/>
    </frame>
    <frame z="0" duration="1">
     <transform x="77.95" pX="0" pY="0" skX="0" skY="0" scX="0.23489932885906042" y="88.8" scY="0.19686800894854586"/>
    </frame>
    <frame z="0" duration="24">
     <transform x="77.95" pX="0" pY="0" skX="0" skY="0" scX="0.23489932885906042" y="88.6" scY="0.23489932885906042"/>
    </frame>
   </timeline>
   <timeline name="star2" scale="1" pX="0" pY="0" offset="0">
    <frame displayIndex="-1" duration="17"/>
    <frame z="0" duration="1">
     <transform x="0" pX="0" pY="0" skX="0" skY="0" scX="1" y="0" scY="1"/>
     <colorTransform bM="100" gO="0" bO="0" aM="0" rM="100" aO="0" gM="100" rO="0"/>
    </frame>
    <frame z="0" duration="1">
     <transform x="-26.10000000000001" pX="0" pY="0" skX="0" skY="0" scX="0.7449664429530202" y="29.599999999999994" scY="0.7449664429530202"/>
     <colorTransform bM="100" gO="0" bO="0" aM="33" rM="100" aO="0" gM="100" rO="0"/>
    </frame>
    <frame z="0" duration="1">
     <transform x="-52.05000000000001" pX="0" pY="0" skX="0" skY="0" scX="0.4899328859060403" y="59.3" scY="0.4899328859060403"/>
     <colorTransform bM="100" gO="0" bO="0" aM="66" rM="100" aO="0" gM="100" rO="0"/>
    </frame>
    <frame z="0" duration="1">
     <transform x="-78.05000000000001" pX="0" pY="0" skX="0" skY="0" scX="0.23489932885906042" y="88.94999999999999" scY="0.23489932885906042"/>
    </frame>
    <frame z="0" duration="1">
     <transform x="-77.85000000000001" pX="0" pY="0" skX="0" skY="0" scX="0.23489932885906042" y="88.8" scY="0.19686800894854586"/>
    </frame>
    <frame z="0" duration="15">
     <transform x="-77.65" pX="0" pY="0" skX="0" skY="0" scX="0.23489932885906042" y="88.6" scY="0.23489932885906042"/>
    </frame>
   </timeline>
   <timeline name="star3" scale="1" pX="0" pY="0" offset="0">
    <frame displayIndex="-1" duration="29"/>
    <frame z="0" duration="1">
     <transform x="0" pX="0" pY="0" skX="0" skY="0" scX="1" y="0" scY="1"/>
     <colorTransform bM="100" gO="0" bO="0" aM="0" rM="100" aO="0" gM="100" rO="0"/>
    </frame>
    <frame z="0" duration="1">
     <transform x="0" pX="0" pY="0" skX="0" skY="0" scX="0.7631027253668764" y="63.3" scY="0.7631027253668764"/>
     <colorTransform bM="100" gO="0" bO="0" aM="33" rM="100" aO="0" gM="100" rO="0"/>
    </frame>
    <frame z="0" duration="1">
     <transform x="0" pX="0" pY="0" skX="0" skY="0" scX="0.5241090146750524" y="126.6" scY="0.5241090146750524"/>
     <colorTransform bM="100" gO="0" bO="0" aM="66" rM="100" aO="0" gM="100" rO="0"/>
    </frame>
    <frame z="0" duration="1">
     <transform x="0" pX="0" pY="0" skX="0" skY="0" scX="0.2872117400419288" y="190" scY="0.2872117400419288"/>
    </frame>
    <frame z="0" duration="1">
     <transform x="0" pX="0" pY="0" skX="0" skY="0" scX="0.26834381551362685" y="189.95" scY="0.2557651991614256"/>
    </frame>
    <frame z="0" duration="1">
     <transform x="0" pX="0" pY="0" skX="0" skY="0" scX="0.24947589098532497" y="190" scY="0.22431865828092246"/>
    </frame>
    <frame z="0" duration="1">
     <transform x="0" pX="0" pY="0" skX="0" skY="0" scX="0.2872117400419288" y="190" scY="0.2872117400419288"/>
    </frame>
    <frame z="0" duration="1">
     <transform x="0" pX="0" pY="0" skX="0" skY="0" scX="0.2872117400419288" y="190" scY="0.2872117400419288"/>
    </frame>
   </timeline>
  </animation>
 </armature>
 <armature name="Symbol 6279">
  <skin name="default">
   <slot name="Layer 5" z="0" parent="Layer 5">
    <display name="位图 1" type="image">
     <transform x="-242.5" pX="0" pY="0" skX="0" skY="0" scX="1" y="-31.5" scY="1"/>
    </display>
    <display name="__dbTextures/Symbol 6279/Layer 5_2" type="image">
     <transform x="-157" pX="0" pY="0" skX="0" skY="0" scX="1" y="-25" scY="1"/>
    </display>
    <display name="__dbTextures/Symbol 6279/Layer 5_3" type="image">
     <transform x="-205.5" pX="0" pY="0" skX="0" skY="0" scX="1" y="-33" scY="1"/>
    </display>
    <display name="__dbTextures/Symbol 6279/Layer 5_4" type="image">
     <transform x="-255" pX="0" pY="0" skX="0" skY="0" scX="1" y="-40.5" scY="1"/>
    </display>
    <display name="__dbTextures/Symbol 6279/Layer 5_5" type="image">
     <transform x="-304" pX="0" pY="0" skX="0" skY="0" scX="1" y="-48.5" scY="1"/>
    </display>
    <display name="__dbTextures/Symbol 6279/Layer 5_6" type="image">
     <transform x="-352.5" pX="0" pY="0" skX="0" skY="0" scX="1" y="-56.5" scY="1"/>
    </display>
    <display name="__dbTextures/Symbol 6279/Layer 5_7" type="image">
     <transform x="-339" pX="0" pY="0" skX="0" skY="0" scX="1" y="-52" scY="1"/>
    </display>
    <display name="__dbTextures/Symbol 6279/Layer 5_8" type="image">
     <transform x="-324" pX="0" pY="0" skX="0" skY="0" scX="1" y="-47" scY="1"/>
    </display>
    <display name="__dbTextures/Symbol 6279/Layer 5_9" type="image">
     <transform x="-311.5" pX="0" pY="0" skX="0" skY="0" scX="1" y="-43.5" scY="1"/>
    </display>
   </slot>
   <slot name="Layer 4" z="1" parent="Layer 4">
    <display name="__dbTextures/Symbol 6279/Layer 4_11" type="image">
     <transform x="-108" pX="0" pY="0" skX="0" skY="0" scX="1" y="-18.5" scY="1"/>
    </display>
    <display name="__dbTextures/Symbol 6279/Layer 4_12" type="image">
     <transform x="-153.5" pX="0" pY="0" skX="0" skY="0" scX="1" y="-24" scY="1"/>
    </display>
    <display name="__dbTextures/Symbol 6279/Layer 4_13" type="image">
     <transform x="-199" pX="0" pY="0" skX="0" skY="0" scX="1" y="-30.5" scY="1"/>
    </display>
    <display name="__dbTextures/Symbol 6279/Layer 4_14" type="image">
     <transform x="-245.5" pX="0" pY="0" skX="0" skY="0" scX="1" y="-37" scY="1"/>
    </display>
    <display name="__dbTextures/Symbol 6279/Layer 4_15" type="image">
     <transform x="-292" pX="0" pY="0" skX="0" skY="0" scX="1" y="-43" scY="1"/>
    </display>
    <display name="__dbTextures/Symbol 6279/Layer 4_16" type="image">
     <transform x="-338.5" pX="0" pY="0" skX="0" skY="0" scX="1" y="-49.5" scY="1"/>
    </display>
    <display name="__dbTextures/Symbol 6279/Layer 4_17" type="image">
     <transform x="-325" pX="0" pY="0" skX="0" skY="0" scX="1" y="-45" scY="1"/>
    </display>
    <display name="__dbTextures/Symbol 6279/Layer 4_18" type="image">
     <transform x="-311" pX="0" pY="0" skX="0" skY="0" scX="1" y="-40" scY="1"/>
    </display>
    <display name="__dbTextures/Symbol 6279/Layer 4_19" type="image">
     <transform x="-299" pX="0" pY="0" skX="0" skY="0" scX="1" y="-37" scY="1"/>
    </display>
   </slot>
   <slot name="link1" z="2" parent="link1">
    <display name="Symbol 6270" type="armature">
     <transform scY="1" skY="0" x="0" scX="1" skX="0" y="0"/>
    </display>
   </slot>
   <slot name="link2" z="3" parent="link2">
    <display name="Symbol 6274" type="armature">
     <transform scY="1" skY="0" x="0" scX="1" skX="0" y="0"/>
    </display>
   </slot>
   <slot name="link3" z="4" parent="link3">
    <display name="Symbol 6278" type="armature">
     <transform scY="1" skY="0" x="0" scX="1" skX="0" y="0"/>
    </display>
   </slot>
  </skin>
  <bone name="link1">
   <transform y="622.1" skY="0" x="206.05" scX="0.76" skX="0" scY="0.76"/>
  </bone>
  <bone name="Layer 4">
   <transform y="459.9" skY="0" x="484.6" scX="1" skX="0" scY="1"/>
  </bone>
  <bone name="Layer 5">
   <transform y="19.55" skY="0" x="473.45" scX="0.43" skX="0" scY="0.43"/>
  </bone>
  <bone name="link2">
   <transform y="621.1" skY="0" x="399.1" scX="0.76" skX="0" scY="0.76"/>
  </bone>
  <bone name="link3">
   <transform y="622.1" skY="0" x="590.15" scX="0.76" skX="0" scY="0.76"/>
  </bone>
  <animation name="sponsor" scale="1" loop="1" duration="36" autoTween="NaN" fadeInTime="0.3" tweenEasing="NaN">
   <timeline name="Layer 5" scale="1" pX="0" pY="0" offset="0">
    <frame displayIndex="-1" duration="1"/>
    <frame z="0" duration="1">
     <transform x="0" pX="0" pY="0" skX="0" skY="0" scX="1" y="0" scY="1"/>
    </frame>
    <frame z="0" displayIndex="1" duration="1" tweenEasing="NaN">
     <transform x="44.349999999999966" pX="0" pY="0" skX="0" skY="0" scX="2.3255813953488373" y="11.2" scY="2.3255813953488373"/>
    </frame>
    <frame z="0" displayIndex="2" duration="1" tweenEasing="NaN">
     <transform x="80.19999999999999" pX="0" pY="0" skX="0" skY="0" scX="2.3255813953488373" y="12" scY="2.3255813953488373"/>
    </frame>
    <frame z="0" displayIndex="3" duration="1" tweenEasing="NaN">
     <transform x="117.15000000000003" pX="0" pY="0" skX="0" skY="0" scX="2.3255813953488373" y="14.400000000000002" scY="2.3255813953488373"/>
    </frame>
    <frame z="0" displayIndex="4" duration="1" tweenEasing="NaN">
     <transform x="153.50000000000006" pX="0" pY="0" skX="0" skY="0" scX="2.3255813953488373" y="17.249999999999996" scY="2.3255813953488373"/>
    </frame>
    <frame z="0" displayIndex="5" duration="1" tweenEasing="NaN">
     <transform x="189.34999999999997" pX="0" pY="0" skX="0" skY="0" scX="2.3255813953488373" y="17.099999999999998" scY="2.3255813953488373"/>
    </frame>
    <frame z="0" displayIndex="6" duration="1" tweenEasing="NaN">
     <transform x="180.34999999999997" pX="0" pY="0" skX="0" skY="0" scX="2.3255813953488373" y="18.8" scY="2.3255813953488373"/>
    </frame>
    <frame z="0" displayIndex="7" duration="1" tweenEasing="NaN">
     <transform x="172.8" pX="0" pY="0" skX="0" skY="0" scX="2.3255813953488373" y="18.999999999999996" scY="2.3255813953488373"/>
    </frame>
    <frame z="0" displayIndex="8" duration="27" tweenEasing="NaN">
     <transform x="164.7" pX="0" pY="0" skX="0" skY="0" scX="2.3255813953488373" y="18.650000000000002" scY="2.3255813953488373"/>
    </frame>
   </timeline>
   <timeline name="Layer 4" scale="1" pX="0" pY="0" offset="0">
    <frame displayIndex="-1" duration="11"/>
    <frame z="0" duration="1" tweenEasing="NaN">
     <transform x="0" pX="0" pY="0" skX="0" skY="0" scX="1" y="0" scY="1"/>
    </frame>
    <frame z="0" displayIndex="1" duration="1" tweenEasing="NaN">
     <transform x="35.75" pX="0" pY="0" skX="0" skY="0" scX="1" y="0" scY="1"/>
    </frame>
    <frame z="0" displayIndex="2" duration="1" tweenEasing="NaN">
     <transform x="70.54999999999995" pX="0" pY="0" skX="0" skY="0" scX="1" y="0" scY="1"/>
    </frame>
    <frame z="0" displayIndex="3" duration="1" tweenEasing="NaN">
     <transform x="106.35000000000002" pX="0" pY="0" skX="0" skY="0" scX="1" y="0.05000000000001137" scY="1"/>
    </frame>
    <frame z="0" displayIndex="4" duration="1" tweenEasing="NaN">
     <transform x="142.04999999999995" pX="0" pY="0" skX="0" skY="0" scX="1" y="-0.44999999999998863" scY="1"/>
    </frame>
    <frame z="0" displayIndex="5" duration="1" tweenEasing="NaN">
     <transform x="177.79999999999995" pX="0" pY="0" skX="0" skY="0" scX="1" y="-0.44999999999998863" scY="1"/>
    </frame>
    <frame z="0" displayIndex="6" duration="1" tweenEasing="NaN">
     <transform x="169.35000000000002" pX="0" pY="0" skX="0" skY="0" scX="1" y="-0.8999999999999773" scY="1"/>
    </frame>
    <frame z="0" displayIndex="7" duration="1" tweenEasing="NaN">
     <transform x="161.35000000000002" pX="0" pY="0" skX="0" skY="0" scX="1" y="-0.8499999999999659" scY="1"/>
    </frame>
    <frame z="0" displayIndex="8" duration="17" tweenEasing="NaN">
     <transform x="153.35000000000002" pX="0" pY="0" skX="0" skY="0" scX="1" y="-0.7999999999999545" scY="1"/>
    </frame>
   </timeline>
   <timeline name="link1" scale="1" pX="0" pY="0" offset="0">
    <frame displayIndex="-1" duration="17"/>
    <frame z="0" duration="1">
     <transform x="0" pX="0" pY="0" skX="0" skY="0" scX="1" y="0" scY="1"/>
     <colorTransform bM="100" gO="0" bO="0" aM="0" rM="100" aO="0" gM="100" rO="0"/>
    </frame>
    <frame z="0" duration="1">
     <transform x="0" pX="0" pY="0" skX="0" skY="0" scX="1" y="-18" scY="1"/>
     <colorTransform bM="83" gO="43" bO="43" aM="17" rM="83" aO="0" gM="83" rO="43"/>
    </frame>
    <frame z="0" duration="1">
     <transform x="0" pX="0" pY="0" skX="0" skY="0" scX="1" y="-36" scY="1"/>
     <colorTransform bM="67" gO="85" bO="85" aM="33" rM="67" aO="0" gM="67" rO="85"/>
    </frame>
    <frame z="0" duration="1">
     <transform x="0" pX="0" pY="0" skX="0" skY="0" scX="1" y="-54" scY="1"/>
     <colorTransform bM="50" gO="128" bO="128" aM="50" rM="50" aO="0" gM="50" rO="128"/>
    </frame>
    <frame z="0" duration="1">
     <transform x="0" pX="0" pY="0" skX="0" skY="0" scX="1" y="-72" scY="1"/>
     <colorTransform bM="33" gO="170" bO="170" aM="67" rM="33" aO="0" gM="33" rO="170"/>
    </frame>
    <frame z="0" duration="1">
     <transform x="0" pX="0" pY="0" skX="0" skY="0" scX="1" y="-90" scY="1"/>
     <colorTransform bM="17" gO="212" bO="212" aM="83" rM="17" aO="0" gM="17" rO="212"/>
    </frame>
    <frame z="0" duration="1">
     <transform x="0" pX="0" pY="0" skX="0" skY="0" scX="1" y="-108" scY="1"/>
     <colorTransform bM="0" gO="255" bO="255" aM="100" rM="0" aO="0" gM="0" rO="255"/>
    </frame>
    <frame z="0" duration="1">
     <transform x="0" pX="0" pY="0" skX="0" skY="0" scX="1" y="-103.35000000000002" scY="1"/>
     <colorTransform bM="33" gO="170" bO="170" aM="100" rM="33" aO="0" gM="33" rO="170"/>
    </frame>
    <frame z="0" duration="1">
     <transform x="0" pX="0" pY="0" skX="0" skY="0" scX="1" y="-98.64999999999998" scY="1"/>
     <colorTransform bM="67" gO="85" bO="85" aM="100" rM="67" aO="0" gM="67" rO="85"/>
    </frame>
    <frame z="0" duration="10">
     <transform x="0" pX="0" pY="0" skX="0" skY="0" scX="1" y="-94" scY="1"/>
    </frame>
   </timeline>
   <timeline name="link2" scale="1" pX="0" pY="0" offset="0">
    <frame displayIndex="-1" duration="21"/>
    <frame z="0" duration="1">
     <transform x="0" pX="0" pY="0" skX="0" skY="0" scX="1" y="0" scY="1"/>
     <colorTransform bM="100" gO="0" bO="0" aM="0" rM="100" aO="0" gM="100" rO="0"/>
    </frame>
    <frame z="0" duration="1">
     <transform x="0" pX="0" pY="0" skX="0" skY="0" scX="1" y="-18" scY="1"/>
     <colorTransform bM="83" gO="43" bO="43" aM="17" rM="83" aO="0" gM="83" rO="43"/>
    </frame>
    <frame z="0" duration="1">
     <transform x="0" pX="0" pY="0" skX="0" skY="0" scX="1" y="-36" scY="1"/>
     <colorTransform bM="67" gO="85" bO="85" aM="33" rM="67" aO="0" gM="67" rO="85"/>
    </frame>
    <frame z="0" duration="1">
     <transform x="0" pX="0" pY="0" skX="0" skY="0" scX="1" y="-54" scY="1"/>
     <colorTransform bM="50" gO="128" bO="128" aM="50" rM="50" aO="0" gM="50" rO="128"/>
    </frame>
    <frame z="0" duration="1">
     <transform x="0" pX="0" pY="0" skX="0" skY="0" scX="1" y="-72" scY="1"/>
     <colorTransform bM="33" gO="170" bO="170" aM="67" rM="33" aO="0" gM="33" rO="170"/>
    </frame>
    <frame z="0" duration="1">
     <transform x="0" pX="0" pY="0" skX="0" skY="0" scX="1" y="-90" scY="1"/>
     <colorTransform bM="17" gO="212" bO="212" aM="83" rM="17" aO="0" gM="17" rO="212"/>
    </frame>
    <frame z="0" duration="1">
     <transform x="0" pX="0" pY="0" skX="0" skY="0" scX="1" y="-108" scY="1"/>
     <colorTransform bM="0" gO="255" bO="255" aM="100" rM="0" aO="0" gM="0" rO="255"/>
    </frame>
    <frame z="0" duration="1">
     <transform x="0" pX="0" pY="0" skX="0" skY="0" scX="1" y="-103.35000000000002" scY="1"/>
     <colorTransform bM="33" gO="170" bO="170" aM="100" rM="33" aO="0" gM="33" rO="170"/>
    </frame>
    <frame z="0" duration="1">
     <transform x="0" pX="0" pY="0" skX="0" skY="0" scX="1" y="-98.64999999999998" scY="1"/>
     <colorTransform bM="67" gO="85" bO="85" aM="100" rM="67" aO="0" gM="67" rO="85"/>
    </frame>
    <frame z="0" duration="6">
     <transform x="0" pX="0" pY="0" skX="0" skY="0" scX="1" y="-94" scY="1"/>
    </frame>
   </timeline>
   <timeline name="link3" scale="1" pX="0" pY="0" offset="0">
    <frame displayIndex="-1" duration="26"/>
    <frame z="0" duration="1">
     <transform x="0" pX="0" pY="0" skX="0" skY="0" scX="1" y="0" scY="1"/>
     <colorTransform bM="100" gO="0" bO="0" aM="0" rM="100" aO="0" gM="100" rO="0"/>
    </frame>
    <frame z="0" duration="1">
     <transform x="0" pX="0" pY="0" skX="0" skY="0" scX="1" y="-18" scY="1"/>
     <colorTransform bM="83" gO="43" bO="43" aM="17" rM="83" aO="0" gM="83" rO="43"/>
    </frame>
    <frame z="0" duration="1">
     <transform x="0" pX="0" pY="0" skX="0" skY="0" scX="1" y="-36" scY="1"/>
     <colorTransform bM="67" gO="85" bO="85" aM="33" rM="67" aO="0" gM="67" rO="85"/>
    </frame>
    <frame z="0" duration="1">
     <transform x="0" pX="0" pY="0" skX="0" skY="0" scX="1" y="-54" scY="1"/>
     <colorTransform bM="50" gO="128" bO="128" aM="50" rM="50" aO="0" gM="50" rO="128"/>
    </frame>
    <frame z="0" duration="1">
     <transform x="0" pX="0" pY="0" skX="0" skY="0" scX="1" y="-72" scY="1"/>
     <colorTransform bM="33" gO="170" bO="170" aM="67" rM="33" aO="0" gM="33" rO="170"/>
    </frame>
    <frame z="0" duration="1">
     <transform x="0" pX="0" pY="0" skX="0" skY="0" scX="1" y="-90" scY="1"/>
     <colorTransform bM="17" gO="212" bO="212" aM="83" rM="17" aO="0" gM="17" rO="212"/>
    </frame>
    <frame z="0" duration="1">
     <transform x="0" pX="0" pY="0" skX="0" skY="0" scX="1" y="-108" scY="1"/>
     <colorTransform bM="0" gO="255" bO="255" aM="100" rM="0" aO="0" gM="0" rO="255"/>
    </frame>
    <frame z="0" duration="1">
     <transform x="0" pX="0" pY="0" skX="0" skY="0" scX="1" y="-103.35000000000002" scY="1"/>
     <colorTransform bM="33" gO="170" bO="170" aM="100" rM="33" aO="0" gM="33" rO="170"/>
    </frame>
    <frame z="0" duration="1">
     <transform x="0" pX="0" pY="0" skX="0" skY="0" scX="1" y="-98.64999999999998" scY="1"/>
     <colorTransform bM="67" gO="85" bO="85" aM="100" rM="67" aO="0" gM="67" rO="85"/>
    </frame>
    <frame z="0" duration="1">
     <transform x="0" pX="0" pY="0" skX="0" skY="0" scX="1" y="-94" scY="1"/>
    </frame>
   </timeline>
  </animation>
 </armature>
 <armature name="Symbol 6270">
  <skin name="default">
   <slot name="Layer 4" z="0" parent="Layer 4">
    <display name="Symbol 6265" type="image">
     <transform x="0" pX="90" pY="67" skX="0" skY="0" scX="1" y="0" scY="1"/>
    </display>
   </slot>
   <slot name="Layer 3" z="1" parent="Layer 3">
    <display name="位图 20" type="image">
     <transform x="-101" pX="0" pY="0" skX="0" skY="0" scX="1" y="-30" scY="1"/>
    </display>
    <display name="位图 21" type="image">
     <transform x="-101" pX="0" pY="0" skX="0" skY="0" scX="1" y="-30" scY="1"/>
    </display>
    <display name="位图 22" type="image">
     <transform x="-101" pX="0" pY="0" skX="0" skY="0" scX="1" y="-30" scY="1"/>
    </display>
   </slot>
   <slot name="Layer 2" z="2" parent="Layer 2">
    <display name="Symbol 6269" type="image">
     <transform x="0" pX="93.5" pY="71.5" skX="0" skY="0" scX="1" y="0" scY="1"/>
    </display>
   </slot>
   <slot name="link1Case" z="3" parent="link1Case">
    <display name="Symbol 47" type="image">
     <transform x="0" pX="25" pY="25" skX="0" skY="0" scX="1" y="0" scY="1"/>
    </display>
   </slot>
  </skin>
  <bone name="Layer 2">
   <transform y="0" skY="0" x="0" scX="1" skX="0" scY="1"/>
  </bone>
  <bone name="Layer 3">
   <transform y="89" skY="0" x="2.6" scX="1" skX="0" scY="1"/>
  </bone>
  <bone name="Layer 4">
   <transform y="0" skY="0" x="0" scX="1" skX="0" scY="1"/>
  </bone>
  <bone name="link1Case">
   <transform y="13" skY="0" x="0" scX="3.6" skX="0" scY="3.2"/>
  </bone>
  <animation name="link1" scale="1" loop="1" fadeInTime="0.3" autoTween="NaN" duration="4" tweenEasing="NaN">
   <timeline name="Layer 4" scale="1" pX="0" pY="0" offset="0">
    <frame z="0" duration="3">
     <transform x="0" pX="0" pY="0" skX="0" skY="0" scX="1" y="0" scY="1"/>
    </frame>
    <frame z="0" duration="1">
     <transform x="0" pX="0" pY="0" skX="0" skY="0" scX="1" y="0" scY="1"/>
    </frame>
   </timeline>
   <timeline name="Layer 3" scale="1" pX="0" pY="0" offset="0">
    <frame z="0" duration="1">
     <transform x="0" pX="0" pY="0" skX="0" skY="0" scX="1" y="0" scY="1"/>
    </frame>
    <frame displayIndex="1" z="0" duration="1">
     <transform x="0" pX="0" pY="0" skX="0" skY="0" scX="1" y="0" scY="1"/>
    </frame>
    <frame displayIndex="2" z="0" duration="1">
     <transform x="0" pX="0" pY="0" skX="0" skY="0" scX="1" y="0" scY="1"/>
    </frame>
    <frame displayIndex="2" z="0" duration="1">
     <transform x="0" pX="0" pY="0" skX="0" skY="0" scX="1" y="0" scY="1"/>
    </frame>
   </timeline>
   <timeline name="Layer 2" scale="1" pX="0" pY="0" offset="0">
    <frame z="0" duration="3">
     <transform x="0" pX="0" pY="0" skX="0" skY="0" scX="1" y="0" scY="1"/>
    </frame>
    <frame z="0" duration="1">
     <transform x="0" pX="0" pY="0" skX="0" skY="0" scX="1" y="0" scY="1"/>
    </frame>
   </timeline>
   <timeline name="link1Case" scale="1" pX="0" pY="0" offset="0">
    <frame z="0" duration="3">
     <transform x="0" pX="0" pY="0" skX="0" skY="0" scX="1" y="0" scY="1"/>
    </frame>
    <frame z="0" duration="1">
     <transform x="0" pX="0" pY="0" skX="0" skY="0" scX="1" y="0" scY="1"/>
    </frame>
   </timeline>
   <frame duration="3"/>
   <frame duration="1"/>
  </animation>
 </armature>
 <armature name="Symbol 6274">
  <skin name="default">
   <slot name="Layer 4" z="0" parent="Layer 4">
    <display name="Symbol 6271" type="image">
     <transform x="0" pX="90" pY="67" skX="0" skY="0" scX="1" y="0" scY="1"/>
    </display>
   </slot>
   <slot name="Layer 3" z="1" parent="Layer 3">
    <display name="位图 25" type="image">
     <transform x="-101" pX="0" pY="0" skX="0" skY="0" scX="1" y="-30" scY="1"/>
    </display>
    <display name="位图 23" type="image">
     <transform x="-101" pX="0" pY="0" skX="0" skY="0" scX="1" y="-30" scY="1"/>
    </display>
    <display name="位图 24" type="image">
     <transform x="-101" pX="0" pY="0" skX="0" skY="0" scX="1" y="-30" scY="1"/>
    </display>
   </slot>
   <slot name="Layer 2" z="2" parent="Layer 2">
    <display name="Symbol 6273" type="image">
     <transform x="0" pX="93.5" pY="71.5" skX="0" skY="0" scX="1" y="0" scY="1"/>
    </display>
   </slot>
   <slot name="link2Case" z="3" parent="link2Case">
    <display name="Symbol 47" type="image">
     <transform x="0" pX="25" pY="25" skX="0" skY="0" scX="1" y="0" scY="1"/>
    </display>
   </slot>
  </skin>
  <bone name="Layer 2">
   <transform y="0" skY="0" x="0" scX="1" skX="0" scY="1"/>
  </bone>
  <bone name="Layer 3">
   <transform y="89" skY="0" x="-9.85" scX="1" skX="0" scY="1"/>
  </bone>
  <bone name="Layer 4">
   <transform y="0" skY="0" x="0" scX="1" skX="0" scY="1"/>
  </bone>
  <bone name="link2Case">
   <transform y="13" skY="0" x="0" scX="3.6" skX="0" scY="3.2"/>
  </bone>
  <animation name="link2" scale="1" loop="1" fadeInTime="0.3" autoTween="NaN" duration="4" tweenEasing="NaN">
   <timeline name="Layer 4" scale="1" pX="0" pY="0" offset="0">
    <frame z="0" duration="3">
     <transform x="0" pX="0" pY="0" skX="0" skY="0" scX="1" y="0" scY="1"/>
    </frame>
    <frame z="0" duration="1">
     <transform x="0" pX="0" pY="0" skX="0" skY="0" scX="1" y="0" scY="1"/>
    </frame>
   </timeline>
   <timeline name="Layer 3" scale="1" pX="0" pY="0" offset="0">
    <frame z="0" duration="1">
     <transform x="0" pX="0" pY="0" skX="0" skY="0" scX="1" y="0" scY="1"/>
    </frame>
    <frame displayIndex="1" z="0" duration="1">
     <transform x="0" pX="0" pY="0" skX="0" skY="0" scX="1" y="0" scY="1"/>
    </frame>
    <frame displayIndex="2" z="0" duration="1">
     <transform x="0" pX="0" pY="0" skX="0" skY="0" scX="1" y="0" scY="1"/>
    </frame>
    <frame displayIndex="2" z="0" duration="1">
     <transform x="0" pX="0" pY="0" skX="0" skY="0" scX="1" y="0" scY="1"/>
    </frame>
   </timeline>
   <timeline name="Layer 2" scale="1" pX="0" pY="0" offset="0">
    <frame z="0" duration="3">
     <transform x="0" pX="0" pY="0" skX="0" skY="0" scX="1" y="0" scY="1"/>
    </frame>
    <frame z="0" duration="1">
     <transform x="0" pX="0" pY="0" skX="0" skY="0" scX="1" y="0" scY="1"/>
    </frame>
   </timeline>
   <timeline name="link2Case" scale="1" pX="0" pY="0" offset="0">
    <frame z="0" duration="3">
     <transform x="0" pX="0" pY="0" skX="0" skY="0" scX="1" y="0" scY="1"/>
    </frame>
    <frame z="0" duration="1">
     <transform x="0" pX="0" pY="0" skX="0" skY="0" scX="1" y="0" scY="1"/>
    </frame>
   </timeline>
   <frame duration="3"/>
   <frame duration="1"/>
  </animation>
 </armature>
 <armature name="Symbol 6278">
  <skin name="default">
   <slot name="Layer 4" z="0" parent="Layer 4">
    <display name="Symbol 6275" type="image">
     <transform x="0" pX="90" pY="67" skX="0" skY="0" scX="1" y="0" scY="1"/>
    </display>
   </slot>
   <slot name="Layer 3" z="1" parent="Layer 3">
    <display name="位图 26" type="image">
     <transform x="-101" pX="0" pY="0" skX="0" skY="0" scX="1" y="-30" scY="1"/>
    </display>
    <display name="位图 27" type="image">
     <transform x="-101" pX="0" pY="0" skX="0" skY="0" scX="1" y="-30" scY="1"/>
    </display>
    <display name="位图 28" type="image">
     <transform x="-101" pX="0" pY="0" skX="0" skY="0" scX="1" y="-30" scY="1"/>
    </display>
   </slot>
   <slot name="Layer 2" z="2" parent="Layer 2">
    <display name="Symbol 6277" type="image">
     <transform x="0" pX="93.5" pY="71.5" skX="0" skY="0" scX="1" y="0" scY="1"/>
    </display>
   </slot>
   <slot name="link3Case" z="3" parent="link3Case">
    <display name="Symbol 47" type="image">
     <transform x="0" pX="25" pY="25" skX="0" skY="0" scX="1" y="0" scY="1"/>
    </display>
   </slot>
  </skin>
  <bone name="Layer 2">
   <transform y="0" skY="0" x="0" scX="1" skX="0" scY="1"/>
  </bone>
  <bone name="Layer 3">
   <transform y="89" skY="0" x="15.4" scX="1" skX="0" scY="1"/>
  </bone>
  <bone name="Layer 4">
   <transform y="0" skY="0" x="0" scX="1" skX="0" scY="1"/>
  </bone>
  <bone name="link3Case">
   <transform y="13" skY="0" x="0" scX="3.6" skX="0" scY="3.2"/>
  </bone>
  <animation name="link3" scale="1" loop="1" fadeInTime="0.3" autoTween="NaN" duration="4" tweenEasing="NaN">
   <timeline name="Layer 4" scale="1" pX="0" pY="0" offset="0">
    <frame z="0" duration="3">
     <transform x="0" pX="0" pY="0" skX="0" skY="0" scX="1" y="0" scY="1"/>
    </frame>
    <frame z="0" duration="1">
     <transform x="0" pX="0" pY="0" skX="0" skY="0" scX="1" y="0" scY="1"/>
    </frame>
   </timeline>
   <timeline name="Layer 3" scale="1" pX="0" pY="0" offset="0">
    <frame z="0" duration="1">
     <transform x="0" pX="0" pY="0" skX="0" skY="0" scX="1" y="0" scY="1"/>
    </frame>
    <frame displayIndex="1" z="0" duration="1">
     <transform x="0" pX="0" pY="0" skX="0" skY="0" scX="1" y="0" scY="1"/>
    </frame>
    <frame displayIndex="2" z="0" duration="1">
     <transform x="0" pX="0" pY="0" skX="0" skY="0" scX="1" y="0" scY="1"/>
    </frame>
    <frame displayIndex="2" z="0" duration="1">
     <transform x="0" pX="0" pY="0" skX="0" skY="0" scX="1" y="0" scY="1"/>
    </frame>
   </timeline>
   <timeline name="Layer 2" scale="1" pX="0" pY="0" offset="0">
    <frame z="0" duration="3">
     <transform x="0" pX="0" pY="0" skX="0" skY="0" scX="1" y="0" scY="1"/>
    </frame>
    <frame z="0" duration="1">
     <transform x="0" pX="0" pY="0" skX="0" skY="0" scX="1" y="0" scY="1"/>
    </frame>
   </timeline>
   <timeline name="link3Case" scale="1" pX="0" pY="0" offset="0">
    <frame z="0" duration="3">
     <transform x="0" pX="0" pY="0" skX="0" skY="0" scX="1" y="0" scY="1"/>
    </frame>
    <frame z="0" duration="1">
     <transform x="0" pX="0" pY="0" skX="0" skY="0" scX="1" y="0" scY="1"/>
    </frame>
   </timeline>
   <frame duration="3"/>
   <frame duration="1"/>
  </animation>
 </armature>
 <armature name="WinSurvMenu_mc">
  <skin name="default">
   <slot name="shadow" z="0" parent="shadow">
    <display name="Symbol 1571" type="image">
     <transform x="0" pX="350" pY="250" skX="0" skY="0" scX="1" y="0" scY="1"/>
    </display>
    <display name="Symbol 1600" type="image">
     <transform x="0" pX="350" pY="250" skX="0" skY="0" scX="1" y="0" scY="1"/>
    </display>
   </slot>
   <slot name="first" z="1" parent="first">
    <display name="Symbol 6290" type="armature">
     <transform scY="1" skY="0" x="0" scX="1" skX="0" y="0"/>
    </display>
   </slot>
  </skin>
  <bone name="shadow">
   <transform y="550" skY="0" x="750" scX="1.14" skX="0" scY="1.2"/>
  </bone>
  <bone name="first">
   <transform y="691.5" skY="0" x="750" scX="0.18" skX="0" scY="0.18"/>
  </bone>
  <animation name="WinSurvMenu_mc" scale="1" loop="1" fadeInTime="0.3" autoTween="NaN" duration="22" tweenEasing="NaN">
   <timeline name="shadow" scale="1" pX="0" pY="0" offset="0">
    <frame z="0" duration="1">
     <transform x="0" pX="0" pY="0" skX="0" skY="0" scX="1" y="0" scY="1"/>
     <colorTransform bM="100" gO="0" bO="0" aM="0" rM="100" aO="0" gM="100" rO="0"/>
    </frame>
    <frame z="0" duration="1">
     <transform x="0" pX="0" pY="0" skX="0" skY="0" scX="1" y="0" scY="1"/>
     <colorTransform bM="100" gO="0" bO="0" aM="20" rM="100" aO="0" gM="100" rO="0"/>
    </frame>
    <frame z="0" duration="1">
     <transform x="0" pX="0" pY="0" skX="0" skY="0" scX="1" y="0" scY="1"/>
     <colorTransform bM="100" gO="0" bO="0" aM="40" rM="100" aO="0" gM="100" rO="0"/>
    </frame>
    <frame z="0" duration="1">
     <transform x="0" pX="0" pY="0" skX="0" skY="0" scX="1" y="0" scY="1"/>
     <colorTransform bM="100" gO="0" bO="0" aM="60" rM="100" aO="0" gM="100" rO="0"/>
    </frame>
    <frame z="0" duration="1">
     <transform x="0" pX="0" pY="0" skX="0" skY="0" scX="1" y="0" scY="1"/>
     <colorTransform bM="100" gO="0" bO="0" aM="80" rM="100" aO="0" gM="100" rO="0"/>
    </frame>
    <frame z="0" duration="5">
     <transform x="0" pX="0" pY="0" skX="0" skY="0" scX="1" y="0" scY="1"/>
    </frame>
    <frame z="0" duration="5">
     <transform x="0" pX="0" pY="0" skX="0" skY="0" scX="1" y="0" scY="1"/>
    </frame>
    <frame displayIndex="1" z="0" duration="6">
     <transform x="0" pX="0" pY="0" skX="0" skY="0" scX="1" y="0" scY="1"/>
    </frame>
    <frame displayIndex="1" z="0" duration="1">
     <transform x="0" pX="0" pY="0" skX="0" skY="0" scX="1" y="0" scY="1"/>
    </frame>
   </timeline>
   <timeline name="first" scale="1" pX="0" pY="0" offset="0">
    <frame z="0" duration="1">
     <transform x="0" pX="0" pY="0" skX="0" skY="0" scX="1" y="0" scY="1"/>
     <colorTransform bM="100" gO="0" bO="0" aM="5" rM="100" aO="0" gM="100" rO="0"/>
    </frame>
    <frame z="0" duration="1">
     <transform x="0.10000000000002274" pX="0" pY="0" skX="0" skY="0" scX="2.5" y="-44.60000000000002" scY="2.5"/>
     <colorTransform bM="100" gO="0" bO="0" aM="33" rM="100" aO="0" gM="100" rO="0"/>
    </frame>
    <frame z="0" duration="1">
     <transform x="0.14999999999997726" pX="0" pY="0" skX="0" skY="0" scX="4.055555555555555" y="-89.20000000000005" scY="4.055555555555555"/>
     <colorTransform bM="100" gO="0" bO="0" aM="61" rM="100" aO="0" gM="100" rO="0"/>
    </frame>
    <frame z="0" duration="1">
     <transform x="0.25" pX="0" pY="0" skX="0" skY="0" scX="5.555555555555555" y="-133.85000000000002" scY="5.555555555555555"/>
     <colorTransform bM="100" gO="0" bO="0" aM="90" rM="100" aO="0" gM="100" rO="0"/>
    </frame>
    <frame z="0" duration="1">
     <transform x="0.25" pX="0" pY="0" skX="0" skY="0" scX="5.944444444444445" y="-147.39999999999998" scY="5.944444444444445"/>
     <colorTransform bM="100" gO="0" bO="0" aM="95" rM="100" aO="0" gM="100" rO="0"/>
    </frame>
    <frame z="0" duration="1">
     <transform x="0.25" pX="0" pY="0" skX="0" skY="0" scX="6.333333333333333" y="-160.95000000000005" scY="6.333333333333333"/>
    </frame>
    <frame z="0" duration="1">
     <transform x="0.14999999999997726" pX="0" pY="0" skX="0" skY="0" scX="5.944444444444445" y="-147.20000000000005" scY="5.944444444444445"/>
    </frame>
    <frame z="0" duration="14">
     <transform x="0" pX="0" pY="0" skX="0" skY="0" scX="5.555555555555555" y="-133.5" scY="5.555555555555555"/>
    </frame>
    <frame z="0" duration="1">
     <transform x="0" pX="0" pY="0" skX="0" skY="0" scX="5.555555555555555" y="-133.5" scY="5.555555555555555"/>
    </frame>
   </timeline>
   <frame duration="21"/>
   <frame duration="1"/>
  </animation>
 </armature>
 <armature name="Symbol 6290">
  <skin name="default">
   <slot name="Layer 5" z="0" parent="Layer 5">
    <display name="Symbol 6289" type="image">
     <transform x="0" pX="82.5" pY="126" skX="0" skY="0" scX="1" y="0" scY="1"/>
    </display>
   </slot>
   <slot name="Layer 4" z="1" parent="Layer 4">
    <display name="Symbol 6289" type="image">
     <transform x="0" pX="82.5" pY="126" skX="0" skY="0" scX="1" y="0" scY="1"/>
    </display>
   </slot>
   <slot name="Layer 3" z="2" parent="Layer 3">
    <display name="__dbTextures/Symbol 6290/Layer 3_0" type="image">
     <transform x="-142.5" pX="0" pY="0" skX="0" skY="0" scX="1" y="-209.5" scY="1"/>
    </display>
   </slot>
   <slot name="scroll" z="3" parent="scroll">
    <display name="scroll" type="armature">
     <transform scY="1" skY="0" x="0" scX="1" skX="0" y="0"/>
    </display>
   </slot>
   <slot name="stars" z="4" parent="stars">
    <display name="Symbol 6287" type="armature">
     <transform scY="1" skY="0" x="0" scX="1" skX="0" y="0"/>
    </display>
   </slot>
  </skin>
  <bone name="Layer 3">
   <transform y="-34.5" skY="0" x="1.5" scX="1" skX="0" scY="1"/>
  </bone>
  <bone name="Layer 4">
   <transform y="25.5" skY="-53.66" x="-39.05" scX="-0.72" skX="-53.66" scY="0.72"/>
  </bone>
  <bone name="Layer 5">
   <transform y="25.5" skY="60.17" x="39.05" scX="0.72" skX="60.17" scY="0.72"/>
  </bone>
  <bone name="scroll">
   <transform y="108" skY="0" x="0" scX="1" skX="0" scY="1"/>
  </bone>
  <bone name="stars">
   <transform y="-1" skY="0" x="1" scX="1.1" skX="0" scY="1.1"/>
  </bone>
  <animation name="first" scale="1" loop="1" duration="21" autoTween="NaN" fadeInTime="0.3" tweenEasing="NaN">
   <timeline name="Layer 5" scale="1" pX="0" pY="0" offset="0">
    <frame displayIndex="-1" duration="3"/>
    <frame z="0" duration="1">
     <transform x="0" pX="0" pY="0" skX="0" skY="0" scX="1" y="0" scY="1"/>
    </frame>
    <frame z="0" duration="1">
     <transform x="23.6" pX="0" pY="0" skX="-13.600000000000001" skY="-13.550000000000004" scX="1.0833333333333335" y="-16.35" scY="1.0833333333333335"/>
    </frame>
    <frame z="0" duration="1">
     <transform x="42.35000000000001" pX="0" pY="0" skX="-27.39" skY="-27.1" scX="1.1666666666666667" y="-35" scY="1.1805555555555556"/>
    </frame>
    <frame z="0" duration="1">
     <transform x="56.150000000000006" pX="0" pY="0" skX="-41.17" skY="-40.64" scX="1.25" y="-56.05" scY="1.277777777777778"/>
    </frame>
    <frame z="0" duration="1">
     <transform x="65" pX="0" pY="0" skX="-54.94" skY="-54.17" scX="1.3333333333333333" y="-79.4" scY="1.3611111111111112"/>
    </frame>
    <frame z="0" duration="1">
     <transform x="69.05" pX="0" pY="0" skX="-68.69" skY="-67.68" scX="1.4166666666666667" y="-105.3" scY="1.4583333333333335"/>
    </frame>
    <frame z="0" duration="1">
     <transform x="68.65" pX="0" pY="0" skX="-64.43" skY="-63.92" scX="1.402777777777778" y="-99.35" scY="1.4166666666666667"/>
    </frame>
    <frame z="0" duration="11">
     <transform x="68.45" pX="0" pY="0" skX="-60.17" skY="-60.17" scX="1.3888888888888888" y="-93.5" scY="1.3888888888888888"/>
    </frame>
   </timeline>
   <timeline name="Layer 4" scale="1" pX="0" pY="0" offset="0">
    <frame displayIndex="-1" duration="3"/>
    <frame z="0" duration="1">
     <transform x="0" pX="0" pY="0" skX="0" skY="0" scX="1" y="0" scY="1"/>
    </frame>
    <frame z="0" duration="1">
     <transform x="-23.6" pX="0" pY="0" skX="11.509999999999998" skY="11.559999999999995" scX="1.0833333333333335" y="-16.3" scY="1.0833333333333335"/>
    </frame>
    <frame z="0" duration="1">
     <transform x="-42.3" pX="0" pY="0" skX="22.869999999999997" skY="23.159999999999997" scX="1.1666666666666667" y="-35" scY="1.1805555555555556"/>
    </frame>
    <frame z="0" duration="1">
     <transform x="-56.150000000000006" pX="0" pY="0" skX="34.31999999999999" skY="34.849999999999994" scX="1.25" y="-56.05" scY="1.277777777777778"/>
    </frame>
    <frame z="0" duration="1">
     <transform x="-65" pX="0" pY="0" skX="45.61" skY="46.379999999999995" scX="1.3333333333333333" y="-79.45" scY="1.3611111111111112"/>
    </frame>
    <frame z="0" duration="1">
     <transform x="-68.95" pX="0" pY="0" skX="56.699999999999996" skY="57.709999999999994" scX="1.4166666666666667" y="-105.35" scY="1.4583333333333335"/>
    </frame>
    <frame z="0" duration="1">
     <transform x="-68.65" pX="0" pY="0" skX="55.18" skY="55.68" scX="1.402777777777778" y="-99.35" scY="1.4166666666666667"/>
    </frame>
    <frame z="0" duration="11">
     <transform x="-68.45" pX="0" pY="0" skX="53.66" skY="53.66" scX="1.3888888888888888" y="-93.5" scY="1.3888888888888888"/>
    </frame>
   </timeline>
   <timeline name="Layer 3" scale="1" pX="0" pY="0" offset="0">
    <frame z="0" duration="21" tweenEasing="NaN">
     <transform x="0" pX="0" pY="0" skX="0" skY="0" scX="1" y="0" scY="1"/>
    </frame>
   </timeline>
   <timeline name="scroll" scale="1" pX="0" pY="0" offset="0">
    <frame z="0" duration="21">
     <transform x="0" pX="0" pY="0" skX="0" skY="0" scX="1" y="0" scY="1"/>
    </frame>
   </timeline>
   <timeline name="stars" scale="1" pX="0" pY="0" offset="0">
    <frame z="0" duration="21">
     <transform x="0" pX="0" pY="0" skX="0" skY="0" scX="1" y="0" scY="1"/>
    </frame>
   </timeline>
  </animation>
 </armature>
 <armature name="scroll">
  <skin name="default">
   <slot name="Layer 7" z="0" parent="Layer 7">
    <display name="__dbTextures/scroll/Layer 7_0" type="image">
     <transform x="-119.35" pX="0" pY="0" skX="0" skY="0" scX="1" y="-3.95" scY="1"/>
    </display>
    <display name="__dbTextures/scroll/Layer 7_1" type="image">
     <transform x="-119.35" pX="0" pY="0" skX="0" skY="0" scX="1" y="-18.35" scY="1"/>
    </display>
    <display name="__dbTextures/scroll/Layer 7_2" type="image">
     <transform x="-119.35" pX="0" pY="0" skX="0" skY="0" scX="1" y="-32.75" scY="1"/>
    </display>
    <display name="__dbTextures/scroll/Layer 7_3" type="image">
     <transform x="-119.35" pX="0" pY="0" skX="0" skY="0" scX="1" y="-47.1" scY="1"/>
    </display>
    <display name="__dbTextures/scroll/Layer 7_4" type="image">
     <transform x="-119.35" pX="0" pY="0" skX="0" skY="0" scX="1" y="-61.5" scY="1"/>
    </display>
    <display name="__dbTextures/scroll/Layer 7_5" type="image">
     <transform x="-119.35" pX="0" pY="0" skX="0" skY="0" scX="1" y="-75.9" scY="1"/>
    </display>
    <display name="__dbTextures/scroll/Layer 7_9" type="image">
     <transform x="-119.35" pX="0" pY="0" skX="0" skY="0" scX="1" y="-75.9" scY="1"/>
    </display>
   </slot>
   <slot name="Layer 6" z="1" parent="Layer 6">
    <display name="Symbol 6236" type="image">
     <transform x="0" pX="200" pY="42" skX="0" skY="0" scX="1" y="0" scY="1"/>
    </display>
   </slot>
   <slot name="btnContinue" z="2" parent="btnContinue">
    <display name="Symbol 6249" type="armature">
     <transform scY="1" skY="0" x="0" scX="1" skX="0" y="0"/>
    </display>
   </slot>
   <slot name="btnRestart" z="3" parent="btnRestart">
    <display name="Symbol 6251" type="armature">
     <transform scY="1" skY="0" x="0" scX="1" skX="0" y="0"/>
    </display>
   </slot>
   <slot name="Layer 2" z="4" parent="Layer 2">
    <display name="Symbol 6236" type="image">
     <transform x="0" pX="200" pY="42" skX="0" skY="0" scX="1" y="0" scY="1"/>
    </display>
   </slot>
   <slot name="logo" z="5" parent="logo">
    <display name="Symbol 57" type="armature">
     <transform scY="1" skY="0" x="0" scX="1" skX="0" y="0"/>
    </display>
   </slot>
  </skin>
  <bone name="btnRestart">
   <transform y="24" skY="0" x="0" scX="0.77" skX="0" scY="0.77"/>
  </bone>
  <bone name="Layer 6">
   <transform y="-71" skY="0" x="0" scX="0.79" skX="0" scY="0.74"/>
  </bone>
  <bone name="btnContinue">
   <transform y="-21" skY="0" x="1" scX="0.77" skX="0" scY="0.77"/>
  </bone>
  <bone name="Layer 7">
   <transform y="-64.05" skY="0" x="0.35" scX="1" skX="0" scY="1"/>
  </bone>
  <bone name="Layer 2">
   <transform y="-31.6" skY="0" x="0" scX="0.79" skX="0" scY="0.74"/>
  </bone>
  <bone name="logo">
   <transform y="-174.1" skY="0" x="1.85" scX="0.38" skX="0" scY="0.38"/>
  </bone>
  <animation name="scroll" scale="1" loop="1" duration="10" autoTween="NaN" fadeInTime="0.3" tweenEasing="NaN">
   <timeline name="Layer 7" scale="1" pX="0" pY="0" offset="0">
    <frame z="0" duration="1" tweenEasing="NaN">
     <transform x="0" pX="0" pY="0" skX="0" skY="0" scX="1" y="0" scY="1"/>
    </frame>
    <frame z="0" displayIndex="1" duration="1" tweenEasing="NaN">
     <transform x="0" pX="0" pY="0" skX="0" skY="0" scX="1" y="14.399999999999999" scY="1"/>
    </frame>
    <frame z="0" displayIndex="2" duration="1" tweenEasing="NaN">
     <transform x="0" pX="0" pY="0" skX="0" skY="0" scX="1" y="28.799999999999997" scY="1"/>
    </frame>
    <frame z="0" displayIndex="3" duration="1" tweenEasing="NaN">
     <transform x="0" pX="0" pY="0" skX="0" skY="0" scX="1" y="43.15" scY="1"/>
    </frame>
    <frame z="0" displayIndex="4" duration="1" tweenEasing="NaN">
     <transform x="0" pX="0" pY="0" skX="0" skY="0" scX="1" y="57.55" scY="1"/>
    </frame>
    <frame z="0" displayIndex="5" duration="4" tweenEasing="NaN">
     <transform x="0" pX="0" pY="0" skX="0" skY="0" scX="1" y="71.95" scY="1"/>
    </frame>
    <frame z="0" displayIndex="6" duration="1" tweenEasing="NaN">
     <transform x="0" pX="0" pY="0" skX="0" skY="0" scX="1" y="71.95" scY="1"/>
    </frame>
   </timeline>
   <timeline name="Layer 6" scale="1" pX="0" pY="0" offset="0">
    <frame z="0" duration="10">
     <transform x="0" pX="0" pY="0" skX="0" skY="0" scX="1" y="0" scY="1"/>
    </frame>
   </timeline>
   <timeline name="btnContinue" scale="1" pX="0" pY="0" offset="0">
    <frame z="0" duration="10">
     <transform x="0" pX="0" pY="0" skX="0" skY="0" scX="1" y="0" scY="1"/>
    </frame>
   </timeline>
   <timeline name="btnRestart" scale="1" pX="0" pY="0" offset="0">
    <frame displayIndex="-1" duration="3"/>
    <frame z="0" duration="7">
     <transform x="0" pX="0" pY="0" skX="0" skY="0" scX="1" y="0" scY="1"/>
    </frame>
   </timeline>
   <timeline name="Layer 2" scale="1" pX="0" pY="0" offset="0">
    <frame z="0" duration="1">
     <transform x="0" pX="0" pY="0" skX="0" skY="0" scX="1" y="0" scY="1"/>
    </frame>
    <frame z="0" duration="1">
     <transform x="0" pX="0" pY="0" skX="0" skY="0" scX="1" y="19.8" scY="1"/>
    </frame>
    <frame z="0" duration="1">
     <transform x="0" pX="0" pY="0" skX="0" skY="0" scX="1" y="39.6" scY="1"/>
    </frame>
    <frame z="0" duration="1">
     <transform x="0" pX="0" pY="0" skX="0" skY="0" scX="1" y="59.400000000000006" scY="1"/>
    </frame>
    <frame z="0" duration="1">
     <transform x="0" pX="0" pY="0" skX="0" skY="0" scX="1" y="79.2" scY="1"/>
    </frame>
    <frame z="0" duration="1">
     <transform x="0" pX="0" pY="0" skX="0" skY="0" scX="1" y="99.05000000000001" scY="1"/>
    </frame>
    <frame z="0" duration="1">
     <transform x="0" pX="0" pY="0" skX="0" skY="0" scX="1" y="103.65" scY="1"/>
    </frame>
    <frame z="0" duration="1">
     <transform x="0" pX="0" pY="0" skX="0" skY="0" scX="1" y="108.30000000000001" scY="1"/>
    </frame>
    <frame z="0" duration="1">
     <transform x="0" pX="0" pY="0" skX="0" skY="0" scX="1" y="103.44999999999999" scY="1"/>
    </frame>
    <frame z="0" duration="1">
     <transform x="0" pX="0" pY="0" skX="0" skY="0" scX="1" y="98.6" scY="1"/>
    </frame>
   </timeline>
   <timeline name="logo" scale="1" pX="0" pY="0" offset="0">
    <frame z="0" duration="10">
     <transform x="0" pX="0" pY="0" skX="0" skY="0" scX="1" y="0" scY="1"/>
    </frame>
   </timeline>
  </animation>
 </armature>
 <armature name="Symbol 6287">
  <skin name="default">
   <slot name="Layer 1" z="0" parent="Layer 1">
    <display name="Symbol 325" type="image">
     <transform x="0" pX="19" pY="18.1" skX="0" skY="0" scX="1" y="0" scY="1"/>
    </display>
   </slot>
  </skin>
  <bone name="Layer 1">
   <transform y="-190" skY="0" x="0" scX="4.77" skX="0" scY="4.77"/>
  </bone>
  <animation name="unnamed" scale="1" loop="1" duration="17" autoTween="NaN" fadeInTime="0" tweenEasing="NaN">
   <timeline name="Layer 1" scale="1" pX="0" pY="0" offset="0">
    <frame displayIndex="-1" duration="8"/>
    <frame z="0" duration="1">
     <transform x="0" pX="0" pY="0" skX="0" skY="0" scX="1" y="0" scY="1"/>
     <colorTransform bM="100" gO="0" bO="0" aM="0" rM="100" aO="0" gM="100" rO="0"/>
    </frame>
    <frame z="0" duration="1">
     <transform x="0" pX="0" pY="0" skX="0" skY="0" scX="0.7631027253668764" y="63.3" scY="0.7631027253668764"/>
     <colorTransform bM="100" gO="0" bO="0" aM="33" rM="100" aO="0" gM="100" rO="0"/>
    </frame>
    <frame z="0" duration="1">
     <transform x="0" pX="0" pY="0" skX="0" skY="0" scX="0.5241090146750524" y="126.6" scY="0.5241090146750524"/>
     <colorTransform bM="100" gO="0" bO="0" aM="66" rM="100" aO="0" gM="100" rO="0"/>
    </frame>
    <frame z="0" duration="1">
     <transform x="0" pX="0" pY="0" skX="0" skY="0" scX="0.2872117400419288" y="190" scY="0.2872117400419288"/>
    </frame>
    <frame z="0" duration="1">
     <transform x="0" pX="0" pY="0" skX="0" skY="0" scX="0.26834381551362685" y="189.95" scY="0.2557651991614256"/>
    </frame>
    <frame z="0" duration="1">
     <transform x="0" pX="0" pY="0" skX="0" skY="0" scX="0.24947589098532497" y="190" scY="0.22431865828092246"/>
    </frame>
    <frame z="0" duration="3">
     <transform x="0" pX="0" pY="0" skX="0" skY="0" scX="0.2872117400419288" y="190" scY="0.2872117400419288"/>
    </frame>
   </timeline>
  </animation>
 </armature>
 <armature name="Symbol 6249">
  <skin name="default">
   <slot name="Layer 3" z="0" parent="Layer 3">
    <display name="Symbol 6237" type="image">
     <transform x="0" pX="96.35" pY="18.4" skX="0" skY="0" scX="1" y="0" scY="1"/>
    </display>
   </slot>
   <slot name="arrow" z="1" parent="arrow">
    <display name="Symbol 6248" type="armature">
     <transform x="0" pX="0" pY="0" skX="0" skY="0" scX="1" y="0" scY="1"/>
    </display>
   </slot>
   <slot name="continueCase" z="2" parent="continueCase">
    <display name="Symbol 47" type="image">
     <transform x="0" pX="25" pY="25" skX="0" skY="0" scX="1" y="0" scY="1"/>
    </display>
   </slot>
  </skin>
  <bone name="Layer 3">
   <transform y="0" skY="0" x="0" scX="1" skX="0" scY="1"/>
  </bone>
  <bone name="arrow">
   <transform y="20" skY="0" x="-1" scX="1" skX="0" scY="0.7"/>
  </bone>
  <bone name="continueCase">
   <transform y="-3.65" skY="0" x="-1.5" scX="3.91" skX="0" scY="0.63"/>
  </bone>
  <animation name="btnContinue" scale="1" loop="1" fadeInTime="0.3" autoTween="NaN" duration="4" tweenEasing="NaN">
   <timeline name="Layer 3" scale="1" pX="0" pY="0" offset="0">
    <frame z="0" duration="3">
     <transform x="0" pX="0" pY="0" skX="0" skY="0" scX="1" y="0" scY="1"/>
    </frame>
    <frame z="0" duration="1">
     <transform x="0" pX="0" pY="0" skX="0" skY="0" scX="1" y="0" scY="1"/>
    </frame>
   </timeline>
   <timeline name="arrow" scale="1" pX="0" pY="0" offset="0">
    <frame z="0" duration="3">
     <transform x="0" pX="0" pY="0" skX="0" skY="0" scX="1" y="0" scY="1"/>
    </frame>
    <frame z="0" duration="1">
     <transform x="0" pX="0" pY="0" skX="0" skY="0" scX="1" y="0" scY="1"/>
    </frame>
   </timeline>
   <timeline name="continueCase" scale="1" pX="0" pY="0" offset="0">
    <frame z="0" duration="3">
     <transform x="0" pX="0" pY="0" skX="0" skY="0" scX="1" y="0" scY="1"/>
    </frame>
    <frame z="0" duration="1">
     <transform x="0" pX="0" pY="0" skX="0" skY="0" scX="1" y="0" scY="1"/>
    </frame>
   </timeline>
   <frame duration="3"/>
   <frame duration="1"/>
  </animation>
 </armature>
 <armature name="Symbol 6251">
  <skin name="default">
   <slot name="Layer 3" z="0" parent="Layer 3">
    <display name="Symbol 6250" type="image">
     <transform x="0" pX="80.7" pY="14.25" skX="0" skY="0" scX="1" y="0" scY="1"/>
    </display>
   </slot>
   <slot name="arrow" z="1" parent="arrow">
    <display name="Symbol 6248" type="armature">
     <transform scY="1" skY="0" x="0" scX="1" skX="0" y="0"/>
    </display>
   </slot>
   <slot name="restartCase" z="2" parent="restartCase">
    <display name="Symbol 47" type="image">
     <transform x="0" pX="25" pY="25" skX="0" skY="0" scX="1" y="0" scY="1"/>
    </display>
   </slot>
  </skin>
  <bone name="Layer 3">
   <transform y="0" skY="0" x="0" scX="1" skX="0" scY="1"/>
  </bone>
  <bone name="arrow">
   <transform y="25" skY="0" x="0" scX="1" skX="0" scY="0.7"/>
  </bone>
  <bone name="restartCase">
   <transform y="0.1" skY="0" x="-0.75" scX="3.25" skX="0" scY="0.63"/>
  </bone>
  <animation name="btnRestart" scale="1" loop="1" fadeInTime="0.3" autoTween="NaN" duration="4" tweenEasing="NaN">
   <timeline name="Layer 3" scale="1" pX="0" pY="0" offset="0">
    <frame z="0" duration="3">
     <transform x="0" pX="0" pY="0" skX="0" skY="0" scX="1" y="0" scY="1"/>
    </frame>
    <frame z="0" duration="1">
     <transform x="0" pX="0" pY="0" skX="0" skY="0" scX="1" y="0" scY="1"/>
    </frame>
   </timeline>
   <timeline name="arrow" scale="1" pX="0" pY="0" offset="0">
    <frame z="0" duration="3">
     <transform x="0" pX="0" pY="0" skX="0" skY="0" scX="1" y="0" scY="1"/>
    </frame>
    <frame z="0" duration="1">
     <transform x="0" pX="0" pY="0" skX="0" skY="0" scX="1" y="0" scY="1"/>
    </frame>
   </timeline>
   <timeline name="restartCase" scale="1" pX="0" pY="0" offset="0">
    <frame z="0" duration="3">
     <transform x="0" pX="0" pY="0" skX="0" skY="0" scX="1" y="0" scY="1"/>
    </frame>
    <frame z="0" duration="1">
     <transform x="0" pX="0" pY="0" skX="0" skY="0" scX="1" y="0" scY="1"/>
    </frame>
   </timeline>
   <frame duration="3"/>
   <frame duration="1"/>
  </animation>
 </armature>
 <armature name="Symbol 57">
  <skin name="default">
   <slot name="cont" z="0" parent="cont">
    <display name="Symbol 56" type="image">
     <transform x="0" pX="-71.25" pY="-75.2" skX="0" skY="0" scX="1" y="0" scY="1"/>
    </display>
   </slot>
   <slot name="logoCase" z="1" parent="logoCase">
    <display name="Symbol 47" type="image">
     <transform x="0" pX="25" pY="25" skX="0" skY="0" scX="1" y="0" scY="1"/>
    </display>
   </slot>
  </skin>
  <bone name="cont">
   <transform y="0" skY="0" x="0" scX="1" skX="0" scY="1"/>
  </bone>
  <bone name="logoCase">
   <transform y="0" skY="0" x="0" scX="4.62" skX="0" scY="2.92"/>
  </bone>
  <animation name="logo" scale="1" loop="1" fadeInTime="0.3" autoTween="NaN" duration="4" tweenEasing="NaN">
   <timeline name="cont" scale="1" pX="0" pY="0" offset="0">
    <frame z="0" duration="1">
     <transform x="0" pX="0" pY="0" skX="0" skY="0" scX="1" y="0" scY="1"/>
    </frame>
    <frame z="0" duration="1">
     <transform x="0" pX="0" pY="0" skX="0" skY="0" scX="1.02" y="0" scY="1.02"/>
    </frame>
    <frame z="0" duration="1">
     <transform x="0" pX="0" pY="0" skX="0" skY="0" scX="1" y="0" scY="1"/>
    </frame>
    <frame z="0" duration="1">
     <transform x="0" pX="0" pY="0" skX="0" skY="0" scX="1" y="0" scY="1"/>
    </frame>
   </timeline>
   <timeline name="logoCase" scale="1" pX="0" pY="0" offset="0">
    <frame z="0" duration="3">
     <transform x="0" pX="0" pY="0" skX="0" skY="0" scX="1" y="0" scY="1"/>
    </frame>
    <frame z="0" duration="1">
     <transform x="0" pX="0" pY="0" skX="0" skY="0" scX="1" y="0" scY="1"/>
    </frame>
   </timeline>
   <frame duration="3"/>
   <frame duration="1"/>
  </animation>
 </armature>
 <armature name="Symbol 6248">
  <skin name="default">
   <slot name="Layer 1" z="0" parent="Layer 1">
    <display name="__dbTextures/Symbol 6248/Layer 1_0" type="image">
     <transform x="-114" pX="0" pY="0" skX="0" skY="0" scX="1" y="-15" scY="1"/>
    </display>
    <display name="__dbTextures/Symbol 6248/Layer 1_1" type="image">
     <transform x="-114" pX="0" pY="0" skX="0" skY="0" scX="1" y="-15" scY="1"/>
    </display>
    <display name="__dbTextures/Symbol 6248/Layer 1_2" type="image">
     <transform x="-114" pX="0" pY="0" skX="0" skY="0" scX="1" y="-15" scY="1"/>
    </display>
    <display name="__dbTextures/Symbol 6248/Layer 1_3" type="image">
     <transform x="-114" pX="0" pY="0" skX="0" skY="0" scX="1" y="-15" scY="1"/>
    </display>
    <display name="__dbTextures/Symbol 6248/Layer 1_4" type="image">
     <transform x="-114" pX="0" pY="0" skX="0" skY="0" scX="1" y="-15" scY="1"/>
    </display>
    <display name="__dbTextures/Symbol 6248/Layer 1_5" type="image">
     <transform x="-114" pX="0" pY="0" skX="0" skY="0" scX="1" y="-15" scY="1"/>
    </display>
   </slot>
  </skin>
  <bone name="Layer 1">
   <transform y="0" skY="0" x="0" scX="1" skX="0" scY="1"/>
  </bone>
  <animation name="arrow" scale="1" loop="1" fadeInTime="0.3" autoTween="NaN" duration="6" tweenEasing="NaN">
   <timeline name="Layer 1" scale="1" pX="0" pY="0" offset="0">
    <frame z="0" duration="1" tweenEasing="NaN">
     <transform x="0" pX="0" pY="0" skX="0" skY="0" scX="1" y="0" scY="1"/>
    </frame>
    <frame z="0" displayIndex="1" duration="1" tweenEasing="NaN">
     <transform x="0" pX="0" pY="0" skX="0" skY="0" scX="1" y="0" scY="1"/>
    </frame>
    <frame z="0" displayIndex="2" duration="1" tweenEasing="NaN">
     <transform x="0" pX="0" pY="0" skX="0" skY="0" scX="1" y="0" scY="1"/>
    </frame>
    <frame z="0" displayIndex="3" duration="1" tweenEasing="NaN">
     <transform x="0" pX="0" pY="0" skX="0" skY="0" scX="1" y="0" scY="1"/>
    </frame>
    <frame z="0" displayIndex="4" duration="1" tweenEasing="NaN">
     <transform x="0" pX="0" pY="0" skX="0" skY="0" scX="1" y="0" scY="1"/>
    </frame>
    <frame z="0" displayIndex="5" duration="1" tweenEasing="NaN">
     <transform x="0" pX="0" pY="0" skX="0" skY="0" scX="1" y="0" scY="1"/>
    </frame>
   </timeline>
   <frame duration="5"/>
   <frame duration="1"/>
  </animation>
 </armature>
</root>