<TextureAtlas name="StoneSphere" imagePath="texture.png">
 <SubTexture name="Shape/shape 4305" x="78" y="46" width="24" height="21"/>
 <SubTexture name="Shape/shape 4307" x="76" y="69" width="23" height="21"/>
 <SubTexture name="Shape/shape 4309" x="0" y="74" width="23" height="20"/>
 <SubTexture name="Shape/shape 4311" x="97" y="92" width="22" height="20"/>
 <SubTexture name="Shape/shape 4313" x="52" y="0" width="25" height="21"/>
 <SubTexture name="Shape/shape 4315" x="26" y="52" width="23" height="21"/>
 <SubTexture name="Shape/shape 4316" x="73" y="92" width="22" height="20"/>
 <SubTexture name="Shape/shape 4317" x="101" y="70" width="23" height="20"/>
 <SubTexture name="Shape/shape 4318" x="51" y="69" width="23" height="21"/>
 <SubTexture name="Shape/shape 4319" x="78" y="23" width="24" height="21"/>
 <SubTexture name="Shape/shape 4320" x="52" y="46" width="24" height="21"/>
 <SubTexture name="Shape/shape 4322" x="0" y="52" width="24" height="20"/>
 <SubTexture name="Shape/shape 4324" x="52" y="23" width="24" height="21"/>
 <SubTexture name="Shape/shape 4326" x="49" y="92" width="22" height="21"/>
 <SubTexture name="Shape/shape 4328" x="104" y="23" width="22" height="22"/>
 <SubTexture name="Shape/shape 4330" x="25" y="75" width="22" height="21"/>
 <SubTexture name="Shape/shape 4332" x="104" y="47" width="22" height="21"/>
 <SubTexture name="Shape/shape 4333" x="79" y="0" width="24" height="21"/>
 <SubTexture name="Shape/shape 4334" x="0" y="0" width="50" height="50"/>
</TextureAtlas>