<root name="PreVictory_mc" isGlobal="0" frameRate="30" version="3.0">
 <armature name="PreVictory_mc">
  <skin name="default">
   <slot name="shadow" z="0" parent="shadow">
    <display name="Shape/shape 5222" type="image">
     <transform x="0" pX="350" pY="250" skX="0" skY="0" scX="1" y="0" scY="1"/>
    </display>
    <display name="sprite 5256" type="image">
     <transform x="0" pX="350" pY="250" skX="0" skY="0" scX="1" y="0" scY="1"/>
    </display>
   </slot>
   <slot name="cont" z="1" parent="cont">
    <display name="cont" type="armature">
     <transform scY="1" skY="0" x="0" scX="1" skX="0" y="0"/>
    </display>
   </slot>
  </skin>
  <bone name="shadow">
   <transform y="0" skY="0" x="0" scX="1.14" skX="0" scY="1.2"/>
  </bone>
  <bone name="cont">
   <transform y="180.95" skY="0" x="0" scX="1" skX="0" scY="1"/>
  </bone>
  <animation name="PreVictory_mc" scale="1" loop="1" duration="14" autoTween="NaN" fadeInTime="0.3" tweenEasing="NaN">
   <timeline name="shadow" scale="1" pX="0" pY="0" offset="0">
    <frame z="0" duration="6" tweenEasing="0">
     <transform x="0" pX="0" pY="0" skX="0" skY="0" scX="1" y="0" scY="1"/>
     <colorTransform bM="100" gO="0" bO="0" aM="0" rM="100" aO="0" gM="100" rO="0"/>
    </frame>
    <frame z="0" duration="1">
     <transform x="0" pX="0" pY="0" skX="0" skY="0" scX="1" y="0" scY="1"/>
    </frame>
    <frame z="0" duration="6">
     <transform x="0" pX="0" pY="0" skX="0" skY="0" scX="1" y="0" scY="1"/>
    </frame>
    <frame displayIndex="1" z="0" duration="1">
     <transform x="0" pX="0" pY="0" skX="0" skY="0" scX="1" y="0" scY="1"/>
    </frame>
   </timeline>
   <timeline name="cont" scale="1" pX="0" pY="0" offset="0">
    <frame z="0" duration="4" tweenEasing="0">
     <transform x="0" pX="0" pY="0" skX="0" skY="0" scX="1" y="0" scY="1"/>
     <colorTransform bM="100" gO="0" bO="0" aM="40" rM="100" aO="0" gM="100" rO="0"/>
    </frame>
    <frame z="0" duration="2" tweenEasing="0">
     <transform x="0" pX="0" pY="0" skX="0" skY="0" scX="1" y="-180" scY="1"/>
    </frame>
    <frame z="0" duration="3" tweenEasing="0">
     <transform x="0" pX="0" pY="0" skX="0" skY="0" scX="1.11" y="-209.64999999999998" scY="1.11"/>
    </frame>
    <frame z="0" duration="2" tweenEasing="0">
     <transform x="0" pX="0" pY="0" skX="0" skY="0" scX="0.98" y="-177" scY="0.98"/>
    </frame>
    <frame z="0" duration="2" tweenEasing="0">
     <transform x="0" pX="0" pY="0" skX="0" skY="0" scX="1.03" y="-180.45" scY="1"/>
    </frame>
    <frame z="0" duration="1">
     <transform x="0" pX="0" pY="0" skX="0" skY="0" scX="1" y="-180.95" scY="1"/>
    </frame>
   </timeline>
  </animation>
 </armature>
 <armature name="cont">
  <skin name="default">
   <slot name="Masked Layer 2 - 1" z="0" parent="Masked Layer 2 - 1">
    <display name="__dbTextures/cont/Masked Layer 2 - 1_0" type="image">
     <transform x="-2" pX="0" pY="0" skX="0" skY="0" scX="1" y="-182" scY="1"/>
    </display>
    <display name="__dbTextures/cont/Masked Layer 2 - 1_1" type="image">
     <transform x="-26.55" pX="0" pY="0" skX="0" skY="0" scX="1" y="-182" scY="1"/>
    </display>
    <display name="__dbTextures/cont/Masked Layer 2 - 1_2" type="image">
     <transform x="-51.15" pX="0" pY="0" skX="0" skY="0" scX="1" y="-182" scY="1"/>
    </display>
    <display name="__dbTextures/cont/Masked Layer 2 - 1_3" type="image">
     <transform x="-75.75" pX="0" pY="0" skX="0" skY="0" scX="1" y="-182" scY="1"/>
    </display>
    <display name="__dbTextures/cont/Masked Layer 2 - 1_4" type="image">
     <transform x="-100.3" pX="0" pY="0" skX="0" skY="0" scX="1" y="-182" scY="1"/>
    </display>
    <display name="__dbTextures/cont/Masked Layer 2 - 1_5" type="image">
     <transform x="-124.9" pX="0" pY="0" skX="0" skY="0" scX="1" y="-182" scY="1"/>
    </display>
    <display name="__dbTextures/cont/Masked Layer 2 - 1_6" type="image">
     <transform x="-149.5" pX="0" pY="0" skX="0" skY="0" scX="1" y="-182" scY="1"/>
    </display>
    <display name="Shape/shape 5225" type="image">
     <transform x="0" pX="292" pY="179" skX="0" skY="0" scX="1" y="0" scY="1"/>
    </display>
   </slot>
   <slot name="Masked Layer 2 - 1_0" z="1" parent="Masked Layer 2 - 1_0">
    <display name="__dbTextures/cont/Masked Layer 2 - 1_0" type="image">
     <transform x="-2.5" pX="0" pY="0" skX="0" skY="0" scX="1" y="-182" scY="1"/>
    </display>
    <display name="__dbTextures/cont/Masked Layer 2 - 1_0_1" type="image">
     <transform x="-26" pX="0" pY="0" skX="0" skY="0" scX="1" y="-182" scY="1"/>
    </display>
    <display name="__dbTextures/cont/Masked Layer 2 - 1_0_2" type="image">
     <transform x="-49.5" pX="0" pY="0" skX="0" skY="0" scX="1" y="-182" scY="1"/>
    </display>
    <display name="__dbTextures/cont/Masked Layer 2 - 1_0_3" type="image">
     <transform x="-73" pX="0" pY="0" skX="0" skY="0" scX="1" y="-182" scY="1"/>
    </display>
    <display name="__dbTextures/cont/Masked Layer 2 - 1_0_4" type="image">
     <transform x="-96.5" pX="0" pY="0" skX="0" skY="0" scX="1" y="-182" scY="1"/>
    </display>
    <display name="__dbTextures/cont/Masked Layer 2 - 1_0_5" type="image">
     <transform x="-120" pX="0" pY="0" skX="0" skY="0" scX="1" y="-182" scY="1"/>
    </display>
    <display name="__dbTextures/cont/Masked Layer 2 - 1_0_6" type="image">
     <transform x="-143.5" pX="0" pY="0" skX="0" skY="0" scX="1" y="-182" scY="1"/>
    </display>
    <display name="Shape/shape 5225" type="image">
     <transform x="0" pX="292" pY="179" skX="0" skY="0" scX="1" y="0" scY="1"/>
    </display>
   </slot>
   <slot name="btnOk" z="2" parent="btnOk">
    <display name="Symbol 10240" type="armature">
     <transform scY="1" skY="0" x="0" scX="1" skX="0" y="0"/>
    </display>
   </slot>
   <slot name="Masked Layer 3 - 1" z="3" parent="Masked Layer 3 - 1">
    <display name="__dbTextures/cont/Masked Layer 3 - 1_7" type="image">
     <transform x="-156.5" pX="0" pY="0" skX="0" skY="0" scX="1" y="-29" scY="1"/>
    </display>
    <display name="__dbTextures/cont/Masked Layer 3 - 1_15" type="image">
     <transform x="-156.5" pX="0" pY="0" skX="0" skY="0" scX="1" y="-29" scY="1"/>
    </display>
   </slot>
   <slot name="Masked Layer 7 - 1" z="4" parent="Masked Layer 7 - 1">
    <display name="__dbTextures/cont/Masked Layer 7 - 1_5" type="image">
     <transform x="-260.5" pX="0" pY="0" skX="0" skY="0" scX="1" y="-29" scY="1"/>
    </display>
    <display name="__dbTextures/cont/Masked Layer 7 - 1_7" type="image">
     <transform x="-270" pX="0" pY="0" skX="0" skY="0" scX="1" y="-29" scY="1"/>
    </display>
    <display name="__dbTextures/cont/Masked Layer 7 - 1_15" type="image">
     <transform x="-270" pX="0" pY="0" skX="0" skY="0" scX="1" y="-29" scY="1"/>
    </display>
   </slot>
   <slot name="Masked Layer 9 - 1" z="5" parent="Masked Layer 9 - 1">
    <display name="__dbTextures/cont/Masked Layer 9 - 1_5" type="image">
     <transform x="-122" pX="0" pY="0" skX="0" skY="0" scX="1" y="-28.5" scY="1"/>
    </display>
    <display name="__dbTextures/cont/Masked Layer 9 - 1_7" type="image">
     <transform x="-122" pX="0" pY="0" skX="0" skY="0" scX="1" y="-29" scY="1"/>
    </display>
    <display name="__dbTextures/cont/Masked Layer 9 - 1_15" type="image">
     <transform x="-122" pX="0" pY="0" skX="0" skY="0" scX="1" y="-29" scY="1"/>
    </display>
   </slot>
   <slot name="Masked Layer 11 - 1" z="6" parent="Masked Layer 11 - 1">
    <display name="__dbTextures/cont/Masked Layer 11 - 1_5" type="image">
     <transform x="-274" pX="0" pY="0" skX="0" skY="0" scX="1" y="-50.5" scY="1"/>
    </display>
    <display name="__dbTextures/cont/Masked Layer 11 - 1_7" type="image">
     <transform x="-274" pX="0" pY="0" skX="0" skY="0" scX="1" y="-50.5" scY="1"/>
    </display>
    <display name="__dbTextures/cont/Masked Layer 11 - 1_15" type="image">
     <transform x="-274" pX="0" pY="0" skX="0" skY="0" scX="1" y="-50.5" scY="1"/>
    </display>
   </slot>
   <slot name="Masked Layer 16 - 1" z="7" parent="Masked Layer 16 - 1">
    <display name="Shape/shape 12781" type="image">
     <transform x="0" pX="266.45" pY="121.25" skX="0" skY="0" scX="1" y="0" scY="1"/>
    </display>
   </slot>
   <slot name="Layer 18" z="8" parent="Layer 18">
    <display name="Shape/shape 10319" type="image">
     <transform x="0" pX="21" pY="148" skX="0" skY="0" scX="1" y="0" scY="1"/>
    </display>
   </slot>
   <slot name="Layer 19" z="9" parent="Layer 19">
    <display name="Shape/shape 10321" type="image">
     <transform x="0" pX="22" pY="150" skX="0" skY="0" scX="1" y="0" scY="1"/>
    </display>
   </slot>
  </skin>
  <bone name="Masked Layer 9 - 1">
   <transform y="7.85" skY="0" x="-112.1" scX="1" skX="0" scY="1"/>
  </bone>
  <bone name="Masked Layer 2 - 1_0">
   <transform y="3" skY="0" x="-7.5" scX="1" skX="0" scY="1"/>
  </bone>
  <bone name="btnOk">
   <transform y="142" skY="0" x="0" scX="1" skX="0" scY="1"/>
  </bone>
  <bone name="Masked Layer 3 - 1">
   <transform y="-130.2" skY="0" x="-2.25" scX="1" skX="0" scY="1"/>
  </bone>
  <bone name="Masked Layer 7 - 1">
   <transform y="-60.65" skY="0" x="15.45" scX="1" skX="0" scY="1"/>
  </bone>
  <bone name="Masked Layer 2 - 1">
   <transform y="3" skY="0" x="-3" scX="1" skX="0" scY="1"/>
  </bone>
  <bone name="Masked Layer 11 - 1">
   <transform y="75.85" skY="0" x="55.55" scX="1" skX="0" scY="1"/>
  </bone>
  <bone name="Masked Layer 16 - 1">
   <transform y="0" skY="0" x="-6" scX="1" skX="0" scY="1"/>
  </bone>
  <bone name="Layer 18">
   <transform y="0" skY="0" x="11.95" scX="1.19" skX="0" scY="1.19"/>
  </bone>
  <bone name="Layer 19">
   <transform y="0" skY="0" x="-11.95" scX="1.19" skX="0" scY="1.19"/>
  </bone>
  <animation name="cont" scale="1" loop="1" duration="16" autoTween="NaN" fadeInTime="0.3" tweenEasing="NaN">
   <timeline name="Masked Layer 2 - 1" scale="1" pX="0" pY="0" offset="0">
    <frame z="0" duration="1" tweenEasing="NaN">
     <transform x="0" pX="0" pY="0" skX="0" skY="0" scX="1" y="0" scY="1"/>
    </frame>
    <frame z="0" displayIndex="1" duration="1" tweenEasing="NaN">
     <transform x="24.55" pX="0" pY="0" skX="0" skY="0" scX="1" y="0" scY="1"/>
    </frame>
    <frame z="0" displayIndex="2" duration="1" tweenEasing="NaN">
     <transform x="49.15" pX="0" pY="0" skX="0" skY="0" scX="1" y="0" scY="1"/>
    </frame>
    <frame z="0" displayIndex="3" duration="1" tweenEasing="NaN">
     <transform x="73.75" pX="0" pY="0" skX="0" skY="0" scX="1" y="0" scY="1"/>
    </frame>
    <frame z="0" displayIndex="4" duration="1" tweenEasing="NaN">
     <transform x="98.3" pX="0" pY="0" skX="0" skY="0" scX="1" y="0" scY="1"/>
    </frame>
    <frame z="0" displayIndex="5" duration="1" tweenEasing="NaN">
     <transform x="122.9" pX="0" pY="0" skX="0" skY="0" scX="1" y="0" scY="1"/>
    </frame>
    <frame z="0" displayIndex="6" duration="2" tweenEasing="NaN">
     <transform x="147.5" pX="0" pY="0" skX="0" skY="0" scX="1" y="0" scY="1"/>
    </frame>
    <frame displayIndex="7" z="0" duration="7">
     <transform x="3" pX="0" pY="0" skX="0" skY="0" scX="1" y="-3" scY="1"/>
    </frame>
    <frame displayIndex="7" z="0" duration="1">
     <transform x="3" pX="0" pY="0" skX="0" skY="0" scX="1" y="-3" scY="1"/>
    </frame>
   </timeline>
   <timeline name="Masked Layer 2 - 1_0" scale="1" pX="0" pY="0" offset="0">
    <frame z="0" duration="1" tweenEasing="NaN">
     <transform x="0" pX="0" pY="0" skX="0" skY="0" scX="1" y="0" scY="1"/>
    </frame>
    <frame z="0" displayIndex="1" duration="1" tweenEasing="NaN">
     <transform x="-23.5" pX="0" pY="0" skX="0" skY="0" scX="1" y="0" scY="1"/>
    </frame>
    <frame z="0" displayIndex="2" duration="1" tweenEasing="NaN">
     <transform x="-47" pX="0" pY="0" skX="0" skY="0" scX="1" y="0" scY="1"/>
    </frame>
    <frame z="0" displayIndex="3" duration="1" tweenEasing="NaN">
     <transform x="-70.5" pX="0" pY="0" skX="0" skY="0" scX="1" y="0" scY="1"/>
    </frame>
    <frame z="0" displayIndex="4" duration="1" tweenEasing="NaN">
     <transform x="-94" pX="0" pY="0" skX="0" skY="0" scX="1" y="0" scY="1"/>
    </frame>
    <frame z="0" displayIndex="5" duration="1" tweenEasing="NaN">
     <transform x="-117.5" pX="0" pY="0" skX="0" skY="0" scX="1" y="0" scY="1"/>
    </frame>
    <frame z="0" displayIndex="6" duration="2" tweenEasing="NaN">
     <transform x="-141" pX="0" pY="0" skX="0" skY="0" scX="1" y="0" scY="1"/>
    </frame>
    <frame displayIndex="7" z="0" duration="7">
     <transform x="7.5" pX="0" pY="0" skX="0" skY="0" scX="1" y="-3" scY="1"/>
    </frame>
    <frame displayIndex="7" z="0" duration="1">
     <transform x="7.5" pX="0" pY="0" skX="0" skY="0" scX="1" y="-3" scY="1"/>
    </frame>
   </timeline>
   <timeline name="btnOk" scale="1" pX="0" pY="0" offset="0">
    <frame z="0" duration="15">
     <transform x="0" pX="0" pY="0" skX="0" skY="0" scX="1" y="0" scY="1"/>
    </frame>
    <frame z="0" duration="1">
     <transform x="0" pX="0" pY="0" skX="0" skY="0" scX="1" y="0" scY="1"/>
    </frame>
   </timeline>
   <timeline name="Masked Layer 3 - 1" scale="1" pX="0" pY="0" offset="0">
    <frame displayIndex="-1" duration="7"/>
    <frame z="0" duration="8" tweenEasing="NaN">
     <transform x="0" pX="0" pY="0" skX="0" skY="0" scX="1" y="0" scY="1"/>
    </frame>
    <frame z="0" displayIndex="1" duration="1" tweenEasing="NaN">
     <transform x="0" pX="0" pY="0" skX="0" skY="0" scX="1" y="0" scY="1"/>
    </frame>
   </timeline>
   <timeline name="Masked Layer 7 - 1" scale="1" pX="0" pY="0" offset="0">
    <frame displayIndex="-1" duration="5"/>
    <frame z="0" duration="2" tweenEasing="NaN">
     <transform x="0" pX="0" pY="0" skX="0" skY="0" scX="1" y="0" scY="1"/>
    </frame>
    <frame z="0" displayIndex="1" duration="8" tweenEasing="NaN">
     <transform x="-5.5" pX="0" pY="0" skX="0" skY="0" scX="1" y="-7.100000000000001" scY="1"/>
    </frame>
    <frame z="0" displayIndex="2" duration="1" tweenEasing="NaN">
     <transform x="-5.5" pX="0" pY="0" skX="0" skY="0" scX="1" y="-7.100000000000001" scY="1"/>
    </frame>
   </timeline>
   <timeline name="Masked Layer 9 - 1" scale="1" pX="0" pY="0" offset="0">
    <frame displayIndex="-1" duration="5"/>
    <frame z="0" duration="2" tweenEasing="NaN">
     <transform x="0" pX="0" pY="0" skX="0" skY="0" scX="1" y="0" scY="1"/>
    </frame>
    <frame z="0" displayIndex="1" duration="8" tweenEasing="NaN">
     <transform x="-14.900000000000006" pX="0" pY="0" skX="0" skY="0" scX="1" y="-17.6" scY="1"/>
    </frame>
    <frame z="0" displayIndex="2" duration="1" tweenEasing="NaN">
     <transform x="-14.900000000000006" pX="0" pY="0" skX="0" skY="0" scX="1" y="-17.6" scY="1"/>
    </frame>
   </timeline>
   <timeline name="Masked Layer 11 - 1" scale="1" pX="0" pY="0" offset="0">
    <frame displayIndex="-1" duration="5"/>
    <frame z="0" duration="2" tweenEasing="NaN">
     <transform x="0" pX="0" pY="0" skX="0" skY="0" scX="1" y="0" scY="1"/>
    </frame>
    <frame z="0" displayIndex="1" duration="8" tweenEasing="NaN">
     <transform x="-9" pX="0" pY="0" skX="0" skY="0" scX="1" y="-7" scY="1"/>
    </frame>
    <frame z="0" displayIndex="2" duration="1" tweenEasing="NaN">
     <transform x="-9" pX="0" pY="0" skX="0" skY="0" scX="1" y="-7" scY="1"/>
    </frame>
   </timeline>
   <timeline name="Masked Layer 16 - 1" scale="1" pX="0" pY="0" offset="0">
    <frame z="0" duration="15">
     <transform x="0" pX="0" pY="0" skX="0" skY="0" scX="1" y="0" scY="1"/>
    </frame>
    <frame z="0" duration="1">
     <transform x="0" pX="0" pY="0" skX="0" skY="0" scX="1" y="0" scY="1"/>
    </frame>
   </timeline>
   <timeline name="Layer 18" scale="1" pX="0" pY="0" offset="0">
    <frame z="0" duration="5" tweenEasing="0">
     <transform x="0" pX="0" pY="0" skX="0" skY="0" scX="1" y="0" scY="1"/>
    </frame>
    <frame z="0" duration="2">
     <transform x="222.9" pX="0" pY="0" skX="0" skY="0" scX="1" y="0" scY="1"/>
    </frame>
    <frame z="0" duration="8">
     <transform x="260.05" pX="0" pY="0" skX="0" skY="0" scX="1" y="0" scY="1"/>
    </frame>
    <frame z="0" duration="1">
     <transform x="260.05" pX="0" pY="0" skX="0" skY="0" scX="1" y="0" scY="1"/>
    </frame>
   </timeline>
   <timeline name="Layer 19" scale="1" pX="0" pY="0" offset="0">
    <frame z="0" duration="5" tweenEasing="0">
     <transform x="0" pX="0" pY="0" skX="0" skY="0" scX="1" y="0" scY="1"/>
    </frame>
    <frame z="0" duration="2">
     <transform x="-222.05" pX="0" pY="0" skX="0" skY="0" scX="1" y="0" scY="1"/>
    </frame>
    <frame z="0" duration="8">
     <transform x="-259.05" pX="0" pY="0" skX="0" skY="0" scX="1" y="0" scY="1"/>
    </frame>
    <frame z="0" duration="1">
     <transform x="-259.05" pX="0" pY="0" skX="0" skY="0" scX="1" y="0" scY="1"/>
    </frame>
   </timeline>
  </animation>
 </armature>
 <armature name="Symbol 10240">
  <skin name="default">
   <slot name="Layer 2" z="0" parent="Layer 2">
    <display name="__dbTextures/Symbol 10240/Layer 2_0" type="image">
     <transform x="-52.2" pX="0" pY="0" skX="0" skY="0" scX="1" y="-29.1" scY="1"/>
    </display>
    <display name="__dbTextures/Symbol 10240/Layer 2_1" type="image">
     <transform x="-52.2" pX="0" pY="0" skX="0" skY="0" scX="1" y="-29.1" scY="1"/>
    </display>
    <display name="__dbTextures/Symbol 10240/Layer 2_2" type="image">
     <transform x="-52.2" pX="0" pY="0" skX="0" skY="0" scX="1" y="-29.1" scY="1"/>
    </display>
    <display name="__dbTextures/Symbol 10240/Layer 2_3" type="image">
     <transform x="-52.2" pX="0" pY="0" skX="0" skY="0" scX="1" y="-29.1" scY="1"/>
    </display>
   </slot>
   <slot name="okCase" z="1" parent="okCase">
    <display name="Symbol 47" type="image">
     <transform x="0" pX="25" pY="25" skX="0" skY="0" scX="1" y="0" scY="1"/>
    </display>
   </slot>
  </skin>
  <bone name="Layer 2">
   <transform y="0.25" skY="0" x="-0.5" scX="1" skX="0" scY="1"/>
  </bone>
  <bone name="okCase">
   <transform y="-1.8" skY="0" x="-1.7" scX="1.22" skX="0" scY="0.67"/>
  </bone>
  <animation name="btnOk" scale="1" loop="1" duration="4" autoTween="NaN" fadeInTime="0.3" tweenEasing="NaN">
   <timeline name="Layer 2" scale="1" pX="0" pY="0" offset="0">
    <frame z="0" duration="1" tweenEasing="NaN">
     <transform x="0" pX="0" pY="0" skX="0" skY="0" scX="1" y="0" scY="1"/>
    </frame>
    <frame z="0" displayIndex="1" duration="1" tweenEasing="NaN">
     <transform x="0" pX="0" pY="0" skX="0" skY="0" scX="1" y="0" scY="1"/>
    </frame>
    <frame z="0" displayIndex="2" duration="1" tweenEasing="NaN">
     <transform x="0" pX="0" pY="0" skX="0" skY="0" scX="1" y="0" scY="1"/>
    </frame>
    <frame z="0" displayIndex="3" duration="1" tweenEasing="NaN">
     <transform x="0" pX="0" pY="0" skX="0" skY="0" scX="1" y="0" scY="1"/>
    </frame>
   </timeline>
   <timeline name="okCase" scale="1" pX="0" pY="0" offset="0">
    <frame z="0" duration="3">
     <transform x="0" pX="0" pY="0" skX="0" skY="0" scX="1" y="0" scY="1"/>
    </frame>
    <frame z="0" duration="1">
     <transform x="0" pX="0" pY="0" skX="0" skY="0" scX="1" y="0" scY="1"/>
    </frame>
   </timeline>
  </animation>
 </armature>
</root>