<TextureAtlas name="PreVictory_mc" imagePath="texture.png">
 <SubTexture name="Shape/shape 5222" x="702" y="0" width="700" height="500"/>
 <SubTexture name="sprite 5256" x="0" y="0" width="700" height="500"/>
 <SubTexture name="__dbTextures/cont/Masked Layer 2 - 1_0" x="1992" y="366" width="5" height="364"/>
 <SubTexture name="__dbTextures/cont/Masked Layer 2 - 1_1" x="1992" y="0" width="54" height="364"/>
 <SubTexture name="__dbTextures/cont/Masked Layer 2 - 1_2" x="590" y="502" width="103" height="364"/>
 <SubTexture name="__dbTextures/cont/Masked Layer 2 - 1_3" x="1244" y="502" width="152" height="364"/>
 <SubTexture name="__dbTextures/cont/Masked Layer 2 - 1_4" x="0" y="868" width="201" height="364"/>
 <SubTexture name="__dbTextures/cont/Masked Layer 2 - 1_5" x="1397" y="610" width="250" height="364"/>
 <SubTexture name="__dbTextures/cont/Masked Layer 2 - 1_6" x="0" y="502" width="299" height="364"/>
 <SubTexture name="Shape/shape 5225" x="1404" y="0" width="586" height="364"/>
 <SubTexture name="__dbTextures/cont/Masked Layer 2 - 1_0_1" x="1938" y="366" width="52" height="364"/>
 <SubTexture name="__dbTextures/cont/Masked Layer 2 - 1_0_2" x="1934" y="784" width="99" height="364"/>
 <SubTexture name="__dbTextures/cont/Masked Layer 2 - 1_0_3" x="397" y="868" width="146" height="364"/>
 <SubTexture name="__dbTextures/cont/Masked Layer 2 - 1_0_4" x="202" y="868" width="193" height="364"/>
 <SubTexture name="__dbTextures/cont/Masked Layer 2 - 1_0_5" x="1648" y="610" width="240" height="364"/>
 <SubTexture name="__dbTextures/cont/Masked Layer 2 - 1_0_6" x="301" y="502" width="287" height="364"/>
 <SubTexture name="__dbTextures/cont/Masked Layer 3 - 1_7" x="1614" y="976" width="313" height="58"/>
 <SubTexture name="__dbTextures/cont/Masked Layer 3 - 1_15" x="1299" y="976" width="313" height="58"/>
 <SubTexture name="__dbTextures/cont/Masked Layer 7 - 1_5" x="651" y="931" width="521" height="58"/>
 <SubTexture name="__dbTextures/cont/Masked Layer 7 - 1_7" x="694" y="811" width="540" height="58"/>
 <SubTexture name="__dbTextures/cont/Masked Layer 7 - 1_15" x="651" y="871" width="540" height="58"/>
 <SubTexture name="__dbTextures/cont/Masked Layer 9 - 1_5" x="1037" y="991" width="244" height="57"/>
 <SubTexture name="__dbTextures/cont/Masked Layer 9 - 1_7" x="791" y="991" width="244" height="58"/>
 <SubTexture name="__dbTextures/cont/Masked Layer 9 - 1_15" x="545" y="991" width="244" height="58"/>
 <SubTexture name="__dbTextures/cont/Masked Layer 11 - 1_5" x="694" y="502" width="548" height="101"/>
 <SubTexture name="__dbTextures/cont/Masked Layer 11 - 1_7" x="694" y="708" width="548" height="101"/>
 <SubTexture name="__dbTextures/cont/Masked Layer 11 - 1_15" x="694" y="605" width="548" height="101"/>
 <SubTexture name="Shape/shape 12781" x="1404" y="366" width="533" height="243"/>
 <SubTexture name="Shape/shape 10319" x="1890" y="610" width="43" height="298"/>
 <SubTexture name="Shape/shape 10321" x="1999" y="366" width="45" height="300"/>
 <SubTexture name="__dbTextures/Symbol 10240/Layer 2_0" x="545" y="928" width="105" height="59"/>
 <SubTexture name="__dbTextures/Symbol 10240/Layer 2_1" x="545" y="868" width="105" height="59"/>
 <SubTexture name="__dbTextures/Symbol 10240/Layer 2_2" x="1193" y="928" width="105" height="59"/>
 <SubTexture name="__dbTextures/Symbol 10240/Layer 2_3" x="1236" y="868" width="105" height="59"/>
 <SubTexture name="Symbol 47" x="1934" y="732" width="50" height="50"/>
</TextureAtlas>