<root name="RoadUnitLevin_mc" isGlobal="0" frameRate="30" version="3.0">
 <armature name="RoadUnitLevin_mc">
  <skin name="default">
   <slot name="Layer 1" z="0" parent="Layer 1">
    <display name="Shape/shape 10637" type="image">
     <transform scX="1" x="0" scY="1" y="0" pX="35" pY="54" skX="0" skY="0"/>
    </display>
    <display name="Shape/shape 10639" type="image">
     <transform scX="1" x="0" scY="1" y="0" pX="35" pY="54" skX="0" skY="0"/>
    </display>
    <display name="Shape/shape 10641" type="image">
     <transform scX="1" x="0" scY="1" y="0" pX="35" pY="54" skX="0" skY="0"/>
    </display>
    <display name="Shape/shape 10643" type="image">
     <transform scX="1" x="0" scY="1" y="0" pX="35" pY="54" skX="0" skY="0"/>
    </display>
    <display name="Shape/shape 10645" type="image">
     <transform scX="1" x="0" scY="1" y="0" pX="35" pY="54" skX="0" skY="0"/>
    </display>
    <display name="Shape/shape 10647" type="image">
     <transform scX="1" x="0" scY="1" y="0" pX="35" pY="54" skX="0" skY="0"/>
    </display>
    <display name="Shape/shape 10649" type="image">
     <transform scX="1" x="0" scY="1" y="0" pX="35" pY="54" skX="0" skY="0"/>
    </display>
    <display name="Shape/shape 10651" type="image">
     <transform scX="1" x="0" scY="1" y="0" pX="35" pY="54" skX="0" skY="0"/>
    </display>
   </slot>
  </skin>
  <bone name="Layer 1">
   <transform scX="1" x="0" skX="0" scY="1" y="0" skY="0"/>
  </bone>
  <animation name="RoadUnitLevin_mc" scale="1" loop="1" autoTween="NaN" fadeInTime="0.3" duration="12" tweenEasing="NaN">
   <timeline pX="0" name="Layer 1" pY="0" scale="1" offset="0">
    <frame z="0" duration="2">
     <transform scX="1" x="0" scY="1" y="0" pX="0" pY="0" skX="0" skY="0"/>
    </frame>
    <frame displayIndex="1" z="0" duration="2">
     <transform scX="1" x="0" scY="1" y="0" pX="0" pY="0" skX="0" skY="0"/>
    </frame>
    <frame displayIndex="2" z="0" duration="1">
     <transform scX="1" x="0" scY="1" y="0" pX="0" pY="0" skX="0" skY="0"/>
    </frame>
    <frame displayIndex="3" z="0" duration="1">
     <transform scX="1" x="0" scY="1" y="0" pX="0" pY="0" skX="0" skY="0"/>
    </frame>
    <frame displayIndex="4" z="0" duration="2">
     <transform scX="1" x="0" scY="1" y="0" pX="0" pY="0" skX="0" skY="0"/>
    </frame>
    <frame displayIndex="5" z="0" duration="1">
     <transform scX="1" x="0" scY="1" y="0" pX="0" pY="0" skX="0" skY="0"/>
    </frame>
    <frame displayIndex="6" z="0" duration="1">
     <transform scX="1" x="0" scY="1" y="0" pX="0" pY="0" skX="0" skY="0"/>
    </frame>
    <frame displayIndex="7" z="0" duration="1">
     <transform scX="1" x="0" scY="1" y="0" pX="0" pY="0" skX="0" skY="0"/>
    </frame>
    <frame displayIndex="7" z="0" duration="1">
     <transform scX="1" x="0" scY="1" y="0" pX="0" pY="0" skX="0" skY="0"/>
    </frame>
   </timeline>
   <frame duration="11"/>
   <frame duration="1"/>
  </animation>
 </armature>
</root>