<dragonBones name="1yrt" frameRate="30" version="2.3">
 <armature name="CastIceLevin_mc">
  <bone name="Layer 1">
   <transform x="0" y="0" skX="0" skY="0" scX="1" scY="1"/>
  </bone>
  <skin name="default">
   <slot name="Layer 1" parent="Layer 1" z="0">
    <display name="Shape/shape 6991" type="image">
     <transform x="0" y="0" skX="0" skY="0" scX="1" scY="1" pX="70" pY="55"/>
    </display>
    <display name="Shape/shape 6993" type="image">
     <transform x="0" y="0" skX="0" skY="0" scX="1" scY="1" pX="70" pY="55"/>
    </display>
    <display name="Shape/shape 6995" type="image">
     <transform x="0" y="0" skX="0" skY="0" scX="1" scY="1" pX="70" pY="55"/>
    </display>
    <display name="Shape/shape 6997" type="image">
     <transform x="0" y="0" skX="0" skY="0" scX="1" scY="1" pX="70" pY="55"/>
    </display>
    <display name="Shape/shape 6999" type="image">
     <transform x="0" y="0" skX="0" skY="0" scX="1" scY="1" pX="70" pY="55"/>
    </display>
    <display name="Shape/shape 7001" type="image">
     <transform x="0" y="0" skX="0" skY="0" scX="1" scY="1" pX="70" pY="55"/>
    </display>
    <display name="Shape/shape 7003" type="image">
     <transform x="0" y="0" skX="0" skY="0" scX="1" scY="1" pX="70" pY="55"/>
    </display>
    <display name="Shape/shape 7005" type="image">
     <transform x="0" y="0" skX="0" skY="0" scX="1" scY="1" pX="70" pY="55"/>
    </display>
    <display name="Shape/shape 7007" type="image">
     <transform x="0" y="0" skX="0" skY="0" scX="1" scY="1" pX="70" pY="55"/>
    </display>
    <display name="Shape/shape 7009" type="image">
     <transform x="0" y="0" skX="0" skY="0" scX="1" scY="1" pX="70" pY="55"/>
    </display>
    <display name="Shape/shape 7011" type="image">
     <transform x="0" y="0" skX="0" skY="0" scX="1" scY="1" pX="70" pY="55"/>
    </display>
    <display name="Shape/shape 7013" type="image">
     <transform x="0" y="0" skX="0" skY="0" scX="1" scY="1" pX="70" pY="55"/>
    </display>
    <display name="Shape/shape 7015" type="image">
     <transform x="0" y="0" skX="0" skY="0" scX="1" scY="1" pX="70" pY="55"/>
    </display>
    <display name="Shape/shape 7017" type="image">
     <transform x="0" y="0" skX="0" skY="0" scX="1" scY="1" pX="70" pY="55"/>
    </display>
    <display name="Shape/shape 7019" type="image">
     <transform x="0" y="0" skX="0" skY="0" scX="1" scY="1" pX="70" pY="55"/>
    </display>
   </slot>
  </skin>
  <animation name="CastIceLevin_mc" fadeInTime="0.3" duration="34" scale="1" loop="1" autoTween="1" tweenEasing="NaN">
   <timeline name="Layer 1" scale="1" offset="0">
    <frame z="0" duration="2">
     <transform x="0" y="0" skX="0" skY="0" scX="1" scY="1" pX="0" pY="0"/>
    </frame>
    <frame z="0" displayIndex="1" duration="2">
     <transform x="0" y="0" skX="0" skY="0" scX="1" scY="1" pX="0" pY="0"/>
    </frame>
    <frame z="0" displayIndex="2" duration="2">
     <transform x="0" y="0" skX="0" skY="0" scX="1" scY="1" pX="0" pY="0"/>
    </frame>
    <frame z="0" displayIndex="3" duration="2">
     <transform x="0" y="0" skX="0" skY="0" scX="1" scY="1" pX="0" pY="0"/>
    </frame>
    <frame z="0" displayIndex="4" duration="2">
     <transform x="0" y="0" skX="0" skY="0" scX="1" scY="1" pX="0" pY="0"/>
    </frame>
    <frame z="0" displayIndex="5" duration="2">
     <transform x="0" y="0" skX="0" skY="0" scX="1" scY="1" pX="0" pY="0"/>
    </frame>
    <frame z="0" displayIndex="6" duration="2">
     <transform x="0" y="0" skX="0" skY="0" scX="1" scY="1" pX="0" pY="0"/>
    </frame>
    <frame z="0" displayIndex="7" duration="2">
     <transform x="0" y="0" skX="0" skY="0" scX="1" scY="1" pX="0" pY="0"/>
    </frame>
    <frame z="0" displayIndex="8" duration="3">
     <transform x="0" y="0" skX="0" skY="0" scX="1" scY="1" pX="0" pY="0"/>
    </frame>
    <frame z="0" displayIndex="9" duration="3">
     <transform x="0" y="0" skX="0" skY="0" scX="1" scY="1" pX="0" pY="0"/>
    </frame>
    <frame z="0" displayIndex="10" duration="3">
     <transform x="0" y="0" skX="0" skY="0" scX="1" scY="1" pX="0" pY="0"/>
    </frame>
    <frame z="0" displayIndex="11" duration="3">
     <transform x="0" y="0" skX="0" skY="0" scX="1" scY="1" pX="0" pY="0"/>
    </frame>
    <frame z="0" displayIndex="12" duration="2">
     <transform x="0" y="0" skX="0" skY="0" scX="1" scY="1" pX="0" pY="0"/>
    </frame>
    <frame z="0" displayIndex="13" duration="2">
     <transform x="0" y="0" skX="0" skY="0" scX="1" scY="1" pX="0" pY="0"/>
    </frame>
    <frame z="0" displayIndex="14" duration="1">
     <transform x="0" y="0" skX="0" skY="0" scX="1" scY="1" pX="0" pY="0"/>
    </frame>
    <frame z="0" displayIndex="14" duration="1">
     <transform x="0" y="0" skX="0" skY="0" scX="0.01" scY="0.01" pX="0" pY="0"/>
     <colorTransform aO="0" rO="0" gO="0" bO="0" aM="0" rM="100" gM="100" bM="100"/>
    </frame>
   </timeline>
  </animation>
 </armature>
</dragonBones>