<TextureAtlas name="CastIceLevin_mc" imagePath="texture.png">
 <SubTexture name="Shape/shape 6991" x="0" y="224" width="140" height="110"/>
 <SubTexture name="Shape/shape 6993" x="284" y="448" width="140" height="110"/>
 <SubTexture name="Shape/shape 6995" x="284" y="336" width="140" height="110"/>
 <SubTexture name="Shape/shape 6997" x="0" y="112" width="140" height="110"/>
 <SubTexture name="Shape/shape 6999" x="142" y="224" width="140" height="110"/>
 <SubTexture name="Shape/shape 7001" x="142" y="336" width="140" height="110"/>
 <SubTexture name="Shape/shape 7003" x="284" y="224" width="140" height="110"/>
 <SubTexture name="Shape/shape 7005" x="0" y="0" width="140" height="110"/>
 <SubTexture name="Shape/shape 7007" x="142" y="448" width="140" height="110"/>
 <SubTexture name="Shape/shape 7009" x="0" y="336" width="140" height="110"/>
 <SubTexture name="Shape/shape 7011" x="0" y="448" width="140" height="110"/>
 <SubTexture name="Shape/shape 7013" x="284" y="0" width="140" height="110"/>
 <SubTexture name="Shape/shape 7015" x="142" y="0" width="140" height="110"/>
 <SubTexture name="Shape/shape 7017" x="284" y="112" width="140" height="110"/>
 <SubTexture name="Shape/shape 7019" x="142" y="112" width="140" height="110"/>
</TextureAtlas>