<dragonBones name="1yrt" frameRate="30" version="2.3">
 <armature name="BulletFireTower_mc">
  <bone name="Layer 1">
   <transform x="0" y="0" skX="0" skY="0" scX="1" scY="1"/>
  </bone>
  <skin name="default">
   <slot name="Layer 1" parent="Layer 1" z="0">
    <display name="Shape/shape 6340" type="image">
     <transform x="0" y="0" skX="0" skY="0" scX="1" scY="1" pX="10" pY="10"/>
    </display>
    <display name="Shape/shape 6342" type="image">
     <transform x="0" y="0" skX="0" skY="0" scX="1" scY="1" pX="10" pY="10"/>
    </display>
    <display name="Shape/shape 6344" type="image">
     <transform x="0" y="0" skX="0" skY="0" scX="1" scY="1" pX="10" pY="10"/>
    </display>
    <display name="Shape/shape 6346" type="image">
     <transform x="0" y="0" skX="0" skY="0" scX="1" scY="1" pX="10" pY="10"/>
    </display>
    <display name="Shape/shape 6348" type="image">
     <transform x="0" y="0" skX="0" skY="0" scX="1" scY="1" pX="10" pY="10"/>
    </display>
   </slot>
  </skin>
  <animation name="BulletFireTower_mc" fadeInTime="0.3" duration="10" scale="1" loop="1" autoTween="1" tweenEasing="NaN">
   <timeline name="Layer 1" scale="1" offset="0">
    <frame z="0" duration="2">
     <transform x="0" y="0" skX="0" skY="0" scX="1" scY="1" pX="0" pY="0"/>
    </frame>
    <frame z="0" displayIndex="1" duration="2">
     <transform x="0" y="0" skX="0" skY="0" scX="1" scY="1" pX="0" pY="0"/>
    </frame>
    <frame z="0" displayIndex="2" duration="2">
     <transform x="0" y="0" skX="0" skY="0" scX="1" scY="1" pX="0" pY="0"/>
    </frame>
    <frame z="0" displayIndex="3" duration="2">
     <transform x="0" y="0" skX="0" skY="0" scX="1" scY="1" pX="0" pY="0"/>
    </frame>
    <frame z="0" displayIndex="4" duration="2">
     <transform x="0" y="0" skX="0" skY="0" scX="1" scY="1" pX="0" pY="0"/>
    </frame>
   </timeline>
  </animation>
 </armature>
</dragonBones>