<root name="Unit25VerticalDeath_mc" isGlobal="0" frameRate="30" version="3.0">
 <armature name="Unit25VerticalDeath_mc">
  <skin name="default">
   <slot name="Layer 1" z="0" parent="Layer 1">
    <display name="Shape/shape 11756" type="image">
     <transform scX="1" x="0" scY="1" y="0" pX="28" pY="43" skX="0" skY="0"/>
    </display>
    <display name="Shape/shape 11758" type="image">
     <transform scX="1" x="0" scY="1" y="0" pX="28" pY="43" skX="0" skY="0"/>
    </display>
    <display name="Shape/shape 11760" type="image">
     <transform scX="1" x="0" scY="1" y="0" pX="28" pY="43" skX="0" skY="0"/>
    </display>
    <display name="Shape/shape 11762" type="image">
     <transform scX="1" x="0" scY="1" y="0" pX="28" pY="43" skX="0" skY="0"/>
    </display>
    <display name="Shape/shape 11764" type="image">
     <transform scX="1" x="0" scY="1" y="0" pX="28" pY="43" skX="0" skY="0"/>
    </display>
    <display name="Shape/shape 11766" type="image">
     <transform scX="1" x="0" scY="1" y="0" pX="28" pY="43" skX="0" skY="0"/>
    </display>
    <display name="Shape/shape 11768" type="image">
     <transform scX="1" x="0" scY="1" y="0" pX="28" pY="43" skX="0" skY="0"/>
    </display>
    <display name="Shape/shape 11770" type="image">
     <transform scX="1" x="0" scY="1" y="0" pX="28" pY="43" skX="0" skY="0"/>
    </display>
    <display name="Shape/shape 11772" type="image">
     <transform scX="1" x="0" scY="1" y="0" pX="28" pY="43" skX="0" skY="0"/>
    </display>
    <display name="Shape/shape 11774" type="image">
     <transform scX="1" x="0" scY="1" y="0" pX="28" pY="43" skX="0" skY="0"/>
    </display>
    <display name="Shape/shape 11776" type="image">
     <transform scX="1" x="0" scY="1" y="0" pX="28" pY="43" skX="0" skY="0"/>
    </display>
    <display name="Shape/shape 11778" type="image">
     <transform scX="1" x="0" scY="1" y="0" pX="28" pY="43" skX="0" skY="0"/>
    </display>
    <display name="Shape/shape 11780" type="image">
     <transform scX="1" x="0" scY="1" y="0" pX="28" pY="43" skX="0" skY="0"/>
    </display>
    <display name="Shape/shape 11782" type="image">
     <transform scX="1" x="0" scY="1" y="0" pX="28" pY="43" skX="0" skY="0"/>
    </display>
    <display name="Shape/shape 11784" type="image">
     <transform scX="1" x="0" scY="1" y="0" pX="28" pY="43" skX="0" skY="0"/>
    </display>
    <display name="Shape/shape 11786" type="image">
     <transform scX="1" x="0" scY="1" y="0" pX="28" pY="43" skX="0" skY="0"/>
    </display>
    <display name="Shape/shape 11788" type="image">
     <transform scX="1" x="0" scY="1" y="0" pX="28" pY="43" skX="0" skY="0"/>
    </display>
    <display name="Shape/shape 11790" type="image">
     <transform scX="1" x="0" scY="1" y="0" pX="28" pY="43" skX="0" skY="0"/>
    </display>
    <display name="Shape/shape 11792" type="image">
     <transform scX="1" x="0" scY="1" y="0" pX="28" pY="43" skX="0" skY="0"/>
    </display>
    <display name="Shape/shape 11794" type="image">
     <transform scX="1" x="0" scY="1" y="0" pX="28" pY="43" skX="0" skY="0"/>
    </display>
    <display name="Shape/shape 11796" type="image">
     <transform scX="1" x="0" scY="1" y="0" pX="28" pY="43" skX="0" skY="0"/>
    </display>
    <display name="Shape/shape 11798" type="image">
     <transform scX="1" x="0" scY="1" y="0" pX="28" pY="43" skX="0" skY="0"/>
    </display>
    <display name="Shape/shape 11800" type="image">
     <transform scX="1" x="0" scY="1" y="0" pX="28" pY="43" skX="0" skY="0"/>
    </display>
    <display name="Shape/shape 11802" type="image">
     <transform scX="1" x="0" scY="1" y="0" pX="28" pY="43" skX="0" skY="0"/>
    </display>
    <display name="Shape/shape 11804" type="image">
     <transform scX="1" x="0" scY="1" y="0" pX="28" pY="43" skX="0" skY="0"/>
    </display>
    <display name="Shape/shape 11806" type="image">
     <transform scX="1" x="0" scY="1" y="0" pX="28" pY="43" skX="0" skY="0"/>
    </display>
    <display name="Shape/shape 11808" type="image">
     <transform scX="1" x="0" scY="1" y="0" pX="28" pY="43" skX="0" skY="0"/>
    </display>
    <display name="Shape/shape 11809" type="image">
     <transform scX="1" x="0" scY="1" y="0" pX="28" pY="43" skX="0" skY="0"/>
    </display>
    <display name="Shape/shape 11811" type="image">
     <transform scX="1" x="0" scY="1" y="0" pX="28" pY="43" skX="0" skY="0"/>
    </display>
    <display name="Shape/shape 11812" type="image">
     <transform scX="1" x="0" scY="1" y="0" pX="28" pY="43" skX="0" skY="0"/>
    </display>
   </slot>
  </skin>
  <bone name="Layer 1">
   <transform scX="1" x="0" skX="0" scY="1" y="0" skY="0"/>
  </bone>
  <animation fadeInTime="0.3" scale="1" loop="1" autoTween="NaN" name="Unit25VerticalDeath_mc" duration="30" tweenEasing="NaN">
   <timeline pX="0" name="Layer 1" pY="0" scale="1" offset="0">
    <frame z="0" duration="1">
     <transform scX="1" x="0" scY="1" y="0" pX="0" pY="0" skX="0" skY="0"/>
    </frame>
    <frame displayIndex="1" z="0" duration="1">
     <transform scX="1" x="0" scY="1" y="0" pX="0" pY="0" skX="0" skY="0"/>
    </frame>
    <frame displayIndex="2" z="0" duration="1">
     <transform scX="1" x="0" scY="1" y="0" pX="0" pY="0" skX="0" skY="0"/>
    </frame>
    <frame displayIndex="3" z="0" duration="1">
     <transform scX="1" x="0" scY="1" y="0" pX="0" pY="0" skX="0" skY="0"/>
    </frame>
    <frame displayIndex="4" z="0" duration="1">
     <transform scX="1" x="0" scY="1" y="0" pX="0" pY="0" skX="0" skY="0"/>
    </frame>
    <frame displayIndex="5" z="0" duration="1">
     <transform scX="1" x="0" scY="1" y="0" pX="0" pY="0" skX="0" skY="0"/>
    </frame>
    <frame displayIndex="6" z="0" duration="1">
     <transform scX="1" x="0" scY="1" y="0" pX="0" pY="0" skX="0" skY="0"/>
    </frame>
    <frame displayIndex="7" z="0" duration="1">
     <transform scX="1" x="0" scY="1" y="0" pX="0" pY="0" skX="0" skY="0"/>
    </frame>
    <frame displayIndex="8" z="0" duration="1">
     <transform scX="1" x="0" scY="1" y="0" pX="0" pY="0" skX="0" skY="0"/>
    </frame>
    <frame displayIndex="9" z="0" duration="1">
     <transform scX="1" x="0" scY="1" y="0" pX="0" pY="0" skX="0" skY="0"/>
    </frame>
    <frame displayIndex="10" z="0" duration="1">
     <transform scX="1" x="0" scY="1" y="0" pX="0" pY="0" skX="0" skY="0"/>
    </frame>
    <frame displayIndex="11" z="0" duration="1">
     <transform scX="1" x="0" scY="1" y="0" pX="0" pY="0" skX="0" skY="0"/>
    </frame>
    <frame displayIndex="12" z="0" duration="1">
     <transform scX="1" x="0" scY="1" y="0" pX="0" pY="0" skX="0" skY="0"/>
    </frame>
    <frame displayIndex="13" z="0" duration="1">
     <transform scX="1" x="0" scY="1" y="0" pX="0" pY="0" skX="0" skY="0"/>
    </frame>
    <frame displayIndex="14" z="0" duration="1">
     <transform scX="1" x="0" scY="1" y="0" pX="0" pY="0" skX="0" skY="0"/>
    </frame>
    <frame displayIndex="15" z="0" duration="1">
     <transform scX="1" x="0" scY="1" y="0" pX="0" pY="0" skX="0" skY="0"/>
    </frame>
    <frame displayIndex="16" z="0" duration="1">
     <transform scX="1" x="0" scY="1" y="0" pX="0" pY="0" skX="0" skY="0"/>
    </frame>
    <frame displayIndex="17" z="0" duration="1">
     <transform scX="1" x="0" scY="1" y="0" pX="0" pY="0" skX="0" skY="0"/>
    </frame>
    <frame displayIndex="18" z="0" duration="1">
     <transform scX="1" x="0" scY="1" y="0" pX="0" pY="0" skX="0" skY="0"/>
    </frame>
    <frame displayIndex="19" z="0" duration="1">
     <transform scX="1" x="0" scY="1" y="0" pX="0" pY="0" skX="0" skY="0"/>
    </frame>
    <frame displayIndex="20" z="0" duration="1">
     <transform scX="1" x="0" scY="1" y="0" pX="0" pY="0" skX="0" skY="0"/>
    </frame>
    <frame displayIndex="21" z="0" duration="1">
     <transform scX="1" x="0" scY="1" y="0" pX="0" pY="0" skX="0" skY="0"/>
    </frame>
    <frame displayIndex="22" z="0" duration="1">
     <transform scX="1" x="0" scY="1" y="0" pX="0" pY="0" skX="0" skY="0"/>
    </frame>
    <frame displayIndex="23" z="0" duration="1">
     <transform scX="1" x="0" scY="1" y="0" pX="0" pY="0" skX="0" skY="0"/>
    </frame>
    <frame displayIndex="24" z="0" duration="1">
     <transform scX="1" x="0" scY="1" y="0" pX="0" pY="0" skX="0" skY="0"/>
    </frame>
    <frame displayIndex="25" z="0" duration="1">
     <transform scX="1" x="0" scY="1" y="0" pX="0" pY="0" skX="0" skY="0"/>
    </frame>
    <frame displayIndex="26" z="0" duration="1">
     <transform scX="1" x="0" scY="1" y="0" pX="0" pY="0" skX="0" skY="0"/>
    </frame>
    <frame displayIndex="27" z="0" duration="1">
     <transform scX="1" x="0" scY="1" y="0" pX="0" pY="0" skX="0" skY="0"/>
    </frame>
    <frame displayIndex="28" z="0" duration="1">
     <transform scX="1" x="0" scY="1" y="0" pX="0" pY="0" skX="0" skY="0"/>
    </frame>
    <frame displayIndex="29" z="0" duration="1">
     <transform scX="1" x="0" scY="1" y="0" pX="0" pY="0" skX="0" skY="0"/>
    </frame>
   </timeline>
  </animation>
 </armature>
</root>