<root name="TowerBlockBone" isGlobal="0" frameRate="30" version="3.0">
 <armature name="blockTower">
  <skin name="default">
   <slot name="cont" z="0" parent="cont">
    <display name="Shape/shape 6385" type="image">
     <transform scX="1" x="0" scY="1" y="0" pX="47" pY="43" skX="0" skY="0"/>
    </display>
    <display name="Shape/shape 6387" type="image">
     <transform scX="1" x="0" scY="1" y="0" pX="47" pY="43" skX="0" skY="0"/>
    </display>
    <display name="Shape/shape 6389" type="image">
     <transform scX="1" x="0" scY="1" y="0" pX="47" pY="43" skX="0" skY="0"/>
    </display>
    <display name="Shape/shape 6391" type="image">
     <transform scX="1" x="0" scY="1" y="0" pX="47" pY="43" skX="0" skY="0"/>
    </display>
    <display name="Shape/shape 6393" type="image">
     <transform scX="1" x="0" scY="1" y="0" pX="47" pY="43" skX="0" skY="0"/>
    </display>
    <display name="Shape/shape 6395" type="image">
     <transform scX="1" x="0" scY="1" y="0" pX="47" pY="43" skX="0" skY="0"/>
    </display>
    <display name="Shape/shape 6397" type="image">
     <transform scX="1" x="0" scY="1" y="0" pX="47" pY="43" skX="0" skY="0"/>
    </display>
    <display name="Shape/shape 6399" type="image">
     <transform scX="1" x="0" scY="1" y="0" pX="47" pY="43" skX="0" skY="0"/>
    </display>
    <display name="Shape/shape 6401" type="image">
     <transform scX="1" x="0" scY="1" y="0" pX="47" pY="43" skX="0" skY="0"/>
    </display>
    <display name="Shape/shape 6403" type="image">
     <transform scX="1" x="0" scY="1" y="0" pX="47" pY="43" skX="0" skY="0"/>
    </display>
    <display name="Shape/shape 6405" type="image">
     <transform scX="1" x="0" scY="1" y="0" pX="47" pY="43" skX="0" skY="0"/>
    </display>
    <display name="Shape/shape 6407" type="image">
     <transform scX="1" x="0" scY="1" y="0" pX="47" pY="43" skX="0" skY="0"/>
    </display>
    <display name="Shape/shape 6409" type="image">
     <transform scX="1" x="0" scY="1" y="0" pX="47" pY="43" skX="0" skY="0"/>
    </display>
    <display name="Shape/shape 6411" type="image">
     <transform scX="1" x="0" scY="1" y="0" pX="47" pY="43" skX="0" skY="0"/>
    </display>
    <display name="Shape/shape 6413" type="image">
     <transform scX="1" x="0" scY="1" y="0" pX="47" pY="43" skX="0" skY="0"/>
    </display>
    <display name="Shape/shape 6414" type="image">
     <transform scX="1" x="0" scY="1" y="0" pX="47" pY="43" skX="0" skY="0"/>
    </display>
    <display name="Shape/shape 6415" type="image">
     <transform scX="1" x="0" scY="1" y="0" pX="47" pY="43" skX="0" skY="0"/>
    </display>
    <display name="Shape/shape 6416" type="image">
     <transform scX="1" x="0" scY="1" y="0" pX="47" pY="43" skX="0" skY="0"/>
    </display>
    <display name="Shape/shape 6417" type="image">
     <transform scX="1" x="0" scY="1" y="0" pX="47" pY="43" skX="0" skY="0"/>
    </display>
    <display name="Shape/shape 6418" type="image">
     <transform scX="1" x="0" scY="1" y="0" pX="47" pY="43" skX="0" skY="0"/>
    </display>
    <display name="Shape/shape 6419" type="image">
     <transform scX="1" x="0" scY="1" y="0" pX="47" pY="43" skX="0" skY="0"/>
    </display>
    <display name="Shape/shape 6420" type="image">
     <transform scX="1" x="0" scY="1" y="0" pX="47" pY="43" skX="0" skY="0"/>
    </display>
    <display name="Shape/shape 6421" type="image">
     <transform scX="1" x="0" scY="1" y="0" pX="47" pY="43" skX="0" skY="0"/>
    </display>
   </slot>
  </skin>
  <bone name="cont">
   <transform scX="1" x="0" skX="0" scY="1" y="0" skY="0"/>
  </bone>
  <animation fadeInTime="0.3" scale="1" loop="1" autoTween="NaN" name="blockTower" duration="41" tweenEasing="NaN">
   <timeline pX="0" name="cont" pY="0" scale="1" offset="0">
    <frame z="0" duration="1">
     <transform scX="1" x="0" scY="1" y="0" pX="0" pY="0" skX="0" skY="0"/>
    </frame>
    <frame displayIndex="1" z="0" duration="1">
     <transform scX="1" x="0" scY="1" y="0" pX="0" pY="0" skX="0" skY="0"/>
    </frame>
    <frame displayIndex="2" z="0" duration="1">
     <transform scX="1" x="0" scY="1" y="0" pX="0" pY="0" skX="0" skY="0"/>
    </frame>
    <frame displayIndex="3" z="0" duration="1">
     <transform scX="1" x="0" scY="1" y="0" pX="0" pY="0" skX="0" skY="0"/>
    </frame>
    <frame displayIndex="4" z="0" duration="2">
     <transform scX="1" x="0" scY="1" y="0" pX="0" pY="0" skX="0" skY="0"/>
    </frame>
    <frame displayIndex="5" z="0" duration="2">
     <transform scX="1" x="0" scY="1" y="0" pX="0" pY="0" skX="0" skY="0"/>
    </frame>
    <frame displayIndex="6" z="0" duration="2">
     <transform scX="1" x="0" scY="1" y="0" pX="0" pY="0" skX="0" skY="0"/>
    </frame>
    <frame displayIndex="7" z="0" duration="2">
     <transform scX="1" x="0" scY="1" y="0" pX="0" pY="0" skX="0" skY="0"/>
    </frame>
    <frame displayIndex="8" z="0" duration="2">
     <transform scX="1" x="0" scY="1" y="0" pX="0" pY="0" skX="0" skY="0"/>
    </frame>
    <frame displayIndex="9" z="0" duration="2">
     <transform scX="1" x="0" scY="1" y="0" pX="0" pY="0" skX="0" skY="0"/>
    </frame>
    <frame displayIndex="10" z="0" duration="2">
     <transform scX="1" x="0" scY="1" y="0" pX="0" pY="0" skX="0" skY="0"/>
    </frame>
    <frame displayIndex="11" z="0" duration="1">
     <transform scX="1" x="0" scY="1" y="0" pX="0" pY="0" skX="0" skY="0"/>
    </frame>
    <frame displayIndex="12" z="0" duration="1">
     <transform scX="1" x="0" scY="1" y="0" pX="0" pY="0" skX="0" skY="0"/>
    </frame>
    <frame displayIndex="13" z="0" duration="2">
     <transform scX="1" x="0" scY="1" y="0" pX="0" pY="0" skX="0" skY="0"/>
    </frame>
    <frame displayIndex="14" z="0" duration="2">
     <transform scX="1" x="0" scY="1" y="0" pX="0" pY="0" skX="0" skY="0"/>
    </frame>
    <frame displayIndex="15" z="0" duration="2">
     <transform scX="1" x="0" scY="1" y="0" pX="0" pY="0" skX="0" skY="0"/>
    </frame>
    <frame displayIndex="16" z="0" duration="2">
     <transform scX="1" x="0" scY="1" y="0" pX="0" pY="0" skX="0" skY="0"/>
    </frame>
    <frame displayIndex="17" z="0" duration="2">
     <transform scX="1" x="0" scY="1" y="0" pX="0" pY="0" skX="0" skY="0"/>
    </frame>
    <frame displayIndex="18" z="0" duration="2">
     <transform scX="1" x="0" scY="1" y="0" pX="0" pY="0" skX="0" skY="0"/>
    </frame>
    <frame displayIndex="19" z="0" duration="2">
     <transform scX="1" x="0" scY="1" y="0" pX="0" pY="0" skX="0" skY="0"/>
    </frame>
    <frame displayIndex="20" z="0" duration="2">
     <transform scX="1" x="0" scY="1" y="0" pX="0" pY="0" skX="0" skY="0"/>
    </frame>
    <frame displayIndex="21" z="0" duration="2">
     <transform scX="1" x="0" scY="1" y="0" pX="0" pY="0" skX="0" skY="0"/>
    </frame>
    <frame displayIndex="22" z="0" duration="1">
     <transform scX="1" x="0" scY="1" y="0" pX="0" pY="0" skX="0" skY="0"/>
    </frame>
    <frame displayIndex="12" z="0" duration="1">
     <transform scX="1" x="0" scY="1" y="0" pX="0" pY="0" skX="0" skY="0"/>
    </frame>
    <frame displayIndex="12" z="0" duration="1">
     <transform scX="1" x="0" scY="1" y="0" pX="0" pY="0" skX="0" skY="0"/>
    </frame>
   </timeline>
  </animation>
 </armature>
 <armature name="boneBlock">
  <skin name="default">
   <slot name="cont" z="0" parent="cont">
    <display name="Shape/shape 6357" type="image">
     <transform scX="1" x="0" scY="1" y="0" pX="52" pY="39" skX="0" skY="0"/>
    </display>
    <display name="Shape/shape 6359" type="image">
     <transform scX="1" x="0" scY="1" y="0" pX="52" pY="39" skX="0" skY="0"/>
    </display>
    <display name="Shape/shape 6361" type="image">
     <transform scX="1" x="0" scY="1" y="0" pX="52" pY="39" skX="0" skY="0"/>
    </display>
    <display name="Shape/shape 6363" type="image">
     <transform scX="1" x="0" scY="1" y="0" pX="52" pY="39" skX="0" skY="0"/>
    </display>
    <display name="Shape/shape 6365" type="image">
     <transform scX="1" x="0" scY="1" y="0" pX="52" pY="39" skX="0" skY="0"/>
    </display>
    <display name="Shape/shape 6367" type="image">
     <transform scX="1" x="0" scY="1" y="0" pX="52" pY="39" skX="0" skY="0"/>
    </display>
    <display name="Shape/shape 6368" type="image">
     <transform scX="1" x="0" scY="1" y="0" pX="52" pY="39" skX="0" skY="0"/>
    </display>
    <display name="Shape/shape 6370" type="image">
     <transform scX="1" x="0" scY="1" y="0" pX="52" pY="39" skX="0" skY="0"/>
    </display>
    <display name="Shape/shape 6372" type="image">
     <transform scX="1" x="0" scY="1" y="0" pX="52" pY="39" skX="0" skY="0"/>
    </display>
    <display name="Shape/shape 6374" type="image">
     <transform scX="1" x="0" scY="1" y="0" pX="52" pY="39" skX="0" skY="0"/>
    </display>
    <display name="Shape/shape 6376" type="image">
     <transform scX="1" x="0" scY="1" y="0" pX="52" pY="39" skX="0" skY="0"/>
    </display>
    <display name="Shape/shape 6378" type="image">
     <transform scX="1" x="0" scY="1" y="0" pX="52" pY="39" skX="0" skY="0"/>
    </display>
    <display name="Shape/shape 6380" type="image">
     <transform scX="1" x="0" scY="1" y="0" pX="52" pY="39" skX="0" skY="0"/>
    </display>
    <display name="Shape/shape 6382" type="image">
     <transform scX="1" x="0" scY="1" y="0" pX="52" pY="39" skX="0" skY="0"/>
    </display>
   </slot>
  </skin>
  <bone name="cont">
   <transform scX="1" x="0" skX="0" scY="1" y="0" skY="0"/>
  </bone>
  <animation fadeInTime="0.3" scale="1" loop="1" autoTween="NaN" name="boneBlock" duration="19" tweenEasing="NaN">
   <timeline pX="0" name="cont" pY="0" scale="1" offset="0">
    <frame z="0" duration="2">
     <transform scX="1" x="0" scY="1" y="0" pX="0" pY="0" skX="0" skY="0"/>
    </frame>
    <frame displayIndex="1" z="0" duration="2">
     <transform scX="1" x="0" scY="1" y="0" pX="0" pY="0" skX="0" skY="0"/>
    </frame>
    <frame displayIndex="2" z="0" duration="2">
     <transform scX="1" x="0" scY="1" y="0" pX="0" pY="0" skX="0" skY="0"/>
    </frame>
    <frame displayIndex="3" z="0" duration="2">
     <transform scX="1" x="0" scY="1" y="0" pX="0" pY="0" skX="0" skY="0"/>
    </frame>
    <frame displayIndex="4" z="0" duration="1">
     <transform scX="1" x="0" scY="1" y="0" pX="0" pY="0" skX="0" skY="0"/>
    </frame>
    <frame displayIndex="5" z="0" duration="1">
     <transform scX="1" x="0" scY="1" y="0" pX="0" pY="0" skX="0" skY="0"/>
    </frame>
    <frame displayIndex="6" z="0" duration="1">
     <transform scX="1" x="0" scY="1" y="0" pX="0" pY="0" skX="0" skY="0"/>
    </frame>
    <frame displayIndex="7" z="0" duration="1">
     <transform scX="1" x="0" scY="1" y="0" pX="0" pY="0" skX="0" skY="0"/>
    </frame>
    <frame displayIndex="8" z="0" duration="1">
     <transform scX="1" x="0" scY="1" y="0" pX="0" pY="0" skX="0" skY="0"/>
    </frame>
    <frame displayIndex="9" z="0" duration="1">
     <transform scX="1" x="0" scY="1" y="0" pX="0" pY="0" skX="0" skY="0"/>
    </frame>
    <frame displayIndex="10" z="0" duration="1">
     <transform scX="1" x="0" scY="1" y="0" pX="0" pY="0" skX="0" skY="0"/>
    </frame>
    <frame displayIndex="11" z="0" duration="1">
     <transform scX="1" x="0" scY="1" y="0" pX="0" pY="0" skX="0" skY="0"/>
    </frame>
    <frame displayIndex="12" z="0" duration="1">
     <transform scX="1" x="0" scY="1" y="0" pX="0" pY="0" skX="0" skY="0"/>
    </frame>
    <frame displayIndex="13" z="0" duration="1">
     <transform scX="1" x="0" scY="1" y="0" pX="0" pY="0" skX="0" skY="0"/>
    </frame>
    <frame displayIndex="13" z="0" duration="1">
     <transform scX="1" x="0" scY="1" y="0" pX="0" pY="0" skX="0" skY="0"/>
    </frame>
   </timeline>
  </animation>
 </armature>
</root>