<TextureAtlas name="TowerBlockBone" imagePath="texture.png">
 <SubTexture name="Shape/shape 6385" x="97" y="248" width="95" height="86"/>
 <SubTexture name="Shape/shape 6387" x="729" y="80" width="95" height="86"/>
 <SubTexture name="Shape/shape 6389" x="826" y="80" width="95" height="86"/>
 <SubTexture name="Shape/shape 6391" x="923" y="80" width="95" height="86"/>
 <SubTexture name="Shape/shape 6393" x="485" y="256" width="95" height="86"/>
 <SubTexture name="Shape/shape 6395" x="679" y="256" width="95" height="86"/>
 <SubTexture name="Shape/shape 6397" x="582" y="168" width="95" height="86"/>
 <SubTexture name="Shape/shape 6399" x="97" y="160" width="95" height="86"/>
 <SubTexture name="Shape/shape 6401" x="0" y="160" width="95" height="86"/>
 <SubTexture name="Shape/shape 6403" x="388" y="160" width="95" height="86"/>
 <SubTexture name="Shape/shape 6405" x="776" y="168" width="95" height="86"/>
 <SubTexture name="Shape/shape 6407" x="291" y="248" width="95" height="86"/>
 <SubTexture name="Shape/shape 6409" x="582" y="256" width="95" height="86"/>
 <SubTexture name="Shape/shape 6411" x="388" y="248" width="95" height="86"/>
 <SubTexture name="Shape/shape 6413" x="632" y="80" width="95" height="86"/>
 <SubTexture name="Shape/shape 6414" x="679" y="168" width="95" height="86"/>
 <SubTexture name="Shape/shape 6415" x="535" y="80" width="95" height="86"/>
 <SubTexture name="Shape/shape 6416" x="194" y="160" width="95" height="86"/>
 <SubTexture name="Shape/shape 6417" x="0" y="248" width="95" height="86"/>
 <SubTexture name="Shape/shape 6418" x="291" y="160" width="95" height="86"/>
 <SubTexture name="Shape/shape 6419" x="873" y="168" width="95" height="86"/>
 <SubTexture name="Shape/shape 6420" x="485" y="168" width="95" height="86"/>
 <SubTexture name="Shape/shape 6421" x="194" y="248" width="95" height="86"/>
 <SubTexture name="Shape/shape 6357" x="535" y="0" width="105" height="78"/>
 <SubTexture name="Shape/shape 6359" x="856" y="0" width="105" height="78"/>
 <SubTexture name="Shape/shape 6361" x="321" y="0" width="105" height="78"/>
 <SubTexture name="Shape/shape 6363" x="321" y="80" width="105" height="78"/>
 <SubTexture name="Shape/shape 6365" x="428" y="0" width="105" height="78"/>
 <SubTexture name="Shape/shape 6367" x="214" y="80" width="105" height="78"/>
 <SubTexture name="Shape/shape 6368" x="0" y="80" width="105" height="78"/>
 <SubTexture name="Shape/shape 6370" x="107" y="0" width="105" height="78"/>
 <SubTexture name="Shape/shape 6372" x="428" y="80" width="105" height="78"/>
 <SubTexture name="Shape/shape 6374" x="642" y="0" width="105" height="78"/>
 <SubTexture name="Shape/shape 6376" x="214" y="0" width="105" height="78"/>
 <SubTexture name="Shape/shape 6378" x="0" y="0" width="105" height="78"/>
 <SubTexture name="Shape/shape 6380" x="749" y="0" width="105" height="78"/>
 <SubTexture name="Shape/shape 6382" x="107" y="80" width="105" height="78"/>
</TextureAtlas>