<root name="Air_mc" isGlobal="0" frameRate="30" version="3.0">
 <armature name="Air_mc">
  <skin name="default">
   <slot name="dust2" z="0" parent="dust2">
    <display name="dust2" type="armature">
     <transform/>
    </display>
   </slot>
   <slot name="cont" z="1" parent="cont">
    <display name="right" type="armature">
     <transform/>
    </display>
    <display name="up" type="armature">
     <transform/>
    </display>
    <display name="down" type="armature">
     <transform/>
    </display>
   </slot>
   <slot name="dust1" z="2" parent="dust1">
    <display name="dust1" type="armature">
     <transform/>
    </display>
   </slot>
  </skin>
  <bone name="dust2">
   <transform x="-1" y="-20"/>
  </bone>
  <bone name="cont">
   <transform scX="-1" y="-15"/>
  </bone>
  <bone name="dust1">
   <transform x="-1" y="-11"/>
  </bone>
  <animation fadeInTime="0.3" autoTween="1" name="Air_mc" duration="5" tweenEasing="NaN">
   <timeline name="dust2">
    <frame z="0" duration="5">
     <transform/>
    </frame>
   </timeline>
   <timeline name="cont">
    <frame z="0" duration="1" tweenEasing="0">
     <transform/>
    </frame>
    <frame z="0" duration="1">
     <transform scX="-1"/>
    </frame>
    <frame displayIndex="1" z="0" duration="1">
     <transform scX="-1"/>
    </frame>
    <frame displayIndex="2" z="0" duration="1">
     <transform scX="-1"/>
    </frame>
    <frame displayIndex="2" z="0" duration="1">
     <transform scX="-1"/>
    </frame>
   </timeline>
   <timeline name="dust1">
    <frame z="0" duration="5">
     <transform/>
    </frame>
   </timeline>
  </animation>
 </armature>
 <armature name="dust2">
  <skin name="default">
   <slot name="dust2" z="0" parent="dust2">
    <display name="Shape/shape 1269" type="image">
     <transform pX="56" pY="64"/>
    </display>
    <display name="Shape/shape 1271" type="image">
     <transform pX="56" pY="64"/>
    </display>
    <display name="Shape/shape 1273" type="image">
     <transform pX="56" pY="64"/>
    </display>
    <display name="Shape/shape 1275" type="image">
     <transform pX="56" pY="64"/>
    </display>
    <display name="Shape/shape 1277" type="image">
     <transform pX="56" pY="64"/>
    </display>
    <display name="Shape/shape 1279" type="image">
     <transform pX="56" pY="64"/>
    </display>
    <display name="Shape/shape 1281" type="image">
     <transform pX="56" pY="64"/>
    </display>
   </slot>
  </skin>
  <bone name="dust2">
   <transform/>
  </bone>
  <animation autoTween="1" name="unnamed" duration="14" tweenEasing="NaN">
   <timeline name="dust2">
    <frame displayIndex="-1" duration="2"/>
    <frame z="0" duration="1">
     <transform/>
    </frame>
    <frame displayIndex="1" z="0" duration="1">
     <transform/>
    </frame>
    <frame displayIndex="2" z="0" duration="2">
     <transform/>
    </frame>
    <frame displayIndex="3" z="0" duration="2">
     <transform/>
    </frame>
    <frame displayIndex="4" z="0" duration="2">
     <transform/>
    </frame>
    <frame displayIndex="5" z="0" duration="2">
     <transform/>
    </frame>
    <frame displayIndex="6" z="0" duration="1">
     <transform/>
    </frame>
    <frame displayIndex="6" z="0" duration="1">
     <transform/>
    </frame>
   </timeline>
  </animation>
 </armature>
 <armature name="right">
  <skin name="default">
   <slot name="cont" z="0" parent="cont">
    <display name="Shape/shape 1284" type="image">
     <transform pX="17" pY="25"/>
    </display>
    <display name="Shape/shape 1347" type="image">
     <transform pX="17" pY="25"/>
    </display>
    <display name="Shape/shape 1349" type="image">
     <transform pX="17" pY="25"/>
    </display>
    <display name="Shape/shape 1351" type="image">
     <transform pX="17" pY="25"/>
    </display>
    <display name="Shape/shape 1353" type="image">
     <transform pX="17" pY="25"/>
    </display>
    <display name="Shape/shape 1355" type="image">
     <transform pX="17" pY="25"/>
    </display>
    <display name="Shape/shape 1356" type="image">
     <transform pX="17" pY="25"/>
    </display>
    <display name="Shape/shape 1358" type="image">
     <transform pX="17" pY="25"/>
    </display>
    <display name="Shape/shape 1360" type="image">
     <transform pX="25" pY="35"/>
    </display>
    <display name="Shape/shape 1362" type="image">
     <transform pX="25" pY="35"/>
    </display>
   </slot>
   <slot name="blowing" z="1" parent="blowing">
    <display name="blowing_right" type="armature">
     <transform/>
    </display>
   </slot>
  </skin>
  <bone name="cont">
   <transform/>
  </bone>
  <bone name="blowing">
   <transform/>
  </bone>
  <animation autoTween="1" name="unnamed" duration="50" tweenEasing="NaN">
   <timeline name="cont">
    <frame z="0" duration="3">
     <transform/>
    </frame>
    <frame displayIndex="1" z="0" duration="4">
     <transform/>
    </frame>
    <frame displayIndex="2" z="0" duration="1">
     <transform/>
    </frame>
    <frame displayIndex="3" z="0" duration="3">
     <transform/>
    </frame>
    <frame displayIndex="4" z="0" duration="9">
     <transform/>
    </frame>
    <frame displayIndex="5" z="0" duration="2">
     <transform/>
    </frame>
    <frame displayIndex="6" z="0" duration="1">
     <transform/>
    </frame>
    <frame displayIndex="7" z="0" duration="24">
     <transform/>
    </frame>
    <frame displayIndex="8" z="0" duration="1">
     <transform/>
    </frame>
    <frame displayIndex="9" z="0" duration="1">
     <transform/>
    </frame>
    <frame displayIndex="9" z="0" duration="1">
     <transform/>
    </frame>
   </timeline>
   <timeline name="blowing">
    <frame z="0" duration="48">
     <transform/>
    </frame>
    <frame displayIndex="-1" duration="2"/>
   </timeline>
  </animation>
 </armature>
 <armature name="up">
  <skin name="default">
   <slot name="blowing" z="0" parent="blowing">
    <display name="blowing_up" type="armature">
     <transform/>
    </display>
    <display name="Shape/shape 1451" type="image">
     <transform pX="25" pY="35"/>
    </display>
    <display name="Shape/shape 1453" type="image">
     <transform pX="25" pY="35"/>
    </display>
   </slot>
   <slot name="cont" z="1" parent="cont">
    <display name="Shape/shape 1449" type="image">
     <transform pX="18" pY="25"/>
    </display>
   </slot>
  </skin>
  <bone name="blowing">
   <transform/>
  </bone>
  <bone name="cont">
   <transform/>
  </bone>
  <animation autoTween="1" name="unnamed" duration="50" tweenEasing="NaN">
   <timeline name="blowing">
    <frame z="0" duration="47">
     <transform/>
    </frame>
    <frame displayIndex="1" z="0" duration="1">
     <transform/>
    </frame>
    <frame displayIndex="2" z="0" duration="1">
     <transform/>
    </frame>
    <frame displayIndex="2" z="0" duration="1">
     <transform/>
    </frame>
   </timeline>
   <timeline name="cont">
    <frame z="0" duration="47">
     <transform/>
    </frame>
    <frame z="0" duration="1">
     <transform/>
    </frame>
    <frame displayIndex="-1" duration="2"/>
   </timeline>
  </animation>
 </armature>
 <armature name="down">
  <skin name="default">
   <slot name="cont" z="0" parent="cont">
    <display name="Shape/shape 1456" type="image">
     <transform pX="18" pY="25"/>
    </display>
    <display name="Shape/shape 1537" type="image">
     <transform pX="18" pY="25"/>
    </display>
    <display name="Shape/shape 1539" type="image">
     <transform pX="18" pY="25"/>
    </display>
    <display name="Shape/shape 1541" type="image">
     <transform pX="18" pY="25"/>
    </display>
    <display name="Shape/shape 1543" type="image">
     <transform pX="18" pY="25"/>
    </display>
    <display name="Shape/shape 1545" type="image">
     <transform pX="18" pY="25"/>
    </display>
    <display name="Shape/shape 1547" type="image">
     <transform pX="25" pY="35"/>
    </display>
    <display name="Shape/shape 1549" type="image">
     <transform pX="25" pY="35"/>
    </display>
   </slot>
   <slot name="blowing" z="1" parent="blowing">
    <display name="blowing_down" type="armature">
     <transform/>
    </display>
   </slot>
  </skin>
  <bone name="cont">
   <transform/>
  </bone>
  <bone name="blowing">
   <transform/>
  </bone>
  <animation autoTween="1" name="unnamed" duration="50" tweenEasing="NaN">
   <timeline name="cont">
    <frame z="0" duration="3">
     <transform/>
    </frame>
    <frame displayIndex="1" z="0" duration="5">
     <transform/>
    </frame>
    <frame displayIndex="2" z="0" duration="3">
     <transform/>
    </frame>
    <frame displayIndex="3" z="0" duration="9">
     <transform/>
    </frame>
    <frame displayIndex="4" z="0" duration="3">
     <transform/>
    </frame>
    <frame displayIndex="5" z="0" duration="24">
     <transform/>
    </frame>
    <frame displayIndex="6" z="0" duration="1">
     <transform/>
    </frame>
    <frame displayIndex="7" z="0" duration="1">
     <transform/>
    </frame>
    <frame displayIndex="7" z="0" duration="1">
     <transform/>
    </frame>
   </timeline>
   <timeline name="blowing">
    <frame z="0" duration="48">
     <transform/>
    </frame>
    <frame displayIndex="-1" duration="2"/>
   </timeline>
  </animation>
 </armature>
 <armature name="dust1">
  <skin name="default">
   <slot name="dust1" z="0" parent="dust1">
    <display name="Shape/shape 1365" type="image">
     <transform pX="58" pY="50"/>
    </display>
    <display name="Shape/shape 1367" type="image">
     <transform pX="58" pY="50"/>
    </display>
    <display name="Shape/shape 1369" type="image">
     <transform pX="58" pY="50"/>
    </display>
    <display name="Shape/shape 1371" type="image">
     <transform pX="58" pY="50"/>
    </display>
    <display name="Shape/shape 1373" type="image">
     <transform pX="58" pY="50"/>
    </display>
    <display name="Shape/shape 1375" type="image">
     <transform pX="58" pY="50"/>
    </display>
    <display name="Shape/shape 1377" type="image">
     <transform pX="58" pY="50"/>
    </display>
    <display name="Shape/shape 1379" type="image">
     <transform pX="58" pY="50"/>
    </display>
    <display name="Shape/shape 1381" type="image">
     <transform pX="58" pY="50"/>
    </display>
   </slot>
  </skin>
  <bone name="dust1">
   <transform/>
  </bone>
  <animation autoTween="1" name="unnamed" duration="17" tweenEasing="NaN">
   <timeline name="dust1">
    <frame displayIndex="-1" duration="1"/>
    <frame z="0" duration="1">
     <transform/>
    </frame>
    <frame displayIndex="1" z="0" duration="1">
     <transform/>
    </frame>
    <frame displayIndex="2" z="0" duration="1">
     <transform/>
    </frame>
    <frame displayIndex="3" z="0" duration="2">
     <transform/>
    </frame>
    <frame displayIndex="4" z="0" duration="2">
     <transform/>
    </frame>
    <frame displayIndex="5" z="0" duration="2">
     <transform/>
    </frame>
    <frame displayIndex="6" z="0" duration="2">
     <transform/>
    </frame>
    <frame displayIndex="7" z="0" duration="2">
     <transform/>
    </frame>
    <frame displayIndex="8" z="0" duration="2">
     <transform/>
    </frame>
    <frame displayIndex="8" z="0" duration="1">
     <transform/>
    </frame>
   </timeline>
  </animation>
 </armature>
 <armature name="blowing_right">
  <skin name="default">
   <slot name="blowing" z="0" parent="blowing">
    <display name="Shape/shape 1286" type="image">
     <transform pX="67" pY="64"/>
    </display>
    <display name="Shape/shape 1288" type="image">
     <transform pX="67" pY="64"/>
    </display>
    <display name="Shape/shape 1289" type="image">
     <transform pX="67" pY="64"/>
    </display>
    <display name="Shape/shape 1291" type="image">
     <transform pX="67" pY="64"/>
    </display>
    <display name="Shape/shape 1293" type="image">
     <transform pX="67" pY="64"/>
    </display>
    <display name="Shape/shape 1295" type="image">
     <transform pX="67" pY="64"/>
    </display>
    <display name="Shape/shape 1297" type="image">
     <transform pX="67" pY="64"/>
    </display>
    <display name="Shape/shape 1299" type="image">
     <transform pX="67" pY="64"/>
    </display>
    <display name="Shape/shape 1301" type="image">
     <transform pX="67" pY="64"/>
    </display>
    <display name="Shape/shape 1303" type="image">
     <transform pX="67" pY="64"/>
    </display>
    <display name="Shape/shape 1305" type="image">
     <transform pX="67" pY="64"/>
    </display>
    <display name="Shape/shape 1307" type="image">
     <transform pX="67" pY="64"/>
    </display>
    <display name="Shape/shape 1309" type="image">
     <transform pX="67" pY="64"/>
    </display>
    <display name="Shape/shape 1311" type="image">
     <transform pX="67" pY="64"/>
    </display>
    <display name="Shape/shape 1313" type="image">
     <transform pX="67" pY="64"/>
    </display>
    <display name="Shape/shape 1315" type="image">
     <transform pX="67" pY="64"/>
    </display>
    <display name="Shape/shape 1317" type="image">
     <transform pX="67" pY="64"/>
    </display>
    <display name="Shape/shape 1319" type="image">
     <transform pX="67" pY="64"/>
    </display>
    <display name="Shape/shape 1321" type="image">
     <transform pX="67" pY="64"/>
    </display>
    <display name="Shape/shape 1323" type="image">
     <transform pX="67" pY="64"/>
    </display>
    <display name="Shape/shape 1325" type="image">
     <transform pX="67" pY="64"/>
    </display>
    <display name="Shape/shape 1327" type="image">
     <transform pX="67" pY="64"/>
    </display>
    <display name="Shape/shape 1329" type="image">
     <transform pX="67" pY="64"/>
    </display>
    <display name="Shape/shape 1331" type="image">
     <transform pX="67" pY="64"/>
    </display>
    <display name="Shape/shape 1332" type="image">
     <transform pX="67" pY="64"/>
    </display>
    <display name="Shape/shape 1334" type="image">
     <transform pX="67" pY="64"/>
    </display>
    <display name="Shape/shape 1336" type="image">
     <transform pX="67" pY="64"/>
    </display>
    <display name="Shape/shape 1338" type="image">
     <transform pX="67" pY="64"/>
    </display>
    <display name="Shape/shape 1340" type="image">
     <transform pX="67" pY="64"/>
    </display>
    <display name="Shape/shape 1342" type="image">
     <transform pX="67" pY="64"/>
    </display>
    <display name="Shape/shape 1344" type="image">
     <transform pX="67" pY="64"/>
    </display>
   </slot>
  </skin>
  <bone name="blowing">
   <transform/>
  </bone>
  <animation autoTween="1" name="unnamed" duration="48" tweenEasing="NaN">
   <timeline name="blowing">
    <frame z="0" duration="2">
     <transform/>
    </frame>
    <frame displayIndex="1" z="0" duration="1">
     <transform/>
    </frame>
    <frame displayIndex="2" z="0" duration="1">
     <transform/>
    </frame>
    <frame displayIndex="3" z="0" duration="1">
     <transform/>
    </frame>
    <frame displayIndex="4" z="0" duration="2">
     <transform/>
    </frame>
    <frame displayIndex="5" z="0" duration="2">
     <transform/>
    </frame>
    <frame displayIndex="6" z="0" duration="2">
     <transform/>
    </frame>
    <frame displayIndex="7" z="0" duration="2">
     <transform/>
    </frame>
    <frame displayIndex="8" z="0" duration="2">
     <transform/>
    </frame>
    <frame displayIndex="9" z="0" duration="2">
     <transform/>
    </frame>
    <frame displayIndex="-1" duration="3"/>
    <frame displayIndex="10" z="0" duration="2">
     <transform/>
    </frame>
    <frame displayIndex="11" z="0" duration="1">
     <transform/>
    </frame>
    <frame displayIndex="12" z="0" duration="1">
     <transform/>
    </frame>
    <frame displayIndex="13" z="0" duration="1">
     <transform/>
    </frame>
    <frame displayIndex="14" z="0" duration="1">
     <transform/>
    </frame>
    <frame displayIndex="15" z="0" duration="1">
     <transform/>
    </frame>
    <frame displayIndex="16" z="0" duration="1">
     <transform/>
    </frame>
    <frame displayIndex="17" z="0" duration="2">
     <transform/>
    </frame>
    <frame displayIndex="18" z="0" duration="1">
     <transform/>
    </frame>
    <frame displayIndex="19" z="0" duration="1">
     <transform/>
    </frame>
    <frame displayIndex="20" z="0" duration="1">
     <transform/>
    </frame>
    <frame displayIndex="21" z="0" duration="1">
     <transform/>
    </frame>
    <frame displayIndex="22" z="0" duration="1">
     <transform/>
    </frame>
    <frame displayIndex="23" z="0" duration="1">
     <transform/>
    </frame>
    <frame displayIndex="24" z="0" duration="1">
     <transform/>
    </frame>
    <frame displayIndex="25" z="0" duration="1">
     <transform/>
    </frame>
    <frame displayIndex="26" z="0" duration="1">
     <transform/>
    </frame>
    <frame displayIndex="27" z="0" duration="2">
     <transform/>
    </frame>
    <frame displayIndex="28" z="0" duration="2">
     <transform/>
    </frame>
    <frame displayIndex="29" z="0" duration="2">
     <transform/>
    </frame>
    <frame displayIndex="30" z="0" duration="2">
     <transform/>
    </frame>
    <frame displayIndex="30" z="0" duration="1">
     <transform/>
    </frame>
   </timeline>
  </animation>
 </armature>
 <armature name="blowing_up">
  <skin name="default">
   <slot name="blowing" z="0" parent="blowing">
    <display name="Shape/shape 1384" type="image">
     <transform pX="69" pY="140"/>
    </display>
    <display name="Shape/shape 1386" type="image">
     <transform pX="69" pY="140"/>
    </display>
    <display name="Shape/shape 1388" type="image">
     <transform pX="69" pY="140"/>
    </display>
    <display name="Shape/shape 1390" type="image">
     <transform pX="69" pY="140"/>
    </display>
    <display name="Shape/shape 1392" type="image">
     <transform pX="69" pY="140"/>
    </display>
    <display name="Shape/shape 1394" type="image">
     <transform pX="69" pY="140"/>
    </display>
    <display name="Shape/shape 1396" type="image">
     <transform pX="69" pY="140"/>
    </display>
    <display name="Shape/shape 1398" type="image">
     <transform pX="69" pY="140"/>
    </display>
    <display name="Shape/shape 1400" type="image">
     <transform pX="69" pY="140"/>
    </display>
    <display name="Shape/shape 1402" type="image">
     <transform pX="69" pY="140"/>
    </display>
    <display name="Shape/shape 1404" type="image">
     <transform pX="69" pY="140"/>
    </display>
    <display name="Shape/shape 1406" type="image">
     <transform pX="69" pY="140"/>
    </display>
    <display name="Shape/shape 1408" type="image">
     <transform pX="69" pY="140"/>
    </display>
    <display name="Shape/shape 1410" type="image">
     <transform pX="69" pY="140"/>
    </display>
    <display name="Shape/shape 1412" type="image">
     <transform pX="69" pY="140"/>
    </display>
    <display name="Shape/shape 1414" type="image">
     <transform pX="69" pY="140"/>
    </display>
    <display name="Shape/shape 1416" type="image">
     <transform pX="69" pY="140"/>
    </display>
    <display name="Shape/shape 1418" type="image">
     <transform pX="69" pY="140"/>
    </display>
    <display name="Shape/shape 1420" type="image">
     <transform pX="69" pY="140"/>
    </display>
    <display name="Shape/shape 1422" type="image">
     <transform pX="69" pY="140"/>
    </display>
    <display name="Shape/shape 1424" type="image">
     <transform pX="69" pY="140"/>
    </display>
    <display name="Shape/shape 1426" type="image">
     <transform pX="69" pY="140"/>
    </display>
    <display name="Shape/shape 1428" type="image">
     <transform pX="69" pY="140"/>
    </display>
    <display name="Shape/shape 1430" type="image">
     <transform pX="69" pY="140"/>
    </display>
    <display name="Shape/shape 1432" type="image">
     <transform pX="69" pY="140"/>
    </display>
    <display name="Shape/shape 1434" type="image">
     <transform pX="69" pY="140"/>
    </display>
    <display name="Shape/shape 1436" type="image">
     <transform pX="69" pY="140"/>
    </display>
    <display name="Shape/shape 1438" type="image">
     <transform pX="69" pY="140"/>
    </display>
    <display name="Shape/shape 1440" type="image">
     <transform pX="69" pY="140"/>
    </display>
    <display name="Shape/shape 1442" type="image">
     <transform pX="69" pY="140"/>
    </display>
    <display name="Shape/shape 1444" type="image">
     <transform pX="69" pY="140"/>
    </display>
    <display name="Shape/shape 1446" type="image">
     <transform pX="69" pY="140"/>
    </display>
   </slot>
  </skin>
  <bone name="blowing">
   <transform/>
  </bone>
  <animation autoTween="1" name="unnamed" duration="48" tweenEasing="NaN">
   <timeline name="blowing">
    <frame z="0" duration="2">
     <transform/>
    </frame>
    <frame displayIndex="1" z="0" duration="2">
     <transform/>
    </frame>
    <frame displayIndex="2" z="0" duration="2">
     <transform/>
    </frame>
    <frame displayIndex="3" z="0" duration="1">
     <transform/>
    </frame>
    <frame displayIndex="4" z="0" duration="2">
     <transform/>
    </frame>
    <frame displayIndex="5" z="0" duration="2">
     <transform/>
    </frame>
    <frame displayIndex="6" z="0" duration="2">
     <transform/>
    </frame>
    <frame displayIndex="7" z="0" duration="2">
     <transform/>
    </frame>
    <frame displayIndex="8" z="0" duration="1">
     <transform/>
    </frame>
    <frame displayIndex="9" z="0" duration="1">
     <transform/>
    </frame>
    <frame displayIndex="-1" duration="3"/>
    <frame displayIndex="10" z="0" duration="2">
     <transform/>
    </frame>
    <frame displayIndex="11" z="0" duration="1">
     <transform/>
    </frame>
    <frame displayIndex="12" z="0" duration="1">
     <transform/>
    </frame>
    <frame displayIndex="13" z="0" duration="1">
     <transform/>
    </frame>
    <frame displayIndex="14" z="0" duration="1">
     <transform/>
    </frame>
    <frame displayIndex="15" z="0" duration="1">
     <transform/>
    </frame>
    <frame displayIndex="16" z="0" duration="1">
     <transform/>
    </frame>
    <frame displayIndex="17" z="0" duration="1">
     <transform/>
    </frame>
    <frame displayIndex="18" z="0" duration="1">
     <transform/>
    </frame>
    <frame displayIndex="19" z="0" duration="1">
     <transform/>
    </frame>
    <frame displayIndex="20" z="0" duration="1">
     <transform/>
    </frame>
    <frame displayIndex="21" z="0" duration="1">
     <transform/>
    </frame>
    <frame displayIndex="22" z="0" duration="1">
     <transform/>
    </frame>
    <frame displayIndex="23" z="0" duration="1">
     <transform/>
    </frame>
    <frame displayIndex="24" z="0" duration="1">
     <transform/>
    </frame>
    <frame displayIndex="25" z="0" duration="1">
     <transform/>
    </frame>
    <frame displayIndex="26" z="0" duration="1">
     <transform/>
    </frame>
    <frame displayIndex="27" z="0" duration="1">
     <transform/>
    </frame>
    <frame displayIndex="28" z="0" duration="2">
     <transform/>
    </frame>
    <frame displayIndex="29" z="0" duration="2">
     <transform/>
    </frame>
    <frame displayIndex="30" z="0" duration="2">
     <transform/>
    </frame>
    <frame displayIndex="31" z="0" duration="2">
     <transform/>
    </frame>
    <frame displayIndex="31" z="0" duration="1">
     <transform/>
    </frame>
   </timeline>
  </animation>
 </armature>
 <armature name="blowing_down">
  <skin name="default">
   <slot name="blowing_down" z="0" parent="blowing_down">
    <display name="Shape/shape 1458" type="image">
     <transform pX="82" pY="67"/>
    </display>
    <display name="Shape/shape 1460" type="image">
     <transform pX="82" pY="67"/>
    </display>
    <display name="Shape/shape 1462" type="image">
     <transform pX="82" pY="67"/>
    </display>
    <display name="Shape/shape 1463" type="image">
     <transform pX="82" pY="67"/>
    </display>
    <display name="Shape/shape 1465" type="image">
     <transform pX="82" pY="67"/>
    </display>
    <display name="Shape/shape 1467" type="image">
     <transform pX="82" pY="67"/>
    </display>
    <display name="Shape/shape 1468" type="image">
     <transform pX="82" pY="67"/>
    </display>
    <display name="Shape/shape 1470" type="image">
     <transform pX="82" pY="67"/>
    </display>
    <display name="Shape/shape 1471" type="image">
     <transform pX="82" pY="67"/>
    </display>
    <display name="Shape/shape 1473" type="image">
     <transform pX="82" pY="67"/>
    </display>
    <display name="Shape/shape 1474" type="image">
     <transform pX="82" pY="67"/>
    </display>
    <display name="Shape/shape 1476" type="image">
     <transform pX="82" pY="67"/>
    </display>
    <display name="Shape/shape 1477" type="image">
     <transform pX="82" pY="67"/>
    </display>
    <display name="Shape/shape 1479" type="image">
     <transform pX="82" pY="67"/>
    </display>
    <display name="Shape/shape 1480" type="image">
     <transform pX="82" pY="67"/>
    </display>
    <display name="Shape/shape 1482" type="image">
     <transform pX="82" pY="67"/>
    </display>
    <display name="Shape/shape 1484" type="image">
     <transform pX="82" pY="67"/>
    </display>
    <display name="Shape/shape 1486" type="image">
     <transform pX="82" pY="67"/>
    </display>
    <display name="Shape/shape 1488" type="image">
     <transform pX="82" pY="67"/>
    </display>
    <display name="Shape/shape 1490" type="image">
     <transform pX="82" pY="67"/>
    </display>
    <display name="Shape/shape 1492" type="image">
     <transform pX="82" pY="67"/>
    </display>
    <display name="Shape/shape 1494" type="image">
     <transform pX="82" pY="67"/>
    </display>
    <display name="Shape/shape 1496" type="image">
     <transform pX="82" pY="67"/>
    </display>
    <display name="Shape/shape 1498" type="image">
     <transform pX="82" pY="67"/>
    </display>
    <display name="Shape/shape 1500" type="image">
     <transform pX="82" pY="67"/>
    </display>
    <display name="Shape/shape 1502" type="image">
     <transform pX="82" pY="67"/>
    </display>
    <display name="Shape/shape 1504" type="image">
     <transform pX="82" pY="67"/>
    </display>
    <display name="Shape/shape 1506" type="image">
     <transform pX="82" pY="67"/>
    </display>
    <display name="Shape/shape 1508" type="image">
     <transform pX="82" pY="67"/>
    </display>
    <display name="Shape/shape 1510" type="image">
     <transform pX="82" pY="67"/>
    </display>
    <display name="Shape/shape 1512" type="image">
     <transform pX="82" pY="67"/>
    </display>
    <display name="Shape/shape 1514" type="image">
     <transform pX="82" pY="67"/>
    </display>
    <display name="Shape/shape 1516" type="image">
     <transform pX="82" pY="67"/>
    </display>
    <display name="Shape/shape 1518" type="image">
     <transform pX="82" pY="67"/>
    </display>
    <display name="Shape/shape 1520" type="image">
     <transform pX="82" pY="67"/>
    </display>
    <display name="Shape/shape 1522" type="image">
     <transform pX="82" pY="67"/>
    </display>
    <display name="Shape/shape 1524" type="image">
     <transform pX="82" pY="67"/>
    </display>
    <display name="Shape/shape 1525" type="image">
     <transform pX="82" pY="67"/>
    </display>
    <display name="Shape/shape 1527" type="image">
     <transform pX="82" pY="67"/>
    </display>
    <display name="Shape/shape 1528" type="image">
     <transform pX="82" pY="67"/>
    </display>
    <display name="Shape/shape 1530" type="image">
     <transform pX="82" pY="67"/>
    </display>
    <display name="Shape/shape 1531" type="image">
     <transform pX="82" pY="67"/>
    </display>
    <display name="Shape/shape 1533" type="image">
     <transform pX="82" pY="67"/>
    </display>
    <display name="Shape/shape 1534" type="image">
     <transform pX="82" pY="67"/>
    </display>
   </slot>
  </skin>
  <bone name="blowing_down">
   <transform/>
  </bone>
  <animation autoTween="1" name="unnamed" duration="48" tweenEasing="NaN">
   <timeline name="blowing_down">
    <frame z="0" duration="1">
     <transform/>
    </frame>
    <frame displayIndex="1" z="0" duration="1">
     <transform/>
    </frame>
    <frame displayIndex="2" z="0" duration="1">
     <transform/>
    </frame>
    <frame displayIndex="3" z="0" duration="1">
     <transform/>
    </frame>
    <frame displayIndex="4" z="0" duration="1">
     <transform/>
    </frame>
    <frame displayIndex="5" z="0" duration="1">
     <transform/>
    </frame>
    <frame displayIndex="6" z="0" duration="1">
     <transform/>
    </frame>
    <frame displayIndex="7" z="0" duration="1">
     <transform/>
    </frame>
    <frame displayIndex="8" z="0" duration="1">
     <transform/>
    </frame>
    <frame displayIndex="9" z="0" duration="1">
     <transform/>
    </frame>
    <frame displayIndex="10" z="0" duration="1">
     <transform/>
    </frame>
    <frame displayIndex="11" z="0" duration="1">
     <transform/>
    </frame>
    <frame displayIndex="12" z="0" duration="1">
     <transform/>
    </frame>
    <frame displayIndex="13" z="0" duration="1">
     <transform/>
    </frame>
    <frame displayIndex="14" z="0" duration="1">
     <transform/>
    </frame>
    <frame displayIndex="15" z="0" duration="1">
     <transform/>
    </frame>
    <frame displayIndex="16" z="0" duration="1">
     <transform/>
    </frame>
    <frame displayIndex="-1" duration="3"/>
    <frame displayIndex="17" z="0" duration="1">
     <transform/>
    </frame>
    <frame displayIndex="18" z="0" duration="1">
     <transform/>
    </frame>
    <frame displayIndex="19" z="0" duration="1">
     <transform/>
    </frame>
    <frame displayIndex="20" z="0" duration="1">
     <transform/>
    </frame>
    <frame displayIndex="21" z="0" duration="1">
     <transform/>
    </frame>
    <frame displayIndex="22" z="0" duration="1">
     <transform/>
    </frame>
    <frame displayIndex="23" z="0" duration="1">
     <transform/>
    </frame>
    <frame displayIndex="24" z="0" duration="1">
     <transform/>
    </frame>
    <frame displayIndex="25" z="0" duration="1">
     <transform/>
    </frame>
    <frame displayIndex="26" z="0" duration="1">
     <transform/>
    </frame>
    <frame displayIndex="27" z="0" duration="1">
     <transform/>
    </frame>
    <frame displayIndex="28" z="0" duration="1">
     <transform/>
    </frame>
    <frame displayIndex="29" z="0" duration="1">
     <transform/>
    </frame>
    <frame displayIndex="30" z="0" duration="1">
     <transform/>
    </frame>
    <frame displayIndex="31" z="0" duration="1">
     <transform/>
    </frame>
    <frame displayIndex="32" z="0" duration="1">
     <transform/>
    </frame>
    <frame displayIndex="33" z="0" duration="1">
     <transform/>
    </frame>
    <frame displayIndex="34" z="0" duration="1">
     <transform/>
    </frame>
    <frame displayIndex="35" z="0" duration="1">
     <transform/>
    </frame>
    <frame displayIndex="36" z="0" duration="1">
     <transform/>
    </frame>
    <frame displayIndex="37" z="0" duration="1">
     <transform/>
    </frame>
    <frame displayIndex="38" z="0" duration="1">
     <transform/>
    </frame>
    <frame displayIndex="39" z="0" duration="1">
     <transform/>
    </frame>
    <frame displayIndex="40" z="0" duration="1">
     <transform/>
    </frame>
    <frame displayIndex="41" z="0" duration="1">
     <transform/>
    </frame>
    <frame displayIndex="42" z="0" duration="1">
     <transform/>
    </frame>
    <frame displayIndex="43" z="0" duration="1">
     <transform/>
    </frame>
    <frame displayIndex="43" z="0" duration="1">
     <transform/>
    </frame>
   </timeline>
  </animation>
 </armature>
</root>