<root name="RoadsignIce_mc" isGlobal="0" frameRate="30" version="3.0">
 <armature name="RoadsignIce_mc">
  <skin name="default">
   <slot name="Layer 1" z="0" parent="Layer 1">
    <display name="Shape/shape 998" type="image">
     <transform pX="26" pY="13"/>
    </display>
   </slot>
   <slot name="Layer 2" z="1" parent="Layer 2">
    <display name="Shape/shape 1000" type="image">
     <transform pX="37" pY="24"/>
    </display>
    <display name="Shape/shape 1002" type="image">
     <transform pX="37" pY="24"/>
    </display>
    <display name="Shape/shape 1004" type="image">
     <transform pX="37" pY="24"/>
    </display>
    <display name="Shape/shape 1006" type="image">
     <transform pX="37" pY="24"/>
    </display>
    <display name="Shape/shape 1008" type="image">
     <transform pX="37" pY="24"/>
    </display>
    <display name="Shape/shape 1010" type="image">
     <transform pX="37" pY="24"/>
    </display>
    <display name="Shape/shape 1012" type="image">
     <transform pX="37" pY="24"/>
    </display>
    <display name="Shape/shape 1014" type="image">
     <transform pX="37" pY="24"/>
    </display>
    <display name="Shape/shape 1015" type="image">
     <transform pX="37" pY="24"/>
    </display>
    <display name="Shape/shape 1017" type="image">
     <transform pX="37" pY="24"/>
    </display>
    <display name="Shape/shape 1019" type="image">
     <transform pX="37" pY="24"/>
    </display>
    <display name="Shape/shape 1021" type="image">
     <transform pX="37" pY="24"/>
    </display>
   </slot>
  </skin>
  <bone name="Layer 1">
   <transform/>
  </bone>
  <bone name="Layer 2">
   <transform/>
  </bone>
  <animation name="RoadsignIce_mc" autoTween="NaN" fadeInTime="0.3" duration="42" tweenEasing="NaN">
   <timeline name="Layer 1">
    <frame z="0" duration="41">
     <transform/>
    </frame>
    <frame z="0" duration="1">
     <transform/>
    </frame>
   </timeline>
   <timeline name="Layer 2">
    <frame displayIndex="-1" duration="1"/>
    <frame z="0" duration="3">
     <transform/>
    </frame>
    <frame displayIndex="1" z="0" duration="3">
     <transform/>
    </frame>
    <frame displayIndex="2" z="0" duration="3">
     <transform/>
    </frame>
    <frame displayIndex="3" z="0" duration="3">
     <transform/>
    </frame>
    <frame displayIndex="4" z="0" duration="3">
     <transform/>
    </frame>
    <frame displayIndex="5" z="0" duration="3">
     <transform/>
    </frame>
    <frame displayIndex="6" z="0" duration="3">
     <transform/>
    </frame>
    <frame displayIndex="7" z="0" duration="3">
     <transform/>
    </frame>
    <frame displayIndex="8" z="0" duration="13">
     <transform/>
    </frame>
    <frame displayIndex="9" z="0" duration="1">
     <transform/>
    </frame>
    <frame displayIndex="10" z="0" duration="1">
     <transform/>
    </frame>
    <frame displayIndex="11" z="0" duration="1">
     <transform/>
    </frame>
    <frame displayIndex="11" z="0" duration="1">
     <transform/>
    </frame>
   </timeline>
   <frame duration="41"/>
   <frame duration="1"/>
  </animation>
 </armature>
</root>