<TextureAtlas name="RoadsignIce_mc" imagePath="texture.png">
 <SubTexture name="Shape/shape 998" x="0" y="216" width="52" height="26"/>
 <SubTexture name="Shape/shape 1000" x="80" y="162" width="78" height="52"/>
 <SubTexture name="Shape/shape 1002" x="160" y="0" width="78" height="52"/>
 <SubTexture name="Shape/shape 1004" x="80" y="0" width="78" height="52"/>
 <SubTexture name="Shape/shape 1006" x="160" y="54" width="78" height="52"/>
 <SubTexture name="Shape/shape 1008" x="0" y="162" width="78" height="52"/>
 <SubTexture name="Shape/shape 1010" x="160" y="162" width="78" height="52"/>
 <SubTexture name="Shape/shape 1012" x="0" y="54" width="78" height="52"/>
 <SubTexture name="Shape/shape 1014" x="80" y="54" width="78" height="52"/>
 <SubTexture name="Shape/shape 1015" x="0" y="0" width="78" height="52"/>
 <SubTexture name="Shape/shape 1017" x="160" y="108" width="78" height="52"/>
 <SubTexture name="Shape/shape 1019" x="0" y="108" width="78" height="52"/>
 <SubTexture name="Shape/shape 1021" x="80" y="108" width="78" height="52"/>
</TextureAtlas>