<root name="BulletFireTower_mc" isGlobal="0" frameRate="30" version="3.0">
 <armature name="BulletFireTower_mc">
  <skin name="default">
   <slot name="cont" z="0" parent="cont">
    <display name="Shape/shape 6340" type="image">
     <transform pX="10" pY="10"/>
    </display>
    <display name="Shape/shape 6342" type="image">
     <transform pX="10" pY="10"/>
    </display>
    <display name="Shape/shape 6344" type="image">
     <transform pX="10" pY="10"/>
    </display>
    <display name="Shape/shape 6346" type="image">
     <transform pX="10" pY="10"/>
    </display>
    <display name="Shape/shape 6348" type="image">
     <transform pX="10" pY="10"/>
    </display>
   </slot>
  </skin>
  <bone name="cont">
   <transform/>
  </bone>
  <animation name="fire" autoTween="1" fadeInTime="0.3" duration="11" tweenEasing="NaN">
   <timeline name="cont">
    <frame z="0" duration="2">
     <transform/>
    </frame>
    <frame displayIndex="1" z="0" duration="2">
     <transform/>
    </frame>
    <frame displayIndex="2" z="0" duration="2">
     <transform/>
    </frame>
    <frame displayIndex="3" z="0" duration="2">
     <transform/>
    </frame>
    <frame displayIndex="4" z="0" duration="2">
     <transform/>
    </frame>
    <frame displayIndex="4" z="0" duration="1">
     <transform/>
    </frame>
   </timeline>
   <frame duration="10"/>
   <frame duration="1"/>
  </animation>
 </armature>
</root>