<root name="BulletTower51_1_mc" isGlobal="0" frameRate="30" version="3.0">
 <armature name="BulletTower51_1_mc">
  <skin name="default">
   <slot name="cont2" z="0" parent="cont2">
    <display name="Shape/shape 10396" type="image">
     <transform scX="1" x="0" scY="1" y="0" pX="9.6" pY="30" skX="0" skY="0"/>
    </display>
    <display name="Shape/shape 10398" type="image">
     <transform scX="1" x="0" scY="1" y="0" pX="9.6" pY="30" skX="0" skY="0"/>
    </display>
    <display name="Shape/shape 10400" type="image">
     <transform scX="1" x="0" scY="1" y="0" pX="9.6" pY="30" skX="0" skY="0"/>
    </display>
    <display name="Shape/shape 10402" type="image">
     <transform scX="1" x="0" scY="1" y="0" pX="9.6" pY="30" skX="0" skY="0"/>
    </display>
    <display name="Shape/shape 10404" type="image">
     <transform scX="1" x="0" scY="1" y="0" pX="9.6" pY="30" skX="0" skY="0"/>
    </display>
    <display name="Shape/shape 10406" type="image">
     <transform scX="1" x="0" scY="1" y="0" pX="9.6" pY="30" skX="0" skY="0"/>
    </display>
    <display name="Shape/shape 10408" type="image">
     <transform scX="1" x="0" scY="1" y="0" pX="9.6" pY="30" skX="0" skY="0"/>
    </display>
   </slot>
   <slot name="cont1" z="1" parent="cont1">
    <display name="Shape/shape 10410" type="image">
     <transform scX="1" x="0" scY="1" y="0" pX="11.6" pY="15" skX="0" skY="0"/>
    </display>
    <display name="Shape/shape 10412" type="image">
     <transform scX="1" x="0" scY="1" y="0" pX="10.1" pY="12" skX="0" skY="0"/>
    </display>
    <display name="Shape/shape 10414" type="image">
     <transform scX="1" x="0" scY="1" y="0" pX="10.1" pY="12" skX="0" skY="0"/>
    </display>
    <display name="Shape/shape 10416" type="image">
     <transform scX="1" x="0" scY="1" y="0" pX="10.1" pY="12" skX="0" skY="0"/>
    </display>
    <display name="Shape/shape 10418" type="image">
     <transform scX="1" x="0" scY="1" y="0" pX="10.1" pY="12" skX="0" skY="0"/>
    </display>
    <display name="Shape/shape 10420" type="image">
     <transform scX="1" x="0" scY="1" y="0" pX="10.1" pY="12" skX="0" skY="0"/>
    </display>
    <display name="Shape/shape 10422" type="image">
     <transform scX="1" x="0" scY="1" y="0" pX="10.1" pY="12" skX="0" skY="0"/>
    </display>
    <display name="Shape/shape 10424" type="image">
     <transform scX="1" x="0" scY="1" y="0" pX="11.6" pY="15" skX="0" skY="0"/>
    </display>
   </slot>
  </skin>
  <bone name="cont2">
   <transform scX="1" x="0" skX="0" scY="1" y="0" skY="0"/>
  </bone>
  <bone name="cont1">
   <transform scX="1" x="0" skX="0" scY="1" y="0" skY="0"/>
  </bone>
  <animation fadeInTime="0.3" scale="1" loop="1" autoTween="NaN" name="BulletTower51_1_mc" duration="16" tweenEasing="NaN">
   <timeline pX="0" name="cont2" pY="0" scale="1" offset="0">
    <frame z="0" duration="1">
     <transform scX="1" x="0" scY="1" y="0" pX="0" pY="0" skX="0" skY="0"/>
    </frame>
    <frame displayIndex="1" z="0" duration="1">
     <transform scX="1" x="0" scY="1" y="0" pX="0" pY="0" skX="0" skY="0"/>
    </frame>
    <frame displayIndex="2" z="0" duration="1">
     <transform scX="1" x="0" scY="1" y="0" pX="0" pY="0" skX="0" skY="0"/>
    </frame>
    <frame displayIndex="3" z="0" duration="1">
     <transform scX="1" x="0" scY="1" y="0" pX="0" pY="0" skX="0" skY="0"/>
    </frame>
    <frame displayIndex="4" z="0" duration="1">
     <transform scX="1" x="0" scY="1" y="0" pX="0" pY="0" skX="0" skY="0"/>
    </frame>
    <frame displayIndex="5" z="0" duration="1">
     <transform scX="1" x="0" scY="1" y="0" pX="0" pY="0" skX="0" skY="0"/>
    </frame>
    <frame displayIndex="6" z="0" duration="9">
     <transform scX="1" x="0" scY="1" y="0" pX="0" pY="0" skX="0" skY="0"/>
    </frame>
    <frame displayIndex="6" z="0" duration="1">
     <transform scX="1" x="0" scY="1" y="0" pX="0" pY="0" skX="0" skY="0"/>
    </frame>
   </timeline>
   <timeline pX="0" name="cont1" pY="0" scale="1" offset="0">
    <frame displayIndex="-1" duration="6"/>
    <frame z="0" duration="1">
     <transform scX="1" x="0" scY="1" y="0" pX="0" pY="0" skX="0" skY="0"/>
    </frame>
    <frame displayIndex="1" z="0" duration="1">
     <transform scX="1" x="0" scY="1" y="0" pX="0" pY="0" skX="0" skY="0"/>
    </frame>
    <frame displayIndex="2" z="0" duration="1">
     <transform scX="1" x="0" scY="1" y="0" pX="0" pY="0" skX="0" skY="0"/>
    </frame>
    <frame displayIndex="3" z="0" duration="1">
     <transform scX="1" x="0" scY="1" y="0" pX="0" pY="0" skX="0" skY="0"/>
    </frame>
    <frame displayIndex="4" z="0" duration="1">
     <transform scX="1" x="0" scY="1" y="0" pX="0" pY="0" skX="0" skY="0"/>
    </frame>
    <frame displayIndex="5" z="0" duration="2">
     <transform scX="1" x="0" scY="1" y="0" pX="0" pY="0" skX="0" skY="0"/>
    </frame>
    <frame displayIndex="6" z="0" duration="1">
     <transform scX="1" x="0" scY="1" y="0" pX="0" pY="0" skX="0" skY="0"/>
    </frame>
    <frame displayIndex="7" z="0" duration="1">
     <transform scX="1" x="0" scY="1" y="0" pX="0" pY="0" skX="0" skY="0"/>
    </frame>
    <frame displayIndex="7" z="0" duration="1">
     <transform scX="1" x="0" scY="1" y="0" pX="0" pY="0" skX="0" skY="0"/>
    </frame>
   </timeline>
  </animation>
 </armature>
</root>