<root name="SavedCastTime_mc" isGlobal="0" frameRate="30" version="3.0">
 <armature name="SavedCastTime_mc">
  <skin name="default">
   <slot name="cont" z="0" parent="cont">
    <display name="cont" type="armature">
     <transform/>
    </display>
   </slot>
   <slot name="bg" z="1" parent="bg">
    <display name="__dbTextures/SavedCastTime_mc/bg_0" type="image">
     <transform x="-10.2" y="-4.45"/>
    </display>
    <display name="__dbTextures/SavedCastTime_mc/bg_1" type="image">
     <transform x="-15" y="-6.6"/>
    </display>
    <display name="__dbTextures/SavedCastTime_mc/bg_2" type="image">
     <transform x="-19.85" y="-8.75"/>
    </display>
    <display name="Shape/shape 12814" type="image">
     <transform pX="19.85" pY="8.75"/>
    </display>
    <display name="__dbTextures/SavedCastTime_mc/bg_4" type="image">
     <transform x="-17.6" y="-7.75"/>
    </display>
    <display name="__dbTextures/SavedCastTime_mc/bg_5" type="image">
     <transform x="-17.6" y="-7.75"/>
    </display>
    <display name="__dbTextures/SavedCastTime_mc/bg_6" type="image">
     <transform x="-17.6" y="-7.75"/>
    </display>
    <display name="Shape/shape 12816" type="image">
     <transform pX="17.6" pY="6.35"/>
    </display>
   </slot>
  </skin>
  <bone name="cont">
   <transform scX="0.75" scY="0.75" y="2.95"/>
  </bone>
  <bone name="bg">
   <transform y="4.8"/>
  </bone>
  <animation name="SavedCastTime_mc" autoTween="NaN" fadeInTime="0.3" duration="47" tweenEasing="NaN">
   <timeline name="cont">
    <frame z="0" duration="3" tweenEasing="0">
     <transform/>
    </frame>
    <frame z="0" duration="1" tweenEasing="0">
     <transform scX="1.44" scY="1.44" y="-5.2"/>
    </frame>
    <frame z="0" duration="1">
     <transform scX="1.3867" scY="1.3867" y="-4.7"/>
    </frame>
    <frame z="0" duration="33" tweenEasing="0">
     <transform scX="1.3333" scY="1.3333" y="-4.2"/>
    </frame>
    <frame z="0" duration="7" tweenEasing="0">
     <transform scX="1.3333" scY="1.3333" y="-4.2"/>
    </frame>
    <frame z="0" duration="1">
     <transform scX="1.3333" scY="1.3333" y="-15.3"/>
     <colorTransform bM="100" gO="0" bO="0" aM="20" rM="100" aO="0" gM="100" rO="0"/>
    </frame>
    <frame z="0" duration="1">
     <transform scX="1.3333" scY="1.3333" y="-15.3"/>
     <colorTransform bM="100" gO="0" bO="0" aM="20" rM="100" aO="0" gM="100" rO="0"/>
    </frame>
   </timeline>
   <timeline name="bg">
    <frame z="0" duration="1" tweenEasing="NaN">
     <transform/>
    </frame>
    <frame z="0" displayIndex="1" duration="1" tweenEasing="NaN">
     <transform y="-2.4"/>
    </frame>
    <frame z="0" displayIndex="2" duration="1" tweenEasing="NaN">
     <transform y="-4.8"/>
    </frame>
    <frame displayIndex="3" z="0" duration="1">
     <transform y="-4.8"/>
    </frame>
    <frame z="0" displayIndex="4" duration="1" tweenEasing="NaN">
     <transform y="-3.4"/>
    </frame>
    <frame z="0" displayIndex="5" duration="1" tweenEasing="NaN">
     <transform y="-3.4"/>
    </frame>
    <frame z="0" displayIndex="6" duration="1" tweenEasing="NaN">
     <transform y="-3.4"/>
    </frame>
    <frame displayIndex="7" z="0" duration="1">
     <transform y="-4.8"/>
    </frame>
    <frame displayIndex="7" z="0" duration="1">
     <transform y="-4.8"/>
    </frame>
    <frame displayIndex="-1" duration="38"/>
   </timeline>
   <frame duration="46"/>
   <frame duration="1"/>
  </animation>
 </armature>
 <armature name="cont">
  <skin name="default">
   <slot name="noteTXT2" z="0" parent="noteTXT2">
    <display name="text" type="text">
     <transform x="-2" y="-2"/>
     <text alignV="top" size="12" text="s&#xD;" alignH="left" face="FZJianTiS-R-GB Bold" lineType="single line" width="17" bold="0" textType="dynamic" height="33" italic="0">
      <color g="255" r="205" b="253" a="255"/>
     </text>
    </display>
   </slot>
   <slot name="noteTXT" z="1" parent="noteTXT">
    <display name="text" type="text">
     <transform x="-2" y="-2"/>
     <text alignV="top" size="16" text="-44" alignH="left" face="FZJianTiS-R-GB Bold" lineType="single line" width="47" bold="0" textType="dynamic" height="96" italic="0">
      <color g="255" r="205" b="253" a="255"/>
     </text>
    </display>
   </slot>
  </skin>
  <bone name="noteTXT2">
   <transform x="16.35" y="3.75"/>
  </bone>
  <bone name="noteTXT">
   <transform x="-5.4" y="29.6"/>
  </bone>
  <animation scale="5" loop="0" autoTween="NaN" name="unnamed" duration="2" tweenEasing="2">
   <timeline name="noteTXT2">
    <frame z="0" duration="1">
     <transform/>
    </frame>
    <frame z="0" duration="1">
     <transform x="-7.85"/>
    </frame>
   </timeline>
   <timeline name="noteTXT">
    <frame z="0" duration="1">
     <transform/>
    </frame>
    <frame z="0" duration="1">
     <transform x="-7.85"/>
    </frame>
   </timeline>
  </animation>
 </armature>
</root>