<root name="SavedCastTime_mc" isGlobal="0" frameRate="30" version="3.0">
 <armature name="SavedCastTime_mc">
  <skin name="default">
   <slot name="cont" z="0" parent="cont">
    <display name="cont" type="armature">
     <transform scX="1" x="0" skX="0" scY="1" y="0" skY="0"/>
    </display>
   </slot>
   <slot name="bg" z="1" parent="bg">
    <display name="__dbTextures/SavedCastTime_mc/bg_0" type="image">
     <transform scX="1" x="-10.2" scY="1" y="-4.45" pX="0" pY="0" skX="0" skY="0"/>
    </display>
    <display name="__dbTextures/SavedCastTime_mc/bg_1" type="image">
     <transform scX="1" x="-15" scY="1" y="-6.6" pX="0" pY="0" skX="0" skY="0"/>
    </display>
    <display name="__dbTextures/SavedCastTime_mc/bg_2" type="image">
     <transform scX="1" x="-19.85" scY="1" y="-8.75" pX="0" pY="0" skX="0" skY="0"/>
    </display>
    <display name="Shape/shape 12814" type="image">
     <transform scX="1" x="0" scY="1" y="0" pX="19.85" pY="8.75" skX="0" skY="0"/>
    </display>
    <display name="__dbTextures/SavedCastTime_mc/bg_4" type="image">
     <transform scX="1" x="-17.6" scY="1" y="-7.75" pX="0" pY="0" skX="0" skY="0"/>
    </display>
    <display name="__dbTextures/SavedCastTime_mc/bg_5" type="image">
     <transform scX="1" x="-17.6" scY="1" y="-7.75" pX="0" pY="0" skX="0" skY="0"/>
    </display>
    <display name="__dbTextures/SavedCastTime_mc/bg_6" type="image">
     <transform scX="1" x="-17.6" scY="1" y="-7.75" pX="0" pY="0" skX="0" skY="0"/>
    </display>
    <display name="Shape/shape 12816" type="image">
     <transform scX="1" x="0" scY="1" y="0" pX="17.6" pY="6.35" skX="0" skY="0"/>
    </display>
   </slot>
  </skin>
  <bone name="cont">
   <transform scX="0.75" x="0" skX="0" scY="0.75" y="2.95" skY="0"/>
  </bone>
  <bone name="bg">
   <transform scX="1" x="0" skX="0" scY="1" y="4.8" skY="0"/>
  </bone>
  <animation name="SavedCastTime_mc" scale="1" loop="1" autoTween="NaN" fadeInTime="0.3" duration="47" tweenEasing="NaN">
   <timeline pX="0" name="cont" pY="0" scale="1" offset="0">
    <frame z="0" duration="3" tweenEasing="0">
     <transform scX="1" x="0" scY="1" y="0" pX="0" pY="0" skX="0" skY="0"/>
    </frame>
    <frame z="0" duration="1" tweenEasing="0">
     <transform scX="1.4400000000000002" x="0" scY="1.4400000000000002" y="-5.2" pX="0" pY="0" skX="0" skY="0"/>
    </frame>
    <frame z="0" duration="1">
     <transform scX="1.3866666666666667" x="0" scY="1.3866666666666667" y="-4.7" pX="0" pY="0" skX="0" skY="0"/>
    </frame>
    <frame z="0" duration="33" tweenEasing="0">
     <transform scX="1.3333333333333333" x="0" scY="1.3333333333333333" y="-4.2" pX="0" pY="0" skX="0" skY="0"/>
    </frame>
    <frame z="0" duration="7" tweenEasing="0">
     <transform scX="1.3333333333333333" x="0" scY="1.3333333333333333" y="-4.2" pX="0" pY="0" skX="0" skY="0"/>
    </frame>
    <frame z="0" duration="1">
     <transform scX="1.3333333333333333" x="0" scY="1.3333333333333333" y="-15.3" pX="0" pY="0" skX="0" skY="0"/>
     <colorTransform bM="100" gO="0" bO="0" aM="20" rM="100" aO="0" gM="100" rO="0"/>
    </frame>
    <frame z="0" duration="1">
     <transform scX="1.3333333333333333" x="0" scY="1.3333333333333333" y="-15.3" pX="0" pY="0" skX="0" skY="0"/>
     <colorTransform bM="100" gO="0" bO="0" aM="20" rM="100" aO="0" gM="100" rO="0"/>
    </frame>
   </timeline>
   <timeline pX="0" name="bg" pY="0" scale="1" offset="0">
    <frame z="0" duration="1" tweenEasing="NaN">
     <transform scX="1" x="0" scY="1" y="0" pX="0" pY="0" skX="0" skY="0"/>
    </frame>
    <frame z="0" displayIndex="1" duration="1" tweenEasing="NaN">
     <transform scX="1" x="0" scY="1" y="-2.4" pX="0" pY="0" skX="0" skY="0"/>
    </frame>
    <frame z="0" displayIndex="2" duration="1" tweenEasing="NaN">
     <transform scX="1" x="0" scY="1" y="-4.8" pX="0" pY="0" skX="0" skY="0"/>
    </frame>
    <frame displayIndex="3" z="0" duration="1">
     <transform scX="1" x="0" scY="1" y="-4.8" pX="0" pY="0" skX="0" skY="0"/>
    </frame>
    <frame z="0" displayIndex="4" duration="1" tweenEasing="NaN">
     <transform scX="1" x="0" scY="1" y="-3.4" pX="0" pY="0" skX="0" skY="0"/>
    </frame>
    <frame z="0" displayIndex="5" duration="1" tweenEasing="NaN">
     <transform scX="1" x="0" scY="1" y="-3.4" pX="0" pY="0" skX="0" skY="0"/>
    </frame>
    <frame z="0" displayIndex="6" duration="1" tweenEasing="NaN">
     <transform scX="1" x="0" scY="1" y="-3.4" pX="0" pY="0" skX="0" skY="0"/>
    </frame>
    <frame displayIndex="7" z="0" duration="1">
     <transform scX="1" x="0" scY="1" y="-4.8" pX="0" pY="0" skX="0" skY="0"/>
    </frame>
    <frame displayIndex="-1" duration="39"/>
   </timeline>
   <frame duration="46"/>
   <frame duration="1"/>
  </animation>
 </armature>
 <armature name="cont">
  <skin name="default">
   <slot name="Layer 1" z="0" parent="Layer 1">
    <display name="位图 1" type="image">
     <transform scX="1" x="-14.5" scY="1" y="-22" pX="0" pY="0" skX="0" skY="0"/>
    </display>
   </slot>
   <slot name="noteTXT" z="1" parent="noteTXT">
    <display name="位图 4" type="image">
     <transform scX="1" x="-29" scY="1" y="-19" pX="0" pY="0" skX="0" skY="0"/>
    </display>
   </slot>
  </skin>
  <bone name="Layer 1">
   <transform scX="1" x="18.4" skX="0" scY="1" y="5.5" skY="0"/>
  </bone>
  <bone name="noteTXT">
   <transform scX="1" x="-1.75" skX="0" scY="1" y="-0.3" skY="0"/>
  </bone>
  <animation name="cont" scale="1" loop="1" autoTween="NaN" fadeInTime="0.3" duration="3" tweenEasing="NaN">
   <timeline pX="0" name="Layer 1" pY="0" scale="1" offset="0">
    <frame z="0" duration="3">
     <transform scX="1" x="0" scY="1" y="0" pX="0" pY="0" skX="0" skY="0"/>
    </frame>
   </timeline>
   <timeline pX="0" name="noteTXT" pY="0" scale="1" offset="0">
    <frame z="0" duration="1">
     <transform scX="1" x="0" scY="1" y="0" pX="0" pY="0" skX="0" skY="0"/>
    </frame>
    <frame z="0" duration="1">
     <transform scX="1" x="5" scY="1" y="0" pX="0" pY="0" skX="0" skY="0"/>
    </frame>
    <frame z="0" duration="1">
     <transform scX="1" x="0" scY="1" y="0" pX="0" pY="0" skX="0" skY="0"/>
    </frame>
   </timeline>
   <frame duration="2"/>
   <frame duration="1"/>
  </animation>
 </armature>
</root>