<TextureAtlas name="SavedCastTime_mc" imagePath="texture.png">
 <SubTexture name="__dbTextures/SavedCastTime_mc/bg_0" x="32" y="65" width="21" height="9"/>
 <SubTexture name="__dbTextures/SavedCastTime_mc/bg_1" x="0" y="59" width="31" height="14"/>
 <SubTexture name="__dbTextures/SavedCastTime_mc/bg_2" x="0" y="40" width="40" height="18"/>
 <SubTexture name="Shape/shape 12814" x="41" y="46" width="40" height="18"/>
 <SubTexture name="__dbTextures/SavedCastTime_mc/bg_4" x="91" y="0" width="36" height="16"/>
 <SubTexture name="__dbTextures/SavedCastTime_mc/bg_5" x="91" y="17" width="36" height="16"/>
 <SubTexture name="__dbTextures/SavedCastTime_mc/bg_6" x="91" y="34" width="36" height="16"/>
 <SubTexture name="Shape/shape 12816" x="82" y="51" width="36" height="16"/>
 <SubTexture name="位图 1" x="60" y="0" width="29" height="44"/>
 <SubTexture name="位图 4" x="0" y="0" width="58" height="38"/>
</TextureAtlas>