<TextureAtlas name="SavedCastTime_mc" imagePath="texture.png">
 <SubTexture name="__dbTextures/SavedCastTime_mc/bg_0" x="41" y="0" width="21" height="9"/>
 <SubTexture name="__dbTextures/SavedCastTime_mc/bg_1" x="0" y="106" width="31" height="14"/>
 <SubTexture name="__dbTextures/SavedCastTime_mc/bg_2" x="0" y="0" width="40" height="18"/>
 <SubTexture name="Shape/shape 12814" x="0" y="19" width="40" height="18"/>
 <SubTexture name="__dbTextures/SavedCastTime_mc/bg_4" x="0" y="55" width="36" height="16"/>
 <SubTexture name="__dbTextures/SavedCastTime_mc/bg_5" x="0" y="89" width="36" height="16"/>
 <SubTexture name="__dbTextures/SavedCastTime_mc/bg_6" x="0" y="38" width="36" height="16"/>
 <SubTexture name="Shape/shape 12816" x="0" y="72" width="36" height="16"/>
</TextureAtlas>