<TextureAtlas name="Level8_mc" imagePath="texture.png">
 <SubTexture name="Shape/shape 9695" x="0" y="0" width="840" height="604"/>
 <SubTexture name="Sprite/sprite 47" x="842" y="0" width="50" height="50"/>
 <SubTexture name="Shape/shape 9131" x="886" y="52" width="5" height="29"/>
 <SubTexture name="Shape/shape 8908" x="842" y="84" width="18" height="12"/>
 <SubTexture name="Shape/shape 8910" x="842" y="98" width="16" height="11"/>
 <SubTexture name="Shape/shape 8912" x="883" y="110" width="13" height="12"/>
 <SubTexture name="Shape/shape 8914" x="917" y="96" width="17" height="10"/>
 <SubTexture name="Shape/shape 8916" x="911" y="108" width="16" height="10"/>
 <SubTexture name="Shape/shape 8918" x="942" y="100" width="16" height="10"/>
 <SubTexture name="Shape/shape 9014" x="842" y="111" width="15" height="8"/>
 <SubTexture name="Shape/shape 9145" x="990" y="80" width="7" height="8"/>
 <SubTexture name="Shape/shape 9736" x="1015" y="100" width="5" height="6"/>
 <SubTexture name="Shape/shape 9744" x="964" y="98" width="5" height="6"/>
 <SubTexture name="Shape/shape 9763" x="869" y="52" width="16" height="23"/>
 <SubTexture name="Shape/shape 9764" x="869" y="76" width="16" height="22"/>
 <SubTexture name="Shape/shape 9765" x="1002" y="24" width="16" height="23"/>
 <SubTexture name="Shape/shape 9766" x="1002" y="0" width="17" height="23"/>
 <SubTexture name="Shape/shape 9146" x="886" y="83" width="6" height="7"/>
 <SubTexture name="Shape/shape 9737" x="860" y="100" width="5" height="7"/>
 <SubTexture name="Shape/shape 9752" x="990" y="95" width="5" height="7"/>
 <SubTexture name="Shape/shape 9147" x="862" y="84" width="5" height="8"/>
 <SubTexture name="Shape/shape 9738" x="964" y="80" width="7" height="8"/>
 <SubTexture name="Shape/shape 9205" x="988" y="103" width="5" height="7"/>
 <SubTexture name="Shape/shape 9745" x="911" y="96" width="5" height="7"/>
 <SubTexture name="Shape/shape 9149" x="886" y="91" width="6" height="6"/>
 <SubTexture name="Shape/shape 9739" x="936" y="96" width="5" height="7"/>
 <SubTexture name="Sprite/sprite 9741" x="1015" y="94" width="8" height="5"/>
 <SubTexture name="Shape/shape 9753" x="1019" y="32" width="4" height="7"/>
 <SubTexture name="Shape/shape 9758" x="1019" y="24" width="4" height="7"/>
 <SubTexture name="Shape/shape 9740" x="990" y="89" width="8" height="5"/>
 <SubTexture name="Shape/shape 9151" x="964" y="89" width="5" height="8"/>
 <SubTexture name="Shape/shape 9749" x="883" y="99" width="6" height="6"/>
 <SubTexture name="Shape/shape 9691" x="862" y="93" width="6" height="6"/>
 <SubTexture name="Shape/shape 9742" x="974" y="110" width="13" height="11"/>
 <SubTexture name="Shape/shape 9754" x="929" y="108" width="11" height="11"/>
 <SubTexture name="Shape/shape 9759" x="999" y="94" width="15" height="17"/>
 <SubTexture name="Shape/shape 9760" x="947" y="80" width="16" height="19"/>
 <SubTexture name="Shape/shape 9761" x="1002" y="48" width="16" height="23"/>
 <SubTexture name="Shape/shape 9769" x="960" y="110" width="13" height="12"/>
 <SubTexture name="Shape/shape 9208" x="869" y="99" width="13" height="14"/>
 <SubTexture name="Shape/shape 9668" x="941" y="112" width="13" height="8"/>
 <SubTexture name="Shape/shape 9767" x="1001" y="72" width="18" height="21"/>
 <SubTexture name="Shape/shape 9770" x="972" y="80" width="17" height="17"/>
 <SubTexture name="Shape/shape 9771" x="893" y="96" width="17" height="13"/>
 <SubTexture name="Shape/shape 9772" x="970" y="98" width="17" height="11"/>
 <SubTexture name="Shape/shape 9697" x="842" y="52" width="26" height="14"/>
 <SubTexture name="Shape/shape 9699" x="893" y="80" width="26" height="14"/>
 <SubTexture name="Shape/shape 9701" x="894" y="16" width="26" height="14"/>
 <SubTexture name="Shape/shape 9703" x="894" y="32" width="26" height="14"/>
 <SubTexture name="Shape/shape 9705" x="921" y="16" width="26" height="14"/>
 <SubTexture name="Shape/shape 9707" x="974" y="64" width="26" height="14"/>
 <SubTexture name="Shape/shape 9709" x="842" y="68" width="26" height="14"/>
 <SubTexture name="Shape/shape 9711" x="975" y="48" width="26" height="14"/>
 <SubTexture name="Shape/shape 9712" x="894" y="0" width="26" height="14"/>
 <SubTexture name="Shape/shape 9713" x="921" y="32" width="26" height="14"/>
 <SubTexture name="Shape/shape 9714" x="948" y="48" width="26" height="14"/>
 <SubTexture name="Shape/shape 9715" x="920" y="80" width="26" height="14"/>
 <SubTexture name="Shape/shape 9716" x="921" y="48" width="26" height="14"/>
 <SubTexture name="Shape/shape 9717" x="975" y="32" width="26" height="14"/>
 <SubTexture name="Shape/shape 9718" x="948" y="32" width="26" height="14"/>
 <SubTexture name="Shape/shape 9719" x="948" y="0" width="26" height="14"/>
 <SubTexture name="Shape/shape 9721" x="948" y="16" width="26" height="14"/>
 <SubTexture name="Shape/shape 9723" x="893" y="64" width="26" height="14"/>
 <SubTexture name="Shape/shape 9725" x="921" y="0" width="26" height="14"/>
 <SubTexture name="Shape/shape 9727" x="975" y="0" width="26" height="14"/>
 <SubTexture name="Shape/shape 9729" x="894" y="48" width="26" height="14"/>
 <SubTexture name="Shape/shape 9731" x="920" y="64" width="26" height="14"/>
 <SubTexture name="Shape/shape 9733" x="975" y="16" width="26" height="14"/>
 <SubTexture name="Shape/shape 9735" x="947" y="64" width="26" height="14"/>
</TextureAtlas>