<dragonBones name="1yrt" frameRate="30" version="2.3">
 <armature name="fireattack">
  <bone name="Layer 1">
   <transform x="0" y="0" skX="0" skY="0" scX="1" scY="1"/>
  </bone>
  <skin name="default">
   <slot name="Layer 1" parent="Layer 1" z="0">
    <display name="Shape/shape 7887" type="image">
     <transform x="0" y="0" skX="0" skY="0" scX="1" scY="1" pX="13" pY="16"/>
    </display>
    <display name="Shape/shape 7889" type="image">
     <transform x="0" y="0" skX="0" skY="0" scX="1" scY="1" pX="13" pY="16"/>
    </display>
    <display name="Shape/shape 7891" type="image">
     <transform x="0" y="0" skX="0" skY="0" scX="1" scY="1" pX="13" pY="16"/>
    </display>
    <display name="Shape/shape 7893" type="image">
     <transform x="0" y="0" skX="0" skY="0" scX="1" scY="1" pX="13" pY="16"/>
    </display>
    <display name="Shape/shape 7895" type="image">
     <transform x="0" y="0" skX="0" skY="0" scX="1" scY="1" pX="13" pY="16"/>
    </display>
    <display name="Shape/shape 7897" type="image">
     <transform x="0" y="0" skX="0" skY="0" scX="1" scY="1" pX="13" pY="16"/>
    </display>
    <display name="Shape/shape 7899" type="image">
     <transform x="0" y="0" skX="0" skY="0" scX="1" scY="1" pX="13" pY="16"/>
    </display>
    <display name="Shape/shape 7901" type="image">
     <transform x="0" y="0" skX="0" skY="0" scX="1" scY="1" pX="13" pY="16"/>
    </display>
    <display name="Shape/shape 7903" type="image">
     <transform x="0" y="0" skX="0" skY="0" scX="1" scY="1" pX="13" pY="16"/>
    </display>
    <display name="Shape/shape 7905" type="image">
     <transform x="0" y="0" skX="0" skY="0" scX="1" scY="1" pX="13" pY="16"/>
    </display>
    <display name="Shape/shape 7907" type="image">
     <transform x="0" y="0" skX="0" skY="0" scX="1" scY="1" pX="13" pY="16"/>
    </display>
    <display name="Shape/shape 7908" type="image">
     <transform x="0" y="0" skX="0" skY="0" scX="1" scY="1" pX="13" pY="16"/>
    </display>
    <display name="Shape/shape 7910" type="image">
     <transform x="0" y="0" skX="0" skY="0" scX="1" scY="1" pX="13" pY="16"/>
    </display>
    <display name="Shape/shape 7911" type="image">
     <transform x="0" y="0" skX="0" skY="0" scX="1" scY="1"/>
    </display>
   </slot>
  </skin>
  <animation name="fireattack" fadeInTime="0.3" duration="14" scale="1" loop="1" autoTween="1" tweenEasing="NaN">
   <timeline name="Layer 1" scale="1" offset="0">
    <frame z="0" duration="1">
     <transform x="0" y="0" skX="0" skY="0" scX="1" scY="1" pX="0" pY="0"/>
    </frame>
    <frame z="0" displayIndex="1" duration="1">
     <transform x="0" y="0" skX="0" skY="0" scX="1" scY="1" pX="0" pY="0"/>
    </frame>
    <frame z="0" displayIndex="2" duration="1">
     <transform x="0" y="0" skX="0" skY="0" scX="1" scY="1" pX="0" pY="0"/>
    </frame>
    <frame z="0" displayIndex="3" duration="1">
     <transform x="0" y="0" skX="0" skY="0" scX="1" scY="1" pX="0" pY="0"/>
    </frame>
    <frame z="0" displayIndex="4" duration="1">
     <transform x="0" y="0" skX="0" skY="0" scX="1" scY="1" pX="0" pY="0"/>
    </frame>
    <frame z="0" displayIndex="5" duration="1">
     <transform x="0" y="0" skX="0" skY="0" scX="1" scY="1" pX="0" pY="0"/>
    </frame>
    <frame z="0" displayIndex="6" duration="1">
     <transform x="0" y="0" skX="0" skY="0" scX="1" scY="1" pX="0" pY="0"/>
    </frame>
    <frame z="0" displayIndex="7" duration="1">
     <transform x="0" y="0" skX="0" skY="0" scX="1" scY="1" pX="0" pY="0"/>
    </frame>
    <frame z="0" displayIndex="8" duration="1">
     <transform x="0" y="0" skX="0" skY="0" scX="1" scY="1" pX="0" pY="0"/>
    </frame>
    <frame z="0" displayIndex="9" duration="1">
     <transform x="0" y="0" skX="0" skY="0" scX="1" scY="1" pX="0" pY="0"/>
    </frame>
    <frame z="0" displayIndex="10" duration="1">
     <transform x="0" y="0" skX="0" skY="0" scX="1" scY="1" pX="0" pY="0"/>
    </frame>
    <frame z="0" displayIndex="11" duration="1">
     <transform x="0" y="0" skX="0" skY="0" scX="1" scY="1" pX="0" pY="0"/>
    </frame>
    <frame z="0" displayIndex="12" duration="1">
     <transform x="0" y="0" skX="0" skY="0" scX="1" scY="1" pX="0" pY="0"/>
    </frame>
    <frame z="0" displayIndex="13" duration="1">
     <transform x="0" y="0" skX="0" skY="0" scX="1" scY="1" pX="0" pY="0"/>
    </frame>
   </timeline>
  </animation>
 </armature>
</dragonBones>