<root name="Hint_mc" isGlobal="0" frameRate="30" version="3.0">
 <armature name="Hint_mc">
  <skin name="default">
   <slot name="bg" z="0" parent="bg">
    <display name="Shape/shape 385" type="image">
     <transform pX="5" pY="84"/>
    </display>
    <display name="Shape/shape 393" type="image">
     <transform pX="5" pY="44"/>
    </display>
    <display name="Shape/shape 406" type="image">
     <transform pX="5" pY="2"/>
    </display>
    <display name="Shape/shape 410" type="image">
     <transform pX="5" pY="59"/>
    </display>
   </slot>
   <slot name="noteTXT" z="1" parent="noteTXT">
    <display name="text" type="text">
     <transform x="-2" y="-2"/>
     <text textType="dynamic" size="10" face="FZJianTiS-R-GB" lineType="multiline no wrap" text="冷却:&#xD;&#xD;" alignH="right" width="87" bold="0" alignV="top" height="38" italic="0">
      <color g="210" r="255" b="37" a="255"/>
     </text>
    </display>
   </slot>
   <slot name="timeTXT" z="2" parent="timeTXT">
    <display name="text" type="text">
     <transform x="-2" y="-2"/>
     <text textType="dynamic" size="10" face="FZJianTiS-R-GB" lineType="multiline" text="90" alignH="left" width="25" bold="0" alignV="top" height="27" italic="0">
      <color g="212" r="236" b="166" a="255"/>
     </text>
    </display>
   </slot>
   <slot name="idnet" z="3" parent="idnet">
    <display name="text" type="text">
     <transform x="-2" y="-2"/>
     <text textType="dynamic" size="10" face="FZJianTiS-R-GB" lineType="multiline no wrap" text="秒 &#xD;&#xD;" alignH="left" width="84" bold="0" alignV="top" height="38" italic="0">
      <color g="210" r="255" b="37" a="255"/>
     </text>
    </display>
    <display name="idnet" type="image">
     <transform pX="117.5" pY="53.4"/>
    </display>
   </slot>
   <slot name="noteTXT_0" z="4" parent="noteTXT_0">
    <display name="text" type="text">
     <transform x="-2" y="-2"/>
     <text textType="dynamic" size="10" face="FZJianTiS-R-GB" lineType="multiline" text="消灭路上所有敌人&#xD;&#xD;" alignH="left" width="169" bold="0" alignV="top" height="46" italic="0">
      <color g="210" r="255" b="37" a="255"/>
     </text>
    </display>
   </slot>
   <slot name="nameTXT" z="5" parent="nameTXT">
    <display name="text" type="text">
     <transform x="-2" y="-2"/>
     <text textType="dynamic" size="12" face="FZJianTiS-R-GB" lineType="multiline" text="击碎重置&#xD;" alignH="left" width="169" bold="0" alignV="top" height="31" italic="0">
      <color g="212" r="236" b="166" a="255"/>
     </text>
    </display>
   </slot>
  </skin>
  <bone name="idnet">
   <transform x="112.9" y="-12.55"/>
  </bone>
  <bone name="noteTXT">
   <transform x="24.9" y="-12.55"/>
  </bone>
  <bone name="timeTXT">
   <transform x="66.45" y="-19.35"/>
  </bone>
  <bone name="bg">
   <transform/>
  </bone>
  <bone name="noteTXT_0">
   <transform x="72.5" y="-39.15"/>
  </bone>
  <bone name="nameTXT">
   <transform x="71.75" y="-65.5"/>
  </bone>
  <animation name="Hint_mc" autoTween="NaN" fadeInTime="0.3" duration="17" tweenEasing="NaN">
   <timeline name="bg">
    <frame z="0" duration="1">
     <transform/>
    </frame>
    <frame displayIndex="1" z="0" duration="12">
     <transform/>
    </frame>
    <frame displayIndex="2" z="0" duration="2">
     <transform x="1"/>
    </frame>
    <frame displayIndex="3" z="0" duration="1">
     <transform/>
    </frame>
    <frame displayIndex="3" z="0" duration="1">
     <transform/>
    </frame>
   </timeline>
   <timeline name="noteTXT">
    <frame z="0" duration="1">
     <transform/>
    </frame>
    <frame z="0" duration="1">
     <transform x="41.65" y="-5.85"/>
    </frame>
    <frame z="0" duration="1">
     <transform x="40.4" y="-5.6"/>
    </frame>
    <frame z="0" duration="1">
     <transform x="42.65" y="-5.6"/>
    </frame>
    <frame z="0" duration="1">
     <transform x="43.4" y="-5.85"/>
    </frame>
    <frame z="0" duration="1">
     <transform x="42.15" y="-5.85"/>
    </frame>
    <frame z="0" duration="1">
     <transform x="43.4" y="-5.45"/>
    </frame>
    <frame z="0" duration="1">
     <transform x="44.35" y="-6"/>
    </frame>
    <frame z="0" duration="1">
     <transform x="43.4" y="-5.6"/>
    </frame>
    <frame z="0" duration="1">
     <transform x="43.15" y="-5.6"/>
    </frame>
    <frame z="0" duration="1">
     <transform x="42.65" y="-5.85"/>
    </frame>
    <frame z="0" duration="1">
     <transform x="42.65" y="-5.85"/>
    </frame>
    <frame z="0" duration="1">
     <transform x="43.4" y="-5.6"/>
    </frame>
    <frame z="0" duration="1">
     <transform x="44.15" y="40.15"/>
    </frame>
    <frame z="0" duration="1">
     <transform x="-3.4" y="40.15"/>
    </frame>
    <frame z="0" duration="1">
     <transform x="46.3" y="4.75"/>
    </frame>
    <frame z="0" duration="1">
     <transform x="46.3" y="4.75"/>
    </frame>
   </timeline>
   <timeline name="timeTXT">
    <frame z="0" duration="1">
     <transform/>
    </frame>
    <frame displayIndex="-1" duration="13"/>
    <frame z="0" duration="1">
     <transform x="30.55" y="46.95"/>
     <colorTransform bM="15" gO="0" bO="0" aM="100" rM="100" aO="0" gM="83" rO="0"/>
    </frame>
    <frame z="0" duration="1">
     <transform x="30.55" y="46.95"/>
     <colorTransform bM="15" gO="0" bO="0" aM="100" rM="100" aO="0" gM="83" rO="0"/>
    </frame>
    <frame displayIndex="-1" duration="1"/>
   </timeline>
   <timeline name="idnet">
    <frame z="0" duration="1">
     <transform/>
    </frame>
    <frame displayIndex="-1" duration="13"/>
    <frame displayIndex="1" z="0" duration="1">
     <transform scX="0.15" x="-60.45" scY="0.15" y="36.25"/>
    </frame>
    <frame displayIndex="1" z="0" duration="1">
     <transform scX="0.15" x="-60.45" scY="0.15" y="36.25"/>
    </frame>
    <frame displayIndex="-1" duration="1"/>
   </timeline>
   <timeline name="noteTXT_0">
    <frame z="0" duration="1">
     <transform/>
    </frame>
    <frame z="0" duration="1">
     <transform/>
    </frame>
    <frame displayIndex="-1" duration="15"/>
   </timeline>
   <timeline name="nameTXT">
    <frame z="0" duration="1">
     <transform/>
    </frame>
    <frame z="0" duration="1">
     <transform/>
    </frame>
    <frame displayIndex="-1" duration="15"/>
   </timeline>
   <frame duration="16"/>
   <frame duration="1"/>
  </animation>
 </armature>
</root>