<root name="Unit24HorisontDeath_mc" isGlobal="0" frameRate="30" version="3.0">
 <armature name="Unit24HorisontDeath_mc">
  <skin name="default">
   <slot name="Layer 1" z="0" parent="Layer 1">
    <display name="Shape/shape 11559" type="image">
     <transform scX="1" x="0" scY="1" y="0" pX="24" pY="52" skX="0" skY="0"/>
    </display>
    <display name="Shape/shape 11561" type="image">
     <transform scX="1" x="0" scY="1" y="0" pX="24" pY="52" skX="0" skY="0"/>
    </display>
    <display name="Shape/shape 11563" type="image">
     <transform scX="1" x="0" scY="1" y="0" pX="24" pY="52" skX="0" skY="0"/>
    </display>
    <display name="Shape/shape 11565" type="image">
     <transform scX="1" x="0" scY="1" y="0" pX="24" pY="52" skX="0" skY="0"/>
    </display>
    <display name="Shape/shape 11567" type="image">
     <transform scX="1" x="0" scY="1" y="0" pX="24" pY="52" skX="0" skY="0"/>
    </display>
    <display name="Shape/shape 11569" type="image">
     <transform scX="1" x="0" scY="1" y="0" pX="24" pY="52" skX="0" skY="0"/>
    </display>
    <display name="Shape/shape 11571" type="image">
     <transform scX="1" x="0" scY="1" y="0" pX="24" pY="52" skX="0" skY="0"/>
    </display>
    <display name="Shape/shape 11573" type="image">
     <transform scX="1" x="0" scY="1" y="0" pX="24" pY="52" skX="0" skY="0"/>
    </display>
    <display name="Shape/shape 11575" type="image">
     <transform scX="1" x="0" scY="1" y="0" pX="24" pY="52" skX="0" skY="0"/>
    </display>
    <display name="Shape/shape 11577" type="image">
     <transform scX="1" x="0" scY="1" y="0" pX="24" pY="52" skX="0" skY="0"/>
    </display>
    <display name="Shape/shape 11579" type="image">
     <transform scX="1" x="0" scY="1" y="0" pX="24" pY="52" skX="0" skY="0"/>
    </display>
    <display name="Shape/shape 11581" type="image">
     <transform scX="1" x="0" scY="1" y="0" pX="24" pY="52" skX="0" skY="0"/>
    </display>
    <display name="Shape/shape 11583" type="image">
     <transform scX="1" x="0" scY="1" y="0" pX="24" pY="52" skX="0" skY="0"/>
    </display>
    <display name="Shape/shape 11585" type="image">
     <transform scX="1" x="0" scY="1" y="0" pX="24" pY="52" skX="0" skY="0"/>
    </display>
    <display name="Shape/shape 11587" type="image">
     <transform scX="1" x="0" scY="1" y="0" pX="24" pY="52" skX="0" skY="0"/>
    </display>
    <display name="Shape/shape 11589" type="image">
     <transform scX="1" x="0" scY="1" y="0" pX="24" pY="52" skX="0" skY="0"/>
    </display>
    <display name="Shape/shape 11591" type="image">
     <transform scX="1" x="0" scY="1" y="0" pX="24" pY="52" skX="0" skY="0"/>
    </display>
    <display name="Shape/shape 11593" type="image">
     <transform scX="1" x="0" scY="1" y="0" pX="24" pY="52" skX="0" skY="0"/>
    </display>
    <display name="Shape/shape 11595" type="image">
     <transform scX="1" x="0" scY="1" y="0" pX="24" pY="52" skX="0" skY="0"/>
    </display>
   </slot>
  </skin>
  <bone name="Layer 1">
   <transform scX="1" x="0" skX="0" scY="1" y="0" skY="0"/>
  </bone>
  <animation fadeInTime="0.3" scale="1" loop="1" autoTween="NaN" name="Unit24HorisontDeath_mc" duration="38" tweenEasing="NaN">
   <timeline pX="0" name="Layer 1" pY="0" scale="1" offset="0">
    <frame z="0" duration="2">
     <transform scX="1" x="0" scY="1" y="0" pX="0" pY="0" skX="0" skY="0"/>
    </frame>
    <frame displayIndex="1" z="0" duration="2">
     <transform scX="1" x="0" scY="1" y="0" pX="0" pY="0" skX="0" skY="0"/>
    </frame>
    <frame displayIndex="2" z="0" duration="2">
     <transform scX="1" x="0" scY="1" y="0" pX="0" pY="0" skX="0" skY="0"/>
    </frame>
    <frame displayIndex="3" z="0" duration="2">
     <transform scX="1" x="0" scY="1" y="0" pX="0" pY="0" skX="0" skY="0"/>
    </frame>
    <frame displayIndex="4" z="0" duration="2">
     <transform scX="1" x="0" scY="1" y="0" pX="0" pY="0" skX="0" skY="0"/>
    </frame>
    <frame displayIndex="5" z="0" duration="2">
     <transform scX="1" x="0" scY="1" y="0" pX="0" pY="0" skX="0" skY="0"/>
    </frame>
    <frame displayIndex="6" z="0" duration="2">
     <transform scX="1" x="0" scY="1" y="0" pX="0" pY="0" skX="0" skY="0"/>
    </frame>
    <frame displayIndex="7" z="0" duration="2">
     <transform scX="1" x="0" scY="1" y="0" pX="0" pY="0" skX="0" skY="0"/>
    </frame>
    <frame displayIndex="8" z="0" duration="2">
     <transform scX="1" x="0" scY="1" y="0" pX="0" pY="0" skX="0" skY="0"/>
    </frame>
    <frame displayIndex="9" z="0" duration="2">
     <transform scX="1" x="0" scY="1" y="0" pX="0" pY="0" skX="0" skY="0"/>
    </frame>
    <frame displayIndex="10" z="0" duration="2">
     <transform scX="1" x="0" scY="1" y="0" pX="0" pY="0" skX="0" skY="0"/>
    </frame>
    <frame displayIndex="11" z="0" duration="2">
     <transform scX="1" x="0" scY="1" y="0" pX="0" pY="0" skX="0" skY="0"/>
    </frame>
    <frame displayIndex="12" z="0" duration="2">
     <transform scX="1" x="0" scY="1" y="0" pX="0" pY="0" skX="0" skY="0"/>
    </frame>
    <frame displayIndex="13" z="0" duration="2">
     <transform scX="1" x="0" scY="1" y="0" pX="0" pY="0" skX="0" skY="0"/>
    </frame>
    <frame displayIndex="14" z="0" duration="2">
     <transform scX="1" x="0" scY="1" y="0" pX="0" pY="0" skX="0" skY="0"/>
    </frame>
    <frame displayIndex="15" z="0" duration="2">
     <transform scX="1" x="0" scY="1" y="0" pX="0" pY="0" skX="0" skY="0"/>
    </frame>
    <frame displayIndex="16" z="0" duration="2">
     <transform scX="1" x="0" scY="1" y="0" pX="0" pY="0" skX="0" skY="0"/>
    </frame>
    <frame displayIndex="17" z="0" duration="2">
     <transform scX="1" x="0" scY="1" y="0" pX="0" pY="0" skX="0" skY="0"/>
    </frame>
    <frame displayIndex="18" z="0" duration="1">
     <transform scX="1" x="0" scY="1" y="0" pX="0" pY="0" skX="0" skY="0"/>
    </frame>
    <frame displayIndex="18" z="0" duration="1">
     <transform scX="1" x="0" scY="1" y="0" pX="0" pY="0" skX="0" skY="0"/>
    </frame>
   </timeline>
  </animation>
 </armature>
</root>