<TextureAtlas name="BulletTower7_mc" imagePath="texture.png">
 <SubTexture name="ball" x="378" y="448" width="63" height="43"/>
 <SubTexture name="Shape/shape 8482" x="345" y="92" width="114" height="91"/>
 <SubTexture name="Shape/shape 8484" x="345" y="0" width="114" height="91"/>
 <SubTexture name="Shape/shape 8486" x="0" y="0" width="114" height="91"/>
 <SubTexture name="Shape/shape 8488" x="230" y="0" width="114" height="91"/>
 <SubTexture name="Shape/shape 8489" x="0" y="184" width="114" height="91"/>
 <SubTexture name="Shape/shape 8491" x="115" y="0" width="114" height="91"/>
 <SubTexture name="Shape/shape 8492" x="0" y="276" width="114" height="91"/>
 <SubTexture name="Shape/shape 8494" x="0" y="92" width="114" height="91"/>
 <SubTexture name="Shape/shape 8495" x="115" y="184" width="114" height="91"/>
 <SubTexture name="Shape/shape 8497" x="230" y="92" width="114" height="91"/>
 <SubTexture name="Shape/shape 8498" x="230" y="184" width="114" height="91"/>
 <SubTexture name="Shape/shape 8500" x="115" y="92" width="114" height="91"/>
 <SubTexture name="Shape/shape 8501" x="230" y="276" width="114" height="91"/>
 <SubTexture name="Shape/shape 8503" x="345" y="184" width="114" height="91"/>
 <SubTexture name="Shape/shape 8504" x="115" y="276" width="114" height="91"/>
 <SubTexture name="case" x="460" y="0" width="50" height="50"/>
 <SubTexture name="Shape/shape 8439" x="345" y="362" width="61" height="84"/>
 <SubTexture name="Shape/shape 8441" x="252" y="368" width="61" height="84"/>
 <SubTexture name="Shape/shape 8443" x="189" y="368" width="61" height="84"/>
 <SubTexture name="Shape/shape 8445" x="345" y="276" width="61" height="84"/>
 <SubTexture name="Shape/shape 8447" x="408" y="276" width="61" height="84"/>
 <SubTexture name="Shape/shape 8449" x="315" y="448" width="61" height="84"/>
 <SubTexture name="Shape/shape 8451" x="126" y="368" width="61" height="84"/>
 <SubTexture name="Shape/shape 8453" x="63" y="368" width="61" height="84"/>
 <SubTexture name="Shape/shape 8455" x="408" y="362" width="61" height="84"/>
 <SubTexture name="Shape/shape 8457" x="0" y="368" width="61" height="84"/>
</TextureAtlas>