{"armature":[{"skin":[{"name":"default","slot":[{"name":"shadow","z":0,"display":[{"transform":{"pX":10,"pY":10},"name":"shadow","type":"image"}],"parent":"shadow"},{"name":"contSlot","z":1,"display":[{"transform":{},"name":"contSlot","type":"armature"}],"parent":"contSlot"}]}],"name":"unit8","bone":[{"transform":{"x":0.4,"scY":0.5,"y":0.75},"name":"shadow"},{"transform":{"x":-0.05,"y":-0.05},"name":"contSlot"}],"animation":[{"name":"cont","timeline":[{"name":"shadow","frame":[{"transform":{},"z":0,"duration":8,"tweenEasing":0},{"transform":{"scX":0.6,"scY":0.6},"z":0,"duration":13,"tweenEasing":0},{"z":0,"transform":{},"duration":1},{"z":0,"transform":{},"duration":1}]},{"name":"contSlot","frame":[{"transform":{},"z":0,"duration":9,"tweenEasing":0},{"transform":{"x":-0.1,"y":-9.15},"z":0,"duration":12,"tweenEasing":0},{"z":0,"transform":{"x":-0.15,"scY":0.98,"y":0.95},"duration":1},{"z":0,"transform":{"x":-0.15,"scY":0.98,"y":0.95},"duration":1}]}],"frame":[{"duration":22},{"duration":1}],"autoTween":null,"fadeInTime":0.3,"duration":23,"tweenEasing":null}]},{"skin":[{"name":"default","slot":[{"name":"contSlot","z":0,"display":[{"transform":{"pX":22,"pY":28},"name":"Shape/shape 2616","type":"image"},{"transform":{"pX":22,"pY":28},"name":"Shape/shape 2618","type":"image"},{"transform":{"pX":22,"pY":28},"name":"Shape/shape 2620","type":"image"},{"transform":{"pX":22,"pY":28},"name":"Shape/shape 2622","type":"image"},{"transform":{"pX":22,"pY":28},"name":"Shape/shape 2624","type":"image"},{"transform":{"pX":23,"pY":29},"name":"Shape/shape 2626","type":"image"},{"transform":{"pX":23,"pY":29},"name":"Shape/shape 2628","type":"image"},{"transform":{"pX":23,"pY":29},"name":"Shape/shape 2630","type":"image"},{"transform":{"pX":23,"pY":29},"name":"Shape/shape 2632","type":"image"},{"transform":{"pX":23,"pY":29},"name":"Shape/shape 2634","type":"image"}],"parent":"contSlot"}]}],"name":"contSlot","bone":[{"transform":{},"name":"contSlot"}],"animation":[{"name":"dir","timeline":[{"name":"contSlot","frame":[{"z":0,"transform":{},"duration":2},{"displayIndex":1,"transform":{},"z":0,"duration":2},{"displayIndex":2,"transform":{},"z":0,"duration":2},{"displayIndex":3,"transform":{},"z":0,"duration":2},{"displayIndex":4,"transform":{},"z":0,"duration":2},{"displayIndex":5,"transform":{},"z":0,"duration":2},{"displayIndex":6,"transform":{},"z":0,"duration":2},{"displayIndex":7,"transform":{},"z":0,"duration":2},{"displayIndex":8,"transform":{},"z":0,"duration":2},{"displayIndex":9,"transform":{},"z":0,"duration":2},{"displayIndex":9,"transform":{},"z":0,"duration":1}]}],"frame":[{"duration":20},{"duration":1}],"autoTween":null,"fadeInTime":0.3,"duration":21,"tweenEasing":null}]}],"name":"unit8","isGlobal":0,"frameRate":30,"version":"3.0"}