{"imagePath":"texture.png","SubTexture":[{"name":"shadow","x":105,"width":20,"y":106,"height":20},{"name":"Shape/shape 2616","x":74,"width":33,"y":36,"height":33},{"name":"Shape/shape 2618","x":74,"width":33,"y":71,"height":33},{"name":"Shape/shape 2620","x":70,"width":33,"y":106,"height":33},{"name":"Shape/shape 2622","x":0,"width":33,"y":72,"height":33},{"name":"Shape/shape 2624","x":35,"width":33,"y":72,"height":33},{"name":"Shape/shape 2626","x":74,"width":35,"y":0,"height":34},{"name":"Shape/shape 2628","x":0,"width":35,"y":0,"height":34},{"name":"Shape/shape 2630","x":37,"width":35,"y":36,"height":34},{"name":"Shape/shape 2632","x":37,"width":35,"y":0,"height":34},{"name":"Shape/shape 2634","x":0,"width":35,"y":36,"height":34}],"name":"unit8"}