<root name="GetAchieve_mc" isGlobal="0" frameRate="30" version="3.0">
 <armature name="GetAchieve_mc">
  <skin name="default">
   <slot name="board" z="0" parent="board">
    <display name="board" type="armature">
     <transform/>
    </display>
   </slot>
   <slot name="icon" z="1" parent="icon">
    <display name="icon" type="armature">
     <transform/>
    </display>
   </slot>
  </skin>
  <bone name="board">
   <transform x="-72.5"/>
  </bone>
  <bone name="icon">
   <transform scX="0.49" scY="0.49" y="30"/>
  </bone>
  <animation name="GetAchieve_mc" autoTween="NaN" fadeInTime="0.3" duration="36" tweenEasing="NaN">
   <timeline name="board">
    <frame z="0" duration="8">
     <transform/>
    </frame>
    <frame z="0" duration="1">
     <transform/>
    </frame>
    <frame z="0" duration="3" tweenEasing="0">
     <transform/>
    </frame>
    <frame z="0" duration="1">
     <transform x="66.35"/>
    </frame>
    <frame z="0" duration="1">
     <transform x="88.5"/>
    </frame>
    <frame z="0" duration="21">
     <transform x="83.5"/>
    </frame>
    <frame z="0" duration="1">
     <transform x="83.5"/>
    </frame>
   </timeline>
   <timeline name="icon">
    <frame z="0" duration="4" tweenEasing="0">
     <transform/>
     <colorTransform bM="100" gO="0" bO="0" aM="20" rM="100" aO="0" gM="100" rO="0"/>
    </frame>
    <frame z="0" duration="1" tweenEasing="0">
     <transform scX="2.1224" scY="2.1224" y="-32.4"/>
    </frame>
    <frame z="0" duration="1">
     <transform scX="2.0816" scY="2.0816" y="-31.2"/>
    </frame>
    <frame z="0" duration="3" tweenEasing="0">
     <transform scX="2.0408" scY="2.0408" y="-30"/>
    </frame>
    <frame z="0" duration="2" tweenEasing="0">
     <transform scX="2.0408" scY="2.0408" y="-30"/>
    </frame>
    <frame z="0" duration="1">
     <transform scX="2.0408" x="-53.3" scY="2.0408" y="-30"/>
    </frame>
    <frame z="0" duration="23">
     <transform scX="2.0408" x="-80" scY="2.0408" y="-30"/>
    </frame>
    <frame z="0" duration="1">
     <transform scX="2.0408" x="-80" scY="2.0408" y="-30"/>
    </frame>
   </timeline>
   <frame duration="35"/>
   <frame duration="1"/>
  </animation>
 </armature>
 <armature name="board">
  <skin name="default">
   <slot name="bg" z="0" parent="bg">
    <display name="Shape/shape 12159" type="image">
     <transform pX="91.5" pY="15"/>
    </display>
   </slot>
   <slot name="noteTXT" z="1" parent="noteTXT">
    <display name="text" type="text">
     <transform x="-2" y="-2"/>
     <text text="成就名称&#xD;" face="FZJianTiS-R-GB" size="14" alignV="top" lineType="single line" textType="static" width="171" bold="0" alignH="left" height="27" italic="0">
      <color g="204" r="255" b="0" a="255"/>
     </text>
    </display>
   </slot>
  </skin>
  <bone name="bg">
   <transform/>
  </bone>
  <bone name="noteTXT">
   <transform x="8.5" y="-0.8"/>
  </bone>
  <animation name="board" scale="5" loop="0" autoTween="NaN" fadeInTime="0.3" duration="2" tweenEasing="2">
   <timeline name="bg">
    <frame z="0" duration="1">
     <transform/>
    </frame>
    <frame z="0" duration="1">
     <transform/>
    </frame>
   </timeline>
   <timeline name="noteTXT">
    <frame z="0" duration="1">
     <transform/>
    </frame>
    <frame z="0" duration="1">
     <transform/>
    </frame>
   </timeline>
   <frame duration="1"/>
   <frame duration="1"/>
  </animation>
 </armature>
 <armature name="icon">
  <skin name="default">
   <slot name="icon3" z="0" parent="icon3">
    <display name="Shape/shape 12163" type="image">
     <transform pX="21" pY="24"/>
    </display>
   </slot>
   <slot name="icon2" z="1" parent="icon2">
    <display name="Shape/shape 6111" type="image">
     <transform pX="22" pY="22"/>
    </display>
    <display name="Shape/shape 6113" type="image">
     <transform pX="22" pY="22"/>
    </display>
    <display name="Shape/shape 6115" type="image">
     <transform pX="22" pY="22"/>
    </display>
    <display name="Shape/shape 6117" type="image">
     <transform pX="22" pY="22"/>
    </display>
    <display name="Shape/shape 6119" type="image">
     <transform pX="22" pY="22"/>
    </display>
    <display name="Shape/shape 6121" type="image">
     <transform pX="22" pY="22"/>
    </display>
    <display name="Shape/shape 6123" type="image">
     <transform pX="22" pY="22"/>
    </display>
    <display name="Shape/shape 6125" type="image">
     <transform pX="22" pY="22"/>
    </display>
    <display name="Shape/shape 6127" type="image">
     <transform pX="22" pY="22"/>
    </display>
    <display name="Shape/shape 6129" type="image">
     <transform pX="22" pY="22"/>
    </display>
    <display name="Shape/shape 6131" type="image">
     <transform pX="22" pY="22"/>
    </display>
    <display name="Shape/shape 6133" type="image">
     <transform pX="22" pY="22"/>
    </display>
    <display name="Shape/shape 6135" type="image">
     <transform pX="22" pY="22"/>
    </display>
    <display name="Shape/shape 6137" type="image">
     <transform pX="22" pY="22"/>
    </display>
    <display name="Shape/shape 6139" type="image">
     <transform pX="22" pY="22"/>
    </display>
    <display name="Shape/shape 6141" type="image">
     <transform pX="22" pY="22"/>
    </display>
    <display name="Shape/shape 6143" type="image">
     <transform pX="22" pY="22"/>
    </display>
    <display name="Shape/shape 6145" type="image">
     <transform pX="22" pY="22"/>
    </display>
    <display name="Shape/shape 6147" type="image">
     <transform pX="22" pY="22"/>
    </display>
    <display name="Shape/shape 6149" type="image">
     <transform pX="22" pY="22"/>
    </display>
    <display name="Shape/shape 6151" type="image">
     <transform pX="22" pY="22"/>
    </display>
    <display name="Shape/shape 6153" type="image">
     <transform pX="22" pY="22"/>
    </display>
    <display name="Shape/shape 6155" type="image">
     <transform pX="22" pY="22"/>
    </display>
    <display name="Shape/shape 6157" type="image">
     <transform pX="22" pY="22"/>
    </display>
    <display name="Shape/shape 6159" type="image">
     <transform pX="22" pY="22"/>
    </display>
    <display name="Shape/shape 6161" type="image">
     <transform pX="22" pY="22"/>
    </display>
    <display name="Shape/shape 6163" type="image">
     <transform pX="22" pY="22"/>
    </display>
    <display name="Shape/shape 6165" type="image">
     <transform pX="22" pY="22"/>
    </display>
    <display name="Shape/shape 6167" type="image">
     <transform pX="22" pY="22"/>
    </display>
    <display name="Shape/shape 6169" type="image">
     <transform pX="22" pY="22"/>
    </display>
    <display name="Shape/shape 6171" type="image">
     <transform pX="22" pY="22"/>
    </display>
    <display name="Shape/shape 6173" type="image">
     <transform pX="22" pY="22"/>
    </display>
    <display name="Shape/shape 6175" type="image">
     <transform pX="22.5" pY="22.5"/>
    </display>
    <display name="Shape/shape 6177" type="image">
     <transform pX="22.5" pY="22.5"/>
    </display>
    <display name="Shape/shape 6179" type="image">
     <transform pX="22.5" pY="22.5"/>
    </display>
    <display name="Shape/shape 6181" type="image">
     <transform pX="22.5" pY="22.5"/>
    </display>
    <display name="Shape/shape 6183" type="image">
     <transform pX="22.5" pY="22.5"/>
    </display>
    <display name="Shape/shape 6185" type="image">
     <transform pX="22.5" pY="22.5"/>
    </display>
    <display name="Shape/shape 6187" type="image">
     <transform pX="22.5" pY="22.5"/>
    </display>
    <display name="Shape/shape 6189" type="image">
     <transform pX="22.5" pY="22.5"/>
    </display>
    <display name="Shape/shape 6191" type="image">
     <transform pX="22.5" pY="22.5"/>
    </display>
    <display name="Shape/shape 6193" type="image">
     <transform pX="22.5" pY="22.5"/>
    </display>
    <display name="Shape/shape 6195" type="image">
     <transform pX="22.5" pY="22.5"/>
    </display>
    <display name="Shape/shape 6197" type="image">
     <transform pX="22.5" pY="22.5"/>
    </display>
    <display name="Shape/shape 6199" type="image">
     <transform pX="22.5" pY="22.5"/>
    </display>
    <display name="Shape/shape 6201" type="image">
     <transform pX="22.5" pY="22.5"/>
    </display>
   </slot>
   <slot name="icon1" z="2" parent="icon1">
    <display name="Shape/shape 12165" type="image">
     <transform pX="15.5" pY="15.5"/>
    </display>
   </slot>
  </skin>
  <bone name="icon3">
   <transform/>
  </bone>
  <bone name="icon2">
   <transform scX="0.68" x="-0.5" scY="0.68" y="-0.5"/>
  </bone>
  <bone name="icon1">
   <transform/>
  </bone>
  <animation fadeInTime="0.3" autoTween="NaN" name="icon" duration="47" tweenEasing="NaN">
   <timeline name="icon3">
    <frame z="0" duration="46">
     <transform/>
    </frame>
    <frame z="0" duration="1">
     <transform/>
    </frame>
   </timeline>
   <timeline name="icon2">
    <frame z="0" duration="1">
     <transform/>
    </frame>
    <frame displayIndex="1" z="0" duration="1">
     <transform/>
    </frame>
    <frame displayIndex="2" z="0" duration="1">
     <transform/>
    </frame>
    <frame displayIndex="3" z="0" duration="1">
     <transform/>
    </frame>
    <frame displayIndex="4" z="0" duration="1">
     <transform/>
    </frame>
    <frame displayIndex="5" z="0" duration="1">
     <transform/>
    </frame>
    <frame displayIndex="6" z="0" duration="1">
     <transform/>
    </frame>
    <frame displayIndex="7" z="0" duration="1">
     <transform/>
    </frame>
    <frame displayIndex="8" z="0" duration="1">
     <transform/>
    </frame>
    <frame displayIndex="9" z="0" duration="1">
     <transform/>
    </frame>
    <frame displayIndex="10" z="0" duration="1">
     <transform/>
    </frame>
    <frame displayIndex="11" z="0" duration="1">
     <transform/>
    </frame>
    <frame displayIndex="12" z="0" duration="1">
     <transform/>
    </frame>
    <frame displayIndex="13" z="0" duration="1">
     <transform/>
    </frame>
    <frame displayIndex="14" z="0" duration="1">
     <transform/>
    </frame>
    <frame displayIndex="15" z="0" duration="1">
     <transform/>
    </frame>
    <frame displayIndex="16" z="0" duration="1">
     <transform/>
    </frame>
    <frame displayIndex="17" z="0" duration="1">
     <transform/>
    </frame>
    <frame displayIndex="18" z="0" duration="1">
     <transform/>
    </frame>
    <frame displayIndex="19" z="0" duration="1">
     <transform/>
    </frame>
    <frame displayIndex="20" z="0" duration="1">
     <transform/>
    </frame>
    <frame displayIndex="21" z="0" duration="1">
     <transform/>
    </frame>
    <frame displayIndex="22" z="0" duration="1">
     <transform/>
    </frame>
    <frame displayIndex="23" z="0" duration="1">
     <transform/>
    </frame>
    <frame displayIndex="24" z="0" duration="1">
     <transform/>
    </frame>
    <frame displayIndex="25" z="0" duration="1">
     <transform/>
    </frame>
    <frame displayIndex="26" z="0" duration="1">
     <transform/>
    </frame>
    <frame displayIndex="27" z="0" duration="1">
     <transform/>
    </frame>
    <frame displayIndex="28" z="0" duration="1">
     <transform/>
    </frame>
    <frame displayIndex="29" z="0" duration="1">
     <transform/>
    </frame>
    <frame displayIndex="30" z="0" duration="1">
     <transform/>
    </frame>
    <frame displayIndex="31" z="0" duration="1">
     <transform/>
    </frame>
    <frame displayIndex="32" z="0" duration="1">
     <transform/>
    </frame>
    <frame displayIndex="33" z="0" duration="1">
     <transform/>
    </frame>
    <frame displayIndex="34" z="0" duration="1">
     <transform/>
    </frame>
    <frame displayIndex="35" z="0" duration="1">
     <transform/>
    </frame>
    <frame displayIndex="36" z="0" duration="1">
     <transform/>
    </frame>
    <frame displayIndex="37" z="0" duration="1">
     <transform/>
    </frame>
    <frame displayIndex="38" z="0" duration="1">
     <transform/>
    </frame>
    <frame displayIndex="39" z="0" duration="1">
     <transform/>
    </frame>
    <frame displayIndex="40" z="0" duration="1">
     <transform/>
    </frame>
    <frame displayIndex="41" z="0" duration="1">
     <transform/>
    </frame>
    <frame displayIndex="42" z="0" duration="1">
     <transform/>
    </frame>
    <frame displayIndex="43" z="0" duration="1">
     <transform/>
    </frame>
    <frame displayIndex="44" z="0" duration="1">
     <transform/>
    </frame>
    <frame displayIndex="45" z="0" duration="1">
     <transform/>
    </frame>
    <frame displayIndex="45" z="0" duration="1">
     <transform/>
    </frame>
   </timeline>
   <timeline name="icon1">
    <frame z="0" duration="46">
     <transform/>
    </frame>
    <frame z="0" duration="1">
     <transform/>
    </frame>
   </timeline>
  </animation>
 </armature>
</root>