<TextureAtlas name="GetAchieve_mc" imagePath="texture.png">
 <SubTexture name="Shape/shape 12159" x="0" y="0" width="183" height="30"/>
 <SubTexture name="Shape/shape 12163" x="467" y="0" width="42" height="48"/>
 <SubTexture name="Shape/shape 6111" x="188" y="188" width="45" height="45"/>
 <SubTexture name="Shape/shape 6113" x="188" y="141" width="45" height="45"/>
 <SubTexture name="Shape/shape 6115" x="174" y="47" width="45" height="45"/>
 <SubTexture name="Shape/shape 6117" x="268" y="47" width="45" height="45"/>
 <SubTexture name="Shape/shape 6119" x="279" y="0" width="45" height="45"/>
 <SubTexture name="Shape/shape 6121" x="282" y="188" width="45" height="45"/>
 <SubTexture name="Shape/shape 6123" x="221" y="47" width="45" height="45"/>
 <SubTexture name="Shape/shape 6125" x="47" y="173" width="45" height="45"/>
 <SubTexture name="Shape/shape 6127" x="326" y="0" width="45" height="45"/>
 <SubTexture name="Shape/shape 6129" x="141" y="188" width="45" height="45"/>
 <SubTexture name="Shape/shape 6131" x="329" y="141" width="45" height="45"/>
 <SubTexture name="Shape/shape 6133" x="235" y="188" width="45" height="45"/>
 <SubTexture name="Shape/shape 6135" x="456" y="50" width="45" height="45"/>
 <SubTexture name="Shape/shape 6137" x="94" y="173" width="45" height="45"/>
 <SubTexture name="Shape/shape 6139" x="188" y="94" width="45" height="45"/>
 <SubTexture name="Shape/shape 6141" x="235" y="94" width="45" height="45"/>
 <SubTexture name="Shape/shape 6143" x="282" y="94" width="45" height="45"/>
 <SubTexture name="Shape/shape 6145" x="185" y="0" width="45" height="45"/>
 <SubTexture name="Shape/shape 6147" x="47" y="32" width="45" height="45"/>
 <SubTexture name="Shape/shape 6149" x="423" y="144" width="45" height="45"/>
 <SubTexture name="Shape/shape 6151" x="47" y="126" width="45" height="45"/>
 <SubTexture name="Shape/shape 6153" x="282" y="141" width="45" height="45"/>
 <SubTexture name="Shape/shape 6155" x="376" y="141" width="45" height="45"/>
 <SubTexture name="Shape/shape 6157" x="141" y="94" width="45" height="45"/>
 <SubTexture name="Shape/shape 6159" x="373" y="0" width="45" height="45"/>
 <SubTexture name="Shape/shape 6161" x="423" y="97" width="45" height="45"/>
 <SubTexture name="Shape/shape 6163" x="0" y="126" width="45" height="45"/>
 <SubTexture name="Shape/shape 6165" x="315" y="47" width="45" height="45"/>
 <SubTexture name="Shape/shape 6167" x="94" y="32" width="45" height="45"/>
 <SubTexture name="Shape/shape 6169" x="376" y="188" width="45" height="45"/>
 <SubTexture name="Shape/shape 6171" x="94" y="79" width="45" height="45"/>
 <SubTexture name="Shape/shape 6173" x="362" y="47" width="45" height="45"/>
 <SubTexture name="Shape/shape 6175" x="235" y="141" width="45" height="45"/>
 <SubTexture name="Shape/shape 6177" x="141" y="141" width="45" height="45"/>
 <SubTexture name="Shape/shape 6179" x="94" y="126" width="45" height="45"/>
 <SubTexture name="Shape/shape 6181" x="423" y="191" width="45" height="45"/>
 <SubTexture name="Shape/shape 6183" x="329" y="94" width="45" height="45"/>
 <SubTexture name="Shape/shape 6185" x="232" y="0" width="45" height="45"/>
 <SubTexture name="Shape/shape 6187" x="329" y="188" width="45" height="45"/>
 <SubTexture name="Shape/shape 6189" x="0" y="79" width="45" height="45"/>
 <SubTexture name="Shape/shape 6191" x="47" y="79" width="45" height="45"/>
 <SubTexture name="Shape/shape 6193" x="409" y="47" width="45" height="45"/>
 <SubTexture name="Shape/shape 6195" x="420" y="0" width="45" height="45"/>
 <SubTexture name="Shape/shape 6197" x="376" y="94" width="45" height="45"/>
 <SubTexture name="Shape/shape 6199" x="0" y="173" width="45" height="45"/>
 <SubTexture name="Shape/shape 6201" x="0" y="32" width="45" height="45"/>
 <SubTexture name="Shape/shape 12165" x="141" y="32" width="31" height="31"/>
</TextureAtlas>