<TextureAtlas name="Unit20_mc" imagePath="texture.png">
 <SubTexture name="dust4" x="104" y="104" width="50" height="50"/>
 <SubTexture name="selectUnit" x="52" y="208" width="50" height="50"/>
 <SubTexture name="shadow" x="0" y="156" width="50" height="50"/>
 <SubTexture name="healthBar" x="52" y="52" width="50" height="50"/>
 <SubTexture name="armor" x="0" y="104" width="50" height="50"/>
 <SubTexture name="iceEffect" x="52" y="104" width="50" height="50"/>
 <SubTexture name="fireEffect" x="104" y="156" width="50" height="50"/>
 <SubTexture name="iceFreez" x="104" y="0" width="50" height="50"/>
 <SubTexture name="levinattack" x="156" y="52" width="50" height="50"/>
 <SubTexture name="iceattack" x="52" y="0" width="50" height="50"/>
 <SubTexture name="fireattack" x="0" y="52" width="50" height="50"/>
 <SubTexture name="dust3" x="156" y="156" width="50" height="50"/>
 <SubTexture name="dust2" x="0" y="0" width="50" height="50"/>
 <SubTexture name="dust1" x="156" y="0" width="50" height="50"/>
 <SubTexture name="buffSpeed" x="104" y="52" width="50" height="50"/>
 <SubTexture name="airShock" x="156" y="104" width="50" height="50"/>
 <SubTexture name="buffHP" x="52" y="156" width="50" height="50"/>
 <SubTexture name="case" x="0" y="208" width="50" height="50"/>
 <SubTexture name="Shape/shape 3143" x="208" y="0" width="43" height="33"/>
 <SubTexture name="Shape/shape 3145" x="208" y="35" width="41" height="33"/>
</TextureAtlas>