<root name="BulletTower51_2_mc" isGlobal="0" frameRate="30" version="3.0">
 <armature name="BulletTower51_2_mc">
  <skin name="default">
   <slot name="Layer 1" z="0" parent="Layer 1">
    <display name="Shape/shape 10427" type="image">
     <transform scX="1" x="0" scY="1" y="0" pX="10" pY="19" skX="0" skY="0"/>
    </display>
    <display name="Shape/shape 10429" type="image">
     <transform scX="1" x="0" scY="1" y="0" pX="10" pY="19" skX="0" skY="0"/>
    </display>
    <display name="Shape/shape 10431" type="image">
     <transform scX="1" x="0" scY="1" y="0" pX="10" pY="19" skX="0" skY="0"/>
    </display>
    <display name="Shape/shape 10433" type="image">
     <transform scX="1" x="0" scY="1" y="0" pX="10" pY="19" skX="0" skY="0"/>
    </display>
    <display name="Shape/shape 10435" type="image">
     <transform scX="1" x="0" scY="1" y="0" pX="10" pY="19" skX="0" skY="0"/>
    </display>
    <display name="Shape/shape 10437" type="image">
     <transform scX="1" x="0" scY="1" y="0" pX="10" pY="19" skX="0" skY="0"/>
    </display>
    <display name="Shape/shape 10442" type="image">
     <transform scX="1" x="0" scY="1" y="0" pX="11" pY="22" skX="0" skY="0"/>
    </display>
    <display name="Shape/shape 10444" type="image">
     <transform scX="1" x="0" scY="1" y="0" pX="11" pY="22" skX="0" skY="0"/>
    </display>
    <display name="Shape/shape 10446" type="image">
     <transform scX="1" x="0" scY="1" y="0" pX="11" pY="22" skX="0" skY="0"/>
    </display>
    <display name="Shape/shape 10448" type="image">
     <transform scX="1" x="0" scY="1" y="0" pX="11" pY="22" skX="0" skY="0"/>
    </display>
    <display name="Shape/shape 10450" type="image">
     <transform scX="1" x="0" scY="1" y="0" pX="11" pY="22" skX="0" skY="0"/>
    </display>
    <display name="Shape/shape 10452" type="image">
     <transform scX="1" x="0" scY="1" y="0" pX="11" pY="22" skX="0" skY="0"/>
    </display>
    <display name="Shape/shape 10454" type="image">
     <transform scX="1" x="0" scY="1" y="0" pX="11" pY="22" skX="0" skY="0"/>
    </display>
    <display name="Shape/shape 10456" type="image">
     <transform scX="1" x="0" scY="1" y="0" pX="11" pY="22" skX="0" skY="0"/>
    </display>
   </slot>
   <slot name="Layer 2" z="1" parent="Layer 2">
    <display name="Shape/shape 10440" type="image">
     <transform scX="1" x="0" scY="1" y="0" pX="11" pY="22" skX="0" skY="0"/>
    </display>
   </slot>
  </skin>
  <bone name="Layer 1">
   <transform scX="1" x="0" skX="0" scY="1" y="0" skY="0"/>
  </bone>
  <bone name="Layer 2">
   <transform scX="1" x="0" skX="0" scY="1" y="0" skY="0"/>
  </bone>
  <animation fadeInTime="0.3" scale="1" loop="1" autoTween="NaN" name="BulletTower51_2_mc" duration="16" tweenEasing="NaN">
   <timeline pX="0" name="Layer 1" pY="0" scale="1" offset="0">
    <frame z="0" duration="1">
     <transform scX="1" x="0" scY="1" y="0" pX="0" pY="0" skX="0" skY="0"/>
    </frame>
    <frame displayIndex="1" z="0" duration="1">
     <transform scX="1" x="0" scY="1" y="0" pX="0" pY="0" skX="0" skY="0"/>
    </frame>
    <frame displayIndex="2" z="0" duration="1">
     <transform scX="1" x="0" scY="1" y="0" pX="0" pY="0" skX="0" skY="0"/>
    </frame>
    <frame displayIndex="3" z="0" duration="1">
     <transform scX="1" x="0" scY="1" y="0" pX="0" pY="0" skX="0" skY="0"/>
    </frame>
    <frame displayIndex="4" z="0" duration="1">
     <transform scX="1" x="0" scY="1" y="0" pX="0" pY="0" skX="0" skY="0"/>
    </frame>
    <frame displayIndex="5" z="0" duration="1">
     <transform scX="1" x="0" scY="1" y="0" pX="0" pY="0" skX="0" skY="0"/>
    </frame>
    <frame displayIndex="-1" duration="1"/>
    <frame displayIndex="6" z="0" duration="1">
     <transform scX="1" x="0" scY="1" y="0" pX="0" pY="0" skX="0" skY="0"/>
    </frame>
    <frame displayIndex="7" z="0" duration="1">
     <transform scX="1" x="0" scY="1" y="0" pX="0" pY="0" skX="0" skY="0"/>
    </frame>
    <frame displayIndex="8" z="0" duration="1">
     <transform scX="1" x="0" scY="1" y="0" pX="0" pY="0" skX="0" skY="0"/>
    </frame>
    <frame displayIndex="9" z="0" duration="1">
     <transform scX="1" x="0" scY="1" y="0" pX="0" pY="0" skX="0" skY="0"/>
    </frame>
    <frame displayIndex="10" z="0" duration="1">
     <transform scX="1" x="0" scY="1" y="0" pX="0" pY="0" skX="0" skY="0"/>
    </frame>
    <frame displayIndex="11" z="0" duration="1">
     <transform scX="1" x="0" scY="1" y="0" pX="0" pY="0" skX="0" skY="0"/>
    </frame>
    <frame displayIndex="12" z="0" duration="1">
     <transform scX="1" x="0" scY="1" y="0" pX="0" pY="0" skX="0" skY="0"/>
    </frame>
    <frame displayIndex="13" z="0" duration="1">
     <transform scX="1" x="0" scY="1" y="0" pX="0" pY="0" skX="0" skY="0"/>
    </frame>
    <frame displayIndex="13" z="0" duration="1">
     <transform scX="1" x="0" scY="1" y="0" pX="0" pY="0" skX="0" skY="0"/>
    </frame>
   </timeline>
   <timeline pX="0" name="Layer 2" pY="0" scale="1" offset="0">
    <frame displayIndex="-1" duration="6"/>
    <frame z="0" duration="1">
     <transform scX="1" x="0" scY="1" y="0" pX="0" pY="0" skX="0" skY="0"/>
    </frame>
    <frame z="0" duration="1">
     <transform scX="1" x="0" scY="1" y="0" pX="0" pY="0" skX="0" skY="0"/>
    </frame>
    <frame displayIndex="-1" duration="8"/>
   </timeline>
  </animation>
 </armature>
</root>