<dragonBones name="1yrt" frameRate="30" version="2.3">
 <armature name="Golem2VerticalDeath_mc">
  <bone name="Layer 1">
   <transform x="0" y="0" skX="0" skY="0" scX="1" scY="1"/>
  </bone>
  <skin name="default">
   <slot name="Layer 1" parent="Layer 1" z="0">
    <display name="Shape/shape 1960" type="image">
     <transform x="0" y="0" skX="0" skY="0" scX="1" scY="1" pX="58" pY="78"/>
    </display>
    <display name="Shape/shape 1962" type="image">
     <transform x="0" y="0" skX="0" skY="0" scX="1" scY="1" pX="58" pY="78"/>
    </display>
    <display name="Shape/shape 1964" type="image">
     <transform x="0" y="0" skX="0" skY="0" scX="1" scY="1" pX="58" pY="78"/>
    </display>
    <display name="Shape/shape 1966" type="image">
     <transform x="0" y="0" skX="0" skY="0" scX="1" scY="1" pX="58" pY="78"/>
    </display>
    <display name="Shape/shape 1968" type="image">
     <transform x="0" y="0" skX="0" skY="0" scX="1" scY="1" pX="58" pY="78"/>
    </display>
    <display name="Shape/shape 1970" type="image">
     <transform x="0" y="0" skX="0" skY="0" scX="1" scY="1" pX="58" pY="78"/>
    </display>
    <display name="Shape/shape 1972" type="image">
     <transform x="0" y="0" skX="0" skY="0" scX="1" scY="1" pX="58" pY="78"/>
    </display>
    <display name="Shape/shape 1974" type="image">
     <transform x="0" y="0" skX="0" skY="0" scX="1" scY="1" pX="58" pY="78"/>
    </display>
    <display name="Shape/shape 1976" type="image">
     <transform x="0" y="0" skX="0" skY="0" scX="1" scY="1" pX="58" pY="78"/>
    </display>
    <display name="Shape/shape 1978" type="image">
     <transform x="0" y="0" skX="0" skY="0" scX="1" scY="1" pX="58" pY="78"/>
    </display>
    <display name="Shape/shape 1980" type="image">
     <transform x="0" y="0" skX="0" skY="0" scX="1" scY="1" pX="58" pY="78"/>
    </display>
    <display name="Shape/shape 1982" type="image">
     <transform x="0" y="0" skX="0" skY="0" scX="1" scY="1" pX="58" pY="78"/>
    </display>
    <display name="Shape/shape 1984" type="image">
     <transform x="0" y="0" skX="0" skY="0" scX="1" scY="1" pX="58" pY="78"/>
    </display>
    <display name="Shape/shape 1986" type="image">
     <transform x="0" y="0" skX="0" skY="0" scX="1" scY="1" pX="58" pY="78"/>
    </display>
    <display name="Shape/shape 1988" type="image">
     <transform x="0" y="0" skX="0" skY="0" scX="1" scY="1" pX="58" pY="78"/>
    </display>
    <display name="Shape/shape 1990" type="image">
     <transform x="0" y="0" skX="0" skY="0" scX="1" scY="1" pX="58" pY="78"/>
    </display>
    <display name="Shape/shape 1992" type="image">
     <transform x="0" y="0" skX="0" skY="0" scX="1" scY="1" pX="58" pY="78"/>
    </display>
    <display name="Shape/shape 1994" type="image">
     <transform x="0" y="0" skX="0" skY="0" scX="1" scY="1" pX="58" pY="78"/>
    </display>
    <display name="Shape/shape 1996" type="image">
     <transform x="0" y="0" skX="0" skY="0" scX="1" scY="1" pX="58" pY="78"/>
    </display>
    <display name="Shape/shape 1998" type="image">
     <transform x="0" y="0" skX="0" skY="0" scX="1" scY="1" pX="58" pY="78"/>
    </display>
    <display name="Shape/shape 2000" type="image">
     <transform x="0" y="0" skX="0" skY="0" scX="1" scY="1" pX="58" pY="78"/>
    </display>
    <display name="Shape/shape 2002" type="image">
     <transform x="0" y="0" skX="0" skY="0" scX="1" scY="1" pX="58" pY="78"/>
    </display>
    <display name="Shape/shape 2004" type="image">
     <transform x="0" y="0" skX="0" skY="0" scX="1" scY="1" pX="58" pY="78"/>
    </display>
    <display name="Shape/shape 2006" type="image">
     <transform x="0" y="0" skX="0" skY="0" scX="1" scY="1" pX="58" pY="78"/>
    </display>
    <display name="Shape/shape 2008" type="image">
     <transform x="0" y="0" skX="0" skY="0" scX="1" scY="1" pX="58" pY="78"/>
    </display>
    <display name="Shape/shape 2010" type="image">
     <transform x="0" y="0" skX="0" skY="0" scX="1" scY="1"/>
    </display>
    <display name="Shape/shape 2012" type="image">
     <transform x="0" y="0" skX="0" skY="0" scX="1" scY="1"/>
    </display>
    <display name="Shape/shape 2014" type="image">
     <transform x="0" y="0" skX="0" skY="0" scX="1" scY="1"/>
    </display>
    <display name="Shape/shape 2016" type="image">
     <transform x="0" y="0" skX="0" skY="0" scX="1" scY="1"/>
    </display>
    <display name="Shape/shape 2018" type="image">
     <transform x="0" y="0" skX="0" skY="0" scX="1" scY="1"/>
    </display>
   </slot>
  </skin>
  <animation name="Golem2VerticalDeath_mc" fadeInTime="0.3" duration="46" scale="1" loop="1" autoTween="1" tweenEasing="NaN">
   <timeline name="Layer 1" scale="1" offset="0">
    <frame z="0" duration="1">
     <transform x="0" y="0" skX="0" skY="0" scX="1" scY="1" pX="0" pY="0"/>
    </frame>
    <frame z="0" displayIndex="1" duration="1">
     <transform x="0" y="0" skX="0" skY="0" scX="1" scY="1" pX="0" pY="0"/>
    </frame>
    <frame z="0" displayIndex="2" duration="1">
     <transform x="0" y="0" skX="0" skY="0" scX="1" scY="1" pX="0" pY="0"/>
    </frame>
    <frame z="0" displayIndex="3" duration="1">
     <transform x="0" y="0" skX="0" skY="0" scX="1" scY="1" pX="0" pY="0"/>
    </frame>
    <frame z="0" displayIndex="4" duration="1">
     <transform x="0" y="0" skX="0" skY="0" scX="1" scY="1" pX="0" pY="0"/>
    </frame>
    <frame z="0" displayIndex="5" duration="1">
     <transform x="0" y="0" skX="0" skY="0" scX="1" scY="1" pX="0" pY="0"/>
    </frame>
    <frame z="0" displayIndex="6" duration="1">
     <transform x="0" y="0" skX="0" skY="0" scX="1" scY="1" pX="0" pY="0"/>
    </frame>
    <frame z="0" displayIndex="7" duration="1">
     <transform x="0" y="0" skX="0" skY="0" scX="1" scY="1" pX="0" pY="0"/>
    </frame>
    <frame z="0" displayIndex="8" duration="1">
     <transform x="0" y="0" skX="0" skY="0" scX="1" scY="1" pX="0" pY="0"/>
    </frame>
    <frame z="0" displayIndex="9" duration="1">
     <transform x="0" y="0" skX="0" skY="0" scX="1" scY="1" pX="0" pY="0"/>
    </frame>
    <frame z="0" displayIndex="10" duration="1">
     <transform x="0" y="0" skX="0" skY="0" scX="1" scY="1" pX="0" pY="0"/>
    </frame>
    <frame z="0" displayIndex="11" duration="1">
     <transform x="0" y="0" skX="0" skY="0" scX="1" scY="1" pX="0" pY="0"/>
    </frame>
    <frame z="0" displayIndex="12" duration="1">
     <transform x="0" y="0" skX="0" skY="0" scX="1" scY="1" pX="0" pY="0"/>
    </frame>
    <frame z="0" displayIndex="13" duration="1">
     <transform x="0" y="0" skX="0" skY="0" scX="1" scY="1" pX="0" pY="0"/>
    </frame>
    <frame z="0" displayIndex="14" duration="1">
     <transform x="0" y="0" skX="0" skY="0" scX="1" scY="1" pX="0" pY="0"/>
    </frame>
    <frame z="0" displayIndex="15" duration="2">
     <transform x="0" y="0" skX="0" skY="0" scX="1" scY="1" pX="0" pY="0"/>
    </frame>
    <frame z="0" displayIndex="16" duration="2">
     <transform x="0" y="0" skX="0" skY="0" scX="1" scY="1" pX="0" pY="0"/>
    </frame>
    <frame z="0" displayIndex="17" duration="2">
     <transform x="0" y="0" skX="0" skY="0" scX="1" scY="1" pX="0" pY="0"/>
    </frame>
    <frame z="0" displayIndex="18" duration="2">
     <transform x="0" y="0" skX="0" skY="0" scX="1" scY="1" pX="0" pY="0"/>
    </frame>
    <frame z="0" displayIndex="19" duration="2">
     <transform x="0" y="0" skX="0" skY="0" scX="1" scY="1" pX="0" pY="0"/>
    </frame>
    <frame z="0" displayIndex="20" duration="2">
     <transform x="0" y="0" skX="0" skY="0" scX="1" scY="1" pX="0" pY="0"/>
    </frame>
    <frame z="0" displayIndex="21" duration="2">
     <transform x="0" y="0" skX="0" skY="0" scX="1" scY="1" pX="0" pY="0"/>
    </frame>
    <frame z="0" displayIndex="22" duration="2">
     <transform x="0" y="0" skX="0" skY="0" scX="1" scY="1" pX="0" pY="0"/>
    </frame>
    <frame z="0" displayIndex="23" duration="2">
     <transform x="0" y="0" skX="0" skY="0" scX="1" scY="1" pX="0" pY="0"/>
    </frame>
    <frame z="0" displayIndex="24" duration="2">
     <transform x="0" y="0" skX="0" skY="0" scX="1" scY="1" pX="0" pY="0"/>
    </frame>
    <frame z="0" displayIndex="25" duration="2">
     <transform x="0" y="0" skX="0" skY="0" scX="1" scY="1" pX="0" pY="0"/>
    </frame>
    <frame z="0" displayIndex="26" duration="2">
     <transform x="0" y="0" skX="0" skY="0" scX="1" scY="1" pX="0" pY="0"/>
    </frame>
    <frame z="0" displayIndex="27" duration="2">
     <transform x="0" y="0" skX="0" skY="0" scX="1" scY="1" pX="0" pY="0"/>
    </frame>
    <frame z="0" displayIndex="28" duration="2">
     <transform x="0" y="0" skX="0" skY="0" scX="1" scY="1" pX="0" pY="0"/>
    </frame>
    <frame z="0" displayIndex="29" duration="2">
     <transform x="0" y="0" skX="0" skY="0" scX="1" scY="1" pX="0" pY="0"/>
    </frame>
    <frame z="0" displayIndex="29" duration="1">
     <transform x="0" y="0" skX="0" skY="0" scX="0.01" scY="0.01" pX="0" pY="0"/>
     <colorTransform aO="0" rO="0" gO="0" bO="0" aM="0" rM="100" gM="100" bM="100"/>
    </frame>
   </timeline>
  </animation>
 </armature>
</dragonBones>