<root name="Golem2VerticalDeath_mc" isGlobal="0" frameRate="30" version="3.0">
 <armature name="Golem2VerticalDeath_mc">
  <skin name="default">
   <slot name="cont" z="0" parent="cont">
    <display name="Shape/shape 1960" type="image">
     <transform scX="1" x="0" scY="1" y="0" pX="58" pY="78" skX="0" skY="0"/>
    </display>
    <display name="Shape/shape 1962" type="image">
     <transform scX="1" x="0" scY="1" y="0" pX="58" pY="78" skX="0" skY="0"/>
    </display>
    <display name="Shape/shape 1964" type="image">
     <transform scX="1" x="0" scY="1" y="0" pX="58" pY="78" skX="0" skY="0"/>
    </display>
    <display name="Shape/shape 1966" type="image">
     <transform scX="1" x="0" scY="1" y="0" pX="58" pY="78" skX="0" skY="0"/>
    </display>
    <display name="Shape/shape 1968" type="image">
     <transform scX="1" x="0" scY="1" y="0" pX="58" pY="78" skX="0" skY="0"/>
    </display>
    <display name="Shape/shape 1970" type="image">
     <transform scX="1" x="0" scY="1" y="0" pX="58" pY="78" skX="0" skY="0"/>
    </display>
    <display name="Shape/shape 1972" type="image">
     <transform scX="1" x="0" scY="1" y="0" pX="58" pY="78" skX="0" skY="0"/>
    </display>
    <display name="Shape/shape 1974" type="image">
     <transform scX="1" x="0" scY="1" y="0" pX="58" pY="78" skX="0" skY="0"/>
    </display>
    <display name="Shape/shape 1976" type="image">
     <transform scX="1" x="0" scY="1" y="0" pX="58" pY="78" skX="0" skY="0"/>
    </display>
    <display name="Shape/shape 1978" type="image">
     <transform scX="1" x="0" scY="1" y="0" pX="58" pY="78" skX="0" skY="0"/>
    </display>
    <display name="Shape/shape 1980" type="image">
     <transform scX="1" x="0" scY="1" y="0" pX="58" pY="78" skX="0" skY="0"/>
    </display>
    <display name="Shape/shape 1982" type="image">
     <transform scX="1" x="0" scY="1" y="0" pX="58" pY="78" skX="0" skY="0"/>
    </display>
    <display name="Shape/shape 1984" type="image">
     <transform scX="1" x="0" scY="1" y="0" pX="58" pY="78" skX="0" skY="0"/>
    </display>
    <display name="Shape/shape 1986" type="image">
     <transform scX="1" x="0" scY="1" y="0" pX="58" pY="78" skX="0" skY="0"/>
    </display>
    <display name="Shape/shape 1988" type="image">
     <transform scX="1" x="0" scY="1" y="0" pX="58" pY="78" skX="0" skY="0"/>
    </display>
    <display name="Shape/shape 1990" type="image">
     <transform scX="1" x="0" scY="1" y="0" pX="58" pY="78" skX="0" skY="0"/>
    </display>
    <display name="Shape/shape 1992" type="image">
     <transform scX="1" x="0" scY="1" y="0" pX="58" pY="78" skX="0" skY="0"/>
    </display>
    <display name="Shape/shape 1994" type="image">
     <transform scX="1" x="0" scY="1" y="0" pX="58" pY="78" skX="0" skY="0"/>
    </display>
    <display name="Shape/shape 1996" type="image">
     <transform scX="1" x="0" scY="1" y="0" pX="58" pY="78" skX="0" skY="0"/>
    </display>
    <display name="Shape/shape 1998" type="image">
     <transform scX="1" x="0" scY="1" y="0" pX="58" pY="78" skX="0" skY="0"/>
    </display>
    <display name="Shape/shape 2000" type="image">
     <transform scX="1" x="0" scY="1" y="0" pX="58" pY="78" skX="0" skY="0"/>
    </display>
    <display name="Shape/shape 2002" type="image">
     <transform scX="1" x="0" scY="1" y="0" pX="58" pY="78" skX="0" skY="0"/>
    </display>
    <display name="Shape/shape 2004" type="image">
     <transform scX="1" x="0" scY="1" y="0" pX="58" pY="78" skX="0" skY="0"/>
    </display>
    <display name="Shape/shape 2006" type="image">
     <transform scX="1" x="0" scY="1" y="0" pX="58" pY="78" skX="0" skY="0"/>
    </display>
    <display name="Shape/shape 2008" type="image">
     <transform scX="1" x="0" scY="1" y="0" pX="58" pY="78" skX="0" skY="0"/>
    </display>
    <display name="Shape/shape 2010" type="image">
     <transform scX="1" x="0" scY="1" y="0" pX="58" pY="78" skX="0" skY="0"/>
    </display>
    <display name="Shape/shape 2012" type="image">
     <transform scX="1" x="0" scY="1" y="0" pX="58" pY="78" skX="0" skY="0"/>
    </display>
    <display name="Shape/shape 2014" type="image">
     <transform scX="1" x="0" scY="1" y="0" pX="58" pY="78" skX="0" skY="0"/>
    </display>
    <display name="Shape/shape 2016" type="image">
     <transform scX="1" x="0" scY="1" y="0" pX="58" pY="78" skX="0" skY="0"/>
    </display>
    <display name="Shape/shape 2018" type="image">
     <transform scX="1" x="0" scY="1" y="0" pX="58" pY="78" skX="0" skY="0"/>
    </display>
   </slot>
  </skin>
  <bone name="cont">
   <transform scX="1" x="0" skX="0" scY="1" y="0" skY="0"/>
  </bone>
  <animation fadeInTime="0.3" scale="1" loop="1" autoTween="NaN" name="Golem2VerticalDeath_mc" duration="46" tweenEasing="NaN">
   <timeline pX="0" name="cont" pY="0" scale="1" offset="0">
    <frame z="0" duration="1">
     <transform scX="1" x="0" scY="1" y="0" pX="0" pY="0" skX="0" skY="0"/>
    </frame>
    <frame displayIndex="1" z="0" duration="1">
     <transform scX="1" x="0" scY="1" y="0" pX="0" pY="0" skX="0" skY="0"/>
    </frame>
    <frame displayIndex="2" z="0" duration="1">
     <transform scX="1" x="0" scY="1" y="0" pX="0" pY="0" skX="0" skY="0"/>
    </frame>
    <frame displayIndex="3" z="0" duration="1">
     <transform scX="1" x="0" scY="1" y="0" pX="0" pY="0" skX="0" skY="0"/>
    </frame>
    <frame displayIndex="4" z="0" duration="1">
     <transform scX="1" x="0" scY="1" y="0" pX="0" pY="0" skX="0" skY="0"/>
    </frame>
    <frame displayIndex="5" z="0" duration="1">
     <transform scX="1" x="0" scY="1" y="0" pX="0" pY="0" skX="0" skY="0"/>
    </frame>
    <frame displayIndex="6" z="0" duration="1">
     <transform scX="1" x="0" scY="1" y="0" pX="0" pY="0" skX="0" skY="0"/>
    </frame>
    <frame displayIndex="7" z="0" duration="1">
     <transform scX="1" x="0" scY="1" y="0" pX="0" pY="0" skX="0" skY="0"/>
    </frame>
    <frame displayIndex="8" z="0" duration="1">
     <transform scX="1" x="0" scY="1" y="0" pX="0" pY="0" skX="0" skY="0"/>
    </frame>
    <frame displayIndex="9" z="0" duration="1">
     <transform scX="1" x="0" scY="1" y="0" pX="0" pY="0" skX="0" skY="0"/>
    </frame>
    <frame displayIndex="10" z="0" duration="1">
     <transform scX="1" x="0" scY="1" y="0" pX="0" pY="0" skX="0" skY="0"/>
    </frame>
    <frame displayIndex="11" z="0" duration="1">
     <transform scX="1" x="0" scY="1" y="0" pX="0" pY="0" skX="0" skY="0"/>
    </frame>
    <frame displayIndex="12" z="0" duration="1">
     <transform scX="1" x="0" scY="1" y="0" pX="0" pY="0" skX="0" skY="0"/>
    </frame>
    <frame displayIndex="13" z="0" duration="1">
     <transform scX="1" x="0" scY="1" y="0" pX="0" pY="0" skX="0" skY="0"/>
    </frame>
    <frame displayIndex="14" z="0" duration="1">
     <transform scX="1" x="0" scY="1" y="0" pX="0" pY="0" skX="0" skY="0"/>
    </frame>
    <frame displayIndex="15" z="0" duration="2">
     <transform scX="1" x="0" scY="1" y="0" pX="0" pY="0" skX="0" skY="0"/>
    </frame>
    <frame displayIndex="16" z="0" duration="2">
     <transform scX="1" x="0" scY="1" y="0" pX="0" pY="0" skX="0" skY="0"/>
    </frame>
    <frame displayIndex="17" z="0" duration="2">
     <transform scX="1" x="0" scY="1" y="0" pX="0" pY="0" skX="0" skY="0"/>
    </frame>
    <frame displayIndex="18" z="0" duration="2">
     <transform scX="1" x="0" scY="1" y="0" pX="0" pY="0" skX="0" skY="0"/>
    </frame>
    <frame displayIndex="19" z="0" duration="2">
     <transform scX="1" x="0" scY="1" y="0" pX="0" pY="0" skX="0" skY="0"/>
    </frame>
    <frame displayIndex="20" z="0" duration="2">
     <transform scX="1" x="0" scY="1" y="0" pX="0" pY="0" skX="0" skY="0"/>
    </frame>
    <frame displayIndex="21" z="0" duration="2">
     <transform scX="1" x="0" scY="1" y="0" pX="0" pY="0" skX="0" skY="0"/>
    </frame>
    <frame displayIndex="22" z="0" duration="2">
     <transform scX="1" x="0" scY="1" y="0" pX="0" pY="0" skX="0" skY="0"/>
    </frame>
    <frame displayIndex="23" z="0" duration="2">
     <transform scX="1" x="0" scY="1" y="0" pX="0" pY="0" skX="0" skY="0"/>
    </frame>
    <frame displayIndex="24" z="0" duration="2">
     <transform scX="1" x="0" scY="1" y="0" pX="0" pY="0" skX="0" skY="0"/>
    </frame>
    <frame displayIndex="25" z="0" duration="2">
     <transform scX="1" x="0" scY="1" y="0" pX="0" pY="0" skX="0" skY="0"/>
    </frame>
    <frame displayIndex="26" z="0" duration="2">
     <transform scX="1" x="0" scY="1" y="0" pX="0" pY="0" skX="0" skY="0"/>
    </frame>
    <frame displayIndex="27" z="0" duration="2">
     <transform scX="1" x="0" scY="1" y="0" pX="0" pY="0" skX="0" skY="0"/>
    </frame>
    <frame displayIndex="28" z="0" duration="2">
     <transform scX="1" x="0" scY="1" y="0" pX="0" pY="0" skX="0" skY="0"/>
    </frame>
    <frame displayIndex="29" z="0" duration="2">
     <transform scX="1" x="0" scY="1" y="0" pX="0" pY="0" skX="0" skY="0"/>
    </frame>
    <frame displayIndex="29" z="0" duration="1">
     <transform scX="1" x="0" scY="1" y="0" pX="0" pY="0" skX="0" skY="0"/>
    </frame>
   </timeline>
  </animation>
 </armature>
</root>