<TextureAtlas name="Golem2VerticalDeath_mc" imagePath="texture.png">
 <SubTexture name="Shape/shape 1960" x="312" y="105" width="102" height="103"/>
 <SubTexture name="Shape/shape 1962" x="0" y="0" width="102" height="103"/>
 <SubTexture name="Shape/shape 1964" x="104" y="420" width="102" height="103"/>
 <SubTexture name="Shape/shape 1966" x="208" y="315" width="102" height="103"/>
 <SubTexture name="Shape/shape 1968" x="104" y="210" width="102" height="103"/>
 <SubTexture name="Shape/shape 1970" x="104" y="0" width="102" height="103"/>
 <SubTexture name="Shape/shape 1972" x="0" y="630" width="102" height="103"/>
 <SubTexture name="Shape/shape 1974" x="312" y="525" width="102" height="103"/>
 <SubTexture name="Shape/shape 1976" x="312" y="210" width="102" height="103"/>
 <SubTexture name="Shape/shape 1978" x="0" y="525" width="102" height="103"/>
 <SubTexture name="Shape/shape 1980" x="208" y="105" width="102" height="103"/>
 <SubTexture name="Shape/shape 1982" x="104" y="105" width="102" height="103"/>
 <SubTexture name="Shape/shape 1984" x="208" y="420" width="102" height="103"/>
 <SubTexture name="Shape/shape 1986" x="312" y="420" width="102" height="103"/>
 <SubTexture name="Shape/shape 1988" x="0" y="105" width="102" height="103"/>
 <SubTexture name="Shape/shape 1990" x="208" y="210" width="102" height="103"/>
 <SubTexture name="Shape/shape 1992" x="0" y="210" width="102" height="103"/>
 <SubTexture name="Shape/shape 1994" x="104" y="315" width="102" height="103"/>
 <SubTexture name="Shape/shape 1996" x="208" y="525" width="102" height="103"/>
 <SubTexture name="Shape/shape 1998" x="208" y="0" width="102" height="103"/>
 <SubTexture name="Shape/shape 2000" x="0" y="420" width="102" height="103"/>
 <SubTexture name="Shape/shape 2002" x="0" y="315" width="102" height="103"/>
 <SubTexture name="Shape/shape 2004" x="312" y="0" width="102" height="103"/>
 <SubTexture name="Shape/shape 2006" x="104" y="525" width="102" height="103"/>
 <SubTexture name="Shape/shape 2008" x="312" y="315" width="102" height="103"/>
</TextureAtlas>