<TextureAtlas name="Golem2VerticalDeath_mc" imagePath="texture.png">
 <SubTexture name="Shape/shape 1960" x="520" y="210" width="102" height="103"/>
 <SubTexture name="Shape/shape 1962" x="416" y="210" width="102" height="103"/>
 <SubTexture name="Shape/shape 1964" x="208" y="0" width="102" height="103"/>
 <SubTexture name="Shape/shape 1966" x="312" y="210" width="102" height="103"/>
 <SubTexture name="Shape/shape 1968" x="208" y="105" width="102" height="103"/>
 <SubTexture name="Shape/shape 1970" x="104" y="105" width="102" height="103"/>
 <SubTexture name="Shape/shape 1972" x="416" y="0" width="102" height="103"/>
 <SubTexture name="Shape/shape 1974" x="832" y="210" width="102" height="103"/>
 <SubTexture name="Shape/shape 1976" x="520" y="105" width="102" height="103"/>
 <SubTexture name="Shape/shape 1978" x="208" y="315" width="102" height="103"/>
 <SubTexture name="Shape/shape 1980" x="832" y="0" width="102" height="103"/>
 <SubTexture name="Shape/shape 1982" x="728" y="0" width="102" height="103"/>
 <SubTexture name="Shape/shape 1984" x="312" y="105" width="102" height="103"/>
 <SubTexture name="Shape/shape 1986" x="624" y="0" width="102" height="103"/>
 <SubTexture name="Shape/shape 1988" x="624" y="105" width="102" height="103"/>
 <SubTexture name="Shape/shape 1990" x="0" y="210" width="102" height="103"/>
 <SubTexture name="Shape/shape 1992" x="416" y="105" width="102" height="103"/>
 <SubTexture name="Shape/shape 1994" x="0" y="0" width="102" height="103"/>
 <SubTexture name="Shape/shape 1996" x="104" y="210" width="102" height="103"/>
 <SubTexture name="Shape/shape 1998" x="104" y="315" width="102" height="103"/>
 <SubTexture name="Shape/shape 2000" x="0" y="105" width="102" height="103"/>
 <SubTexture name="Shape/shape 2002" x="728" y="210" width="102" height="103"/>
 <SubTexture name="Shape/shape 2004" x="832" y="105" width="102" height="103"/>
 <SubTexture name="Shape/shape 2006" x="520" y="0" width="102" height="103"/>
 <SubTexture name="Shape/shape 2008" x="728" y="105" width="102" height="103"/>
 <SubTexture name="Shape/shape 2010" x="208" y="210" width="102" height="103"/>
 <SubTexture name="Shape/shape 2012" x="624" y="210" width="102" height="103"/>
 <SubTexture name="Shape/shape 2014" x="104" y="0" width="102" height="103"/>
 <SubTexture name="Shape/shape 2016" x="312" y="0" width="102" height="103"/>
 <SubTexture name="Shape/shape 2018" x="0" y="315" width="102" height="103"/>
</TextureAtlas>