<dragonBones name="1yrt" frameRate="30" version="2.3">
 <armature name="BulletTower8_1_mc">
  <bone name="Layer 1">
   <transform x="0" y="0" skX="0" skY="0" scX="1" scY="1"/>
  </bone>
  <bone name="Layer 2">
   <transform x="0" y="0" skX="0" skY="0" scX="1" scY="1"/>
  </bone>
  <skin name="default">
   <slot name="Layer 1" parent="Layer 1" z="0">
    <display name="Shape/shape 10346" type="image">
     <transform x="0" y="0" skX="0" skY="0" scX="1" scY="1" pX="87" pY="671"/>
    </display>
    <display name="Shape/shape 10348" type="image">
     <transform x="0" y="0" skX="0" skY="0" scX="1" scY="1" pX="87" pY="671"/>
    </display>
    <display name="Shape/shape 10350" type="image">
     <transform x="0" y="0" skX="0" skY="0" scX="1" scY="1" pX="87" pY="671"/>
    </display>
    <display name="Shape/shape 10352" type="image">
     <transform x="0" y="0" skX="0" skY="0" scX="1" scY="1" pX="87" pY="671"/>
    </display>
    <display name="Shape/shape 10354" type="image">
     <transform x="0" y="0" skX="0" skY="0" scX="1" scY="1" pX="87" pY="671"/>
    </display>
    <display name="Shape/shape 10356" type="image">
     <transform x="0" y="0" skX="0" skY="0" scX="1" scY="1" pX="104" pY="646"/>
    </display>
    <display name="Shape/shape 10358" type="image">
     <transform x="0" y="0" skX="0" skY="0" scX="1" scY="1" pX="104" pY="646"/>
    </display>
    <display name="Shape/shape 10360" type="image">
     <transform x="0" y="0" skX="0" skY="0" scX="1" scY="1" pX="104" pY="646"/>
    </display>
    <display name="Shape/shape 10362" type="image">
     <transform x="0" y="0" skX="0" skY="0" scX="1" scY="1" pX="104" pY="646"/>
    </display>
    <display name="Shape/shape 10364" type="image">
     <transform x="0" y="0" skX="0" skY="0" scX="1" scY="1" pX="104" pY="646"/>
    </display>
    <display name="Shape/shape 10366" type="image">
     <transform x="0" y="0" skX="0" skY="0" scX="1" scY="1" pX="110" pY="652"/>
    </display>
    <display name="Shape/shape 10368" type="image">
     <transform x="0" y="0" skX="0" skY="0" scX="1" scY="1" pX="110" pY="652"/>
    </display>
    <display name="Shape/shape 10370" type="image">
     <transform x="0" y="0" skX="0" skY="0" scX="1" scY="1" pX="67" pY="52"/>
    </display>
    <display name="Shape/shape 10372" type="image">
     <transform x="0" y="0" skX="0" skY="0" scX="1" scY="1" pX="67" pY="52"/>
    </display>
    <display name="Shape/shape 10389" type="image">
     <transform x="0" y="0" skX="0" skY="0" scX="1" scY="1" pX="67" pY="52"/>
    </display>
    <display name="Shape/shape 10391" type="image">
     <transform x="0" y="0" skX="0" skY="0" scX="1" scY="1" pX="110" pY="652"/>
    </display>
    <display name="Shape/shape 10393" type="image">
     <transform x="0" y="0" skX="0" skY="0" scX="1" scY="1" pX="110" pY="652"/>
    </display>
   </slot>
   <slot name="Layer 2" parent="Layer 2" z="1">
    <display name="Shape/shape 10375" type="image">
     <transform x="0" y="0" skX="0" skY="0" scX="1" scY="1" pX="110" pY="652"/>
    </display>
    <display name="Shape/shape 10378" type="image">
     <transform x="0" y="0" skX="0" skY="0" scX="1" scY="1"/>
    </display>
    <display name="Shape/shape 10381" type="image">
     <transform x="0" y="0" skX="0" skY="0" scX="1" scY="1"/>
    </display>
    <display name="Shape/shape 10384" type="image">
     <transform x="0" y="0" skX="0" skY="0" scX="1" scY="1"/>
    </display>
    <display name="Shape/shape 10387" type="image">
     <transform x="0" y="0" skX="0" skY="0" scX="1" scY="1"/>
    </display>
   </slot>
  </skin>
  <animation name="BulletTower8_1_mc" fadeInTime="0.3" duration="43" scale="1" loop="1" autoTween="1" tweenEasing="NaN">
   <timeline name="Layer 1" scale="1" offset="0">
    <frame z="0" duration="1">
     <transform x="0" y="0" skX="0" skY="0" scX="1" scY="1" pX="0" pY="0"/>
    </frame>
    <frame z="0" displayIndex="1" duration="2">
     <transform x="0" y="0" skX="0" skY="0" scX="1" scY="1" pX="0" pY="0"/>
    </frame>
    <frame z="0" displayIndex="2" duration="1">
     <transform x="0" y="0" skX="0" skY="0" scX="1" scY="1" pX="0" pY="0"/>
    </frame>
    <frame z="0" displayIndex="3" duration="2">
     <transform x="0" y="0" skX="0" skY="0" scX="1" scY="1" pX="0" pY="0"/>
    </frame>
    <frame z="0" displayIndex="4" duration="2">
     <transform x="0" y="0" skX="0" skY="0" scX="1" scY="1" pX="0" pY="0"/>
    </frame>
    <frame z="0" displayIndex="5" duration="2">
     <transform x="0" y="0" skX="0" skY="0" scX="1" scY="1" pX="0" pY="0"/>
    </frame>
    <frame duration="4" displayIndex="-1"/>
    <frame z="0" displayIndex="6" duration="1">
     <transform x="0" y="0" skX="0" skY="0" scX="1" scY="1" pX="0" pY="0"/>
    </frame>
    <frame z="0" displayIndex="7" duration="1">
     <transform x="0" y="0" skX="0" skY="0" scX="1" scY="1" pX="0" pY="0"/>
    </frame>
    <frame z="0" displayIndex="8" duration="2">
     <transform x="0" y="0" skX="0" skY="0" scX="1" scY="1" pX="0" pY="0"/>
    </frame>
    <frame z="0" displayIndex="9" duration="2">
     <transform x="0" y="0" skX="0" skY="0" scX="1" scY="1" pX="0" pY="0"/>
    </frame>
    <frame z="0" displayIndex="10" duration="2">
     <transform x="0" y="0" skX="0" skY="0" scX="1" scY="1" pX="0" pY="0"/>
    </frame>
    <frame z="0" displayIndex="11" duration="1">
     <transform x="0" y="0" skX="0" skY="0" scX="1" scY="1" pX="0" pY="0"/>
    </frame>
    <frame z="0" displayIndex="12" duration="1">
     <transform x="0" y="0" skX="0" skY="0" scX="1" scY="1" pX="0" pY="0"/>
    </frame>
    <frame z="0" displayIndex="13" duration="2">
     <transform x="0" y="0" skX="0" skY="0" scX="1" scY="1" pX="0" pY="0"/>
    </frame>
    <frame duration="9" displayIndex="-1"/>
    <frame z="0" displayIndex="14" duration="2">
     <transform x="0" y="0" skX="0" skY="0" scX="1" scY="1" pX="0" pY="0"/>
    </frame>
    <frame z="0" displayIndex="15" duration="2">
     <transform x="0" y="0" skX="0" skY="0" scX="1" scY="1" pX="0" pY="0"/>
    </frame>
    <frame z="0" displayIndex="16" duration="1">
     <transform x="0" y="0" skX="0" skY="0" scX="1" scY="1" pX="0" pY="0"/>
    </frame>
    <frame duration="3" displayIndex="-1"/>
   </timeline>
   <timeline name="Layer 2" scale="1" offset="0">
    <frame duration="26" displayIndex="-1"/>
    <frame z="1" duration="2">
     <transform x="0" y="0" skX="0" skY="0" scX="1" scY="1" pX="0" pY="0"/>
    </frame>
    <frame z="1" displayIndex="1" duration="2">
     <transform x="0" y="0" skX="0" skY="0" scX="1" scY="1" pX="0" pY="0"/>
    </frame>
    <frame z="1" displayIndex="2" duration="1">
     <transform x="0" y="0" skX="0" skY="0" scX="1" scY="1" pX="0" pY="0"/>
    </frame>
    <frame z="1" displayIndex="3" duration="2">
     <transform x="0" y="0" skX="0" skY="0" scX="1" scY="1" pX="0" pY="0"/>
    </frame>
    <frame z="1" displayIndex="4" duration="2">
     <transform x="0" y="0" skX="0" skY="0" scX="1" scY="1" pX="0" pY="0"/>
    </frame>
    <frame duration="8" displayIndex="-1"/>
   </timeline>
  </animation>
 </armature>
</dragonBones>