<root name="Golem1HorisontDeath_mc" isGlobal="0" frameRate="30" version="3.0">
 <armature name="Golem1HorisontDeath_mc">
  <skin name="default">
   <slot name="cont" z="0" parent="cont">
    <display name="Shape/shape 2021" type="image">
     <transform scX="1" x="0" scY="1" y="0" pX="73" pY="71" skX="0" skY="0"/>
    </display>
    <display name="Shape/shape 2023" type="image">
     <transform scX="1" x="0" scY="1" y="0" pX="73" pY="71" skX="0" skY="0"/>
    </display>
    <display name="Shape/shape 2025" type="image">
     <transform scX="1" x="0" scY="1" y="0" pX="73" pY="71" skX="0" skY="0"/>
    </display>
    <display name="Shape/shape 2027" type="image">
     <transform scX="1" x="0" scY="1" y="0" pX="73" pY="71" skX="0" skY="0"/>
    </display>
    <display name="Shape/shape 2029" type="image">
     <transform scX="1" x="0" scY="1" y="0" pX="73" pY="71" skX="0" skY="0"/>
    </display>
    <display name="Shape/shape 2031" type="image">
     <transform scX="1" x="0" scY="1" y="0" pX="73" pY="71" skX="0" skY="0"/>
    </display>
    <display name="Shape/shape 2033" type="image">
     <transform scX="1" x="0" scY="1" y="0" pX="73" pY="71" skX="0" skY="0"/>
    </display>
    <display name="Shape/shape 2035" type="image">
     <transform scX="1" x="0" scY="1" y="0" pX="73" pY="71" skX="0" skY="0"/>
    </display>
    <display name="Shape/shape 2037" type="image">
     <transform scX="1" x="0" scY="1" y="0" pX="73" pY="71" skX="0" skY="0"/>
    </display>
    <display name="Shape/shape 2039" type="image">
     <transform scX="1" x="0" scY="1" y="0" pX="73" pY="71" skX="0" skY="0"/>
    </display>
    <display name="Shape/shape 2041" type="image">
     <transform scX="1" x="0" scY="1" y="0" pX="73" pY="71" skX="0" skY="0"/>
    </display>
    <display name="Shape/shape 2043" type="image">
     <transform scX="1" x="0" scY="1" y="0" pX="73" pY="71" skX="0" skY="0"/>
    </display>
    <display name="Shape/shape 2045" type="image">
     <transform scX="1" x="0" scY="1" y="0" pX="73" pY="71" skX="0" skY="0"/>
    </display>
    <display name="Shape/shape 2047" type="image">
     <transform scX="1" x="0" scY="1" y="0" pX="73" pY="71" skX="0" skY="0"/>
    </display>
    <display name="Shape/shape 2049" type="image">
     <transform scX="1" x="0" scY="1" y="0" pX="73" pY="71" skX="0" skY="0"/>
    </display>
    <display name="Shape/shape 2051" type="image">
     <transform scX="1" x="0" scY="1" y="0" pX="73" pY="71" skX="0" skY="0"/>
    </display>
    <display name="Shape/shape 2053" type="image">
     <transform scX="1" x="0" scY="1" y="0" pX="73" pY="71" skX="0" skY="0"/>
    </display>
    <display name="Shape/shape 2055" type="image">
     <transform scX="1" x="0" scY="1" y="0" pX="73" pY="71" skX="0" skY="0"/>
    </display>
    <display name="Shape/shape 2057" type="image">
     <transform scX="1" x="0" scY="1" y="0" pX="73" pY="71" skX="0" skY="0"/>
    </display>
    <display name="Shape/shape 2059" type="image">
     <transform scX="1" x="0" scY="1" y="0" pX="73" pY="71" skX="0" skY="0"/>
    </display>
    <display name="Shape/shape 2061" type="image">
     <transform scX="1" x="0" scY="1" y="0" pX="73" pY="71" skX="0" skY="0"/>
    </display>
    <display name="Shape/shape 2063" type="image">
     <transform scX="1" x="0" scY="1" y="0" pX="73" pY="71" skX="0" skY="0"/>
    </display>
    <display name="Shape/shape 2065" type="image">
     <transform scX="1" x="0" scY="1" y="0" pX="73" pY="71" skX="0" skY="0"/>
    </display>
    <display name="Shape/shape 2067" type="image">
     <transform scX="1" x="0" scY="1" y="0" pX="73" pY="71" skX="0" skY="0"/>
    </display>
    <display name="Shape/shape 2069" type="image">
     <transform scX="1" x="0" scY="1" y="0" pX="73" pY="71" skX="0" skY="0"/>
    </display>
    <display name="Shape/shape 2071" type="image">
     <transform scX="1" x="0" scY="1" y="0" pX="73" pY="71" skX="0" skY="0"/>
    </display>
    <display name="Shape/shape 2073" type="image">
     <transform scX="1" x="0" scY="1" y="0" pX="73" pY="71" skX="0" skY="0"/>
    </display>
    <display name="Shape/shape 2075" type="image">
     <transform scX="1" x="0" scY="1" y="0" pX="73" pY="71" skX="0" skY="0"/>
    </display>
    <display name="Shape/shape 2077" type="image">
     <transform scX="1" x="0" scY="1" y="0" pX="73" pY="71" skX="0" skY="0"/>
    </display>
    <display name="Shape/shape 2079" type="image">
     <transform scX="1" x="0" scY="1" y="0" pX="73" pY="71" skX="0" skY="0"/>
    </display>
   </slot>
  </skin>
  <bone name="cont">
   <transform scX="1" x="0" skX="0" scY="1" y="0" skY="0"/>
  </bone>
  <animation fadeInTime="0.3" scale="1" loop="1" autoTween="NaN" name="Golem1HorisontDeath_mc" duration="46" tweenEasing="NaN">
   <timeline pX="0" name="cont" pY="0" scale="1" offset="0">
    <frame z="0" duration="1">
     <transform scX="1" x="0" scY="1" y="0" pX="0" pY="0" skX="0" skY="0"/>
    </frame>
    <frame displayIndex="1" z="0" duration="1">
     <transform scX="1" x="0" scY="1" y="0" pX="0" pY="0" skX="0" skY="0"/>
    </frame>
    <frame displayIndex="2" z="0" duration="1">
     <transform scX="1" x="0" scY="1" y="0" pX="0" pY="0" skX="0" skY="0"/>
    </frame>
    <frame displayIndex="3" z="0" duration="1">
     <transform scX="1" x="0" scY="1" y="0" pX="0" pY="0" skX="0" skY="0"/>
    </frame>
    <frame displayIndex="4" z="0" duration="1">
     <transform scX="1" x="0" scY="1" y="0" pX="0" pY="0" skX="0" skY="0"/>
    </frame>
    <frame displayIndex="5" z="0" duration="1">
     <transform scX="1" x="0" scY="1" y="0" pX="0" pY="0" skX="0" skY="0"/>
    </frame>
    <frame displayIndex="6" z="0" duration="1">
     <transform scX="1" x="0" scY="1" y="0" pX="0" pY="0" skX="0" skY="0"/>
    </frame>
    <frame displayIndex="7" z="0" duration="1">
     <transform scX="1" x="0" scY="1" y="0" pX="0" pY="0" skX="0" skY="0"/>
    </frame>
    <frame displayIndex="8" z="0" duration="1">
     <transform scX="1" x="0" scY="1" y="0" pX="0" pY="0" skX="0" skY="0"/>
    </frame>
    <frame displayIndex="9" z="0" duration="1">
     <transform scX="1" x="0" scY="1" y="0" pX="0" pY="0" skX="0" skY="0"/>
    </frame>
    <frame displayIndex="10" z="0" duration="1">
     <transform scX="1" x="0" scY="1" y="0" pX="0" pY="0" skX="0" skY="0"/>
    </frame>
    <frame displayIndex="11" z="0" duration="1">
     <transform scX="1" x="0" scY="1" y="0" pX="0" pY="0" skX="0" skY="0"/>
    </frame>
    <frame displayIndex="12" z="0" duration="1">
     <transform scX="1" x="0" scY="1" y="0" pX="0" pY="0" skX="0" skY="0"/>
    </frame>
    <frame displayIndex="13" z="0" duration="1">
     <transform scX="1" x="0" scY="1" y="0" pX="0" pY="0" skX="0" skY="0"/>
    </frame>
    <frame displayIndex="14" z="0" duration="1">
     <transform scX="1" x="0" scY="1" y="0" pX="0" pY="0" skX="0" skY="0"/>
    </frame>
    <frame displayIndex="15" z="0" duration="2">
     <transform scX="1" x="0" scY="1" y="0" pX="0" pY="0" skX="0" skY="0"/>
    </frame>
    <frame displayIndex="16" z="0" duration="2">
     <transform scX="1" x="0" scY="1" y="0" pX="0" pY="0" skX="0" skY="0"/>
    </frame>
    <frame displayIndex="17" z="0" duration="2">
     <transform scX="1" x="0" scY="1" y="0" pX="0" pY="0" skX="0" skY="0"/>
    </frame>
    <frame displayIndex="18" z="0" duration="2">
     <transform scX="1" x="0" scY="1" y="0" pX="0" pY="0" skX="0" skY="0"/>
    </frame>
    <frame displayIndex="19" z="0" duration="2">
     <transform scX="1" x="0" scY="1" y="0" pX="0" pY="0" skX="0" skY="0"/>
    </frame>
    <frame displayIndex="20" z="0" duration="2">
     <transform scX="1" x="0" scY="1" y="0" pX="0" pY="0" skX="0" skY="0"/>
    </frame>
    <frame displayIndex="21" z="0" duration="2">
     <transform scX="1" x="0" scY="1" y="0" pX="0" pY="0" skX="0" skY="0"/>
    </frame>
    <frame displayIndex="22" z="0" duration="2">
     <transform scX="1" x="0" scY="1" y="0" pX="0" pY="0" skX="0" skY="0"/>
    </frame>
    <frame displayIndex="23" z="0" duration="2">
     <transform scX="1" x="0" scY="1" y="0" pX="0" pY="0" skX="0" skY="0"/>
    </frame>
    <frame displayIndex="24" z="0" duration="2">
     <transform scX="1" x="0" scY="1" y="0" pX="0" pY="0" skX="0" skY="0"/>
    </frame>
    <frame displayIndex="25" z="0" duration="2">
     <transform scX="1" x="0" scY="1" y="0" pX="0" pY="0" skX="0" skY="0"/>
    </frame>
    <frame displayIndex="26" z="0" duration="2">
     <transform scX="1" x="0" scY="1" y="0" pX="0" pY="0" skX="0" skY="0"/>
    </frame>
    <frame displayIndex="27" z="0" duration="2">
     <transform scX="1" x="0" scY="1" y="0" pX="0" pY="0" skX="0" skY="0"/>
    </frame>
    <frame displayIndex="28" z="0" duration="2">
     <transform scX="1" x="0" scY="1" y="0" pX="0" pY="0" skX="0" skY="0"/>
    </frame>
    <frame displayIndex="29" z="0" duration="2">
     <transform scX="1" x="0" scY="1" y="0" pX="0" pY="0" skX="0" skY="0"/>
    </frame>
    <frame displayIndex="29" z="0" duration="1">
     <transform scX="1" x="0" scY="1" y="0" pX="0" pY="0" skX="0" skY="0"/>
    </frame>
   </timeline>
  </animation>
 </armature>
</root>