<root name="BulletTower5_1Bang_mc" isGlobal="0" frameRate="30" version="3.0">
 <armature name="BulletTower5_1Bang_mc">
  <skin name="default">
   <slot name="cont" z="0" parent="cont">
    <display name="Shape/shape 10491" type="image">
     <transform scX="1" x="0" scY="1" y="0" pX="40" pY="30" skX="0" skY="0"/>
    </display>
    <display name="Shape/shape 10493" type="image">
     <transform scX="1" x="0" scY="1" y="0" pX="40" pY="30" skX="0" skY="0"/>
    </display>
    <display name="Shape/shape 10495" type="image">
     <transform scX="1" x="0" scY="1" y="0" pX="40" pY="30" skX="0" skY="0"/>
    </display>
    <display name="Shape/shape 10497" type="image">
     <transform scX="1" x="0" scY="1" y="0" pX="40" pY="30" skX="0" skY="0"/>
    </display>
    <display name="Shape/shape 10499" type="image">
     <transform scX="1" x="0" scY="1" y="0" pX="40" pY="30" skX="0" skY="0"/>
    </display>
    <display name="Shape/shape 10501" type="image">
     <transform scX="1" x="0" scY="1" y="0" pX="40" pY="30" skX="0" skY="0"/>
    </display>
    <display name="Shape/shape 10503" type="image">
     <transform scX="1" x="0" scY="1" y="0" pX="40" pY="30" skX="0" skY="0"/>
    </display>
    <display name="Shape/shape 10505" type="image">
     <transform scX="1" x="0" scY="1" y="0" pX="40" pY="30" skX="0" skY="0"/>
    </display>
    <display name="Shape/shape 10507" type="image">
     <transform scX="1" x="0" scY="1" y="0" pX="40" pY="30" skX="0" skY="0"/>
    </display>
    <display name="Shape/shape 10509" type="image">
     <transform scX="1" x="0" scY="1" y="0" pX="40" pY="30" skX="0" skY="0"/>
    </display>
    <display name="Shape/shape 10511" type="image">
     <transform scX="1" x="0" scY="1" y="0" pX="40" pY="30" skX="0" skY="0"/>
    </display>
    <display name="Shape/shape 10513" type="image">
     <transform scX="1" x="0" scY="1" y="0" pX="40" pY="30" skX="0" skY="0"/>
    </display>
   </slot>
  </skin>
  <bone name="cont">
   <transform scX="1" x="0" skX="0" scY="1" y="0" skY="0"/>
  </bone>
  <animation name="BulletTower5_1Bang_mc" scale="1" loop="1" autoTween="NaN" fadeInTime="0.3" duration="25" tweenEasing="NaN">
   <timeline pX="0" name="cont" pY="0" scale="1" offset="0">
    <frame z="0" duration="1">
     <transform scX="1" x="0" scY="1" y="0" pX="0" pY="0" skX="0" skY="0"/>
    </frame>
    <frame displayIndex="1" z="0" duration="1">
     <transform scX="1" x="0" scY="1" y="0" pX="0" pY="0" skX="0" skY="0"/>
    </frame>
    <frame displayIndex="2" z="0" duration="2">
     <transform scX="1" x="0" scY="1" y="0" pX="0" pY="0" skX="0" skY="0"/>
    </frame>
    <frame displayIndex="3" z="0" duration="2">
     <transform scX="1" x="0" scY="1" y="0" pX="0" pY="0" skX="0" skY="0"/>
    </frame>
    <frame displayIndex="4" z="0" duration="2">
     <transform scX="1" x="0" scY="1" y="0" pX="0" pY="0" skX="0" skY="0"/>
    </frame>
    <frame displayIndex="5" z="0" duration="2">
     <transform scX="1" x="0" scY="1" y="0" pX="0" pY="0" skX="0" skY="0"/>
    </frame>
    <frame displayIndex="6" z="0" duration="3">
     <transform scX="1" x="0" scY="1" y="0" pX="0" pY="0" skX="0" skY="0"/>
    </frame>
    <frame displayIndex="7" z="0" duration="3">
     <transform scX="1" x="0" scY="1" y="0" pX="0" pY="0" skX="0" skY="0"/>
    </frame>
    <frame displayIndex="8" z="0" duration="3">
     <transform scX="1" x="0" scY="1" y="0" pX="0" pY="0" skX="0" skY="0"/>
    </frame>
    <frame displayIndex="9" z="0" duration="3">
     <transform scX="1" x="0" scY="1" y="0" pX="0" pY="0" skX="0" skY="0"/>
    </frame>
    <frame displayIndex="10" z="0" duration="1">
     <transform scX="1" x="0" scY="1" y="0" pX="0" pY="0" skX="0" skY="0"/>
    </frame>
    <frame displayIndex="11" z="0" duration="1">
     <transform scX="1" x="0" scY="1" y="0" pX="0" pY="0" skX="0" skY="0"/>
    </frame>
    <frame displayIndex="11" z="0" duration="1">
     <transform scX="1" x="0" scY="1" y="0" pX="0" pY="0" skX="0" skY="0"/>
    </frame>
   </timeline>
   <frame duration="24"/>
   <frame duration="1"/>
  </animation>
 </armature>
</root>