<TextureAtlas name="BulletTower5_1Bang_mc" imagePath="texture.png">
 <SubTexture name="Shape/shape 10491" x="82" y="62" width="80" height="60"/>
 <SubTexture name="Shape/shape 10493" x="164" y="62" width="80" height="60"/>
 <SubTexture name="Shape/shape 10495" x="164" y="186" width="80" height="60"/>
 <SubTexture name="Shape/shape 10497" x="82" y="124" width="80" height="60"/>
 <SubTexture name="Shape/shape 10499" x="164" y="124" width="80" height="60"/>
 <SubTexture name="Shape/shape 10501" x="0" y="186" width="80" height="60"/>
 <SubTexture name="Shape/shape 10503" x="0" y="0" width="80" height="60"/>
 <SubTexture name="Shape/shape 10505" x="0" y="124" width="80" height="60"/>
 <SubTexture name="Shape/shape 10507" x="82" y="0" width="80" height="60"/>
 <SubTexture name="Shape/shape 10509" x="0" y="62" width="80" height="60"/>
 <SubTexture name="Shape/shape 10511" x="82" y="186" width="80" height="60"/>
 <SubTexture name="Shape/shape 10513" x="164" y="0" width="80" height="60"/>
</TextureAtlas>