<TextureAtlas name="WorldInterface_mc" imagePath="texture.png">
 <SubTexture name="Shape/shape 12189" x="874" y="0" width="374" height="77"/>
 <SubTexture name="Case" x="1188" y="632" width="50" height="50"/>
 <SubTexture name="backComponents" x="0" y="0" width="872" height="606"/>
 <SubTexture name="位图 1" x="320" y="765" width="42" height="36"/>
 <SubTexture name="Shape/shape 12171" x="1830" y="809" width="33" height="22"/>
 <SubTexture name="Shape/shape 12182" x="1340" y="716" width="31" height="20"/>
 <SubTexture name="lightUp" x="939" y="786" width="40" height="28"/>
 <SubTexture name="Shape/shape 12185" x="1159" y="797" width="46" height="26"/>
 <SubTexture name="Shape/shape 12186" x="537" y="800" width="42" height="23"/>
 <SubTexture name="Shape/shape 12191" x="1869" y="136" width="59" height="59"/>
 <SubTexture name="Shape/shape 12193" x="1088" y="680" width="32" height="32"/>
 <SubTexture name="Shape/shape 12276" x="692" y="674" width="32" height="32"/>
 <SubTexture name="Shape/shape 12279" x="327" y="674" width="59" height="47"/>
 <SubTexture name="Shape/shape 12362" x="824" y="674" width="32" height="32"/>
 <SubTexture name="Shape/shape 12365" x="1869" y="197" width="59" height="59"/>
 <SubTexture name="Shape/shape 12448" x="956" y="680" width="32" height="32"/>
 <SubTexture name="Shape/shape 12451" x="1039" y="680" width="48" height="49"/>
 <SubTexture name="Shape/shape 12533" x="692" y="708" width="32" height="32"/>
 <SubTexture name="Shape/shape 12536" x="1204" y="78" width="43" height="42"/>
 <SubTexture name="Shape/shape 12538" x="1994" y="316" width="51" height="52"/>
 <SubTexture name="Shape/shape 12540" x="1994" y="424" width="51" height="52"/>
 <SubTexture name="Shape/shape 12542" x="1993" y="586" width="51" height="52"/>
 <SubTexture name="Shape/shape 12544" x="1994" y="370" width="51" height="52"/>
 <SubTexture name="Shape/shape 12546" x="1995" y="208" width="51" height="52"/>
 <SubTexture name="Shape/shape 12548" x="1993" y="478" width="51" height="52"/>
 <SubTexture name="Shape/shape 12550" x="1994" y="262" width="51" height="52"/>
 <SubTexture name="Shape/shape 12552" x="1993" y="532" width="51" height="52"/>
 <SubTexture name="Shape/shape 12555" x="1874" y="79" width="56" height="56"/>
 <SubTexture name="Shape/shape 12557" x="0" y="674" width="64" height="62"/>
 <SubTexture name="Shape/shape 12559" x="1874" y="22" width="56" height="56"/>
 <SubTexture name="butCase" x="1993" y="640" width="50" height="50"/>
 <SubTexture name="Shape/shape 12575" x="234" y="764" width="41" height="38"/>
 <SubTexture name="Shape/shape 12577" x="1865" y="305" width="61" height="46"/>
 <SubTexture name="Shape/shape 12579" x="1864" y="545" width="61" height="46"/>
 <SubTexture name="Shape/shape 12581" x="129" y="674" width="61" height="46"/>
 <SubTexture name="Shape/shape 12583" x="1864" y="497" width="61" height="46"/>
 <SubTexture name="Shape/shape 12585" x="1864" y="449" width="61" height="46"/>
 <SubTexture name="Shape/shape 12587" x="1865" y="353" width="61" height="46"/>
 <SubTexture name="Shape/shape 12589" x="264" y="674" width="61" height="46"/>
 <SubTexture name="Shape/shape 12591" x="66" y="674" width="61" height="46"/>
 <SubTexture name="Shape/shape 12592" x="1865" y="257" width="61" height="46"/>
 <SubTexture name="Shape/shape 12594" x="1865" y="401" width="61" height="46"/>
 <SubTexture name="Shape/shape 12597" x="277" y="765" width="41" height="38"/>
 <SubTexture name="Shape/shape 12599" x="643" y="674" width="47" height="50"/>
 <SubTexture name="Shape/shape 12600" x="1998" y="104" width="47" height="50"/>
 <SubTexture name="Shape/shape 12602" x="907" y="680" width="47" height="50"/>
 <SubTexture name="Shape/shape 12604" x="726" y="674" width="47" height="50"/>
 <SubTexture name="Shape/shape 12606" x="459" y="674" width="47" height="50"/>
 <SubTexture name="Shape/shape 12608" x="775" y="674" width="47" height="50"/>
 <SubTexture name="Shape/shape 12610" x="990" y="680" width="47" height="50"/>
 <SubTexture name="Shape/shape 12612" x="858" y="680" width="47" height="50"/>
 <SubTexture name="Shape/shape 12614" x="508" y="674" width="47" height="50"/>
 <SubTexture name="Shape/shape 12615" x="1998" y="156" width="47" height="50"/>
 <SubTexture name="Shape/shape 12617" x="594" y="674" width="47" height="50"/>
 <SubTexture name="Shape/shape 12620" x="387" y="674" width="71" height="51"/>
 <SubTexture name="Shape/shape 12622" x="192" y="674" width="71" height="51"/>
 <SubTexture name="Shape/shape 12624" x="1168" y="684" width="67" height="28"/>
 <SubTexture name="Shape/shape 12625" x="1570" y="694" width="67" height="28"/>
 <SubTexture name="Shape/shape 12626" x="1972" y="692" width="67" height="28"/>
 <SubTexture name="Shape/shape 12628" x="1711" y="778" width="38" height="38"/>
 <SubTexture name="Shape/shape 12629" x="1750" y="778" width="38" height="38"/>
 <SubTexture name="Shape/shape 12630" x="0" y="780" width="38" height="38"/>
 <SubTexture name="Shape/shape 8558" x="622" y="768" width="35" height="40"/>
 <SubTexture name="Shape/shape 8559" x="557" y="716" width="35" height="40"/>
 <SubTexture name="Shape/shape 8560" x="557" y="674" width="35" height="40"/>
 <SubTexture name="Shape/shape 8561" x="585" y="768" width="35" height="40"/>
 <SubTexture name="Shape/shape 8562" x="1122" y="768" width="35" height="40"/>
 <SubTexture name="Shape/shape 8563" x="720" y="768" width="35" height="40"/>
 <SubTexture name="Shape/shape 8564" x="364" y="769" width="35" height="40"/>
 <SubTexture name="Shape/shape 8565" x="192" y="769" width="35" height="40"/>
 <SubTexture name="Shape/shape 8566" x="1032" y="772" width="35" height="40"/>
 <SubTexture name="Shape/shape 8567" x="429" y="768" width="35" height="40"/>
 <SubTexture name="Shape/shape 8568" x="350" y="723" width="35" height="40"/>
 <SubTexture name="Shape/shape 8569" x="1838" y="767" width="35" height="40"/>
 <SubTexture name="Shape/shape 8570" x="500" y="768" width="35" height="40"/>
 <SubTexture name="Shape/shape 8571" x="852" y="774" width="35" height="40"/>
 <SubTexture name="Shape/shape 8572" x="757" y="768" width="35" height="40"/>
 <SubTexture name="Shape/shape 10921" x="1374" y="798" width="32" height="29"/>
 <SubTexture name="Shape/shape 10922" x="1612" y="805" width="32" height="29"/>
 <SubTexture name="Shape/shape 10923" x="824" y="708" width="32" height="29"/>
 <SubTexture name="Shape/shape 10924" x="1240" y="800" width="32" height="29"/>
 <SubTexture name="Shape/shape 10925" x="229" y="804" width="32" height="29"/>
 <SubTexture name="Shape/shape 10926" x="1476" y="800" width="32" height="29"/>
 <SubTexture name="Shape/shape 10927" x="126" y="802" width="32" height="29"/>
 <SubTexture name="Shape/shape 10928" x="1578" y="805" width="32" height="29"/>
 <SubTexture name="Shape/shape 10929" x="1544" y="805" width="32" height="29"/>
 <SubTexture name="Shape/shape 10930" x="1274" y="800" width="32" height="29"/>
 <SubTexture name="Shape/shape 10931" x="1970" y="805" width="32" height="29"/>
 <SubTexture name="Shape/shape 10932" x="466" y="798" width="32" height="29"/>
 <SubTexture name="Shape/shape 10933" x="889" y="801" width="32" height="29"/>
 <SubTexture name="Shape/shape 10934" x="320" y="803" width="32" height="29"/>
 <SubTexture name="Shape/shape 10935" x="263" y="805" width="32" height="29"/>
 <SubTexture name="Shape/shape 10936" x="956" y="714" width="32" height="29"/>
 <SubTexture name="Shape/shape 10937" x="1088" y="714" width="32" height="29"/>
 <SubTexture name="Shape/shape 10938" x="1510" y="805" width="32" height="29"/>
 <SubTexture name="Shape/shape 10939" x="2004" y="805" width="32" height="29"/>
 <SubTexture name="Shape/shape 10940" x="1308" y="800" width="32" height="29"/>
 <SubTexture name="Shape/shape 10941" x="1206" y="800" width="32" height="29"/>
 <SubTexture name="Shape/shape 10942" x="1408" y="800" width="32" height="29"/>
 <SubTexture name="Shape/shape 10943" x="1442" y="800" width="32" height="29"/>
 <SubTexture name="Shape/shape 10944" x="1936" y="805" width="32" height="29"/>
 <SubTexture name="Shape/shape 10945" x="466" y="768" width="32" height="29"/>
 <SubTexture name="Shape/shape 4305" x="1579" y="90" width="24" height="21"/>
 <SubTexture name="Shape/shape 4307" x="1576" y="250" width="23" height="21"/>
 <SubTexture name="Shape/shape 4309" x="1576" y="343" width="23" height="20"/>
 <SubTexture name="Shape/shape 4311" x="1576" y="501" width="22" height="20"/>
 <SubTexture name="Shape/shape 4313" x="1576" y="273" width="23" height="21"/>
 <SubTexture name="Shape/shape 4315" x="1579" y="44" width="25" height="21"/>
 <SubTexture name="Shape/shape 4316" x="1576" y="296" width="23" height="21"/>
 <SubTexture name="Shape/shape 4317" x="1576" y="479" width="22" height="20"/>
 <SubTexture name="Shape/shape 4318" x="1576" y="365" width="23" height="20"/>
 <SubTexture name="Shape/shape 4319" x="1576" y="227" width="23" height="21"/>
 <SubTexture name="Shape/shape 4320" x="1579" y="159" width="24" height="21"/>
 <SubTexture name="Shape/shape 4322" x="1579" y="67" width="24" height="21"/>
 <SubTexture name="Shape/shape 4324" x="1576" y="205" width="24" height="20"/>
 <SubTexture name="Shape/shape 4326" x="1579" y="136" width="24" height="21"/>
 <SubTexture name="Shape/shape 4328" x="1576" y="410" width="22" height="21"/>
 <SubTexture name="Shape/shape 4330" x="1576" y="387" width="22" height="21"/>
 <SubTexture name="Shape/shape 4332" x="1576" y="319" width="22" height="22"/>
 <SubTexture name="Shape/shape 4333" x="1576" y="433" width="22" height="21"/>
 <SubTexture name="Shape/shape 4334" x="1576" y="456" width="22" height="21"/>
 <SubTexture name="Shape/shape 4336" x="1579" y="182" width="24" height="21"/>
 <SubTexture name="Shape/shape 4337" x="1579" y="113" width="24" height="21"/>
 <SubTexture name="Shape/shape 4340" x="1204" y="506" width="40" height="40"/>
 <SubTexture name="Shape/shape 4342" x="1204" y="422" width="40" height="40"/>
 <SubTexture name="Shape/shape 4344" x="678" y="742" width="40" height="40"/>
 <SubTexture name="Shape/shape 4346" x="0" y="738" width="40" height="40"/>
 <SubTexture name="Shape/shape 4348" x="543" y="758" width="40" height="40"/>
 <SubTexture name="Shape/shape 4350" x="1122" y="726" width="40" height="40"/>
 <SubTexture name="Shape/shape 4352" x="1204" y="296" width="40" height="40"/>
 <SubTexture name="Shape/shape 4354" x="192" y="727" width="40" height="40"/>
 <SubTexture name="Shape/shape 4356" x="459" y="726" width="40" height="40"/>
 <SubTexture name="Shape/shape 4358" x="1457" y="758" width="40" height="40"/>
 <SubTexture name="Shape/shape 4360" x="942" y="744" width="40" height="40"/>
 <SubTexture name="Shape/shape 4362" x="636" y="726" width="40" height="40"/>
 <SubTexture name="Shape/shape 4364" x="1991" y="763" width="40" height="40"/>
 <SubTexture name="Shape/shape 4366" x="858" y="732" width="40" height="40"/>
 <SubTexture name="Shape/shape 4368" x="726" y="726" width="40" height="40"/>
 <SubTexture name="Shape/shape 4370" x="1949" y="763" width="40" height="40"/>
 <SubTexture name="Shape/shape 4372" x="387" y="727" width="40" height="40"/>
 <SubTexture name="Shape/shape 4374" x="1290" y="758" width="40" height="40"/>
 <SubTexture name="Shape/shape 4376" x="84" y="764" width="40" height="40"/>
 <SubTexture name="Shape/shape 4378" x="1499" y="758" width="40" height="40"/>
 <SubTexture name="Shape/shape 4380" x="1204" y="212" width="40" height="40"/>
 <SubTexture name="Shape/shape 4382" x="1714" y="736" width="40" height="40"/>
 <SubTexture name="Shape/shape 4384" x="1672" y="736" width="40" height="40"/>
 <SubTexture name="Shape/shape 4386" x="1332" y="758" width="40" height="40"/>
 <SubTexture name="Shape/shape 4388" x="768" y="726" width="40" height="40"/>
 <SubTexture name="Shape/shape 4390" x="42" y="764" width="40" height="40"/>
 <SubTexture name="Shape/shape 4392" x="990" y="732" width="40" height="40"/>
 <SubTexture name="Shape/shape 4394" x="1204" y="380" width="40" height="40"/>
 <SubTexture name="Shape/shape 4396" x="1415" y="758" width="40" height="40"/>
 <SubTexture name="Shape/shape 4398" x="1204" y="338" width="40" height="40"/>
 <SubTexture name="Shape/shape 4400" x="501" y="726" width="40" height="40"/>
 <SubTexture name="Shape/shape 4402" x="1204" y="590" width="40" height="40"/>
 <SubTexture name="Shape/shape 4404" x="1756" y="736" width="40" height="40"/>
 <SubTexture name="Shape/shape 4406" x="1206" y="758" width="40" height="40"/>
 <SubTexture name="Shape/shape 4408" x="1630" y="736" width="40" height="40"/>
 <SubTexture name="Shape/shape 4410" x="1164" y="755" width="40" height="40"/>
 <SubTexture name="Shape/shape 4412" x="810" y="738" width="40" height="40"/>
 <SubTexture name="Shape/shape 4414" x="1248" y="758" width="40" height="40"/>
 <SubTexture name="Shape/shape 4416" x="900" y="732" width="40" height="40"/>
 <SubTexture name="Shape/shape 4418" x="1039" y="730" width="40" height="40"/>
 <SubTexture name="Shape/shape 4420" x="594" y="726" width="40" height="40"/>
 <SubTexture name="Shape/shape 4422" x="1204" y="548" width="40" height="40"/>
 <SubTexture name="Shape/shape 4424" x="1204" y="464" width="40" height="40"/>
 <SubTexture name="Shape/shape 4426" x="1204" y="254" width="40" height="40"/>
 <SubTexture name="butCastGolem.cont" x="1541" y="765" width="39" height="38"/>
 <SubTexture name="Shape/shape 12641" x="1122" y="680" width="44" height="44"/>
 <SubTexture name="Shape/shape 12632" x="1798" y="767" width="38" height="38"/>
 <SubTexture name="butCastIceman.cont" x="1081" y="744" width="40" height="38"/>
 <SubTexture name="Shape/shape 12643" x="152" y="762" width="38" height="38"/>
 <SubTexture name="Shape/shape 12648" x="152" y="722" width="38" height="38"/>
 <SubTexture name="Shape/shape 12653" x="1204" y="122" width="41" height="44"/>
 <SubTexture name="Shape/shape 12659" x="1998" y="52" width="48" height="51"/>
 <SubTexture name="Shape/shape 12665" x="1204" y="167" width="41" height="44"/>
 <SubTexture name="Shape/shape 12654" x="1875" y="806" width="40" height="21"/>
 <SubTexture name="Shape/shape 12655" x="794" y="807" width="40" height="21"/>
 <SubTexture name="Shape/shape 12656" x="80" y="806" width="40" height="21"/>
 <SubTexture name="Shape/shape 12657" x="39" y="806" width="40" height="21"/>
 <SubTexture name="Shape/shape 12658" x="1789" y="807" width="40" height="21"/>
 <SubTexture name="Shape/shape 12660" x="794" y="780" width="49" height="26"/>
 <SubTexture name="Shape/shape 12661" x="1069" y="784" width="49" height="26"/>
 <SubTexture name="Shape/shape 12662" x="889" y="774" width="49" height="26"/>
 <SubTexture name="Shape/shape 12663" x="1622" y="778" width="49" height="26"/>
 <SubTexture name="Shape/shape 12664" x="659" y="784" width="49" height="26"/>
 <SubTexture name="Shape/shape 12668" x="1249" y="0" width="359" height="42"/>
 <SubTexture name="Shape/shape 12682" x="1576" y="545" width="14" height="14"/>
 <SubTexture name="Shape/shape 12686" x="1576" y="523" width="16" height="20"/>
 <SubTexture name="Shape/shape 12677" x="1610" y="0" width="320" height="20"/>
 <SubTexture name="Shape/shape 12688" x="1932" y="0" width="100" height="50"/>
 <SubTexture name="Shape/shape 12693" x="1587" y="723" width="41" height="40"/>
 <SubTexture name="Shape/shape 12695" x="307" y="723" width="41" height="40"/>
 <SubTexture name="Shape/shape 12696" x="1672" y="778" width="38" height="37"/>
 <SubTexture name="Shape/shape 12739" x="984" y="774" width="38" height="37"/>
 <SubTexture name="Shape/shape 12176" x="2034" y="0" width="12" height="15"/>
 <SubTexture name="Shape/shape 12178" x="2034" y="16" width="13" height="13"/>
 <SubTexture name="Shape/shape 12195" x="1513" y="44" width="64" height="68"/>
 <SubTexture name="Shape/shape 12197" x="1381" y="44" width="64" height="68"/>
 <SubTexture name="Shape/shape 12199" x="1249" y="44" width="64" height="68"/>
 <SubTexture name="Shape/shape 12201" x="1676" y="22" width="64" height="68"/>
 <SubTexture name="Shape/shape 12203" x="1312" y="184" width="64" height="68"/>
 <SubTexture name="Shape/shape 12205" x="1249" y="114" width="64" height="68"/>
 <SubTexture name="Shape/shape 12207" x="1737" y="92" width="64" height="68"/>
 <SubTexture name="Shape/shape 12209" x="1510" y="184" width="64" height="68"/>
 <SubTexture name="Shape/shape 12211" x="1072" y="78" width="64" height="68"/>
 <SubTexture name="Shape/shape 12213" x="940" y="78" width="64" height="68"/>
 <SubTexture name="Shape/shape 12215" x="874" y="148" width="64" height="68"/>
 <SubTexture name="Shape/shape 12217" x="1932" y="52" width="64" height="68"/>
 <SubTexture name="Shape/shape 12219" x="1929" y="192" width="64" height="68"/>
 <SubTexture name="Shape/shape 12221" x="1447" y="44" width="64" height="68"/>
 <SubTexture name="Shape/shape 12223" x="1513" y="114" width="64" height="68"/>
 <SubTexture name="Shape/shape 12225" x="1315" y="44" width="64" height="68"/>
 <SubTexture name="Shape/shape 12227" x="1671" y="162" width="64" height="68"/>
 <SubTexture name="Shape/shape 12229" x="1808" y="22" width="64" height="68"/>
 <SubTexture name="Shape/shape 12231" x="1006" y="148" width="64" height="68"/>
 <SubTexture name="Shape/shape 12233" x="1605" y="92" width="64" height="68"/>
 <SubTexture name="Shape/shape 12235" x="1138" y="148" width="64" height="68"/>
 <SubTexture name="Shape/shape 12237" x="874" y="78" width="64" height="68"/>
 <SubTexture name="Shape/shape 12239" x="1447" y="114" width="64" height="68"/>
 <SubTexture name="Shape/shape 12241" x="1381" y="114" width="64" height="68"/>
 <SubTexture name="Shape/shape 12243" x="1803" y="162" width="64" height="68"/>
 <SubTexture name="Shape/shape 12245" x="1610" y="22" width="64" height="68"/>
 <SubTexture name="Shape/shape 12247" x="1742" y="22" width="64" height="68"/>
 <SubTexture name="Shape/shape 12249" x="1006" y="78" width="64" height="68"/>
 <SubTexture name="Shape/shape 12251" x="1138" y="78" width="64" height="68"/>
 <SubTexture name="Shape/shape 12253" x="1671" y="92" width="64" height="68"/>
 <SubTexture name="Shape/shape 12255" x="1803" y="92" width="64" height="68"/>
 <SubTexture name="Shape/shape 12257" x="1315" y="114" width="64" height="68"/>
 <SubTexture name="Shape/shape 12259" x="1932" y="122" width="64" height="68"/>
 <SubTexture name="Shape/shape 12261" x="940" y="148" width="64" height="68"/>
 <SubTexture name="Shape/shape 12263" x="1605" y="162" width="64" height="68"/>
 <SubTexture name="Shape/shape 12265" x="1072" y="148" width="64" height="68"/>
 <SubTexture name="Shape/shape 12267" x="1737" y="162" width="64" height="68"/>
 <SubTexture name="Shape/shape 12269" x="1444" y="184" width="64" height="68"/>
 <SubTexture name="Shape/shape 12271" x="1246" y="184" width="64" height="68"/>
 <SubTexture name="Shape/shape 12273" x="1378" y="184" width="64" height="68"/>
 <SubTexture name="Shape/shape 12281" x="1378" y="584" width="64" height="64"/>
 <SubTexture name="Shape/shape 12283" x="1510" y="584" width="64" height="64"/>
 <SubTexture name="Shape/shape 12285" x="1240" y="650" width="64" height="64"/>
 <SubTexture name="Shape/shape 12287" x="1246" y="254" width="64" height="64"/>
 <SubTexture name="Shape/shape 12289" x="1138" y="284" width="64" height="64"/>
 <SubTexture name="Shape/shape 12291" x="1444" y="320" width="64" height="64"/>
 <SubTexture name="Shape/shape 12293" x="1733" y="364" width="64" height="64"/>
 <SubTexture name="Shape/shape 12295" x="940" y="218" width="64" height="64"/>
 <SubTexture name="Shape/shape 12297" x="1312" y="452" width="64" height="64"/>
 <SubTexture name="Shape/shape 12299" x="1072" y="482" width="64" height="64"/>
 <SubTexture name="Shape/shape 12301" x="874" y="218" width="64" height="64"/>
 <SubTexture name="Shape/shape 12303" x="1642" y="562" width="64" height="64"/>
 <SubTexture name="Shape/shape 12305" x="0" y="608" width="64" height="64"/>
 <SubTexture name="Shape/shape 12307" x="528" y="608" width="64" height="64"/>
 <SubTexture name="Shape/shape 12309" x="1642" y="628" width="64" height="64"/>
 <SubTexture name="Shape/shape 12311" x="1504" y="650" width="64" height="64"/>
 <SubTexture name="Shape/shape 12313" x="858" y="614" width="64" height="64"/>
 <SubTexture name="Shape/shape 12315" x="1006" y="482" width="64" height="64"/>
 <SubTexture name="Shape/shape 12317" x="264" y="608" width="64" height="64"/>
 <SubTexture name="Shape/shape 12319" x="1006" y="548" width="64" height="64"/>
 <SubTexture name="Shape/shape 12321" x="874" y="548" width="64" height="64"/>
 <SubTexture name="Shape/shape 12323" x="1732" y="496" width="64" height="64"/>
 <SubTexture name="Shape/shape 12325" x="874" y="416" width="64" height="64"/>
 <SubTexture name="Shape/shape 12327" x="1799" y="298" width="64" height="64"/>
 <SubTexture name="Shape/shape 12329" x="1006" y="284" width="64" height="64"/>
 <SubTexture name="Shape/shape 12331" x="1667" y="364" width="64" height="64"/>
 <SubTexture name="Shape/shape 12333" x="1246" y="320" width="64" height="64"/>
 <SubTexture name="Shape/shape 12335" x="198" y="608" width="64" height="64"/>
 <SubTexture name="Shape/shape 12337" x="1576" y="562" width="64" height="64"/>
 <SubTexture name="Shape/shape 12339" x="1306" y="650" width="64" height="64"/>
 <SubTexture name="Shape/shape 12341" x="1246" y="386" width="64" height="64"/>
 <SubTexture name="Shape/shape 12343" x="1378" y="452" width="64" height="64"/>
 <SubTexture name="Shape/shape 12345" x="1072" y="416" width="64" height="64"/>
 <SubTexture name="Shape/shape 12347" x="1840" y="659" width="64" height="64"/>
 <SubTexture name="Shape/shape 12349" x="1312" y="584" width="64" height="64"/>
 <SubTexture name="Shape/shape 12351" x="1601" y="298" width="64" height="64"/>
 <SubTexture name="Shape/shape 12353" x="940" y="350" width="64" height="64"/>
 <SubTexture name="Shape/shape 12355" x="1444" y="584" width="64" height="64"/>
 <SubTexture name="Shape/shape 12357" x="1928" y="328" width="64" height="64"/>
 <SubTexture name="Shape/shape 12359" x="1510" y="452" width="64" height="64"/>
 <SubTexture name="Shape/shape 12367" x="874" y="350" width="64" height="64"/>
 <SubTexture name="Shape/shape 12369" x="1372" y="650" width="64" height="64"/>
 <SubTexture name="Shape/shape 12371" x="1312" y="518" width="64" height="64"/>
 <SubTexture name="Shape/shape 12373" x="1312" y="254" width="64" height="64"/>
 <SubTexture name="Shape/shape 12375" x="1667" y="232" width="64" height="64"/>
 <SubTexture name="Shape/shape 12377" x="660" y="608" width="64" height="64"/>
 <SubTexture name="Shape/shape 12379" x="1072" y="218" width="64" height="64"/>
 <SubTexture name="Shape/shape 12381" x="1510" y="320" width="64" height="64"/>
 <SubTexture name="Shape/shape 12383" x="1444" y="518" width="64" height="64"/>
 <SubTexture name="Shape/shape 12385" x="1138" y="416" width="64" height="64"/>
 <SubTexture name="Shape/shape 12387" x="1600" y="430" width="64" height="64"/>
 <SubTexture name="Shape/shape 12389" x="1246" y="518" width="64" height="64"/>
 <SubTexture name="Shape/shape 12391" x="940" y="548" width="64" height="64"/>
 <SubTexture name="Shape/shape 12393" x="1927" y="460" width="64" height="64"/>
 <SubTexture name="Shape/shape 12395" x="1510" y="254" width="64" height="64"/>
 <SubTexture name="Shape/shape 12397" x="1733" y="298" width="64" height="64"/>
 <SubTexture name="Shape/shape 12399" x="66" y="608" width="64" height="64"/>
 <SubTexture name="Shape/shape 12401" x="1666" y="496" width="64" height="64"/>
 <SubTexture name="Shape/shape 12403" x="1798" y="496" width="64" height="64"/>
 <SubTexture name="Shape/shape 12405" x="330" y="608" width="64" height="64"/>
 <SubTexture name="Shape/shape 12407" x="1378" y="320" width="64" height="64"/>
 <SubTexture name="Shape/shape 12409" x="1006" y="350" width="64" height="64"/>
 <SubTexture name="Shape/shape 12411" x="1799" y="364" width="64" height="64"/>
 <SubTexture name="Shape/shape 12413" x="1708" y="562" width="64" height="64"/>
 <SubTexture name="Shape/shape 12415" x="792" y="608" width="64" height="64"/>
 <SubTexture name="Shape/shape 12417" x="1246" y="452" width="64" height="64"/>
 <SubTexture name="Shape/shape 12419" x="1840" y="593" width="64" height="64"/>
 <SubTexture name="Shape/shape 12421" x="1733" y="232" width="64" height="64"/>
 <SubTexture name="Shape/shape 12423" x="874" y="284" width="64" height="64"/>
 <SubTexture name="Shape/shape 12425" x="1312" y="320" width="64" height="64"/>
 <SubTexture name="Shape/shape 12427" x="1601" y="364" width="64" height="64"/>
 <SubTexture name="Shape/shape 12429" x="1510" y="386" width="64" height="64"/>
 <SubTexture name="Shape/shape 12431" x="1798" y="430" width="64" height="64"/>
 <SubTexture name="Shape/shape 12433" x="940" y="482" width="64" height="64"/>
 <SubTexture name="Shape/shape 12435" x="1378" y="518" width="64" height="64"/>
 <SubTexture name="Shape/shape 12437" x="1138" y="548" width="64" height="64"/>
 <SubTexture name="Shape/shape 12439" x="1927" y="592" width="64" height="64"/>
 <SubTexture name="Shape/shape 12441" x="396" y="608" width="64" height="64"/>
 <SubTexture name="Shape/shape 12443" x="1122" y="614" width="64" height="64"/>
 <SubTexture name="Shape/shape 12445" x="1438" y="650" width="64" height="64"/>
 <SubTexture name="Shape/shape 12453" x="1732" y="430" width="64" height="64"/>
 <SubTexture name="Shape/shape 12455" x="1576" y="628" width="64" height="64"/>
 <SubTexture name="Shape/shape 12457" x="1906" y="658" width="64" height="64"/>
 <SubTexture name="Shape/shape 12459" x="1056" y="614" width="64" height="64"/>
 <SubTexture name="Shape/shape 12461" x="1138" y="218" width="64" height="64"/>
 <SubTexture name="Shape/shape 12463" x="1510" y="518" width="64" height="64"/>
 <SubTexture name="Shape/shape 12465" x="1072" y="548" width="64" height="64"/>
 <SubTexture name="Shape/shape 12467" x="1138" y="350" width="64" height="64"/>
 <SubTexture name="Shape/shape 12469" x="1444" y="452" width="64" height="64"/>
 <SubTexture name="Shape/shape 12471" x="1927" y="526" width="64" height="64"/>
 <SubTexture name="Shape/shape 12473" x="132" y="608" width="64" height="64"/>
 <SubTexture name="Shape/shape 12475" x="990" y="614" width="64" height="64"/>
 <SubTexture name="Shape/shape 12477" x="1774" y="628" width="64" height="64"/>
 <SubTexture name="Shape/shape 12479" x="1600" y="496" width="64" height="64"/>
 <SubTexture name="Shape/shape 12481" x="1774" y="562" width="64" height="64"/>
 <SubTexture name="Shape/shape 12483" x="1378" y="386" width="64" height="64"/>
 <SubTexture name="Shape/shape 12485" x="1601" y="232" width="64" height="64"/>
 <SubTexture name="Shape/shape 12487" x="1378" y="254" width="64" height="64"/>
 <SubTexture name="Shape/shape 12489" x="1246" y="584" width="64" height="64"/>
 <SubTexture name="Shape/shape 12491" x="1928" y="394" width="64" height="64"/>
 <SubTexture name="Shape/shape 12493" x="726" y="608" width="64" height="64"/>
 <SubTexture name="Shape/shape 12495" x="1312" y="386" width="64" height="64"/>
 <SubTexture name="Shape/shape 12497" x="462" y="608" width="64" height="64"/>
 <SubTexture name="Shape/shape 12499" x="940" y="284" width="64" height="64"/>
 <SubTexture name="Shape/shape 12501" x="1138" y="482" width="64" height="64"/>
 <SubTexture name="Shape/shape 12503" x="594" y="608" width="64" height="64"/>
 <SubTexture name="Shape/shape 12505" x="1072" y="350" width="64" height="64"/>
 <SubTexture name="Shape/shape 12507" x="1928" y="262" width="64" height="64"/>
 <SubTexture name="Shape/shape 12509" x="940" y="416" width="64" height="64"/>
 <SubTexture name="Shape/shape 12511" x="1006" y="218" width="64" height="64"/>
 <SubTexture name="Shape/shape 12513" x="924" y="614" width="64" height="64"/>
 <SubTexture name="Shape/shape 12515" x="874" y="482" width="64" height="64"/>
 <SubTexture name="Shape/shape 12517" x="1006" y="416" width="64" height="64"/>
 <SubTexture name="Shape/shape 12519" x="1667" y="298" width="64" height="64"/>
 <SubTexture name="Shape/shape 12521" x="1666" y="430" width="64" height="64"/>
 <SubTexture name="Shape/shape 12523" x="1444" y="386" width="64" height="64"/>
 <SubTexture name="Shape/shape 12525" x="1708" y="628" width="64" height="64"/>
 <SubTexture name="Shape/shape 12527" x="1799" y="232" width="64" height="64"/>
 <SubTexture name="Shape/shape 12529" x="1444" y="254" width="64" height="64"/>
 <SubTexture name="Shape/shape 12530" x="1072" y="284" width="64" height="64"/>
 <SubTexture name="Shape/shape 12636" x="1896" y="766" width="38" height="38"/>
 <SubTexture name="butCastAir.cont.cont" x="1582" y="765" width="38" height="38"/>
 <SubTexture name="butCast.contMask" x="1374" y="758" width="39" height="38"/>
 <SubTexture name="Shape/shape 12698" x="1415" y="716" width="41" height="40"/>
 <SubTexture name="Shape/shape 12700" x="1972" y="721" width="41" height="40"/>
 <SubTexture name="Shape/shape 12702" x="1810" y="725" width="41" height="40"/>
 <SubTexture name="Shape/shape 12704" x="1544" y="723" width="41" height="40"/>
 <SubTexture name="Shape/shape 12706" x="1767" y="694" width="41" height="40"/>
 <SubTexture name="Shape/shape 12708" x="264" y="722" width="41" height="40"/>
 <SubTexture name="Shape/shape 12710" x="1638" y="694" width="41" height="40"/>
 <SubTexture name="Shape/shape 12712" x="1724" y="694" width="41" height="40"/>
 <SubTexture name="Shape/shape 12714" x="109" y="722" width="41" height="40"/>
 <SubTexture name="Shape/shape 12716" x="1906" y="724" width="41" height="40"/>
 <SubTexture name="Shape/shape 12719" x="66" y="722" width="41" height="40"/>
 <SubTexture name="Shape/shape 12721" x="1211" y="716" width="41" height="40"/>
 <SubTexture name="Shape/shape 12723" x="1853" y="725" width="41" height="40"/>
 <SubTexture name="Shape/shape 12725" x="1297" y="716" width="41" height="40"/>
 <SubTexture name="Shape/shape 12727" x="1501" y="716" width="41" height="40"/>
 <SubTexture name="Shape/shape 12729" x="1681" y="694" width="41" height="40"/>
 <SubTexture name="Shape/shape 12731" x="1372" y="716" width="41" height="40"/>
 <SubTexture name="Shape/shape 12733" x="1254" y="716" width="41" height="40"/>
 <SubTexture name="Shape/shape 12735" x="1168" y="713" width="41" height="40"/>
 <SubTexture name="Shape/shape 12737" x="1458" y="716" width="41" height="40"/>
</TextureAtlas>