<TextureAtlas name="WorldInterface_mc" imagePath="texture.png">
 <SubTexture name="Shape/shape 12189" x="874" y="0" width="374" height="77"/>
 <SubTexture name="backComponents" x="0" y="0" width="872" height="606"/>
 <SubTexture name="Shape/shape 12171" x="1646" y="806" width="33" height="22"/>
 <SubTexture name="Shape/shape 12182" x="1681" y="806" width="31" height="20"/>
 <SubTexture name="lightUp" x="0" y="780" width="40" height="28"/>
 <SubTexture name="Case" x="515" y="674" width="50" height="50"/>
 <SubTexture name="Shape/shape 12185" x="1107" y="795" width="46" height="26"/>
 <SubTexture name="Shape/shape 12186" x="536" y="796" width="42" height="23"/>
 <SubTexture name="Shape/shape 12191" x="1870" y="199" width="59" height="59"/>
 <SubTexture name="Shape/shape 12193" x="1037" y="715" width="32" height="32"/>
 <SubTexture name="Shape/shape 12276" x="758" y="708" width="32" height="32"/>
 <SubTexture name="Shape/shape 12279" x="328" y="674" width="59" height="47"/>
 <SubTexture name="Shape/shape 12362" x="1002" y="733" width="32" height="32"/>
 <SubTexture name="Shape/shape 12365" x="1870" y="138" width="59" height="59"/>
 <SubTexture name="Shape/shape 12448" x="1037" y="681" width="32" height="32"/>
 <SubTexture name="Shape/shape 12451" x="1997" y="261" width="48" height="49"/>
 <SubTexture name="Shape/shape 12533" x="758" y="674" width="32" height="32"/>
 <SubTexture name="Shape/shape 12536" x="1204" y="125" width="43" height="42"/>
 <SubTexture name="Shape/shape 12538" x="1995" y="366" width="51" height="52"/>
 <SubTexture name="Shape/shape 12540" x="1994" y="582" width="51" height="52"/>
 <SubTexture name="Shape/shape 12542" x="1994" y="474" width="51" height="52"/>
 <SubTexture name="Shape/shape 12544" x="1995" y="312" width="51" height="52"/>
 <SubTexture name="Shape/shape 12546" x="1994" y="636" width="51" height="52"/>
 <SubTexture name="Shape/shape 12548" x="462" y="674" width="51" height="52"/>
 <SubTexture name="Shape/shape 12550" x="1995" y="420" width="51" height="52"/>
 <SubTexture name="Shape/shape 12552" x="1994" y="528" width="51" height="52"/>
 <SubTexture name="Shape/shape 12555" x="1875" y="22" width="56" height="56"/>
 <SubTexture name="Shape/shape 12557" x="0" y="674" width="64" height="62"/>
 <SubTexture name="Shape/shape 12559" x="1875" y="80" width="56" height="56"/>
 <SubTexture name="butCase" x="567" y="674" width="50" height="50"/>
 <SubTexture name="Shape/shape 12575" x="168" y="764" width="41" height="38"/>
 <SubTexture name="Shape/shape 12577" x="1865" y="500" width="61" height="46"/>
 <SubTexture name="Shape/shape 12579" x="1866" y="260" width="61" height="46"/>
 <SubTexture name="Shape/shape 12581" x="1866" y="404" width="61" height="46"/>
 <SubTexture name="Shape/shape 12583" x="129" y="674" width="61" height="46"/>
 <SubTexture name="Shape/shape 12585" x="192" y="674" width="61" height="46"/>
 <SubTexture name="Shape/shape 12587" x="1866" y="356" width="61" height="46"/>
 <SubTexture name="Shape/shape 12589" x="66" y="674" width="61" height="46"/>
 <SubTexture name="Shape/shape 12591" x="1865" y="452" width="61" height="46"/>
 <SubTexture name="Shape/shape 12592" x="1865" y="548" width="61" height="46"/>
 <SubTexture name="Shape/shape 12594" x="1866" y="308" width="61" height="46"/>
 <SubTexture name="Shape/shape 12597" x="318" y="765" width="41" height="38"/>
 <SubTexture name="Shape/shape 12599" x="1999" y="104" width="47" height="50"/>
 <SubTexture name="Shape/shape 12600" x="890" y="681" width="47" height="50"/>
 <SubTexture name="Shape/shape 12602" x="1071" y="681" width="47" height="50"/>
 <SubTexture name="Shape/shape 12604" x="988" y="681" width="47" height="50"/>
 <SubTexture name="Shape/shape 12606" x="660" y="674" width="47" height="50"/>
 <SubTexture name="Shape/shape 12608" x="709" y="674" width="47" height="50"/>
 <SubTexture name="Shape/shape 12610" x="1999" y="156" width="47" height="50"/>
 <SubTexture name="Shape/shape 12612" x="939" y="681" width="47" height="50"/>
 <SubTexture name="Shape/shape 12614" x="841" y="681" width="47" height="50"/>
 <SubTexture name="Shape/shape 12615" x="792" y="674" width="47" height="50"/>
 <SubTexture name="Shape/shape 12617" x="1999" y="52" width="47" height="50"/>
 <SubTexture name="Shape/shape 12620" x="389" y="674" width="71" height="51"/>
 <SubTexture name="Shape/shape 12622" x="255" y="674" width="71" height="51"/>
 <SubTexture name="Shape/shape 12624" x="1688" y="694" width="67" height="28"/>
 <SubTexture name="Shape/shape 12625" x="1120" y="681" width="67" height="28"/>
 <SubTexture name="Shape/shape 12626" x="1619" y="694" width="67" height="28"/>
 <SubTexture name="Shape/shape 12628" x="1923" y="766" width="38" height="38"/>
 <SubTexture name="Shape/shape 12629" x="619" y="714" width="38" height="38"/>
 <SubTexture name="Shape/shape 12630" x="496" y="768" width="38" height="38"/>
 <SubTexture name="Shape/shape 8558" x="1732" y="778" width="35" height="40"/>
 <SubTexture name="Shape/shape 8559" x="825" y="775" width="35" height="40"/>
 <SubTexture name="Shape/shape 8560" x="1840" y="770" width="35" height="40"/>
 <SubTexture name="Shape/shape 8561" x="1541" y="778" width="35" height="40"/>
 <SubTexture name="Shape/shape 8562" x="1275" y="716" width="35" height="40"/>
 <SubTexture name="Shape/shape 8563" x="438" y="770" width="35" height="40"/>
 <SubTexture name="Shape/shape 8564" x="862" y="775" width="35" height="40"/>
 <SubTexture name="Shape/shape 8565" x="1070" y="775" width="35" height="40"/>
 <SubTexture name="Shape/shape 8566" x="1949" y="724" width="35" height="40"/>
 <SubTexture name="Shape/shape 8567" x="1963" y="774" width="35" height="40"/>
 <SubTexture name="Shape/shape 8568" x="401" y="769" width="35" height="40"/>
 <SubTexture name="Shape/shape 8569" x="2000" y="774" width="35" height="40"/>
 <SubTexture name="Shape/shape 8570" x="899" y="775" width="35" height="40"/>
 <SubTexture name="Shape/shape 8571" x="936" y="775" width="35" height="40"/>
 <SubTexture name="Shape/shape 8572" x="1787" y="774" width="35" height="40"/>
 <SubTexture name="Shape/shape 10921" x="42" y="806" width="32" height="29"/>
 <SubTexture name="Shape/shape 10922" x="1265" y="800" width="32" height="29"/>
 <SubTexture name="Shape/shape 10923" x="168" y="804" width="32" height="29"/>
 <SubTexture name="Shape/shape 10924" x="973" y="798" width="32" height="29"/>
 <SubTexture name="Shape/shape 10925" x="1197" y="800" width="32" height="29"/>
 <SubTexture name="Shape/shape 10926" x="1401" y="800" width="32" height="29"/>
 <SubTexture name="Shape/shape 10927" x="1578" y="778" width="32" height="29"/>
 <SubTexture name="Shape/shape 10928" x="1299" y="800" width="32" height="29"/>
 <SubTexture name="Shape/shape 10929" x="1036" y="780" width="32" height="29"/>
 <SubTexture name="Shape/shape 10930" x="1155" y="805" width="32" height="29"/>
 <SubTexture name="Shape/shape 10931" x="1612" y="806" width="32" height="29"/>
 <SubTexture name="Shape/shape 10932" x="1435" y="800" width="32" height="29"/>
 <SubTexture name="Shape/shape 10933" x="1036" y="749" width="32" height="29"/>
 <SubTexture name="Shape/shape 10934" x="76" y="806" width="32" height="29"/>
 <SubTexture name="Shape/shape 10935" x="110" y="806" width="32" height="29"/>
 <SubTexture name="Shape/shape 10936" x="253" y="797" width="32" height="29"/>
 <SubTexture name="Shape/shape 10937" x="321" y="805" width="32" height="29"/>
 <SubTexture name="Shape/shape 10938" x="1469" y="800" width="32" height="29"/>
 <SubTexture name="Shape/shape 10939" x="1333" y="800" width="32" height="29"/>
 <SubTexture name="Shape/shape 10940" x="706" y="796" width="32" height="29"/>
 <SubTexture name="Shape/shape 10941" x="1002" y="767" width="32" height="29"/>
 <SubTexture name="Shape/shape 10942" x="1367" y="800" width="32" height="29"/>
 <SubTexture name="Shape/shape 10943" x="1231" y="800" width="32" height="29"/>
 <SubTexture name="Shape/shape 10944" x="287" y="805" width="32" height="29"/>
 <SubTexture name="Shape/shape 10945" x="1503" y="800" width="32" height="29"/>
 <SubTexture name="Shape/shape 4305" x="1580" y="90" width="24" height="21"/>
 <SubTexture name="Shape/shape 4307" x="1577" y="227" width="23" height="21"/>
 <SubTexture name="Shape/shape 4309" x="1577" y="343" width="23" height="20"/>
 <SubTexture name="Shape/shape 4311" x="1577" y="501" width="22" height="20"/>
 <SubTexture name="Shape/shape 4313" x="1577" y="273" width="23" height="21"/>
 <SubTexture name="Shape/shape 4315" x="1580" y="44" width="25" height="21"/>
 <SubTexture name="Shape/shape 4316" x="1577" y="296" width="23" height="21"/>
 <SubTexture name="Shape/shape 4317" x="1577" y="479" width="22" height="20"/>
 <SubTexture name="Shape/shape 4318" x="1577" y="365" width="23" height="20"/>
 <SubTexture name="Shape/shape 4319" x="1577" y="250" width="23" height="21"/>
 <SubTexture name="Shape/shape 4320" x="1580" y="182" width="24" height="21"/>
 <SubTexture name="Shape/shape 4322" x="1580" y="113" width="24" height="21"/>
 <SubTexture name="Shape/shape 4324" x="1577" y="205" width="24" height="20"/>
 <SubTexture name="Shape/shape 4326" x="1580" y="67" width="24" height="21"/>
 <SubTexture name="Shape/shape 4328" x="1577" y="433" width="22" height="21"/>
 <SubTexture name="Shape/shape 4330" x="1577" y="410" width="22" height="21"/>
 <SubTexture name="Shape/shape 4332" x="1577" y="319" width="22" height="22"/>
 <SubTexture name="Shape/shape 4333" x="1577" y="387" width="22" height="21"/>
 <SubTexture name="Shape/shape 4334" x="1577" y="456" width="22" height="21"/>
 <SubTexture name="Shape/shape 4336" x="1580" y="136" width="24" height="21"/>
 <SubTexture name="Shape/shape 4337" x="1580" y="159" width="24" height="21"/>
 <SubTexture name="Shape/shape 4340" x="0" y="738" width="40" height="40"/>
 <SubTexture name="Shape/shape 4342" x="42" y="764" width="40" height="40"/>
 <SubTexture name="Shape/shape 4344" x="1499" y="758" width="40" height="40"/>
 <SubTexture name="Shape/shape 4346" x="1415" y="758" width="40" height="40"/>
 <SubTexture name="Shape/shape 4348" x="1331" y="758" width="40" height="40"/>
 <SubTexture name="Shape/shape 4350" x="1247" y="758" width="40" height="40"/>
 <SubTexture name="Shape/shape 4352" x="960" y="733" width="40" height="40"/>
 <SubTexture name="Shape/shape 4354" x="1113" y="753" width="40" height="40"/>
 <SubTexture name="Shape/shape 4356" x="234" y="727" width="40" height="40"/>
 <SubTexture name="Shape/shape 4358" x="515" y="726" width="40" height="40"/>
 <SubTexture name="Shape/shape 4360" x="1570" y="736" width="40" height="40"/>
 <SubTexture name="Shape/shape 4362" x="150" y="722" width="40" height="40"/>
 <SubTexture name="Shape/shape 4364" x="328" y="723" width="40" height="40"/>
 <SubTexture name="Shape/shape 4366" x="1703" y="724" width="40" height="40"/>
 <SubTexture name="Shape/shape 4368" x="659" y="726" width="40" height="40"/>
 <SubTexture name="Shape/shape 4370" x="1205" y="758" width="40" height="40"/>
 <SubTexture name="Shape/shape 4372" x="108" y="722" width="40" height="40"/>
 <SubTexture name="Shape/shape 4374" x="1907" y="724" width="40" height="40"/>
 <SubTexture name="Shape/shape 4376" x="1163" y="723" width="40" height="40"/>
 <SubTexture name="Shape/shape 4378" x="192" y="722" width="40" height="40"/>
 <SubTexture name="Shape/shape 4380" x="557" y="726" width="40" height="40"/>
 <SubTexture name="Shape/shape 4382" x="918" y="733" width="40" height="40"/>
 <SubTexture name="Shape/shape 4384" x="599" y="754" width="40" height="40"/>
 <SubTexture name="Shape/shape 4386" x="412" y="727" width="40" height="40"/>
 <SubTexture name="Shape/shape 4388" x="1071" y="733" width="40" height="40"/>
 <SubTexture name="Shape/shape 4390" x="1619" y="724" width="40" height="40"/>
 <SubTexture name="Shape/shape 4392" x="1986" y="732" width="40" height="40"/>
 <SubTexture name="Shape/shape 4394" x="792" y="726" width="40" height="40"/>
 <SubTexture name="Shape/shape 4396" x="276" y="727" width="40" height="40"/>
 <SubTexture name="Shape/shape 4398" x="84" y="764" width="40" height="40"/>
 <SubTexture name="Shape/shape 4400" x="701" y="726" width="40" height="40"/>
 <SubTexture name="Shape/shape 4402" x="834" y="733" width="40" height="40"/>
 <SubTexture name="Shape/shape 4404" x="743" y="742" width="40" height="40"/>
 <SubTexture name="Shape/shape 4406" x="1745" y="736" width="40" height="40"/>
 <SubTexture name="Shape/shape 4408" x="126" y="764" width="40" height="40"/>
 <SubTexture name="Shape/shape 4410" x="1661" y="724" width="40" height="40"/>
 <SubTexture name="Shape/shape 4412" x="370" y="727" width="40" height="40"/>
 <SubTexture name="Shape/shape 4414" x="876" y="733" width="40" height="40"/>
 <SubTexture name="Shape/shape 4416" x="454" y="728" width="40" height="40"/>
 <SubTexture name="Shape/shape 4418" x="66" y="722" width="40" height="40"/>
 <SubTexture name="Shape/shape 4420" x="1289" y="758" width="40" height="40"/>
 <SubTexture name="Shape/shape 4422" x="1373" y="758" width="40" height="40"/>
 <SubTexture name="Shape/shape 4424" x="1457" y="758" width="40" height="40"/>
 <SubTexture name="Shape/shape 4426" x="1841" y="728" width="40" height="40"/>
 <SubTexture name="butCastGolem.cont" x="1800" y="694" width="39" height="38"/>
 <SubTexture name="Shape/shape 12641" x="1204" y="79" width="44" height="44"/>
 <SubTexture name="Shape/shape 12632" x="1612" y="766" width="38" height="38"/>
 <SubTexture name="butCastIceman.cont" x="1155" y="765" width="40" height="38"/>
 <SubTexture name="Shape/shape 12643" x="1692" y="766" width="38" height="38"/>
 <SubTexture name="Shape/shape 12648" x="1883" y="766" width="38" height="38"/>
 <SubTexture name="Shape/shape 12653" x="1204" y="169" width="41" height="44"/>
 <SubTexture name="Shape/shape 12659" x="1997" y="208" width="48" height="51"/>
 <SubTexture name="Shape/shape 12665" x="1204" y="215" width="41" height="44"/>
 <SubTexture name="Shape/shape 12654" x="580" y="796" width="40" height="21"/>
 <SubTexture name="Shape/shape 12655" x="211" y="797" width="40" height="21"/>
 <SubTexture name="Shape/shape 12656" x="743" y="784" width="40" height="21"/>
 <SubTexture name="Shape/shape 12657" x="664" y="796" width="40" height="21"/>
 <SubTexture name="Shape/shape 12658" x="622" y="796" width="40" height="21"/>
 <SubTexture name="Shape/shape 12660" x="641" y="768" width="49" height="26"/>
 <SubTexture name="Shape/shape 12661" x="262" y="769" width="49" height="26"/>
 <SubTexture name="Shape/shape 12662" x="536" y="768" width="49" height="26"/>
 <SubTexture name="Shape/shape 12663" x="692" y="768" width="49" height="26"/>
 <SubTexture name="Shape/shape 12664" x="211" y="769" width="49" height="26"/>
 <SubTexture name="Shape/shape 12668" x="1250" y="0" width="359" height="42"/>
 <SubTexture name="Shape/shape 12682" x="1577" y="545" width="14" height="14"/>
 <SubTexture name="Shape/shape 12686" x="1577" y="523" width="16" height="20"/>
 <SubTexture name="Shape/shape 12677" x="1611" y="0" width="320" height="20"/>
 <SubTexture name="Shape/shape 12688" x="1933" y="0" width="100" height="50"/>
 <SubTexture name="Shape/shape 12693" x="1576" y="694" width="41" height="40"/>
 <SubTexture name="Shape/shape 12695" x="1204" y="597" width="41" height="40"/>
 <SubTexture name="Shape/shape 12696" x="361" y="769" width="38" height="37"/>
 <SubTexture name="Shape/shape 12739" x="785" y="768" width="38" height="37"/>
 <SubTexture name="Shape/shape 12176" x="1577" y="561" width="12" height="15"/>
 <SubTexture name="Shape/shape 12178" x="858" y="608" width="13" height="13"/>
 <SubTexture name="Shape/shape 12195" x="1606" y="162" width="64" height="68"/>
 <SubTexture name="Shape/shape 12197" x="1743" y="22" width="64" height="68"/>
 <SubTexture name="Shape/shape 12199" x="1738" y="92" width="64" height="68"/>
 <SubTexture name="Shape/shape 12201" x="1606" y="92" width="64" height="68"/>
 <SubTexture name="Shape/shape 12203" x="1611" y="22" width="64" height="68"/>
 <SubTexture name="Shape/shape 12205" x="1804" y="162" width="64" height="68"/>
 <SubTexture name="Shape/shape 12207" x="1072" y="79" width="64" height="68"/>
 <SubTexture name="Shape/shape 12209" x="1514" y="114" width="64" height="68"/>
 <SubTexture name="Shape/shape 12211" x="1511" y="184" width="64" height="68"/>
 <SubTexture name="Shape/shape 12213" x="1072" y="149" width="64" height="68"/>
 <SubTexture name="Shape/shape 12215" x="1138" y="149" width="64" height="68"/>
 <SubTexture name="Shape/shape 12217" x="1313" y="184" width="64" height="68"/>
 <SubTexture name="Shape/shape 12219" x="1514" y="44" width="64" height="68"/>
 <SubTexture name="Shape/shape 12221" x="1316" y="114" width="64" height="68"/>
 <SubTexture name="Shape/shape 12223" x="1445" y="184" width="64" height="68"/>
 <SubTexture name="Shape/shape 12225" x="1247" y="184" width="64" height="68"/>
 <SubTexture name="Shape/shape 12227" x="1933" y="122" width="64" height="68"/>
 <SubTexture name="Shape/shape 12229" x="940" y="149" width="64" height="68"/>
 <SubTexture name="Shape/shape 12231" x="1738" y="162" width="64" height="68"/>
 <SubTexture name="Shape/shape 12233" x="1804" y="92" width="64" height="68"/>
 <SubTexture name="Shape/shape 12235" x="1448" y="114" width="64" height="68"/>
 <SubTexture name="Shape/shape 12237" x="1672" y="92" width="64" height="68"/>
 <SubTexture name="Shape/shape 12239" x="1006" y="79" width="64" height="68"/>
 <SubTexture name="Shape/shape 12241" x="1138" y="79" width="64" height="68"/>
 <SubTexture name="Shape/shape 12243" x="874" y="79" width="64" height="68"/>
 <SubTexture name="Shape/shape 12245" x="1382" y="44" width="64" height="68"/>
 <SubTexture name="Shape/shape 12247" x="1250" y="114" width="64" height="68"/>
 <SubTexture name="Shape/shape 12249" x="1677" y="22" width="64" height="68"/>
 <SubTexture name="Shape/shape 12251" x="1250" y="44" width="64" height="68"/>
 <SubTexture name="Shape/shape 12253" x="940" y="79" width="64" height="68"/>
 <SubTexture name="Shape/shape 12255" x="1006" y="149" width="64" height="68"/>
 <SubTexture name="Shape/shape 12257" x="1933" y="52" width="64" height="68"/>
 <SubTexture name="Shape/shape 12259" x="874" y="149" width="64" height="68"/>
 <SubTexture name="Shape/shape 12261" x="1931" y="192" width="64" height="68"/>
 <SubTexture name="Shape/shape 12263" x="1448" y="44" width="64" height="68"/>
 <SubTexture name="Shape/shape 12265" x="1316" y="44" width="64" height="68"/>
 <SubTexture name="Shape/shape 12267" x="1672" y="162" width="64" height="68"/>
 <SubTexture name="Shape/shape 12269" x="1382" y="114" width="64" height="68"/>
 <SubTexture name="Shape/shape 12271" x="1379" y="184" width="64" height="68"/>
 <SubTexture name="Shape/shape 12273" x="1809" y="22" width="64" height="68"/>
 <SubTexture name="Shape/shape 12281" x="1723" y="562" width="64" height="64"/>
 <SubTexture name="Shape/shape 12283" x="1928" y="592" width="64" height="64"/>
 <SubTexture name="Shape/shape 12285" x="1379" y="584" width="64" height="64"/>
 <SubTexture name="Shape/shape 12287" x="1591" y="562" width="64" height="64"/>
 <SubTexture name="Shape/shape 12289" x="1072" y="483" width="64" height="64"/>
 <SubTexture name="Shape/shape 12291" x="1733" y="496" width="64" height="64"/>
 <SubTexture name="Shape/shape 12293" x="1379" y="386" width="64" height="64"/>
 <SubTexture name="Shape/shape 12295" x="1799" y="430" width="64" height="64"/>
 <SubTexture name="Shape/shape 12297" x="1138" y="417" width="64" height="64"/>
 <SubTexture name="Shape/shape 12299" x="1511" y="254" width="64" height="64"/>
 <SubTexture name="Shape/shape 12301" x="874" y="285" width="64" height="64"/>
 <SubTexture name="Shape/shape 12303" x="1006" y="483" width="64" height="64"/>
 <SubTexture name="Shape/shape 12305" x="939" y="615" width="64" height="64"/>
 <SubTexture name="Shape/shape 12307" x="1511" y="452" width="64" height="64"/>
 <SubTexture name="Shape/shape 12309" x="1733" y="430" width="64" height="64"/>
 <SubTexture name="Shape/shape 12311" x="1445" y="584" width="64" height="64"/>
 <SubTexture name="Shape/shape 12313" x="1378" y="650" width="64" height="64"/>
 <SubTexture name="Shape/shape 12315" x="528" y="608" width="64" height="64"/>
 <SubTexture name="Shape/shape 12317" x="1313" y="518" width="64" height="64"/>
 <SubTexture name="Shape/shape 12319" x="396" y="608" width="64" height="64"/>
 <SubTexture name="Shape/shape 12321" x="1734" y="298" width="64" height="64"/>
 <SubTexture name="Shape/shape 12323" x="1445" y="320" width="64" height="64"/>
 <SubTexture name="Shape/shape 12325" x="1800" y="232" width="64" height="64"/>
 <SubTexture name="Shape/shape 12327" x="1799" y="496" width="64" height="64"/>
 <SubTexture name="Shape/shape 12329" x="874" y="549" width="64" height="64"/>
 <SubTexture name="Shape/shape 12331" x="1138" y="549" width="64" height="64"/>
 <SubTexture name="Shape/shape 12333" x="1734" y="232" width="64" height="64"/>
 <SubTexture name="Shape/shape 12335" x="1006" y="219" width="64" height="64"/>
 <SubTexture name="Shape/shape 12337" x="1005" y="615" width="64" height="64"/>
 <SubTexture name="Shape/shape 12339" x="940" y="483" width="64" height="64"/>
 <SubTexture name="Shape/shape 12341" x="1511" y="386" width="64" height="64"/>
 <SubTexture name="Shape/shape 12343" x="1929" y="394" width="64" height="64"/>
 <SubTexture name="Shape/shape 12345" x="1601" y="430" width="64" height="64"/>
 <SubTexture name="Shape/shape 12347" x="1379" y="452" width="64" height="64"/>
 <SubTexture name="Shape/shape 12349" x="1313" y="584" width="64" height="64"/>
 <SubTexture name="Shape/shape 12351" x="1379" y="320" width="64" height="64"/>
 <SubTexture name="Shape/shape 12353" x="594" y="608" width="64" height="64"/>
 <SubTexture name="Shape/shape 12355" x="1800" y="364" width="64" height="64"/>
 <SubTexture name="Shape/shape 12357" x="1602" y="364" width="64" height="64"/>
 <SubTexture name="Shape/shape 12359" x="1668" y="298" width="64" height="64"/>
 <SubTexture name="Shape/shape 12367" x="1246" y="650" width="64" height="64"/>
 <SubTexture name="Shape/shape 12369" x="1511" y="584" width="64" height="64"/>
 <SubTexture name="Shape/shape 12371" x="1734" y="364" width="64" height="64"/>
 <SubTexture name="Shape/shape 12373" x="1313" y="452" width="64" height="64"/>
 <SubTexture name="Shape/shape 12375" x="1709" y="628" width="64" height="64"/>
 <SubTexture name="Shape/shape 12377" x="1929" y="328" width="64" height="64"/>
 <SubTexture name="Shape/shape 12379" x="1138" y="483" width="64" height="64"/>
 <SubTexture name="Shape/shape 12381" x="1657" y="562" width="64" height="64"/>
 <SubTexture name="Shape/shape 12383" x="1841" y="662" width="64" height="64"/>
 <SubTexture name="Shape/shape 12385" x="1668" y="232" width="64" height="64"/>
 <SubTexture name="Shape/shape 12387" x="874" y="351" width="64" height="64"/>
 <SubTexture name="Shape/shape 12389" x="940" y="417" width="64" height="64"/>
 <SubTexture name="Shape/shape 12391" x="1138" y="285" width="64" height="64"/>
 <SubTexture name="Shape/shape 12393" x="1928" y="460" width="64" height="64"/>
 <SubTexture name="Shape/shape 12395" x="1006" y="549" width="64" height="64"/>
 <SubTexture name="Shape/shape 12397" x="1800" y="298" width="64" height="64"/>
 <SubTexture name="Shape/shape 12399" x="1138" y="351" width="64" height="64"/>
 <SubTexture name="Shape/shape 12401" x="1312" y="650" width="64" height="64"/>
 <SubTexture name="Shape/shape 12403" x="1510" y="650" width="64" height="64"/>
 <SubTexture name="Shape/shape 12405" x="1137" y="615" width="64" height="64"/>
 <SubTexture name="Shape/shape 12407" x="726" y="608" width="64" height="64"/>
 <SubTexture name="Shape/shape 12409" x="66" y="608" width="64" height="64"/>
 <SubTexture name="Shape/shape 12411" x="330" y="608" width="64" height="64"/>
 <SubTexture name="Shape/shape 12413" x="1445" y="452" width="64" height="64"/>
 <SubTexture name="Shape/shape 12415" x="1313" y="386" width="64" height="64"/>
 <SubTexture name="Shape/shape 12417" x="1511" y="518" width="64" height="64"/>
 <SubTexture name="Shape/shape 12419" x="1379" y="518" width="64" height="64"/>
 <SubTexture name="Shape/shape 12421" x="1379" y="254" width="64" height="64"/>
 <SubTexture name="Shape/shape 12423" x="1444" y="650" width="64" height="64"/>
 <SubTexture name="Shape/shape 12425" x="1072" y="549" width="64" height="64"/>
 <SubTexture name="Shape/shape 12427" x="1006" y="417" width="64" height="64"/>
 <SubTexture name="Shape/shape 12429" x="1445" y="518" width="64" height="64"/>
 <SubTexture name="Shape/shape 12431" x="792" y="608" width="64" height="64"/>
 <SubTexture name="Shape/shape 12433" x="1667" y="496" width="64" height="64"/>
 <SubTexture name="Shape/shape 12435" x="1006" y="351" width="64" height="64"/>
 <SubTexture name="Shape/shape 12437" x="1602" y="298" width="64" height="64"/>
 <SubTexture name="Shape/shape 12439" x="1929" y="262" width="64" height="64"/>
 <SubTexture name="Shape/shape 12441" x="264" y="608" width="64" height="64"/>
 <SubTexture name="Shape/shape 12443" x="462" y="608" width="64" height="64"/>
 <SubTexture name="Shape/shape 12445" x="940" y="549" width="64" height="64"/>
 <SubTexture name="Shape/shape 12453" x="1668" y="364" width="64" height="64"/>
 <SubTexture name="Shape/shape 12455" x="1445" y="386" width="64" height="64"/>
 <SubTexture name="Shape/shape 12457" x="1072" y="417" width="64" height="64"/>
 <SubTexture name="Shape/shape 12459" x="1247" y="452" width="64" height="64"/>
 <SubTexture name="Shape/shape 12461" x="874" y="483" width="64" height="64"/>
 <SubTexture name="Shape/shape 12463" x="1247" y="584" width="64" height="64"/>
 <SubTexture name="Shape/shape 12465" x="874" y="219" width="64" height="64"/>
 <SubTexture name="Shape/shape 12467" x="1602" y="232" width="64" height="64"/>
 <SubTexture name="Shape/shape 12469" x="1072" y="351" width="64" height="64"/>
 <SubTexture name="Shape/shape 12471" x="940" y="219" width="64" height="64"/>
 <SubTexture name="Shape/shape 12473" x="1855" y="596" width="64" height="64"/>
 <SubTexture name="Shape/shape 12475" x="132" y="608" width="64" height="64"/>
 <SubTexture name="Shape/shape 12477" x="1667" y="430" width="64" height="64"/>
 <SubTexture name="Shape/shape 12479" x="1789" y="562" width="64" height="64"/>
 <SubTexture name="Shape/shape 12481" x="1071" y="615" width="64" height="64"/>
 <SubTexture name="Shape/shape 12483" x="940" y="285" width="64" height="64"/>
 <SubTexture name="Shape/shape 12485" x="198" y="608" width="64" height="64"/>
 <SubTexture name="Shape/shape 12487" x="873" y="615" width="64" height="64"/>
 <SubTexture name="Shape/shape 12489" x="1775" y="628" width="64" height="64"/>
 <SubTexture name="Shape/shape 12491" x="1643" y="628" width="64" height="64"/>
 <SubTexture name="Shape/shape 12493" x="874" y="417" width="64" height="64"/>
 <SubTexture name="Shape/shape 12495" x="1138" y="219" width="64" height="64"/>
 <SubTexture name="Shape/shape 12497" x="1247" y="320" width="64" height="64"/>
 <SubTexture name="Shape/shape 12499" x="1313" y="254" width="64" height="64"/>
 <SubTexture name="Shape/shape 12501" x="1445" y="254" width="64" height="64"/>
 <SubTexture name="Shape/shape 12503" x="1577" y="628" width="64" height="64"/>
 <SubTexture name="Shape/shape 12505" x="940" y="351" width="64" height="64"/>
 <SubTexture name="Shape/shape 12507" x="1247" y="254" width="64" height="64"/>
 <SubTexture name="Shape/shape 12509" x="1601" y="496" width="64" height="64"/>
 <SubTexture name="Shape/shape 12511" x="1247" y="386" width="64" height="64"/>
 <SubTexture name="Shape/shape 12513" x="1006" y="285" width="64" height="64"/>
 <SubTexture name="Shape/shape 12515" x="0" y="608" width="64" height="64"/>
 <SubTexture name="Shape/shape 12517" x="1072" y="219" width="64" height="64"/>
 <SubTexture name="Shape/shape 12519" x="1247" y="518" width="64" height="64"/>
 <SubTexture name="Shape/shape 12521" x="1313" y="320" width="64" height="64"/>
 <SubTexture name="Shape/shape 12523" x="660" y="608" width="64" height="64"/>
 <SubTexture name="Shape/shape 12525" x="1921" y="658" width="64" height="64"/>
 <SubTexture name="Shape/shape 12527" x="1072" y="285" width="64" height="64"/>
 <SubTexture name="Shape/shape 12529" x="1928" y="526" width="64" height="64"/>
 <SubTexture name="Shape/shape 12530" x="1511" y="320" width="64" height="64"/>
 <SubTexture name="Shape/shape 12636" x="1652" y="766" width="38" height="38"/>
 <SubTexture name="butCastAir.cont.cont" x="1800" y="734" width="38" height="38"/>
 <SubTexture name="butCast.contMask" x="619" y="674" width="39" height="38"/>
 <SubTexture name="Shape/shape 12698" x="1441" y="716" width="41" height="40"/>
 <SubTexture name="Shape/shape 12700" x="1189" y="681" width="41" height="40"/>
 <SubTexture name="Shape/shape 12702" x="1312" y="716" width="41" height="40"/>
 <SubTexture name="Shape/shape 12704" x="1355" y="716" width="41" height="40"/>
 <SubTexture name="Shape/shape 12706" x="1204" y="261" width="41" height="40"/>
 <SubTexture name="Shape/shape 12708" x="1204" y="429" width="41" height="40"/>
 <SubTexture name="Shape/shape 12710" x="1987" y="690" width="41" height="40"/>
 <SubTexture name="Shape/shape 12712" x="1120" y="711" width="41" height="40"/>
 <SubTexture name="Shape/shape 12714" x="1204" y="555" width="41" height="40"/>
 <SubTexture name="Shape/shape 12716" x="1398" y="716" width="41" height="40"/>
 <SubTexture name="Shape/shape 12719" x="1204" y="513" width="41" height="40"/>
 <SubTexture name="Shape/shape 12721" x="1757" y="694" width="41" height="40"/>
 <SubTexture name="Shape/shape 12723" x="1204" y="387" width="41" height="40"/>
 <SubTexture name="Shape/shape 12725" x="1527" y="716" width="41" height="40"/>
 <SubTexture name="Shape/shape 12727" x="1204" y="345" width="41" height="40"/>
 <SubTexture name="Shape/shape 12729" x="1203" y="639" width="41" height="40"/>
 <SubTexture name="Shape/shape 12731" x="1484" y="716" width="41" height="40"/>
 <SubTexture name="Shape/shape 12733" x="1204" y="471" width="41" height="40"/>
 <SubTexture name="Shape/shape 12735" x="1232" y="716" width="41" height="40"/>
 <SubTexture name="Shape/shape 12737" x="1204" y="303" width="41" height="40"/>
</TextureAtlas>