<dragonBones name="1yrt" frameRate="30" version="2.3">
 <armature name="Golem1VerticalDeath_mc">
  <bone name="Layer 1">
   <transform x="0" y="0" skX="0" skY="0" scX="1" scY="1"/>
  </bone>
  <skin name="default">
   <slot name="Layer 1" parent="Layer 1" z="0">
    <display name="Shape/shape 1720" type="image">
     <transform x="0" y="0" skX="0" skY="0" scX="1" scY="1" pX="49" pY="69"/>
    </display>
    <display name="Shape/shape 1722" type="image">
     <transform x="0" y="0" skX="0" skY="0" scX="1" scY="1" pX="49" pY="69"/>
    </display>
    <display name="Shape/shape 1724" type="image">
     <transform x="0" y="0" skX="0" skY="0" scX="1" scY="1" pX="49" pY="69"/>
    </display>
    <display name="Shape/shape 1726" type="image">
     <transform x="0" y="0" skX="0" skY="0" scX="1" scY="1" pX="49" pY="69"/>
    </display>
    <display name="Shape/shape 1728" type="image">
     <transform x="0" y="0" skX="0" skY="0" scX="1" scY="1" pX="49" pY="69"/>
    </display>
    <display name="Shape/shape 1730" type="image">
     <transform x="0" y="0" skX="0" skY="0" scX="1" scY="1" pX="49" pY="69"/>
    </display>
    <display name="Shape/shape 1732" type="image">
     <transform x="0" y="0" skX="0" skY="0" scX="1" scY="1" pX="49" pY="69"/>
    </display>
    <display name="Shape/shape 1734" type="image">
     <transform x="0" y="0" skX="0" skY="0" scX="1" scY="1" pX="49" pY="69"/>
    </display>
    <display name="Shape/shape 1736" type="image">
     <transform x="0" y="0" skX="0" skY="0" scX="1" scY="1" pX="49" pY="69"/>
    </display>
    <display name="Shape/shape 1738" type="image">
     <transform x="0" y="0" skX="0" skY="0" scX="1" scY="1" pX="49" pY="69"/>
    </display>
    <display name="Shape/shape 1740" type="image">
     <transform x="0" y="0" skX="0" skY="0" scX="1" scY="1" pX="49" pY="69"/>
    </display>
    <display name="Shape/shape 1742" type="image">
     <transform x="0" y="0" skX="0" skY="0" scX="1" scY="1" pX="49" pY="69"/>
    </display>
    <display name="Shape/shape 1744" type="image">
     <transform x="0" y="0" skX="0" skY="0" scX="1" scY="1" pX="49" pY="69"/>
    </display>
    <display name="Shape/shape 1746" type="image">
     <transform x="0" y="0" skX="0" skY="0" scX="1" scY="1" pX="49" pY="69"/>
    </display>
    <display name="Shape/shape 1748" type="image">
     <transform x="0" y="0" skX="0" skY="0" scX="1" scY="1" pX="49" pY="69"/>
    </display>
    <display name="Shape/shape 1750" type="image">
     <transform x="0" y="0" skX="0" skY="0" scX="1" scY="1" pX="49" pY="69"/>
    </display>
    <display name="Shape/shape 1752" type="image">
     <transform x="0" y="0" skX="0" skY="0" scX="1" scY="1" pX="49" pY="69"/>
    </display>
    <display name="Shape/shape 1754" type="image">
     <transform x="0" y="0" skX="0" skY="0" scX="1" scY="1" pX="49" pY="69"/>
    </display>
    <display name="Shape/shape 1756" type="image">
     <transform x="0" y="0" skX="0" skY="0" scX="1" scY="1" pX="49" pY="69"/>
    </display>
    <display name="Shape/shape 1758" type="image">
     <transform x="0" y="0" skX="0" skY="0" scX="1" scY="1" pX="49" pY="69"/>
    </display>
    <display name="Shape/shape 1760" type="image">
     <transform x="0" y="0" skX="0" skY="0" scX="1" scY="1" pX="49" pY="69"/>
    </display>
    <display name="Shape/shape 1762" type="image">
     <transform x="0" y="0" skX="0" skY="0" scX="1" scY="1" pX="49" pY="69"/>
    </display>
    <display name="Shape/shape 1764" type="image">
     <transform x="0" y="0" skX="0" skY="0" scX="1" scY="1" pX="49" pY="69"/>
    </display>
    <display name="Shape/shape 1766" type="image">
     <transform x="0" y="0" skX="0" skY="0" scX="1" scY="1" pX="49" pY="69"/>
    </display>
    <display name="Shape/shape 1768" type="image">
     <transform x="0" y="0" skX="0" skY="0" scX="1" scY="1" pX="49" pY="69"/>
    </display>
    <display name="Shape/shape 1770" type="image">
     <transform x="0" y="0" skX="0" skY="0" scX="1" scY="1" pX="49" pY="69"/>
    </display>
    <display name="Shape/shape 1772" type="image">
     <transform x="0" y="0" skX="0" skY="0" scX="1" scY="1" pX="49" pY="69"/>
    </display>
    <display name="Shape/shape 1774" type="image">
     <transform x="0" y="0" skX="0" skY="0" scX="1" scY="1" pX="49" pY="69"/>
    </display>
    <display name="Shape/shape 1776" type="image">
     <transform x="0" y="0" skX="0" skY="0" scX="1" scY="1" pX="49" pY="69"/>
    </display>
    <display name="Shape/shape 1778" type="image">
     <transform x="0" y="0" skX="0" skY="0" scX="1" scY="1" pX="49" pY="69"/>
    </display>
   </slot>
  </skin>
  <animation name="Golem1VerticalDeath_mc" fadeInTime="0.3" duration="46" scale="1" loop="1" autoTween="1" tweenEasing="NaN">
   <timeline name="Layer 1" scale="1" offset="0">
    <frame z="0" duration="1">
     <transform x="0" y="0" skX="0" skY="0" scX="1" scY="1" pX="0" pY="0"/>
    </frame>
    <frame z="0" displayIndex="1" duration="1">
     <transform x="0" y="0" skX="0" skY="0" scX="1" scY="1" pX="0" pY="0"/>
    </frame>
    <frame z="0" displayIndex="2" duration="1">
     <transform x="0" y="0" skX="0" skY="0" scX="1" scY="1" pX="0" pY="0"/>
    </frame>
    <frame z="0" displayIndex="3" duration="1">
     <transform x="0" y="0" skX="0" skY="0" scX="1" scY="1" pX="0" pY="0"/>
    </frame>
    <frame z="0" displayIndex="4" duration="1">
     <transform x="0" y="0" skX="0" skY="0" scX="1" scY="1" pX="0" pY="0"/>
    </frame>
    <frame z="0" displayIndex="5" duration="1">
     <transform x="0" y="0" skX="0" skY="0" scX="1" scY="1" pX="0" pY="0"/>
    </frame>
    <frame z="0" displayIndex="6" duration="1">
     <transform x="0" y="0" skX="0" skY="0" scX="1" scY="1" pX="0" pY="0"/>
    </frame>
    <frame z="0" displayIndex="7" duration="1">
     <transform x="0" y="0" skX="0" skY="0" scX="1" scY="1" pX="0" pY="0"/>
    </frame>
    <frame z="0" displayIndex="8" duration="1">
     <transform x="0" y="0" skX="0" skY="0" scX="1" scY="1" pX="0" pY="0"/>
    </frame>
    <frame z="0" displayIndex="9" duration="1">
     <transform x="0" y="0" skX="0" skY="0" scX="1" scY="1" pX="0" pY="0"/>
    </frame>
    <frame z="0" displayIndex="10" duration="1">
     <transform x="0" y="0" skX="0" skY="0" scX="1" scY="1" pX="0" pY="0"/>
    </frame>
    <frame z="0" displayIndex="11" duration="1">
     <transform x="0" y="0" skX="0" skY="0" scX="1" scY="1" pX="0" pY="0"/>
    </frame>
    <frame z="0" displayIndex="12" duration="1">
     <transform x="0" y="0" skX="0" skY="0" scX="1" scY="1" pX="0" pY="0"/>
    </frame>
    <frame z="0" displayIndex="13" duration="1">
     <transform x="0" y="0" skX="0" skY="0" scX="1" scY="1" pX="0" pY="0"/>
    </frame>
    <frame z="0" displayIndex="14" duration="1">
     <transform x="0" y="0" skX="0" skY="0" scX="1" scY="1" pX="0" pY="0"/>
    </frame>
    <frame z="0" displayIndex="15" duration="2">
     <transform x="0" y="0" skX="0" skY="0" scX="1" scY="1" pX="0" pY="0"/>
    </frame>
    <frame z="0" displayIndex="16" duration="2">
     <transform x="0" y="0" skX="0" skY="0" scX="1" scY="1" pX="0" pY="0"/>
    </frame>
    <frame z="0" displayIndex="17" duration="2">
     <transform x="0" y="0" skX="0" skY="0" scX="1" scY="1" pX="0" pY="0"/>
    </frame>
    <frame z="0" displayIndex="18" duration="2">
     <transform x="0" y="0" skX="0" skY="0" scX="1" scY="1" pX="0" pY="0"/>
    </frame>
    <frame z="0" displayIndex="19" duration="2">
     <transform x="0" y="0" skX="0" skY="0" scX="1" scY="1" pX="0" pY="0"/>
    </frame>
    <frame z="0" displayIndex="20" duration="2">
     <transform x="0" y="0" skX="0" skY="0" scX="1" scY="1" pX="0" pY="0"/>
    </frame>
    <frame z="0" displayIndex="21" duration="2">
     <transform x="0" y="0" skX="0" skY="0" scX="1" scY="1" pX="0" pY="0"/>
    </frame>
    <frame z="0" displayIndex="22" duration="2">
     <transform x="0" y="0" skX="0" skY="0" scX="1" scY="1" pX="0" pY="0"/>
    </frame>
    <frame z="0" displayIndex="23" duration="2">
     <transform x="0" y="0" skX="0" skY="0" scX="1" scY="1" pX="0" pY="0"/>
    </frame>
    <frame z="0" displayIndex="24" duration="2">
     <transform x="0" y="0" skX="0" skY="0" scX="1" scY="1" pX="0" pY="0"/>
    </frame>
    <frame z="0" displayIndex="25" duration="2">
     <transform x="0" y="0" skX="0" skY="0" scX="1" scY="1" pX="0" pY="0"/>
    </frame>
    <frame z="0" displayIndex="26" duration="2">
     <transform x="0" y="0" skX="0" skY="0" scX="1" scY="1" pX="0" pY="0"/>
    </frame>
    <frame z="0" displayIndex="27" duration="2">
     <transform x="0" y="0" skX="0" skY="0" scX="1" scY="1" pX="0" pY="0"/>
    </frame>
    <frame z="0" displayIndex="28" duration="2">
     <transform x="0" y="0" skX="0" skY="0" scX="1" scY="1" pX="0" pY="0"/>
    </frame>
    <frame z="0" displayIndex="29" duration="2">
     <transform x="0" y="0" skX="0" skY="0" scX="1" scY="1" pX="0" pY="0"/>
    </frame>
    <frame z="0" displayIndex="29" duration="1">
     <transform x="0" y="0" skX="0" skY="0" scX="0.01" scY="0.01" pX="0" pY="0"/>
     <colorTransform aO="0" rO="0" gO="0" bO="0" aM="0" rM="100" gM="100" bM="100"/>
    </frame>
   </timeline>
  </animation>
 </armature>
</dragonBones>