<root name="Golem1VerticalDeath_mc" isGlobal="0" frameRate="30" version="3.0">
 <armature name="Golem1VerticalDeath_mc">
  <skin name="default">
   <slot name="cont" z="0" parent="cont">
    <display name="Shape/shape 1720" type="image">
     <transform scX="1" x="0" scY="1" y="0" pX="49" pY="69" skX="0" skY="0"/>
    </display>
    <display name="Shape/shape 1722" type="image">
     <transform scX="1" x="0" scY="1" y="0" pX="49" pY="69" skX="0" skY="0"/>
    </display>
    <display name="Shape/shape 1724" type="image">
     <transform scX="1" x="0" scY="1" y="0" pX="49" pY="69" skX="0" skY="0"/>
    </display>
    <display name="Shape/shape 1726" type="image">
     <transform scX="1" x="0" scY="1" y="0" pX="49" pY="69" skX="0" skY="0"/>
    </display>
    <display name="Shape/shape 1728" type="image">
     <transform scX="1" x="0" scY="1" y="0" pX="49" pY="69" skX="0" skY="0"/>
    </display>
    <display name="Shape/shape 1730" type="image">
     <transform scX="1" x="0" scY="1" y="0" pX="49" pY="69" skX="0" skY="0"/>
    </display>
    <display name="Shape/shape 1732" type="image">
     <transform scX="1" x="0" scY="1" y="0" pX="49" pY="69" skX="0" skY="0"/>
    </display>
    <display name="Shape/shape 1734" type="image">
     <transform scX="1" x="0" scY="1" y="0" pX="49" pY="69" skX="0" skY="0"/>
    </display>
    <display name="Shape/shape 1736" type="image">
     <transform scX="1" x="0" scY="1" y="0" pX="49" pY="69" skX="0" skY="0"/>
    </display>
    <display name="Shape/shape 1738" type="image">
     <transform scX="1" x="0" scY="1" y="0" pX="49" pY="69" skX="0" skY="0"/>
    </display>
    <display name="Shape/shape 1740" type="image">
     <transform scX="1" x="0" scY="1" y="0" pX="49" pY="69" skX="0" skY="0"/>
    </display>
    <display name="Shape/shape 1742" type="image">
     <transform scX="1" x="0" scY="1" y="0" pX="49" pY="69" skX="0" skY="0"/>
    </display>
    <display name="Shape/shape 1744" type="image">
     <transform scX="1" x="0" scY="1" y="0" pX="49" pY="69" skX="0" skY="0"/>
    </display>
    <display name="Shape/shape 1746" type="image">
     <transform scX="1" x="0" scY="1" y="0" pX="49" pY="69" skX="0" skY="0"/>
    </display>
    <display name="Shape/shape 1748" type="image">
     <transform scX="1" x="0" scY="1" y="0" pX="49" pY="69" skX="0" skY="0"/>
    </display>
    <display name="Shape/shape 1750" type="image">
     <transform scX="1" x="0" scY="1" y="0" pX="49" pY="69" skX="0" skY="0"/>
    </display>
    <display name="Shape/shape 1752" type="image">
     <transform scX="1" x="0" scY="1" y="0" pX="49" pY="69" skX="0" skY="0"/>
    </display>
    <display name="Shape/shape 1754" type="image">
     <transform scX="1" x="0" scY="1" y="0" pX="49" pY="69" skX="0" skY="0"/>
    </display>
    <display name="Shape/shape 1756" type="image">
     <transform scX="1" x="0" scY="1" y="0" pX="49" pY="69" skX="0" skY="0"/>
    </display>
    <display name="Shape/shape 1758" type="image">
     <transform scX="1" x="0" scY="1" y="0" pX="49" pY="69" skX="0" skY="0"/>
    </display>
    <display name="Shape/shape 1760" type="image">
     <transform scX="1" x="0" scY="1" y="0" pX="49" pY="69" skX="0" skY="0"/>
    </display>
    <display name="Shape/shape 1762" type="image">
     <transform scX="1" x="0" scY="1" y="0" pX="49" pY="69" skX="0" skY="0"/>
    </display>
    <display name="Shape/shape 1764" type="image">
     <transform scX="1" x="0" scY="1" y="0" pX="49" pY="69" skX="0" skY="0"/>
    </display>
    <display name="Shape/shape 1766" type="image">
     <transform scX="1" x="0" scY="1" y="0" pX="49" pY="69" skX="0" skY="0"/>
    </display>
    <display name="Shape/shape 1768" type="image">
     <transform scX="1" x="0" scY="1" y="0" pX="49" pY="69" skX="0" skY="0"/>
    </display>
    <display name="Shape/shape 1770" type="image">
     <transform scX="1" x="0" scY="1" y="0" pX="49" pY="69" skX="0" skY="0"/>
    </display>
    <display name="Shape/shape 1772" type="image">
     <transform scX="1" x="0" scY="1" y="0" pX="49" pY="69" skX="0" skY="0"/>
    </display>
    <display name="Shape/shape 1774" type="image">
     <transform scX="1" x="0" scY="1" y="0" pX="49" pY="69" skX="0" skY="0"/>
    </display>
    <display name="Shape/shape 1776" type="image">
     <transform scX="1" x="0" scY="1" y="0" pX="49" pY="69" skX="0" skY="0"/>
    </display>
    <display name="Shape/shape 1778" type="image">
     <transform scX="1" x="0" scY="1" y="0" pX="49" pY="69" skX="0" skY="0"/>
    </display>
   </slot>
  </skin>
  <bone name="cont">
   <transform scX="1" x="0" skX="0" scY="1" y="0" skY="0"/>
  </bone>
  <animation fadeInTime="0.3" scale="1" loop="1" autoTween="NaN" name="Golem1VerticalDeath_mc" duration="46" tweenEasing="NaN">
   <timeline pX="0" name="cont" pY="0" scale="1" offset="0">
    <frame z="0" duration="1">
     <transform scX="1" x="0" scY="1" y="0" pX="0" pY="0" skX="0" skY="0"/>
    </frame>
    <frame displayIndex="1" z="0" duration="1">
     <transform scX="1" x="0" scY="1" y="0" pX="0" pY="0" skX="0" skY="0"/>
    </frame>
    <frame displayIndex="2" z="0" duration="1">
     <transform scX="1" x="0" scY="1" y="0" pX="0" pY="0" skX="0" skY="0"/>
    </frame>
    <frame displayIndex="3" z="0" duration="1">
     <transform scX="1" x="0" scY="1" y="0" pX="0" pY="0" skX="0" skY="0"/>
    </frame>
    <frame displayIndex="4" z="0" duration="1">
     <transform scX="1" x="0" scY="1" y="0" pX="0" pY="0" skX="0" skY="0"/>
    </frame>
    <frame displayIndex="5" z="0" duration="1">
     <transform scX="1" x="0" scY="1" y="0" pX="0" pY="0" skX="0" skY="0"/>
    </frame>
    <frame displayIndex="6" z="0" duration="1">
     <transform scX="1" x="0" scY="1" y="0" pX="0" pY="0" skX="0" skY="0"/>
    </frame>
    <frame displayIndex="7" z="0" duration="1">
     <transform scX="1" x="0" scY="1" y="0" pX="0" pY="0" skX="0" skY="0"/>
    </frame>
    <frame displayIndex="8" z="0" duration="1">
     <transform scX="1" x="0" scY="1" y="0" pX="0" pY="0" skX="0" skY="0"/>
    </frame>
    <frame displayIndex="9" z="0" duration="1">
     <transform scX="1" x="0" scY="1" y="0" pX="0" pY="0" skX="0" skY="0"/>
    </frame>
    <frame displayIndex="10" z="0" duration="1">
     <transform scX="1" x="0" scY="1" y="0" pX="0" pY="0" skX="0" skY="0"/>
    </frame>
    <frame displayIndex="11" z="0" duration="1">
     <transform scX="1" x="0" scY="1" y="0" pX="0" pY="0" skX="0" skY="0"/>
    </frame>
    <frame displayIndex="12" z="0" duration="1">
     <transform scX="1" x="0" scY="1" y="0" pX="0" pY="0" skX="0" skY="0"/>
    </frame>
    <frame displayIndex="13" z="0" duration="1">
     <transform scX="1" x="0" scY="1" y="0" pX="0" pY="0" skX="0" skY="0"/>
    </frame>
    <frame displayIndex="14" z="0" duration="1">
     <transform scX="1" x="0" scY="1" y="0" pX="0" pY="0" skX="0" skY="0"/>
    </frame>
    <frame displayIndex="15" z="0" duration="2">
     <transform scX="1" x="0" scY="1" y="0" pX="0" pY="0" skX="0" skY="0"/>
    </frame>
    <frame displayIndex="16" z="0" duration="2">
     <transform scX="1" x="0" scY="1" y="0" pX="0" pY="0" skX="0" skY="0"/>
    </frame>
    <frame displayIndex="17" z="0" duration="2">
     <transform scX="1" x="0" scY="1" y="0" pX="0" pY="0" skX="0" skY="0"/>
    </frame>
    <frame displayIndex="18" z="0" duration="2">
     <transform scX="1" x="0" scY="1" y="0" pX="0" pY="0" skX="0" skY="0"/>
    </frame>
    <frame displayIndex="19" z="0" duration="2">
     <transform scX="1" x="0" scY="1" y="0" pX="0" pY="0" skX="0" skY="0"/>
    </frame>
    <frame displayIndex="20" z="0" duration="2">
     <transform scX="1" x="0" scY="1" y="0" pX="0" pY="0" skX="0" skY="0"/>
    </frame>
    <frame displayIndex="21" z="0" duration="2">
     <transform scX="1" x="0" scY="1" y="0" pX="0" pY="0" skX="0" skY="0"/>
    </frame>
    <frame displayIndex="22" z="0" duration="2">
     <transform scX="1" x="0" scY="1" y="0" pX="0" pY="0" skX="0" skY="0"/>
    </frame>
    <frame displayIndex="23" z="0" duration="2">
     <transform scX="1" x="0" scY="1" y="0" pX="0" pY="0" skX="0" skY="0"/>
    </frame>
    <frame displayIndex="24" z="0" duration="2">
     <transform scX="1" x="0" scY="1" y="0" pX="0" pY="0" skX="0" skY="0"/>
    </frame>
    <frame displayIndex="25" z="0" duration="2">
     <transform scX="1" x="0" scY="1" y="0" pX="0" pY="0" skX="0" skY="0"/>
    </frame>
    <frame displayIndex="26" z="0" duration="2">
     <transform scX="1" x="0" scY="1" y="0" pX="0" pY="0" skX="0" skY="0"/>
    </frame>
    <frame displayIndex="27" z="0" duration="2">
     <transform scX="1" x="0" scY="1" y="0" pX="0" pY="0" skX="0" skY="0"/>
    </frame>
    <frame displayIndex="28" z="0" duration="2">
     <transform scX="1" x="0" scY="1" y="0" pX="0" pY="0" skX="0" skY="0"/>
    </frame>
    <frame displayIndex="29" z="0" duration="2">
     <transform scX="1" x="0" scY="1" y="0" pX="0" pY="0" skX="0" skY="0"/>
    </frame>
    <frame displayIndex="29" z="0" duration="1">
     <transform scX="1" x="0" scY="1" y="0" pX="0" pY="0" skX="0" skY="0"/>
    </frame>
   </timeline>
  </animation>
 </armature>
</root>