<TextureAtlas name="Golem1VerticalDeath_mc" imagePath="texture.png">
 <SubTexture name="Shape/shape 1720" x="270" y="0" width="88" height="88"/>
 <SubTexture name="Shape/shape 1722" x="180" y="0" width="88" height="88"/>
 <SubTexture name="Shape/shape 1724" x="90" y="180" width="88" height="88"/>
 <SubTexture name="Shape/shape 1726" x="270" y="180" width="88" height="88"/>
 <SubTexture name="Shape/shape 1728" x="270" y="450" width="88" height="88"/>
 <SubTexture name="Shape/shape 1730" x="0" y="90" width="88" height="88"/>
 <SubTexture name="Shape/shape 1732" x="90" y="450" width="88" height="88"/>
 <SubTexture name="Shape/shape 1734" x="360" y="360" width="88" height="88"/>
 <SubTexture name="Shape/shape 1736" x="0" y="180" width="88" height="88"/>
 <SubTexture name="Shape/shape 1738" x="360" y="270" width="88" height="88"/>
 <SubTexture name="Shape/shape 1740" x="0" y="0" width="88" height="88"/>
 <SubTexture name="Shape/shape 1742" x="360" y="450" width="88" height="88"/>
 <SubTexture name="Shape/shape 1744" x="180" y="90" width="88" height="88"/>
 <SubTexture name="Shape/shape 1746" x="0" y="450" width="88" height="88"/>
 <SubTexture name="Shape/shape 1748" x="180" y="180" width="88" height="88"/>
 <SubTexture name="Shape/shape 1750" x="270" y="270" width="88" height="88"/>
 <SubTexture name="Shape/shape 1752" x="0" y="360" width="88" height="88"/>
 <SubTexture name="Shape/shape 1754" x="360" y="90" width="88" height="88"/>
 <SubTexture name="Shape/shape 1756" x="180" y="360" width="88" height="88"/>
 <SubTexture name="Shape/shape 1758" x="270" y="360" width="88" height="88"/>
 <SubTexture name="Shape/shape 1760" x="0" y="270" width="88" height="88"/>
 <SubTexture name="Shape/shape 1762" x="180" y="450" width="88" height="88"/>
 <SubTexture name="Shape/shape 1764" x="360" y="180" width="88" height="88"/>
 <SubTexture name="Shape/shape 1766" x="90" y="90" width="88" height="88"/>
 <SubTexture name="Shape/shape 1768" x="270" y="90" width="88" height="88"/>
 <SubTexture name="Shape/shape 1770" x="90" y="270" width="88" height="88"/>
 <SubTexture name="Shape/shape 1772" x="360" y="0" width="88" height="88"/>
 <SubTexture name="Shape/shape 1774" x="180" y="270" width="88" height="88"/>
 <SubTexture name="Shape/shape 1776" x="90" y="0" width="88" height="88"/>
 <SubTexture name="Shape/shape 1778" x="90" y="360" width="88" height="88"/>
</TextureAtlas>