<root name="Training_7_mc" isGlobal="0" frameRate="30" version="3.0">
 <armature name="Training_7_mc">
  <skin name="default">
   <slot name="Layer 1" z="0" parent="Layer 1">
    <display name="Shape/shape 2308" type="image">
     <transform scX="1" x="0" scY="1" y="0" pX="28" pY="23" skX="0" skY="0"/>
    </display>
    <display name="Shape/shape 2310" type="image">
     <transform scX="1" x="0" scY="1" y="0" pX="28" pY="23" skX="0" skY="0"/>
    </display>
    <display name="Shape/shape 2312" type="image">
     <transform scX="1" x="0" scY="1" y="0" pX="28" pY="23" skX="0" skY="0"/>
    </display>
    <display name="Shape/shape 2314" type="image">
     <transform scX="1" x="0" scY="1" y="0" pX="28" pY="23" skX="0" skY="0"/>
    </display>
    <display name="Shape/shape 2316" type="image">
     <transform scX="1" x="0" scY="1" y="0" pX="28" pY="23" skX="0" skY="0"/>
    </display>
    <display name="Shape/shape 2318" type="image">
     <transform scX="1" x="0" scY="1" y="0" pX="28" pY="23" skX="0" skY="0"/>
    </display>
    <display name="Shape/shape 2322" type="image">
     <transform scX="1" x="0" scY="1" y="0" pX="28" pY="23" skX="0" skY="0"/>
    </display>
    <display name="Shape/shape 2324" type="image">
     <transform scX="1" x="0" scY="1" y="0" pX="28" pY="23" skX="0" skY="0"/>
    </display>
    <display name="Shape/shape 2326" type="image">
     <transform scX="1" x="0" scY="1" y="0" pX="28" pY="23" skX="0" skY="0"/>
    </display>
    <display name="Shape/shape 2328" type="image">
     <transform scX="1" x="0" scY="1" y="0" pX="28" pY="23" skX="0" skY="0"/>
    </display>
    <display name="Shape/shape 2329" type="image">
     <transform scX="1" x="0" scY="1" y="0" pX="28" pY="23" skX="0" skY="0"/>
    </display>
    <display name="Shape/shape 2331" type="image">
     <transform scX="1" x="0" scY="1" y="0" pX="28" pY="23" skX="0" skY="0"/>
    </display>
    <display name="Shape/shape 2334" type="image">
     <transform scX="1" x="0" scY="1" y="0" pX="28" pY="23" skX="0" skY="0"/>
    </display>
    <display name="Shape/shape 2336" type="image">
     <transform scX="1" x="0" scY="1" y="0" pX="28" pY="23" skX="0" skY="0"/>
    </display>
    <display name="Shape/shape 2338" type="image">
     <transform scX="1" x="0" scY="1" y="0" pX="28" pY="23" skX="0" skY="0"/>
    </display>
   </slot>
   <slot name="Layer 2" z="1" parent="Layer 2">
    <display name="补间 30" type="image">
     <transform scX="1" x="0" scY="1" y="0" pX="3.5" pY="3.8" skX="0" skY="0"/>
    </display>
    <display name="补间 31" type="image">
     <transform scX="1" x="0" scY="1" y="0" pX="11.4" pY="12.35" skX="0" skY="0"/>
    </display>
    <display name="补间 37" type="image">
     <transform scX="1" x="0" scY="1" y="0" pX="11.3" pY="12.2" skX="0" skY="0"/>
    </display>
    <display name="补间 36" type="image">
     <transform scX="1" x="0" scY="1" y="0" pX="11.3" pY="12.2" skX="0" skY="0"/>
    </display>
    <display name="补间 35" type="image">
     <transform scX="1" x="0" scY="1" y="0" pX="11.35" pY="12.25" skX="0" skY="0"/>
    </display>
    <display name="补间 34" type="image">
     <transform scX="1" x="0" scY="1" y="0" pX="11.4" pY="12.35" skX="0" skY="0"/>
    </display>
    <display name="补间 32" type="image">
     <transform scX="1" x="0" scY="1" y="0" pX="11.35" pY="12.25" skX="0" skY="0"/>
    </display>
    <display name="补间 33" type="image">
     <transform scX="1" x="0" scY="1" y="0" pX="11.3" pY="12.2" skX="0" skY="0"/>
    </display>
   </slot>
  </skin>
  <bone name="Layer 1">
   <transform scX="1" x="-4" skX="0" scY="1" y="0" skY="0"/>
  </bone>
  <bone name="Layer 2">
   <transform scX="1" x="-22.6" skX="0" scY="1" y="12.4" skY="0"/>
  </bone>
  <animation fadeInTime="0.3" scale="1" loop="1" autoTween="NaN" name="Training_7_mc" duration="27" tweenEasing="NaN">
   <timeline pX="0" name="Layer 1" pY="0" scale="1" offset="0">
    <frame z="0" duration="1">
     <transform scX="1" x="0" scY="1" y="0" pX="0" pY="0" skX="0" skY="0"/>
    </frame>
    <frame displayIndex="1" z="0" duration="1">
     <transform scX="1" x="0" scY="1" y="0" pX="0" pY="0" skX="0" skY="0"/>
    </frame>
    <frame displayIndex="2" z="0" duration="1">
     <transform scX="1" x="0" scY="1" y="0" pX="0" pY="0" skX="0" skY="0"/>
    </frame>
    <frame displayIndex="3" z="0" duration="1">
     <transform scX="1" x="0" scY="1" y="0" pX="0" pY="0" skX="0" skY="0"/>
    </frame>
    <frame displayIndex="4" z="0" duration="1">
     <transform scX="1" x="0" scY="1" y="0" pX="0" pY="0" skX="0" skY="0"/>
    </frame>
    <frame displayIndex="5" z="0" duration="1">
     <transform scX="1" x="0" scY="1" y="0" pX="0" pY="0" skX="0" skY="0"/>
    </frame>
    <frame displayIndex="6" z="0" duration="1">
     <transform scX="1" x="0" scY="1" y="0" pX="0" pY="0" skX="0" skY="0"/>
    </frame>
    <frame displayIndex="7" z="0" duration="1">
     <transform scX="1" x="0" scY="1" y="0" pX="0" pY="0" skX="0" skY="0"/>
    </frame>
    <frame displayIndex="8" z="0" duration="1">
     <transform scX="1" x="0" scY="1" y="0" pX="0" pY="0" skX="0" skY="0"/>
    </frame>
    <frame displayIndex="9" z="0" duration="1">
     <transform scX="1" x="0" scY="1" y="0" pX="0" pY="0" skX="0" skY="0"/>
    </frame>
    <frame displayIndex="10" z="0" duration="1">
     <transform scX="1" x="0" scY="1" y="0" pX="0" pY="0" skX="0" skY="0"/>
    </frame>
    <frame displayIndex="11" z="0" duration="3">
     <transform scX="1" x="0" scY="1" y="0" pX="0" pY="0" skX="0" skY="0"/>
    </frame>
    <frame displayIndex="10" z="0" duration="2">
     <transform scX="1" x="0" scY="1" y="0" pX="0" pY="0" skX="0" skY="0"/>
    </frame>
    <frame displayIndex="9" z="0" duration="3">
     <transform scX="1" x="0" scY="1" y="0" pX="0" pY="0" skX="0" skY="0"/>
    </frame>
    <frame displayIndex="10" z="0" duration="2">
     <transform scX="1" x="0" scY="1" y="0" pX="0" pY="0" skX="0" skY="0"/>
    </frame>
    <frame displayIndex="11" z="0" duration="2">
     <transform scX="1" x="0" scY="1" y="0" pX="0" pY="0" skX="0" skY="0"/>
    </frame>
    <frame displayIndex="12" z="0" duration="1">
     <transform scX="1" x="0" scY="1" y="0" pX="0" pY="0" skX="0" skY="0"/>
    </frame>
    <frame displayIndex="13" z="0" duration="1">
     <transform scX="1" x="0" scY="1" y="0" pX="0" pY="0" skX="0" skY="0"/>
    </frame>
    <frame displayIndex="14" z="0" duration="1">
     <transform scX="1" x="0" scY="1" y="0" pX="0" pY="0" skX="0" skY="0"/>
    </frame>
    <frame displayIndex="14" z="0" duration="1">
     <transform scX="1" x="0" scY="1" y="0" pX="0" pY="0" skX="0" skY="0"/>
    </frame>
   </timeline>
   <timeline pX="0" name="Layer 2" pY="0" scale="1" offset="0">
    <frame displayIndex="-1" duration="5"/>
    <frame z="0" duration="4" tweenEasing="0">
     <transform scX="1" x="0" scY="1" y="0" pX="0" pY="0" skX="0" skY="0"/>
    </frame>
    <frame z="0" displayIndex="1" duration="2" tweenEasing="0">
     <transform scX="1" x="13.900000000000002" scY="1" y="-16.2" pX="0" pY="0" skX="0" skY="0"/>
    </frame>
    <frame displayIndex="2" z="0" duration="1">
     <transform scX="1" x="12.950000000000001" scY="1" y="-14.3" pX="0" pY="0" skX="0" skY="0"/>
    </frame>
    <frame z="0" displayIndex="3" duration="2" tweenEasing="0">
     <transform scX="1" x="12.150000000000002" scY="1" y="-14.25" pX="0" pY="0" skX="0" skY="0"/>
    </frame>
    <frame z="0" displayIndex="4" duration="3" tweenEasing="0">
     <transform scX="1" x="15.200000000000001" scY="1" y="-14.8" pX="0" pY="0" skX="0" skY="0"/>
    </frame>
    <frame z="0" displayIndex="5" duration="3" tweenEasing="0">
     <transform scX="1" x="15.650000000000002" scY="1" y="-15.7" pX="0" pY="0" skX="0" skY="0"/>
    </frame>
    <frame z="0" displayIndex="6" duration="2" tweenEasing="0">
     <transform scX="1" x="15.450000000000001" scY="1" y="-14.8" pX="0" pY="0" skX="0" skY="0"/>
    </frame>
    <frame displayIndex="7" z="0" duration="1">
     <transform scX="1" x="16.650000000000002" scY="1" y="-14.25" pX="0" pY="0" skX="0" skY="0"/>
    </frame>
    <frame displayIndex="-1" duration="4"/>
   </timeline>
  </animation>
 </armature>
</root>