<TextureAtlas name="Training_7_mc" imagePath="texture.png">
 <SubTexture name="Shape/shape 2308" x="66" y="147" width="65" height="47"/>
 <SubTexture name="Shape/shape 2310" x="0" y="0" width="65" height="47"/>
 <SubTexture name="Shape/shape 2312" x="132" y="0" width="65" height="47"/>
 <SubTexture name="Shape/shape 2314" x="132" y="49" width="65" height="47"/>
 <SubTexture name="Shape/shape 2316" x="132" y="147" width="65" height="47"/>
 <SubTexture name="Shape/shape 2318" x="0" y="98" width="65" height="47"/>
 <SubTexture name="Shape/shape 2322" x="0" y="196" width="65" height="47"/>
 <SubTexture name="Shape/shape 2324" x="132" y="98" width="65" height="47"/>
 <SubTexture name="Shape/shape 2326" x="66" y="0" width="65" height="47"/>
 <SubTexture name="Shape/shape 2328" x="66" y="98" width="65" height="47"/>
 <SubTexture name="Shape/shape 2329" x="66" y="196" width="65" height="47"/>
 <SubTexture name="Shape/shape 2331" x="0" y="147" width="65" height="47"/>
 <SubTexture name="Shape/shape 2334" x="66" y="49" width="65" height="47"/>
 <SubTexture name="Shape/shape 2336" x="132" y="196" width="65" height="47"/>
 <SubTexture name="Shape/shape 2338" x="0" y="49" width="65" height="47"/>
 <SubTexture name="补间 30" x="246" y="0" width="7" height="8"/>
 <SubTexture name="补间 31" x="198" y="0" width="23" height="25"/>
 <SubTexture name="补间 37" x="198" y="52" width="23" height="25"/>
 <SubTexture name="补间 36" x="198" y="78" width="23" height="25"/>
 <SubTexture name="补间 35" x="222" y="26" width="23" height="25"/>
 <SubTexture name="补间 34" x="222" y="0" width="23" height="25"/>
 <SubTexture name="补间 32" x="198" y="26" width="23" height="25"/>
 <SubTexture name="补间 33" x="222" y="52" width="23" height="25"/>
</TextureAtlas>