<dragonBones name="1yrt" frameRate="30" version="2.3">
 <armature name="LevinSphere">
  <bone name="Layer 1">
   <transform x="0" y="0" skX="0" skY="0" scX="1" scY="1"/>
  </bone>
  <bone name="Layer 2">
   <transform x="0.2" y="-3.2" skX="0" skY="0" scX="0.9" scY="0.9"/>
  </bone>
  <skin name="default">
   <slot name="Layer 1" parent="Layer 1" z="0">
    <display name="Shape/shape 4340" type="image">
     <transform x="0" y="0" skX="0" skY="0" scX="1" scY="1" pX="20" pY="20"/>
    </display>
    <display name="Shape/shape 4342" type="image">
     <transform x="0" y="0" skX="0" skY="0" scX="1" scY="1" pX="20" pY="20"/>
    </display>
    <display name="Shape/shape 4344" type="image">
     <transform x="0" y="0" skX="0" skY="0" scX="1" scY="1" pX="20" pY="20"/>
    </display>
    <display name="Shape/shape 4346" type="image">
     <transform x="0" y="0" skX="0" skY="0" scX="1" scY="1" pX="20" pY="20"/>
    </display>
    <display name="Shape/shape 4348" type="image">
     <transform x="0" y="0" skX="0" skY="0" scX="1" scY="1" pX="20" pY="20"/>
    </display>
    <display name="Shape/shape 4350" type="image">
     <transform x="0" y="0" skX="0" skY="0" scX="1" scY="1" pX="20" pY="20"/>
    </display>
    <display name="Shape/shape 4352" type="image">
     <transform x="0" y="0" skX="0" skY="0" scX="1" scY="1" pX="20" pY="20"/>
    </display>
    <display name="Shape/shape 4354" type="image">
     <transform x="0" y="0" skX="0" skY="0" scX="1" scY="1" pX="20" pY="20"/>
    </display>
    <display name="Shape/shape 4356" type="image">
     <transform x="0" y="0" skX="0" skY="0" scX="1" scY="1" pX="20" pY="20"/>
    </display>
    <display name="Shape/shape 4358" type="image">
     <transform x="0" y="0" skX="0" skY="0" scX="1" scY="1" pX="20" pY="20"/>
    </display>
    <display name="Shape/shape 4360" type="image">
     <transform x="0" y="0" skX="0" skY="0" scX="1" scY="1" pX="20" pY="20"/>
    </display>
    <display name="Shape/shape 4362" type="image">
     <transform x="0" y="0" skX="0" skY="0" scX="1" scY="1" pX="20" pY="20"/>
    </display>
    <display name="Shape/shape 4364" type="image">
     <transform x="0" y="0" skX="0" skY="0" scX="1" scY="1" pX="20" pY="20"/>
    </display>
    <display name="Shape/shape 4366" type="image">
     <transform x="0" y="0" skX="0" skY="0" scX="1" scY="1" pX="20" pY="20"/>
    </display>
    <display name="Shape/shape 4368" type="image">
     <transform x="0" y="0" skX="0" skY="0" scX="1" scY="1" pX="20" pY="20"/>
    </display>
    <display name="Shape/shape 4370" type="image">
     <transform x="0" y="0" skX="0" skY="0" scX="1" scY="1" pX="20" pY="20"/>
    </display>
    <display name="Shape/shape 4372" type="image">
     <transform x="0" y="0" skX="0" skY="0" scX="1" scY="1" pX="20" pY="20"/>
    </display>
    <display name="Shape/shape 4374" type="image">
     <transform x="0" y="0" skX="0" skY="0" scX="1" scY="1" pX="20" pY="20"/>
    </display>
    <display name="Shape/shape 4376" type="image">
     <transform x="0" y="0" skX="0" skY="0" scX="1" scY="1" pX="20" pY="20"/>
    </display>
    <display name="Shape/shape 4378" type="image">
     <transform x="0" y="0" skX="0" skY="0" scX="1" scY="1" pX="20" pY="20"/>
    </display>
    <display name="Shape/shape 4380" type="image">
     <transform x="0" y="0" skX="0" skY="0" scX="1" scY="1" pX="20" pY="20"/>
    </display>
    <display name="Shape/shape 4382" type="image">
     <transform x="0" y="0" skX="0" skY="0" scX="1" scY="1" pX="20" pY="20"/>
    </display>
    <display name="Shape/shape 4384" type="image">
     <transform x="0" y="0" skX="0" skY="0" scX="1" scY="1" pX="20" pY="20"/>
    </display>
    <display name="Shape/shape 4386" type="image">
     <transform x="0" y="0" skX="0" skY="0" scX="1" scY="1" pX="20" pY="20"/>
    </display>
    <display name="Shape/shape 4388" type="image">
     <transform x="0" y="0" skX="0" skY="0" scX="1" scY="1" pX="20" pY="20"/>
    </display>
    <display name="Shape/shape 4390" type="image">
     <transform x="0" y="0" skX="0" skY="0" scX="1" scY="1" pX="20" pY="20"/>
    </display>
    <display name="Shape/shape 4392" type="image">
     <transform x="0" y="0" skX="0" skY="0" scX="1" scY="1" pX="20" pY="20"/>
    </display>
    <display name="Shape/shape 4394" type="image">
     <transform x="0" y="0" skX="0" skY="0" scX="1" scY="1" pX="20" pY="20"/>
    </display>
    <display name="Shape/shape 4396" type="image">
     <transform x="0" y="0" skX="0" skY="0" scX="1" scY="1" pX="20" pY="20"/>
    </display>
    <display name="Shape/shape 4398" type="image">
     <transform x="0" y="0" skX="0" skY="0" scX="1" scY="1" pX="20" pY="20"/>
    </display>
    <display name="Shape/shape 4400" type="image">
     <transform x="0" y="0" skX="0" skY="0" scX="1" scY="1" pX="20" pY="20"/>
    </display>
    <display name="Shape/shape 4402" type="image">
     <transform x="0" y="0" skX="0" skY="0" scX="1" scY="1" pX="20" pY="20"/>
    </display>
    <display name="Shape/shape 4404" type="image">
     <transform x="0" y="0" skX="0" skY="0" scX="1" scY="1" pX="20" pY="20"/>
    </display>
    <display name="Shape/shape 4406" type="image">
     <transform x="0" y="0" skX="0" skY="0" scX="1" scY="1" pX="20" pY="20"/>
    </display>
    <display name="Shape/shape 4408" type="image">
     <transform x="0" y="0" skX="0" skY="0" scX="1" scY="1" pX="20" pY="20"/>
    </display>
    <display name="Shape/shape 4410" type="image">
     <transform x="0" y="0" skX="0" skY="0" scX="1" scY="1" pX="20" pY="20"/>
    </display>
    <display name="Shape/shape 4412" type="image">
     <transform x="0" y="0" skX="0" skY="0" scX="1" scY="1" pX="20" pY="20"/>
    </display>
    <display name="Shape/shape 4414" type="image">
     <transform x="0" y="0" skX="0" skY="0" scX="1" scY="1" pX="20" pY="20"/>
    </display>
    <display name="Shape/shape 4416" type="image">
     <transform x="0" y="0" skX="0" skY="0" scX="1" scY="1" pX="20" pY="20"/>
    </display>
    <display name="Shape/shape 4418" type="image">
     <transform x="0" y="0" skX="0" skY="0" scX="1" scY="1" pX="20" pY="20"/>
    </display>
    <display name="Shape/shape 4420" type="image">
     <transform x="0" y="0" skX="0" skY="0" scX="1" scY="1" pX="20" pY="20"/>
    </display>
    <display name="Shape/shape 4422" type="image">
     <transform x="0" y="0" skX="0" skY="0" scX="1" scY="1" pX="20" pY="20"/>
    </display>
    <display name="Shape/shape 4424" type="image">
     <transform x="0" y="0" skX="0" skY="0" scX="1" scY="1" pX="20" pY="20"/>
    </display>
    <display name="Shape/shape 4426" type="image">
     <transform x="0" y="0" skX="0" skY="0" scX="1" scY="1" pX="20" pY="20"/>
    </display>
   </slot>
   <slot name="Layer 2" parent="Layer 2" z="1">
    <display name="Sprite/sprite 4085" type="image">
     <transform x="0" y="0" skX="0" skY="0" scX="1" scY="1" pX="25" pY="25"/>
    </display>
   </slot>
  </skin>
  <animation name="LevinSphere" fadeInTime="0.3" duration="44" scale="1" loop="1" autoTween="1" tweenEasing="NaN">
   <timeline name="Layer 1" scale="1" offset="0">
    <frame z="0" duration="1">
     <transform x="0" y="0" skX="0" skY="0" scX="1" scY="1" pX="0" pY="0"/>
    </frame>
    <frame z="0" displayIndex="1" duration="1">
     <transform x="0" y="0" skX="0" skY="0" scX="1" scY="1" pX="0" pY="0"/>
    </frame>
    <frame z="0" displayIndex="2" duration="1">
     <transform x="0" y="0" skX="0" skY="0" scX="1" scY="1" pX="0" pY="0"/>
    </frame>
    <frame z="0" displayIndex="3" duration="1">
     <transform x="0" y="0" skX="0" skY="0" scX="1" scY="1" pX="0" pY="0"/>
    </frame>
    <frame z="0" displayIndex="4" duration="1">
     <transform x="0" y="0" skX="0" skY="0" scX="1" scY="1" pX="0" pY="0"/>
    </frame>
    <frame z="0" displayIndex="5" duration="1">
     <transform x="0" y="0" skX="0" skY="0" scX="1" scY="1" pX="0" pY="0"/>
    </frame>
    <frame z="0" displayIndex="6" duration="1">
     <transform x="0" y="0" skX="0" skY="0" scX="1" scY="1" pX="0" pY="0"/>
    </frame>
    <frame z="0" displayIndex="7" duration="1">
     <transform x="0" y="0" skX="0" skY="0" scX="1" scY="1" pX="0" pY="0"/>
    </frame>
    <frame z="0" displayIndex="8" duration="1">
     <transform x="0" y="0" skX="0" skY="0" scX="1" scY="1" pX="0" pY="0"/>
    </frame>
    <frame z="0" displayIndex="9" duration="1">
     <transform x="0" y="0" skX="0" skY="0" scX="1" scY="1" pX="0" pY="0"/>
    </frame>
    <frame z="0" displayIndex="10" duration="1">
     <transform x="0" y="0" skX="0" skY="0" scX="1" scY="1" pX="0" pY="0"/>
    </frame>
    <frame z="0" displayIndex="11" duration="1">
     <transform x="0" y="0" skX="0" skY="0" scX="1" scY="1" pX="0" pY="0"/>
    </frame>
    <frame z="0" displayIndex="12" duration="1">
     <transform x="0" y="0" skX="0" skY="0" scX="1" scY="1" pX="0" pY="0"/>
    </frame>
    <frame z="0" displayIndex="13" duration="1">
     <transform x="0" y="0" skX="0" skY="0" scX="1" scY="1" pX="0" pY="0"/>
    </frame>
    <frame z="0" displayIndex="14" duration="1">
     <transform x="0" y="0" skX="0" skY="0" scX="1" scY="1" pX="0" pY="0"/>
    </frame>
    <frame z="0" displayIndex="15" duration="1">
     <transform x="0" y="0" skX="0" skY="0" scX="1" scY="1" pX="0" pY="0"/>
    </frame>
    <frame z="0" displayIndex="16" duration="1">
     <transform x="0" y="0" skX="0" skY="0" scX="1" scY="1" pX="0" pY="0"/>
    </frame>
    <frame z="0" displayIndex="17" duration="1">
     <transform x="0" y="0" skX="0" skY="0" scX="1" scY="1" pX="0" pY="0"/>
    </frame>
    <frame z="0" displayIndex="18" duration="1">
     <transform x="0" y="0" skX="0" skY="0" scX="1" scY="1" pX="0" pY="0"/>
    </frame>
    <frame z="0" displayIndex="19" duration="1">
     <transform x="0" y="0" skX="0" skY="0" scX="1" scY="1" pX="0" pY="0"/>
    </frame>
    <frame z="0" displayIndex="20" duration="1">
     <transform x="0" y="0" skX="0" skY="0" scX="1" scY="1" pX="0" pY="0"/>
    </frame>
    <frame z="0" displayIndex="21" duration="1">
     <transform x="0" y="0" skX="0" skY="0" scX="1" scY="1" pX="0" pY="0"/>
    </frame>
    <frame z="0" displayIndex="22" duration="1">
     <transform x="0" y="0" skX="0" skY="0" scX="1" scY="1" pX="0" pY="0"/>
    </frame>
    <frame z="0" displayIndex="23" duration="1">
     <transform x="0" y="0" skX="0" skY="0" scX="1" scY="1" pX="0" pY="0"/>
    </frame>
    <frame z="0" displayIndex="24" duration="1">
     <transform x="0" y="0" skX="0" skY="0" scX="1" scY="1" pX="0" pY="0"/>
    </frame>
    <frame z="0" displayIndex="25" duration="1">
     <transform x="0" y="0" skX="0" skY="0" scX="1" scY="1" pX="0" pY="0"/>
    </frame>
    <frame z="0" displayIndex="26" duration="1">
     <transform x="0" y="0" skX="0" skY="0" scX="1" scY="1" pX="0" pY="0"/>
    </frame>
    <frame z="0" displayIndex="27" duration="1">
     <transform x="0" y="0" skX="0" skY="0" scX="1" scY="1" pX="0" pY="0"/>
    </frame>
    <frame z="0" displayIndex="28" duration="1">
     <transform x="0" y="0" skX="0" skY="0" scX="1" scY="1" pX="0" pY="0"/>
    </frame>
    <frame z="0" displayIndex="29" duration="1">
     <transform x="0" y="0" skX="0" skY="0" scX="1" scY="1" pX="0" pY="0"/>
    </frame>
    <frame z="0" displayIndex="30" duration="1">
     <transform x="0" y="0" skX="0" skY="0" scX="1" scY="1" pX="0" pY="0"/>
    </frame>
    <frame z="0" displayIndex="31" duration="1">
     <transform x="0" y="0" skX="0" skY="0" scX="1" scY="1" pX="0" pY="0"/>
    </frame>
    <frame z="0" displayIndex="32" duration="1">
     <transform x="0" y="0" skX="0" skY="0" scX="1" scY="1" pX="0" pY="0"/>
    </frame>
    <frame z="0" displayIndex="33" duration="1">
     <transform x="0" y="0" skX="0" skY="0" scX="1" scY="1" pX="0" pY="0"/>
    </frame>
    <frame z="0" displayIndex="34" duration="1">
     <transform x="0" y="0" skX="0" skY="0" scX="1" scY="1" pX="0" pY="0"/>
    </frame>
    <frame z="0" displayIndex="35" duration="1">
     <transform x="0" y="0" skX="0" skY="0" scX="1" scY="1" pX="0" pY="0"/>
    </frame>
    <frame z="0" displayIndex="36" duration="1">
     <transform x="0" y="0" skX="0" skY="0" scX="1" scY="1" pX="0" pY="0"/>
    </frame>
    <frame z="0" displayIndex="37" duration="1">
     <transform x="0" y="0" skX="0" skY="0" scX="1" scY="1" pX="0" pY="0"/>
    </frame>
    <frame z="0" displayIndex="38" duration="1">
     <transform x="0" y="0" skX="0" skY="0" scX="1" scY="1" pX="0" pY="0"/>
    </frame>
    <frame z="0" displayIndex="39" duration="1">
     <transform x="0" y="0" skX="0" skY="0" scX="1" scY="1" pX="0" pY="0"/>
    </frame>
    <frame z="0" displayIndex="40" duration="1">
     <transform x="0" y="0" skX="0" skY="0" scX="1" scY="1" pX="0" pY="0"/>
    </frame>
    <frame z="0" displayIndex="41" duration="1">
     <transform x="0" y="0" skX="0" skY="0" scX="1" scY="1" pX="0" pY="0"/>
    </frame>
    <frame z="0" displayIndex="42" duration="1">
     <transform x="0" y="0" skX="0" skY="0" scX="1" scY="1" pX="0" pY="0"/>
    </frame>
    <frame z="0" displayIndex="43" duration="1">
     <transform x="0" y="0" skX="0" skY="0" scX="1" scY="1" pX="0" pY="0"/>
    </frame>
   </timeline>
   <timeline name="Layer 2" scale="1" offset="0">
    <frame z="1" duration="44">
     <transform x="0.2" y="-3.2" skX="0" skY="0" scX="0.9" scY="0.9" pX="0" pY="0"/>
    </frame>
   </timeline>
  </animation>
 </armature>
</dragonBones>