<TextureAtlas name="LevinSphere" imagePath="texture.png">
 <SubTexture name="Shape/shape 4340" x="262" y="42" width="40" height="40"/>
 <SubTexture name="Shape/shape 4342" x="136" y="0" width="40" height="40"/>
 <SubTexture name="Shape/shape 4344" x="462" y="84" width="40" height="40"/>
 <SubTexture name="Shape/shape 4346" x="126" y="84" width="40" height="40"/>
 <SubTexture name="Shape/shape 4348" x="388" y="42" width="40" height="40"/>
 <SubTexture name="Shape/shape 4350" x="388" y="0" width="40" height="40"/>
 <SubTexture name="Shape/shape 4352" x="84" y="84" width="40" height="40"/>
 <SubTexture name="Shape/shape 4354" x="210" y="84" width="40" height="40"/>
 <SubTexture name="Shape/shape 4356" x="136" y="42" width="40" height="40"/>
 <SubTexture name="Shape/shape 4358" x="378" y="84" width="40" height="40"/>
 <SubTexture name="Shape/shape 4360" x="94" y="0" width="40" height="40"/>
 <SubTexture name="Shape/shape 4362" x="304" y="42" width="40" height="40"/>
 <SubTexture name="Shape/shape 4364" x="346" y="42" width="40" height="40"/>
 <SubTexture name="Shape/shape 4366" x="0" y="94" width="40" height="40"/>
 <SubTexture name="Shape/shape 4368" x="336" y="126" width="40" height="40"/>
 <SubTexture name="Shape/shape 4370" x="42" y="84" width="40" height="40"/>
 <SubTexture name="Shape/shape 4372" x="0" y="52" width="40" height="40"/>
 <SubTexture name="Shape/shape 4374" x="252" y="126" width="40" height="40"/>
 <SubTexture name="Shape/shape 4376" x="378" y="126" width="40" height="40"/>
 <SubTexture name="Shape/shape 4378" x="126" y="126" width="40" height="40"/>
 <SubTexture name="Shape/shape 4380" x="220" y="42" width="40" height="40"/>
 <SubTexture name="Shape/shape 4382" x="294" y="126" width="40" height="40"/>
 <SubTexture name="Shape/shape 4384" x="178" y="42" width="40" height="40"/>
 <SubTexture name="Shape/shape 4386" x="430" y="42" width="40" height="40"/>
 <SubTexture name="Shape/shape 4388" x="84" y="126" width="40" height="40"/>
 <SubTexture name="Shape/shape 4390" x="168" y="126" width="40" height="40"/>
 <SubTexture name="Shape/shape 4392" x="52" y="0" width="40" height="40"/>
 <SubTexture name="Shape/shape 4394" x="42" y="126" width="40" height="40"/>
 <SubTexture name="Shape/shape 4396" x="420" y="126" width="40" height="40"/>
 <SubTexture name="Shape/shape 4398" x="262" y="0" width="40" height="40"/>
 <SubTexture name="Shape/shape 4400" x="94" y="42" width="40" height="40"/>
 <SubTexture name="Shape/shape 4402" x="210" y="126" width="40" height="40"/>
 <SubTexture name="Shape/shape 4404" x="304" y="0" width="40" height="40"/>
 <SubTexture name="Shape/shape 4406" x="252" y="84" width="40" height="40"/>
 <SubTexture name="Shape/shape 4408" x="52" y="42" width="40" height="40"/>
 <SubTexture name="Shape/shape 4410" x="420" y="84" width="40" height="40"/>
 <SubTexture name="Shape/shape 4412" x="346" y="0" width="40" height="40"/>
 <SubTexture name="Shape/shape 4414" x="294" y="84" width="40" height="40"/>
 <SubTexture name="Shape/shape 4416" x="220" y="0" width="40" height="40"/>
 <SubTexture name="Shape/shape 4418" x="336" y="84" width="40" height="40"/>
 <SubTexture name="Shape/shape 4420" x="178" y="0" width="40" height="40"/>
 <SubTexture name="Shape/shape 4422" x="168" y="84" width="40" height="40"/>
 <SubTexture name="Shape/shape 4424" x="430" y="0" width="40" height="40"/>
 <SubTexture name="Shape/shape 4426" x="462" y="126" width="40" height="40"/>
 <SubTexture name="Sprite/sprite 4085" x="0" y="0" width="50" height="50"/>
</TextureAtlas>