<root name="CastGetAllSwamp_mc" frameRate="30" isGlobal="0" version="3.0">
 <armature name="CastGetAllSwamp_mc">
  <bone name="swamp2">
   <transform x="0.7" y="-37.3" scX="0.72" scY="0.72"/>
  </bone>
  <bone name="swamp3">
   <transform x="38.7" y="0.7" scX="0.72" scY="0.72"/>
  </bone>
  <bone name="swamp5">
   <transform x="2.15" y="0.7" scX="0.72" scY="0.72"/>
  </bone>
  <bone name="swamp1">
   <transform x="-38.7" y="0.7" scX="0.72" scY="0.72"/>
  </bone>
  <bone name="swamp4">
   <transform x="1.45" y="37.3" scX="0.72" scY="0.72"/>
  </bone>
  <skin name="default">
   <slot name="swamp5" z="0" parent="swamp5">
    <display name="swamp5" type="armature">
     <transform/>
    </display>
   </slot>
   <slot name="swamp3" z="1" parent="swamp3">
    <display name="swamp3" type="armature">
     <transform/>
    </display>
   </slot>
   <slot name="swamp2" z="2" parent="swamp2">
    <display name="swamp2" type="armature">
     <transform/>
    </display>
   </slot>
   <slot name="swamp1" z="3" parent="swamp1">
    <display name="swamp1" type="armature">
     <transform/>
    </display>
   </slot>
   <slot name="swamp4" z="4" parent="swamp4">
    <display name="swamp4" type="armature">
     <transform/>
    </display>
   </slot>
  </skin>
  <animation name="CastGetAllSwamp_mc" duration="66" tweenEasing="NaN" autoTween="NaN" fadeInTime="0.3">
   <timeline name="swamp5">
    <frame duration="3" displayIndex="-1"/>
    <frame tweenEasing="0" z="0" duration="1">
     <transform/>
    </frame>
    <frame z="0" duration="1">
     <transform x="0.55" y="0.2" scX="1.25" scY="1.25"/>
    </frame>
    <frame z="0" duration="60">
     <transform x="0.85" y="0.3" scX="1.3889" scY="1.3889"/>
    </frame>
    <frame z="0" duration="1">
     <transform x="0.85" y="0.3" scX="1.3889" scY="1.3889"/>
    </frame>
   </timeline>
   <timeline name="swamp3">
    <frame duration="3" displayIndex="-1"/>
    <frame tweenEasing="0" z="0" duration="1">
     <transform/>
    </frame>
    <frame z="0" duration="1">
     <transform x="9.9" y="0.2" scX="1.25" scY="1.25"/>
    </frame>
    <frame z="0" duration="60">
     <transform x="15.3" y="0.3" scX="1.3889" scY="1.3889"/>
    </frame>
    <frame z="0" duration="1">
     <transform x="15.3" y="0.3" scX="1.3889" scY="1.3889"/>
    </frame>
   </timeline>
   <timeline name="swamp2">
    <frame duration="3" displayIndex="-1"/>
    <frame tweenEasing="0" z="0" duration="1">
     <transform/>
    </frame>
    <frame z="0" duration="1">
     <transform x="0.2" y="-9.5" scX="1.25" scY="1.25"/>
    </frame>
    <frame z="0" duration="60">
     <transform x="0.3" y="-14.7" scX="1.3889" scY="1.3889"/>
    </frame>
    <frame z="0" duration="1">
     <transform x="0.3" y="-14.7" scX="1.3889" scY="1.3889"/>
    </frame>
   </timeline>
   <timeline name="swamp1">
    <frame duration="3" displayIndex="-1"/>
    <frame tweenEasing="0" z="0" duration="1">
     <transform/>
    </frame>
    <frame z="0" duration="1">
     <transform x="-9.9" y="0.2" scX="1.25" scY="1.25"/>
    </frame>
    <frame z="0" duration="60">
     <transform x="-15.3" y="0.3" scX="1.3889" scY="1.3889"/>
    </frame>
    <frame z="0" duration="1">
     <transform x="-15.3" y="0.3" scX="1.3889" scY="1.3889"/>
    </frame>
   </timeline>
   <timeline name="swamp4">
    <frame duration="3" displayIndex="-1"/>
    <frame tweenEasing="0" z="0" duration="1">
     <transform/>
    </frame>
    <frame z="0" duration="1">
     <transform x="0.35" y="9.5" scX="1.25" scY="1.25"/>
    </frame>
    <frame z="0" duration="60">
     <transform x="0.55" y="14.7" scX="1.3889" scY="1.3889"/>
    </frame>
    <frame z="0" duration="1">
     <transform x="0.55" y="14.7" scX="1.3889" scY="1.3889"/>
    </frame>
   </timeline>
   <frame duration="65"/>
   <frame duration="1"/>
  </animation>
 </armature>
 <armature name="swamp5">
  <bone name="Layer 1">
   <transform/>
  </bone>
  <skin name="default">
   <slot name="Layer 1" z="0" parent="Layer 1">
    <display name="Shape/shape 6429" type="image">
     <transform pX="40" pY="40"/>
    </display>
    <display name="Shape/shape 6431" type="image">
     <transform pX="40" pY="40"/>
    </display>
    <display name="Shape/shape 6433" type="image">
     <transform pX="40" pY="40"/>
    </display>
    <display name="Shape/shape 6435" type="image">
     <transform pX="40" pY="40"/>
    </display>
    <display name="Shape/shape 6437" type="image">
     <transform pX="40" pY="40"/>
    </display>
    <display name="Shape/shape 6439" type="image">
     <transform pX="40" pY="40"/>
    </display>
    <display name="Shape/shape 6441" type="image">
     <transform pX="40" pY="40"/>
    </display>
    <display name="Shape/shape 6443" type="image">
     <transform pX="40" pY="40"/>
    </display>
    <display name="Shape/shape 6445" type="image">
     <transform pX="40" pY="40"/>
    </display>
    <display name="Shape/shape 6447" type="image">
     <transform pX="40" pY="40"/>
    </display>
    <display name="Shape/shape 6449" type="image">
     <transform pX="40" pY="40"/>
    </display>
    <display name="Shape/shape 6451" type="image">
     <transform pX="40" pY="40"/>
    </display>
    <display name="Shape/shape 6453" type="image">
     <transform pX="40" pY="40"/>
    </display>
    <display name="Shape/shape 6455" type="image">
     <transform pX="40" pY="40"/>
    </display>
    <display name="Shape/shape 6457" type="image">
     <transform pX="40" pY="40"/>
    </display>
    <display name="Shape/shape 6459" type="image">
     <transform pX="40" pY="40"/>
    </display>
    <display name="Shape/shape 6461" type="image">
     <transform pX="40" pY="40"/>
    </display>
    <display name="Shape/shape 6463" type="image">
     <transform pX="40" pY="40"/>
    </display>
    <display name="Shape/shape 6465" type="image">
     <transform pX="40" pY="40"/>
    </display>
    <display name="Shape/shape 6467" type="image">
     <transform pX="40" pY="40"/>
    </display>
    <display name="Shape/shape 6469" type="image">
     <transform pX="40" pY="40"/>
    </display>
    <display name="Shape/shape 6471" type="image">
     <transform pX="40" pY="40"/>
    </display>
    <display name="Shape/shape 6473" type="image">
     <transform pX="40" pY="40"/>
    </display>
    <display name="Shape/shape 6475" type="image">
     <transform pX="40" pY="40"/>
    </display>
    <display name="Shape/shape 6477" type="image">
     <transform pX="40" pY="40"/>
    </display>
    <display name="Shape/shape 6479" type="image">
     <transform pX="40" pY="40"/>
    </display>
    <display name="Shape/shape 6481" type="image">
     <transform pX="40" pY="40"/>
    </display>
    <display name="Shape/shape 6483" type="image">
     <transform pX="40" pY="40"/>
    </display>
    <display name="Shape/shape 6485" type="image">
     <transform pX="40" pY="40"/>
    </display>
    <display name="Shape/shape 6487" type="image">
     <transform pX="40" pY="40"/>
    </display>
    <display name="Shape/shape 6489" type="image">
     <transform pX="40" pY="40"/>
    </display>
    <display name="Shape/shape 6491" type="image">
     <transform pX="40" pY="40"/>
    </display>
    <display name="Shape/shape 6493" type="image">
     <transform pX="40" pY="40"/>
    </display>
    <display name="Shape/shape 6495" type="image">
     <transform pX="40" pY="40"/>
    </display>
    <display name="Shape/shape 6497" type="image">
     <transform pX="40" pY="40"/>
    </display>
    <display name="Shape/shape 6499" type="image">
     <transform pX="40" pY="40"/>
    </display>
    <display name="Shape/shape 6501" type="image">
     <transform pX="40" pY="40"/>
    </display>
    <display name="Shape/shape 6503" type="image">
     <transform pX="40" pY="40"/>
    </display>
    <display name="Shape/shape 6505" type="image">
     <transform pX="40" pY="40"/>
    </display>
    <display name="Shape/shape 6507" type="image">
     <transform pX="40" pY="40"/>
    </display>
    <display name="Shape/shape 6509" type="image">
     <transform pX="40" pY="40"/>
    </display>
    <display name="Shape/shape 6511" type="image">
     <transform pX="40" pY="40"/>
    </display>
    <display name="Shape/shape 6513" type="image">
     <transform pX="40" pY="40"/>
    </display>
    <display name="Shape/shape 6515" type="image">
     <transform pX="40" pY="40"/>
    </display>
    <display name="Shape/shape 6517" type="image">
     <transform pX="40" pY="40"/>
    </display>
   </slot>
  </skin>
  <animation name="swamp5" fadeInTime="0.3" tweenEasing="NaN" autoTween="NaN" duration="76">
   <timeline name="Layer 1">
    <frame z="0" duration="2">
     <transform/>
    </frame>
    <frame duration="2" z="0" displayIndex="1">
     <transform/>
    </frame>
    <frame duration="2" z="0" displayIndex="2">
     <transform/>
    </frame>
    <frame duration="2" z="0" displayIndex="3">
     <transform/>
    </frame>
    <frame duration="2" z="0" displayIndex="4">
     <transform/>
    </frame>
    <frame duration="2" z="0" displayIndex="5">
     <transform/>
    </frame>
    <frame duration="2" z="0" displayIndex="6">
     <transform/>
    </frame>
    <frame duration="2" z="0" displayIndex="7">
     <transform/>
    </frame>
    <frame duration="2" z="0" displayIndex="8">
     <transform/>
    </frame>
    <frame duration="2" z="0" displayIndex="9">
     <transform/>
    </frame>
    <frame duration="2" z="0" displayIndex="10">
     <transform/>
    </frame>
    <frame duration="2" z="0" displayIndex="11">
     <transform/>
    </frame>
    <frame duration="2" z="0" displayIndex="12">
     <transform/>
    </frame>
    <frame duration="2" z="0" displayIndex="13">
     <transform/>
    </frame>
    <frame duration="2" z="0" displayIndex="14">
     <transform/>
    </frame>
    <frame duration="2" z="0" displayIndex="15">
     <transform/>
    </frame>
    <frame duration="2" z="0" displayIndex="16">
     <transform/>
    </frame>
    <frame duration="2" z="0" displayIndex="17">
     <transform/>
    </frame>
    <frame duration="2" z="0" displayIndex="18">
     <transform/>
    </frame>
    <frame duration="2" z="0" displayIndex="19">
     <transform/>
    </frame>
    <frame duration="2" z="0" displayIndex="20">
     <transform/>
    </frame>
    <frame duration="2" z="0" displayIndex="21">
     <transform/>
    </frame>
    <frame duration="2" z="0" displayIndex="22">
     <transform/>
    </frame>
    <frame duration="2" z="0" displayIndex="23">
     <transform/>
    </frame>
    <frame duration="2" z="0" displayIndex="24">
     <transform/>
    </frame>
    <frame duration="2" z="0" displayIndex="25">
     <transform/>
    </frame>
    <frame duration="2" z="0" displayIndex="26">
     <transform/>
    </frame>
    <frame duration="2" z="0" displayIndex="27">
     <transform/>
    </frame>
    <frame duration="2" z="0" displayIndex="28">
     <transform/>
    </frame>
    <frame duration="2" z="0" displayIndex="29">
     <transform/>
    </frame>
    <frame duration="1" z="0" displayIndex="30">
     <transform/>
    </frame>
    <frame duration="1" z="0" displayIndex="31">
     <transform/>
    </frame>
    <frame duration="1" z="0" displayIndex="32">
     <transform/>
    </frame>
    <frame duration="1" z="0" displayIndex="33">
     <transform/>
    </frame>
    <frame duration="1" z="0" displayIndex="34">
     <transform/>
    </frame>
    <frame duration="1" z="0" displayIndex="35">
     <transform/>
    </frame>
    <frame duration="1" z="0" displayIndex="36">
     <transform/>
    </frame>
    <frame duration="1" z="0" displayIndex="37">
     <transform/>
    </frame>
    <frame duration="1" z="0" displayIndex="38">
     <transform/>
    </frame>
    <frame duration="1" z="0" displayIndex="39">
     <transform/>
    </frame>
    <frame duration="1" z="0" displayIndex="40">
     <transform/>
    </frame>
    <frame duration="1" z="0" displayIndex="41">
     <transform/>
    </frame>
    <frame duration="1" z="0" displayIndex="42">
     <transform/>
    </frame>
    <frame duration="1" z="0" displayIndex="43">
     <transform/>
    </frame>
    <frame duration="1" z="0" displayIndex="44">
     <transform/>
    </frame>
    <frame duration="1" z="0" displayIndex="44">
     <transform/>
    </frame>
   </timeline>
  </animation>
 </armature>
 <armature name="swamp3">
  <bone name="Layer 1">
   <transform/>
  </bone>
  <skin name="default">
   <slot name="Layer 1" z="0" parent="Layer 1">
    <display name="Shape/shape 6520" type="image">
     <transform pX="40" pY="40"/>
    </display>
    <display name="Shape/shape 6522" type="image">
     <transform pX="40" pY="40"/>
    </display>
    <display name="Shape/shape 6524" type="image">
     <transform pX="40" pY="40"/>
    </display>
    <display name="Shape/shape 6526" type="image">
     <transform pX="40" pY="40"/>
    </display>
    <display name="Shape/shape 6528" type="image">
     <transform pX="40" pY="40"/>
    </display>
    <display name="Shape/shape 6530" type="image">
     <transform pX="40" pY="40"/>
    </display>
    <display name="Shape/shape 6532" type="image">
     <transform pX="40" pY="40"/>
    </display>
    <display name="Shape/shape 6534" type="image">
     <transform pX="40" pY="40"/>
    </display>
    <display name="Shape/shape 6536" type="image">
     <transform pX="40" pY="40"/>
    </display>
    <display name="Shape/shape 6538" type="image">
     <transform pX="40" pY="40"/>
    </display>
    <display name="Shape/shape 6540" type="image">
     <transform pX="40" pY="40"/>
    </display>
    <display name="Shape/shape 6542" type="image">
     <transform pX="40" pY="40"/>
    </display>
    <display name="Shape/shape 6544" type="image">
     <transform pX="40" pY="40"/>
    </display>
    <display name="Shape/shape 6546" type="image">
     <transform pX="40" pY="40"/>
    </display>
    <display name="Shape/shape 6548" type="image">
     <transform pX="40" pY="40"/>
    </display>
    <display name="Shape/shape 6550" type="image">
     <transform pX="40" pY="40"/>
    </display>
    <display name="Shape/shape 6552" type="image">
     <transform pX="40" pY="40"/>
    </display>
    <display name="Shape/shape 6554" type="image">
     <transform pX="40" pY="40"/>
    </display>
    <display name="Shape/shape 6556" type="image">
     <transform pX="40" pY="40"/>
    </display>
    <display name="Shape/shape 6558" type="image">
     <transform pX="40" pY="40"/>
    </display>
    <display name="Shape/shape 6560" type="image">
     <transform pX="40" pY="40"/>
    </display>
    <display name="Shape/shape 6562" type="image">
     <transform pX="40" pY="40"/>
    </display>
    <display name="Shape/shape 6564" type="image">
     <transform pX="40" pY="40"/>
    </display>
    <display name="Shape/shape 6566" type="image">
     <transform pX="40" pY="40"/>
    </display>
    <display name="Shape/shape 6568" type="image">
     <transform pX="40" pY="40"/>
    </display>
    <display name="Shape/shape 6570" type="image">
     <transform pX="40" pY="40"/>
    </display>
    <display name="Shape/shape 6572" type="image">
     <transform pX="40" pY="40"/>
    </display>
    <display name="Shape/shape 6574" type="image">
     <transform pX="40" pY="40"/>
    </display>
    <display name="Shape/shape 6576" type="image">
     <transform pX="40" pY="40"/>
    </display>
    <display name="Shape/shape 6578" type="image">
     <transform pX="40" pY="40"/>
    </display>
    <display name="Shape/shape 6580" type="image">
     <transform pX="40" pY="40"/>
    </display>
    <display name="Shape/shape 6581" type="image">
     <transform pX="40" pY="40"/>
    </display>
    <display name="Shape/shape 6583" type="image">
     <transform pX="40" pY="40"/>
    </display>
    <display name="Shape/shape 6585" type="image">
     <transform pX="40" pY="40"/>
    </display>
    <display name="Shape/shape 6587" type="image">
     <transform pX="40" pY="40"/>
    </display>
    <display name="Shape/shape 6589" type="image">
     <transform pX="40" pY="40"/>
    </display>
    <display name="Shape/shape 6591" type="image">
     <transform pX="40" pY="40"/>
    </display>
    <display name="Shape/shape 6592" type="image">
     <transform pX="40" pY="40"/>
    </display>
    <display name="Shape/shape 6594" type="image">
     <transform pX="40" pY="40"/>
    </display>
    <display name="Shape/shape 6596" type="image">
     <transform pX="40" pY="40"/>
    </display>
    <display name="Shape/shape 6598" type="image">
     <transform pX="40" pY="40"/>
    </display>
    <display name="Shape/shape 6600" type="image">
     <transform pX="40" pY="40"/>
    </display>
    <display name="Shape/shape 6602" type="image">
     <transform pX="40" pY="40"/>
    </display>
    <display name="Shape/shape 6604" type="image">
     <transform pX="40" pY="40"/>
    </display>
    <display name="Shape/shape 6606" type="image">
     <transform pX="40" pY="40"/>
    </display>
   </slot>
  </skin>
  <animation name="swamp3" fadeInTime="0.3" tweenEasing="NaN" autoTween="NaN" duration="76">
   <timeline name="Layer 1">
    <frame z="0" duration="2">
     <transform/>
    </frame>
    <frame duration="2" z="0" displayIndex="1">
     <transform/>
    </frame>
    <frame duration="2" z="0" displayIndex="2">
     <transform/>
    </frame>
    <frame duration="2" z="0" displayIndex="3">
     <transform/>
    </frame>
    <frame duration="2" z="0" displayIndex="4">
     <transform/>
    </frame>
    <frame duration="2" z="0" displayIndex="5">
     <transform/>
    </frame>
    <frame duration="2" z="0" displayIndex="6">
     <transform/>
    </frame>
    <frame duration="2" z="0" displayIndex="7">
     <transform/>
    </frame>
    <frame duration="2" z="0" displayIndex="8">
     <transform/>
    </frame>
    <frame duration="2" z="0" displayIndex="9">
     <transform/>
    </frame>
    <frame duration="2" z="0" displayIndex="10">
     <transform/>
    </frame>
    <frame duration="2" z="0" displayIndex="11">
     <transform/>
    </frame>
    <frame duration="2" z="0" displayIndex="12">
     <transform/>
    </frame>
    <frame duration="2" z="0" displayIndex="13">
     <transform/>
    </frame>
    <frame duration="2" z="0" displayIndex="14">
     <transform/>
    </frame>
    <frame duration="2" z="0" displayIndex="15">
     <transform/>
    </frame>
    <frame duration="2" z="0" displayIndex="16">
     <transform/>
    </frame>
    <frame duration="2" z="0" displayIndex="17">
     <transform/>
    </frame>
    <frame duration="2" z="0" displayIndex="18">
     <transform/>
    </frame>
    <frame duration="2" z="0" displayIndex="19">
     <transform/>
    </frame>
    <frame duration="2" z="0" displayIndex="20">
     <transform/>
    </frame>
    <frame duration="2" z="0" displayIndex="21">
     <transform/>
    </frame>
    <frame duration="2" z="0" displayIndex="22">
     <transform/>
    </frame>
    <frame duration="2" z="0" displayIndex="23">
     <transform/>
    </frame>
    <frame duration="2" z="0" displayIndex="24">
     <transform/>
    </frame>
    <frame duration="2" z="0" displayIndex="25">
     <transform/>
    </frame>
    <frame duration="2" z="0" displayIndex="26">
     <transform/>
    </frame>
    <frame duration="2" z="0" displayIndex="27">
     <transform/>
    </frame>
    <frame duration="2" z="0" displayIndex="28">
     <transform/>
    </frame>
    <frame duration="2" z="0" displayIndex="29">
     <transform/>
    </frame>
    <frame duration="1" z="0" displayIndex="30">
     <transform/>
    </frame>
    <frame duration="1" z="0" displayIndex="31">
     <transform/>
    </frame>
    <frame duration="1" z="0" displayIndex="32">
     <transform/>
    </frame>
    <frame duration="1" z="0" displayIndex="33">
     <transform/>
    </frame>
    <frame duration="1" z="0" displayIndex="34">
     <transform/>
    </frame>
    <frame duration="1" z="0" displayIndex="35">
     <transform/>
    </frame>
    <frame duration="1" z="0" displayIndex="36">
     <transform/>
    </frame>
    <frame duration="1" z="0" displayIndex="37">
     <transform/>
    </frame>
    <frame duration="1" z="0" displayIndex="38">
     <transform/>
    </frame>
    <frame duration="1" z="0" displayIndex="39">
     <transform/>
    </frame>
    <frame duration="1" z="0" displayIndex="40">
     <transform/>
    </frame>
    <frame duration="1" z="0" displayIndex="41">
     <transform/>
    </frame>
    <frame duration="1" z="0" displayIndex="42">
     <transform/>
    </frame>
    <frame duration="1" z="0" displayIndex="43">
     <transform/>
    </frame>
    <frame duration="1" z="0" displayIndex="44">
     <transform/>
    </frame>
    <frame duration="1" z="0" displayIndex="44">
     <transform/>
    </frame>
   </timeline>
  </animation>
 </armature>
 <armature name="swamp2">
  <bone name="Layer 1">
   <transform/>
  </bone>
  <skin name="default">
   <slot name="Layer 1" z="0" parent="Layer 1">
    <display name="Shape/shape 6609" type="image">
     <transform pX="40" pY="40"/>
    </display>
    <display name="Shape/shape 6611" type="image">
     <transform pX="40" pY="40"/>
    </display>
    <display name="Shape/shape 6613" type="image">
     <transform pX="40" pY="40"/>
    </display>
    <display name="Shape/shape 6615" type="image">
     <transform pX="40" pY="40"/>
    </display>
    <display name="Shape/shape 6617" type="image">
     <transform pX="40" pY="40"/>
    </display>
    <display name="Shape/shape 6619" type="image">
     <transform pX="40" pY="40"/>
    </display>
    <display name="Shape/shape 6621" type="image">
     <transform pX="40" pY="40"/>
    </display>
    <display name="Shape/shape 6623" type="image">
     <transform pX="40" pY="40"/>
    </display>
    <display name="Shape/shape 6625" type="image">
     <transform pX="40" pY="40"/>
    </display>
    <display name="Shape/shape 6627" type="image">
     <transform pX="40" pY="40"/>
    </display>
    <display name="Shape/shape 6629" type="image">
     <transform pX="40" pY="40"/>
    </display>
    <display name="Shape/shape 6631" type="image">
     <transform pX="40" pY="40"/>
    </display>
    <display name="Shape/shape 6633" type="image">
     <transform pX="40" pY="40"/>
    </display>
    <display name="Shape/shape 6635" type="image">
     <transform pX="40" pY="40"/>
    </display>
    <display name="Shape/shape 6637" type="image">
     <transform pX="40" pY="40"/>
    </display>
    <display name="Shape/shape 6639" type="image">
     <transform pX="40" pY="40"/>
    </display>
    <display name="Shape/shape 6641" type="image">
     <transform pX="40" pY="40"/>
    </display>
    <display name="Shape/shape 6643" type="image">
     <transform pX="40" pY="40"/>
    </display>
    <display name="Shape/shape 6645" type="image">
     <transform pX="40" pY="40"/>
    </display>
    <display name="Shape/shape 6647" type="image">
     <transform pX="40" pY="40"/>
    </display>
    <display name="Shape/shape 6649" type="image">
     <transform pX="40" pY="40"/>
    </display>
    <display name="Shape/shape 6651" type="image">
     <transform pX="40" pY="40"/>
    </display>
    <display name="Shape/shape 6653" type="image">
     <transform pX="40" pY="40"/>
    </display>
    <display name="Shape/shape 6655" type="image">
     <transform pX="40" pY="40"/>
    </display>
    <display name="Shape/shape 6657" type="image">
     <transform pX="40" pY="40"/>
    </display>
    <display name="Shape/shape 6659" type="image">
     <transform pX="40" pY="40"/>
    </display>
    <display name="Shape/shape 6661" type="image">
     <transform pX="40" pY="40"/>
    </display>
    <display name="Shape/shape 6663" type="image">
     <transform pX="40" pY="40"/>
    </display>
    <display name="Shape/shape 6665" type="image">
     <transform pX="40" pY="40"/>
    </display>
    <display name="Shape/shape 6667" type="image">
     <transform pX="40" pY="40"/>
    </display>
    <display name="Shape/shape 6669" type="image">
     <transform pX="40" pY="40"/>
    </display>
    <display name="Shape/shape 6671" type="image">
     <transform pX="40" pY="40"/>
    </display>
    <display name="Shape/shape 6673" type="image">
     <transform pX="40" pY="40"/>
    </display>
    <display name="Shape/shape 6675" type="image">
     <transform pX="40" pY="40"/>
    </display>
    <display name="Shape/shape 6677" type="image">
     <transform pX="40" pY="40"/>
    </display>
    <display name="Shape/shape 6679" type="image">
     <transform pX="40" pY="40"/>
    </display>
    <display name="Shape/shape 6681" type="image">
     <transform pX="40" pY="40"/>
    </display>
    <display name="Shape/shape 6683" type="image">
     <transform pX="40" pY="40"/>
    </display>
    <display name="Shape/shape 6685" type="image">
     <transform pX="40" pY="40"/>
    </display>
    <display name="Shape/shape 6687" type="image">
     <transform pX="40" pY="40"/>
    </display>
    <display name="Shape/shape 6689" type="image">
     <transform pX="40" pY="40"/>
    </display>
    <display name="Shape/shape 6691" type="image">
     <transform pX="40" pY="40"/>
    </display>
    <display name="Shape/shape 6693" type="image">
     <transform pX="40" pY="40"/>
    </display>
    <display name="Shape/shape 6695" type="image">
     <transform pX="40" pY="40"/>
    </display>
    <display name="Shape/shape 6697" type="image">
     <transform pX="40" pY="40"/>
    </display>
   </slot>
  </skin>
  <animation name="swamp2" fadeInTime="0.3" tweenEasing="NaN" autoTween="NaN" duration="76">
   <timeline name="Layer 1">
    <frame z="0" duration="2">
     <transform/>
    </frame>
    <frame duration="2" z="0" displayIndex="1">
     <transform/>
    </frame>
    <frame duration="2" z="0" displayIndex="2">
     <transform/>
    </frame>
    <frame duration="2" z="0" displayIndex="3">
     <transform/>
    </frame>
    <frame duration="2" z="0" displayIndex="4">
     <transform/>
    </frame>
    <frame duration="2" z="0" displayIndex="5">
     <transform/>
    </frame>
    <frame duration="2" z="0" displayIndex="6">
     <transform/>
    </frame>
    <frame duration="2" z="0" displayIndex="7">
     <transform/>
    </frame>
    <frame duration="2" z="0" displayIndex="8">
     <transform/>
    </frame>
    <frame duration="2" z="0" displayIndex="9">
     <transform/>
    </frame>
    <frame duration="2" z="0" displayIndex="10">
     <transform/>
    </frame>
    <frame duration="2" z="0" displayIndex="11">
     <transform/>
    </frame>
    <frame duration="2" z="0" displayIndex="12">
     <transform/>
    </frame>
    <frame duration="2" z="0" displayIndex="13">
     <transform/>
    </frame>
    <frame duration="2" z="0" displayIndex="14">
     <transform/>
    </frame>
    <frame duration="2" z="0" displayIndex="15">
     <transform/>
    </frame>
    <frame duration="2" z="0" displayIndex="16">
     <transform/>
    </frame>
    <frame duration="2" z="0" displayIndex="17">
     <transform/>
    </frame>
    <frame duration="2" z="0" displayIndex="18">
     <transform/>
    </frame>
    <frame duration="2" z="0" displayIndex="19">
     <transform/>
    </frame>
    <frame duration="2" z="0" displayIndex="20">
     <transform/>
    </frame>
    <frame duration="2" z="0" displayIndex="21">
     <transform/>
    </frame>
    <frame duration="2" z="0" displayIndex="22">
     <transform/>
    </frame>
    <frame duration="2" z="0" displayIndex="23">
     <transform/>
    </frame>
    <frame duration="2" z="0" displayIndex="24">
     <transform/>
    </frame>
    <frame duration="2" z="0" displayIndex="25">
     <transform/>
    </frame>
    <frame duration="2" z="0" displayIndex="26">
     <transform/>
    </frame>
    <frame duration="2" z="0" displayIndex="27">
     <transform/>
    </frame>
    <frame duration="2" z="0" displayIndex="28">
     <transform/>
    </frame>
    <frame duration="2" z="0" displayIndex="29">
     <transform/>
    </frame>
    <frame duration="1" z="0" displayIndex="30">
     <transform/>
    </frame>
    <frame duration="1" z="0" displayIndex="31">
     <transform/>
    </frame>
    <frame duration="1" z="0" displayIndex="32">
     <transform/>
    </frame>
    <frame duration="1" z="0" displayIndex="33">
     <transform/>
    </frame>
    <frame duration="1" z="0" displayIndex="34">
     <transform/>
    </frame>
    <frame duration="1" z="0" displayIndex="35">
     <transform/>
    </frame>
    <frame duration="1" z="0" displayIndex="36">
     <transform/>
    </frame>
    <frame duration="1" z="0" displayIndex="37">
     <transform/>
    </frame>
    <frame duration="1" z="0" displayIndex="38">
     <transform/>
    </frame>
    <frame duration="1" z="0" displayIndex="39">
     <transform/>
    </frame>
    <frame duration="1" z="0" displayIndex="40">
     <transform/>
    </frame>
    <frame duration="1" z="0" displayIndex="41">
     <transform/>
    </frame>
    <frame duration="1" z="0" displayIndex="42">
     <transform/>
    </frame>
    <frame duration="1" z="0" displayIndex="43">
     <transform/>
    </frame>
    <frame duration="1" z="0" displayIndex="44">
     <transform/>
    </frame>
    <frame duration="1" z="0" displayIndex="44">
     <transform/>
    </frame>
   </timeline>
  </animation>
 </armature>
 <armature name="swamp1">
  <bone name="Layer 1">
   <transform/>
  </bone>
  <skin name="default">
   <slot name="Layer 1" z="0" parent="Layer 1">
    <display name="Shape/shape 6700" type="image">
     <transform pX="40" pY="40"/>
    </display>
    <display name="Shape/shape 6702" type="image">
     <transform pX="40" pY="40"/>
    </display>
    <display name="Shape/shape 6704" type="image">
     <transform pX="40" pY="40"/>
    </display>
    <display name="Shape/shape 6706" type="image">
     <transform pX="40" pY="40"/>
    </display>
    <display name="Shape/shape 6708" type="image">
     <transform pX="40" pY="40"/>
    </display>
    <display name="Shape/shape 6710" type="image">
     <transform pX="40" pY="40"/>
    </display>
    <display name="Shape/shape 6712" type="image">
     <transform pX="40" pY="40"/>
    </display>
    <display name="Shape/shape 6714" type="image">
     <transform pX="40" pY="40"/>
    </display>
    <display name="Shape/shape 6716" type="image">
     <transform pX="40" pY="40"/>
    </display>
    <display name="Shape/shape 6718" type="image">
     <transform pX="40" pY="40"/>
    </display>
    <display name="Shape/shape 6720" type="image">
     <transform pX="40" pY="40"/>
    </display>
    <display name="Shape/shape 6722" type="image">
     <transform pX="40" pY="40"/>
    </display>
    <display name="Shape/shape 6724" type="image">
     <transform pX="40" pY="40"/>
    </display>
    <display name="Shape/shape 6726" type="image">
     <transform pX="40" pY="40"/>
    </display>
    <display name="Shape/shape 6728" type="image">
     <transform pX="40" pY="40"/>
    </display>
    <display name="Shape/shape 6730" type="image">
     <transform pX="40" pY="40"/>
    </display>
    <display name="Shape/shape 6732" type="image">
     <transform pX="40" pY="40"/>
    </display>
    <display name="Shape/shape 6734" type="image">
     <transform pX="40" pY="40"/>
    </display>
    <display name="Shape/shape 6736" type="image">
     <transform pX="40" pY="40"/>
    </display>
    <display name="Shape/shape 6738" type="image">
     <transform pX="40" pY="40"/>
    </display>
    <display name="Shape/shape 6740" type="image">
     <transform pX="40" pY="40"/>
    </display>
    <display name="Shape/shape 6742" type="image">
     <transform pX="40" pY="40"/>
    </display>
    <display name="Shape/shape 6744" type="image">
     <transform pX="40" pY="40"/>
    </display>
    <display name="Shape/shape 6746" type="image">
     <transform pX="40" pY="40"/>
    </display>
    <display name="Shape/shape 6748" type="image">
     <transform pX="40" pY="40"/>
    </display>
    <display name="Shape/shape 6750" type="image">
     <transform pX="40" pY="40"/>
    </display>
    <display name="Shape/shape 6752" type="image">
     <transform pX="40" pY="40"/>
    </display>
    <display name="Shape/shape 6754" type="image">
     <transform pX="40" pY="40"/>
    </display>
    <display name="Shape/shape 6756" type="image">
     <transform pX="40" pY="40"/>
    </display>
    <display name="Shape/shape 6758" type="image">
     <transform pX="40" pY="40"/>
    </display>
    <display name="Shape/shape 6760" type="image">
     <transform pX="40" pY="40"/>
    </display>
    <display name="Shape/shape 6761" type="image">
     <transform pX="40" pY="40"/>
    </display>
    <display name="Shape/shape 6763" type="image">
     <transform pX="40" pY="40"/>
    </display>
    <display name="Shape/shape 6765" type="image">
     <transform pX="40" pY="40"/>
    </display>
    <display name="Shape/shape 6767" type="image">
     <transform pX="40" pY="40"/>
    </display>
    <display name="Shape/shape 6769" type="image">
     <transform pX="40" pY="40"/>
    </display>
    <display name="Shape/shape 6771" type="image">
     <transform pX="40" pY="40"/>
    </display>
    <display name="Shape/shape 6773" type="image">
     <transform pX="40" pY="40"/>
    </display>
    <display name="Shape/shape 6775" type="image">
     <transform pX="40" pY="40"/>
    </display>
    <display name="Shape/shape 6777" type="image">
     <transform pX="40" pY="40"/>
    </display>
    <display name="Shape/shape 6779" type="image">
     <transform pX="40" pY="40"/>
    </display>
    <display name="Shape/shape 6781" type="image">
     <transform pX="40" pY="40"/>
    </display>
    <display name="Shape/shape 6783" type="image">
     <transform pX="40" pY="40"/>
    </display>
    <display name="Shape/shape 6785" type="image">
     <transform pX="40" pY="40"/>
    </display>
    <display name="Shape/shape 6787" type="image">
     <transform pX="40" pY="40"/>
    </display>
   </slot>
  </skin>
  <animation name="swamp1" fadeInTime="0.3" tweenEasing="NaN" autoTween="NaN" duration="76">
   <timeline name="Layer 1">
    <frame z="0" duration="2">
     <transform/>
    </frame>
    <frame duration="2" z="0" displayIndex="1">
     <transform/>
    </frame>
    <frame duration="2" z="0" displayIndex="2">
     <transform/>
    </frame>
    <frame duration="2" z="0" displayIndex="3">
     <transform/>
    </frame>
    <frame duration="2" z="0" displayIndex="4">
     <transform/>
    </frame>
    <frame duration="2" z="0" displayIndex="5">
     <transform/>
    </frame>
    <frame duration="2" z="0" displayIndex="6">
     <transform/>
    </frame>
    <frame duration="2" z="0" displayIndex="7">
     <transform/>
    </frame>
    <frame duration="2" z="0" displayIndex="8">
     <transform/>
    </frame>
    <frame duration="2" z="0" displayIndex="9">
     <transform/>
    </frame>
    <frame duration="2" z="0" displayIndex="10">
     <transform/>
    </frame>
    <frame duration="2" z="0" displayIndex="11">
     <transform/>
    </frame>
    <frame duration="2" z="0" displayIndex="12">
     <transform/>
    </frame>
    <frame duration="2" z="0" displayIndex="13">
     <transform/>
    </frame>
    <frame duration="2" z="0" displayIndex="14">
     <transform/>
    </frame>
    <frame duration="2" z="0" displayIndex="15">
     <transform/>
    </frame>
    <frame duration="2" z="0" displayIndex="16">
     <transform/>
    </frame>
    <frame duration="2" z="0" displayIndex="17">
     <transform/>
    </frame>
    <frame duration="2" z="0" displayIndex="18">
     <transform/>
    </frame>
    <frame duration="2" z="0" displayIndex="19">
     <transform/>
    </frame>
    <frame duration="2" z="0" displayIndex="20">
     <transform/>
    </frame>
    <frame duration="2" z="0" displayIndex="21">
     <transform/>
    </frame>
    <frame duration="2" z="0" displayIndex="22">
     <transform/>
    </frame>
    <frame duration="2" z="0" displayIndex="23">
     <transform/>
    </frame>
    <frame duration="2" z="0" displayIndex="24">
     <transform/>
    </frame>
    <frame duration="2" z="0" displayIndex="25">
     <transform/>
    </frame>
    <frame duration="2" z="0" displayIndex="26">
     <transform/>
    </frame>
    <frame duration="2" z="0" displayIndex="27">
     <transform/>
    </frame>
    <frame duration="2" z="0" displayIndex="28">
     <transform/>
    </frame>
    <frame duration="2" z="0" displayIndex="29">
     <transform/>
    </frame>
    <frame duration="1" z="0" displayIndex="30">
     <transform/>
    </frame>
    <frame duration="1" z="0" displayIndex="31">
     <transform/>
    </frame>
    <frame duration="1" z="0" displayIndex="32">
     <transform/>
    </frame>
    <frame duration="1" z="0" displayIndex="33">
     <transform/>
    </frame>
    <frame duration="1" z="0" displayIndex="34">
     <transform/>
    </frame>
    <frame duration="1" z="0" displayIndex="35">
     <transform/>
    </frame>
    <frame duration="1" z="0" displayIndex="36">
     <transform/>
    </frame>
    <frame duration="1" z="0" displayIndex="37">
     <transform/>
    </frame>
    <frame duration="1" z="0" displayIndex="38">
     <transform/>
    </frame>
    <frame duration="1" z="0" displayIndex="39">
     <transform/>
    </frame>
    <frame duration="1" z="0" displayIndex="40">
     <transform/>
    </frame>
    <frame duration="1" z="0" displayIndex="41">
     <transform/>
    </frame>
    <frame duration="1" z="0" displayIndex="42">
     <transform/>
    </frame>
    <frame duration="1" z="0" displayIndex="43">
     <transform/>
    </frame>
    <frame duration="1" z="0" displayIndex="44">
     <transform/>
    </frame>
    <frame duration="1" z="0" displayIndex="44">
     <transform/>
    </frame>
   </timeline>
  </animation>
 </armature>
 <armature name="swamp4">
  <bone name="Layer 1">
   <transform/>
  </bone>
  <skin name="default">
   <slot name="Layer 1" z="0" parent="Layer 1">
    <display name="Shape/shape 6790" type="image">
     <transform pX="40" pY="40"/>
    </display>
    <display name="Shape/shape 6792" type="image">
     <transform pX="40" pY="40"/>
    </display>
    <display name="Shape/shape 6794" type="image">
     <transform pX="40" pY="40"/>
    </display>
    <display name="Shape/shape 6796" type="image">
     <transform pX="40" pY="40"/>
    </display>
    <display name="Shape/shape 6798" type="image">
     <transform pX="40" pY="40"/>
    </display>
    <display name="Shape/shape 6800" type="image">
     <transform pX="40" pY="40"/>
    </display>
    <display name="Shape/shape 6802" type="image">
     <transform pX="40" pY="40"/>
    </display>
    <display name="Shape/shape 6804" type="image">
     <transform pX="40" pY="40"/>
    </display>
    <display name="Shape/shape 6806" type="image">
     <transform pX="40" pY="40"/>
    </display>
    <display name="Shape/shape 6808" type="image">
     <transform pX="40" pY="40"/>
    </display>
    <display name="Shape/shape 6810" type="image">
     <transform pX="40" pY="40"/>
    </display>
    <display name="Shape/shape 6812" type="image">
     <transform pX="40" pY="40"/>
    </display>
    <display name="Shape/shape 6814" type="image">
     <transform pX="40" pY="40"/>
    </display>
    <display name="Shape/shape 6816" type="image">
     <transform pX="40" pY="40"/>
    </display>
    <display name="Shape/shape 6818" type="image">
     <transform pX="40" pY="40"/>
    </display>
    <display name="Shape/shape 6820" type="image">
     <transform pX="40" pY="40"/>
    </display>
    <display name="Shape/shape 6822" type="image">
     <transform pX="40" pY="40"/>
    </display>
    <display name="Shape/shape 6824" type="image">
     <transform pX="40" pY="40"/>
    </display>
    <display name="Shape/shape 6826" type="image">
     <transform pX="40" pY="40"/>
    </display>
    <display name="Shape/shape 6828" type="image">
     <transform pX="40" pY="40"/>
    </display>
    <display name="Shape/shape 6830" type="image">
     <transform pX="40" pY="40"/>
    </display>
    <display name="Shape/shape 6832" type="image">
     <transform pX="40" pY="40"/>
    </display>
    <display name="Shape/shape 6834" type="image">
     <transform pX="40" pY="40"/>
    </display>
    <display name="Shape/shape 6836" type="image">
     <transform pX="40" pY="40"/>
    </display>
    <display name="Shape/shape 6838" type="image">
     <transform pX="40" pY="40"/>
    </display>
    <display name="Shape/shape 6840" type="image">
     <transform pX="40" pY="40"/>
    </display>
    <display name="Shape/shape 6842" type="image">
     <transform pX="40" pY="40"/>
    </display>
    <display name="Shape/shape 6844" type="image">
     <transform pX="40" pY="40"/>
    </display>
    <display name="Shape/shape 6846" type="image">
     <transform pX="40" pY="40"/>
    </display>
    <display name="Shape/shape 6848" type="image">
     <transform pX="40" pY="40"/>
    </display>
    <display name="Shape/shape 6849" type="image">
     <transform pX="40" pY="40"/>
    </display>
    <display name="Shape/shape 6851" type="image">
     <transform pX="40" pY="40"/>
    </display>
    <display name="Shape/shape 6853" type="image">
     <transform pX="40" pY="40"/>
    </display>
    <display name="Shape/shape 6855" type="image">
     <transform pX="40" pY="40"/>
    </display>
    <display name="Shape/shape 6857" type="image">
     <transform pX="40" pY="40"/>
    </display>
    <display name="Shape/shape 6859" type="image">
     <transform pX="40" pY="40"/>
    </display>
    <display name="Shape/shape 6861" type="image">
     <transform pX="40" pY="40"/>
    </display>
    <display name="Shape/shape 6863" type="image">
     <transform pX="40" pY="40"/>
    </display>
    <display name="Shape/shape 6865" type="image">
     <transform pX="40" pY="40"/>
    </display>
    <display name="Shape/shape 6867" type="image">
     <transform pX="40" pY="40"/>
    </display>
    <display name="Shape/shape 6869" type="image">
     <transform pX="40" pY="40"/>
    </display>
    <display name="Shape/shape 6871" type="image">
     <transform pX="40" pY="40"/>
    </display>
    <display name="Shape/shape 6873" type="image">
     <transform pX="40" pY="40"/>
    </display>
    <display name="Shape/shape 6875" type="image">
     <transform pX="40" pY="40"/>
    </display>
   </slot>
  </skin>
  <animation name="swamp4" fadeInTime="0.3" tweenEasing="NaN" autoTween="NaN" duration="76">
   <timeline name="Layer 1">
    <frame z="0" duration="2">
     <transform/>
    </frame>
    <frame duration="2" z="0" displayIndex="1">
     <transform/>
    </frame>
    <frame duration="2" z="0" displayIndex="2">
     <transform/>
    </frame>
    <frame duration="2" z="0" displayIndex="3">
     <transform/>
    </frame>
    <frame duration="2" z="0" displayIndex="4">
     <transform/>
    </frame>
    <frame duration="2" z="0" displayIndex="5">
     <transform/>
    </frame>
    <frame duration="2" z="0" displayIndex="6">
     <transform/>
    </frame>
    <frame duration="2" z="0" displayIndex="7">
     <transform/>
    </frame>
    <frame duration="2" z="0" displayIndex="8">
     <transform/>
    </frame>
    <frame duration="2" z="0" displayIndex="9">
     <transform/>
    </frame>
    <frame duration="2" z="0" displayIndex="10">
     <transform/>
    </frame>
    <frame duration="2" z="0" displayIndex="11">
     <transform/>
    </frame>
    <frame duration="2" z="0" displayIndex="12">
     <transform/>
    </frame>
    <frame duration="2" z="0" displayIndex="13">
     <transform/>
    </frame>
    <frame duration="2" z="0" displayIndex="14">
     <transform/>
    </frame>
    <frame duration="2" z="0" displayIndex="15">
     <transform/>
    </frame>
    <frame duration="2" z="0" displayIndex="16">
     <transform/>
    </frame>
    <frame duration="2" z="0" displayIndex="17">
     <transform/>
    </frame>
    <frame duration="2" z="0" displayIndex="18">
     <transform/>
    </frame>
    <frame duration="2" z="0" displayIndex="19">
     <transform/>
    </frame>
    <frame duration="2" z="0" displayIndex="20">
     <transform/>
    </frame>
    <frame duration="2" z="0" displayIndex="21">
     <transform/>
    </frame>
    <frame duration="2" z="0" displayIndex="22">
     <transform/>
    </frame>
    <frame duration="2" z="0" displayIndex="23">
     <transform/>
    </frame>
    <frame duration="2" z="0" displayIndex="24">
     <transform/>
    </frame>
    <frame duration="2" z="0" displayIndex="25">
     <transform/>
    </frame>
    <frame duration="2" z="0" displayIndex="26">
     <transform/>
    </frame>
    <frame duration="2" z="0" displayIndex="27">
     <transform/>
    </frame>
    <frame duration="2" z="0" displayIndex="28">
     <transform/>
    </frame>
    <frame duration="2" z="0" displayIndex="29">
     <transform/>
    </frame>
    <frame duration="2" z="0" displayIndex="30">
     <transform/>
    </frame>
    <frame duration="1" z="0" displayIndex="31">
     <transform/>
    </frame>
    <frame duration="1" z="0" displayIndex="32">
     <transform/>
    </frame>
    <frame duration="1" z="0" displayIndex="33">
     <transform/>
    </frame>
    <frame duration="1" z="0" displayIndex="34">
     <transform/>
    </frame>
    <frame duration="1" z="0" displayIndex="35">
     <transform/>
    </frame>
    <frame duration="1" z="0" displayIndex="36">
     <transform/>
    </frame>
    <frame duration="1" z="0" displayIndex="37">
     <transform/>
    </frame>
    <frame duration="1" z="0" displayIndex="38">
     <transform/>
    </frame>
    <frame duration="1" z="0" displayIndex="39">
     <transform/>
    </frame>
    <frame duration="1" z="0" displayIndex="40">
     <transform/>
    </frame>
    <frame duration="1" z="0" displayIndex="41">
     <transform/>
    </frame>
    <frame duration="1" z="0" displayIndex="42">
     <transform/>
    </frame>
    <frame duration="1" z="0" displayIndex="43">
     <transform/>
    </frame>
    <frame duration="1" z="0" displayIndex="43">
     <transform/>
    </frame>
   </timeline>
  </animation>
 </armature>
</root>