<TextureAtlas name="CastGetAllSwamp_mc" imagePath="texture.png">
 <SubTexture name="Shape/shape 6429" x="0" y="328" width="80" height="80"/>
 <SubTexture name="Shape/shape 6431" x="328" y="410" width="80" height="80"/>
 <SubTexture name="Shape/shape 6433" x="1312" y="656" width="80" height="80"/>
 <SubTexture name="Shape/shape 6435" x="164" y="656" width="80" height="80"/>
 <SubTexture name="Shape/shape 6437" x="410" y="738" width="80" height="80"/>
 <SubTexture name="Shape/shape 6439" x="1804" y="492" width="80" height="80"/>
 <SubTexture name="Shape/shape 6441" x="1722" y="492" width="80" height="80"/>
 <SubTexture name="Shape/shape 6443" x="1230" y="164" width="80" height="80"/>
 <SubTexture name="Shape/shape 6445" x="246" y="492" width="80" height="80"/>
 <SubTexture name="Shape/shape 6447" x="820" y="656" width="80" height="80"/>
 <SubTexture name="Shape/shape 6449" x="1804" y="656" width="80" height="80"/>
 <SubTexture name="Shape/shape 6451" x="984" y="574" width="80" height="80"/>
 <SubTexture name="Shape/shape 6453" x="820" y="492" width="80" height="80"/>
 <SubTexture name="Shape/shape 6455" x="1804" y="328" width="80" height="80"/>
 <SubTexture name="Shape/shape 6457" x="820" y="246" width="80" height="80"/>
 <SubTexture name="Shape/shape 6459" x="82" y="738" width="80" height="80"/>
 <SubTexture name="Shape/shape 6461" x="246" y="328" width="80" height="80"/>
 <SubTexture name="Shape/shape 6463" x="1722" y="574" width="80" height="80"/>
 <SubTexture name="Shape/shape 6465" x="1230" y="246" width="80" height="80"/>
 <SubTexture name="Shape/shape 6467" x="1394" y="574" width="80" height="80"/>
 <SubTexture name="Shape/shape 6469" x="246" y="246" width="80" height="80"/>
 <SubTexture name="Shape/shape 6471" x="902" y="656" width="80" height="80"/>
 <SubTexture name="Shape/shape 6473" x="574" y="164" width="80" height="80"/>
 <SubTexture name="Shape/shape 6475" x="1722" y="410" width="80" height="80"/>
 <SubTexture name="Shape/shape 6477" x="902" y="82" width="80" height="80"/>
 <SubTexture name="Shape/shape 6479" x="738" y="574" width="80" height="80"/>
 <SubTexture name="Shape/shape 6481" x="1558" y="328" width="80" height="80"/>
 <SubTexture name="Shape/shape 6483" x="82" y="0" width="80" height="80"/>
 <SubTexture name="Shape/shape 6485" x="1722" y="328" width="80" height="80"/>
 <SubTexture name="Shape/shape 6487" x="574" y="0" width="80" height="80"/>
 <SubTexture name="Shape/shape 6489" x="574" y="82" width="80" height="80"/>
 <SubTexture name="Shape/shape 6491" x="1886" y="0" width="80" height="80"/>
 <SubTexture name="Shape/shape 6493" x="574" y="656" width="80" height="80"/>
 <SubTexture name="Shape/shape 6495" x="246" y="82" width="80" height="80"/>
 <SubTexture name="Shape/shape 6497" x="1558" y="246" width="80" height="80"/>
 <SubTexture name="Shape/shape 6499" x="1558" y="410" width="80" height="80"/>
 <SubTexture name="Shape/shape 6501" x="246" y="164" width="80" height="80"/>
 <SubTexture name="Shape/shape 6503" x="82" y="492" width="80" height="80"/>
 <SubTexture name="Shape/shape 6505" x="1066" y="246" width="80" height="80"/>
 <SubTexture name="Shape/shape 6507" x="1230" y="492" width="80" height="80"/>
 <SubTexture name="Shape/shape 6509" x="1640" y="0" width="80" height="80"/>
 <SubTexture name="Shape/shape 6511" x="1476" y="164" width="80" height="80"/>
 <SubTexture name="Shape/shape 6513" x="492" y="328" width="80" height="80"/>
 <SubTexture name="Shape/shape 6515" x="1312" y="246" width="80" height="80"/>
 <SubTexture name="Shape/shape 6517" x="1148" y="328" width="80" height="80"/>
 <SubTexture name="Shape/shape 6520" x="820" y="328" width="80" height="80"/>
 <SubTexture name="Shape/shape 6522" x="656" y="328" width="80" height="80"/>
 <SubTexture name="Shape/shape 6524" x="164" y="246" width="80" height="80"/>
 <SubTexture name="Shape/shape 6526" x="656" y="164" width="80" height="80"/>
 <SubTexture name="Shape/shape 6528" x="328" y="164" width="80" height="80"/>
 <SubTexture name="Shape/shape 6530" x="1148" y="0" width="80" height="80"/>
 <SubTexture name="Shape/shape 6532" x="164" y="82" width="80" height="80"/>
 <SubTexture name="Shape/shape 6534" x="738" y="328" width="80" height="80"/>
 <SubTexture name="Shape/shape 6536" x="738" y="246" width="80" height="80"/>
 <SubTexture name="Shape/shape 6538" x="82" y="246" width="80" height="80"/>
 <SubTexture name="Shape/shape 6540" x="82" y="164" width="80" height="80"/>
 <SubTexture name="Shape/shape 6542" x="1394" y="410" width="80" height="80"/>
 <SubTexture name="Shape/shape 6544" x="902" y="410" width="80" height="80"/>
 <SubTexture name="Shape/shape 6546" x="738" y="410" width="80" height="80"/>
 <SubTexture name="Shape/shape 6548" x="492" y="738" width="80" height="80"/>
 <SubTexture name="Shape/shape 6550" x="82" y="82" width="80" height="80"/>
 <SubTexture name="Shape/shape 6552" x="410" y="410" width="80" height="80"/>
 <SubTexture name="Shape/shape 6554" x="1558" y="0" width="80" height="80"/>
 <SubTexture name="Shape/shape 6556" x="1230" y="0" width="80" height="80"/>
 <SubTexture name="Shape/shape 6558" x="246" y="0" width="80" height="80"/>
 <SubTexture name="Shape/shape 6560" x="246" y="574" width="80" height="80"/>
 <SubTexture name="Shape/shape 6562" x="328" y="328" width="80" height="80"/>
 <SubTexture name="Shape/shape 6564" x="1066" y="0" width="80" height="80"/>
 <SubTexture name="Shape/shape 6566" x="1066" y="82" width="80" height="80"/>
 <SubTexture name="Shape/shape 6568" x="1066" y="410" width="80" height="80"/>
 <SubTexture name="Shape/shape 6570" x="1558" y="574" width="80" height="80"/>
 <SubTexture name="Shape/shape 6572" x="1066" y="164" width="80" height="80"/>
 <SubTexture name="Shape/shape 6574" x="738" y="164" width="80" height="80"/>
 <SubTexture name="Shape/shape 6576" x="902" y="246" width="80" height="80"/>
 <SubTexture name="Shape/shape 6578" x="1230" y="656" width="80" height="80"/>
 <SubTexture name="Shape/shape 6580" x="410" y="328" width="80" height="80"/>
 <SubTexture name="Shape/shape 6581" x="1558" y="492" width="80" height="80"/>
 <SubTexture name="Shape/shape 6583" x="82" y="656" width="80" height="80"/>
 <SubTexture name="Shape/shape 6585" x="1230" y="328" width="80" height="80"/>
 <SubTexture name="Shape/shape 6587" x="492" y="164" width="80" height="80"/>
 <SubTexture name="Shape/shape 6589" x="1148" y="246" width="80" height="80"/>
 <SubTexture name="Shape/shape 6591" x="1640" y="328" width="80" height="80"/>
 <SubTexture name="Shape/shape 6592" x="1312" y="492" width="80" height="80"/>
 <SubTexture name="Shape/shape 6594" x="0" y="656" width="80" height="80"/>
 <SubTexture name="Shape/shape 6596" x="1312" y="574" width="80" height="80"/>
 <SubTexture name="Shape/shape 6598" x="820" y="574" width="80" height="80"/>
 <SubTexture name="Shape/shape 6600" x="656" y="656" width="80" height="80"/>
 <SubTexture name="Shape/shape 6602" x="328" y="738" width="80" height="80"/>
 <SubTexture name="Shape/shape 6604" x="1640" y="656" width="80" height="80"/>
 <SubTexture name="Shape/shape 6606" x="164" y="738" width="80" height="80"/>
 <SubTexture name="Shape/shape 6609" x="902" y="328" width="80" height="80"/>
 <SubTexture name="Shape/shape 6611" x="1066" y="328" width="80" height="80"/>
 <SubTexture name="Shape/shape 6613" x="1722" y="246" width="80" height="80"/>
 <SubTexture name="Shape/shape 6615" x="574" y="492" width="80" height="80"/>
 <SubTexture name="Shape/shape 6617" x="410" y="246" width="80" height="80"/>
 <SubTexture name="Shape/shape 6619" x="410" y="492" width="80" height="80"/>
 <SubTexture name="Shape/shape 6621" x="902" y="164" width="80" height="80"/>
 <SubTexture name="Shape/shape 6623" x="1394" y="164" width="80" height="80"/>
 <SubTexture name="Shape/shape 6625" x="1722" y="656" width="80" height="80"/>
 <SubTexture name="Shape/shape 6627" x="1230" y="410" width="80" height="80"/>
 <SubTexture name="Shape/shape 6629" x="574" y="574" width="80" height="80"/>
 <SubTexture name="Shape/shape 6631" x="410" y="574" width="80" height="80"/>
 <SubTexture name="Shape/shape 6633" x="246" y="410" width="80" height="80"/>
 <SubTexture name="Shape/shape 6635" x="1722" y="0" width="80" height="80"/>
 <SubTexture name="Shape/shape 6637" x="738" y="0" width="80" height="80"/>
 <SubTexture name="Shape/shape 6639" x="410" y="656" width="80" height="80"/>
 <SubTexture name="Shape/shape 6641" x="164" y="0" width="80" height="80"/>
 <SubTexture name="Shape/shape 6643" x="574" y="738" width="80" height="80"/>
 <SubTexture name="Shape/shape 6645" x="1640" y="82" width="80" height="80"/>
 <SubTexture name="Shape/shape 6647" x="1148" y="656" width="80" height="80"/>
 <SubTexture name="Shape/shape 6649" x="0" y="574" width="80" height="80"/>
 <SubTexture name="Shape/shape 6651" x="656" y="492" width="80" height="80"/>
 <SubTexture name="Shape/shape 6653" x="328" y="492" width="80" height="80"/>
 <SubTexture name="Shape/shape 6655" x="1476" y="410" width="80" height="80"/>
 <SubTexture name="Shape/shape 6657" x="984" y="410" width="80" height="80"/>
 <SubTexture name="Shape/shape 6659" x="1640" y="246" width="80" height="80"/>
 <SubTexture name="Shape/shape 6661" x="984" y="82" width="80" height="80"/>
 <SubTexture name="Shape/shape 6663" x="1476" y="82" width="80" height="80"/>
 <SubTexture name="Shape/shape 6665" x="656" y="0" width="80" height="80"/>
 <SubTexture name="Shape/shape 6667" x="574" y="328" width="80" height="80"/>
 <SubTexture name="Shape/shape 6669" x="1066" y="492" width="80" height="80"/>
 <SubTexture name="Shape/shape 6671" x="246" y="738" width="80" height="80"/>
 <SubTexture name="Shape/shape 6673" x="1558" y="164" width="80" height="80"/>
 <SubTexture name="Shape/shape 6675" x="738" y="656" width="80" height="80"/>
 <SubTexture name="Shape/shape 6677" x="1394" y="0" width="80" height="80"/>
 <SubTexture name="Shape/shape 6679" x="902" y="0" width="80" height="80"/>
 <SubTexture name="Shape/shape 6681" x="82" y="574" width="80" height="80"/>
 <SubTexture name="Shape/shape 6683" x="1640" y="410" width="80" height="80"/>
 <SubTexture name="Shape/shape 6685" x="1804" y="410" width="80" height="80"/>
 <SubTexture name="Shape/shape 6687" x="1476" y="246" width="80" height="80"/>
 <SubTexture name="Shape/shape 6689" x="656" y="82" width="80" height="80"/>
 <SubTexture name="Shape/shape 6691" x="492" y="82" width="80" height="80"/>
 <SubTexture name="Shape/shape 6693" x="1066" y="656" width="80" height="80"/>
 <SubTexture name="Shape/shape 6695" x="410" y="164" width="80" height="80"/>
 <SubTexture name="Shape/shape 6697" x="902" y="574" width="80" height="80"/>
 <SubTexture name="Shape/shape 6700" x="1394" y="656" width="80" height="80"/>
 <SubTexture name="Shape/shape 6702" x="1394" y="246" width="80" height="80"/>
 <SubTexture name="Shape/shape 6704" x="1476" y="656" width="80" height="80"/>
 <SubTexture name="Shape/shape 6706" x="1148" y="492" width="80" height="80"/>
 <SubTexture name="Shape/shape 6708" x="328" y="656" width="80" height="80"/>
 <SubTexture name="Shape/shape 6710" x="1476" y="328" width="80" height="80"/>
 <SubTexture name="Shape/shape 6712" x="492" y="0" width="80" height="80"/>
 <SubTexture name="Shape/shape 6714" x="246" y="656" width="80" height="80"/>
 <SubTexture name="Shape/shape 6716" x="1394" y="492" width="80" height="80"/>
 <SubTexture name="Shape/shape 6718" x="82" y="328" width="80" height="80"/>
 <SubTexture name="Shape/shape 6720" x="902" y="492" width="80" height="80"/>
 <SubTexture name="Shape/shape 6722" x="1886" y="246" width="80" height="80"/>
 <SubTexture name="Shape/shape 6724" x="1722" y="164" width="80" height="80"/>
 <SubTexture name="Shape/shape 6726" x="574" y="410" width="80" height="80"/>
 <SubTexture name="Shape/shape 6728" x="1558" y="656" width="80" height="80"/>
 <SubTexture name="Shape/shape 6730" x="1394" y="328" width="80" height="80"/>
 <SubTexture name="Shape/shape 6732" x="1394" y="82" width="80" height="80"/>
 <SubTexture name="Shape/shape 6734" x="1886" y="82" width="80" height="80"/>
 <SubTexture name="Shape/shape 6736" x="1230" y="574" width="80" height="80"/>
 <SubTexture name="Shape/shape 6738" x="574" y="246" width="80" height="80"/>
 <SubTexture name="Shape/shape 6740" x="1804" y="0" width="80" height="80"/>
 <SubTexture name="Shape/shape 6742" x="0" y="738" width="80" height="80"/>
 <SubTexture name="Shape/shape 6744" x="492" y="656" width="80" height="80"/>
 <SubTexture name="Shape/shape 6746" x="1804" y="574" width="80" height="80"/>
 <SubTexture name="Shape/shape 6748" x="1640" y="574" width="80" height="80"/>
 <SubTexture name="Shape/shape 6750" x="1476" y="574" width="80" height="80"/>
 <SubTexture name="Shape/shape 6752" x="492" y="574" width="80" height="80"/>
 <SubTexture name="Shape/shape 6754" x="164" y="574" width="80" height="80"/>
 <SubTexture name="Shape/shape 6756" x="492" y="492" width="80" height="80"/>
 <SubTexture name="Shape/shape 6758" x="1148" y="410" width="80" height="80"/>
 <SubTexture name="Shape/shape 6760" x="1312" y="410" width="80" height="80"/>
 <SubTexture name="Shape/shape 6761" x="656" y="410" width="80" height="80"/>
 <SubTexture name="Shape/shape 6763" x="0" y="410" width="80" height="80"/>
 <SubTexture name="Shape/shape 6765" x="1312" y="328" width="80" height="80"/>
 <SubTexture name="Shape/shape 6767" x="1804" y="246" width="80" height="80"/>
 <SubTexture name="Shape/shape 6769" x="656" y="246" width="80" height="80"/>
 <SubTexture name="Shape/shape 6771" x="328" y="246" width="80" height="80"/>
 <SubTexture name="Shape/shape 6773" x="0" y="246" width="80" height="80"/>
 <SubTexture name="Shape/shape 6775" x="1640" y="164" width="80" height="80"/>
 <SubTexture name="Shape/shape 6777" x="820" y="164" width="80" height="80"/>
 <SubTexture name="Shape/shape 6779" x="1804" y="82" width="80" height="80"/>
 <SubTexture name="Shape/shape 6781" x="984" y="164" width="80" height="80"/>
 <SubTexture name="Shape/shape 6783" x="820" y="82" width="80" height="80"/>
 <SubTexture name="Shape/shape 6785" x="328" y="82" width="80" height="80"/>
 <SubTexture name="Shape/shape 6787" x="984" y="0" width="80" height="80"/>
 <SubTexture name="Shape/shape 6790" x="656" y="574" width="80" height="80"/>
 <SubTexture name="Shape/shape 6792" x="328" y="574" width="80" height="80"/>
 <SubTexture name="Shape/shape 6794" x="1476" y="492" width="80" height="80"/>
 <SubTexture name="Shape/shape 6796" x="1640" y="492" width="80" height="80"/>
 <SubTexture name="Shape/shape 6798" x="984" y="492" width="80" height="80"/>
 <SubTexture name="Shape/shape 6800" x="164" y="492" width="80" height="80"/>
 <SubTexture name="Shape/shape 6802" x="820" y="410" width="80" height="80"/>
 <SubTexture name="Shape/shape 6804" x="492" y="410" width="80" height="80"/>
 <SubTexture name="Shape/shape 6806" x="984" y="328" width="80" height="80"/>
 <SubTexture name="Shape/shape 6808" x="164" y="328" width="80" height="80"/>
 <SubTexture name="Shape/shape 6810" x="984" y="246" width="80" height="80"/>
 <SubTexture name="Shape/shape 6812" x="492" y="246" width="80" height="80"/>
 <SubTexture name="Shape/shape 6814" x="1804" y="164" width="80" height="80"/>
 <SubTexture name="Shape/shape 6816" x="1148" y="164" width="80" height="80"/>
 <SubTexture name="Shape/shape 6818" x="1312" y="164" width="80" height="80"/>
 <SubTexture name="Shape/shape 6820" x="0" y="164" width="80" height="80"/>
 <SubTexture name="Shape/shape 6822" x="1148" y="82" width="80" height="80"/>
 <SubTexture name="Shape/shape 6824" x="0" y="82" width="80" height="80"/>
 <SubTexture name="Shape/shape 6826" x="1312" y="0" width="80" height="80"/>
 <SubTexture name="Shape/shape 6828" x="1476" y="0" width="80" height="80"/>
 <SubTexture name="Shape/shape 6830" x="820" y="0" width="80" height="80"/>
 <SubTexture name="Shape/shape 6832" x="328" y="0" width="80" height="80"/>
 <SubTexture name="Shape/shape 6834" x="0" y="0" width="80" height="80"/>
 <SubTexture name="Shape/shape 6836" x="1886" y="492" width="80" height="80"/>
 <SubTexture name="Shape/shape 6838" x="1886" y="574" width="80" height="80"/>
 <SubTexture name="Shape/shape 6840" x="738" y="492" width="80" height="80"/>
 <SubTexture name="Shape/shape 6842" x="1886" y="656" width="80" height="80"/>
 <SubTexture name="Shape/shape 6844" x="1886" y="164" width="80" height="80"/>
 <SubTexture name="Shape/shape 6846" x="1886" y="410" width="80" height="80"/>
 <SubTexture name="Shape/shape 6848" x="1066" y="574" width="80" height="80"/>
 <SubTexture name="Shape/shape 6849" x="1558" y="82" width="80" height="80"/>
 <SubTexture name="Shape/shape 6851" x="1230" y="82" width="80" height="80"/>
 <SubTexture name="Shape/shape 6853" x="1722" y="82" width="80" height="80"/>
 <SubTexture name="Shape/shape 6855" x="410" y="82" width="80" height="80"/>
 <SubTexture name="Shape/shape 6857" x="738" y="82" width="80" height="80"/>
 <SubTexture name="Shape/shape 6859" x="82" y="410" width="80" height="80"/>
 <SubTexture name="Shape/shape 6861" x="1886" y="328" width="80" height="80"/>
 <SubTexture name="Shape/shape 6863" x="410" y="0" width="80" height="80"/>
 <SubTexture name="Shape/shape 6865" x="1148" y="574" width="80" height="80"/>
 <SubTexture name="Shape/shape 6867" x="984" y="656" width="80" height="80"/>
 <SubTexture name="Shape/shape 6869" x="0" y="492" width="80" height="80"/>
 <SubTexture name="Shape/shape 6871" x="164" y="410" width="80" height="80"/>
 <SubTexture name="Shape/shape 6873" x="164" y="164" width="80" height="80"/>
 <SubTexture name="Shape/shape 6875" x="1312" y="82" width="80" height="80"/>
</TextureAtlas>