<TextureAtlas name="Upgrades_mc" imagePath="texture.png">
 <SubTexture name="Symbol 1571" x="690" y="502" width="700" height="500"/>
 <SubTexture name="Symbol 1600" x="690" y="0" width="700" height="500"/>
 <SubTexture name="Symbol 5315" x="0" y="0" width="688" height="534"/>
 <SubTexture name="位图 2" x="1392" y="0" width="201" height="24"/>
 <SubTexture name="Symbol 5320" x="1558" y="26" width="26" height="54"/>
 <SubTexture name="Symbol 5323" x="2018" y="101" width="27" height="45"/>
 <SubTexture name="Symbol 5326" x="2022" y="40" width="24" height="46"/>
 <SubTexture name="Symbol 5329" x="1558" y="82" width="25" height="45"/>
 <SubTexture name="Symbol 5341" x="1716" y="284" width="52" height="59"/>
 <SubTexture name="Symbol 5333" x="1554" y="446" width="52" height="59"/>
 <SubTexture name="Symbol 5338" x="1770" y="467" width="52" height="59"/>
 <SubTexture name="Symbol 5345" x="1986" y="406" width="52" height="59"/>
 <SubTexture name="位图 7" x="1554" y="129" width="27" height="33"/>
 <SubTexture name="Symbol 47" x="1608" y="629" width="50" height="50"/>
 <SubTexture name="Symbol 5352" x="1446" y="554" width="52" height="59"/>
 <SubTexture name="Symbol 5348" x="1504" y="26" width="52" height="59"/>
 <SubTexture name="Symbol 5350" x="1824" y="406" width="52" height="59"/>
 <SubTexture name="Symbol 5354" x="1500" y="453" width="52" height="59"/>
 <SubTexture name="Symbol 5362" x="54" y="536" width="52" height="59"/>
 <SubTexture name="Symbol 5357" x="1986" y="528" width="52" height="59"/>
 <SubTexture name="Symbol 5360" x="1824" y="589" width="52" height="59"/>
 <SubTexture name="Symbol 5364" x="1824" y="345" width="52" height="59"/>
 <SubTexture name="Symbol 5370" x="1806" y="40" width="52" height="59"/>
 <SubTexture name="Symbol 5367" x="1392" y="371" width="52" height="59"/>
 <SubTexture name="Symbol 5369" x="1500" y="209" width="52" height="59"/>
 <SubTexture name="Symbol 5372" x="1554" y="507" width="52" height="59"/>
 <SubTexture name="Symbol 5378" x="1446" y="432" width="52" height="59"/>
 <SubTexture name="Symbol 5375" x="1932" y="589" width="52" height="59"/>
 <SubTexture name="Symbol 5377" x="1554" y="263" width="52" height="59"/>
 <SubTexture name="Symbol 5380" x="1662" y="223" width="52" height="59"/>
 <SubTexture name="Symbol 5387" x="1932" y="223" width="52" height="59"/>
 <SubTexture name="Symbol 5383" x="1878" y="528" width="52" height="59"/>
 <SubTexture name="Symbol 5385" x="1662" y="528" width="52" height="59"/>
 <SubTexture name="Symbol 5389" x="1554" y="385" width="52" height="59"/>
 <SubTexture name="Symbol 5395" x="1586" y="80" width="52" height="59"/>
 <SubTexture name="Symbol 5392" x="1878" y="467" width="52" height="59"/>
 <SubTexture name="Symbol 5394" x="1986" y="345" width="52" height="59"/>
 <SubTexture name="Symbol 5397" x="1748" y="101" width="52" height="59"/>
 <SubTexture name="Symbol 5403" x="1932" y="528" width="52" height="59"/>
 <SubTexture name="Symbol 5400" x="1392" y="554" width="52" height="59"/>
 <SubTexture name="Symbol 5402" x="1910" y="101" width="52" height="59"/>
 <SubTexture name="Symbol 5405" x="1932" y="406" width="52" height="59"/>
 <SubTexture name="Symbol 5411" x="216" y="536" width="52" height="59"/>
 <SubTexture name="Symbol 5408" x="1853" y="162" width="52" height="59"/>
 <SubTexture name="Symbol 5410" x="1392" y="66" width="52" height="59"/>
 <SubTexture name="Symbol 5413" x="162" y="597" width="52" height="59"/>
 <SubTexture name="Symbol 5419" x="1878" y="345" width="52" height="59"/>
 <SubTexture name="Symbol 5416" x="1932" y="345" width="52" height="59"/>
 <SubTexture name="Symbol 5418" x="1878" y="223" width="52" height="59"/>
 <SubTexture name="Symbol 5421" x="432" y="536" width="52" height="59"/>
 <SubTexture name="Symbol 5427" x="486" y="597" width="52" height="59"/>
 <SubTexture name="Symbol 5424" x="1716" y="223" width="52" height="59"/>
 <SubTexture name="Symbol 5426" x="1964" y="101" width="52" height="59"/>
 <SubTexture name="Symbol 5429" x="1986" y="223" width="52" height="59"/>
 <SubTexture name="Symbol 5435" x="1907" y="162" width="52" height="59"/>
 <SubTexture name="Symbol 5432" x="1752" y="40" width="52" height="59"/>
 <SubTexture name="Symbol 5434" x="1662" y="406" width="52" height="59"/>
 <SubTexture name="Symbol 5437" x="1446" y="371" width="52" height="59"/>
 <SubTexture name="Symbol 5443" x="1745" y="162" width="52" height="59"/>
 <SubTexture name="Symbol 5440" x="324" y="536" width="52" height="59"/>
 <SubTexture name="Symbol 5442" x="378" y="597" width="52" height="59"/>
 <SubTexture name="Symbol 5445" x="1878" y="589" width="52" height="59"/>
 <SubTexture name="Symbol 5451" x="1986" y="284" width="52" height="59"/>
 <SubTexture name="Symbol 5448" x="216" y="597" width="52" height="59"/>
 <SubTexture name="Symbol 5450" x="1500" y="575" width="52" height="59"/>
 <SubTexture name="Symbol 5453" x="1500" y="514" width="52" height="59"/>
 <SubTexture name="Symbol 5459" x="1932" y="467" width="52" height="59"/>
 <SubTexture name="Symbol 5456" x="1961" y="162" width="52" height="59"/>
 <SubTexture name="Symbol 5458" x="0" y="597" width="52" height="59"/>
 <SubTexture name="Symbol 5461" x="1640" y="80" width="52" height="59"/>
 <SubTexture name="Symbol 5467" x="1968" y="40" width="52" height="59"/>
 <SubTexture name="Symbol 5464" x="1608" y="324" width="52" height="59"/>
 <SubTexture name="Symbol 5466" x="1986" y="589" width="52" height="59"/>
 <SubTexture name="Symbol 5469" x="486" y="536" width="52" height="59"/>
 <SubTexture name="Symbol 5475" x="1446" y="615" width="52" height="59"/>
 <SubTexture name="Symbol 5472" x="1824" y="223" width="52" height="59"/>
 <SubTexture name="Symbol 5474" x="1608" y="202" width="52" height="59"/>
 <SubTexture name="Symbol 5477" x="432" y="597" width="52" height="59"/>
 <SubTexture name="Symbol 5483" x="1716" y="467" width="52" height="59"/>
 <SubTexture name="Symbol 5480" x="1694" y="101" width="52" height="59"/>
 <SubTexture name="Symbol 5482" x="1392" y="127" width="52" height="59"/>
 <SubTexture name="Symbol 5485" x="1608" y="568" width="52" height="59"/>
 <SubTexture name="Symbol 5492" x="270" y="597" width="52" height="59"/>
 <SubTexture name="Symbol 5488" x="1608" y="507" width="52" height="59"/>
 <SubTexture name="Symbol 5490" x="1608" y="385" width="52" height="59"/>
 <SubTexture name="Symbol 5494" x="1878" y="284" width="52" height="59"/>
 <SubTexture name="Symbol 5500" x="1824" y="528" width="52" height="59"/>
 <SubTexture name="Symbol 5497" x="1802" y="101" width="52" height="59"/>
 <SubTexture name="Symbol 5499" x="1662" y="345" width="52" height="59"/>
 <SubTexture name="Symbol 5502" x="1716" y="589" width="52" height="59"/>
 <SubTexture name="Symbol 5508" x="1770" y="528" width="52" height="59"/>
 <SubTexture name="Symbol 5505" x="1608" y="446" width="52" height="59"/>
 <SubTexture name="Symbol 5507" x="1770" y="406" width="52" height="59"/>
 <SubTexture name="Symbol 5510" x="1446" y="310" width="52" height="59"/>
 <SubTexture name="Symbol 5516" x="1716" y="528" width="52" height="59"/>
 <SubTexture name="Symbol 5513" x="1554" y="568" width="52" height="59"/>
 <SubTexture name="Symbol 5515" x="108" y="597" width="52" height="59"/>
 <SubTexture name="Symbol 5518" x="1824" y="467" width="52" height="59"/>
 <SubTexture name="Symbol 5525" x="1662" y="467" width="52" height="59"/>
 <SubTexture name="Symbol 5521" x="1608" y="263" width="52" height="59"/>
 <SubTexture name="Symbol 5523" x="1554" y="202" width="52" height="59"/>
 <SubTexture name="Symbol 5527" x="1392" y="188" width="52" height="59"/>
 <SubTexture name="Symbol 5533" x="108" y="536" width="52" height="59"/>
 <SubTexture name="Symbol 5530" x="1554" y="324" width="52" height="59"/>
 <SubTexture name="Symbol 5532" x="1932" y="284" width="52" height="59"/>
 <SubTexture name="Symbol 5535" x="1500" y="270" width="52" height="59"/>
 <SubTexture name="Symbol 5542" x="1554" y="629" width="52" height="59"/>
 <SubTexture name="Symbol 5538" x="1824" y="284" width="52" height="59"/>
 <SubTexture name="Symbol 5540" x="54" y="597" width="52" height="59"/>
 <SubTexture name="Symbol 5544" x="1878" y="406" width="52" height="59"/>
 <SubTexture name="Symbol 5550" x="1446" y="188" width="52" height="59"/>
 <SubTexture name="Symbol 5547" x="1914" y="40" width="52" height="59"/>
 <SubTexture name="Symbol 5549" x="1856" y="101" width="52" height="59"/>
 <SubTexture name="Symbol 5552" x="270" y="536" width="52" height="59"/>
 <SubTexture name="Symbol 5558" x="1770" y="284" width="52" height="59"/>
 <SubTexture name="Symbol 5555" x="1691" y="162" width="52" height="59"/>
 <SubTexture name="Symbol 5557" x="1698" y="40" width="52" height="59"/>
 <SubTexture name="Symbol 5560" x="324" y="597" width="52" height="59"/>
 <SubTexture name="Symbol 5566" x="1662" y="284" width="52" height="59"/>
 <SubTexture name="Symbol 5563" x="1799" y="162" width="52" height="59"/>
 <SubTexture name="Symbol 5565" x="1860" y="40" width="52" height="59"/>
 <SubTexture name="Symbol 5568" x="1716" y="406" width="52" height="59"/>
 <SubTexture name="Symbol 5574" x="1392" y="615" width="52" height="59"/>
 <SubTexture name="Symbol 5571" x="1986" y="467" width="52" height="59"/>
 <SubTexture name="Symbol 5573" x="1446" y="249" width="52" height="59"/>
 <SubTexture name="Symbol 5576" x="1637" y="141" width="52" height="59"/>
 <SubTexture name="Symbol 5582" x="1583" y="141" width="52" height="59"/>
 <SubTexture name="Symbol 5579" x="1446" y="66" width="52" height="59"/>
 <SubTexture name="Symbol 5581" x="1500" y="331" width="52" height="59"/>
 <SubTexture name="Symbol 5584" x="1500" y="392" width="52" height="59"/>
 <SubTexture name="Symbol 5590" x="1446" y="127" width="52" height="59"/>
 <SubTexture name="Symbol 5587" x="0" y="536" width="52" height="59"/>
 <SubTexture name="Symbol 5589" x="1716" y="345" width="52" height="59"/>
 <SubTexture name="Symbol 5592" x="1392" y="310" width="52" height="59"/>
 <SubTexture name="Symbol 5598" x="540" y="536" width="52" height="59"/>
 <SubTexture name="Symbol 5595" x="1392" y="432" width="52" height="59"/>
 <SubTexture name="Symbol 5597" x="1500" y="87" width="52" height="59"/>
 <SubTexture name="Symbol 5600" x="540" y="597" width="52" height="59"/>
 <SubTexture name="Symbol 5606" x="1770" y="345" width="52" height="59"/>
 <SubTexture name="Symbol 5603" x="1392" y="249" width="52" height="59"/>
 <SubTexture name="Symbol 5605" x="594" y="536" width="52" height="59"/>
 <SubTexture name="Symbol 5608" x="1770" y="223" width="52" height="59"/>
 <SubTexture name="Symbol 5614" x="1500" y="148" width="52" height="59"/>
 <SubTexture name="Symbol 5611" x="594" y="597" width="52" height="59"/>
 <SubTexture name="Symbol 5613" x="1662" y="589" width="52" height="59"/>
 <SubTexture name="Symbol 5616" x="378" y="536" width="52" height="59"/>
 <SubTexture name="Symbol 5623" x="1392" y="493" width="52" height="59"/>
 <SubTexture name="Symbol 5619" x="1770" y="589" width="52" height="59"/>
 <SubTexture name="Symbol 5621" x="162" y="536" width="52" height="59"/>
 <SubTexture name="Symbol 5625" x="1446" y="493" width="52" height="59"/>
 <SubTexture name="__dbTextures/Symbol 5633/Layer 2_0" x="1595" y="0" width="110" height="38"/>
 <SubTexture name="__dbTextures/Symbol 5633/Layer 2_1" x="1392" y="26" width="110" height="38"/>
 <SubTexture name="__dbTextures/Symbol 5633/Layer 2_2" x="1586" y="40" width="110" height="38"/>
 <SubTexture name="__dbTextures/Symbol 5640/Layer 2_0" x="1707" y="0" width="110" height="38"/>
 <SubTexture name="__dbTextures/Symbol 5640/Layer 2_1" x="1819" y="0" width="110" height="38"/>
 <SubTexture name="__dbTextures/Symbol 5640/Layer 2_2" x="1931" y="0" width="110" height="38"/>
</TextureAtlas>