<TextureAtlas name="Unit18_mc" imagePath="texture.png">
 <SubTexture name="dust4" x="312" y="124" width="50" height="50"/>
 <SubTexture name="selectUnit" x="104" y="144" width="50" height="50"/>
 <SubTexture name="sprite 7652" x="388" y="72" width="50" height="50"/>
 <SubTexture name="healthBar" x="312" y="176" width="50" height="50"/>
 <SubTexture name="armor" x="260" y="144" width="50" height="50"/>
 <SubTexture name="iceEffect" x="156" y="196" width="50" height="50"/>
 <SubTexture name="fireEffect" x="260" y="196" width="50" height="50"/>
 <SubTexture name="iceFreez" x="416" y="130" width="50" height="50"/>
 <SubTexture name="levinattack" x="312" y="72" width="50" height="50"/>
 <SubTexture name="iceattack" x="0" y="144" width="50" height="50"/>
 <SubTexture name="fireattack" x="156" y="144" width="50" height="50"/>
 <SubTexture name="dust3" x="208" y="196" width="50" height="50"/>
 <SubTexture name="dust2" x="416" y="182" width="50" height="50"/>
 <SubTexture name="dust1" x="364" y="176" width="50" height="50"/>
 <SubTexture name="buffSpeed" x="208" y="144" width="50" height="50"/>
 <SubTexture name="airShock" x="104" y="196" width="50" height="50"/>
 <SubTexture name="buffHP" x="52" y="196" width="50" height="50"/>
 <SubTexture name="iceDeath" x="312" y="228" width="50" height="50"/>
 <SubTexture name="stonedeath" x="52" y="144" width="50" height="50"/>
 <SubTexture name="levindeath" x="0" y="196" width="50" height="50"/>
 <SubTexture name="case" x="364" y="124" width="50" height="50"/>
 <SubTexture name="Shape/shape 3092" x="468" y="116" width="26" height="27"/>
 <SubTexture name="Shape/shape 3094" x="440" y="72" width="26" height="27"/>
 <SubTexture name="Shape/shape 3096" x="468" y="174" width="26" height="27"/>
 <SubTexture name="Shape/shape 3098" x="440" y="101" width="26" height="27"/>
 <SubTexture name="Shape/shape 3100" x="468" y="145" width="26" height="27"/>
 <SubTexture name="Shape/shape 3102" x="468" y="29" width="26" height="27"/>
 <SubTexture name="Shape/shape 3104" x="468" y="87" width="26" height="27"/>
 <SubTexture name="Shape/shape 3106" x="468" y="58" width="26" height="27"/>
 <SubTexture name="Shape/shape 3108" x="468" y="0" width="26" height="27"/>
 <SubTexture name="Shape/shape 3110" x="364" y="72" width="22" height="27"/>
 <SubTexture name="Shape/shape 11993" x="156" y="72" width="76" height="70"/>
 <SubTexture name="Shape/shape 11995" x="390" y="0" width="76" height="70"/>
 <SubTexture name="Shape/shape 11997" x="156" y="0" width="76" height="70"/>
 <SubTexture name="Shape/shape 11999" x="78" y="0" width="76" height="70"/>
 <SubTexture name="Shape/shape 12001" x="0" y="72" width="76" height="70"/>
 <SubTexture name="Shape/shape 12003" x="234" y="72" width="76" height="70"/>
 <SubTexture name="Shape/shape 12005" x="312" y="0" width="76" height="70"/>
 <SubTexture name="Shape/shape 12007" x="234" y="0" width="76" height="70"/>
 <SubTexture name="Shape/shape 12009" x="78" y="72" width="76" height="70"/>
 <SubTexture name="Shape/shape 12011" x="0" y="0" width="76" height="70"/>
</TextureAtlas>