<root name="worldBook_mc" isGlobal="0" frameRate="30" version="3.0">
 <armature name="worldBook_mc">
  <skin name="default">
   <slot name="book" z="0" parent="book">
    <display name="book" type="armature">
     <transform scX="1" x="0" skX="0" scY="1" y="0" skY="0"/>
    </display>
   </slot>
   <slot name="pause" z="1" parent="pause">
    <display name="pause" type="armature">
     <transform scX="1" x="0" skX="0" scY="1" y="0" skY="0"/>
    </display>
   </slot>
   <slot name="sell" z="2" parent="sell">
    <display name="sellCase" type="armature">
     <transform scX="1" x="0" skX="0" scY="1" y="0" skY="0"/>
    </display>
   </slot>
  </skin>
  <bone name="book">
   <transform scX="1" x="-75.9" skX="0" scY="1" y="19" skY="0"/>
  </bone>
  <bone name="pause">
   <transform scX="1" x="-24.9" skX="0" scY="1" y="19" skY="0"/>
  </bone>
  <bone name="sell">
   <transform scX="1" x="-139.9" skX="0" scY="1" y="20" skY="0"/>
  </bone>
  <animation fadeInTime="0.3" scale="1" loop="1" autoTween="NaN" name="worldBook_mc" duration="1" tweenEasing="NaN">
   <timeline pX="0" name="book" pY="0" scale="1" offset="0">
    <frame z="0" duration="1">
     <transform scX="1" x="0" scY="1" y="0" pX="0" pY="0" skX="0" skY="0"/>
    </frame>
   </timeline>
   <timeline pX="0" name="pause" pY="0" scale="1" offset="0">
    <frame z="0" duration="1">
     <transform scX="1" x="0" scY="1" y="0" pX="0" pY="0" skX="0" skY="0"/>
    </frame>
   </timeline>
   <timeline pX="0" name="sell" pY="0" scale="1" offset="0">
    <frame z="0" duration="1">
     <transform scX="1" x="0" scY="1" y="0" pX="0" pY="0" skX="0" skY="0"/>
    </frame>
   </timeline>
  </animation>
 </armature>
 <armature name="book">
  <skin name="default">
   <slot name="Layer 1" z="0" parent="Layer 1">
    <display name="Shape/shape 12575" type="image">
     <transform scX="1" x="0" scY="1" y="0" pX="20" pY="19" skX="0" skY="0"/>
    </display>
    <display name="Shape/shape 12577" type="image">
     <transform scX="1" x="0" scY="1" y="0" pX="30" pY="23" skX="0" skY="0"/>
    </display>
    <display name="Shape/shape 12579" type="image">
     <transform scX="1" x="0" scY="1" y="0" pX="30" pY="23" skX="0" skY="0"/>
    </display>
    <display name="Shape/shape 12581" type="image">
     <transform scX="1" x="0" scY="1" y="0" pX="30" pY="23" skX="0" skY="0"/>
    </display>
    <display name="Shape/shape 12583" type="image">
     <transform scX="1" x="0" scY="1" y="0" pX="30" pY="23" skX="0" skY="0"/>
    </display>
    <display name="Shape/shape 12585" type="image">
     <transform scX="1" x="0" scY="1" y="0" pX="30" pY="23" skX="0" skY="0"/>
    </display>
    <display name="Shape/shape 12587" type="image">
     <transform scX="1" x="0" scY="1" y="0" pX="30" pY="23" skX="0" skY="0"/>
    </display>
    <display name="Shape/shape 12589" type="image">
     <transform scX="1" x="0" scY="1" y="0" pX="30" pY="23" skX="0" skY="0"/>
    </display>
    <display name="Shape/shape 12591" type="image">
     <transform scX="1" x="0" scY="1" y="0" pX="30" pY="23" skX="0" skY="0"/>
    </display>
    <display name="Shape/shape 12592" type="image">
     <transform scX="1" x="0" scY="1" y="0" pX="30" pY="23" skX="0" skY="0"/>
    </display>
    <display name="Shape/shape 12594" type="image">
     <transform scX="1" x="0" scY="1" y="0" pX="30" pY="23" skX="0" skY="0"/>
    </display>
   </slot>
   <slot name="bookCase" z="1" parent="bookCase">
    <display name="Case" type="image">
     <transform scX="1" x="0" scY="1" y="0" pX="25" pY="25" skX="0" skY="0"/>
    </display>
   </slot>
  </skin>
  <bone name="Layer 1">
   <transform scX="1" x="0" skX="0" scY="1" y="0" skY="0"/>
  </bone>
  <bone name="bookCase">
   <transform scX="0.78" x="0.45" skX="0" scY="0.77" y="-0.15" skY="0"/>
  </bone>
  <animation fadeInTime="0.3" scale="1" loop="1" autoTween="NaN" name="book" duration="12" tweenEasing="NaN">
   <timeline pX="0" name="Layer 1" pY="0" scale="1" offset="0">
    <frame z="0" duration="1">
     <transform scX="1" x="0" scY="1" y="0" pX="0" pY="0" skX="0" skY="0"/>
    </frame>
    <frame displayIndex="1" z="0" duration="1">
     <transform scX="1" x="0" scY="1" y="0" pX="0" pY="0" skX="0" skY="0"/>
    </frame>
    <frame displayIndex="2" z="0" duration="1">
     <transform scX="1" x="0" scY="1" y="0" pX="0" pY="0" skX="0" skY="0"/>
    </frame>
    <frame displayIndex="3" z="0" duration="1">
     <transform scX="1" x="0" scY="1" y="0" pX="0" pY="0" skX="0" skY="0"/>
    </frame>
    <frame displayIndex="4" z="0" duration="1">
     <transform scX="1" x="0" scY="1" y="0" pX="0" pY="0" skX="0" skY="0"/>
    </frame>
    <frame displayIndex="5" z="0" duration="1">
     <transform scX="1" x="0" scY="1" y="0" pX="0" pY="0" skX="0" skY="0"/>
    </frame>
    <frame displayIndex="6" z="0" duration="1">
     <transform scX="1" x="0" scY="1" y="0" pX="0" pY="0" skX="0" skY="0"/>
    </frame>
    <frame displayIndex="7" z="0" duration="1">
     <transform scX="1" x="0" scY="1" y="0" pX="0" pY="0" skX="0" skY="0"/>
    </frame>
    <frame displayIndex="8" z="0" duration="1">
     <transform scX="1" x="0" scY="1" y="0" pX="0" pY="0" skX="0" skY="0"/>
    </frame>
    <frame displayIndex="9" z="0" duration="1">
     <transform scX="1" x="0" scY="1" y="0" pX="0" pY="0" skX="0" skY="0"/>
    </frame>
    <frame displayIndex="10" z="0" duration="1">
     <transform scX="1" x="0" scY="1" y="0" pX="0" pY="0" skX="0" skY="0"/>
    </frame>
    <frame displayIndex="10" z="0" duration="1">
     <transform scX="1" x="0" scY="1" y="0" pX="0" pY="0" skX="0" skY="0"/>
    </frame>
   </timeline>
   <timeline pX="0" name="bookCase" pY="0" scale="1" offset="0">
    <frame z="0" duration="11">
     <transform scX="1" x="0" scY="1" y="0" pX="0" pY="0" skX="0" skY="0"/>
    </frame>
    <frame z="0" duration="1">
     <transform scX="1" x="0" scY="1" y="0" pX="0" pY="0" skX="0" skY="0"/>
    </frame>
   </timeline>
  </animation>
 </armature>
 <armature name="pause">
  <skin name="default">
   <slot name="pause" z="0" parent="pause">
    <display name="Shape/shape 12597" type="image">
     <transform scX="1" x="0" scY="1" y="0" pX="20" pY="19" skX="0" skY="0"/>
    </display>
    <display name="Shape/shape 12599" type="image">
     <transform scX="1" x="0" scY="1" y="0" pX="23" pY="25" skX="0" skY="0"/>
    </display>
    <display name="Shape/shape 12600" type="image">
     <transform scX="1" x="0" scY="1" y="0" pX="23" pY="25" skX="0" skY="0"/>
    </display>
    <display name="Shape/shape 12602" type="image">
     <transform scX="1" x="0" scY="1" y="0" pX="23" pY="25" skX="0" skY="0"/>
    </display>
    <display name="Shape/shape 12604" type="image">
     <transform scX="1" x="0" scY="1" y="0" pX="23" pY="25" skX="0" skY="0"/>
    </display>
    <display name="Shape/shape 12606" type="image">
     <transform scX="1" x="0" scY="1" y="0" pX="23" pY="25" skX="0" skY="0"/>
    </display>
    <display name="Shape/shape 12608" type="image">
     <transform scX="1" x="0" scY="1" y="0" pX="23" pY="25" skX="0" skY="0"/>
    </display>
    <display name="Shape/shape 12610" type="image">
     <transform scX="1" x="0" scY="1" y="0" pX="23" pY="25" skX="0" skY="0"/>
    </display>
    <display name="Shape/shape 12612" type="image">
     <transform scX="1" x="0" scY="1" y="0" pX="23" pY="25" skX="0" skY="0"/>
    </display>
    <display name="Shape/shape 12614" type="image">
     <transform scX="1" x="0" scY="1" y="0" pX="23" pY="25" skX="0" skY="0"/>
    </display>
    <display name="Shape/shape 12615" type="image">
     <transform scX="1" x="0" scY="1" y="0" pX="23" pY="25" skX="0" skY="0"/>
    </display>
    <display name="Shape/shape 12617" type="image">
     <transform scX="1" x="0" scY="1" y="0" pX="23" pY="25" skX="0" skY="0"/>
    </display>
   </slot>
   <slot name="pauseCase" z="1" parent="pauseCase">
    <display name="Case" type="image">
     <transform scX="1" x="0" scY="1" y="0" pX="25" pY="25" skX="0" skY="0"/>
    </display>
   </slot>
  </skin>
  <bone name="pause">
   <transform scX="1" x="0" skX="0" scY="1" y="0" skY="0"/>
  </bone>
  <bone name="pauseCase">
   <transform scX="0.79" x="0.3" skX="0" scY="0.77" y="-0.15" skY="0"/>
  </bone>
  <animation fadeInTime="0.3" scale="1" loop="1" autoTween="NaN" name="pause" duration="13" tweenEasing="NaN">
   <timeline pX="0" name="pause" pY="0" scale="1" offset="0">
    <frame z="0" duration="1">
     <transform scX="1" x="0" scY="1" y="0" pX="0" pY="0" skX="0" skY="0"/>
    </frame>
    <frame displayIndex="1" z="0" duration="1">
     <transform scX="1" x="0" scY="1" y="0" pX="0" pY="0" skX="0" skY="0"/>
    </frame>
    <frame displayIndex="2" z="0" duration="1">
     <transform scX="1" x="0" scY="1" y="0" pX="0" pY="0" skX="0" skY="0"/>
    </frame>
    <frame displayIndex="3" z="0" duration="1">
     <transform scX="1" x="0" scY="1" y="0" pX="0" pY="0" skX="0" skY="0"/>
    </frame>
    <frame displayIndex="4" z="0" duration="1">
     <transform scX="1" x="0" scY="1" y="0" pX="0" pY="0" skX="0" skY="0"/>
    </frame>
    <frame displayIndex="5" z="0" duration="1">
     <transform scX="1" x="0" scY="1" y="0" pX="0" pY="0" skX="0" skY="0"/>
    </frame>
    <frame displayIndex="6" z="0" duration="1">
     <transform scX="1" x="0" scY="1" y="0" pX="0" pY="0" skX="0" skY="0"/>
    </frame>
    <frame displayIndex="7" z="0" duration="1">
     <transform scX="1" x="0" scY="1" y="0" pX="0" pY="0" skX="0" skY="0"/>
    </frame>
    <frame displayIndex="8" z="0" duration="1">
     <transform scX="1" x="0" scY="1" y="0" pX="0" pY="0" skX="0" skY="0"/>
    </frame>
    <frame displayIndex="9" z="0" duration="1">
     <transform scX="1" x="0" scY="1" y="0" pX="0" pY="0" skX="0" skY="0"/>
    </frame>
    <frame displayIndex="10" z="0" duration="1">
     <transform scX="1" x="0" scY="1" y="0" pX="0" pY="0" skX="0" skY="0"/>
    </frame>
    <frame displayIndex="11" z="0" duration="1">
     <transform scX="1" x="0" scY="1" y="0" pX="0" pY="0" skX="0" skY="0"/>
    </frame>
    <frame displayIndex="11" z="0" duration="1">
     <transform scX="1" x="0" scY="1" y="0" pX="0" pY="0" skX="0" skY="0"/>
    </frame>
   </timeline>
   <timeline pX="0" name="pauseCase" pY="0" scale="1" offset="0">
    <frame z="0" duration="12">
     <transform scX="1" x="0" scY="1" y="0" pX="0" pY="0" skX="0" skY="0"/>
    </frame>
    <frame z="0" duration="1">
     <transform scX="1" x="0" scY="1" y="0" pX="0" pY="0" skX="0" skY="0"/>
    </frame>
   </timeline>
  </animation>
 </armature>
 <armature name="sellCase">
  <skin name="default">
   <slot name="Layer 1" z="0" parent="Layer 1">
    <display name="Shape/shape 12620" type="image">
     <transform scX="1" x="0" scY="1" y="0" pX="26" pY="17.7" skX="0" skY="0"/>
    </display>
   </slot>
   <slot name="sellCase" z="1" parent="sellCase">
    <display name="Case" type="image">
     <transform scX="1" x="0" scY="1" y="0" pX="25" pY="25" skX="0" skY="0"/>
    </display>
   </slot>
  </skin>
  <bone name="Layer 1">
   <transform scX="1" x="0" skX="0" scY="1" y="0" skY="0"/>
  </bone>
  <bone name="sellCase">
   <transform scX="0.92" x="0" skX="0" scY="0.81" y="0" skY="0"/>
  </bone>
  <animation fadeInTime="0.3" scale="1" loop="1" autoTween="NaN" name="sellCase" duration="3" tweenEasing="NaN">
   <timeline pX="0" name="Layer 1" pY="0" scale="1" offset="0">
    <frame z="0" duration="3">
     <transform scX="1" x="0" scY="1" y="0" pX="0" pY="0" skX="0" skY="0"/>
    </frame>
   </timeline>
   <timeline pX="0" name="sellCase" pY="0" scale="1" offset="0">
    <frame z="0" duration="2">
     <transform scX="1" x="0" scY="1" y="0" pX="0" pY="0" skX="0" skY="0"/>
    </frame>
    <frame z="0" duration="1">
     <transform scX="1" x="0" scY="1" y="0" pX="0" pY="0" skX="0" skY="0"/>
    </frame>
   </timeline>
  </animation>
 </armature>
</root>