<dragonBones name="1yrt" frameRate="30" version="2.3">
 <armature name="bullettower5_1">
  <bone name="Layer 1">
   <transform x="0" y="0" skX="0" skY="0" scX="1" scY="1"/>
  </bone>
  <skin name="default">
   <slot name="Layer 1" parent="Layer 1" z="0">
    <display name="Shape/shape 10470" type="image">
     <transform x="0" y="0" skX="0" skY="0" scX="1" scY="1" pX="11" pY="15.5"/>
    </display>
    <display name="Shape/shape 10472" type="image">
     <transform x="0" y="0" skX="0" skY="0" scX="1" scY="1" pX="11" pY="15.5"/>
    </display>
    <display name="Shape/shape 10474" type="image">
     <transform x="0" y="0" skX="0" skY="0" scX="1" scY="1" pX="11" pY="15.5"/>
    </display>
    <display name="Shape/shape 10476" type="image">
     <transform x="0" y="0" skX="0" skY="0" scX="1" scY="1" pX="11" pY="15.5"/>
    </display>
    <display name="Shape/shape 10478" type="image">
     <transform x="0" y="0" skX="0" skY="0" scX="1" scY="1" pX="11" pY="15.5"/>
    </display>
    <display name="Shape/shape 10480" type="image">
     <transform x="0" y="0" skX="0" skY="0" scX="1" scY="1" pX="11" pY="15.5"/>
    </display>
    <display name="Shape/shape 10482" type="image">
     <transform x="0" y="0" skX="0" skY="0" scX="1" scY="1" pX="11" pY="15.5"/>
    </display>
    <display name="Shape/shape 10484" type="image">
     <transform x="0" y="0" skX="0" skY="0" scX="1" scY="1" pX="11" pY="15.5"/>
    </display>
    <display name="Shape/shape 10486" type="image">
     <transform x="0" y="0" skX="0" skY="0" scX="1" scY="1" pX="11" pY="15.5"/>
    </display>
    <display name="Shape/shape 10488" type="image">
     <transform x="0" y="0" skX="0" skY="0" scX="1" scY="1"/>
    </display>
   </slot>
  </skin>
  <animation name="bullettower5_1" fadeInTime="0.3" duration="10" scale="1" loop="1" autoTween="1" tweenEasing="NaN">
   <timeline name="Layer 1" scale="1" offset="0">
    <frame z="0" duration="1">
     <transform x="0" y="0" skX="0" skY="0" scX="1" scY="1" pX="0" pY="0"/>
    </frame>
    <frame z="0" displayIndex="1" duration="1">
     <transform x="0" y="0" skX="0" skY="0" scX="1" scY="1" pX="0" pY="0"/>
    </frame>
    <frame z="0" displayIndex="2" duration="1">
     <transform x="0" y="0" skX="0" skY="0" scX="1" scY="1" pX="0" pY="0"/>
    </frame>
    <frame z="0" displayIndex="3" duration="1">
     <transform x="0" y="0" skX="0" skY="0" scX="1" scY="1" pX="0" pY="0"/>
    </frame>
    <frame z="0" displayIndex="4" duration="1">
     <transform x="0" y="0" skX="0" skY="0" scX="1" scY="1" pX="0" pY="0"/>
    </frame>
    <frame z="0" displayIndex="5" duration="1">
     <transform x="0" y="0" skX="0" skY="0" scX="1" scY="1" pX="0" pY="0"/>
    </frame>
    <frame z="0" displayIndex="6" duration="1">
     <transform x="0" y="0" skX="0" skY="0" scX="1" scY="1" pX="0" pY="0"/>
    </frame>
    <frame z="0" displayIndex="7" duration="1">
     <transform x="0" y="0" skX="0" skY="0" scX="1" scY="1" pX="0" pY="0"/>
    </frame>
    <frame z="0" displayIndex="8" duration="1">
     <transform x="0" y="0" skX="0" skY="0" scX="1" scY="1" pX="0" pY="0"/>
    </frame>
    <frame z="0" displayIndex="9" duration="1">
     <transform x="0" y="0" skX="0" skY="0" scX="1" scY="1" pX="0" pY="0"/>
    </frame>
   </timeline>
  </animation>
 </armature>
</dragonBones>