<root name="BulletTower6_1_mc" isGlobal="0" frameRate="30" version="3.0">
 <armature name="BulletTower6_1_mc">
  <skin name="default">
   <slot name="Layer 1" z="0" parent="Layer 1">
    <display name="Shape/shape 10773" type="image">
     <transform scX="1" x="0" scY="1" y="0" pX="22" pY="0" skX="0" skY="0"/>
    </display>
    <display name="Shape/shape 10775" type="image">
     <transform scX="1" x="0" scY="1" y="0" pX="22" pY="0" skX="0" skY="0"/>
    </display>
    <display name="Shape/shape 10777" type="image">
     <transform scX="1" x="0" scY="1" y="0" pX="22" pY="0" skX="0" skY="0"/>
    </display>
    <display name="Shape/shape 10779" type="image">
     <transform scX="1" x="0" scY="1" y="0" pX="22" pY="0" skX="0" skY="0"/>
    </display>
    <display name="Shape/shape 10781" type="image">
     <transform scX="1" x="0" scY="1" y="0" pX="22" pY="0" skX="0" skY="0"/>
    </display>
    <display name="Shape/shape 10783" type="image">
     <transform scX="1" x="0" scY="1" y="0" pX="22" pY="0" skX="0" skY="0"/>
    </display>
    <display name="Shape/shape 10785" type="image">
     <transform scX="1" x="0" scY="1" y="0" pX="22" pY="0" skX="0" skY="0"/>
    </display>
    <display name="Shape/shape 10787" type="image">
     <transform scX="1" x="0" scY="1" y="0" pX="22" pY="0" skX="0" skY="0"/>
    </display>
    <display name="Shape/shape 10789" type="image">
     <transform scX="1" x="0" scY="1" y="0" pX="22" pY="0" skX="0" skY="0"/>
    </display>
    <display name="Shape/shape 10791" type="image">
     <transform scX="1" x="0" scY="1" y="0" pX="22" pY="0" skX="0" skY="0"/>
    </display>
    <display name="Shape/shape 10793" type="image">
     <transform scX="1" x="0" scY="1" y="0" pX="22" pY="0" skX="0" skY="0"/>
    </display>
   </slot>
  </skin>
  <bone name="Layer 1">
   <transform scX="1" x="0" skX="0" scY="1" y="0" skY="0"/>
  </bone>
  <animation fadeInTime="0.3" scale="1" loop="1" autoTween="NaN" name="BulletTower6_1_mc" duration="18" tweenEasing="NaN">
   <timeline pX="0" name="Layer 1" pY="0" scale="1" offset="0">
    <frame z="0" duration="1">
     <transform scX="1" x="0" scY="1" y="0" pX="0" pY="0" skX="0" skY="0"/>
    </frame>
    <frame displayIndex="1" z="0" duration="2">
     <transform scX="1" x="0" scY="1" y="0" pX="0" pY="0" skX="0" skY="0"/>
    </frame>
    <frame displayIndex="2" z="0" duration="2">
     <transform scX="1" x="0" scY="1" y="0" pX="0" pY="0" skX="0" skY="0"/>
    </frame>
    <frame displayIndex="3" z="0" duration="1">
     <transform scX="1" x="0" scY="1" y="0" pX="0" pY="0" skX="0" skY="0"/>
    </frame>
    <frame displayIndex="4" z="0" duration="2">
     <transform scX="1" x="0" scY="1" y="0" pX="0" pY="0" skX="0" skY="0"/>
    </frame>
    <frame displayIndex="5" z="0" duration="1">
     <transform scX="1" x="0" scY="1" y="0" pX="0" pY="0" skX="0" skY="0"/>
    </frame>
    <frame displayIndex="6" z="0" duration="2">
     <transform scX="1" x="0" scY="1" y="0" pX="0" pY="0" skX="0" skY="0"/>
    </frame>
    <frame displayIndex="7" z="0" duration="2">
     <transform scX="1" x="0" scY="1" y="0" pX="0" pY="0" skX="0" skY="0"/>
    </frame>
    <frame displayIndex="8" z="0" duration="2">
     <transform scX="1" x="0" scY="1" y="0" pX="0" pY="0" skX="0" skY="0"/>
    </frame>
    <frame displayIndex="9" z="0" duration="1">
     <transform scX="1" x="0" scY="1" y="0" pX="0" pY="0" skX="0" skY="0"/>
    </frame>
    <frame displayIndex="10" z="0" duration="1">
     <transform scX="1" x="0" scY="1" y="0" pX="0" pY="0" skX="0" skY="0"/>
    </frame>
    <frame displayIndex="10" z="0" duration="1">
     <transform scX="1" x="0" scY="1" y="0" pX="0" pY="0" skX="0" skY="0"/>
    </frame>
   </timeline>
  </animation>
 </armature>
</root>