<TextureAtlas name="BulletTower6_1_mc" imagePath="texture.png">
 <SubTexture name="Shape/shape 10773" x="216" y="0" width="52" height="137"/>
 <SubTexture name="Shape/shape 10775" x="0" y="0" width="52" height="137"/>
 <SubTexture name="Shape/shape 10777" x="0" y="139" width="52" height="137"/>
 <SubTexture name="Shape/shape 10779" x="432" y="0" width="52" height="137"/>
 <SubTexture name="Shape/shape 10781" x="108" y="0" width="52" height="137"/>
 <SubTexture name="Shape/shape 10783" x="324" y="0" width="52" height="137"/>
 <SubTexture name="Shape/shape 10785" x="162" y="0" width="52" height="137"/>
 <SubTexture name="Shape/shape 10787" x="54" y="0" width="52" height="137"/>
 <SubTexture name="Shape/shape 10789" x="378" y="0" width="52" height="137"/>
 <SubTexture name="Shape/shape 10791" x="54" y="139" width="52" height="137"/>
 <SubTexture name="Shape/shape 10793" x="270" y="0" width="52" height="137"/>
</TextureAtlas>