<root name="unit1_2" isGlobal="0" frameRate="30" version="3.0">
 <armature name="loader">
  <skin name="default">
   <slot name="contSlot111" z="0" parent="contSlot111">
    <display name="contSolt" type="armature">
     <transform/>
    </display>
   </slot>
  </skin>
  <bone name="contSlot111">
   <transform/>
  </bone>
  <animation fadeInTime="0.3" autoTween="1" name="cont" duration="30" tweenEasing="NaN">
   <timeline name="contSlot111">
    <frame z="0" duration="7" tweenEasing="0">
     <transform/>
    </frame>
    <frame z="0" duration="15" tweenEasing="0">
     <transform x="-0.5" skX="-4" skY="-4"/>
    </frame>
    <frame z="0" duration="1" tweenEasing="0">
     <transform x="0.5" skX="4" skY="4"/>
    </frame>
    <frame z="0" duration="6" tweenEasing="0">
     <transform x="0.45" skX="3.29" skY="3.29"/>
    </frame>
    <frame z="0" duration="1">
     <transform/>
    </frame>
   </timeline>
  </animation>
 </armature>
 <armature name="contSolt">
  <skin name="default">
   <slot name="contSlot" z="0" parent="contSlot">
    <display name="Shape/shape 2375" type="image">
     <transform pX="10" pY="21"/>
    </display>
    <display name="Shape/shape 2377" type="image">
     <transform pX="11" pY="21"/>
    </display>
   </slot>
  </skin>
  <bone name="contSlot">
   <transform/>
  </bone>
  <animation fadeInTime="0.3" scale="5" loop="0" autoTween="1" name="dir" duration="2" tweenEasing="2">
   <timeline name="contSlot">
    <frame z="0" duration="1">
     <transform/>
    </frame>
    <frame displayIndex="1" z="0" duration="1">
     <transform/>
    </frame>
   </timeline>
  </animation>
 </armature>
</root>