{"armature":[{"skin":[{"name":"default","slot":[{"name":"shadow","z":0,"display":[{"transform":{"pX":10,"pY":10},"name":"shadow","type":"image"}],"parent":"shadow"},{"name":"contSlot","z":1,"display":[{"transform":{},"name":"contSlot","type":"armature"}],"parent":"contSlot"}]}],"name":"unit1_2","bone":[{"transform":{"scX":1.13,"x":-1.2,"scY":0.5,"y":0.5},"name":"shadow"},{"transform":{},"name":"contSlot"}],"animation":[{"name":"cont","timeline":[{"name":"shadow","frame":[{"z":0,"transform":{},"duration":30},{"z":0,"transform":{},"duration":1}]},{"name":"contSlot","frame":[{"transform":{},"z":0,"duration":7,"tweenEasing":0},{"transform":{"x":-0.5,"skX":-4,"skY":-4},"z":0,"duration":15,"tweenEasing":0},{"transform":{"x":0.5,"skX":4,"skY":4},"z":0,"duration":1,"tweenEasing":0},{"transform":{"x":0.45,"skX":3.29,"skY":3.29},"z":0,"duration":6,"tweenEasing":0},{"z":0,"transform":{},"duration":1},{"z":0,"transform":{},"duration":1}]}],"frame":[{"duration":30},{"duration":1}],"autoTween":null,"fadeInTime":0.3,"duration":31,"tweenEasing":null}]},{"skin":[{"name":"default","slot":[{"name":"contSlot","z":0,"display":[{"transform":{"pX":10,"pY":21},"name":"Shape/shape 2375","type":"image"},{"transform":{"pX":11,"pY":21},"name":"Shape/shape 2377","type":"image"}],"parent":"contSlot"}]}],"name":"contSlot","bone":[{"transform":{},"name":"contSlot"}],"animation":[{"fadeInTime":0.3,"timeline":[{"name":"contSlot","frame":[{"z":0,"transform":{},"duration":1},{"displayIndex":1,"transform":{},"z":0,"duration":1},{"displayIndex":1,"transform":{},"z":0,"duration":1}]}],"autoTween":null,"name":"dir","duration":3,"tweenEasing":null}]}],"name":"unit1_2","isGlobal":0,"frameRate":30,"version":"3.0"}