<root name="Golem3VerticalDeath_mc" isGlobal="0" frameRate="30" version="3.0">
 <armature name="Golem3VerticalDeath_mc">
  <skin name="default">
   <slot name="cont" z="0" parent="cont">
    <display name="Shape/shape 1899" type="image">
     <transform scX="1" x="0" scY="1" y="0" pX="61" pY="90" skX="0" skY="0"/>
    </display>
    <display name="Shape/shape 1901" type="image">
     <transform scX="1" x="0" scY="1" y="0" pX="61" pY="90" skX="0" skY="0"/>
    </display>
    <display name="Shape/shape 1903" type="image">
     <transform scX="1" x="0" scY="1" y="0" pX="61" pY="90" skX="0" skY="0"/>
    </display>
    <display name="Shape/shape 1905" type="image">
     <transform scX="1" x="0" scY="1" y="0" pX="61" pY="90" skX="0" skY="0"/>
    </display>
    <display name="Shape/shape 1907" type="image">
     <transform scX="1" x="0" scY="1" y="0" pX="61" pY="90" skX="0" skY="0"/>
    </display>
    <display name="Shape/shape 1909" type="image">
     <transform scX="1" x="0" scY="1" y="0" pX="61" pY="90" skX="0" skY="0"/>
    </display>
    <display name="Shape/shape 1911" type="image">
     <transform scX="1" x="0" scY="1" y="0" pX="61" pY="90" skX="0" skY="0"/>
    </display>
    <display name="Shape/shape 1913" type="image">
     <transform scX="1" x="0" scY="1" y="0" pX="61" pY="90" skX="0" skY="0"/>
    </display>
    <display name="Shape/shape 1915" type="image">
     <transform scX="1" x="0" scY="1" y="0" pX="61" pY="90" skX="0" skY="0"/>
    </display>
    <display name="Shape/shape 1917" type="image">
     <transform scX="1" x="0" scY="1" y="0" pX="61" pY="90" skX="0" skY="0"/>
    </display>
    <display name="Shape/shape 1919" type="image">
     <transform scX="1" x="0" scY="1" y="0" pX="61" pY="90" skX="0" skY="0"/>
    </display>
    <display name="Shape/shape 1921" type="image">
     <transform scX="1" x="0" scY="1" y="0" pX="61" pY="90" skX="0" skY="0"/>
    </display>
    <display name="Shape/shape 1923" type="image">
     <transform scX="1" x="0" scY="1" y="0" pX="61" pY="90" skX="0" skY="0"/>
    </display>
    <display name="Shape/shape 1925" type="image">
     <transform scX="1" x="0" scY="1" y="0" pX="61" pY="90" skX="0" skY="0"/>
    </display>
    <display name="Shape/shape 1927" type="image">
     <transform scX="1" x="0" scY="1" y="0" pX="61" pY="90" skX="0" skY="0"/>
    </display>
    <display name="Shape/shape 1929" type="image">
     <transform scX="1" x="0" scY="1" y="0" pX="61" pY="90" skX="0" skY="0"/>
    </display>
    <display name="Shape/shape 1931" type="image">
     <transform scX="1" x="0" scY="1" y="0" pX="61" pY="90" skX="0" skY="0"/>
    </display>
    <display name="Shape/shape 1933" type="image">
     <transform scX="1" x="0" scY="1" y="0" pX="61" pY="90" skX="0" skY="0"/>
    </display>
    <display name="Shape/shape 1935" type="image">
     <transform scX="1" x="0" scY="1" y="0" pX="61" pY="90" skX="0" skY="0"/>
    </display>
    <display name="Shape/shape 1937" type="image">
     <transform scX="1" x="0" scY="1" y="0" pX="61" pY="90" skX="0" skY="0"/>
    </display>
    <display name="Shape/shape 1939" type="image">
     <transform scX="1" x="0" scY="1" y="0" pX="61" pY="90" skX="0" skY="0"/>
    </display>
    <display name="Shape/shape 1941" type="image">
     <transform scX="1" x="0" scY="1" y="0" pX="61" pY="90" skX="0" skY="0"/>
    </display>
    <display name="Shape/shape 1943" type="image">
     <transform scX="1" x="0" scY="1" y="0" pX="61" pY="90" skX="0" skY="0"/>
    </display>
    <display name="Shape/shape 1945" type="image">
     <transform scX="1" x="0" scY="1" y="0" pX="61" pY="90" skX="0" skY="0"/>
    </display>
    <display name="Shape/shape 1947" type="image">
     <transform scX="1" x="0" scY="1" y="0" pX="61" pY="90" skX="0" skY="0"/>
    </display>
    <display name="Shape/shape 1949" type="image">
     <transform scX="1" x="0" scY="1" y="0" pX="61" pY="90" skX="0" skY="0"/>
    </display>
    <display name="Shape/shape 1951" type="image">
     <transform scX="1" x="0" scY="1" y="0" pX="61" pY="90" skX="0" skY="0"/>
    </display>
    <display name="Shape/shape 1953" type="image">
     <transform scX="1" x="0" scY="1" y="0" pX="61" pY="90" skX="0" skY="0"/>
    </display>
    <display name="Shape/shape 1955" type="image">
     <transform scX="1" x="0" scY="1" y="0" pX="61" pY="90" skX="0" skY="0"/>
    </display>
    <display name="Shape/shape 1957" type="image">
     <transform scX="1" x="0" scY="1" y="0" pX="61" pY="90" skX="0" skY="0"/>
    </display>
   </slot>
  </skin>
  <bone name="cont">
   <transform scX="1" x="0" skX="0" scY="1" y="0" skY="0"/>
  </bone>
  <animation fadeInTime="0.3" scale="1" loop="1" autoTween="NaN" name="Golem3VerticalDeath_mc" duration="46" tweenEasing="NaN">
   <timeline pX="0" name="cont" pY="0" scale="1" offset="0">
    <frame z="0" duration="1">
     <transform scX="1" x="0" scY="1" y="0" pX="0" pY="0" skX="0" skY="0"/>
    </frame>
    <frame displayIndex="1" z="0" duration="1">
     <transform scX="1" x="0" scY="1" y="0" pX="0" pY="0" skX="0" skY="0"/>
    </frame>
    <frame displayIndex="2" z="0" duration="1">
     <transform scX="1" x="0" scY="1" y="0" pX="0" pY="0" skX="0" skY="0"/>
    </frame>
    <frame displayIndex="3" z="0" duration="1">
     <transform scX="1" x="0" scY="1" y="0" pX="0" pY="0" skX="0" skY="0"/>
    </frame>
    <frame displayIndex="4" z="0" duration="1">
     <transform scX="1" x="0" scY="1" y="0" pX="0" pY="0" skX="0" skY="0"/>
    </frame>
    <frame displayIndex="5" z="0" duration="1">
     <transform scX="1" x="0" scY="1" y="0" pX="0" pY="0" skX="0" skY="0"/>
    </frame>
    <frame displayIndex="6" z="0" duration="1">
     <transform scX="1" x="0" scY="1" y="0" pX="0" pY="0" skX="0" skY="0"/>
    </frame>
    <frame displayIndex="7" z="0" duration="1">
     <transform scX="1" x="0" scY="1" y="0" pX="0" pY="0" skX="0" skY="0"/>
    </frame>
    <frame displayIndex="8" z="0" duration="1">
     <transform scX="1" x="0" scY="1" y="0" pX="0" pY="0" skX="0" skY="0"/>
    </frame>
    <frame displayIndex="9" z="0" duration="1">
     <transform scX="1" x="0" scY="1" y="0" pX="0" pY="0" skX="0" skY="0"/>
    </frame>
    <frame displayIndex="10" z="0" duration="1">
     <transform scX="1" x="0" scY="1" y="0" pX="0" pY="0" skX="0" skY="0"/>
    </frame>
    <frame displayIndex="11" z="0" duration="1">
     <transform scX="1" x="0" scY="1" y="0" pX="0" pY="0" skX="0" skY="0"/>
    </frame>
    <frame displayIndex="12" z="0" duration="1">
     <transform scX="1" x="0" scY="1" y="0" pX="0" pY="0" skX="0" skY="0"/>
    </frame>
    <frame displayIndex="13" z="0" duration="1">
     <transform scX="1" x="0" scY="1" y="0" pX="0" pY="0" skX="0" skY="0"/>
    </frame>
    <frame displayIndex="14" z="0" duration="1">
     <transform scX="1" x="0" scY="1" y="0" pX="0" pY="0" skX="0" skY="0"/>
    </frame>
    <frame displayIndex="15" z="0" duration="2">
     <transform scX="1" x="0" scY="1" y="0" pX="0" pY="0" skX="0" skY="0"/>
    </frame>
    <frame displayIndex="16" z="0" duration="2">
     <transform scX="1" x="0" scY="1" y="0" pX="0" pY="0" skX="0" skY="0"/>
    </frame>
    <frame displayIndex="17" z="0" duration="2">
     <transform scX="1" x="0" scY="1" y="0" pX="0" pY="0" skX="0" skY="0"/>
    </frame>
    <frame displayIndex="18" z="0" duration="2">
     <transform scX="1" x="0" scY="1" y="0" pX="0" pY="0" skX="0" skY="0"/>
    </frame>
    <frame displayIndex="19" z="0" duration="2">
     <transform scX="1" x="0" scY="1" y="0" pX="0" pY="0" skX="0" skY="0"/>
    </frame>
    <frame displayIndex="20" z="0" duration="2">
     <transform scX="1" x="0" scY="1" y="0" pX="0" pY="0" skX="0" skY="0"/>
    </frame>
    <frame displayIndex="21" z="0" duration="2">
     <transform scX="1" x="0" scY="1" y="0" pX="0" pY="0" skX="0" skY="0"/>
    </frame>
    <frame displayIndex="22" z="0" duration="2">
     <transform scX="1" x="0" scY="1" y="0" pX="0" pY="0" skX="0" skY="0"/>
    </frame>
    <frame displayIndex="23" z="0" duration="2">
     <transform scX="1" x="0" scY="1" y="0" pX="0" pY="0" skX="0" skY="0"/>
    </frame>
    <frame displayIndex="24" z="0" duration="2">
     <transform scX="1" x="0" scY="1" y="0" pX="0" pY="0" skX="0" skY="0"/>
    </frame>
    <frame displayIndex="25" z="0" duration="2">
     <transform scX="1" x="0" scY="1" y="0" pX="0" pY="0" skX="0" skY="0"/>
    </frame>
    <frame displayIndex="26" z="0" duration="2">
     <transform scX="1" x="0" scY="1" y="0" pX="0" pY="0" skX="0" skY="0"/>
    </frame>
    <frame displayIndex="27" z="0" duration="2">
     <transform scX="1" x="0" scY="1" y="0" pX="0" pY="0" skX="0" skY="0"/>
    </frame>
    <frame displayIndex="28" z="0" duration="2">
     <transform scX="1" x="0" scY="1" y="0" pX="0" pY="0" skX="0" skY="0"/>
    </frame>
    <frame displayIndex="29" z="0" duration="2">
     <transform scX="1" x="0" scY="1" y="0" pX="0" pY="0" skX="0" skY="0"/>
    </frame>
    <frame displayIndex="29" z="0" duration="1">
     <transform scX="1" x="0" scY="1" y="0" pX="0" pY="0" skX="0" skY="0"/>
    </frame>
   </timeline>
  </animation>
 </armature>
</root>