<root name="Training_9_mc" isGlobal="0" frameRate="30" version="3.0">
 <armature name="Training_9_mc">
  <skin name="default">
   <slot name="Layer 1" z="0" parent="Layer 1">
    <display name="Shape/shape 2308" type="image">
     <transform scX="1" x="0" scY="1" y="0" pX="28" pY="23" skX="0" skY="0"/>
    </display>
    <display name="Shape/shape 2310" type="image">
     <transform scX="1" x="0" scY="1" y="0" pX="28" pY="23" skX="0" skY="0"/>
    </display>
    <display name="Shape/shape 2312" type="image">
     <transform scX="1" x="0" scY="1" y="0" pX="28" pY="23" skX="0" skY="0"/>
    </display>
    <display name="Shape/shape 2314" type="image">
     <transform scX="1" x="0" scY="1" y="0" pX="28" pY="23" skX="0" skY="0"/>
    </display>
    <display name="Shape/shape 2316" type="image">
     <transform scX="1" x="0" scY="1" y="0" pX="28" pY="23" skX="0" skY="0"/>
    </display>
    <display name="Shape/shape 2318" type="image">
     <transform scX="1" x="0" scY="1" y="0" pX="28" pY="23" skX="0" skY="0"/>
    </display>
    <display name="Shape/shape 2322" type="image">
     <transform scX="1" x="0" scY="1" y="0" pX="28" pY="23" skX="0" skY="0"/>
    </display>
    <display name="Shape/shape 2324" type="image">
     <transform scX="1" x="0" scY="1" y="0" pX="28" pY="23" skX="0" skY="0"/>
    </display>
    <display name="Shape/shape 2326" type="image">
     <transform scX="1" x="0" scY="1" y="0" pX="28" pY="23" skX="0" skY="0"/>
    </display>
    <display name="Shape/shape 2328" type="image">
     <transform scX="1" x="0" scY="1" y="0" pX="28" pY="23" skX="0" skY="0"/>
    </display>
    <display name="Shape/shape 2329" type="image">
     <transform scX="1" x="0" scY="1" y="0" pX="28" pY="23" skX="0" skY="0"/>
    </display>
    <display name="Shape/shape 2331" type="image">
     <transform scX="1" x="0" scY="1" y="0" pX="28" pY="23" skX="0" skY="0"/>
    </display>
    <display name="Shape/shape 2334" type="image">
     <transform scX="1" x="0" scY="1" y="0" pX="28" pY="23" skX="0" skY="0"/>
    </display>
    <display name="Shape/shape 2336" type="image">
     <transform scX="1" x="0" scY="1" y="0" pX="28" pY="23" skX="0" skY="0"/>
    </display>
    <display name="Shape/shape 2338" type="image">
     <transform scX="1" x="0" scY="1" y="0" pX="28" pY="23" skX="0" skY="0"/>
    </display>
   </slot>
   <slot name="Layer 2" z="1" parent="Layer 2">
    <display name="__dbTextures/Training_9_mc/Layer 2_5" type="image">
     <transform scX="1" x="-8" scY="1" y="-6" pX="0" pY="0" skX="0" skY="0"/>
    </display>
    <display name="__dbTextures/Training_9_mc/Layer 2_6" type="image">
     <transform scX="1" x="-14" scY="1" y="-10.5" pX="0" pY="0" skX="0" skY="0"/>
    </display>
    <display name="__dbTextures/Training_9_mc/Layer 2_7" type="image">
     <transform scX="1" x="-20" scY="1" y="-15" pX="0" pY="0" skX="0" skY="0"/>
    </display>
    <display name="__dbTextures/Training_9_mc/Layer 2_8" type="image">
     <transform scX="1" x="-26" scY="1" y="-19.5" pX="0" pY="0" skX="0" skY="0"/>
    </display>
    <display name="__dbTextures/Training_9_mc/Layer 2_9" type="image">
     <transform scX="1" x="-26" scY="1" y="-19.5" pX="0" pY="0" skX="0" skY="0"/>
    </display>
    <display name="__dbTextures/Training_9_mc/Layer 2_10" type="image">
     <transform scX="1" x="-26" scY="1" y="-19.5" pX="0" pY="0" skX="0" skY="0"/>
    </display>
    <display name="__dbTextures/Training_9_mc/Layer 2_11" type="image">
     <transform scX="1" x="-26" scY="1" y="-19.5" pX="0" pY="0" skX="0" skY="0"/>
    </display>
    <display name="__dbTextures/Training_9_mc/Layer 2_12" type="image">
     <transform scX="1" x="-26" scY="1" y="-19.5" pX="0" pY="0" skX="0" skY="0"/>
    </display>
    <display name="__dbTextures/Training_9_mc/Layer 2_13" type="image">
     <transform scX="1" x="-26" scY="1" y="-19.5" pX="0" pY="0" skX="0" skY="0"/>
    </display>
    <display name="__dbTextures/Training_9_mc/Layer 2_14" type="image">
     <transform scX="1" x="-26" scY="1" y="-19.5" pX="0" pY="0" skX="0" skY="0"/>
    </display>
    <display name="__dbTextures/Training_9_mc/Layer 2_15" type="image">
     <transform scX="1" x="-26" scY="1" y="-19.5" pX="0" pY="0" skX="0" skY="0"/>
    </display>
    <display name="__dbTextures/Training_9_mc/Layer 2_16" type="image">
     <transform scX="1" x="-26" scY="1" y="-19.5" pX="0" pY="0" skX="0" skY="0"/>
    </display>
    <display name="__dbTextures/Training_9_mc/Layer 2_17" type="image">
     <transform scX="1" x="-26" scY="1" y="-19.5" pX="0" pY="0" skX="0" skY="0"/>
    </display>
    <display name="__dbTextures/Training_9_mc/Layer 2_18" type="image">
     <transform scX="1" x="-26" scY="1" y="-19.5" pX="0" pY="0" skX="0" skY="0"/>
    </display>
    <display name="__dbTextures/Training_9_mc/Layer 2_19" type="image">
     <transform scX="1" x="-26" scY="1" y="-19.5" pX="0" pY="0" skX="0" skY="0"/>
    </display>
    <display name="__dbTextures/Training_9_mc/Layer 2_20" type="image">
     <transform scX="1" x="-26" scY="1" y="-19.5" pX="0" pY="0" skX="0" skY="0"/>
    </display>
    <display name="__dbTextures/Training_9_mc/Layer 2_21" type="image">
     <transform scX="1" x="-26" scY="1" y="-19.5" pX="0" pY="0" skX="0" skY="0"/>
    </display>
    <display name="__dbTextures/Training_9_mc/Layer 2_22" type="image">
     <transform scX="1" x="-26" scY="1" y="-19.5" pX="0" pY="0" skX="0" skY="0"/>
    </display>
   </slot>
  </skin>
  <bone name="Layer 1">
   <transform scX="1.1" x="-4.4" skX="0" scY="1.1" y="-0.05" skY="0"/>
  </bone>
  <bone name="Layer 2">
   <transform scX="1" x="8" skX="0" scY="1" y="6" skY="0"/>
  </bone>
  <animation fadeInTime="0.3" scale="1" loop="1" autoTween="NaN" name="Training_9_mc" duration="26" tweenEasing="NaN">
   <timeline pX="0" name="Layer 1" pY="0" scale="1" offset="0">
    <frame z="0" duration="1">
     <transform scX="1" x="0" scY="1" y="0" pX="0" pY="0" skX="0" skY="0"/>
    </frame>
    <frame displayIndex="1" z="0" duration="1">
     <transform scX="1" x="0" scY="1" y="0" pX="0" pY="0" skX="0" skY="0"/>
    </frame>
    <frame displayIndex="2" z="0" duration="1">
     <transform scX="1" x="0" scY="1" y="0" pX="0" pY="0" skX="0" skY="0"/>
    </frame>
    <frame displayIndex="3" z="0" duration="1">
     <transform scX="1" x="0" scY="1" y="0" pX="0" pY="0" skX="0" skY="0"/>
    </frame>
    <frame displayIndex="4" z="0" duration="1">
     <transform scX="1" x="0" scY="1" y="0" pX="0" pY="0" skX="0" skY="0"/>
    </frame>
    <frame displayIndex="5" z="0" duration="1">
     <transform scX="1" x="0" scY="1" y="0" pX="0" pY="0" skX="0" skY="0"/>
    </frame>
    <frame displayIndex="6" z="0" duration="1">
     <transform scX="1" x="0" scY="1" y="0" pX="0" pY="0" skX="0" skY="0"/>
    </frame>
    <frame displayIndex="7" z="0" duration="1">
     <transform scX="1" x="0" scY="1" y="0" pX="0" pY="0" skX="0" skY="0"/>
    </frame>
    <frame displayIndex="8" z="0" duration="1">
     <transform scX="1" x="0" scY="1" y="0" pX="0" pY="0" skX="0" skY="0"/>
    </frame>
    <frame displayIndex="9" z="0" duration="1">
     <transform scX="1" x="0" scY="1" y="0" pX="0" pY="0" skX="0" skY="0"/>
    </frame>
    <frame displayIndex="10" z="0" duration="1">
     <transform scX="1" x="0" scY="1" y="0" pX="0" pY="0" skX="0" skY="0"/>
    </frame>
    <frame displayIndex="11" z="0" duration="3">
     <transform scX="1" x="0" scY="1" y="0" pX="0" pY="0" skX="0" skY="0"/>
    </frame>
    <frame displayIndex="10" z="0" duration="2">
     <transform scX="1" x="0" scY="1" y="0" pX="0" pY="0" skX="0" skY="0"/>
    </frame>
    <frame displayIndex="9" z="0" duration="3">
     <transform scX="1" x="0" scY="1" y="0" pX="0" pY="0" skX="0" skY="0"/>
    </frame>
    <frame displayIndex="10" z="0" duration="2">
     <transform scX="1" x="0" scY="1" y="0" pX="0" pY="0" skX="0" skY="0"/>
    </frame>
    <frame displayIndex="11" z="0" duration="2">
     <transform scX="1" x="0" scY="1" y="0" pX="0" pY="0" skX="0" skY="0"/>
    </frame>
    <frame displayIndex="12" z="0" duration="1">
     <transform scX="1" x="0" scY="1" y="0" pX="0" pY="0" skX="0" skY="0"/>
    </frame>
    <frame displayIndex="13" z="0" duration="1">
     <transform scX="1" x="0" scY="1" y="0" pX="0" pY="0" skX="0" skY="0"/>
    </frame>
    <frame displayIndex="14" z="0" duration="1">
     <transform scX="1" x="0" scY="1" y="0" pX="0" pY="0" skX="0" skY="0"/>
    </frame>
   </timeline>
   <timeline pX="0" name="Layer 2" pY="0" scale="1" offset="0">
    <frame displayIndex="-1" duration="5"/>
    <frame z="0" duration="1" tweenEasing="NaN">
     <transform scX="1" x="0" scY="1" y="0" pX="0" pY="0" skX="0" skY="0"/>
    </frame>
    <frame z="0" displayIndex="1" duration="1" tweenEasing="NaN">
     <transform scX="1" x="-4.1" scY="1" y="-2.05" pX="0" pY="0" skX="0" skY="0"/>
    </frame>
    <frame z="0" displayIndex="2" duration="1" tweenEasing="NaN">
     <transform scX="1" x="-8.15" scY="1" y="-4.1" pX="0" pY="0" skX="0" skY="0"/>
    </frame>
    <frame z="0" displayIndex="3" duration="1" tweenEasing="NaN">
     <transform scX="1" x="-12.25" scY="1" y="-6.15" pX="0" pY="0" skX="0" skY="0"/>
    </frame>
    <frame z="0" displayIndex="4" duration="1" tweenEasing="NaN">
     <transform scX="1" x="-12.1" scY="1" y="-5.9" pX="0" pY="0" skX="0" skY="0"/>
    </frame>
    <frame z="0" displayIndex="5" duration="1" tweenEasing="NaN">
     <transform scX="1" x="-12" scY="1" y="-5.65" pX="0" pY="0" skX="0" skY="0"/>
    </frame>
    <frame z="0" displayIndex="6" duration="1" tweenEasing="NaN">
     <transform scX="1" x="-11.85" scY="1" y="-5.35" pX="0" pY="0" skX="0" skY="0"/>
    </frame>
    <frame z="0" displayIndex="7" duration="1" tweenEasing="NaN">
     <transform scX="1" x="-11.7" scY="1" y="-5.1" pX="0" pY="0" skX="0" skY="0"/>
    </frame>
    <frame z="0" displayIndex="8" duration="1" tweenEasing="NaN">
     <transform scX="1" x="-11.6" scY="1" y="-4.85" pX="0" pY="0" skX="0" skY="0"/>
    </frame>
    <frame z="0" displayIndex="9" duration="1" tweenEasing="NaN">
     <transform scX="1" x="-11.45" scY="1" y="-4.6" pX="0" pY="0" skX="0" skY="0"/>
    </frame>
    <frame z="0" displayIndex="10" duration="1" tweenEasing="NaN">
     <transform scX="1" x="-11.3" scY="1" y="-4.3" pX="0" pY="0" skX="0" skY="0"/>
    </frame>
    <frame z="0" displayIndex="11" duration="1" tweenEasing="NaN">
     <transform scX="1" x="-11.2" scY="1" y="-4.05" pX="0" pY="0" skX="0" skY="0"/>
    </frame>
    <frame z="0" displayIndex="12" duration="1" tweenEasing="NaN">
     <transform scX="1" x="-11.05" scY="1" y="-3.8" pX="0" pY="0" skX="0" skY="0"/>
    </frame>
    <frame z="0" displayIndex="13" duration="1" tweenEasing="NaN">
     <transform scX="1" x="-10.95" scY="1" y="-3.55" pX="0" pY="0" skX="0" skY="0"/>
    </frame>
    <frame z="0" displayIndex="14" duration="1" tweenEasing="NaN">
     <transform scX="1" x="-10.8" scY="1" y="-3.3" pX="0" pY="0" skX="0" skY="0"/>
    </frame>
    <frame z="0" displayIndex="15" duration="1" tweenEasing="NaN">
     <transform scX="1" x="-10.65" scY="1" y="-3" pX="0" pY="0" skX="0" skY="0"/>
    </frame>
    <frame z="0" displayIndex="16" duration="1" tweenEasing="NaN">
     <transform scX="1" x="-10.55" scY="1" y="-2.75" pX="0" pY="0" skX="0" skY="0"/>
    </frame>
    <frame z="0" displayIndex="17" duration="1" tweenEasing="NaN">
     <transform scX="1" x="-10.4" scY="1" y="-2.5" pX="0" pY="0" skX="0" skY="0"/>
    </frame>
    <frame displayIndex="-1" duration="3"/>
   </timeline>
  </animation>
 </armature>
</root>