<TextureAtlas name="Training_9_mc" imagePath="texture.png">
 <SubTexture name="Shape/shape 2308" x="264" y="49" width="65" height="47"/>
 <SubTexture name="Shape/shape 2310" x="330" y="49" width="65" height="47"/>
 <SubTexture name="Shape/shape 2312" x="132" y="0" width="65" height="47"/>
 <SubTexture name="Shape/shape 2314" x="198" y="0" width="65" height="47"/>
 <SubTexture name="Shape/shape 2316" x="0" y="0" width="65" height="47"/>
 <SubTexture name="Shape/shape 2318" x="66" y="0" width="65" height="47"/>
 <SubTexture name="Shape/shape 2322" x="396" y="0" width="65" height="47"/>
 <SubTexture name="Shape/shape 2324" x="66" y="49" width="65" height="47"/>
 <SubTexture name="Shape/shape 2326" x="0" y="98" width="65" height="47"/>
 <SubTexture name="Shape/shape 2328" x="198" y="49" width="65" height="47"/>
 <SubTexture name="Shape/shape 2329" x="0" y="49" width="65" height="47"/>
 <SubTexture name="Shape/shape 2331" x="264" y="0" width="65" height="47"/>
 <SubTexture name="Shape/shape 2334" x="396" y="49" width="65" height="47"/>
 <SubTexture name="Shape/shape 2336" x="132" y="49" width="65" height="47"/>
 <SubTexture name="Shape/shape 2338" x="330" y="0" width="65" height="47"/>
 <SubTexture name="__dbTextures/Training_9_mc/Layer 2_5" x="492" y="32" width="16" height="12"/>
 <SubTexture name="__dbTextures/Training_9_mc/Layer 2_6" x="462" y="32" width="28" height="21"/>
 <SubTexture name="__dbTextures/Training_9_mc/Layer 2_7" x="462" y="0" width="40" height="30"/>
 <SubTexture name="__dbTextures/Training_9_mc/Layer 2_8" x="444" y="98" width="52" height="39"/>
 <SubTexture name="__dbTextures/Training_9_mc/Layer 2_9" x="282" y="98" width="52" height="39"/>
 <SubTexture name="__dbTextures/Training_9_mc/Layer 2_10" x="228" y="139" width="52" height="39"/>
 <SubTexture name="__dbTextures/Training_9_mc/Layer 2_11" x="66" y="98" width="52" height="39"/>
 <SubTexture name="__dbTextures/Training_9_mc/Layer 2_12" x="66" y="139" width="52" height="39"/>
 <SubTexture name="__dbTextures/Training_9_mc/Layer 2_13" x="390" y="139" width="52" height="39"/>
 <SubTexture name="__dbTextures/Training_9_mc/Layer 2_14" x="120" y="98" width="52" height="39"/>
 <SubTexture name="__dbTextures/Training_9_mc/Layer 2_15" x="336" y="98" width="52" height="39"/>
 <SubTexture name="__dbTextures/Training_9_mc/Layer 2_16" x="174" y="139" width="52" height="39"/>
 <SubTexture name="__dbTextures/Training_9_mc/Layer 2_17" x="390" y="98" width="52" height="39"/>
 <SubTexture name="__dbTextures/Training_9_mc/Layer 2_18" x="282" y="139" width="52" height="39"/>
 <SubTexture name="__dbTextures/Training_9_mc/Layer 2_19" x="174" y="98" width="52" height="39"/>
 <SubTexture name="__dbTextures/Training_9_mc/Layer 2_20" x="228" y="98" width="52" height="39"/>
 <SubTexture name="__dbTextures/Training_9_mc/Layer 2_21" x="120" y="139" width="52" height="39"/>
 <SubTexture name="__dbTextures/Training_9_mc/Layer 2_22" x="336" y="139" width="52" height="39"/>
</TextureAtlas>