<root name="BulletTower6_2_mc" isGlobal="0" frameRate="30" version="3.0">
 <armature name="BulletTower6_2_mc">
  <skin name="default">
   <slot name="Layer 1" z="0" parent="Layer 1">
    <display name="Shape/shape 10754" type="image">
     <transform scX="1" x="0" scY="1" y="0" pX="18" pY="3" skX="0" skY="0"/>
    </display>
    <display name="Shape/shape 10756" type="image">
     <transform scX="1" x="0" scY="1" y="0" pX="18" pY="3" skX="0" skY="0"/>
    </display>
    <display name="Shape/shape 10758" type="image">
     <transform scX="1" x="0" scY="1" y="0" pX="18" pY="3" skX="0" skY="0"/>
    </display>
    <display name="Shape/shape 10760" type="image">
     <transform scX="1" x="0" scY="1" y="0" pX="18" pY="3" skX="0" skY="0"/>
    </display>
    <display name="Shape/shape 10762" type="image">
     <transform scX="1" x="0" scY="1" y="0" pX="18" pY="3" skX="0" skY="0"/>
    </display>
    <display name="Shape/shape 10764" type="image">
     <transform scX="1" x="0" scY="1" y="0" pX="18" pY="3" skX="0" skY="0"/>
    </display>
    <display name="Shape/shape 10766" type="image">
     <transform scX="1" x="0" scY="1" y="0" pX="18" pY="3" skX="0" skY="0"/>
    </display>
    <display name="Shape/shape 10768" type="image">
     <transform scX="1" x="0" scY="1" y="0" pX="18" pY="3" skX="0" skY="0"/>
    </display>
    <display name="Shape/shape 10770" type="image">
     <transform scX="1" x="0" scY="1" y="0" pX="18" pY="3" skX="0" skY="0"/>
    </display>
   </slot>
  </skin>
  <bone name="Layer 1">
   <transform scX="1" x="0" skX="0" scY="1" y="0" skY="0"/>
  </bone>
  <animation fadeInTime="0.3" scale="1" loop="1" autoTween="NaN" name="BulletTower6_2_mc" duration="13" tweenEasing="NaN">
   <timeline pX="0" name="Layer 1" pY="0" scale="1" offset="0">
    <frame z="0" duration="1">
     <transform scX="1" x="0" scY="1" y="0" pX="0" pY="0" skX="0" skY="0"/>
    </frame>
    <frame displayIndex="1" z="0" duration="1">
     <transform scX="1" x="0" scY="1" y="0" pX="0" pY="0" skX="0" skY="0"/>
    </frame>
    <frame displayIndex="2" z="0" duration="1">
     <transform scX="1" x="0" scY="1" y="0" pX="0" pY="0" skX="0" skY="0"/>
    </frame>
    <frame displayIndex="3" z="0" duration="2">
     <transform scX="1" x="0" scY="1" y="0" pX="0" pY="0" skX="0" skY="0"/>
    </frame>
    <frame displayIndex="4" z="0" duration="1">
     <transform scX="1" x="0" scY="1" y="0" pX="0" pY="0" skX="0" skY="0"/>
    </frame>
    <frame displayIndex="5" z="0" duration="1">
     <transform scX="1" x="0" scY="1" y="0" pX="0" pY="0" skX="0" skY="0"/>
    </frame>
    <frame displayIndex="6" z="0" duration="2">
     <transform scX="1" x="0" scY="1" y="0" pX="0" pY="0" skX="0" skY="0"/>
    </frame>
    <frame displayIndex="7" z="0" duration="2">
     <transform scX="1" x="0" scY="1" y="0" pX="0" pY="0" skX="0" skY="0"/>
    </frame>
    <frame displayIndex="8" z="0" duration="1">
     <transform scX="1" x="0" scY="1" y="0" pX="0" pY="0" skX="0" skY="0"/>
    </frame>
    <frame displayIndex="8" z="0" duration="1">
     <transform scX="1" x="0" scY="1" y="0" pX="0" pY="0" skX="0" skY="0"/>
    </frame>
   </timeline>
  </animation>
 </armature>
</root>