<dragonBones name="1yrt" frameRate="30" version="2.3">
 <armature name="BulletTower6_2_mc">
  <bone name="Layer 1">
   <transform x="0" y="0" skX="0" skY="0" scX="1" scY="1"/>
  </bone>
  <skin name="default">
   <slot name="Layer 1" parent="Layer 1" z="0">
    <display name="Shape/shape 10754" type="image">
     <transform x="0" y="0" skX="0" skY="0" scX="1" scY="1" pX="18" pY="3"/>
    </display>
    <display name="Shape/shape 10756" type="image">
     <transform x="0" y="0" skX="0" skY="0" scX="1" scY="1" pX="18" pY="3"/>
    </display>
    <display name="Shape/shape 10758" type="image">
     <transform x="0" y="0" skX="0" skY="0" scX="1" scY="1" pX="18" pY="3"/>
    </display>
    <display name="Shape/shape 10760" type="image">
     <transform x="0" y="0" skX="0" skY="0" scX="1" scY="1" pX="18" pY="3"/>
    </display>
    <display name="Shape/shape 10762" type="image">
     <transform x="0" y="0" skX="0" skY="0" scX="1" scY="1" pX="18" pY="3"/>
    </display>
    <display name="Shape/shape 10764" type="image">
     <transform x="0" y="0" skX="0" skY="0" scX="1" scY="1" pX="18" pY="3"/>
    </display>
    <display name="Shape/shape 10766" type="image">
     <transform x="0" y="0" skX="0" skY="0" scX="1" scY="1" pX="18" pY="3"/>
    </display>
    <display name="Shape/shape 10768" type="image">
     <transform x="0" y="0" skX="0" skY="0" scX="1" scY="1" pX="18" pY="3"/>
    </display>
    <display name="Shape/shape 10770" type="image">
     <transform x="0" y="0" skX="0" skY="0" scX="1" scY="1" pX="18" pY="3"/>
    </display>
   </slot>
  </skin>
  <animation name="BulletTower6_2_mc" fadeInTime="0.3" duration="12" scale="1" loop="1" autoTween="1" tweenEasing="NaN">
   <timeline name="Layer 1" scale="1" offset="0">
    <frame z="0" duration="1">
     <transform x="0" y="0" skX="0" skY="0" scX="1" scY="1" pX="0" pY="0"/>
    </frame>
    <frame z="0" displayIndex="1" duration="1">
     <transform x="0" y="0" skX="0" skY="0" scX="1" scY="1" pX="0" pY="0"/>
    </frame>
    <frame z="0" displayIndex="2" duration="1">
     <transform x="0" y="0" skX="0" skY="0" scX="1" scY="1" pX="0" pY="0"/>
    </frame>
    <frame z="0" displayIndex="3" duration="2">
     <transform x="0" y="0" skX="0" skY="0" scX="1" scY="1" pX="0" pY="0"/>
    </frame>
    <frame z="0" displayIndex="4" duration="1">
     <transform x="0" y="0" skX="0" skY="0" scX="1" scY="1" pX="0" pY="0"/>
    </frame>
    <frame z="0" displayIndex="5" duration="1">
     <transform x="0" y="0" skX="0" skY="0" scX="1" scY="1" pX="0" pY="0"/>
    </frame>
    <frame z="0" displayIndex="6" duration="2">
     <transform x="0" y="0" skX="0" skY="0" scX="1" scY="1" pX="0" pY="0"/>
    </frame>
    <frame z="0" displayIndex="7" duration="2">
     <transform x="0" y="0" skX="0" skY="0" scX="1" scY="1" pX="0" pY="0"/>
    </frame>
    <frame z="0" displayIndex="8" duration="1">
     <transform x="0" y="0" skX="0" skY="0" scX="1" scY="1" pX="0" pY="0"/>
    </frame>
   </timeline>
  </animation>
 </armature>
</dragonBones>