<dragonBones name="1yrt" frameRate="30" version="2.3">
 <armature name="CastFire_mc">
  <bone name="Layer 1">
   <transform x="0" y="0" skX="0" skY="0" scX="1" scY="1"/>
  </bone>
  <skin name="default">
   <slot name="Layer 1" parent="Layer 1" z="0">
    <display name="Shape/shape 6970" type="image">
     <transform x="0" y="0" skX="0" skY="0" scX="1" scY="1" pX="56" pY="50"/>
    </display>
    <display name="Shape/shape 6972" type="image">
     <transform x="0" y="0" skX="0" skY="0" scX="1" scY="1" pX="56" pY="50"/>
    </display>
    <display name="Shape/shape 6974" type="image">
     <transform x="0" y="0" skX="0" skY="0" scX="1" scY="1" pX="56" pY="50"/>
    </display>
    <display name="Shape/shape 6976" type="image">
     <transform x="0" y="0" skX="0" skY="0" scX="1" scY="1" pX="56" pY="50"/>
    </display>
    <display name="Shape/shape 6978" type="image">
     <transform x="0" y="0" skX="0" skY="0" scX="1" scY="1" pX="56" pY="50"/>
    </display>
    <display name="Shape/shape 6980" type="image">
     <transform x="0" y="0" skX="0" skY="0" scX="1" scY="1" pX="56" pY="50"/>
    </display>
    <display name="Shape/shape 6982" type="image">
     <transform x="0" y="0" skX="0" skY="0" scX="1" scY="1" pX="56" pY="50"/>
    </display>
    <display name="Shape/shape 6984" type="image">
     <transform x="0" y="0" skX="0" skY="0" scX="1" scY="1" pX="56" pY="50"/>
    </display>
    <display name="Shape/shape 6986" type="image">
     <transform x="0" y="0" skX="0" skY="0" scX="1" scY="1" pX="56" pY="50"/>
    </display>
    <display name="Shape/shape 6988" type="image">
     <transform x="0" y="0" skX="0" skY="0" scX="1" scY="1" pX="56" pY="50"/>
    </display>
   </slot>
  </skin>
  <animation name="CastFire_mc" fadeInTime="0.3" duration="25" scale="1" loop="1" autoTween="1" tweenEasing="NaN">
   <timeline name="Layer 1" scale="1" offset="0">
    <frame z="0" duration="2">
     <transform x="0" y="0" skX="0" skY="0" scX="1" scY="1" pX="0" pY="0"/>
    </frame>
    <frame z="0" displayIndex="1" duration="2">
     <transform x="0" y="0" skX="0" skY="0" scX="1" scY="1" pX="0" pY="0"/>
    </frame>
    <frame z="0" displayIndex="2" duration="2">
     <transform x="0" y="0" skX="0" skY="0" scX="1" scY="1" pX="0" pY="0"/>
    </frame>
    <frame z="0" displayIndex="3" duration="2">
     <transform x="0" y="0" skX="0" skY="0" scX="1" scY="1" pX="0" pY="0"/>
    </frame>
    <frame z="0" displayIndex="4" duration="3">
     <transform x="0" y="0" skX="0" skY="0" scX="1" scY="1" pX="0" pY="0"/>
    </frame>
    <frame z="0" displayIndex="5" duration="3">
     <transform x="0" y="0" skX="0" skY="0" scX="1" scY="1" pX="0" pY="0"/>
    </frame>
    <frame z="0" displayIndex="6" duration="3">
     <transform x="0" y="0" skX="0" skY="0" scX="1" scY="1" pX="0" pY="0"/>
    </frame>
    <frame z="0" displayIndex="7" duration="3">
     <transform x="0" y="0" skX="0" skY="0" scX="1" scY="1" pX="0" pY="0"/>
    </frame>
    <frame z="0" displayIndex="8" duration="2">
     <transform x="0" y="0" skX="0" skY="0" scX="1" scY="1" pX="0" pY="0"/>
    </frame>
    <frame z="0" displayIndex="9" duration="1">
     <transform x="0" y="0" skX="0" skY="0" scX="1" scY="1" pX="0" pY="0"/>
    </frame>
    <frame z="0" displayIndex="9" duration="1">
     <transform x="0" y="0" skX="0" skY="0" scX="1" scY="1" pX="0" pY="0"/>
    </frame>
    <frame z="0" displayIndex="9" duration="1">
     <transform x="0" y="0" skX="0" skY="0" scX="0.01" scY="0.01" pX="0" pY="0"/>
     <colorTransform aO="0" rO="0" gO="0" bO="0" aM="0" rM="100" gM="100" bM="100"/>
    </frame>
   </timeline>
  </animation>
 </armature>
</dragonBones>