<TextureAtlas name="Unit6_mc" imagePath="texture.png">
 <SubTexture name="dust4" x="364" y="0" width="50" height="50"/>
 <SubTexture name="selectUnit" x="0" y="104" width="50" height="50"/>
 <SubTexture name="sprite 7652" x="260" y="52" width="50" height="50"/>
 <SubTexture name="healthBar" x="312" y="0" width="50" height="50"/>
 <SubTexture name="armor" x="52" y="52" width="50" height="50"/>
 <SubTexture name="iceEffect" x="0" y="52" width="50" height="50"/>
 <SubTexture name="fireEffect" x="364" y="52" width="50" height="50"/>
 <SubTexture name="iceFreez" x="104" y="52" width="50" height="50"/>
 <SubTexture name="levinattack" x="312" y="52" width="50" height="50"/>
 <SubTexture name="iceattack" x="208" y="52" width="50" height="50"/>
 <SubTexture name="fireattack" x="156" y="52" width="50" height="50"/>
 <SubTexture name="dust3" x="0" y="0" width="50" height="50"/>
 <SubTexture name="dust2" x="52" y="104" width="50" height="50"/>
 <SubTexture name="dust1" x="156" y="0" width="50" height="50"/>
 <SubTexture name="buffSpeed" x="416" y="0" width="50" height="50"/>
 <SubTexture name="airShock" x="104" y="0" width="50" height="50"/>
 <SubTexture name="buffHP" x="208" y="0" width="50" height="50"/>
 <SubTexture name="iceDeath" x="52" y="0" width="50" height="50"/>
 <SubTexture name="stonedeath" x="416" y="52" width="50" height="50"/>
 <SubTexture name="levindeath" x="260" y="0" width="50" height="50"/>
 <SubTexture name="case" x="104" y="104" width="50" height="50"/>
 <SubTexture name="Shape/shape 2432" x="244" y="104" width="42" height="34"/>
 <SubTexture name="Shape/shape 2434" x="244" y="140" width="42" height="34"/>
 <SubTexture name="Shape/shape 2436" x="468" y="72" width="42" height="34"/>
 <SubTexture name="Shape/shape 2438" x="200" y="104" width="42" height="34"/>
 <SubTexture name="Shape/shape 2440" x="288" y="140" width="42" height="34"/>
 <SubTexture name="Shape/shape 2442" x="468" y="0" width="42" height="34"/>
 <SubTexture name="Shape/shape 2444" x="156" y="140" width="42" height="34"/>
 <SubTexture name="Shape/shape 2446" x="288" y="104" width="42" height="34"/>
 <SubTexture name="Shape/shape 2448" x="420" y="140" width="42" height="34"/>
 <SubTexture name="Shape/shape 2450" x="464" y="144" width="42" height="34"/>
 <SubTexture name="Shape/shape 2451" x="156" y="104" width="42" height="34"/>
 <SubTexture name="Shape/shape 2452" x="420" y="104" width="42" height="34"/>
 <SubTexture name="Shape/shape 2453" x="376" y="104" width="42" height="34"/>
 <SubTexture name="Shape/shape 2454" x="468" y="36" width="42" height="34"/>
 <SubTexture name="Shape/shape 2455" x="0" y="156" width="42" height="34"/>
 <SubTexture name="Shape/shape 2456" x="332" y="104" width="42" height="34"/>
 <SubTexture name="Shape/shape 2457" x="376" y="140" width="42" height="34"/>
 <SubTexture name="Shape/shape 2458" x="200" y="140" width="42" height="34"/>
 <SubTexture name="Shape/shape 2459" x="332" y="140" width="42" height="34"/>
 <SubTexture name="Shape/shape 2460" x="464" y="108" width="42" height="34"/>
 <SubTexture name="Shape/shape 2462" x="352" y="209" width="42" height="31"/>
 <SubTexture name="Shape/shape 2464" x="308" y="209" width="42" height="31"/>
 <SubTexture name="Shape/shape 2466" x="396" y="209" width="42" height="31"/>
 <SubTexture name="Shape/shape 2468" x="308" y="176" width="42" height="31"/>
 <SubTexture name="Shape/shape 2470" x="88" y="156" width="42" height="31"/>
 <SubTexture name="Shape/shape 2472" x="132" y="176" width="42" height="31"/>
 <SubTexture name="Shape/shape 2474" x="220" y="176" width="42" height="31"/>
 <SubTexture name="Shape/shape 2476" x="264" y="209" width="42" height="31"/>
 <SubTexture name="Shape/shape 2478" x="396" y="176" width="42" height="31"/>
 <SubTexture name="Shape/shape 2480" x="44" y="156" width="42" height="31"/>
 <SubTexture name="Shape/shape 2481" x="88" y="189" width="42" height="31"/>
 <SubTexture name="Shape/shape 2482" x="440" y="180" width="42" height="31"/>
 <SubTexture name="Shape/shape 2483" x="176" y="209" width="42" height="31"/>
 <SubTexture name="Shape/shape 2484" x="44" y="189" width="42" height="31"/>
 <SubTexture name="Shape/shape 2485" x="352" y="176" width="42" height="31"/>
 <SubTexture name="Shape/shape 2486" x="0" y="192" width="42" height="31"/>
 <SubTexture name="Shape/shape 2487" x="264" y="176" width="42" height="31"/>
 <SubTexture name="Shape/shape 2488" x="176" y="176" width="42" height="31"/>
 <SubTexture name="Shape/shape 2489" x="132" y="209" width="42" height="31"/>
 <SubTexture name="Shape/shape 2490" x="220" y="209" width="42" height="31"/>
</TextureAtlas>