<TextureAtlas name="iceeffect" imagePath="texture.png">
 <SubTexture name="Shape/shape 7711" x="112" y="144" width="54" height="28"/>
 <SubTexture name="Shape/shape 7715" x="112" y="174" width="54" height="28"/>
 <SubTexture name="Shape/shape 7717" x="112" y="114" width="54" height="28"/>
 <SubTexture name="Shape/shape 7721" x="168" y="174" width="54" height="28"/>
 <SubTexture name="Shape/shape 7723" x="56" y="174" width="54" height="28"/>
 <SubTexture name="Shape/shape 7727" x="0" y="174" width="54" height="28"/>
 <SubTexture name="Shape/shape 7729" x="0" y="144" width="54" height="28"/>
 <SubTexture name="Shape/shape 7732" x="168" y="114" width="54" height="28"/>
 <SubTexture name="Shape/shape 7733" x="0" y="204" width="54" height="28"/>
 <SubTexture name="Shape/shape 7736" x="168" y="144" width="54" height="28"/>
 <SubTexture name="Shape/shape 7737" x="56" y="144" width="54" height="28"/>
 <SubTexture name="Shape/shape 7740" x="112" y="204" width="54" height="28"/>
 <SubTexture name="Shape/shape 7741" x="56" y="204" width="54" height="28"/>
 <SubTexture name="Shape/shape 7744" x="56" y="114" width="54" height="28"/>
 <SubTexture name="Shape/shape 7745" x="0" y="114" width="54" height="28"/>
 <SubTexture name="Shape/shape 7713" x="116" y="76" width="56" height="36"/>
 <SubTexture name="Shape/shape 7719" x="58" y="76" width="56" height="36"/>
 <SubTexture name="Shape/shape 7725" x="0" y="76" width="56" height="36"/>
 <SubTexture name="Shape/shape 7731" x="174" y="76" width="56" height="36"/>
 <SubTexture name="Shape/shape 7735" x="116" y="0" width="56" height="36"/>
 <SubTexture name="Shape/shape 7739" x="0" y="0" width="56" height="36"/>
 <SubTexture name="Shape/shape 7743" x="58" y="38" width="56" height="36"/>
 <SubTexture name="Shape/shape 7747" x="0" y="38" width="56" height="36"/>
 <SubTexture name="Shape/shape 7749" x="58" y="0" width="56" height="36"/>
 <SubTexture name="Shape/shape 7751" x="174" y="38" width="56" height="36"/>
 <SubTexture name="Shape/shape 7753" x="116" y="38" width="56" height="36"/>
 <SubTexture name="Shape/shape 7755" x="174" y="0" width="56" height="36"/>
</TextureAtlas>