<root name="Training_2_mc" isGlobal="0" frameRate="30" version="3.0">
 <armature name="Training_2_mc">
  <skin name="default">
   <slot name="Layer 1" z="0" parent="Layer 1">
    <display name="Shape/shape 5222" type="image">
     <transform scX="1" x="0" scY="1" y="0" pX="350" pY="250" skX="0" skY="0"/>
    </display>
    <display name="Sprite/sprite 5256" type="image">
     <transform scX="1" x="0" scY="1" y="0" pX="350" pY="250" skX="0" skY="0"/>
    </display>
   </slot>
   <slot name="cont" z="1" parent="cont">
    <display name="Sprite/sprite 12155" type="armature">
     <transform scX="1" x="0" skX="0" scY="1" y="0" skY="0"/>
    </display>
   </slot>
  </skin>
  <bone name="Layer 1">
   <transform scX="1.14" x="0" skX="0" scY="1.2" y="0" skY="0"/>
  </bone>
  <bone name="cont">
   <transform scX="1" x="0" skX="0" scY="1" y="180.95" skY="0"/>
  </bone>
  <animation name="Training_2_mc" scale="1" loop="1" autoTween="NaN" fadeInTime="0.3" duration="15" tweenEasing="NaN">
   <timeline pX="0" name="Layer 1" pY="0" scale="1" offset="0">
    <frame z="0" duration="6" tweenEasing="0">
     <transform scX="1" x="0" scY="1" y="0" pX="0" pY="0" skX="0" skY="0"/>
     <colorTransform bM="100" gO="0" bO="0" aM="0" rM="100" aO="0" gM="100" rO="0"/>
    </frame>
    <frame z="0" duration="1">
     <transform scX="1" x="0" scY="1" y="0" pX="0" pY="0" skX="0" skY="0"/>
    </frame>
    <frame z="0" duration="6">
     <transform scX="1" x="0" scY="1" y="0" pX="0" pY="0" skX="0" skY="0"/>
    </frame>
    <frame displayIndex="1" z="0" duration="1">
     <transform scX="1" x="0" scY="1" y="0" pX="0" pY="0" skX="0" skY="0"/>
    </frame>
    <frame displayIndex="1" z="0" duration="1">
     <transform scX="1" x="0" scY="1" y="0" pX="0" pY="0" skX="0" skY="0"/>
    </frame>
   </timeline>
   <timeline pX="0" name="cont" pY="0" scale="1" offset="0">
    <frame z="0" duration="4" tweenEasing="0">
     <transform scX="1" x="0" scY="1" y="0" pX="0" pY="0" skX="0" skY="0"/>
     <colorTransform bM="100" gO="0" bO="0" aM="40" rM="100" aO="0" gM="100" rO="0"/>
    </frame>
    <frame z="0" duration="2" tweenEasing="0">
     <transform scX="1" x="0" scY="1" y="-180" pX="0" pY="0" skX="0" skY="0"/>
    </frame>
    <frame z="0" duration="3" tweenEasing="0">
     <transform scX="1.11" x="0" scY="1.11" y="-209.64999999999998" pX="0" pY="0" skX="0" skY="0"/>
    </frame>
    <frame z="0" duration="2" tweenEasing="0">
     <transform scX="0.98" x="0" scY="0.98" y="-177" pX="0" pY="0" skX="0" skY="0"/>
    </frame>
    <frame z="0" duration="2" tweenEasing="0">
     <transform scX="1.03" x="0" scY="1" y="-180.45" pX="0" pY="0" skX="0" skY="0"/>
    </frame>
    <frame z="0" duration="1">
     <transform scX="1" x="0" scY="1" y="-180.95" pX="0" pY="0" skX="0" skY="0"/>
    </frame>
    <frame z="0" duration="1">
     <transform scX="1" x="0" scY="1" y="-180.95" pX="0" pY="0" skX="0" skY="0"/>
    </frame>
   </timeline>
   <frame duration="14"/>
   <frame duration="1"/>
  </animation>
 </armature>
 <armature name="Sprite/sprite 12155">
  <skin name="default">
   <slot name="Layer 7" z="0" parent="Layer 7">
    <display name="__dbTextures/Sprite/sprite 12155/Layer 7_0" type="image">
     <transform scX="1" x="-12" scY="1" y="-182" pX="0" pY="0" skX="0" skY="0"/>
    </display>
    <display name="__dbTextures/Sprite/sprite 12155/Layer 7_1" type="image">
     <transform scX="1" x="-52.1" scY="1" y="-182" pX="0" pY="0" skX="0" skY="0"/>
    </display>
    <display name="__dbTextures/Sprite/sprite 12155/Layer 7_2" type="image">
     <transform scX="1" x="-92.3" scY="1" y="-182" pX="0" pY="0" skX="0" skY="0"/>
    </display>
    <display name="__dbTextures/Sprite/sprite 12155/Layer 7_3" type="image">
     <transform scX="1" x="-132.4" scY="1" y="-182" pX="0" pY="0" skX="0" skY="0"/>
    </display>
    <display name="__dbTextures/Sprite/sprite 12155/Layer 7_4" type="image">
     <transform scX="1" x="-172.55" scY="1" y="-182" pX="0" pY="0" skX="0" skY="0"/>
    </display>
    <display name="__dbTextures/Sprite/sprite 12155/Layer 7_5" type="image">
     <transform scX="1" x="-212.7" scY="1" y="-182" pX="0" pY="0" skX="0" skY="0"/>
    </display>
    <display name="__dbTextures/Sprite/sprite 12155/Layer 7_6" type="image">
     <transform scX="1" x="-252.85" scY="1" y="-182" pX="0" pY="0" skX="0" skY="0"/>
    </display>
    <display name="__dbTextures/Sprite/sprite 12155/Layer 7_7" type="image">
     <transform scX="1" x="-293" scY="1" y="-182" pX="0" pY="0" skX="0" skY="0"/>
    </display>
    <display name="__dbTextures/Sprite/sprite 12155/Layer 7_15" type="image">
     <transform scX="1" x="-293" scY="1" y="-182" pX="0" pY="0" skX="0" skY="0"/>
    </display>
   </slot>
   <slot name="Layer 6" z="1" parent="Layer 6">
    <display name="__dbTextures/Sprite/sprite 12155/Layer 6_0" type="image">
     <transform scX="1" x="-63.45" scY="1" y="-14.7" pX="0" pY="0" skX="0" skY="0"/>
    </display>
    <display name="__dbTextures/Sprite/sprite 12155/Layer 6_15" type="image">
     <transform scX="1" x="-63.45" scY="1" y="-14.7" pX="0" pY="0" skX="0" skY="0"/>
    </display>
   </slot>
   <slot name="btnOk" z="2" parent="btnOk">
    <display name="Symbol 10240" type="armature">
     <transform scX="1" x="0" skX="0" scY="1" y="0" skY="0"/>
    </display>
   </slot>
   <slot name="Layer 4" z="3" parent="Layer 4">
    <display name="__dbTextures/Sprite/sprite 12155/Layer 4_0" type="image">
     <transform scX="1" x="-23" scY="1" y="-121.5" pX="0" pY="0" skX="0" skY="0"/>
    </display>
    <display name="__dbTextures/Sprite/sprite 12155/Layer 4_1" type="image">
     <transform scX="1" x="-56.75" scY="1" y="-121.5" pX="0" pY="0" skX="0" skY="0"/>
    </display>
    <display name="__dbTextures/Sprite/sprite 12155/Layer 4_2" type="image">
     <transform scX="1" x="-90.5" scY="1" y="-121.5" pX="0" pY="0" skX="0" skY="0"/>
    </display>
    <display name="__dbTextures/Sprite/sprite 12155/Layer 4_3" type="image">
     <transform scX="1" x="-124.25" scY="1" y="-121.5" pX="0" pY="0" skX="0" skY="0"/>
    </display>
    <display name="__dbTextures/Sprite/sprite 12155/Layer 4_4" type="image">
     <transform scX="1" x="-158" scY="1" y="-121.5" pX="0" pY="0" skX="0" skY="0"/>
    </display>
    <display name="__dbTextures/Sprite/sprite 12155/Layer 4_5" type="image">
     <transform scX="1" x="-191.75" scY="1" y="-121.5" pX="0" pY="0" skX="0" skY="0"/>
    </display>
    <display name="__dbTextures/Sprite/sprite 12155/Layer 4_6" type="image">
     <transform scX="1" x="-225.5" scY="1" y="-121.5" pX="0" pY="0" skX="0" skY="0"/>
    </display>
    <display name="Symbol 12154" type="image">
     <transform scX="1" x="0" scY="1" y="0" pX="225" pY="127.5" skX="0" skY="0"/>
    </display>
   </slot>
   <slot name="Layer 2" z="4" parent="Layer 2">
    <display name="Symbol 10319" type="image">
     <transform scX="1" x="0" scY="1" y="0" pX="21" pY="148" skX="0" skY="0"/>
    </display>
   </slot>
   <slot name="Layer 1" z="5" parent="Layer 1">
    <display name="Symbol 10321" type="image">
     <transform scX="1" x="0" scY="1" y="0" pX="22" pY="150" skX="0" skY="0"/>
    </display>
   </slot>
  </skin>
  <bone name="Layer 4">
   <transform scX="1" x="-11" skX="0" scY="1" y="-6" skY="0"/>
  </bone>
  <bone name="Layer 6">
   <transform scX="1" x="-0.25" skX="0" scY="1" y="-146.95" skY="0"/>
  </bone>
  <bone name="btnOk">
   <transform scX="1" x="0" skX="0" scY="1" y="142" skY="0"/>
  </bone>
  <bone name="Layer 7">
   <transform scX="1" x="-3" skX="0" scY="1" y="3" skY="0"/>
  </bone>
  <bone name="Layer 2">
   <transform scX="1.19" x="11.95" skX="0" scY="1.19" y="0" skY="0"/>
  </bone>
  <bone name="Layer 1">
   <transform scX="1.19" x="-11.95" skX="0" scY="1.19" y="0" skY="0"/>
  </bone>
  <animation name="cont" scale="1" loop="1" autoTween="NaN" fadeInTime="0.3" duration="16" tweenEasing="NaN">
   <timeline pX="0" name="Layer 7" pY="0" scale="1" offset="0">
    <frame z="0" duration="1" tweenEasing="NaN">
     <transform scX="1" x="0" scY="1" y="0" pX="0" pY="0" skX="0" skY="0"/>
    </frame>
    <frame z="0" displayIndex="1" duration="1" tweenEasing="NaN">
     <transform scX="1" x="0.5499999999999998" scY="1" y="0" pX="0" pY="0" skX="0" skY="0"/>
    </frame>
    <frame z="0" displayIndex="2" duration="1" tweenEasing="NaN">
     <transform scX="1" x="1.15" scY="1" y="0" pX="0" pY="0" skX="0" skY="0"/>
    </frame>
    <frame z="0" displayIndex="3" duration="1" tweenEasing="NaN">
     <transform scX="1" x="1.7" scY="1" y="0" pX="0" pY="0" skX="0" skY="0"/>
    </frame>
    <frame z="0" displayIndex="4" duration="1" tweenEasing="NaN">
     <transform scX="1" x="2.25" scY="1" y="0" pX="0" pY="0" skX="0" skY="0"/>
    </frame>
    <frame z="0" displayIndex="5" duration="1" tweenEasing="NaN">
     <transform scX="1" x="2.85" scY="1" y="0" pX="0" pY="0" skX="0" skY="0"/>
    </frame>
    <frame z="0" displayIndex="6" duration="1" tweenEasing="NaN">
     <transform scX="1" x="3.4" scY="1" y="0" pX="0" pY="0" skX="0" skY="0"/>
    </frame>
    <frame z="0" displayIndex="7" duration="8" tweenEasing="NaN">
     <transform scX="1" x="4" scY="1" y="0" pX="0" pY="0" skX="0" skY="0"/>
    </frame>
    <frame z="0" displayIndex="8" duration="1" tweenEasing="NaN">
     <transform scX="1" x="4" scY="1" y="0" pX="0" pY="0" skX="0" skY="0"/>
    </frame>
   </timeline>
   <timeline pX="0" name="Layer 6" pY="0" scale="1" offset="0">
    <frame z="0" duration="15" tweenEasing="NaN">
     <transform scX="1" x="0" scY="1" y="0" pX="0" pY="0" skX="0" skY="0"/>
    </frame>
    <frame z="0" displayIndex="1" duration="1" tweenEasing="NaN">
     <transform scX="1" x="0" scY="1" y="0" pX="0" pY="0" skX="0" skY="0"/>
    </frame>
   </timeline>
   <timeline pX="0" name="btnOk" pY="0" scale="1" offset="0">
    <frame z="0" duration="15">
     <transform scX="1" x="0" scY="1" y="0" pX="0" pY="0" skX="0" skY="0"/>
    </frame>
    <frame z="0" duration="1">
     <transform scX="1" x="0" scY="1" y="0" pX="0" pY="0" skX="0" skY="0"/>
    </frame>
   </timeline>
   <timeline pX="0" name="Layer 4" pY="0" scale="1" offset="0">
    <frame z="0" duration="1" tweenEasing="NaN">
     <transform scX="1" x="0" scY="1" y="0" pX="0" pY="0" skX="0" skY="0"/>
    </frame>
    <frame z="0" displayIndex="1" duration="1" tweenEasing="NaN">
     <transform scX="1" x="1.9000000000000004" scY="1" y="0" pX="0" pY="0" skX="0" skY="0"/>
    </frame>
    <frame z="0" displayIndex="2" duration="1" tweenEasing="NaN">
     <transform scX="1" x="3.8499999999999996" scY="1" y="0" pX="0" pY="0" skX="0" skY="0"/>
    </frame>
    <frame z="0" displayIndex="3" duration="1" tweenEasing="NaN">
     <transform scX="1" x="5.75" scY="1" y="0" pX="0" pY="0" skX="0" skY="0"/>
    </frame>
    <frame z="0" displayIndex="4" duration="1" tweenEasing="NaN">
     <transform scX="1" x="7.65" scY="1" y="0" pX="0" pY="0" skX="0" skY="0"/>
    </frame>
    <frame z="0" displayIndex="5" duration="1" tweenEasing="NaN">
     <transform scX="1" x="9.6" scY="1" y="0" pX="0" pY="0" skX="0" skY="0"/>
    </frame>
    <frame z="0" displayIndex="6" duration="1" tweenEasing="NaN">
     <transform scX="1" x="11.5" scY="1" y="0" pX="0" pY="0" skX="0" skY="0"/>
    </frame>
    <frame displayIndex="7" z="0" duration="8">
     <transform scX="1" x="11" scY="1" y="6" pX="0" pY="0" skX="0" skY="0"/>
    </frame>
    <frame displayIndex="7" z="0" duration="1">
     <transform scX="1" x="11" scY="1" y="6" pX="0" pY="0" skX="0" skY="0"/>
    </frame>
   </timeline>
   <timeline pX="0" name="Layer 2" pY="0" scale="1" offset="0">
    <frame z="0" duration="1">
     <transform scX="1" x="0" scY="1" y="0" pX="0" pY="0" skX="0" skY="0"/>
    </frame>
    <frame z="0" duration="1">
     <transform scX="1" x="37.150000000000006" scY="1" y="0" pX="0" pY="0" skX="0" skY="0"/>
    </frame>
    <frame z="0" duration="1">
     <transform scX="1" x="74.3" scY="1" y="0" pX="0" pY="0" skX="0" skY="0"/>
    </frame>
    <frame z="0" duration="1">
     <transform scX="1" x="111.45" scY="1" y="0" pX="0" pY="0" skX="0" skY="0"/>
    </frame>
    <frame z="0" duration="1">
     <transform scX="1" x="148.60000000000002" scY="1" y="0" pX="0" pY="0" skX="0" skY="0"/>
    </frame>
    <frame z="0" duration="1">
     <transform scX="1" x="185.75" scY="1" y="0" pX="0" pY="0" skX="0" skY="0"/>
    </frame>
    <frame z="0" duration="1">
     <transform scX="1" x="222.9" scY="1" y="0" pX="0" pY="0" skX="0" skY="0"/>
    </frame>
    <frame z="0" duration="8">
     <transform scX="1" x="260.05" scY="1" y="0" pX="0" pY="0" skX="0" skY="0"/>
    </frame>
    <frame z="0" duration="1">
     <transform scX="1" x="260.05" scY="1" y="0" pX="0" pY="0" skX="0" skY="0"/>
    </frame>
   </timeline>
   <timeline pX="0" name="Layer 1" pY="0" scale="1" offset="0">
    <frame z="0" duration="1">
     <transform scX="1" x="0" scY="1" y="0" pX="0" pY="0" skX="0" skY="0"/>
    </frame>
    <frame z="0" duration="1">
     <transform scX="1" x="-37" scY="1" y="0" pX="0" pY="0" skX="0" skY="0"/>
    </frame>
    <frame z="0" duration="1">
     <transform scX="1" x="-74" scY="1" y="0" pX="0" pY="0" skX="0" skY="0"/>
    </frame>
    <frame z="0" duration="1">
     <transform scX="1" x="-111" scY="1" y="0" pX="0" pY="0" skX="0" skY="0"/>
    </frame>
    <frame z="0" duration="1">
     <transform scX="1" x="-148.05" scY="1" y="0" pX="0" pY="0" skX="0" skY="0"/>
    </frame>
    <frame z="0" duration="1">
     <transform scX="1" x="-185.05" scY="1" y="0" pX="0" pY="0" skX="0" skY="0"/>
    </frame>
    <frame z="0" duration="1">
     <transform scX="1" x="-222.05" scY="1" y="0" pX="0" pY="0" skX="0" skY="0"/>
    </frame>
    <frame z="0" duration="8">
     <transform scX="1" x="-259.05" scY="1" y="0" pX="0" pY="0" skX="0" skY="0"/>
    </frame>
    <frame z="0" duration="1">
     <transform scX="1" x="-259.05" scY="1" y="0" pX="0" pY="0" skX="0" skY="0"/>
    </frame>
   </timeline>
   <frame duration="15"/>
   <frame duration="1"/>
  </animation>
 </armature>
 <armature name="Symbol 10240">
  <skin name="default">
   <slot name="Layer 2" z="0" parent="Layer 2">
    <display name="__dbTextures/Symbol 10240/Layer 2_0" type="image">
     <transform scX="1" x="-52.2" scY="1" y="-29.1" pX="0" pY="0" skX="0" skY="0"/>
    </display>
    <display name="__dbTextures/Symbol 10240/Layer 2_1" type="image">
     <transform scX="1" x="-52.2" scY="1" y="-29.1" pX="0" pY="0" skX="0" skY="0"/>
    </display>
    <display name="__dbTextures/Symbol 10240/Layer 2_2" type="image">
     <transform scX="1" x="-52.2" scY="1" y="-29.1" pX="0" pY="0" skX="0" skY="0"/>
    </display>
    <display name="__dbTextures/Symbol 10240/Layer 2_3" type="image">
     <transform scX="1" x="-52.2" scY="1" y="-29.1" pX="0" pY="0" skX="0" skY="0"/>
    </display>
   </slot>
   <slot name="okCase" z="1" parent="okCase">
    <display name="Symbol 47" type="image">
     <transform scX="1" x="0" scY="1" y="0" pX="25" pY="25" skX="0" skY="0"/>
    </display>
   </slot>
  </skin>
  <bone name="Layer 2">
   <transform scX="1" x="-0.5" skX="0" scY="1" y="0.25" skY="0"/>
  </bone>
  <bone name="okCase">
   <transform scX="1.22" x="-1.7" skX="0" scY="0.67" y="-1.8" skY="0"/>
  </bone>
  <animation name="btnOk" scale="1" loop="1" autoTween="NaN" fadeInTime="0.3" duration="4" tweenEasing="NaN">
   <timeline pX="0" name="Layer 2" pY="0" scale="1" offset="0">
    <frame z="0" duration="1" tweenEasing="NaN">
     <transform scX="1" x="0" scY="1" y="0" pX="0" pY="0" skX="0" skY="0"/>
    </frame>
    <frame z="0" displayIndex="1" duration="1" tweenEasing="NaN">
     <transform scX="1" x="0" scY="1" y="0" pX="0" pY="0" skX="0" skY="0"/>
    </frame>
    <frame z="0" displayIndex="2" duration="1" tweenEasing="NaN">
     <transform scX="1" x="0" scY="1" y="0" pX="0" pY="0" skX="0" skY="0"/>
    </frame>
    <frame z="0" displayIndex="3" duration="1" tweenEasing="NaN">
     <transform scX="1" x="0" scY="1" y="0" pX="0" pY="0" skX="0" skY="0"/>
    </frame>
   </timeline>
   <timeline pX="0" name="okCase" pY="0" scale="1" offset="0">
    <frame z="0" duration="3">
     <transform scX="1" x="0" scY="1" y="0" pX="0" pY="0" skX="0" skY="0"/>
    </frame>
    <frame z="0" duration="1">
     <transform scX="1" x="0" scY="1" y="0" pX="0" pY="0" skX="0" skY="0"/>
    </frame>
   </timeline>
   <frame duration="3"/>
   <frame duration="1"/>
  </animation>
 </armature>
</root>