<TextureAtlas name="Training_2_mc" imagePath="texture.png">
 <SubTexture name="Shape/shape 5222" x="0" y="0" width="700" height="500"/>
 <SubTexture name="Sprite/sprite 5256" x="702" y="0" width="700" height="500"/>
 <SubTexture name="__dbTextures/Sprite/sprite 12155/Layer 7_0" x="1992" y="0" width="24" height="364"/>
 <SubTexture name="__dbTextures/Sprite/sprite 12155/Layer 7_1" x="501" y="868" width="105" height="364"/>
 <SubTexture name="__dbTextures/Sprite/sprite 12155/Layer 7_2" x="507" y="502" width="185" height="364"/>
 <SubTexture name="__dbTextures/Sprite/sprite 12155/Layer 7_3" x="1120" y="502" width="265" height="364"/>
 <SubTexture name="__dbTextures/Sprite/sprite 12155/Layer 7_4" x="1386" y="732" width="346" height="364"/>
 <SubTexture name="__dbTextures/Sprite/sprite 12155/Layer 7_5" x="693" y="502" width="426" height="364"/>
 <SubTexture name="__dbTextures/Sprite/sprite 12155/Layer 7_6" x="0" y="502" width="506" height="364"/>
 <SubTexture name="__dbTextures/Sprite/sprite 12155/Layer 7_7" x="1404" y="0" width="586" height="364"/>
 <SubTexture name="__dbTextures/Sprite/sprite 12155/Layer 7_15" x="1404" y="366" width="586" height="364"/>
 <SubTexture name="__dbTextures/Sprite/sprite 12155/Layer 6_0" x="0" y="1113" width="127" height="30"/>
 <SubTexture name="__dbTextures/Sprite/sprite 12155/Layer 6_15" x="128" y="1113" width="127" height="30"/>
 <SubTexture name="__dbTextures/Sprite/sprite 12155/Layer 4_0" x="453" y="868" width="46" height="243"/>
 <SubTexture name="__dbTextures/Sprite/sprite 12155/Layer 4_1" x="1733" y="977" width="114" height="243"/>
 <SubTexture name="__dbTextures/Sprite/sprite 12155/Layer 4_2" x="1112" y="868" width="181" height="243"/>
 <SubTexture name="__dbTextures/Sprite/sprite 12155/Layer 4_3" x="1733" y="732" width="249" height="243"/>
 <SubTexture name="__dbTextures/Sprite/sprite 12155/Layer 4_4" x="607" y="1112" width="316" height="243"/>
 <SubTexture name="__dbTextures/Sprite/sprite 12155/Layer 4_5" x="1295" y="1098" width="384" height="243"/>
 <SubTexture name="__dbTextures/Sprite/sprite 12155/Layer 4_6" x="0" y="868" width="451" height="243"/>
 <SubTexture name="Symbol 12154" x="659" y="868" width="451" height="243"/>
 <SubTexture name="Symbol 10319" x="1992" y="667" width="43" height="298"/>
 <SubTexture name="Symbol 10321" x="1992" y="366" width="45" height="300"/>
 <SubTexture name="__dbTextures/Symbol 10240/Layer 2_0" x="1848" y="977" width="105" height="59"/>
 <SubTexture name="__dbTextures/Symbol 10240/Layer 2_1" x="1848" y="1097" width="105" height="59"/>
 <SubTexture name="__dbTextures/Symbol 10240/Layer 2_2" x="1848" y="1037" width="105" height="59"/>
 <SubTexture name="__dbTextures/Symbol 10240/Layer 2_3" x="925" y="1112" width="105" height="59"/>
 <SubTexture name="Symbol 47" x="607" y="868" width="50" height="50"/>
</TextureAtlas>