<root name="HintUpgrade_mc" isGlobal="0" frameRate="30" version="3.0">
 <armature name="HintUpgrade_mc">
  <skin name="default">
   <slot name="Layer 1" z="0" parent="Layer 1">
    <display name="Shape/shape 5647" type="image">
     <transform scX="1" x="0" scY="1" y="0" pX="158" pY="109" skX="0" skY="0"/>
    </display>
    <display name="Shape/shape 5653" type="image">
     <transform scX="1" x="0" scY="1" y="0" pX="5" pY="109" skX="0" skY="0"/>
    </display>
   </slot>
   <slot name="noteTXT" z="1" parent="noteTXT">
    <display name="位图 1" type="image">
     <transform scX="1" x="-56.5" scY="1" y="-42.5" pX="0" pY="0" skX="0" skY="0"/>
    </display>
    <display name="位图 2" type="image">
     <transform scX="1" x="-58.5" scY="1" y="-35" pX="0" pY="0" skX="0" skY="0"/>
    </display>
    <display name="位图 3" type="image">
     <transform scX="1" x="-53.5" scY="1" y="-39" pX="0" pY="0" skX="0" skY="0"/>
    </display>
    <display name="位图 4" type="image">
     <transform scX="1" x="-59.5" scY="1" y="-37.5" pX="0" pY="0" skX="0" skY="0"/>
    </display>
    <display name="位图 5" type="image">
     <transform scX="1" x="-61.5" scY="1" y="-39" pX="0" pY="0" skX="0" skY="0"/>
    </display>
    <display name="位图 6" type="image">
     <transform scX="1" x="-60" scY="1" y="-36" pX="0" pY="0" skX="0" skY="0"/>
    </display>
    <display name="位图 7" type="image">
     <transform scX="1" x="-61.5" scY="1" y="-29.5" pX="0" pY="0" skX="0" skY="0"/>
    </display>
    <display name="位图 8" type="image">
     <transform scX="1" x="-55.5" scY="1" y="-34" pX="0" pY="0" skX="0" skY="0"/>
    </display>
    <display name="位图 9" type="image">
     <transform scX="1" x="-61" scY="1" y="-34" pX="0" pY="0" skX="0" skY="0"/>
    </display>
    <display name="位图 10" type="image">
     <transform scX="1" x="-60.5" scY="1" y="-35" pX="0" pY="0" skX="0" skY="0"/>
    </display>
    <display name="位图 11" type="image">
     <transform scX="1" x="-58" scY="1" y="-38" pX="0" pY="0" skX="0" skY="0"/>
    </display>
    <display name="位图 12" type="image">
     <transform scX="1" x="-61" scY="1" y="-38.5" pX="0" pY="0" skX="0" skY="0"/>
    </display>
    <display name="位图 13" type="image">
     <transform scX="1" x="-58" scY="1" y="-35.5" pX="0" pY="0" skX="0" skY="0"/>
    </display>
    <display name="位图 14" type="image">
     <transform scX="1" x="-61" scY="1" y="-37.5" pX="0" pY="0" skX="0" skY="0"/>
    </display>
    <display name="位图 15" type="image">
     <transform scX="1" x="-58.5" scY="1" y="-40.5" pX="0" pY="0" skX="0" skY="0"/>
    </display>
    <display name="位图 16" type="image">
     <transform scX="1" x="-54" scY="1" y="-38.5" pX="0" pY="0" skX="0" skY="0"/>
    </display>
    <display name="位图 17" type="image">
     <transform scX="1" x="-60.5" scY="1" y="-25" pX="0" pY="0" skX="0" skY="0"/>
    </display>
    <display name="位图 18" type="image">
     <transform scX="1" x="-49.5" scY="1" y="-20.5" pX="0" pY="0" skX="0" skY="0"/>
    </display>
    <display name="位图 19" type="image">
     <transform scX="1" x="-56.5" scY="1" y="-30.5" pX="0" pY="0" skX="0" skY="0"/>
    </display>
    <display name="位图 20" type="image">
     <transform scX="1" x="-56.5" scY="1" y="-33" pX="0" pY="0" skX="0" skY="0"/>
    </display>
    <display name="位图 21" type="image">
     <transform scX="1" x="-53" scY="1" y="-39" pX="0" pY="0" skX="0" skY="0"/>
    </display>
    <display name="位图 22" type="image">
     <transform scX="1" x="-55" scY="1" y="-38.5" pX="0" pY="0" skX="0" skY="0"/>
    </display>
    <display name="位图 23" type="image">
     <transform scX="1" x="-60" scY="1" y="-32" pX="0" pY="0" skX="0" skY="0"/>
    </display>
    <display name="位图 24" type="image">
     <transform scX="1" x="-52" scY="1" y="-28.5" pX="0" pY="0" skX="0" skY="0"/>
    </display>
    <display name="位图 25" type="image">
     <transform scX="1" x="-53.5" scY="1" y="-31" pX="0" pY="0" skX="0" skY="0"/>
    </display>
    <display name="位图 26" type="image">
     <transform scX="1" x="-60.5" scY="1" y="-30" pX="0" pY="0" skX="0" skY="0"/>
    </display>
    <display name="位图 27" type="image">
     <transform scX="1" x="-51.5" scY="1" y="-32.5" pX="0" pY="0" skX="0" skY="0"/>
    </display>
    <display name="位图 28" type="image">
     <transform scX="1" x="-56" scY="1" y="-33" pX="0" pY="0" skX="0" skY="0"/>
    </display>
    <display name="位图 29" type="image">
     <transform scX="1" x="-59" scY="1" y="-36" pX="0" pY="0" skX="0" skY="0"/>
    </display>
    <display name="位图 30" type="image">
     <transform scX="1" x="-57" scY="1" y="-37" pX="0" pY="0" skX="0" skY="0"/>
    </display>
    <display name="位图 31" type="image">
     <transform scX="1" x="-53" scY="1" y="-31" pX="0" pY="0" skX="0" skY="0"/>
    </display>
    <display name="位图 32" type="image">
     <transform scX="1" x="-54.5" scY="1" y="-31.5" pX="0" pY="0" skX="0" skY="0"/>
    </display>
    <display name="位图 33" type="image">
     <transform scX="1" x="-47.5" scY="1" y="-36.5" pX="0" pY="0" skX="0" skY="0"/>
    </display>
    <display name="位图 34" type="image">
     <transform scX="1" x="-57.5" scY="1" y="-24" pX="0" pY="0" skX="0" skY="0"/>
    </display>
    <display name="位图 35" type="image">
     <transform scX="1" x="-52.5" scY="1" y="-28" pX="0" pY="0" skX="0" skY="0"/>
    </display>
   </slot>
  </skin>
  <bone name="Layer 1">
   <transform scX="1" x="0" skX="0" scY="1" y="0" skY="0"/>
  </bone>
  <bone name="noteTXT">
   <transform scX="1" x="-80.3" skX="0" scY="1" y="-54.15" skY="0"/>
  </bone>
  <animation fadeInTime="0.3" scale="1" loop="1" autoTween="NaN" name="HintUpgrade_mc" duration="36" tweenEasing="NaN">
   <timeline pX="0" name="Layer 1" pY="0" scale="1" offset="0">
    <frame z="0" duration="5">
     <transform scX="1" x="0" scY="1" y="0" pX="0" pY="0" skX="0" skY="0"/>
    </frame>
    <frame displayIndex="1" z="0" duration="30">
     <transform scX="1" x="0" scY="1" y="0" pX="0" pY="0" skX="0" skY="0"/>
    </frame>
    <frame displayIndex="1" z="0" duration="1">
     <transform scX="1" x="0" scY="1" y="0" pX="0" pY="0" skX="0" skY="0"/>
    </frame>
   </timeline>
   <timeline pX="0" name="noteTXT" pY="0" scale="1" offset="0">
    <frame z="0" duration="1">
     <transform scX="1" x="0" scY="1" y="0" pX="0" pY="0" skX="0" skY="0"/>
    </frame>
    <frame displayIndex="1" z="0" duration="1">
     <transform scX="1" x="2.5999999999999943" scY="1" y="-0.8999999999999986" pX="0" pY="0" skX="0" skY="0"/>
    </frame>
    <frame displayIndex="2" z="0" duration="1">
     <transform scX="1" x="-4.8500000000000085" scY="1" y="0.9499999999999957" pX="0" pY="0" skX="0" skY="0"/>
    </frame>
    <frame displayIndex="3" z="0" duration="1">
     <transform scX="1" x="-1" scY="1" y="-3.8999999999999986" pX="0" pY="0" skX="0" skY="0"/>
    </frame>
    <frame displayIndex="4" z="0" duration="1">
     <transform scX="1" x="5.049999999999997" scY="1" y="-0.6000000000000014" pX="0" pY="0" skX="0" skY="0"/>
    </frame>
    <frame displayIndex="5" z="0" duration="1">
     <transform scX="1" x="155.5" scY="1" y="-3.6499999999999986" pX="0" pY="0" skX="0" skY="0"/>
    </frame>
    <frame displayIndex="6" z="0" duration="1">
     <transform scX="1" x="161.7" scY="1" y="-11.949999999999996" pX="0" pY="0" skX="0" skY="0"/>
    </frame>
    <frame displayIndex="7" z="0" duration="1">
     <transform scX="1" x="157.64999999999998" scY="1" y="-5.700000000000003" pX="0" pY="0" skX="0" skY="0"/>
    </frame>
    <frame displayIndex="8" z="0" duration="1">
     <transform scX="1" x="155.1" scY="1" y="-2.5" pX="0" pY="0" skX="0" skY="0"/>
    </frame>
    <frame displayIndex="9" z="0" duration="1">
     <transform scX="1" x="157.75" scY="1" y="-2.6499999999999986" pX="0" pY="0" skX="0" skY="0"/>
    </frame>
    <frame displayIndex="10" z="0" duration="1">
     <transform scX="1" x="151.05" scY="1" y="0.44999999999999574" pX="0" pY="0" skX="0" skY="0"/>
    </frame>
    <frame displayIndex="11" z="0" duration="1">
     <transform scX="1" x="159.39999999999998" scY="1" y="-0.45000000000000284" pX="0" pY="0" skX="0" skY="0"/>
    </frame>
    <frame displayIndex="12" z="0" duration="1">
     <transform scX="1" x="157.3" scY="1" y="-2.0500000000000043" pX="0" pY="0" skX="0" skY="0"/>
    </frame>
    <frame displayIndex="13" z="0" duration="1">
     <transform scX="1" x="158.05" scY="1" y="0.14999999999999858" pX="0" pY="0" skX="0" skY="0"/>
    </frame>
    <frame displayIndex="14" z="0" duration="1">
     <transform scX="1" x="157.3" scY="1" y="0.8500000000000014" pX="0" pY="0" skX="0" skY="0"/>
    </frame>
    <frame displayIndex="15" z="0" duration="1">
     <transform scX="1" x="150.75" scY="1" y="0.9499999999999957" pX="0" pY="0" skX="0" skY="0"/>
    </frame>
    <frame displayIndex="16" z="0" duration="1">
     <transform scX="1" x="158.3" scY="1" y="-11.949999999999996" pX="0" pY="0" skX="0" skY="0"/>
    </frame>
    <frame displayIndex="17" z="0" duration="1">
     <transform scX="1" x="150.35" scY="1" y="-13.550000000000004" pX="0" pY="0" skX="0" skY="0"/>
    </frame>
    <frame displayIndex="18" z="0" duration="1">
     <transform scX="1" x="157.3" scY="1" y="-5.800000000000004" pX="0" pY="0" skX="0" skY="0"/>
    </frame>
    <frame displayIndex="19" z="0" duration="1">
     <transform scX="1" x="153.89999999999998" scY="1" y="-3.25" pX="0" pY="0" skX="0" skY="0"/>
    </frame>
    <frame displayIndex="20" z="0" duration="1">
     <transform scX="1" x="153.45" scY="1" y="-3.200000000000003" pX="0" pY="0" skX="0" skY="0"/>
    </frame>
    <frame displayIndex="21" z="0" duration="1">
     <transform scX="1" x="154.25" scY="1" y="-4.75" pX="0" pY="0" skX="0" skY="0"/>
    </frame>
    <frame displayIndex="22" z="0" duration="1">
     <transform scX="1" x="156.75" scY="1" y="-9.399999999999999" pX="0" pY="0" skX="0" skY="0"/>
    </frame>
    <frame displayIndex="23" z="0" duration="1">
     <transform scX="1" x="150.89999999999998" scY="1" y="-7.850000000000001" pX="0" pY="0" skX="0" skY="0"/>
    </frame>
    <frame displayIndex="24" z="0" duration="1">
     <transform scX="1" x="154.14999999999998" scY="1" y="-7.050000000000004" pX="0" pY="0" skX="0" skY="0"/>
    </frame>
    <frame displayIndex="25" z="0" duration="1">
     <transform scX="1" x="159.85" scY="1" y="-8.050000000000004" pX="0" pY="0" skX="0" skY="0"/>
    </frame>
    <frame displayIndex="26" z="0" duration="1">
     <transform scX="1" x="148.7" scY="1" y="-5.600000000000001" pX="0" pY="0" skX="0" skY="0"/>
    </frame>
    <frame displayIndex="27" z="0" duration="1">
     <transform scX="1" x="153" scY="1" y="-5.200000000000003" pX="0" pY="0" skX="0" skY="0"/>
    </frame>
    <frame displayIndex="28" z="0" duration="1">
     <transform scX="1" x="157.64999999999998" scY="1" y="-1.6499999999999986" pX="0" pY="0" skX="0" skY="0"/>
    </frame>
    <frame displayIndex="29" z="0" duration="1">
     <transform scX="1" x="157.89999999999998" scY="1" y="0.14999999999999858" pX="0" pY="0" skX="0" skY="0"/>
    </frame>
    <frame displayIndex="30" z="0" duration="1">
     <transform scX="1" x="150" scY="1" y="-7.350000000000001" pX="0" pY="0" skX="0" skY="0"/>
    </frame>
    <frame displayIndex="31" z="0" duration="1">
     <transform scX="1" x="151.35" scY="1" y="-5.950000000000003" pX="0" pY="0" skX="0" skY="0"/>
    </frame>
    <frame displayIndex="32" z="0" duration="1">
     <transform scX="1" x="145.35" scY="1" y="-3.6499999999999986" pX="0" pY="0" skX="0" skY="0"/>
    </frame>
    <frame displayIndex="33" z="0" duration="1">
     <transform scX="1" x="153.85" scY="1" y="-13.800000000000004" pX="0" pY="0" skX="0" skY="0"/>
    </frame>
    <frame displayIndex="34" z="0" duration="1">
     <transform scX="1" x="152.5" scY="1" y="-10.050000000000004" pX="0" pY="0" skX="0" skY="0"/>
    </frame>
    <frame displayIndex="34" z="0" duration="1">
     <transform scX="1" x="152.5" scY="1" y="-10.050000000000004" pX="0" pY="0" skX="0" skY="0"/>
    </frame>
   </timeline>
  </animation>
 </armature>
</root>