<TextureAtlas name="HintUpgrade_mc" imagePath="texture.png">
 <SubTexture name="Shape/shape 5647" x="0" y="0" width="164" height="112"/>
 <SubTexture name="Shape/shape 5653" x="165" y="0" width="164" height="112"/>
 <SubTexture name="位图 1" x="878" y="0" width="113" height="85"/>
 <SubTexture name="位图 2" x="330" y="0" width="178" height="45"/>
 <SubTexture name="位图 3" x="874" y="159" width="107" height="78"/>
 <SubTexture name="位图 4" x="635" y="79" width="119" height="75"/>
 <SubTexture name="位图 5" x="510" y="0" width="123" height="78"/>
 <SubTexture name="位图 6" x="454" y="80" width="120" height="72"/>
 <SubTexture name="位图 7" x="993" y="0" width="27" height="33"/>
 <SubTexture name="位图 8" x="346" y="227" width="111" height="68"/>
 <SubTexture name="位图 9" x="0" y="113" width="122" height="68"/>
 <SubTexture name="位图 10" x="874" y="87" width="121" height="70"/>
 <SubTexture name="位图 11" x="756" y="83" width="116" height="76"/>
 <SubTexture name="位图 12" x="635" y="0" width="122" height="77"/>
 <SubTexture name="位图 13" x="360" y="154" width="116" height="71"/>
 <SubTexture name="位图 14" x="330" y="47" width="122" height="75"/>
 <SubTexture name="位图 15" x="759" y="0" width="117" height="81"/>
 <SubTexture name="位图 16" x="590" y="156" width="108" height="77"/>
 <SubTexture name="位图 17" x="814" y="239" width="121" height="50"/>
 <SubTexture name="位图 18" x="322" y="297" width="99" height="41"/>
 <SubTexture name="位图 19" x="459" y="233" width="113" height="61"/>
 <SubTexture name="位图 20" x="231" y="200" width="113" height="66"/>
 <SubTexture name="位图 21" x="0" y="183" width="106" height="78"/>
 <SubTexture name="位图 22" x="478" y="154" width="110" height="77"/>
 <SubTexture name="位图 23" x="700" y="161" width="120" height="64"/>
 <SubTexture name="位图 24" x="459" y="296" width="104" height="57"/>
 <SubTexture name="位图 25" x="108" y="249" width="107" height="62"/>
 <SubTexture name="位图 26" x="108" y="187" width="121" height="60"/>
 <SubTexture name="位图 27" x="217" y="268" width="103" height="65"/>
 <SubTexture name="位图 28" x="700" y="227" width="112" height="66"/>
 <SubTexture name="位图 29" x="124" y="113" width="118" height="72"/>
 <SubTexture name="位图 30" x="244" y="124" width="114" height="74"/>
 <SubTexture name="位图 31" x="0" y="263" width="106" height="62"/>
 <SubTexture name="位图 32" x="574" y="235" width="109" height="63"/>
 <SubTexture name="位图 33" x="814" y="291" width="95" height="73"/>
 <SubTexture name="位图 34" x="685" y="295" width="115" height="48"/>
 <SubTexture name="位图 35" x="911" y="291" width="105" height="56"/>
</TextureAtlas>