{"armature":[{"skin":[{"name":"default","slot":[{"name":"shadow","z":0,"display":[{"transform":{"pX":10,"pY":10},"name":"shadow","type":"image"}],"parent":"shadow"},{"name":"contSlot","z":1,"display":[{"transform":{},"name":"contSlot","type":"armature"}],"parent":"contSlot"}]}],"name":"unit6","bone":[{"transform":{"scX":1.62,"x":-1.6,"scY":0.57,"y":0.85},"name":"shadow"},{"transform":{"x":-0.05,"scY":0.96,"y":-0.1,"skX":1.81},"name":"contSlot"}],"animation":[{"name":"cont","timeline":[{"name":"shadow","frame":[{"transform":{},"z":0,"duration":1,"tweenEasing":0},{"transform":{"scX":0.9568,"x":-0.05,"scY":0.9649},"z":0,"duration":1,"tweenEasing":0},{"transform":{"scX":0.9136,"x":-0.1,"scY":0.9298,"y":0.05},"z":0,"duration":4,"tweenEasing":0},{"transform":{"scX":0.7407,"x":-0.55,"scY":0.7895,"y":0.25},"z":0,"duration":1,"tweenEasing":0},{"z":0,"transform":{"scX":0.7037,"x":-0.6,"scY":0.7544,"y":0.3},"duration":1},{"transform":{"scX":0.6605,"x":-0.75,"scY":0.7368,"y":0.35},"z":0,"duration":2,"tweenEasing":0},{"transform":{"scX":0.6605,"x":-0.75,"scY":0.7368,"y":0.35},"z":0,"duration":3,"tweenEasing":0},{"transform":{"scX":0.8272,"x":-0.35,"scY":0.8596,"y":0.15},"z":0,"duration":1,"tweenEasing":0},{"transform":{"scX":0.8827,"x":-0.2,"scY":0.9123,"y":0.05},"z":0,"duration":1,"tweenEasing":0},{"z":0,"transform":{"scX":0.9444,"x":-0.05,"scY":0.9474,"y":0.05},"duration":1},{"transform":{},"z":0,"duration":1,"tweenEasing":0},{"transform":{},"z":0,"duration":1,"tweenEasing":0},{"transform":{"scX":0.9568,"x":-0.25,"scY":0.9649,"y":-0.05},"z":0,"duration":6,"tweenEasing":0},{"z":0,"transform":{"scX":0.716,"x":-2.05,"scY":0.7719,"y":0.1},"duration":1},{"transform":{"scX":0.6728,"x":-2.4,"scY":0.7368,"y":0.15},"z":0,"duration":2,"tweenEasing":0},{"transform":{"scX":0.6728,"x":-2.4,"scY":0.7368,"y":0.15},"z":0,"duration":6,"tweenEasing":0},{"z":0,"transform":{},"duration":1},{"z":0,"transform":{},"duration":1}]},{"name":"contSlot","frame":[{"transform":{},"z":0,"duration":3,"tweenEasing":0},{"transform":{"x":-0.15,"scY":1.0417,"y":-0.4,"skX":3.45},"z":0,"duration":1,"tweenEasing":0},{"transform":{"scX":1.01,"x":-0.1,"scY":1.0521,"y":-0.8,"skX":1.73},"z":0,"duration":4,"tweenEasing":0},{"transform":{"scX":1.04,"x":0.15,"scY":1.0833,"y":-2.65,"skX":-4.6},"z":0,"duration":2,"tweenEasing":0},{"transform":{"scX":1.03,"x":0.05,"scY":1.0417,"y":-2.15,"skX":-1.28},"z":0,"duration":7,"tweenEasing":0},{"transform":{"y":0.15},"z":0,"duration":3,"tweenEasing":0},{"transform":{"x":-0.15,"scY":1.0417,"y":-0.25,"skX":3.45},"z":0,"duration":5,"tweenEasing":0},{"transform":{"scX":1.06,"x":0.2,"scY":1.1146,"y":-1.85,"skX":-5.81},"z":0,"duration":1,"tweenEasing":0},{"transform":{"scX":1.05,"x":0.1,"scY":1.0729,"y":-1.7,"skX":-3.36},"z":0,"duration":1,"tweenEasing":0},{"transform":{"scX":1.04,"x":0.05,"scY":1.0417,"y":-1.55,"skX":-1.28},"z":0,"duration":6,"tweenEasing":0},{"z":0,"transform":{"x":0.05,"scY":1.0417,"y":-0.25,"skX":-1.81},"duration":1},{"z":0,"transform":{"x":0.05,"scY":1.0417,"y":-0.25,"skX":-1.81},"duration":1}]}],"frame":[{"duration":34},{"duration":1}],"autoTween":null,"fadeInTime":0.3,"duration":35,"tweenEasing":null}]},{"skin":[{"name":"default","slot":[{"name":"contSlot","z":0,"display":[{"transform":{"pX":21,"pY":26},"name":"Shape/shape 2432","type":"image"},{"transform":{"pX":21,"pY":26},"name":"Shape/shape 2434","type":"image"},{"transform":{"pX":21,"pY":26},"name":"Shape/shape 2436","type":"image"},{"transform":{"pX":21,"pY":26},"name":"Shape/shape 2438","type":"image"},{"transform":{"pX":21,"pY":26},"name":"Shape/shape 2440","type":"image"},{"transform":{"pX":21,"pY":26},"name":"Shape/shape 2442","type":"image"},{"transform":{"pX":21,"pY":26},"name":"Shape/shape 2444","type":"image"},{"transform":{"pX":21,"pY":26},"name":"Shape/shape 2446","type":"image"},{"transform":{"pX":21,"pY":26},"name":"Shape/shape 2448","type":"image"},{"transform":{"pX":21,"pY":26},"name":"Shape/shape 2450","type":"image"},{"transform":{"pX":21,"pY":26},"name":"Shape/shape 2451","type":"image"},{"transform":{"pX":21,"pY":26},"name":"Shape/shape 2452","type":"image"},{"transform":{"pX":21,"pY":26},"name":"Shape/shape 2453","type":"image"},{"transform":{"pX":21,"pY":26},"name":"Shape/shape 2454","type":"image"},{"transform":{"pX":21,"pY":26},"name":"Shape/shape 2455","type":"image"},{"transform":{"pX":21,"pY":26},"name":"Shape/shape 2456","type":"image"},{"transform":{"pX":21,"pY":26},"name":"Shape/shape 2457","type":"image"},{"transform":{"pX":21,"pY":26},"name":"Shape/shape 2458","type":"image"},{"transform":{"pX":21,"pY":26},"name":"Shape/shape 2459","type":"image"},{"transform":{"pX":21,"pY":26},"name":"Shape/shape 2460","type":"image"},{"transform":{"pX":18,"pY":25},"name":"Shape/shape 2462","type":"image"},{"transform":{"pX":18,"pY":25},"name":"Shape/shape 2464","type":"image"},{"transform":{"pX":18,"pY":25},"name":"Shape/shape 2466","type":"image"},{"transform":{"pX":18,"pY":25},"name":"Shape/shape 2468","type":"image"},{"transform":{"pX":18,"pY":25},"name":"Shape/shape 2470","type":"image"},{"transform":{"pX":18,"pY":25},"name":"Shape/shape 2472","type":"image"},{"transform":{"pX":18,"pY":25},"name":"Shape/shape 2474","type":"image"},{"transform":{"pX":18,"pY":25},"name":"Shape/shape 2476","type":"image"},{"transform":{"pX":18,"pY":25},"name":"Shape/shape 2478","type":"image"},{"transform":{"pX":18,"pY":25},"name":"Shape/shape 2480","type":"image"},{"transform":{"pX":18,"pY":25},"name":"Shape/shape 2481","type":"image"},{"transform":{"pX":18,"pY":25},"name":"Shape/shape 2482","type":"image"},{"transform":{"pX":18,"pY":25},"name":"Shape/shape 2483","type":"image"},{"transform":{"pX":18,"pY":25},"name":"Shape/shape 2484","type":"image"},{"transform":{"pX":18,"pY":25},"name":"Shape/shape 2485","type":"image"},{"transform":{"pX":18,"pY":25},"name":"Shape/shape 2486","type":"image"},{"transform":{"pX":18,"pY":25},"name":"Shape/shape 2487","type":"image"},{"transform":{"pX":18,"pY":25},"name":"Shape/shape 2488","type":"image"},{"transform":{"pX":18,"pY":25},"name":"Shape/shape 2489","type":"image"},{"transform":{"pX":18,"pY":25},"name":"Shape/shape 2490","type":"image"}],"parent":"contSlot"}]}],"name":"contSlot","bone":[{"transform":{},"name":"contSlot"}],"animation":[{"fadeInTime":0.3,"timeline":[{"name":"contSlot","frame":[{"z":0,"transform":{},"duration":1},{"displayIndex":1,"transform":{},"z":0,"duration":1},{"displayIndex":2,"transform":{},"z":0,"duration":1},{"displayIndex":3,"transform":{},"z":0,"duration":1},{"displayIndex":4,"transform":{},"z":0,"duration":1},{"displayIndex":5,"transform":{},"z":0,"duration":1},{"displayIndex":6,"transform":{},"z":0,"duration":1},{"displayIndex":7,"transform":{},"z":0,"duration":1},{"displayIndex":8,"transform":{},"z":0,"duration":1},{"displayIndex":9,"transform":{},"z":0,"duration":1},{"displayIndex":10,"transform":{},"z":0,"duration":1},{"displayIndex":11,"transform":{},"z":0,"duration":1},{"displayIndex":12,"transform":{},"z":0,"duration":1},{"displayIndex":13,"transform":{},"z":0,"duration":1},{"displayIndex":14,"transform":{},"z":0,"duration":1},{"displayIndex":15,"transform":{},"z":0,"duration":1},{"displayIndex":16,"transform":{},"z":0,"duration":1},{"displayIndex":17,"transform":{},"z":0,"duration":1},{"displayIndex":18,"transform":{},"z":0,"duration":1},{"displayIndex":19,"transform":{},"z":0,"duration":1},{"displayIndex":20,"transform":{},"z":0,"duration":1},{"displayIndex":21,"transform":{},"z":0,"duration":1},{"displayIndex":22,"transform":{},"z":0,"duration":1},{"displayIndex":23,"transform":{},"z":0,"duration":1},{"displayIndex":24,"transform":{},"z":0,"duration":1},{"displayIndex":25,"transform":{},"z":0,"duration":1},{"displayIndex":26,"transform":{},"z":0,"duration":1},{"displayIndex":27,"transform":{},"z":0,"duration":1},{"displayIndex":28,"transform":{},"z":0,"duration":1},{"displayIndex":29,"transform":{},"z":0,"duration":1},{"displayIndex":30,"transform":{},"z":0,"duration":1},{"displayIndex":31,"transform":{},"z":0,"duration":1},{"displayIndex":32,"transform":{},"z":0,"duration":1},{"displayIndex":33,"transform":{},"z":0,"duration":1},{"displayIndex":34,"transform":{},"z":0,"duration":1},{"displayIndex":35,"transform":{},"z":0,"duration":1},{"displayIndex":36,"transform":{},"z":0,"duration":1},{"displayIndex":37,"transform":{},"z":0,"duration":1},{"displayIndex":38,"transform":{},"z":0,"duration":1},{"displayIndex":39,"transform":{},"z":0,"duration":1},{"displayIndex":39,"transform":{},"z":0,"duration":1}]}],"autoTween":null,"name":"dir","duration":41,"tweenEasing":null}]}],"name":"unit6","isGlobal":0,"frameRate":30,"version":"3.0"}