{"imagePath":"texture.png","SubTexture":[{"name":"shadow","x":220,"width":20,"y":0,"height":20},{"name":"Shape/shape 2432","x":88,"width":42,"y":108,"height":34},{"name":"Shape/shape 2434","x":44,"width":42,"y":0,"height":34},{"name":"Shape/shape 2436","x":88,"width":42,"y":0,"height":34},{"name":"Shape/shape 2438","x":132,"width":42,"y":108,"height":34},{"name":"Shape/shape 2440","x":132,"width":42,"y":0,"height":34},{"name":"Shape/shape 2442","x":176,"width":42,"y":108,"height":34},{"name":"Shape/shape 2444","x":176,"width":42,"y":36,"height":34},{"name":"Shape/shape 2446","x":88,"width":42,"y":36,"height":34},{"name":"Shape/shape 2448","x":0,"width":42,"y":36,"height":34},{"name":"Shape/shape 2450","x":44,"width":42,"y":72,"height":34},{"name":"Shape/shape 2451","x":88,"width":42,"y":72,"height":34},{"name":"Shape/shape 2452","x":176,"width":42,"y":72,"height":34},{"name":"Shape/shape 2453","x":132,"width":42,"y":36,"height":34},{"name":"Shape/shape 2454","x":0,"width":42,"y":108,"height":34},{"name":"Shape/shape 2455","x":132,"width":42,"y":72,"height":34},{"name":"Shape/shape 2456","x":0,"width":42,"y":0,"height":34},{"name":"Shape/shape 2457","x":176,"width":42,"y":0,"height":34},{"name":"Shape/shape 2458","x":44,"width":42,"y":36,"height":34},{"name":"Shape/shape 2459","x":0,"width":42,"y":72,"height":34},{"name":"Shape/shape 2460","x":44,"width":42,"y":108,"height":34},{"name":"Shape/shape 2462","x":0,"width":42,"y":177,"height":31},{"name":"Shape/shape 2464","x":0,"width":42,"y":210,"height":31},{"name":"Shape/shape 2466","x":44,"width":42,"y":243,"height":31},{"name":"Shape/shape 2468","x":88,"width":42,"y":144,"height":31},{"name":"Shape/shape 2470","x":44,"width":42,"y":177,"height":31},{"name":"Shape/shape 2472","x":88,"width":42,"y":210,"height":31},{"name":"Shape/shape 2474","x":44,"width":42,"y":144,"height":31},{"name":"Shape/shape 2476","x":132,"width":42,"y":243,"height":31},{"name":"Shape/shape 2478","x":132,"width":42,"y":144,"height":31},{"name":"Shape/shape 2480","x":88,"width":42,"y":177,"height":31},{"name":"Shape/shape 2481","x":176,"width":42,"y":243,"height":31},{"name":"Shape/shape 2482","x":176,"width":42,"y":210,"height":31},{"name":"Shape/shape 2483","x":88,"width":42,"y":243,"height":31},{"name":"Shape/shape 2484","x":44,"width":42,"y":210,"height":31},{"name":"Shape/shape 2485","x":176,"width":42,"y":144,"height":31},{"name":"Shape/shape 2486","x":132,"width":42,"y":177,"height":31},{"name":"Shape/shape 2487","x":176,"width":42,"y":177,"height":31},{"name":"Shape/shape 2488","x":132,"width":42,"y":210,"height":31},{"name":"Shape/shape 2489","x":0,"width":42,"y":144,"height":31},{"name":"Shape/shape 2490","x":0,"width":42,"y":243,"height":31}],"name":"unit6"}