<dragonBones name="1yrt" frameRate="30" version="2.3">
 <armature name="fireeffect">
  <bone name="Layer 1">
   <transform x="0" y="0" skX="0" skY="0" scX="1" scY="1"/>
  </bone>
  <skin name="default">
   <slot name="Layer 1" parent="Layer 1" z="0">
    <display name="Shape/shape 7764" type="image">
     <transform x="0" y="0" skX="0" skY="0" scX="1" scY="1" pX="17" pY="21.5"/>
    </display>
    <display name="Shape/shape 7766" type="image">
     <transform x="0" y="0" skX="0" skY="0" scX="1" scY="1" pX="17" pY="21.5"/>
    </display>
    <display name="Shape/shape 7768" type="image">
     <transform x="0" y="0" skX="0" skY="0" scX="1" scY="1" pX="17" pY="21.5"/>
    </display>
    <display name="Shape/shape 7770" type="image">
     <transform x="0" y="0" skX="0" skY="0" scX="1" scY="1" pX="17" pY="21.5"/>
    </display>
    <display name="Shape/shape 7772" type="image">
     <transform x="0" y="0" skX="0" skY="0" scX="1" scY="1" pX="17" pY="21.5"/>
    </display>
    <display name="Shape/shape 7774" type="image">
     <transform x="0" y="0" skX="0" skY="0" scX="1" scY="1" pX="17" pY="21.5"/>
    </display>
    <display name="Shape/shape 7776" type="image">
     <transform x="0" y="0" skX="0" skY="0" scX="1" scY="1" pX="17" pY="21.5"/>
    </display>
    <display name="Shape/shape 7778" type="image">
     <transform x="0" y="0" skX="0" skY="0" scX="1" scY="1" pX="17" pY="21.5"/>
    </display>
    <display name="Shape/shape 7780" type="image">
     <transform x="0" y="0" skX="0" skY="0" scX="1" scY="1" pX="17" pY="21.5"/>
    </display>
    <display name="Shape/shape 7782" type="image">
     <transform x="0" y="0" skX="0" skY="0" scX="1" scY="1" pX="17" pY="21.5"/>
    </display>
    <display name="Shape/shape 7784" type="image">
     <transform x="0" y="0" skX="0" skY="0" scX="1" scY="1" pX="17" pY="21.5"/>
    </display>
    <display name="Shape/shape 7786" type="image">
     <transform x="0" y="0" skX="0" skY="0" scX="1" scY="1" pX="17" pY="21.5"/>
    </display>
    <display name="Shape/shape 7788" type="image">
     <transform x="0" y="0" skX="0" skY="0" scX="1" scY="1" pX="17" pY="21.5"/>
    </display>
    <display name="Shape/shape 7790" type="image">
     <transform x="0" y="0" skX="0" skY="0" scX="1" scY="1" pX="17" pY="21.5"/>
    </display>
    <display name="Shape/shape 7792" type="image">
     <transform x="0" y="0" skX="0" skY="0" scX="1" scY="1" pX="17" pY="21.5"/>
    </display>
    <display name="Shape/shape 7794" type="image">
     <transform x="0" y="0" skX="0" skY="0" scX="1" scY="1" pX="17" pY="21.5"/>
    </display>
    <display name="Shape/shape 7796" type="image">
     <transform x="0" y="0" skX="0" skY="0" scX="1" scY="1" pX="17" pY="21.5"/>
    </display>
    <display name="Shape/shape 7798" type="image">
     <transform x="0" y="0" skX="0" skY="0" scX="1" scY="1" pX="17" pY="21.5"/>
    </display>
    <display name="Shape/shape 7800" type="image">
     <transform x="0" y="0" skX="0" skY="0" scX="1" scY="1" pX="17" pY="21.5"/>
    </display>
    <display name="Shape/shape 7802" type="image">
     <transform x="0" y="0" skX="0" skY="0" scX="1" scY="1" pX="17" pY="21.5"/>
    </display>
    <display name="Shape/shape 7804" type="image">
     <transform x="0" y="0" skX="0" skY="0" scX="1" scY="1" pX="17" pY="21.5"/>
    </display>
    <display name="Shape/shape 7806" type="image">
     <transform x="0" y="0" skX="0" skY="0" scX="1" scY="1" pX="17" pY="21.5"/>
    </display>
    <display name="Shape/shape 7807" type="image">
     <transform x="0" y="0" skX="0" skY="0" scX="1" scY="1" pX="17" pY="21.5"/>
    </display>
    <display name="Shape/shape 7808" type="image">
     <transform x="0" y="0" skX="0" skY="0" scX="1" scY="1" pX="17" pY="21.5"/>
    </display>
    <display name="Shape/shape 7809" type="image">
     <transform x="0" y="0" skX="0" skY="0" scX="1" scY="1" pX="17" pY="21.5"/>
    </display>
    <display name="Shape/shape 7810" type="image">
     <transform x="0" y="0" skX="0" skY="0" scX="1" scY="1" pX="17" pY="21.5"/>
    </display>
    <display name="Shape/shape 7811" type="image">
     <transform x="0" y="0" skX="0" skY="0" scX="1" scY="1" pX="17" pY="21.5"/>
    </display>
    <display name="Shape/shape 7812" type="image">
     <transform x="0" y="0" skX="0" skY="0" scX="1" scY="1" pX="17" pY="21.5"/>
    </display>
    <display name="Shape/shape 7813" type="image">
     <transform x="0" y="0" skX="0" skY="0" scX="1" scY="1" pX="17" pY="21.5"/>
    </display>
    <display name="Shape/shape 7814" type="image">
     <transform x="0" y="0" skX="0" skY="0" scX="1" scY="1" pX="17" pY="21.5"/>
    </display>
    <display name="Shape/shape 7815" type="image">
     <transform x="0" y="0" skX="0" skY="0" scX="1" scY="1" pX="17" pY="21.5"/>
    </display>
    <display name="Shape/shape 7816" type="image">
     <transform x="0" y="0" skX="0" skY="0" scX="1" scY="1" pX="17" pY="21.5"/>
    </display>
    <display name="Shape/shape 7817" type="image">
     <transform x="0" y="0" skX="0" skY="0" scX="1" scY="1"/>
    </display>
    <display name="Shape/shape 7818" type="image">
     <transform x="0" y="0" skX="0" skY="0" scX="1" scY="1"/>
    </display>
   </slot>
  </skin>
  <animation name="begin" fadeInTime="0.3" duration="19" scale="1" loop="1" autoTween="1" tweenEasing="NaN">
   <timeline name="Layer 1" scale="1" offset="0">
    <frame z="0" duration="1">
     <transform x="0" y="0" skX="0" skY="0" scX="1" scY="1" pX="0" pY="0"/>
    </frame>
    <frame z="0" displayIndex="1" duration="1">
     <transform x="0" y="0" skX="0" skY="0" scX="1" scY="1" pX="0" pY="0"/>
    </frame>
    <frame z="0" displayIndex="2" duration="1">
     <transform x="0" y="0" skX="0" skY="0" scX="1" scY="1" pX="0" pY="0"/>
    </frame>
    <frame z="0" displayIndex="3" duration="1">
     <transform x="0" y="0" skX="0" skY="0" scX="1" scY="1" pX="0" pY="0"/>
    </frame>
    <frame z="0" displayIndex="4" duration="1">
     <transform x="0" y="0" skX="0" skY="0" scX="1" scY="1" pX="0" pY="0"/>
    </frame>
    <frame z="0" displayIndex="5" duration="1">
     <transform x="0" y="0" skX="0" skY="0" scX="1" scY="1" pX="0" pY="0"/>
    </frame>
    <frame z="0" displayIndex="6" duration="1">
     <transform x="0" y="0" skX="0" skY="0" scX="1" scY="1" pX="0" pY="0"/>
    </frame>
    <frame z="0" displayIndex="7" duration="1">
     <transform x="0" y="0" skX="0" skY="0" scX="1" scY="1" pX="0" pY="0"/>
    </frame>
    <frame z="0" displayIndex="8" duration="1">
     <transform x="0" y="0" skX="0" skY="0" scX="1" scY="1" pX="0" pY="0"/>
    </frame>
    <frame z="0" displayIndex="9" duration="1">
     <transform x="0" y="0" skX="0" skY="0" scX="1" scY="1" pX="0" pY="0"/>
    </frame>
    <frame z="0" displayIndex="10" duration="1">
     <transform x="0" y="0" skX="0" skY="0" scX="1" scY="1" pX="0" pY="0"/>
    </frame>
    <frame z="0" displayIndex="11" duration="1">
     <transform x="0" y="0" skX="0" skY="0" scX="1" scY="1" pX="0" pY="0"/>
    </frame>
    <frame z="0" displayIndex="12" duration="1">
     <transform x="0" y="0" skX="0" skY="0" scX="1" scY="1" pX="0" pY="0"/>
    </frame>
    <frame z="0" displayIndex="13" duration="1">
     <transform x="0" y="0" skX="0" skY="0" scX="1" scY="1" pX="0" pY="0"/>
    </frame>
    <frame z="0" displayIndex="14" duration="1">
     <transform x="0" y="0" skX="0" skY="0" scX="1" scY="1" pX="0" pY="0"/>
    </frame>
    <frame z="0" displayIndex="15" duration="1">
     <transform x="0" y="0" skX="0" skY="0" scX="1" scY="1" pX="0" pY="0"/>
    </frame>
    <frame z="0" displayIndex="16" duration="1">
     <transform x="0" y="0" skX="0" skY="0" scX="1" scY="1" pX="0" pY="0"/>
    </frame>
    <frame z="0" displayIndex="17" duration="1">
     <transform x="0" y="0" skX="0" skY="0" scX="1" scY="1" pX="0" pY="0"/>
    </frame>
    <frame z="0" displayIndex="18" duration="1">
     <transform x="0" y="0" skX="0" skY="0" scX="1" scY="1" pX="0" pY="0"/>
    </frame>
   </timeline>
  </animation>
  <animation name="continue" fadeInTime="0.3" duration="15" scale="1" loop="1" autoTween="1" tweenEasing="NaN">
   <timeline name="Layer 1" scale="1" offset="0">
    <frame z="0" displayIndex="19" duration="1">
     <transform x="0" y="0" skX="0" skY="0" scX="1" scY="1" pX="0" pY="0"/>
    </frame>
    <frame z="0" displayIndex="20" duration="1">
     <transform x="0" y="0" skX="0" skY="0" scX="1" scY="1" pX="0" pY="0"/>
    </frame>
    <frame z="0" displayIndex="21" duration="1">
     <transform x="0" y="0" skX="0" skY="0" scX="1" scY="1" pX="0" pY="0"/>
    </frame>
    <frame z="0" displayIndex="22" duration="1">
     <transform x="0" y="0" skX="0" skY="0" scX="1" scY="1" pX="0" pY="0"/>
    </frame>
    <frame z="0" displayIndex="23" duration="1">
     <transform x="0" y="0" skX="0" skY="0" scX="1" scY="1" pX="0" pY="0"/>
    </frame>
    <frame z="0" displayIndex="24" duration="1">
     <transform x="0" y="0" skX="0" skY="0" scX="1" scY="1" pX="0" pY="0"/>
    </frame>
    <frame z="0" displayIndex="25" duration="1">
     <transform x="0" y="0" skX="0" skY="0" scX="1" scY="1" pX="0" pY="0"/>
    </frame>
    <frame z="0" displayIndex="26" duration="1">
     <transform x="0" y="0" skX="0" skY="0" scX="1" scY="1" pX="0" pY="0"/>
    </frame>
    <frame z="0" displayIndex="27" duration="1">
     <transform x="0" y="0" skX="0" skY="0" scX="1" scY="1" pX="0" pY="0"/>
    </frame>
    <frame z="0" displayIndex="28" duration="1">
     <transform x="0" y="0" skX="0" skY="0" scX="1" scY="1" pX="0" pY="0"/>
    </frame>
    <frame z="0" displayIndex="29" duration="1">
     <transform x="0" y="0" skX="0" skY="0" scX="1" scY="1" pX="0" pY="0"/>
    </frame>
    <frame z="0" displayIndex="30" duration="1">
     <transform x="0" y="0" skX="0" skY="0" scX="1" scY="1" pX="0" pY="0"/>
    </frame>
    <frame z="0" displayIndex="31" duration="1">
     <transform x="0" y="0" skX="0" skY="0" scX="1" scY="1" pX="0" pY="0"/>
    </frame>
    <frame z="0" displayIndex="32" duration="1">
     <transform x="0" y="0" skX="0" skY="0" scX="1" scY="1" pX="0" pY="0"/>
    </frame>
    <frame z="0" displayIndex="33" duration="1">
     <transform x="0" y="0" skX="0" skY="0" scX="1" scY="1" pX="0" pY="0"/>
    </frame>
   </timeline>
  </animation>
 </armature>
</dragonBones>