<root name="Golem3HorisontDeath_mc" isGlobal="0" frameRate="30" version="3.0">
 <armature name="Golem3HorisontDeath_mc">
  <skin name="default">
   <slot name="cont" z="0" parent="cont">
    <display name="Shape/shape 1838" type="image">
     <transform scX="1" x="0" scY="1" y="0" pX="79" pY="92" skX="0" skY="0"/>
    </display>
    <display name="Shape/shape 1840" type="image">
     <transform scX="1" x="0" scY="1" y="0" pX="79" pY="92" skX="0" skY="0"/>
    </display>
    <display name="Shape/shape 1842" type="image">
     <transform scX="1" x="0" scY="1" y="0" pX="79" pY="92" skX="0" skY="0"/>
    </display>
    <display name="Shape/shape 1844" type="image">
     <transform scX="1" x="0" scY="1" y="0" pX="79" pY="92" skX="0" skY="0"/>
    </display>
    <display name="Shape/shape 1846" type="image">
     <transform scX="1" x="0" scY="1" y="0" pX="79" pY="92" skX="0" skY="0"/>
    </display>
    <display name="Shape/shape 1848" type="image">
     <transform scX="1" x="0" scY="1" y="0" pX="79" pY="92" skX="0" skY="0"/>
    </display>
    <display name="Shape/shape 1850" type="image">
     <transform scX="1" x="0" scY="1" y="0" pX="79" pY="92" skX="0" skY="0"/>
    </display>
    <display name="Shape/shape 1852" type="image">
     <transform scX="1" x="0" scY="1" y="0" pX="79" pY="92" skX="0" skY="0"/>
    </display>
    <display name="Shape/shape 1854" type="image">
     <transform scX="1" x="0" scY="1" y="0" pX="79" pY="92" skX="0" skY="0"/>
    </display>
    <display name="Shape/shape 1856" type="image">
     <transform scX="1" x="0" scY="1" y="0" pX="79" pY="92" skX="0" skY="0"/>
    </display>
    <display name="Shape/shape 1858" type="image">
     <transform scX="1" x="0" scY="1" y="0" pX="79" pY="92" skX="0" skY="0"/>
    </display>
    <display name="Shape/shape 1860" type="image">
     <transform scX="1" x="0" scY="1" y="0" pX="79" pY="92" skX="0" skY="0"/>
    </display>
    <display name="Shape/shape 1862" type="image">
     <transform scX="1" x="0" scY="1" y="0" pX="79" pY="92" skX="0" skY="0"/>
    </display>
    <display name="Shape/shape 1864" type="image">
     <transform scX="1" x="0" scY="1" y="0" pX="79" pY="92" skX="0" skY="0"/>
    </display>
    <display name="Shape/shape 1866" type="image">
     <transform scX="1" x="0" scY="1" y="0" pX="79" pY="92" skX="0" skY="0"/>
    </display>
    <display name="Shape/shape 1868" type="image">
     <transform scX="1" x="0" scY="1" y="0" pX="79" pY="92" skX="0" skY="0"/>
    </display>
    <display name="Shape/shape 1870" type="image">
     <transform scX="1" x="0" scY="1" y="0" pX="79" pY="92" skX="0" skY="0"/>
    </display>
    <display name="Shape/shape 1872" type="image">
     <transform scX="1" x="0" scY="1" y="0" pX="79" pY="92" skX="0" skY="0"/>
    </display>
    <display name="Shape/shape 1874" type="image">
     <transform scX="1" x="0" scY="1" y="0" pX="79" pY="92" skX="0" skY="0"/>
    </display>
    <display name="Shape/shape 1876" type="image">
     <transform scX="1" x="0" scY="1" y="0" pX="79" pY="92" skX="0" skY="0"/>
    </display>
    <display name="Shape/shape 1878" type="image">
     <transform scX="1" x="0" scY="1" y="0" pX="79" pY="92" skX="0" skY="0"/>
    </display>
    <display name="Shape/shape 1880" type="image">
     <transform scX="1" x="0" scY="1" y="0" pX="79" pY="92" skX="0" skY="0"/>
    </display>
    <display name="Shape/shape 1882" type="image">
     <transform scX="1" x="0" scY="1" y="0" pX="79" pY="92" skX="0" skY="0"/>
    </display>
    <display name="Shape/shape 1884" type="image">
     <transform scX="1" x="0" scY="1" y="0" pX="79" pY="92" skX="0" skY="0"/>
    </display>
    <display name="Shape/shape 1886" type="image">
     <transform scX="1" x="0" scY="1" y="0" pX="79" pY="92" skX="0" skY="0"/>
    </display>
    <display name="Shape/shape 1888" type="image">
     <transform scX="1" x="0" scY="1" y="0" pX="79" pY="92" skX="0" skY="0"/>
    </display>
    <display name="Shape/shape 1890" type="image">
     <transform scX="1" x="0" scY="1" y="0" pX="79" pY="92" skX="0" skY="0"/>
    </display>
    <display name="Shape/shape 1892" type="image">
     <transform scX="1" x="0" scY="1" y="0" pX="79" pY="92" skX="0" skY="0"/>
    </display>
    <display name="Shape/shape 1894" type="image">
     <transform scX="1" x="0" scY="1" y="0" pX="79" pY="92" skX="0" skY="0"/>
    </display>
    <display name="Shape/shape 1896" type="image">
     <transform scX="1" x="0" scY="1" y="0" pX="79" pY="92" skX="0" skY="0"/>
    </display>
   </slot>
  </skin>
  <bone name="cont">
   <transform scX="1" x="0" skX="0" scY="1" y="0" skY="0"/>
  </bone>
  <animation fadeInTime="0.3" scale="1" loop="1" autoTween="NaN" name="Golem3HorisontDeath_mc" duration="46" tweenEasing="NaN">
   <timeline pX="0" name="cont" pY="0" scale="1" offset="0">
    <frame z="0" duration="1">
     <transform scX="1" x="0" scY="1" y="0" pX="0" pY="0" skX="0" skY="0"/>
    </frame>
    <frame displayIndex="1" z="0" duration="1">
     <transform scX="1" x="0" scY="1" y="0" pX="0" pY="0" skX="0" skY="0"/>
    </frame>
    <frame displayIndex="2" z="0" duration="1">
     <transform scX="1" x="0" scY="1" y="0" pX="0" pY="0" skX="0" skY="0"/>
    </frame>
    <frame displayIndex="3" z="0" duration="1">
     <transform scX="1" x="0" scY="1" y="0" pX="0" pY="0" skX="0" skY="0"/>
    </frame>
    <frame displayIndex="4" z="0" duration="1">
     <transform scX="1" x="0" scY="1" y="0" pX="0" pY="0" skX="0" skY="0"/>
    </frame>
    <frame displayIndex="5" z="0" duration="1">
     <transform scX="1" x="0" scY="1" y="0" pX="0" pY="0" skX="0" skY="0"/>
    </frame>
    <frame displayIndex="6" z="0" duration="1">
     <transform scX="1" x="0" scY="1" y="0" pX="0" pY="0" skX="0" skY="0"/>
    </frame>
    <frame displayIndex="7" z="0" duration="1">
     <transform scX="1" x="0" scY="1" y="0" pX="0" pY="0" skX="0" skY="0"/>
    </frame>
    <frame displayIndex="8" z="0" duration="1">
     <transform scX="1" x="0" scY="1" y="0" pX="0" pY="0" skX="0" skY="0"/>
    </frame>
    <frame displayIndex="9" z="0" duration="1">
     <transform scX="1" x="0" scY="1" y="0" pX="0" pY="0" skX="0" skY="0"/>
    </frame>
    <frame displayIndex="10" z="0" duration="1">
     <transform scX="1" x="0" scY="1" y="0" pX="0" pY="0" skX="0" skY="0"/>
    </frame>
    <frame displayIndex="11" z="0" duration="1">
     <transform scX="1" x="0" scY="1" y="0" pX="0" pY="0" skX="0" skY="0"/>
    </frame>
    <frame displayIndex="12" z="0" duration="1">
     <transform scX="1" x="0" scY="1" y="0" pX="0" pY="0" skX="0" skY="0"/>
    </frame>
    <frame displayIndex="13" z="0" duration="1">
     <transform scX="1" x="0" scY="1" y="0" pX="0" pY="0" skX="0" skY="0"/>
    </frame>
    <frame displayIndex="14" z="0" duration="1">
     <transform scX="1" x="0" scY="1" y="0" pX="0" pY="0" skX="0" skY="0"/>
    </frame>
    <frame displayIndex="15" z="0" duration="2">
     <transform scX="1" x="0" scY="1" y="0" pX="0" pY="0" skX="0" skY="0"/>
    </frame>
    <frame displayIndex="16" z="0" duration="2">
     <transform scX="1" x="0" scY="1" y="0" pX="0" pY="0" skX="0" skY="0"/>
    </frame>
    <frame displayIndex="17" z="0" duration="2">
     <transform scX="1" x="0" scY="1" y="0" pX="0" pY="0" skX="0" skY="0"/>
    </frame>
    <frame displayIndex="18" z="0" duration="2">
     <transform scX="1" x="0" scY="1" y="0" pX="0" pY="0" skX="0" skY="0"/>
    </frame>
    <frame displayIndex="19" z="0" duration="2">
     <transform scX="1" x="0" scY="1" y="0" pX="0" pY="0" skX="0" skY="0"/>
    </frame>
    <frame displayIndex="20" z="0" duration="2">
     <transform scX="1" x="0" scY="1" y="0" pX="0" pY="0" skX="0" skY="0"/>
    </frame>
    <frame displayIndex="21" z="0" duration="2">
     <transform scX="1" x="0" scY="1" y="0" pX="0" pY="0" skX="0" skY="0"/>
    </frame>
    <frame displayIndex="22" z="0" duration="2">
     <transform scX="1" x="0" scY="1" y="0" pX="0" pY="0" skX="0" skY="0"/>
    </frame>
    <frame displayIndex="23" z="0" duration="2">
     <transform scX="1" x="0" scY="1" y="0" pX="0" pY="0" skX="0" skY="0"/>
    </frame>
    <frame displayIndex="24" z="0" duration="2">
     <transform scX="1" x="0" scY="1" y="0" pX="0" pY="0" skX="0" skY="0"/>
    </frame>
    <frame displayIndex="25" z="0" duration="2">
     <transform scX="1" x="0" scY="1" y="0" pX="0" pY="0" skX="0" skY="0"/>
    </frame>
    <frame displayIndex="26" z="0" duration="2">
     <transform scX="1" x="0" scY="1" y="0" pX="0" pY="0" skX="0" skY="0"/>
    </frame>
    <frame displayIndex="27" z="0" duration="2">
     <transform scX="1" x="0" scY="1" y="0" pX="0" pY="0" skX="0" skY="0"/>
    </frame>
    <frame displayIndex="28" z="0" duration="2">
     <transform scX="1" x="0" scY="1" y="0" pX="0" pY="0" skX="0" skY="0"/>
    </frame>
    <frame displayIndex="29" z="0" duration="2">
     <transform scX="1" x="0" scY="1" y="0" pX="0" pY="0" skX="0" skY="0"/>
    </frame>
    <frame displayIndex="29" z="0" duration="1">
     <transform scX="1" x="0" scY="1" y="0" pX="0" pY="0" skX="0" skY="0"/>
    </frame>
   </timeline>
  </animation>
 </armature>
</root>