<TextureAtlas name="Unit21_mc" imagePath="texture.png">
 <SubTexture name="dust4" x="0" y="131" width="50" height="50"/>
 <SubTexture name="selectUnit" x="154" y="52" width="50" height="50"/>
 <SubTexture name="sprite 2367" x="0" y="0" width="100" height="25"/>
 <SubTexture name="healthBar" x="0" y="79" width="50" height="50"/>
 <SubTexture name="armor" x="156" y="208" width="50" height="50"/>
 <SubTexture name="iceEffect" x="0" y="183" width="50" height="50"/>
 <SubTexture name="fireEffect" x="156" y="104" width="50" height="50"/>
 <SubTexture name="iceFreez" x="154" y="0" width="50" height="50"/>
 <SubTexture name="levinattack" x="156" y="156" width="50" height="50"/>
 <SubTexture name="iceattack" x="52" y="156" width="50" height="50"/>
 <SubTexture name="fireattack" x="102" y="52" width="50" height="50"/>
 <SubTexture name="dust3" x="104" y="156" width="50" height="50"/>
 <SubTexture name="dust2" x="102" y="0" width="50" height="50"/>
 <SubTexture name="dust1" x="104" y="208" width="50" height="50"/>
 <SubTexture name="buffSpeed" x="52" y="104" width="50" height="50"/>
 <SubTexture name="airShock" x="0" y="27" width="50" height="50"/>
 <SubTexture name="buffHP" x="104" y="104" width="50" height="50"/>
 <SubTexture name="case" x="52" y="208" width="50" height="50"/>
 <SubTexture name="Shape/shape 3149" x="52" y="27" width="48" height="35"/>
 <SubTexture name="Shape/shape 3151" x="206" y="0" width="46" height="44"/>
</TextureAtlas>