<root name="BulletTower8_1_mc" isGlobal="0" frameRate="30" version="3.0">
 <armature name="BulletTower8_1_mc">
  <skin name="default">
   <slot name="Layer 1" z="0" parent="Layer 1">
    <display name="Shape/shape 10346" type="image">
     <transform scX="1" x="0" scY="1" y="0" pX="87" pY="671" skX="0" skY="0"/>
    </display>
    <display name="Shape/shape 10348" type="image">
     <transform scX="1" x="0" scY="1" y="0" pX="87" pY="671" skX="0" skY="0"/>
    </display>
    <display name="Shape/shape 10350" type="image">
     <transform scX="1" x="0" scY="1" y="0" pX="87" pY="671" skX="0" skY="0"/>
    </display>
    <display name="Shape/shape 10352" type="image">
     <transform scX="1" x="0" scY="1" y="0" pX="87" pY="671" skX="0" skY="0"/>
    </display>
    <display name="Shape/shape 10354" type="image">
     <transform scX="1" x="0" scY="1" y="0" pX="87" pY="671" skX="0" skY="0"/>
    </display>
    <display name="Shape/shape 10356" type="image">
     <transform scX="1" x="0" scY="1" y="0" pX="87" pY="671" skX="0" skY="0"/>
    </display>
    <display name="Shape/shape 10358" type="image">
     <transform scX="1" x="0" scY="1" y="0" pX="104" pY="646" skX="0" skY="0"/>
    </display>
    <display name="Shape/shape 10360" type="image">
     <transform scX="1" x="0" scY="1" y="0" pX="104" pY="646" skX="0" skY="0"/>
    </display>
    <display name="Shape/shape 10362" type="image">
     <transform scX="1" x="0" scY="1" y="0" pX="104" pY="646" skX="0" skY="0"/>
    </display>
    <display name="Shape/shape 10364" type="image">
     <transform scX="1" x="0" scY="1" y="0" pX="104" pY="646" skX="0" skY="0"/>
    </display>
    <display name="Shape/shape 10366" type="image">
     <transform scX="1" x="0" scY="1" y="0" pX="104" pY="646" skX="0" skY="0"/>
    </display>
    <display name="Shape/shape 10368" type="image">
     <transform scX="1" x="0" scY="1" y="0" pX="104" pY="646" skX="0" skY="0"/>
    </display>
    <display name="Shape/shape 10370" type="image">
     <transform scX="1" x="0" scY="1" y="0" pX="110" pY="652" skX="0" skY="0"/>
    </display>
    <display name="Shape/shape 10372" type="image">
     <transform scX="1" x="0" scY="1" y="0" pX="110" pY="652" skX="0" skY="0"/>
    </display>
    <display name="Shape/shape 10389" type="image">
     <transform scX="1" x="0" scY="1" y="0" pX="67" pY="52" skX="0" skY="0"/>
    </display>
    <display name="Shape/shape 10391" type="image">
     <transform scX="1" x="0" scY="1" y="0" pX="67" pY="52" skX="0" skY="0"/>
    </display>
    <display name="Shape/shape 10393" type="image">
     <transform scX="1" x="0" scY="1" y="0" pX="67" pY="52" skX="0" skY="0"/>
    </display>
   </slot>
   <slot name="Layer 2" z="1" parent="Layer 2">
    <display name="Shape/shape 10375" type="image">
     <transform scX="1" x="0" scY="1" y="0" pX="110" pY="652" skX="0" skY="0"/>
    </display>
    <display name="Shape/shape 10378" type="image">
     <transform scX="1" x="0" scY="1" y="0" pX="110" pY="652" skX="0" skY="0"/>
    </display>
    <display name="Shape/shape 10381" type="image">
     <transform scX="1" x="0" scY="1" y="0" pX="110" pY="652" skX="0" skY="0"/>
    </display>
    <display name="Shape/shape 10384" type="image">
     <transform scX="1" x="0" scY="1" y="0" pX="110" pY="652" skX="0" skY="0"/>
    </display>
    <display name="Shape/shape 10387" type="image">
     <transform scX="1" x="0" scY="1" y="0" pX="110" pY="652" skX="0" skY="0"/>
    </display>
   </slot>
  </skin>
  <bone name="Layer 1">
   <transform scX="1" x="0" skX="0" scY="1" y="0" skY="0"/>
  </bone>
  <bone name="Layer 2">
   <transform scX="1" x="0" skX="0" scY="1" y="0" skY="0"/>
  </bone>
  <animation fadeInTime="0.3" scale="1" loop="1" autoTween="NaN" name="BulletTower8_1_mc" duration="44" tweenEasing="NaN">
   <timeline pX="0" name="Layer 1" pY="0" scale="1" offset="0">
    <frame z="0" duration="1">
     <transform scX="1" x="0" scY="1" y="0" pX="0" pY="0" skX="0" skY="0"/>
    </frame>
    <frame displayIndex="1" z="0" duration="2">
     <transform scX="1" x="0" scY="1" y="0" pX="0" pY="0" skX="0" skY="0"/>
    </frame>
    <frame displayIndex="2" z="0" duration="1">
     <transform scX="1" x="0" scY="1" y="0" pX="0" pY="0" skX="0" skY="0"/>
    </frame>
    <frame displayIndex="3" z="0" duration="2">
     <transform scX="1" x="0" scY="1" y="0" pX="0" pY="0" skX="0" skY="0"/>
    </frame>
    <frame displayIndex="4" z="0" duration="2">
     <transform scX="1" x="0" scY="1" y="0" pX="0" pY="0" skX="0" skY="0"/>
    </frame>
    <frame displayIndex="5" z="0" duration="2">
     <transform scX="1" x="0" scY="1" y="0" pX="0" pY="0" skX="0" skY="0"/>
    </frame>
    <frame displayIndex="-1" duration="4"/>
    <frame displayIndex="6" z="0" duration="1">
     <transform scX="1" x="0" scY="1" y="0" pX="0" pY="0" skX="0" skY="0"/>
    </frame>
    <frame displayIndex="7" z="0" duration="1">
     <transform scX="1" x="0" scY="1" y="0" pX="0" pY="0" skX="0" skY="0"/>
    </frame>
    <frame displayIndex="8" z="0" duration="2">
     <transform scX="1" x="0" scY="1" y="0" pX="0" pY="0" skX="0" skY="0"/>
    </frame>
    <frame displayIndex="9" z="0" duration="2">
     <transform scX="1" x="0" scY="1" y="0" pX="0" pY="0" skX="0" skY="0"/>
    </frame>
    <frame displayIndex="10" z="0" duration="2">
     <transform scX="1" x="0" scY="1" y="0" pX="0" pY="0" skX="0" skY="0"/>
    </frame>
    <frame displayIndex="11" z="0" duration="1">
     <transform scX="1" x="0" scY="1" y="0" pX="0" pY="0" skX="0" skY="0"/>
    </frame>
    <frame displayIndex="12" z="0" duration="1">
     <transform scX="1" x="0" scY="1" y="0" pX="0" pY="0" skX="0" skY="0"/>
    </frame>
    <frame displayIndex="13" z="0" duration="2">
     <transform scX="1" x="0" scY="1" y="0" pX="0" pY="0" skX="0" skY="0"/>
    </frame>
    <frame displayIndex="-1" duration="9"/>
    <frame displayIndex="14" z="0" duration="2">
     <transform scX="1" x="0" scY="1" y="0" pX="0" pY="0" skX="0" skY="0"/>
    </frame>
    <frame displayIndex="15" z="0" duration="2">
     <transform scX="1" x="0" scY="1" y="0" pX="0" pY="0" skX="0" skY="0"/>
    </frame>
    <frame displayIndex="16" z="0" duration="1">
     <transform scX="1" x="0" scY="1" y="0" pX="0" pY="0" skX="0" skY="0"/>
    </frame>
    <frame displayIndex="16" z="0" duration="1">
     <transform scX="1" x="0" scY="1" y="0" pX="0" pY="0" skX="0" skY="0"/>
    </frame>
    <frame displayIndex="-1" duration="3"/>
   </timeline>
   <timeline pX="0" name="Layer 2" pY="0" scale="1" offset="0">
    <frame displayIndex="-1" duration="26"/>
    <frame z="0" duration="2">
     <transform scX="1" x="0" scY="1" y="0" pX="0" pY="0" skX="0" skY="0"/>
    </frame>
    <frame displayIndex="1" z="0" duration="2">
     <transform scX="1" x="0" scY="1" y="0" pX="0" pY="0" skX="0" skY="0"/>
    </frame>
    <frame displayIndex="2" z="0" duration="1">
     <transform scX="1" x="0" scY="1" y="0" pX="0" pY="0" skX="0" skY="0"/>
    </frame>
    <frame displayIndex="3" z="0" duration="2">
     <transform scX="1" x="0" scY="1" y="0" pX="0" pY="0" skX="0" skY="0"/>
    </frame>
    <frame displayIndex="4" z="0" duration="2">
     <transform scX="1" x="0" scY="1" y="0" pX="0" pY="0" skX="0" skY="0"/>
    </frame>
    <frame displayIndex="4" z="0" duration="1">
     <transform scX="1" x="0" scY="1" y="0" pX="0" pY="0" skX="0" skY="0"/>
    </frame>
    <frame displayIndex="-1" duration="8"/>
   </timeline>
  </animation>
 </armature>
</root>