<root name="CastStoneLevin_mc" frameRate="30" isGlobal="0" version="3.0">
 <armature name="CastStoneLevin_mc">
  <bone name="Layer 1">
   <transform/>
  </bone>
  <skin name="default">
   <slot name="Layer 1" z="0" parent="Layer 1">
    <display name="Shape/shape 7135" type="image">
     <transform pX="38.45" pY="35.25"/>
    </display>
    <display name="Shape/shape 7137" type="image">
     <transform pX="60" pY="55"/>
    </display>
    <display name="Shape/shape 7139" type="image">
     <transform pX="60" pY="55"/>
    </display>
    <display name="Shape/shape 7141" type="image">
     <transform pX="60" pY="55"/>
    </display>
    <display name="Shape/shape 7143" type="image">
     <transform pX="60" pY="55"/>
    </display>
    <display name="Shape/shape 7145" type="image">
     <transform pX="60" pY="55"/>
    </display>
    <display name="Shape/shape 7147" type="image">
     <transform pX="60" pY="55"/>
    </display>
    <display name="Shape/shape 7149" type="image">
     <transform pX="60" pY="55"/>
    </display>
    <display name="Shape/shape 7151" type="image">
     <transform pX="60" pY="55"/>
    </display>
    <display name="Shape/shape 7153" type="image">
     <transform pX="60" pY="55"/>
    </display>
    <display name="Shape/shape 7155" type="image">
     <transform pX="60" pY="55"/>
    </display>
    <display name="Shape/shape 7157" type="image">
     <transform pX="60" pY="55"/>
    </display>
   </slot>
  </skin>
  <animation name="CastStoneLevin_mc" duration="27" tweenEasing="NaN" autoTween="NaN" fadeInTime="0.3">
   <timeline name="Layer 1">
    <frame z="0" duration="1">
     <transform/>
    </frame>
    <frame duration="2" z="0" displayIndex="1">
     <transform/>
    </frame>
    <frame duration="2" z="0" displayIndex="2">
     <transform/>
    </frame>
    <frame duration="2" z="0" displayIndex="3">
     <transform/>
    </frame>
    <frame duration="2" z="0" displayIndex="4">
     <transform/>
    </frame>
    <frame duration="2" z="0" displayIndex="5">
     <transform/>
    </frame>
    <frame duration="2" z="0" displayIndex="6">
     <transform/>
    </frame>
    <frame duration="2" z="0" displayIndex="7">
     <transform/>
    </frame>
    <frame duration="3" z="0" displayIndex="8">
     <transform/>
    </frame>
    <frame duration="3" z="0" displayIndex="9">
     <transform/>
    </frame>
    <frame duration="3" z="0" displayIndex="10">
     <transform/>
    </frame>
    <frame duration="2" z="0" displayIndex="11">
     <transform/>
    </frame>
    <frame duration="1" z="0" displayIndex="11">
     <transform/>
    </frame>
   </timeline>
   <frame duration="26"/>
   <frame duration="1"/>
  </animation>
 </armature>
</root>