<root name="Unit21_backDeath_mc" isGlobal="0" frameRate="30" version="3.0">
 <armature name="Unit21_backDeath_mc">
  <skin name="default">
   <slot name="cont" z="0" parent="cont">
    <display name="Shape/shape 3151" type="image">
     <transform scX="1" x="0" scY="1" y="0" pX="23" pY="33" skX="0" skY="0"/>
    </display>
    <display name="Shape/shape 11301" type="image">
     <transform scX="1" x="0" scY="1" y="0" pX="53" pY="81" skX="0" skY="0"/>
    </display>
    <display name="Shape/shape 11303" type="image">
     <transform scX="1" x="0" scY="1" y="0" pX="53" pY="81" skX="0" skY="0"/>
    </display>
    <display name="Shape/shape 11305" type="image">
     <transform scX="1" x="0" scY="1" y="0" pX="53" pY="81" skX="0" skY="0"/>
    </display>
    <display name="Shape/shape 11307" type="image">
     <transform scX="1" x="0" scY="1" y="0" pX="53" pY="81" skX="0" skY="0"/>
    </display>
    <display name="Shape/shape 11309" type="image">
     <transform scX="1" x="0" scY="1" y="0" pX="53" pY="81" skX="0" skY="0"/>
    </display>
    <display name="Shape/shape 11311" type="image">
     <transform scX="1" x="0" scY="1" y="0" pX="53" pY="81" skX="0" skY="0"/>
    </display>
    <display name="Shape/shape 11313" type="image">
     <transform scX="1" x="0" scY="1" y="0" pX="53" pY="81" skX="0" skY="0"/>
    </display>
    <display name="Shape/shape 11315" type="image">
     <transform scX="1" x="0" scY="1" y="0" pX="53" pY="81" skX="0" skY="0"/>
    </display>
    <display name="Shape/shape 11317" type="image">
     <transform scX="1" x="0" scY="1" y="0" pX="53" pY="81" skX="0" skY="0"/>
    </display>
    <display name="Shape/shape 11319" type="image">
     <transform scX="1" x="0" scY="1" y="0" pX="53" pY="81" skX="0" skY="0"/>
    </display>
    <display name="Shape/shape 11321" type="image">
     <transform scX="1" x="0" scY="1" y="0" pX="53" pY="81" skX="0" skY="0"/>
    </display>
    <display name="Shape/shape 11323" type="image">
     <transform scX="1" x="0" scY="1" y="0" pX="53" pY="81" skX="0" skY="0"/>
    </display>
    <display name="Shape/shape 11325" type="image">
     <transform scX="1" x="0" scY="1" y="0" pX="53" pY="81" skX="0" skY="0"/>
    </display>
    <display name="Shape/shape 11327" type="image">
     <transform scX="1" x="0" scY="1" y="0" pX="53" pY="81" skX="0" skY="0"/>
    </display>
    <display name="Shape/shape 11329" type="image">
     <transform scX="1" x="0" scY="1" y="0" pX="53" pY="81" skX="0" skY="0"/>
    </display>
    <display name="Shape/shape 11331" type="image">
     <transform scX="1" x="0" scY="1" y="0" pX="53" pY="81" skX="0" skY="0"/>
    </display>
    <display name="Shape/shape 11333" type="image">
     <transform scX="1" x="0" scY="1" y="0" pX="53" pY="81" skX="0" skY="0"/>
    </display>
    <display name="Shape/shape 11335" type="image">
     <transform scX="1" x="0" scY="1" y="0" pX="53" pY="81" skX="0" skY="0"/>
    </display>
    <display name="Shape/shape 11337" type="image">
     <transform scX="1" x="0" scY="1" y="0" pX="53" pY="81" skX="0" skY="0"/>
    </display>
    <display name="Shape/shape 11339" type="image">
     <transform scX="1" x="0" scY="1" y="0" pX="53" pY="81" skX="0" skY="0"/>
    </display>
    <display name="Shape/shape 11341" type="image">
     <transform scX="1" x="0" scY="1" y="0" pX="53" pY="81" skX="0" skY="0"/>
    </display>
    <display name="Shape/shape 11343" type="image">
     <transform scX="1" x="0" scY="1" y="0" pX="53" pY="81" skX="0" skY="0"/>
    </display>
    <display name="Shape/shape 11345" type="image">
     <transform scX="1" x="0" scY="1" y="0" pX="53" pY="81" skX="0" skY="0"/>
    </display>
    <display name="Shape/shape 11347" type="image">
     <transform scX="1" x="0" scY="1" y="0" pX="53" pY="81" skX="0" skY="0"/>
    </display>
    <display name="Shape/shape 11349" type="image">
     <transform scX="1" x="0" scY="1" y="0" pX="53" pY="81" skX="0" skY="0"/>
    </display>
    <display name="Shape/shape 11351" type="image">
     <transform scX="1" x="0" scY="1" y="0" pX="53" pY="81" skX="0" skY="0"/>
    </display>
    <display name="Shape/shape 11353" type="image">
     <transform scX="1" x="0" scY="1" y="0" pX="53" pY="81" skX="0" skY="0"/>
    </display>
   </slot>
  </skin>
  <bone name="cont">
   <transform scX="1" x="0" skX="0" scY="1" y="0" skY="0"/>
  </bone>
  <animation fadeInTime="0.3" scale="1" loop="1" autoTween="NaN" name="Unit21_backDeath_mc" duration="28" tweenEasing="NaN">
   <timeline pX="0" name="cont" pY="0" scale="1" offset="0">
    <frame z="0" duration="1">
     <transform scX="1" x="0" scY="1" y="0" pX="0" pY="0" skX="0" skY="0"/>
    </frame>
    <frame displayIndex="1" z="0" duration="1">
     <transform scX="1" x="0" scY="1" y="0" pX="0" pY="0" skX="0" skY="0"/>
    </frame>
    <frame displayIndex="2" z="0" duration="1">
     <transform scX="1" x="0" scY="1" y="0" pX="0" pY="0" skX="0" skY="0"/>
    </frame>
    <frame displayIndex="3" z="0" duration="1">
     <transform scX="1" x="0" scY="1" y="0" pX="0" pY="0" skX="0" skY="0"/>
    </frame>
    <frame displayIndex="4" z="0" duration="1">
     <transform scX="1" x="0" scY="1" y="0" pX="0" pY="0" skX="0" skY="0"/>
    </frame>
    <frame displayIndex="5" z="0" duration="1">
     <transform scX="1" x="0" scY="1" y="0" pX="0" pY="0" skX="0" skY="0"/>
    </frame>
    <frame displayIndex="6" z="0" duration="1">
     <transform scX="1" x="0" scY="1" y="0" pX="0" pY="0" skX="0" skY="0"/>
    </frame>
    <frame displayIndex="7" z="0" duration="1">
     <transform scX="1" x="0" scY="1" y="0" pX="0" pY="0" skX="0" skY="0"/>
    </frame>
    <frame displayIndex="8" z="0" duration="1">
     <transform scX="1" x="0" scY="1" y="0" pX="0" pY="0" skX="0" skY="0"/>
    </frame>
    <frame displayIndex="9" z="0" duration="1">
     <transform scX="1" x="0" scY="1" y="0" pX="0" pY="0" skX="0" skY="0"/>
    </frame>
    <frame displayIndex="10" z="0" duration="1">
     <transform scX="1" x="0" scY="1" y="0" pX="0" pY="0" skX="0" skY="0"/>
    </frame>
    <frame displayIndex="11" z="0" duration="1">
     <transform scX="1" x="0" scY="1" y="0" pX="0" pY="0" skX="0" skY="0"/>
    </frame>
    <frame displayIndex="12" z="0" duration="1">
     <transform scX="1" x="0" scY="1" y="0" pX="0" pY="0" skX="0" skY="0"/>
    </frame>
    <frame displayIndex="13" z="0" duration="1">
     <transform scX="1" x="0" scY="1" y="0" pX="0" pY="0" skX="0" skY="0"/>
    </frame>
    <frame displayIndex="14" z="0" duration="1">
     <transform scX="1" x="0" scY="1" y="0" pX="0" pY="0" skX="0" skY="0"/>
    </frame>
    <frame displayIndex="15" z="0" duration="1">
     <transform scX="1" x="0" scY="1" y="0" pX="0" pY="0" skX="0" skY="0"/>
    </frame>
    <frame displayIndex="16" z="0" duration="1">
     <transform scX="1" x="0" scY="1" y="0" pX="0" pY="0" skX="0" skY="0"/>
    </frame>
    <frame displayIndex="17" z="0" duration="1">
     <transform scX="1" x="0" scY="1" y="0" pX="0" pY="0" skX="0" skY="0"/>
    </frame>
    <frame displayIndex="18" z="0" duration="1">
     <transform scX="1" x="0" scY="1" y="0" pX="0" pY="0" skX="0" skY="0"/>
    </frame>
    <frame displayIndex="19" z="0" duration="1">
     <transform scX="1" x="0" scY="1" y="0" pX="0" pY="0" skX="0" skY="0"/>
    </frame>
    <frame displayIndex="20" z="0" duration="1">
     <transform scX="1" x="0" scY="1" y="0" pX="0" pY="0" skX="0" skY="0"/>
    </frame>
    <frame displayIndex="21" z="0" duration="1">
     <transform scX="1" x="0" scY="1" y="0" pX="0" pY="0" skX="0" skY="0"/>
    </frame>
    <frame displayIndex="22" z="0" duration="1">
     <transform scX="1" x="0" scY="1" y="0" pX="0" pY="0" skX="0" skY="0"/>
    </frame>
    <frame displayIndex="23" z="0" duration="1">
     <transform scX="1" x="0" scY="1" y="0" pX="0" pY="0" skX="0" skY="0"/>
    </frame>
    <frame displayIndex="24" z="0" duration="1">
     <transform scX="1" x="0" scY="1" y="0" pX="0" pY="0" skX="0" skY="0"/>
    </frame>
    <frame displayIndex="25" z="0" duration="1">
     <transform scX="1" x="0" scY="1" y="0" pX="0" pY="0" skX="0" skY="0"/>
    </frame>
    <frame displayIndex="26" z="0" duration="1">
     <transform scX="1" x="0" scY="1" y="0" pX="0" pY="0" skX="0" skY="0"/>
    </frame>
    <frame displayIndex="27" z="0" duration="1">
     <transform scX="1" x="0" scY="1" y="0" pX="0" pY="0" skX="0" skY="0"/>
    </frame>
   </timeline>
  </animation>
 </armature>
</root>