<root name="NewEnemy_mc" isGlobal="0" frameRate="30" version="3.0">
 <armature name="NewEnemy_mc">
  <skin name="default">
   <slot name="cont" z="0" parent="cont">
    <display name="Symbol 7601" type="image">
     <transform scX="1" x="0" scY="1" y="0" pX="22" pY="24" skX="0" skY="0"/>
    </display>
    <display name="Symbol 7603" type="image">
     <transform scX="1" x="0" scY="1" y="0" pX="22" pY="24" skX="0" skY="0"/>
    </display>
    <display name="Symbol 7605" type="image">
     <transform scX="1" x="0" scY="1" y="0" pX="22" pY="24" skX="0" skY="0"/>
    </display>
    <display name="Symbol 7607" type="image">
     <transform scX="1" x="0" scY="1" y="0" pX="22" pY="24" skX="0" skY="0"/>
    </display>
    <display name="Symbol 7609" type="image">
     <transform scX="1" x="0" scY="1" y="0" pX="22" pY="24" skX="0" skY="0"/>
    </display>
    <display name="Symbol 7611" type="image">
     <transform scX="1" x="0" scY="1" y="0" pX="22" pY="24" skX="0" skY="0"/>
    </display>
    <display name="Symbol 7613" type="image">
     <transform scX="1" x="0" scY="1" y="0" pX="22" pY="24" skX="0" skY="0"/>
    </display>
    <display name="Symbol 7615" type="image">
     <transform scX="1" x="0" scY="1" y="0" pX="22" pY="24" skX="0" skY="0"/>
    </display>
    <display name="Symbol 7617" type="image">
     <transform scX="1" x="0" scY="1" y="0" pX="22" pY="24" skX="0" skY="0"/>
    </display>
    <display name="Symbol 7619" type="image">
     <transform scX="1" x="0" scY="1" y="0" pX="22" pY="24" skX="0" skY="0"/>
    </display>
    <display name="Symbol 7621" type="image">
     <transform scX="1" x="0" scY="1" y="0" pX="22" pY="24" skX="0" skY="0"/>
    </display>
    <display name="Symbol 7623" type="image">
     <transform scX="1" x="0" scY="1" y="0" pX="22" pY="24" skX="0" skY="0"/>
    </display>
    <display name="Symbol 7625" type="image">
     <transform scX="1" x="0" scY="1" y="0" pX="22" pY="24" skX="0" skY="0"/>
    </display>
    <display name="Symbol 7627" type="image">
     <transform scX="1" x="0" scY="1" y="0" pX="22" pY="24" skX="0" skY="0"/>
    </display>
    <display name="Symbol 7629" type="image">
     <transform scX="1" x="0" scY="1" y="0" pX="22" pY="24" skX="0" skY="0"/>
    </display>
   </slot>
   <slot name="newEnemyCase" z="1" parent="newEnemyCase">
    <display name="Symbol 47" type="image">
     <transform scX="1" x="0" scY="1" y="0" pX="25" pY="25" skX="0" skY="0"/>
    </display>
   </slot>
  </skin>
  <bone name="cont">
   <transform scX="1" x="0" skX="0" scY="1" y="0" skY="0"/>
  </bone>
  <bone name="newEnemyCase">
   <transform scX="0.82" x="0" skX="0" scY="0.94" y="0" skY="0"/>
  </bone>
  <animation name="NewEnemy_mc" scale="1" loop="1" autoTween="NaN" fadeInTime="0.3" duration="60" tweenEasing="NaN">
   <timeline pX="0" name="cont" pY="0" scale="1" offset="0">
    <frame z="0" duration="1">
     <transform scX="1" x="0" scY="1" y="0" pX="0" pY="0" skX="0" skY="0"/>
    </frame>
    <frame displayIndex="1" z="0" duration="1">
     <transform scX="1" x="400.5" scY="1" y="300" pX="0" pY="0" skX="0" skY="0"/>
    </frame>
    <frame displayIndex="2" z="0" duration="1">
     <transform scX="1" x="0" scY="1" y="0" pX="0" pY="0" skX="0" skY="0"/>
    </frame>
    <frame displayIndex="3" z="0" duration="1">
     <transform scX="1" x="0" scY="1" y="0" pX="0" pY="0" skX="0" skY="0"/>
    </frame>
    <frame displayIndex="4" z="0" duration="1">
     <transform scX="1" x="0" scY="1" y="0" pX="0" pY="0" skX="0" skY="0"/>
    </frame>
    <frame displayIndex="5" z="0" duration="1">
     <transform scX="1" x="0" scY="1" y="0" pX="0" pY="0" skX="0" skY="0"/>
    </frame>
    <frame displayIndex="6" z="0" duration="1">
     <transform scX="1" x="0" scY="1" y="0" pX="0" pY="0" skX="0" skY="0"/>
    </frame>
    <frame displayIndex="7" z="0" duration="1">
     <transform scX="1" x="0" scY="1" y="0" pX="0" pY="0" skX="0" skY="0"/>
    </frame>
    <frame displayIndex="8" z="0" duration="1">
     <transform scX="1" x="0" scY="1" y="0" pX="0" pY="0" skX="0" skY="0"/>
    </frame>
    <frame displayIndex="9" z="0" duration="1">
     <transform scX="1" x="0" scY="1" y="0" pX="0" pY="0" skX="0" skY="0"/>
    </frame>
    <frame displayIndex="10" z="0" duration="1">
     <transform scX="1" x="0" scY="1" y="0" pX="0" pY="0" skX="0" skY="0"/>
    </frame>
    <frame displayIndex="11" z="0" duration="1">
     <transform scX="1" x="0" scY="1" y="0" pX="0" pY="0" skX="0" skY="0"/>
    </frame>
    <frame displayIndex="12" z="0" duration="1">
     <transform scX="1" x="0" scY="1" y="0" pX="0" pY="0" skX="0" skY="0"/>
    </frame>
    <frame displayIndex="13" z="0" duration="1">
     <transform scX="1" x="0" scY="1" y="0" pX="0" pY="0" skX="0" skY="0"/>
    </frame>
    <frame displayIndex="14" z="0" duration="1">
     <transform scX="1" x="0" scY="1" y="0" pX="0" pY="0" skX="0" skY="0"/>
    </frame>
    <frame z="0" duration="44">
     <transform scX="1" x="0" scY="1" y="0" pX="0" pY="0" skX="0" skY="0"/>
    </frame>
    <frame z="0" duration="1">
     <transform scX="1" x="0" scY="1" y="0" pX="0" pY="0" skX="0" skY="0"/>
    </frame>
   </timeline>
   <timeline pX="0" name="newEnemyCase" pY="0" scale="1" offset="0">
    <frame z="0" duration="60">
     <transform scX="1" x="0" scY="1" y="0" pX="0" pY="0" skX="0" skY="0"/>
    </frame>
   </timeline>
   <frame duration="59"/>
   <frame duration="1"/>
  </animation>
 </armature>
</root>