<root name="UnitTeleportOut_mc" isGlobal="0" frameRate="30" version="3.0">
 <armature name="UnitTeleportOut_mc">
  <skin name="default">
   <slot name="Layer 1" z="0" parent="Layer 1">
    <display name="Shape/shape 10655" type="image">
     <transform scX="1" x="0" scY="1" y="0" pX="19.5" pY="18" skX="0" skY="0"/>
    </display>
    <display name="Shape/shape 10657" type="image">
     <transform scX="1" x="0" scY="1" y="0" pX="19.5" pY="18" skX="0" skY="0"/>
    </display>
    <display name="Shape/shape 10659" type="image">
     <transform scX="1" x="0" scY="1" y="0" pX="19.5" pY="18" skX="0" skY="0"/>
    </display>
    <display name="Shape/shape 10661" type="image">
     <transform scX="1" x="0" scY="1" y="0" pX="19.5" pY="18" skX="0" skY="0"/>
    </display>
    <display name="Shape/shape 10663" type="image">
     <transform scX="1" x="0" scY="1" y="0" pX="19.5" pY="18" skX="0" skY="0"/>
    </display>
    <display name="Shape/shape 10665" type="image">
     <transform scX="1" x="0" scY="1" y="0" pX="19.5" pY="18" skX="0" skY="0"/>
    </display>
    <display name="Shape/shape 10667" type="image">
     <transform scX="1" x="0" scY="1" y="0" pX="19.5" pY="18" skX="0" skY="0"/>
    </display>
    <display name="Shape/shape 10669" type="image">
     <transform scX="1" x="0" scY="1" y="0" pX="19.5" pY="18" skX="0" skY="0"/>
    </display>
    <display name="Shape/shape 10671" type="image">
     <transform scX="1" x="0" scY="1" y="0" pX="19.5" pY="18" skX="0" skY="0"/>
    </display>
    <display name="Shape/shape 10673" type="image">
     <transform scX="1" x="0" scY="1" y="0" pX="19.5" pY="18" skX="0" skY="0"/>
    </display>
   </slot>
  </skin>
  <bone name="Layer 1">
   <transform scX="1" x="0" skX="0" scY="1" y="0" skY="0"/>
  </bone>
  <animation fadeInTime="0.3" scale="1" loop="1" autoTween="NaN" name="UnitTeleportOut_mc" duration="10" tweenEasing="NaN">
   <timeline pX="0" name="Layer 1" pY="0" scale="1" offset="0">
    <frame z="0" duration="1">
     <transform scX="1" x="0" scY="1" y="0" pX="0" pY="0" skX="0" skY="0"/>
    </frame>
    <frame displayIndex="1" z="0" duration="1">
     <transform scX="1" x="0" scY="1" y="0" pX="0" pY="0" skX="0" skY="0"/>
    </frame>
    <frame displayIndex="2" z="0" duration="1">
     <transform scX="1" x="0" scY="1" y="0" pX="0" pY="0" skX="0" skY="0"/>
    </frame>
    <frame displayIndex="3" z="0" duration="1">
     <transform scX="1" x="0" scY="1" y="0" pX="0" pY="0" skX="0" skY="0"/>
    </frame>
    <frame displayIndex="4" z="0" duration="1">
     <transform scX="1" x="0" scY="1" y="0" pX="0" pY="0" skX="0" skY="0"/>
    </frame>
    <frame displayIndex="5" z="0" duration="1">
     <transform scX="1" x="0" scY="1" y="0" pX="0" pY="0" skX="0" skY="0"/>
    </frame>
    <frame displayIndex="6" z="0" duration="1">
     <transform scX="1" x="0" scY="1" y="0" pX="0" pY="0" skX="0" skY="0"/>
    </frame>
    <frame displayIndex="7" z="0" duration="1">
     <transform scX="1" x="0" scY="1" y="0" pX="0" pY="0" skX="0" skY="0"/>
    </frame>
    <frame displayIndex="8" z="0" duration="1">
     <transform scX="1" x="0" scY="1" y="0" pX="0" pY="0" skX="0" skY="0"/>
    </frame>
    <frame displayIndex="9" z="0" duration="1">
     <transform scX="1" x="0" scY="1" y="0" pX="0" pY="0" skX="0" skY="0"/>
    </frame>
   </timeline>
  </animation>
 </armature>
</root>