<root name="HintSurvival_mc" isGlobal="0" frameRate="30" version="3.0">
 <armature name="HintSurvival_mc">
  <skin name="default">
   <slot name="Layer 1" z="0" parent="Layer 1">
    <display name="Shape/shape 6091" type="image">
     <transform scX="1" x="0" scY="1" y="0" pX="5" pY="84" skX="0" skY="0"/>
    </display>
    <display name="Shape/shape 6094" type="image">
     <transform scX="1" x="0" scY="1" y="0" pX="5" pY="90" skX="0" skY="0"/>
    </display>
   </slot>
   <slot name="Layer 2" z="1" parent="Layer 2">
    <display name="位图 2" type="image">
     <transform scX="1" x="-52" scY="1" y="-16.5" pX="0" pY="0" skX="0" skY="0"/>
    </display>
    <display name="位图 3" type="image">
     <transform scX="1" x="-62" scY="1" y="-27.5" pX="0" pY="0" skX="0" skY="0"/>
    </display>
   </slot>
   <slot name="Layer 3" z="2" parent="Layer 3">
    <display name="位图 1" type="image">
     <transform scX="1" x="-56.5" scY="1" y="-20" pX="0" pY="0" skX="0" skY="0"/>
    </display>
    <display name="位图 4" type="image">
     <transform scX="1" x="-62" scY="1" y="-20" pX="0" pY="0" skX="0" skY="0"/>
    </display>
   </slot>
  </skin>
  <bone name="Layer 1">
   <transform scX="1" x="0" skX="0" scY="1" y="0" skY="0"/>
  </bone>
  <bone name="Layer 2">
   <transform scX="1" x="61.95" skX="0" scY="1" y="-22.5" skY="0"/>
  </bone>
  <bone name="Layer 3">
   <transform scX="1" x="65.45" skX="0" scY="1" y="-54" skY="0"/>
  </bone>
  <animation fadeInTime="0.3" scale="5" loop="0" autoTween="NaN" name="HintSurvival_mc" duration="2" tweenEasing="2">
   <timeline pX="0" name="Layer 1" pY="0" scale="1" offset="0">
    <frame z="0" duration="1">
     <transform scX="1" x="0" scY="1" y="0" pX="0" pY="0" skX="0" skY="0"/>
    </frame>
    <frame displayIndex="1" z="0" duration="1">
     <transform scX="1" x="0" scY="1" y="0" pX="0" pY="0" skX="0" skY="0"/>
    </frame>
   </timeline>
   <timeline pX="0" name="Layer 2" pY="0" scale="1" offset="0">
    <frame z="0" duration="1">
     <transform scX="1" x="0" scY="1" y="0" pX="0" pY="0" skX="0" skY="0"/>
    </frame>
    <frame displayIndex="1" z="0" duration="1">
     <transform scX="1" x="9" scY="1" y="-14.549999999999997" pX="0" pY="0" skX="0" skY="0"/>
    </frame>
   </timeline>
   <timeline pX="0" name="Layer 3" pY="0" scale="1" offset="0">
    <frame z="0" duration="1">
     <transform scX="1" x="0" scY="1" y="0" pX="0" pY="0" skX="0" skY="0"/>
    </frame>
    <frame displayIndex="1" z="0" duration="1">
     <transform scX="1" x="10" scY="1" y="-13.549999999999997" pX="0" pY="0" skX="0" skY="0"/>
    </frame>
   </timeline>
  </animation>
 </armature>
</root>