<root name="BulletTower5_1_mc" isGlobal="0" frameRate="30" version="3.0">
 <armature name="BulletTower5_1_mc">
  <skin name="default">
   <slot name="cont" z="0" parent="cont">
    <display name="Shape/shape 10470" type="image">
     <transform scX="1" x="0" scY="1" y="0" pX="11" pY="15.5" skX="0" skY="0"/>
    </display>
    <display name="Shape/shape 10472" type="image">
     <transform scX="1" x="0" scY="1" y="0" pX="11" pY="15.5" skX="0" skY="0"/>
    </display>
    <display name="Shape/shape 10474" type="image">
     <transform scX="1" x="0" scY="1" y="0" pX="11" pY="15.5" skX="0" skY="0"/>
    </display>
    <display name="Shape/shape 10476" type="image">
     <transform scX="1" x="0" scY="1" y="0" pX="11" pY="15.5" skX="0" skY="0"/>
    </display>
    <display name="Shape/shape 10478" type="image">
     <transform scX="1" x="0" scY="1" y="0" pX="11" pY="15.5" skX="0" skY="0"/>
    </display>
    <display name="Shape/shape 10480" type="image">
     <transform scX="1" x="0" scY="1" y="0" pX="11" pY="15.5" skX="0" skY="0"/>
    </display>
    <display name="Shape/shape 10482" type="image">
     <transform scX="1" x="0" scY="1" y="0" pX="11" pY="15.5" skX="0" skY="0"/>
    </display>
    <display name="Shape/shape 10484" type="image">
     <transform scX="1" x="0" scY="1" y="0" pX="11" pY="15.5" skX="0" skY="0"/>
    </display>
    <display name="Shape/shape 10486" type="image">
     <transform scX="1" x="0" scY="1" y="0" pX="11" pY="15.5" skX="0" skY="0"/>
    </display>
    <display name="Shape/shape 10488" type="image">
     <transform scX="1" x="0" scY="1" y="0" pX="11" pY="15.5" skX="0" skY="0"/>
    </display>
   </slot>
  </skin>
  <bone name="cont">
   <transform scX="1" x="0" skX="0" scY="1" y="0" skY="0"/>
  </bone>
  <animation name="BulletTower5_1_mc" scale="1" loop="1" autoTween="NaN" fadeInTime="0.3" duration="11" tweenEasing="NaN">
   <timeline pX="0" name="cont" pY="0" scale="1" offset="0">
    <frame z="0" duration="1">
     <transform scX="1" x="0" scY="1" y="0" pX="0" pY="0" skX="0" skY="0"/>
    </frame>
    <frame displayIndex="1" z="0" duration="1">
     <transform scX="1" x="0" scY="1" y="0" pX="0" pY="0" skX="0" skY="0"/>
    </frame>
    <frame displayIndex="2" z="0" duration="1">
     <transform scX="1" x="0" scY="1" y="0" pX="0" pY="0" skX="0" skY="0"/>
    </frame>
    <frame displayIndex="3" z="0" duration="1">
     <transform scX="1" x="0" scY="1" y="0" pX="0" pY="0" skX="0" skY="0"/>
    </frame>
    <frame displayIndex="4" z="0" duration="1">
     <transform scX="1" x="0" scY="1" y="0" pX="0" pY="0" skX="0" skY="0"/>
    </frame>
    <frame displayIndex="5" z="0" duration="1">
     <transform scX="1" x="0" scY="1" y="0" pX="0" pY="0" skX="0" skY="0"/>
    </frame>
    <frame displayIndex="6" z="0" duration="1">
     <transform scX="1" x="0" scY="1" y="0" pX="0" pY="0" skX="0" skY="0"/>
    </frame>
    <frame displayIndex="7" z="0" duration="1">
     <transform scX="1" x="0" scY="1" y="0" pX="0" pY="0" skX="0" skY="0"/>
    </frame>
    <frame displayIndex="8" z="0" duration="1">
     <transform scX="1" x="0" scY="1" y="0" pX="0" pY="0" skX="0" skY="0"/>
    </frame>
    <frame displayIndex="9" z="0" duration="1">
     <transform scX="1" x="0" scY="1" y="0" pX="0" pY="0" skX="0" skY="0"/>
    </frame>
    <frame displayIndex="9" z="0" duration="1">
     <transform scX="1" x="0" scY="1" y="0" pX="0" pY="0" skX="0" skY="0"/>
    </frame>
   </timeline>
   <frame duration="10"/>
   <frame duration="1"/>
  </animation>
 </armature>
</root>