<TextureAtlas name="BulletTower5_1_mc" imagePath="texture.png">
 <SubTexture name="Shape/shape 10470" x="0" y="33" width="22" height="31"/>
 <SubTexture name="Shape/shape 10472" x="0" y="0" width="22" height="31"/>
 <SubTexture name="Shape/shape 10474" x="72" y="33" width="22" height="31"/>
 <SubTexture name="Shape/shape 10476" x="72" y="0" width="22" height="31"/>
 <SubTexture name="Shape/shape 10478" x="24" y="33" width="22" height="31"/>
 <SubTexture name="Shape/shape 10480" x="24" y="0" width="22" height="31"/>
 <SubTexture name="Shape/shape 10482" x="96" y="33" width="22" height="31"/>
 <SubTexture name="Shape/shape 10484" x="96" y="0" width="22" height="31"/>
 <SubTexture name="Shape/shape 10486" x="48" y="0" width="22" height="31"/>
 <SubTexture name="Shape/shape 10488" x="48" y="33" width="22" height="31"/>
</TextureAtlas>