<dragonBones name="1yrt" frameRate="30" version="2.3">
 <armature name="TowerMenu_mc_cont2">
  <bone name="Layer 1">
   <transform x="0" y="0" skX="0" skY="0" scX="1" scY="1"/>
  </bone>
  <skin name="default">
   <slot name="Layer 1" parent="Layer 1" z="0">
    <display name="Shape/shape 11038" type="image">
     <transform x="0" y="0" skX="0" skY="0" scX="1" scY="1" pX="57" pY="43"/>
    </display>
    <display name="Shape/shape 11040" type="image">
     <transform x="0" y="0" skX="0" skY="0" scX="1" scY="1" pX="57" pY="43"/>
    </display>
    <display name="Shape/shape 11042" type="image">
     <transform x="0" y="0" skX="0" skY="0" scX="1" scY="1" pX="57" pY="43"/>
    </display>
    <display name="Shape/shape 11044" type="image">
     <transform x="0" y="0" skX="0" skY="0" scX="1" scY="1" pX="57" pY="43"/>
    </display>
    <display name="Shape/shape 11046" type="image">
     <transform x="0" y="0" skX="0" skY="0" scX="1" scY="1" pX="57" pY="43"/>
    </display>
    <display name="Shape/shape 11048" type="image">
     <transform x="0" y="0" skX="0" skY="0" scX="1" scY="1" pX="57" pY="43"/>
    </display>
    <display name="Shape/shape 11050" type="image">
     <transform x="0" y="0" skX="0" skY="0" scX="1" scY="1" pX="57" pY="43"/>
    </display>
    <display name="Shape/shape 11052" type="image">
     <transform x="0" y="0" skX="0" skY="0" scX="1" scY="1" pX="57" pY="43"/>
    </display>
    <display name="Shape/shape 11054" type="image">
     <transform x="0" y="0" skX="0" skY="0" scX="1" scY="1" pX="57" pY="43"/>
    </display>
    <display name="Shape/shape 11056" type="image">
     <transform x="0" y="0" skX="0" skY="0" scX="1" scY="1" pX="57" pY="43"/>
    </display>
    <display name="Shape/shape 11058" type="image">
     <transform x="0" y="0" skX="0" skY="0" scX="1" scY="1" pX="57" pY="43"/>
    </display>
    <display name="Shape/shape 11060" type="image">
     <transform x="0" y="0" skX="0" skY="0" scX="1" scY="1" pX="57" pY="43"/>
    </display>
    <display name="Shape/shape 11062" type="image">
     <transform x="0" y="0" skX="0" skY="0" scX="1" scY="1" pX="57" pY="43"/>
    </display>
    <display name="Shape/shape 11064" type="image">
     <transform x="0" y="0" skX="0" skY="0" scX="1" scY="1" pX="57" pY="43"/>
    </display>
    <display name="Shape/shape 11066" type="image">
     <transform x="0" y="0" skX="0" skY="0" scX="1" scY="1" pX="57" pY="43"/>
    </display>
    <display name="Shape/shape 11068" type="image">
     <transform x="0" y="0" skX="0" skY="0" scX="1" scY="1" pX="57" pY="43"/>
    </display>
    <display name="Shape/shape 11070" type="image">
     <transform x="0" y="0" skX="0" skY="0" scX="1" scY="1" pX="57" pY="43"/>
    </display>
    <display name="Shape/shape 11072" type="image">
     <transform x="0" y="0" skX="0" skY="0" scX="1" scY="1" pX="57" pY="43"/>
    </display>
    <display name="Shape/shape 11074" type="image">
     <transform x="0" y="0" skX="0" skY="0" scX="1" scY="1"/>
    </display>
    <display name="Shape/shape 11076" type="image">
     <transform x="0" y="0" skX="0" skY="0" scX="1" scY="1"/>
    </display>
   </slot>
  </skin>
  <animation name="TowerMenu_mc_cont2" fadeInTime="0.3" duration="60" scale="1" loop="1" autoTween="1" tweenEasing="NaN">
   <timeline name="Layer 1" scale="1" offset="0">
    <frame z="0" duration="3">
     <transform x="0" y="0" skX="0" skY="0" scX="1" scY="1" pX="0" pY="0"/>
    </frame>
    <frame z="0" displayIndex="1" duration="3">
     <transform x="0" y="0" skX="0" skY="0" scX="1" scY="1" pX="0" pY="0"/>
    </frame>
    <frame z="0" displayIndex="2" duration="3">
     <transform x="0" y="0" skX="0" skY="0" scX="1" scY="1" pX="0" pY="0"/>
    </frame>
    <frame z="0" displayIndex="3" duration="3">
     <transform x="0" y="0" skX="0" skY="0" scX="1" scY="1" pX="0" pY="0"/>
    </frame>
    <frame z="0" displayIndex="4" duration="2">
     <transform x="0" y="0" skX="0" skY="0" scX="1" scY="1" pX="0" pY="0"/>
    </frame>
    <frame z="0" displayIndex="5" duration="2">
     <transform x="0" y="0" skX="0" skY="0" scX="1" scY="1" pX="0" pY="0"/>
    </frame>
    <frame z="0" displayIndex="6" duration="2">
     <transform x="0" y="0" skX="0" skY="0" scX="1" scY="1" pX="0" pY="0"/>
    </frame>
    <frame z="0" displayIndex="7" duration="2">
     <transform x="0" y="0" skX="0" skY="0" scX="1" scY="1" pX="0" pY="0"/>
    </frame>
    <frame z="0" displayIndex="8" duration="2">
     <transform x="0" y="0" skX="0" skY="0" scX="1" scY="1" pX="0" pY="0"/>
    </frame>
    <frame z="0" displayIndex="9" duration="2">
     <transform x="0" y="0" skX="0" skY="0" scX="1" scY="1" pX="0" pY="0"/>
    </frame>
    <frame z="0" displayIndex="10" duration="2">
     <transform x="0" y="0" skX="0" skY="0" scX="1" scY="1" pX="0" pY="0"/>
    </frame>
    <frame z="0" displayIndex="11" duration="2">
     <transform x="0" y="0" skX="0" skY="0" scX="1" scY="1" pX="0" pY="0"/>
    </frame>
    <frame z="0" displayIndex="12" duration="2">
     <transform x="0" y="0" skX="0" skY="0" scX="1" scY="1" pX="0" pY="0"/>
    </frame>
    <frame z="0" displayIndex="13" duration="2">
     <transform x="0" y="0" skX="0" skY="0" scX="1" scY="1" pX="0" pY="0"/>
    </frame>
    <frame z="0" displayIndex="14" duration="2">
     <transform x="0" y="0" skX="0" skY="0" scX="1" scY="1" pX="0" pY="0"/>
    </frame>
    <frame z="0" displayIndex="15" duration="2">
     <transform x="0" y="0" skX="0" skY="0" scX="1" scY="1" pX="0" pY="0"/>
    </frame>
    <frame z="0" displayIndex="16" duration="2">
     <transform x="0" y="0" skX="0" skY="0" scX="1" scY="1" pX="0" pY="0"/>
    </frame>
    <frame z="0" displayIndex="17" duration="2">
     <transform x="0" y="0" skX="0" skY="0" scX="1" scY="1" pX="0" pY="0"/>
    </frame>
    <frame z="0" displayIndex="18" duration="1">
     <transform x="0" y="0" skX="0" skY="0" scX="1" scY="1" pX="0" pY="0"/>
    </frame>
    <frame z="0" displayIndex="19" duration="19">
     <transform x="0" y="0" skX="0" skY="0" scX="1" scY="1" pX="0" pY="0"/>
    </frame>
   </timeline>
  </animation>
 </armature>
</dragonBones>