<TextureAtlas name="TowerMenu_mc_cont2" imagePath="texture.png">
 <SubTexture name="Shape/shape 11038" x="351" y="88" width="115" height="86"/>
 <SubTexture name="Shape/shape 11040" x="234" y="0" width="115" height="86"/>
 <SubTexture name="Shape/shape 11042" x="117" y="264" width="115" height="86"/>
 <SubTexture name="Shape/shape 11044" x="0" y="176" width="115" height="86"/>
 <SubTexture name="Shape/shape 11046" x="117" y="176" width="115" height="86"/>
 <SubTexture name="Shape/shape 11048" x="117" y="0" width="115" height="86"/>
 <SubTexture name="Shape/shape 11050" x="234" y="88" width="115" height="86"/>
 <SubTexture name="Shape/shape 11052" x="234" y="264" width="115" height="86"/>
 <SubTexture name="Shape/shape 11054" x="0" y="0" width="115" height="86"/>
 <SubTexture name="Shape/shape 11056" x="117" y="88" width="115" height="86"/>
 <SubTexture name="Shape/shape 11058" x="0" y="264" width="115" height="86"/>
 <SubTexture name="Shape/shape 11060" x="351" y="176" width="115" height="86"/>
 <SubTexture name="Shape/shape 11062" x="234" y="176" width="115" height="86"/>
 <SubTexture name="Shape/shape 11064" x="351" y="0" width="115" height="86"/>
 <SubTexture name="Shape/shape 11066" x="0" y="88" width="115" height="86"/>
 <SubTexture name="Shape/shape 11068" x="117" y="352" width="115" height="86"/>
 <SubTexture name="Shape/shape 11070" x="0" y="352" width="115" height="86"/>
 <SubTexture name="Shape/shape 11072" x="351" y="264" width="115" height="86"/>
</TextureAtlas>