<TextureAtlas name="Tower8_mc" imagePath="texture.png">
 <SubTexture name="Shape/shape 8246" x="568" y="154" width="121" height="78"/>
 <SubTexture name="boneBlock" x="61" y="154" width="50" height="50"/>
 <SubTexture name="blockTower" x="409" y="154" width="50" height="50"/>
 <SubTexture name="case" x="174" y="154" width="50" height="50"/>
 <SubTexture name="Shape/shape 5020" x="379" y="847" width="69" height="77"/>
 <SubTexture name="Shape/shape 5038" x="747" y="804" width="69" height="77"/>
 <SubTexture name="Shape/shape 5043" x="302" y="852" width="69" height="77"/>
 <SubTexture name="Shape/shape 5048" x="675" y="251" width="69" height="77"/>
 <SubTexture name="Shape/shape 5053" x="142" y="837" width="69" height="77"/>
 <SubTexture name="Shape/shape 5057" x="214" y="345" width="69" height="77"/>
 <SubTexture name="Shape/shape 5062" x="0" y="782" width="69" height="77"/>
 <SubTexture name="Shape/shape 5067" x="925" y="798" width="69" height="77"/>
 <SubTexture name="Shape/shape 5072" x="214" y="503" width="69" height="77"/>
 <SubTexture name="Shape/shape 5077" x="231" y="782" width="69" height="77"/>
 <SubTexture name="Shape/shape 5082" x="71" y="782" width="69" height="77"/>
 <SubTexture name="Shape/shape 5087" x="214" y="424" width="69" height="77"/>
 <SubTexture name="Shape/shape 5091" x="854" y="798" width="69" height="77"/>
 <SubTexture name="Shape/shape 5096" x="616" y="839" width="69" height="77"/>
 <SubTexture name="Shape/shape 5101" x="308" y="773" width="69" height="77"/>
 <SubTexture name="Shape/shape 5022" x="751" y="191" width="58" height="58"/>
 <SubTexture name="Shape/shape 5024" x="806" y="251" width="58" height="58"/>
 <SubTexture name="Shape/shape 5026" x="871" y="191" width="58" height="58"/>
 <SubTexture name="Shape/shape 5028" x="811" y="191" width="58" height="58"/>
 <SubTexture name="Shape/shape 5030" x="746" y="251" width="58" height="58"/>
 <SubTexture name="Shape/shape 5032" x="691" y="191" width="58" height="58"/>
 <SubTexture name="Shape/shape 5055" x="673" y="1025" width="71" height="66"/>
 <SubTexture name="Shape/shape 5089" x="896" y="1019" width="71" height="66"/>
 <SubTexture name="Shape/shape 5107" x="75" y="987" width="71" height="66"/>
 <SubTexture name="Shape/shape 5116" x="594" y="1057" width="71" height="66"/>
 <SubTexture name="Shape/shape 5117" x="750" y="1019" width="71" height="66"/>
 <SubTexture name="Shape/shape 5118" x="363" y="997" width="71" height="66"/>
 <SubTexture name="Shape/shape 5119" x="448" y="994" width="71" height="66"/>
 <SubTexture name="Shape/shape 5120" x="148" y="1003" width="71" height="66"/>
 <SubTexture name="Shape/shape 5121" x="0" y="1003" width="71" height="66"/>
 <SubTexture name="Shape/shape 5122" x="600" y="989" width="71" height="66"/>
 <SubTexture name="Shape/shape 5123" x="73" y="1055" width="71" height="66"/>
 <SubTexture name="Shape/shape 5134" x="225" y="1002" width="71" height="66"/>
 <SubTexture name="Shape/shape 5153" x="521" y="994" width="71" height="66"/>
 <SubTexture name="Shape/shape 5154" x="823" y="1019" width="71" height="66"/>
 <SubTexture name="Shape/shape 5036" x="154" y="582" width="75" height="83"/>
 <SubTexture name="Shape/shape 5041" x="653" y="512" width="75" height="83"/>
 <SubTexture name="Shape/shape 5046" x="308" y="688" width="75" height="83"/>
 <SubTexture name="Shape/shape 5051" x="623" y="597" width="75" height="83"/>
 <SubTexture name="Shape/shape 5060" x="469" y="592" width="75" height="83"/>
 <SubTexture name="Shape/shape 5065" x="77" y="612" width="75" height="83"/>
 <SubTexture name="Shape/shape 5070" x="154" y="667" width="75" height="83"/>
 <SubTexture name="Shape/shape 5075" x="231" y="697" width="75" height="83"/>
 <SubTexture name="Shape/shape 5080" x="944" y="543" width="75" height="83"/>
 <SubTexture name="Shape/shape 5085" x="154" y="752" width="75" height="83"/>
 <SubTexture name="Shape/shape 5094" x="499" y="507" width="75" height="83"/>
 <SubTexture name="Shape/shape 5099" x="439" y="677" width="75" height="83"/>
 <SubTexture name="Shape/shape 5104" x="385" y="762" width="75" height="83"/>
 <SubTexture name="Shape/shape 5106" x="730" y="584" width="75" height="83"/>
 <SubTexture name="Shape/shape 5109" x="576" y="512" width="75" height="83"/>
 <SubTexture name="Shape/shape 5111" x="77" y="697" width="75" height="83"/>
 <SubTexture name="Shape/shape 5113" x="914" y="628" width="75" height="83"/>
 <SubTexture name="Shape/shape 5115" x="285" y="527" width="75" height="83"/>
 <SubTexture name="Shape/shape 5125" x="944" y="458" width="75" height="83"/>
 <SubTexture name="Shape/shape 5127" x="0" y="612" width="75" height="83"/>
 <SubTexture name="Shape/shape 5129" x="539" y="767" width="75" height="83"/>
 <SubTexture name="Shape/shape 5131" x="777" y="719" width="75" height="83"/>
 <SubTexture name="Shape/shape 5133" x="362" y="603" width="75" height="83"/>
 <SubTexture name="Shape/shape 5136" x="77" y="527" width="75" height="83"/>
 <SubTexture name="Shape/shape 5138" x="593" y="682" width="75" height="83"/>
 <SubTexture name="Shape/shape 5140" x="462" y="767" width="75" height="83"/>
 <SubTexture name="Shape/shape 5142" x="516" y="682" width="75" height="83"/>
 <SubTexture name="Shape/shape 5144" x="807" y="634" width="75" height="83"/>
 <SubTexture name="Shape/shape 5146" x="392" y="518" width="75" height="83"/>
 <SubTexture name="Shape/shape 5148" x="884" y="713" width="75" height="83"/>
 <SubTexture name="Shape/shape 5150" x="231" y="612" width="75" height="83"/>
 <SubTexture name="Shape/shape 5152" x="546" y="597" width="75" height="83"/>
 <SubTexture name="Shape/shape 5156" x="931" y="191" width="75" height="83"/>
 <SubTexture name="Shape/shape 5158" x="670" y="754" width="75" height="83"/>
 <SubTexture name="Shape/shape 5160" x="0" y="527" width="75" height="83"/>
 <SubTexture name="Shape/shape 5162" x="837" y="549" width="75" height="83"/>
 <SubTexture name="Shape/shape 5164" x="700" y="669" width="75" height="83"/>
 <SubTexture name="Shape/shape 5166" x="0" y="697" width="75" height="83"/>
 <SubTexture name="Shape/shape 8278" x="866" y="276" width="105" height="89"/>
 <SubTexture name="Shape/shape 8280" x="0" y="345" width="105" height="89"/>
 <SubTexture name="Shape/shape 8282" x="107" y="345" width="105" height="89"/>
 <SubTexture name="Shape/shape 8284" x="516" y="325" width="105" height="89"/>
 <SubTexture name="Shape/shape 8286" x="853" y="367" width="105" height="89"/>
 <SubTexture name="Shape/shape 8288" x="0" y="436" width="105" height="89"/>
 <SubTexture name="Shape/shape 8290" x="746" y="311" width="105" height="89"/>
 <SubTexture name="Shape/shape 8292" x="409" y="336" width="105" height="89"/>
 <SubTexture name="Shape/shape 8294" x="285" y="436" width="105" height="89"/>
 <SubTexture name="Shape/shape 8296" x="837" y="458" width="105" height="89"/>
 <SubTexture name="Shape/shape 8298" x="461" y="154" width="105" height="89"/>
 <SubTexture name="Shape/shape 8300" x="285" y="345" width="105" height="89"/>
 <SubTexture name="Shape/shape 8302" x="730" y="402" width="105" height="89"/>
 <SubTexture name="Shape/shape 8304" x="568" y="234" width="105" height="89"/>
 <SubTexture name="Shape/shape 8306" x="516" y="416" width="105" height="89"/>
 <SubTexture name="Shape/shape 8308" x="107" y="436" width="105" height="89"/>
 <SubTexture name="Shape/shape 8310" x="623" y="421" width="105" height="89"/>
 <SubTexture name="Shape/shape 8312" x="730" y="493" width="105" height="89"/>
 <SubTexture name="Shape/shape 8314" x="409" y="245" width="105" height="89"/>
 <SubTexture name="Shape/shape 8316" x="392" y="427" width="105" height="89"/>
 <SubTexture name="Shape/shape 8318" x="623" y="330" width="105" height="89"/>
 <SubTexture name="Shape/shape 8321" x="150" y="932" width="73" height="69"/>
 <SubTexture name="Shape/shape 8323" x="912" y="948" width="73" height="69"/>
 <SubTexture name="Shape/shape 8325" x="288" y="931" width="73" height="69"/>
 <SubTexture name="Shape/shape 8327" x="450" y="852" width="73" height="69"/>
 <SubTexture name="Shape/shape 8329" x="0" y="861" width="73" height="69"/>
 <SubTexture name="Shape/shape 8331" x="600" y="918" width="73" height="69"/>
 <SubTexture name="Shape/shape 8333" x="525" y="923" width="73" height="69"/>
 <SubTexture name="Shape/shape 8335" x="687" y="883" width="73" height="69"/>
 <SubTexture name="Shape/shape 8337" x="450" y="923" width="73" height="69"/>
 <SubTexture name="Shape/shape 8339" x="0" y="932" width="73" height="69"/>
 <SubTexture name="Shape/shape 8341" x="525" y="852" width="73" height="69"/>
 <SubTexture name="Shape/shape 8343" x="75" y="916" width="73" height="69"/>
 <SubTexture name="Shape/shape 8345" x="837" y="948" width="73" height="69"/>
 <SubTexture name="Shape/shape 8347" x="213" y="861" width="73" height="69"/>
 <SubTexture name="Shape/shape 8349" x="818" y="877" width="73" height="69"/>
 <SubTexture name="Shape/shape 8351" x="762" y="948" width="73" height="69"/>
 <SubTexture name="Shape/shape 8353" x="893" y="877" width="73" height="69"/>
 <SubTexture name="Shape/shape 8355" x="675" y="954" width="73" height="69"/>
 <SubTexture name="Shape/shape 8357" x="373" y="926" width="73" height="69"/>
 <SubTexture name="Shape/shape 8360" x="116" y="0" width="114" height="152"/>
 <SubTexture name="Shape/shape 8362" x="464" y="0" width="114" height="152"/>
 <SubTexture name="Shape/shape 8364" x="0" y="0" width="114" height="152"/>
 <SubTexture name="Shape/shape 8366" x="232" y="0" width="114" height="152"/>
 <SubTexture name="Shape/shape 8368" x="348" y="0" width="114" height="152"/>
 <SubTexture name="Shape/shape 8370" x="580" y="0" width="114" height="152"/>
 <SubTexture name="Shape/shape 8373" x="696" y="0" width="59" height="189"/>
 <SubTexture name="Shape/shape 8375" x="757" y="0" width="59" height="189"/>
 <SubTexture name="Shape/shape 8377" x="113" y="154" width="59" height="189"/>
 <SubTexture name="Shape/shape 8379" x="287" y="154" width="59" height="189"/>
 <SubTexture name="Shape/shape 8381" x="0" y="154" width="59" height="189"/>
 <SubTexture name="Shape/shape 8383" x="879" y="0" width="59" height="189"/>
 <SubTexture name="Shape/shape 8385" x="348" y="154" width="59" height="189"/>
 <SubTexture name="Shape/shape 8387" x="226" y="154" width="59" height="189"/>
 <SubTexture name="Shape/shape 8389" x="940" y="0" width="59" height="189"/>
 <SubTexture name="Shape/shape 8391" x="818" y="0" width="59" height="189"/>
</TextureAtlas>