<root name="UltraTowerMenu_mc" isGlobal="0" frameRate="30" version="3.0">
 <armature name="UltraTowerMenu_mc">
  <skin name="default">
   <slot name="Layer 1" z="0" parent="Layer 1">
    <display name="Shape/shape 10975" type="image">
     <transform scX="1" x="0" scY="1" y="0" pX="56.25" pY="56.25" skX="0" skY="0"/>
    </display>
   </slot>
   <slot name="cont1" z="1" parent="cont1">
    <display name="cont1" type="armature">
     <transform scX="1" x="0" skX="0" scY="1" y="0" skY="0"/>
    </display>
   </slot>
   <slot name="Layer 4" z="2" parent="Layer 4">
    <display name="Shape/shape 11079" type="image">
     <transform scX="1" x="0" scY="1" y="0" pX="69" pY="49" skX="0" skY="0"/>
    </display>
   </slot>
   <slot name="btnUpgradeMenu" z="3" parent="btnUpgradeMenu">
    <display name="btnUpgradeMenu" type="armature">
     <transform scX="1" x="0" skX="0" scY="1" y="0" skY="0"/>
    </display>
   </slot>
   <slot name="sphereSlot1" z="4" parent="sphereSlot1">
    <display name="sphereSlot" type="armature">
     <transform scX="1" x="0" skX="0" scY="1" y="0" skY="0"/>
    </display>
   </slot>
   <slot name="sphereSlot2" z="5" parent="sphereSlot2">
    <display name="sphereSlot" type="armature">
     <transform scX="1" x="0" skX="0" scY="1" y="0" skY="0"/>
    </display>
   </slot>
   <slot name="sellUltraTower" z="6" parent="sellUltraTower">
    <display name="sellUltraTower" type="armature">
     <transform scX="1" x="0" skX="0" scY="1" y="0" skY="0"/>
    </display>
   </slot>
   <slot name="fastBuyUltraCont" z="7" parent="fastBuyUltraCont">
    <display name="fastBuyUltraCont" type="armature">
     <transform scX="1" x="0" skX="0" scY="1" y="0" skY="0"/>
    </display>
   </slot>
  </skin>
  <bone name="sphereSlot1">
   <transform scX="1" x="-53" skX="0" scY="1" y="10" skY="0"/>
  </bone>
  <bone name="cont1">
   <transform scX="1" x="2" skX="0" scY="1" y="-2" skY="0"/>
  </bone>
  <bone name="Layer 4">
   <transform scX="1" x="0" skX="0" scY="1" y="20" skY="0"/>
  </bone>
  <bone name="btnUpgradeMenu">
   <transform scX="1" x="2" skX="0" scY="1" y="-54" skY="0"/>
  </bone>
  <bone name="Layer 1">
   <transform scX="1" x="0" skX="0" scY="1" y="0" skY="0"/>
  </bone>
  <bone name="sphereSlot2">
   <transform scX="1" x="54" skX="0" scY="1" y="10" skY="0"/>
  </bone>
  <bone name="sellUltraTower">
   <transform scX="1" x="0" skX="0" scY="1" y="56" skY="0"/>
  </bone>
  <bone name="fastBuyUltraCont">
   <transform scX="1" x="0" skX="0" scY="1" y="4" skY="0"/>
  </bone>
  <animation fadeInTime="0.3" scale="1" loop="1" autoTween="NaN" name="UltraTowerMenu_mc" duration="1" tweenEasing="NaN">
   <timeline pX="0" name="Layer 1" pY="0" scale="1" offset="0">
    <frame z="0" duration="1">
     <transform scX="1" x="0" scY="1" y="0" pX="0" pY="0" skX="0" skY="0"/>
    </frame>
   </timeline>
   <timeline pX="0" name="cont1" pY="0" scale="1" offset="0">
    <frame z="0" duration="1">
     <transform scX="1" x="0" scY="1" y="0" pX="0" pY="0" skX="0" skY="0"/>
    </frame>
   </timeline>
   <timeline pX="0" name="Layer 4" pY="0" scale="1" offset="0">
    <frame z="0" duration="1">
     <transform scX="1" x="0" scY="1" y="0" pX="0" pY="0" skX="0" skY="0"/>
    </frame>
   </timeline>
   <timeline pX="0" name="btnUpgradeMenu" pY="0" scale="1" offset="0">
    <frame z="0" duration="1">
     <transform scX="1" x="0" scY="1" y="0" pX="0" pY="0" skX="0" skY="0"/>
    </frame>
   </timeline>
   <timeline pX="0" name="sphereSlot1" pY="0" scale="1" offset="0">
    <frame z="0" duration="1">
     <transform scX="1" x="0" scY="1" y="0" pX="0" pY="0" skX="0" skY="0"/>
    </frame>
   </timeline>
   <timeline pX="0" name="sphereSlot2" pY="0" scale="1" offset="0">
    <frame z="0" duration="1">
     <transform scX="1" x="0" scY="1" y="0" pX="0" pY="0" skX="0" skY="0"/>
    </frame>
   </timeline>
   <timeline pX="0" name="sellUltraTower" pY="0" scale="1" offset="0">
    <frame z="0" duration="1">
     <transform scX="1" x="0" scY="1" y="0" pX="0" pY="0" skX="0" skY="0"/>
    </frame>
   </timeline>
   <timeline pX="0" name="fastBuyUltraCont" pY="0" scale="1" offset="0">
    <frame z="0" duration="1">
     <transform scX="1" x="0" scY="1" y="0" pX="0" pY="0" skX="0" skY="0"/>
    </frame>
   </timeline>
  </animation>
 </armature>
 <armature name="cont1">
  <skin name="default">
   <slot name="b" z="0" parent="b">
    <display name="Shape/shape 10977" type="image">
     <transform scX="1" x="0" scY="1" y="0" pX="67" pY="64" skX="0" skY="0"/>
    </display>
    <display name="Shape/shape 10979" type="image">
     <transform scX="1" x="0" scY="1" y="0" pX="67" pY="64" skX="0" skY="0"/>
    </display>
    <display name="Shape/shape 10981" type="image">
     <transform scX="1" x="0" scY="1" y="0" pX="67" pY="64" skX="0" skY="0"/>
    </display>
    <display name="Shape/shape 10983" type="image">
     <transform scX="1" x="0" scY="1" y="0" pX="67" pY="64" skX="0" skY="0"/>
    </display>
    <display name="Shape/shape 10985" type="image">
     <transform scX="1" x="0" scY="1" y="0" pX="67" pY="64" skX="0" skY="0"/>
    </display>
    <display name="Shape/shape 10987" type="image">
     <transform scX="1" x="0" scY="1" y="0" pX="67" pY="64" skX="0" skY="0"/>
    </display>
    <display name="Shape/shape 10989" type="image">
     <transform scX="1" x="0" scY="1" y="0" pX="67" pY="64" skX="0" skY="0"/>
    </display>
    <display name="Shape/shape 10991" type="image">
     <transform scX="1" x="0" scY="1" y="0" pX="67" pY="64" skX="0" skY="0"/>
    </display>
    <display name="Shape/shape 10993" type="image">
     <transform scX="1" x="0" scY="1" y="0" pX="67" pY="64" skX="0" skY="0"/>
    </display>
    <display name="Shape/shape 10995" type="image">
     <transform scX="1" x="0" scY="1" y="0" pX="67" pY="64" skX="0" skY="0"/>
    </display>
    <display name="Shape/shape 10997" type="image">
     <transform scX="1" x="0" scY="1" y="0" pX="67" pY="64" skX="0" skY="0"/>
    </display>
    <display name="Shape/shape 10999" type="image">
     <transform scX="1" x="0" scY="1" y="0" pX="67" pY="64" skX="0" skY="0"/>
    </display>
    <display name="Shape/shape 11001" type="image">
     <transform scX="1" x="0" scY="1" y="0" pX="67" pY="64" skX="0" skY="0"/>
    </display>
    <display name="Shape/shape 11003" type="image">
     <transform scX="1" x="0" scY="1" y="0" pX="67" pY="64" skX="0" skY="0"/>
    </display>
    <display name="Shape/shape 11005" type="image">
     <transform scX="1" x="0" scY="1" y="0" pX="67" pY="64" skX="0" skY="0"/>
    </display>
    <display name="Shape/shape 11007" type="image">
     <transform scX="1" x="0" scY="1" y="0" pX="67" pY="64" skX="0" skY="0"/>
    </display>
    <display name="Shape/shape 11009" type="image">
     <transform scX="1" x="0" scY="1" y="0" pX="67" pY="64" skX="0" skY="0"/>
    </display>
    <display name="Shape/shape 11011" type="image">
     <transform scX="1" x="0" scY="1" y="0" pX="67" pY="64" skX="0" skY="0"/>
    </display>
    <display name="Shape/shape 11013" type="image">
     <transform scX="1" x="0" scY="1" y="0" pX="67" pY="64" skX="0" skY="0"/>
    </display>
    <display name="Shape/shape 11015" type="image">
     <transform scX="1" x="0" scY="1" y="0" pX="67" pY="64" skX="0" skY="0"/>
    </display>
    <display name="Shape/shape 11017" type="image">
     <transform scX="1" x="0" scY="1" y="0" pX="67" pY="64" skX="0" skY="0"/>
    </display>
    <display name="Shape/shape 11019" type="image">
     <transform scX="1" x="0" scY="1" y="0" pX="67" pY="64" skX="0" skY="0"/>
    </display>
    <display name="Shape/shape 11021" type="image">
     <transform scX="1" x="0" scY="1" y="0" pX="67" pY="64" skX="0" skY="0"/>
    </display>
    <display name="Shape/shape 11023" type="image">
     <transform scX="1" x="0" scY="1" y="0" pX="67" pY="64" skX="0" skY="0"/>
    </display>
    <display name="Shape/shape 11025" type="image">
     <transform scX="1" x="0" scY="1" y="0" pX="67" pY="64" skX="0" skY="0"/>
    </display>
    <display name="Shape/shape 11027" type="image">
     <transform scX="1" x="0" scY="1" y="0" pX="67" pY="64" skX="0" skY="0"/>
    </display>
    <display name="Shape/shape 11029" type="image">
     <transform scX="1" x="0" scY="1" y="0" pX="67" pY="64" skX="0" skY="0"/>
    </display>
    <display name="Shape/shape 11031" type="image">
     <transform scX="1" x="0" scY="1" y="0" pX="67" pY="64" skX="0" skY="0"/>
    </display>
    <display name="Shape/shape 11033" type="image">
     <transform scX="1" x="0" scY="1" y="0" pX="67" pY="64" skX="0" skY="0"/>
    </display>
    <display name="Shape/shape 11035" type="image">
     <transform scX="1" x="0" scY="1" y="0" pX="67" pY="64" skX="0" skY="0"/>
    </display>
   </slot>
  </skin>
  <bone name="b">
   <transform scX="1" x="0" skX="0" scY="1" y="0" skY="0"/>
  </bone>
  <animation name="cont1" scale="1" loop="1" autoTween="NaN" fadeInTime="0.3" duration="61" tweenEasing="NaN">
   <timeline pX="0" name="b" pY="0" scale="1" offset="0">
    <frame z="0" duration="2">
     <transform scX="1" x="0" scY="1" y="0" pX="0" pY="0" skX="0" skY="0"/>
    </frame>
    <frame displayIndex="1" z="0" duration="2">
     <transform scX="1" x="0" scY="1" y="0" pX="0" pY="0" skX="0" skY="0"/>
    </frame>
    <frame displayIndex="2" z="0" duration="2">
     <transform scX="1" x="0" scY="1" y="0" pX="0" pY="0" skX="0" skY="0"/>
    </frame>
    <frame displayIndex="3" z="0" duration="2">
     <transform scX="1" x="0" scY="1" y="0" pX="0" pY="0" skX="0" skY="0"/>
    </frame>
    <frame displayIndex="4" z="0" duration="2">
     <transform scX="1" x="0" scY="1" y="0" pX="0" pY="0" skX="0" skY="0"/>
    </frame>
    <frame displayIndex="5" z="0" duration="2">
     <transform scX="1" x="0" scY="1" y="0" pX="0" pY="0" skX="0" skY="0"/>
    </frame>
    <frame displayIndex="6" z="0" duration="2">
     <transform scX="1" x="0" scY="1" y="0" pX="0" pY="0" skX="0" skY="0"/>
    </frame>
    <frame displayIndex="7" z="0" duration="2">
     <transform scX="1" x="0" scY="1" y="0" pX="0" pY="0" skX="0" skY="0"/>
    </frame>
    <frame displayIndex="8" z="0" duration="2">
     <transform scX="1" x="0" scY="1" y="0" pX="0" pY="0" skX="0" skY="0"/>
    </frame>
    <frame displayIndex="9" z="0" duration="2">
     <transform scX="1" x="0" scY="1" y="0" pX="0" pY="0" skX="0" skY="0"/>
    </frame>
    <frame displayIndex="10" z="0" duration="2">
     <transform scX="1" x="0" scY="1" y="0" pX="0" pY="0" skX="0" skY="0"/>
    </frame>
    <frame displayIndex="11" z="0" duration="2">
     <transform scX="1" x="0" scY="1" y="0" pX="0" pY="0" skX="0" skY="0"/>
    </frame>
    <frame displayIndex="12" z="0" duration="2">
     <transform scX="1" x="0" scY="1" y="0" pX="0" pY="0" skX="0" skY="0"/>
    </frame>
    <frame displayIndex="13" z="0" duration="2">
     <transform scX="1" x="0" scY="1" y="0" pX="0" pY="0" skX="0" skY="0"/>
    </frame>
    <frame displayIndex="14" z="0" duration="2">
     <transform scX="1" x="0" scY="1" y="0" pX="0" pY="0" skX="0" skY="0"/>
    </frame>
    <frame displayIndex="15" z="0" duration="2">
     <transform scX="1" x="0" scY="1" y="0" pX="0" pY="0" skX="0" skY="0"/>
    </frame>
    <frame displayIndex="16" z="0" duration="2">
     <transform scX="1" x="0" scY="1" y="0" pX="0" pY="0" skX="0" skY="0"/>
    </frame>
    <frame displayIndex="17" z="0" duration="2">
     <transform scX="1" x="0" scY="1" y="0" pX="0" pY="0" skX="0" skY="0"/>
    </frame>
    <frame displayIndex="18" z="0" duration="2">
     <transform scX="1" x="0" scY="1" y="0" pX="0" pY="0" skX="0" skY="0"/>
    </frame>
    <frame displayIndex="19" z="0" duration="2">
     <transform scX="1" x="0" scY="1" y="0" pX="0" pY="0" skX="0" skY="0"/>
    </frame>
    <frame displayIndex="20" z="0" duration="2">
     <transform scX="1" x="0" scY="1" y="0" pX="0" pY="0" skX="0" skY="0"/>
    </frame>
    <frame displayIndex="21" z="0" duration="2">
     <transform scX="1" x="0" scY="1" y="0" pX="0" pY="0" skX="0" skY="0"/>
    </frame>
    <frame displayIndex="22" z="0" duration="2">
     <transform scX="1" x="0" scY="1" y="0" pX="0" pY="0" skX="0" skY="0"/>
    </frame>
    <frame displayIndex="23" z="0" duration="2">
     <transform scX="1" x="0" scY="1" y="0" pX="0" pY="0" skX="0" skY="0"/>
    </frame>
    <frame displayIndex="24" z="0" duration="2">
     <transform scX="1" x="0" scY="1" y="0" pX="0" pY="0" skX="0" skY="0"/>
    </frame>
    <frame displayIndex="25" z="0" duration="2">
     <transform scX="1" x="0" scY="1" y="0" pX="0" pY="0" skX="0" skY="0"/>
    </frame>
    <frame displayIndex="26" z="0" duration="2">
     <transform scX="1" x="0" scY="1" y="0" pX="0" pY="0" skX="0" skY="0"/>
    </frame>
    <frame displayIndex="27" z="0" duration="2">
     <transform scX="1" x="0" scY="1" y="0" pX="0" pY="0" skX="0" skY="0"/>
    </frame>
    <frame displayIndex="28" z="0" duration="2">
     <transform scX="1" x="0" scY="1" y="0" pX="0" pY="0" skX="0" skY="0"/>
    </frame>
    <frame displayIndex="29" z="0" duration="2">
     <transform scX="1" x="0" scY="1" y="0" pX="0" pY="0" skX="0" skY="0"/>
    </frame>
    <frame displayIndex="29" z="0" duration="1">
     <transform scX="1" x="0" scY="1" y="0" pX="0" pY="0" skX="0" skY="0"/>
    </frame>
   </timeline>
   <frame duration="60"/>
   <frame duration="1"/>
  </animation>
 </armature>
 <armature name="btnUpgradeMenu">
  <skin name="default">
   <slot name="Layer 1" z="0" parent="Layer 1">
    <display name="Shape/shape 11183" type="image">
     <transform scX="1" x="0" scY="1" y="0" pX="25" pY="26" skX="0" skY="0"/>
    </display>
    <display name="Shape/shape 11186" type="image">
     <transform scX="1" x="0" scY="1" y="0" pX="25" pY="26" skX="0" skY="0"/>
    </display>
    <display name="Shape/shape 11188" type="image">
     <transform scX="1" x="0" scY="1" y="0" pX="25" pY="26" skX="0" skY="0"/>
    </display>
    <display name="Shape/shape 11190" type="image">
     <transform scX="1" x="0" scY="1" y="0" pX="25" pY="26" skX="0" skY="0"/>
    </display>
   </slot>
   <slot name="btnUpgradeMenuLOCKCase" z="1" parent="btnUpgradeMenuLOCKCase">
    <display name="case" type="image">
     <transform scX="1" x="0" scY="1" y="0" pX="25" pY="25" skX="0" skY="0"/>
    </display>
   </slot>
   <slot name="costTXT" z="2" parent="costTXT">
    <display name="位图 1" type="image">
     <transform scX="1" x="-21.5" scY="1" y="-18.5" pX="0" pY="0" skX="0" skY="0"/>
    </display>
   </slot>
   <slot name="btnUpgradeMenuCase" z="3" parent="btnUpgradeMenuCase">
    <display name="case" type="image">
     <transform scX="1" x="0" scY="1" y="0" pX="25" pY="25" skX="0" skY="0"/>
    </display>
   </slot>
  </skin>
  <bone name="costTXT">
   <transform scX="1" x="1.5" skX="0" scY="1" y="16.5" skY="0"/>
  </bone>
  <bone name="btnUpgradeMenuLOCKCase">
   <transform scX="0.86" x="-1.7" skX="0" scY="0.99" y="0.05" skY="0"/>
  </bone>
  <bone name="Layer 1">
   <transform scX="1" x="0" skX="0" scY="1" y="0" skY="0"/>
  </bone>
  <bone name="btnUpgradeMenuCase">
   <transform scX="0.86" x="-1.7" skX="0" scY="0.99" y="0.05" skY="0"/>
  </bone>
  <animation name="btnUpgradeMenu" scale="1" loop="1" autoTween="NaN" fadeInTime="0.3" duration="6" tweenEasing="NaN">
   <timeline pX="0" name="Layer 1" pY="0" scale="1" offset="0">
    <frame z="0" duration="1">
     <transform scX="1" x="0" scY="1" y="0" pX="0" pY="0" skX="0" skY="0"/>
    </frame>
    <frame displayIndex="1" z="0" duration="1">
     <transform scX="1" x="0" scY="1" y="0" pX="0" pY="0" skX="0" skY="0"/>
    </frame>
    <frame displayIndex="2" z="0" duration="2">
     <transform scX="1" x="0" scY="1" y="0" pX="0" pY="0" skX="0" skY="0"/>
    </frame>
    <frame displayIndex="3" z="0" duration="1">
     <transform scX="1" x="0" scY="1" y="0" pX="0" pY="0" skX="0" skY="0"/>
    </frame>
    <frame displayIndex="3" z="0" duration="1">
     <transform scX="1" x="0" scY="1" y="0" pX="0" pY="0" skX="0" skY="0"/>
    </frame>
   </timeline>
   <timeline pX="0" name="btnUpgradeMenuLOCKCase" pY="0" scale="1" offset="0">
    <frame displayIndex="-1" duration="4"/>
    <frame z="0" duration="1">
     <transform scX="1" x="0" scY="1" y="0" pX="0" pY="0" skX="0" skY="0"/>
    </frame>
    <frame z="0" duration="1">
     <transform scX="1" x="0" scY="1" y="0" pX="0" pY="0" skX="0" skY="0"/>
    </frame>
   </timeline>
   <timeline pX="0" name="costTXT" pY="0" scale="1" offset="0">
    <frame z="0" duration="4">
     <transform scX="1" x="0" scY="1" y="0" pX="0" pY="0" skX="0" skY="0"/>
    </frame>
    <frame displayIndex="-1" duration="2"/>
   </timeline>
   <timeline pX="0" name="btnUpgradeMenuCase" pY="0" scale="1" offset="0">
    <frame z="0" duration="3">
     <transform scX="1" x="0" scY="1" y="0" pX="0" pY="0" skX="0" skY="0"/>
    </frame>
    <frame z="0" duration="1">
     <transform scX="1" x="0" scY="1" y="0" pX="0" pY="0" skX="0" skY="0"/>
    </frame>
    <frame z="0" duration="1">
     <transform scX="1" x="0" scY="1" y="0" pX="0" pY="0" skX="0" skY="0"/>
    </frame>
    <frame displayIndex="-1" duration="1"/>
   </timeline>
   <frame duration="5"/>
   <frame duration="1"/>
  </animation>
 </armature>
 <armature name="sphereSlot">
  <skin name="default">
   <slot name="bg" z="0" parent="bg">
    <display name="Shape/shape 11144" type="image">
     <transform scX="1" x="0" scY="1" y="0" pX="22.25" pY="21.8" skX="0" skY="0"/>
    </display>
    <display name="Shape/shape 11174" type="image">
     <transform scX="1" x="0" scY="1" y="0" pX="22.25" pY="21.8" skX="0" skY="0"/>
    </display>
    <display name="Shape/shape 11176" type="image">
     <transform scX="1" x="0" scY="1" y="0" pX="22.25" pY="21.8" skX="0" skY="0"/>
    </display>
    <display name="Shape/shape 11178" type="image">
     <transform scX="1" x="0" scY="1" y="0" pX="22.25" pY="21.8" skX="0" skY="0"/>
    </display>
    <display name="Shape/shape 11180" type="image">
     <transform scX="1" x="0" scY="1" y="0" pX="22.25" pY="21.8" skX="0" skY="0"/>
    </display>
   </slot>
   <slot name="sphereAnima" z="1" parent="sphereAnima">
    <display name="case" type="image">
     <transform scX="1" x="0" scY="1" y="0" pX="25" pY="25" skX="0" skY="0"/>
    </display>
   </slot>
   <slot name="sphereSlotCase" z="2" parent="sphereSlotCase">
    <display name="case" type="image">
     <transform scX="1" x="0" scY="1" y="0" pX="25" pY="25" skX="0" skY="0"/>
    </display>
   </slot>
  </skin>
  <bone name="bg">
   <transform scX="1" x="0" skX="0" scY="1" y="0" skY="0"/>
  </bone>
  <bone name="sphereAnima">
   <transform scX="1" x="-0.7" skX="0" scY="1" y="-0.7" skY="0"/>
  </bone>
  <bone name="sphereSlotCase">
   <transform scX="0.81" x="-0.6" skX="0" scY="0.81" y="-0.6" skY="0"/>
  </bone>
  <animation name="sphereSlot" scale="1" loop="1" autoTween="NaN" fadeInTime="0.3" duration="6" tweenEasing="NaN">
   <timeline pX="0" name="bg" pY="0" scale="1" offset="0">
    <frame z="0" duration="1">
     <transform scX="1" x="0" scY="1" y="0" pX="0" pY="0" skX="0" skY="0"/>
    </frame>
    <frame displayIndex="1" z="0" duration="1">
     <transform scX="1" x="0" scY="1" y="0" pX="0" pY="0" skX="0" skY="0"/>
    </frame>
    <frame displayIndex="2" z="0" duration="1">
     <transform scX="1" x="0" scY="1" y="0" pX="0" pY="0" skX="0" skY="0"/>
    </frame>
    <frame displayIndex="3" z="0" duration="1">
     <transform scX="1" x="0" scY="1" y="0" pX="0" pY="0" skX="0" skY="0"/>
    </frame>
    <frame displayIndex="4" z="0" duration="1">
     <transform scX="1" x="0" scY="1" y="0" pX="0" pY="0" skX="0" skY="0"/>
    </frame>
    <frame displayIndex="4" z="0" duration="1">
     <transform scX="1" x="0" scY="1" y="0" pX="0" pY="0" skX="0" skY="0"/>
    </frame>
   </timeline>
   <timeline pX="0" name="sphereAnima" pY="0" scale="1" offset="0">
    <frame z="0" duration="5">
     <transform scX="1" x="0" scY="1" y="0" pX="0" pY="0" skX="0" skY="0"/>
    </frame>
    <frame z="0" duration="1">
     <transform scX="1" x="0" scY="1" y="0" pX="0" pY="0" skX="0" skY="0"/>
    </frame>
   </timeline>
   <timeline pX="0" name="sphereSlotCase" pY="0" scale="1" offset="0">
    <frame z="0" duration="5">
     <transform scX="1" x="0" scY="1" y="0" pX="0" pY="0" skX="0" skY="0"/>
    </frame>
    <frame z="0" duration="1">
     <transform scX="1" x="0" scY="1" y="0" pX="0" pY="0" skX="0" skY="0"/>
    </frame>
   </timeline>
   <frame duration="5"/>
   <frame duration="1"/>
  </animation>
 </armature>
 <armature name="sellUltraTower">
  <skin name="default">
   <slot name="Layer 2" z="0" parent="Layer 2">
    <display name="位图 4" type="image">
     <transform scX="1" x="-26" scY="1" y="-15" pX="0" pY="0" skX="0" skY="0"/>
    </display>
    <display name="位图 5" type="image">
     <transform scX="1" x="-26" scY="1" y="-15" pX="0" pY="0" skX="0" skY="0"/>
    </display>
    <display name="位图 6" type="image">
     <transform scX="1" x="-26" scY="1" y="-15" pX="0" pY="0" skX="0" skY="0"/>
    </display>
   </slot>
   <slot name="sellUltraTowerCase" z="1" parent="sellUltraTowerCase">
    <display name="case" type="image">
     <transform scX="1" x="0" scY="1" y="0" pX="25" pY="25" skX="0" skY="0"/>
    </display>
   </slot>
  </skin>
  <bone name="Layer 2">
   <transform scX="1" x="0" skX="0" scY="1" y="0" skY="0"/>
  </bone>
  <bone name="sellUltraTowerCase">
   <transform scX="0.99" x="0" skX="0" scY="0.6" y="0" skY="0"/>
  </bone>
  <animation name="sellUltraTower" scale="1" loop="1" autoTween="NaN" fadeInTime="0.3" duration="4" tweenEasing="NaN">
   <timeline pX="0" name="Layer 2" pY="0" scale="1" offset="0">
    <frame z="0" duration="1">
     <transform scX="1" x="0" scY="1" y="0" pX="0" pY="0" skX="0" skY="0"/>
    </frame>
    <frame displayIndex="1" z="0" duration="1">
     <transform scX="1" x="0" scY="1" y="0" pX="0" pY="0" skX="0" skY="0"/>
    </frame>
    <frame displayIndex="2" z="0" duration="2">
     <transform scX="1" x="0" scY="1" y="0" pX="0" pY="0" skX="0" skY="0"/>
    </frame>
   </timeline>
   <timeline pX="0" name="sellUltraTowerCase" pY="0" scale="1" offset="0">
    <frame z="0" duration="3">
     <transform scX="1" x="0" scY="1" y="0" pX="0" pY="0" skX="0" skY="0"/>
    </frame>
    <frame z="0" duration="1">
     <transform scX="1" x="0" scY="1" y="0" pX="0" pY="0" skX="0" skY="0"/>
    </frame>
   </timeline>
   <frame duration="3"/>
   <frame duration="1"/>
  </animation>
 </armature>
 <armature name="fastBuyUltraCont">
  <skin name="default">
   <slot name="indicator2" z="0" parent="indicator2">
    <display name="indicator" type="armature">
     <transform scX="1" x="0" skX="0" scY="1" y="0" skY="0"/>
    </display>
   </slot>
   <slot name="indicator3" z="1" parent="indicator3">
    <display name="indicator" type="armature">
     <transform scX="1" x="0" skX="0" scY="1" y="0" skY="0"/>
    </display>
   </slot>
   <slot name="indicator4" z="2" parent="indicator4">
    <display name="indicator" type="armature">
     <transform scX="1" x="0" skX="0" scY="1" y="0" skY="0"/>
    </display>
   </slot>
   <slot name="indicator1" z="3" parent="indicator1">
    <display name="indicator" type="armature">
     <transform scX="1" x="0" skX="0" scY="1" y="0" skY="0"/>
    </display>
   </slot>
   <slot name="btnFastBuyUltra" z="4" parent="btnFastBuyUltra">
    <display name="btnFastBuyUltra" type="armature">
     <transform scX="1" x="0" skX="0" scY="1" y="0" skY="0"/>
    </display>
   </slot>
  </skin>
  <bone name="indicator4">
   <transform scX="0.4" x="54" skX="0" scY="0.4" y="-16" skY="0"/>
  </bone>
  <bone name="indicator3">
   <transform scX="0.4" x="26" skX="0" scY="0.4" y="24" skY="0"/>
  </bone>
  <bone name="indicator2">
   <transform scX="0.4" x="-26" skX="0" scY="0.4" y="24" skY="0"/>
  </bone>
  <bone name="indicator1">
   <transform scX="0.4" x="-54" skX="0" scY="0.4" y="-16" skY="0"/>
  </bone>
  <bone name="btnFastBuyUltra">
   <transform scX="0.47" x="0" skX="0" scY="0.47" y="-11.5" skY="0"/>
  </bone>
  <animation name="fastBuyUltraCont" scale="1" loop="1" autoTween="NaN" fadeInTime="0.3" duration="6" tweenEasing="NaN">
   <timeline pX="0" name="indicator2" pY="0" scale="1" offset="0">
    <frame z="0" duration="2" tweenEasing="0">
     <transform scX="1" x="0" scY="1" y="0" pX="0" pY="0" skX="0" skY="0"/>
    </frame>
    <frame z="0" duration="1" tweenEasing="0">
     <transform scX="2.7" x="0" scY="2.7" y="0" pX="0" pY="0" skX="0" skY="0"/>
    </frame>
    <frame z="0" duration="1" tweenEasing="0">
     <transform scX="2.6" x="-0.05000000000000071" scY="2.6" y="0" pX="0" pY="0" skX="0" skY="0"/>
    </frame>
    <frame z="0" duration="1">
     <transform scX="2.5" x="0" scY="2.5" y="0" pX="0" pY="0" skX="0" skY="0"/>
    </frame>
    <frame z="0" duration="1">
     <transform scX="2.5" x="0" scY="2.5" y="0" pX="0" pY="0" skX="0" skY="0"/>
    </frame>
   </timeline>
   <timeline pX="0" name="indicator3" pY="0" scale="1" offset="0">
    <frame z="0" duration="2" tweenEasing="0">
     <transform scX="1" x="0" scY="1" y="0" pX="0" pY="0" skX="0" skY="0"/>
    </frame>
    <frame z="0" duration="1" tweenEasing="0">
     <transform scX="2.7" x="0" scY="2.7" y="0" pX="0" pY="0" skX="0" skY="0"/>
    </frame>
    <frame z="0" duration="1" tweenEasing="0">
     <transform scX="2.6" x="0.05000000000000071" scY="2.6" y="0" pX="0" pY="0" skX="0" skY="0"/>
    </frame>
    <frame z="0" duration="1">
     <transform scX="2.5" x="0" scY="2.5" y="0" pX="0" pY="0" skX="0" skY="0"/>
    </frame>
    <frame z="0" duration="1">
     <transform scX="2.5" x="0" scY="2.5" y="0" pX="0" pY="0" skX="0" skY="0"/>
    </frame>
   </timeline>
   <timeline pX="0" name="indicator4" pY="0" scale="1" offset="0">
    <frame z="0" duration="2" tweenEasing="0">
     <transform scX="1" x="0" scY="1" y="0" pX="0" pY="0" skX="0" skY="0"/>
    </frame>
    <frame z="0" duration="2" tweenEasing="0">
     <transform scX="2.7" x="0" scY="2.7" y="0" pX="0" pY="0" skX="0" skY="0"/>
    </frame>
    <frame z="0" duration="1">
     <transform scX="2.5" x="0" scY="2.5" y="0" pX="0" pY="0" skX="0" skY="0"/>
    </frame>
    <frame z="0" duration="1">
     <transform scX="2.5" x="0" scY="2.5" y="0" pX="0" pY="0" skX="0" skY="0"/>
    </frame>
   </timeline>
   <timeline pX="0" name="indicator1" pY="0" scale="1" offset="0">
    <frame z="0" duration="2" tweenEasing="0">
     <transform scX="1" x="0" scY="1" y="0" pX="0" pY="0" skX="0" skY="0"/>
    </frame>
    <frame z="0" duration="2" tweenEasing="0">
     <transform scX="2.7" x="0" scY="2.7" y="0" pX="0" pY="0" skX="0" skY="0"/>
    </frame>
    <frame z="0" duration="1">
     <transform scX="2.5" x="0" scY="2.5" y="0" pX="0" pY="0" skX="0" skY="0"/>
    </frame>
    <frame z="0" duration="1">
     <transform scX="2.5" x="0" scY="2.5" y="0" pX="0" pY="0" skX="0" skY="0"/>
    </frame>
   </timeline>
   <timeline pX="0" name="btnFastBuyUltra" pY="0" scale="1" offset="0">
    <frame z="0" duration="2" tweenEasing="0">
     <transform scX="1" x="0" scY="1" y="0" pX="0" pY="0" skX="0" skY="0"/>
    </frame>
    <frame z="0" duration="2" tweenEasing="0">
     <transform scX="2.297872340425532" x="0" scY="2.297872340425532" y="0" pX="0" pY="0" skX="0" skY="0"/>
    </frame>
    <frame z="0" duration="1">
     <transform scX="2.127659574468085" x="0" scY="2.127659574468085" y="0.5" pX="0" pY="0" skX="0" skY="0"/>
    </frame>
    <frame z="0" duration="1">
     <transform scX="2.127659574468085" x="0" scY="2.127659574468085" y="0.5" pX="0" pY="0" skX="0" skY="0"/>
    </frame>
   </timeline>
   <frame duration="5"/>
   <frame duration="1"/>
  </animation>
 </armature>
 <armature name="indicator">
  <skin name="default">
   <slot name="Layer 1" z="0" parent="Layer 1">
    <display name="Shape/shape 11193" type="image">
     <transform scX="1" x="0" scY="1" y="0" pX="11" pY="9" skX="0" skY="0"/>
    </display>
    <display name="Shape/shape 11195" type="image">
     <transform scX="1" x="0" scY="1" y="0" pX="11" pY="9" skX="0" skY="0"/>
    </display>
    <display name="Shape/shape 11196" type="image">
     <transform scX="1" x="0" scY="1" y="0" pX="9" pY="8.75" skX="0" skY="0"/>
    </display>
   </slot>
  </skin>
  <bone name="Layer 1">
   <transform scX="1" x="0" skX="0" scY="1" y="0" skY="0"/>
  </bone>
  <animation fadeInTime="0" scale="1" loop="1" autoTween="NaN" name="unnamed" duration="4" tweenEasing="NaN">
   <timeline pX="0" name="Layer 1" pY="0" scale="1" offset="0">
    <frame z="0" duration="1">
     <transform scX="1" x="0" scY="1" y="0" pX="0" pY="0" skX="0" skY="0"/>
    </frame>
    <frame displayIndex="1" z="0" duration="1">
     <transform scX="1" x="0" scY="1" y="0" pX="0" pY="0" skX="0" skY="0"/>
    </frame>
    <frame displayIndex="2" z="0" duration="1">
     <transform scX="1" x="0" scY="1" y="0" pX="0" pY="0" skX="0" skY="0"/>
    </frame>
    <frame displayIndex="2" z="0" duration="1">
     <transform scX="1" x="0" scY="1" y="0" pX="0" pY="0" skX="0" skY="0"/>
    </frame>
   </timeline>
  </animation>
 </armature>
 <armature name="btnFastBuyUltra">
  <skin name="default">
   <slot name="bg" z="0" parent="bg">
    <display name="Shape/shape 11199" type="image">
     <transform scX="1" x="0" scY="1" y="0" pX="22" pY="21" skX="0" skY="0"/>
    </display>
   </slot>
   <slot name="labelTXT" z="1" parent="labelTXT">
    <display name="元件 1" type="image">
     <transform scX="1" x="-24.45" scY="1" y="-22" pX="3.1" pY="0" skX="0" skY="0"/>
    </display>
    <display name="元件 2" type="image">
     <transform scX="1" x="-26.9" scY="1" y="-24.2" pX="3.35" pY="0" skX="0" skY="0"/>
    </display>
    <display name="元件 3" type="image">
     <transform scX="1" x="-24.45" scY="1" y="-22" pX="3.05" pY="0" skX="0" skY="0"/>
    </display>
    <display name="元件 4" type="image">
     <transform scX="1" x="-24.45" scY="1" y="-22" pX="3.05" pY="0" skX="0" skY="0"/>
    </display>
   </slot>
   <slot name="costTXT" z="2" parent="costTXT">
    <display name="位图 3" type="image">
     <transform scX="1" x="-24.5" scY="1" y="-23.5" pX="0" pY="0" skX="0" skY="0"/>
    </display>
   </slot>
   <slot name="fastBuyUltraCase" z="3" parent="fastBuyUltraCase">
    <display name="case" type="image">
     <transform scX="1" x="0" scY="1" y="0" pX="25" pY="25" skX="0" skY="0"/>
    </display>
   </slot>
  </skin>
  <bone name="costTXT">
   <transform scX="1" x="3.15" skX="0" scY="1" y="2.85" skY="0"/>
  </bone>
  <bone name="labelTXT">
   <transform scX="1" x="0" skX="0" scY="1" y="0" skY="0"/>
  </bone>
  <bone name="bg">
   <transform scX="1" x="0" skX="0" scY="1" y="0" skY="0"/>
  </bone>
  <bone name="fastBuyUltraCase">
   <transform scX="0.83" x="-0.15" skX="0" scY="0.83" y="-0.55" skY="0"/>
  </bone>
  <animation name="btnFastBuyUltra" scale="1" loop="1" autoTween="NaN" fadeInTime="0.3" duration="5" tweenEasing="NaN">
   <timeline pX="0" name="bg" pY="0" scale="1" offset="0">
    <frame z="0" duration="4">
     <transform scX="1" x="0" scY="1" y="0" pX="0" pY="0" skX="0" skY="0"/>
    </frame>
    <frame z="0" duration="1">
     <transform scX="1" x="0" scY="1" y="0" pX="0" pY="0" skX="0" skY="0"/>
    </frame>
   </timeline>
   <timeline pX="0" name="labelTXT" pY="0" scale="1" offset="0">
    <frame z="0" duration="1">
     <transform scX="1" x="0" scY="1" y="0" pX="0" pY="0" skX="0" skY="0"/>
    </frame>
    <frame displayIndex="1" z="0" duration="1">
     <transform scX="1" x="3.4" scY="1" y="1.2" pX="0" pY="0" skX="0" skY="0"/>
    </frame>
    <frame displayIndex="2" z="0" duration="1">
     <transform scX="1" x="3.35" scY="1" y="1" pX="0" pY="0" skX="0" skY="0"/>
    </frame>
    <frame displayIndex="3" z="0" duration="1">
     <transform scX="1" x="3.35" scY="1" y="1" pX="0" pY="0" skX="0" skY="0"/>
    </frame>
    <frame displayIndex="3" z="0" duration="1">
     <transform scX="1" x="3.35" scY="1" y="1" pX="0" pY="0" skX="0" skY="0"/>
    </frame>
   </timeline>
   <timeline pX="0" name="costTXT" pY="0" scale="1" offset="0">
    <frame z="0" duration="5">
     <transform scX="1" x="0" scY="1" y="0" pX="0" pY="0" skX="0" skY="0"/>
    </frame>
   </timeline>
   <timeline pX="0" name="fastBuyUltraCase" pY="0" scale="1" offset="0">
    <frame z="0" duration="4">
     <transform scX="1" x="0" scY="1" y="0" pX="0" pY="0" skX="0" skY="0"/>
    </frame>
    <frame z="0" duration="1">
     <transform scX="1" x="0" scY="1" y="0" pX="0" pY="0" skX="0" skY="0"/>
    </frame>
   </timeline>
   <frame duration="4"/>
   <frame duration="1"/>
  </animation>
 </armature>
</root>