<root name="UltraTowerMenu_mc" isGlobal="0" frameRate="30" version="3.0">
 <armature name="UltraTowerMenu_mc">
  <skin name="default">
   <slot name="Layer 1" z="0" parent="Layer 1">
    <display name="Shape/shape 10975" type="image">
     <transform x="0" pX="56.25" pY="56.25" skX="0" skY="0" scX="1" y="0" scY="1"/>
    </display>
   </slot>
   <slot name="cont1" z="1" parent="cont1">
    <display name="cont1" type="armature">
     <transform scY="1" skY="0" x="0" scX="1" skX="0" y="0"/>
    </display>
   </slot>
   <slot name="Layer 4" z="2" parent="Layer 4">
    <display name="Shape/shape 11079" type="image">
     <transform x="0" pX="69" pY="49" skX="0" skY="0" scX="1" y="0" scY="1"/>
    </display>
   </slot>
   <slot name="btnUpgradeMenu" z="3" parent="btnUpgradeMenu">
    <display name="btnUpgradeMenu" type="armature">
     <transform scY="1" skY="0" x="0" scX="1" skX="0" y="0"/>
    </display>
   </slot>
   <slot name="sphereSlot1" z="4" parent="sphereSlot1">
    <display name="sphereSlot" type="armature">
     <transform scY="1" skY="0" x="0" scX="1" skX="0" y="0"/>
    </display>
   </slot>
   <slot name="sphereSlot2" z="5" parent="sphereSlot2">
    <display name="sphereSlot" type="armature">
     <transform scY="1" skY="0" x="0" scX="1" skX="0" y="0"/>
    </display>
   </slot>
   <slot name="sellUltraTower" z="6" parent="sellUltraTower">
    <display name="sellUltraTower" type="armature">
     <transform scY="1" skY="0" x="0" scX="1" skX="0" y="0"/>
    </display>
   </slot>
   <slot name="fastBuyUltraCont" z="7" parent="fastBuyUltraCont">
    <display name="fastBuyUltraCont" type="armature">
     <transform scY="1" skY="0" x="0" scX="1" skX="0" y="0"/>
    </display>
   </slot>
  </skin>
  <bone name="sphereSlot1">
   <transform y="10" skY="0" x="-53" scX="1" skX="0" scY="1"/>
  </bone>
  <bone name="cont1">
   <transform y="-2" skY="0" x="2" scX="1" skX="0" scY="1"/>
  </bone>
  <bone name="Layer 4">
   <transform y="20" skY="0" x="0" scX="1" skX="0" scY="1"/>
  </bone>
  <bone name="btnUpgradeMenu">
   <transform y="-54" skY="0" x="2" scX="1" skX="0" scY="1"/>
  </bone>
  <bone name="Layer 1">
   <transform y="0" skY="0" x="0" scX="1" skX="0" scY="1"/>
  </bone>
  <bone name="sphereSlot2">
   <transform y="10" skY="0" x="54" scX="1" skX="0" scY="1"/>
  </bone>
  <bone name="sellUltraTower">
   <transform y="56" skY="0" x="0" scX="1" skX="0" scY="1"/>
  </bone>
  <bone name="fastBuyUltraCont">
   <transform y="4" skY="0" x="0" scX="1" skX="0" scY="1"/>
  </bone>
  <animation name="UltraTowerMenu_mc" scale="1" loop="1" duration="1" autoTween="NaN" fadeInTime="0.3" tweenEasing="NaN">
   <timeline name="Layer 1" scale="1" pX="0" pY="0" offset="0">
    <frame z="0" duration="1">
     <transform x="0" pX="0" pY="0" skX="0" skY="0" scX="1" y="0" scY="1"/>
    </frame>
   </timeline>
   <timeline name="cont1" scale="1" pX="0" pY="0" offset="0">
    <frame z="0" duration="1">
     <transform x="0" pX="0" pY="0" skX="0" skY="0" scX="1" y="0" scY="1"/>
    </frame>
   </timeline>
   <timeline name="Layer 4" scale="1" pX="0" pY="0" offset="0">
    <frame z="0" duration="1">
     <transform x="0" pX="0" pY="0" skX="0" skY="0" scX="1" y="0" scY="1"/>
    </frame>
   </timeline>
   <timeline name="btnUpgradeMenu" scale="1" pX="0" pY="0" offset="0">
    <frame z="0" duration="1">
     <transform x="0" pX="0" pY="0" skX="0" skY="0" scX="1" y="0" scY="1"/>
    </frame>
   </timeline>
   <timeline name="sphereSlot1" scale="1" pX="0" pY="0" offset="0">
    <frame z="0" duration="1">
     <transform x="0" pX="0" pY="0" skX="0" skY="0" scX="1" y="0" scY="1"/>
    </frame>
   </timeline>
   <timeline name="sphereSlot2" scale="1" pX="0" pY="0" offset="0">
    <frame z="0" duration="1">
     <transform x="0" pX="0" pY="0" skX="0" skY="0" scX="1" y="0" scY="1"/>
    </frame>
   </timeline>
   <timeline name="sellUltraTower" scale="1" pX="0" pY="0" offset="0">
    <frame z="0" duration="1">
     <transform x="0" pX="0" pY="0" skX="0" skY="0" scX="1" y="0" scY="1"/>
    </frame>
   </timeline>
   <timeline name="fastBuyUltraCont" scale="1" pX="0" pY="0" offset="0">
    <frame z="0" duration="1">
     <transform x="0" pX="0" pY="0" skX="0" skY="0" scX="1" y="0" scY="1"/>
    </frame>
   </timeline>
  </animation>
 </armature>
 <armature name="cont1">
  <skin name="default">
   <slot name="b" z="0" parent="b">
    <display name="Shape/shape 10977" type="image">
     <transform x="0" pX="67" pY="64" skX="0" skY="0" scX="1" y="0" scY="1"/>
    </display>
    <display name="Shape/shape 10979" type="image">
     <transform x="0" pX="67" pY="64" skX="0" skY="0" scX="1" y="0" scY="1"/>
    </display>
    <display name="Shape/shape 10981" type="image">
     <transform x="0" pX="67" pY="64" skX="0" skY="0" scX="1" y="0" scY="1"/>
    </display>
    <display name="Shape/shape 10983" type="image">
     <transform x="0" pX="67" pY="64" skX="0" skY="0" scX="1" y="0" scY="1"/>
    </display>
    <display name="Shape/shape 10985" type="image">
     <transform x="0" pX="67" pY="64" skX="0" skY="0" scX="1" y="0" scY="1"/>
    </display>
    <display name="Shape/shape 10987" type="image">
     <transform x="0" pX="67" pY="64" skX="0" skY="0" scX="1" y="0" scY="1"/>
    </display>
    <display name="Shape/shape 10989" type="image">
     <transform x="0" pX="67" pY="64" skX="0" skY="0" scX="1" y="0" scY="1"/>
    </display>
    <display name="Shape/shape 10991" type="image">
     <transform x="0" pX="67" pY="64" skX="0" skY="0" scX="1" y="0" scY="1"/>
    </display>
    <display name="Shape/shape 10993" type="image">
     <transform x="0" pX="67" pY="64" skX="0" skY="0" scX="1" y="0" scY="1"/>
    </display>
    <display name="Shape/shape 10995" type="image">
     <transform x="0" pX="67" pY="64" skX="0" skY="0" scX="1" y="0" scY="1"/>
    </display>
    <display name="Shape/shape 10997" type="image">
     <transform x="0" pX="67" pY="64" skX="0" skY="0" scX="1" y="0" scY="1"/>
    </display>
    <display name="Shape/shape 10999" type="image">
     <transform x="0" pX="67" pY="64" skX="0" skY="0" scX="1" y="0" scY="1"/>
    </display>
    <display name="Shape/shape 11001" type="image">
     <transform x="0" pX="67" pY="64" skX="0" skY="0" scX="1" y="0" scY="1"/>
    </display>
    <display name="Shape/shape 11003" type="image">
     <transform x="0" pX="67" pY="64" skX="0" skY="0" scX="1" y="0" scY="1"/>
    </display>
    <display name="Shape/shape 11005" type="image">
     <transform x="0" pX="67" pY="64" skX="0" skY="0" scX="1" y="0" scY="1"/>
    </display>
    <display name="Shape/shape 11007" type="image">
     <transform x="0" pX="67" pY="64" skX="0" skY="0" scX="1" y="0" scY="1"/>
    </display>
    <display name="Shape/shape 11009" type="image">
     <transform x="0" pX="67" pY="64" skX="0" skY="0" scX="1" y="0" scY="1"/>
    </display>
    <display name="Shape/shape 11011" type="image">
     <transform x="0" pX="67" pY="64" skX="0" skY="0" scX="1" y="0" scY="1"/>
    </display>
    <display name="Shape/shape 11013" type="image">
     <transform x="0" pX="67" pY="64" skX="0" skY="0" scX="1" y="0" scY="1"/>
    </display>
    <display name="Shape/shape 11015" type="image">
     <transform x="0" pX="67" pY="64" skX="0" skY="0" scX="1" y="0" scY="1"/>
    </display>
    <display name="Shape/shape 11017" type="image">
     <transform x="0" pX="67" pY="64" skX="0" skY="0" scX="1" y="0" scY="1"/>
    </display>
    <display name="Shape/shape 11019" type="image">
     <transform x="0" pX="67" pY="64" skX="0" skY="0" scX="1" y="0" scY="1"/>
    </display>
    <display name="Shape/shape 11021" type="image">
     <transform x="0" pX="67" pY="64" skX="0" skY="0" scX="1" y="0" scY="1"/>
    </display>
    <display name="Shape/shape 11023" type="image">
     <transform x="0" pX="67" pY="64" skX="0" skY="0" scX="1" y="0" scY="1"/>
    </display>
    <display name="Shape/shape 11025" type="image">
     <transform x="0" pX="67" pY="64" skX="0" skY="0" scX="1" y="0" scY="1"/>
    </display>
    <display name="Shape/shape 11027" type="image">
     <transform x="0" pX="67" pY="64" skX="0" skY="0" scX="1" y="0" scY="1"/>
    </display>
    <display name="Shape/shape 11029" type="image">
     <transform x="0" pX="67" pY="64" skX="0" skY="0" scX="1" y="0" scY="1"/>
    </display>
    <display name="Shape/shape 11031" type="image">
     <transform x="0" pX="67" pY="64" skX="0" skY="0" scX="1" y="0" scY="1"/>
    </display>
    <display name="Shape/shape 11033" type="image">
     <transform x="0" pX="67" pY="64" skX="0" skY="0" scX="1" y="0" scY="1"/>
    </display>
    <display name="Shape/shape 11035" type="image">
     <transform x="0" pX="67" pY="64" skX="0" skY="0" scX="1" y="0" scY="1"/>
    </display>
   </slot>
  </skin>
  <bone name="b">
   <transform y="0" skY="0" x="0" scX="1" skX="0" scY="1"/>
  </bone>
  <animation name="cont1" scale="1" loop="1" fadeInTime="0.3" autoTween="NaN" duration="61" tweenEasing="NaN">
   <timeline name="b" scale="1" pX="0" pY="0" offset="0">
    <frame z="0" duration="2">
     <transform x="0" pX="0" pY="0" skX="0" skY="0" scX="1" y="0" scY="1"/>
    </frame>
    <frame displayIndex="1" z="0" duration="2">
     <transform x="0" pX="0" pY="0" skX="0" skY="0" scX="1" y="0" scY="1"/>
    </frame>
    <frame displayIndex="2" z="0" duration="2">
     <transform x="0" pX="0" pY="0" skX="0" skY="0" scX="1" y="0" scY="1"/>
    </frame>
    <frame displayIndex="3" z="0" duration="2">
     <transform x="0" pX="0" pY="0" skX="0" skY="0" scX="1" y="0" scY="1"/>
    </frame>
    <frame displayIndex="4" z="0" duration="2">
     <transform x="0" pX="0" pY="0" skX="0" skY="0" scX="1" y="0" scY="1"/>
    </frame>
    <frame displayIndex="5" z="0" duration="2">
     <transform x="0" pX="0" pY="0" skX="0" skY="0" scX="1" y="0" scY="1"/>
    </frame>
    <frame displayIndex="6" z="0" duration="2">
     <transform x="0" pX="0" pY="0" skX="0" skY="0" scX="1" y="0" scY="1"/>
    </frame>
    <frame displayIndex="7" z="0" duration="2">
     <transform x="0" pX="0" pY="0" skX="0" skY="0" scX="1" y="0" scY="1"/>
    </frame>
    <frame displayIndex="8" z="0" duration="2">
     <transform x="0" pX="0" pY="0" skX="0" skY="0" scX="1" y="0" scY="1"/>
    </frame>
    <frame displayIndex="9" z="0" duration="2">
     <transform x="0" pX="0" pY="0" skX="0" skY="0" scX="1" y="0" scY="1"/>
    </frame>
    <frame displayIndex="10" z="0" duration="2">
     <transform x="0" pX="0" pY="0" skX="0" skY="0" scX="1" y="0" scY="1"/>
    </frame>
    <frame displayIndex="11" z="0" duration="2">
     <transform x="0" pX="0" pY="0" skX="0" skY="0" scX="1" y="0" scY="1"/>
    </frame>
    <frame displayIndex="12" z="0" duration="2">
     <transform x="0" pX="0" pY="0" skX="0" skY="0" scX="1" y="0" scY="1"/>
    </frame>
    <frame displayIndex="13" z="0" duration="2">
     <transform x="0" pX="0" pY="0" skX="0" skY="0" scX="1" y="0" scY="1"/>
    </frame>
    <frame displayIndex="14" z="0" duration="2">
     <transform x="0" pX="0" pY="0" skX="0" skY="0" scX="1" y="0" scY="1"/>
    </frame>
    <frame displayIndex="15" z="0" duration="2">
     <transform x="0" pX="0" pY="0" skX="0" skY="0" scX="1" y="0" scY="1"/>
    </frame>
    <frame displayIndex="16" z="0" duration="2">
     <transform x="0" pX="0" pY="0" skX="0" skY="0" scX="1" y="0" scY="1"/>
    </frame>
    <frame displayIndex="17" z="0" duration="2">
     <transform x="0" pX="0" pY="0" skX="0" skY="0" scX="1" y="0" scY="1"/>
    </frame>
    <frame displayIndex="18" z="0" duration="2">
     <transform x="0" pX="0" pY="0" skX="0" skY="0" scX="1" y="0" scY="1"/>
    </frame>
    <frame displayIndex="19" z="0" duration="2">
     <transform x="0" pX="0" pY="0" skX="0" skY="0" scX="1" y="0" scY="1"/>
    </frame>
    <frame displayIndex="20" z="0" duration="2">
     <transform x="0" pX="0" pY="0" skX="0" skY="0" scX="1" y="0" scY="1"/>
    </frame>
    <frame displayIndex="21" z="0" duration="2">
     <transform x="0" pX="0" pY="0" skX="0" skY="0" scX="1" y="0" scY="1"/>
    </frame>
    <frame displayIndex="22" z="0" duration="2">
     <transform x="0" pX="0" pY="0" skX="0" skY="0" scX="1" y="0" scY="1"/>
    </frame>
    <frame displayIndex="23" z="0" duration="2">
     <transform x="0" pX="0" pY="0" skX="0" skY="0" scX="1" y="0" scY="1"/>
    </frame>
    <frame displayIndex="24" z="0" duration="2">
     <transform x="0" pX="0" pY="0" skX="0" skY="0" scX="1" y="0" scY="1"/>
    </frame>
    <frame displayIndex="25" z="0" duration="2">
     <transform x="0" pX="0" pY="0" skX="0" skY="0" scX="1" y="0" scY="1"/>
    </frame>
    <frame displayIndex="26" z="0" duration="2">
     <transform x="0" pX="0" pY="0" skX="0" skY="0" scX="1" y="0" scY="1"/>
    </frame>
    <frame displayIndex="27" z="0" duration="2">
     <transform x="0" pX="0" pY="0" skX="0" skY="0" scX="1" y="0" scY="1"/>
    </frame>
    <frame displayIndex="28" z="0" duration="2">
     <transform x="0" pX="0" pY="0" skX="0" skY="0" scX="1" y="0" scY="1"/>
    </frame>
    <frame displayIndex="29" z="0" duration="2">
     <transform x="0" pX="0" pY="0" skX="0" skY="0" scX="1" y="0" scY="1"/>
    </frame>
    <frame displayIndex="29" z="0" duration="1">
     <transform x="0" pX="0" pY="0" skX="0" skY="0" scX="1" y="0" scY="1"/>
    </frame>
   </timeline>
   <frame duration="60"/>
   <frame duration="1"/>
  </animation>
 </armature>
 <armature name="btnUpgradeMenu">
  <skin name="default">
   <slot name="Layer 1" z="0" parent="Layer 1">
    <display name="Shape/shape 11183" type="image">
     <transform x="0" pX="25" pY="26" skX="0" skY="0" scX="1" y="0" scY="1"/>
    </display>
    <display name="Shape/shape 11186" type="image">
     <transform x="0" pX="25" pY="26" skX="0" skY="0" scX="1" y="0" scY="1"/>
    </display>
    <display name="Shape/shape 11188" type="image">
     <transform x="0" pX="25" pY="26" skX="0" skY="0" scX="1" y="0" scY="1"/>
    </display>
    <display name="Shape/shape 11190" type="image">
     <transform x="0" pX="25" pY="26" skX="0" skY="0" scX="1" y="0" scY="1"/>
    </display>
   </slot>
   <slot name="btnUpgradeMenuLOCKCase" z="1" parent="btnUpgradeMenuLOCKCase">
    <display name="case" type="image">
     <transform x="0" pX="25" pY="25" skX="0" skY="0" scX="1" y="0" scY="1"/>
    </display>
   </slot>
   <slot name="costTXT" z="2" parent="costTXT">
    <display name="位图 1" type="image">
     <transform x="-21.5" pX="0" pY="0" skX="0" skY="0" scX="1" y="-18.5" scY="1"/>
    </display>
   </slot>
   <slot name="btnUpgradeMenuCase" z="3" parent="btnUpgradeMenuCase">
    <display name="case" type="image">
     <transform x="0" pX="25" pY="25" skX="0" skY="0" scX="1" y="0" scY="1"/>
    </display>
   </slot>
  </skin>
  <bone name="costTXT">
   <transform y="16.5" skY="0" x="1.5" scX="1" skX="0" scY="1"/>
  </bone>
  <bone name="btnUpgradeMenuLOCKCase">
   <transform y="0.05" skY="0" x="-1.7" scX="0.86" skX="0" scY="0.99"/>
  </bone>
  <bone name="Layer 1">
   <transform y="0" skY="0" x="0" scX="1" skX="0" scY="1"/>
  </bone>
  <bone name="btnUpgradeMenuCase">
   <transform y="0.05" skY="0" x="-1.7" scX="0.86" skX="0" scY="0.99"/>
  </bone>
  <animation name="btnUpgradeMenu" scale="1" loop="1" fadeInTime="0.3" autoTween="NaN" duration="6" tweenEasing="NaN">
   <timeline name="Layer 1" scale="1" pX="0" pY="0" offset="0">
    <frame z="0" duration="1">
     <transform x="0" pX="0" pY="0" skX="0" skY="0" scX="1" y="0" scY="1"/>
    </frame>
    <frame displayIndex="1" z="0" duration="1">
     <transform x="0" pX="0" pY="0" skX="0" skY="0" scX="1" y="0" scY="1"/>
    </frame>
    <frame displayIndex="2" z="0" duration="2">
     <transform x="0" pX="0" pY="0" skX="0" skY="0" scX="1" y="0" scY="1"/>
    </frame>
    <frame displayIndex="3" z="0" duration="1">
     <transform x="0" pX="0" pY="0" skX="0" skY="0" scX="1" y="0" scY="1"/>
    </frame>
    <frame displayIndex="3" z="0" duration="1">
     <transform x="0" pX="0" pY="0" skX="0" skY="0" scX="1" y="0" scY="1"/>
    </frame>
   </timeline>
   <timeline name="btnUpgradeMenuLOCKCase" scale="1" pX="0" pY="0" offset="0">
    <frame displayIndex="-1" duration="4"/>
    <frame z="0" duration="1">
     <transform x="0" pX="0" pY="0" skX="0" skY="0" scX="1" y="0" scY="1"/>
    </frame>
    <frame z="0" duration="1">
     <transform x="0" pX="0" pY="0" skX="0" skY="0" scX="1" y="0" scY="1"/>
    </frame>
   </timeline>
   <timeline name="costTXT" scale="1" pX="0" pY="0" offset="0">
    <frame z="0" duration="4">
     <transform x="0" pX="0" pY="0" skX="0" skY="0" scX="1" y="0" scY="1"/>
    </frame>
    <frame displayIndex="-1" duration="2"/>
   </timeline>
   <timeline name="btnUpgradeMenuCase" scale="1" pX="0" pY="0" offset="0">
    <frame z="0" duration="3">
     <transform x="0" pX="0" pY="0" skX="0" skY="0" scX="1" y="0" scY="1"/>
    </frame>
    <frame z="0" duration="1">
     <transform x="0" pX="0" pY="0" skX="0" skY="0" scX="1" y="0" scY="1"/>
    </frame>
    <frame z="0" duration="1">
     <transform x="0" pX="0" pY="0" skX="0" skY="0" scX="1" y="0" scY="1"/>
    </frame>
    <frame displayIndex="-1" duration="1"/>
   </timeline>
   <frame duration="5"/>
   <frame duration="1"/>
  </animation>
 </armature>
 <armature name="sphereSlot">
  <skin name="default">
   <slot name="bg" z="0" parent="bg">
    <display name="Shape/shape 11144" type="image">
     <transform x="0" pX="22.25" pY="21.8" skX="0" skY="0" scX="1" y="0" scY="1"/>
    </display>
    <display name="Shape/shape 11174" type="image">
     <transform x="0" pX="22.25" pY="21.8" skX="0" skY="0" scX="1" y="0" scY="1"/>
    </display>
    <display name="Shape/shape 11176" type="image">
     <transform x="0" pX="22.25" pY="21.8" skX="0" skY="0" scX="1" y="0" scY="1"/>
    </display>
    <display name="Shape/shape 11178" type="image">
     <transform x="0" pX="22.25" pY="21.8" skX="0" skY="0" scX="1" y="0" scY="1"/>
    </display>
    <display name="Shape/shape 11180" type="image">
     <transform x="0" pX="22.25" pY="21.8" skX="0" skY="0" scX="1" y="0" scY="1"/>
    </display>
   </slot>
   <slot name="sphereAnima" z="1" parent="sphereAnima">
    <display name="case" type="image">
     <transform x="0" pX="25" pY="25" skX="0" skY="0" scX="1" y="0" scY="1"/>
    </display>
   </slot>
   <slot name="sphereSlotCase" z="2" parent="sphereSlotCase">
    <display name="case" type="image">
     <transform x="0" pX="25" pY="25" skX="0" skY="0" scX="1" y="0" scY="1"/>
    </display>
   </slot>
  </skin>
  <bone name="bg">
   <transform y="0" skY="0" x="0" scX="1" skX="0" scY="1"/>
  </bone>
  <bone name="sphereAnima">
   <transform y="-0.7" skY="0" x="-0.7" scX="1" skX="0" scY="1"/>
  </bone>
  <bone name="sphereSlotCase">
   <transform y="-0.6" skY="0" x="-0.6" scX="0.81" skX="0" scY="0.81"/>
  </bone>
  <animation name="sphereSlot" scale="1" loop="1" fadeInTime="0.3" autoTween="NaN" duration="6" tweenEasing="NaN">
   <timeline name="bg" scale="1" pX="0" pY="0" offset="0">
    <frame z="0" duration="1">
     <transform x="0" pX="0" pY="0" skX="0" skY="0" scX="1" y="0" scY="1"/>
    </frame>
    <frame displayIndex="1" z="0" duration="1">
     <transform x="0" pX="0" pY="0" skX="0" skY="0" scX="1" y="0" scY="1"/>
    </frame>
    <frame displayIndex="2" z="0" duration="1">
     <transform x="0" pX="0" pY="0" skX="0" skY="0" scX="1" y="0" scY="1"/>
    </frame>
    <frame displayIndex="3" z="0" duration="1">
     <transform x="0" pX="0" pY="0" skX="0" skY="0" scX="1" y="0" scY="1"/>
    </frame>
    <frame displayIndex="4" z="0" duration="1">
     <transform x="0" pX="0" pY="0" skX="0" skY="0" scX="1" y="0" scY="1"/>
    </frame>
    <frame displayIndex="4" z="0" duration="1">
     <transform x="0" pX="0" pY="0" skX="0" skY="0" scX="1" y="0" scY="1"/>
    </frame>
   </timeline>
   <timeline name="sphereAnima" scale="1" pX="0" pY="0" offset="0">
    <frame z="0" duration="5">
     <transform x="0" pX="0" pY="0" skX="0" skY="0" scX="1" y="0" scY="1"/>
    </frame>
    <frame z="0" duration="1">
     <transform x="0" pX="0" pY="0" skX="0" skY="0" scX="1" y="0" scY="1"/>
    </frame>
   </timeline>
   <timeline name="sphereSlotCase" scale="1" pX="0" pY="0" offset="0">
    <frame z="0" duration="5">
     <transform x="0" pX="0" pY="0" skX="0" skY="0" scX="1" y="0" scY="1"/>
    </frame>
    <frame z="0" duration="1">
     <transform x="0" pX="0" pY="0" skX="0" skY="0" scX="1" y="0" scY="1"/>
    </frame>
   </timeline>
   <frame duration="5"/>
   <frame duration="1"/>
  </animation>
 </armature>
 <armature name="sellUltraTower">
  <skin name="default">
   <slot name="bg" z="0" parent="bg">
    <display name="Shape/shape 11849" type="image">
     <transform x="0" pX="26" pY="15" skX="0" skY="0" scX="1" y="0" scY="1"/>
    </display>
    <display name="Shape/shape 11851" type="image">
     <transform x="0" pX="26" pY="15" skX="0" skY="0" scX="1" y="0" scY="1"/>
    </display>
    <display name="Shape/shape 11853" type="image">
     <transform x="0" pX="26" pY="15" skX="0" skY="0" scX="1" y="0" scY="1"/>
    </display>
   </slot>
   <slot name="sellUltraTowerCase" z="1" parent="sellUltraTowerCase">
    <display name="case" type="image">
     <transform x="0" pX="25" pY="25" skX="0" skY="0" scX="1" y="0" scY="1"/>
    </display>
   </slot>
  </skin>
  <bone name="bg">
   <transform y="0" skY="0" x="0" scX="1" skX="0" scY="1"/>
  </bone>
  <bone name="sellUltraTowerCase">
   <transform y="0" skY="0" x="0" scX="0.99" skX="0" scY="0.6"/>
  </bone>
  <animation name="sellUltraTower" scale="1" loop="1" fadeInTime="0.3" autoTween="NaN" duration="4" tweenEasing="NaN">
   <timeline name="bg" scale="1" pX="0" pY="0" offset="0">
    <frame z="0" duration="1">
     <transform x="0" pX="0" pY="0" skX="0" skY="0" scX="1" y="0" scY="1"/>
    </frame>
    <frame displayIndex="1" z="0" duration="1">
     <transform x="0" pX="0" pY="0" skX="0" skY="0" scX="1" y="0" scY="1"/>
    </frame>
    <frame displayIndex="2" z="0" duration="1">
     <transform x="0" pX="0" pY="0" skX="0" skY="0" scX="1" y="0" scY="1"/>
    </frame>
    <frame displayIndex="2" z="0" duration="1">
     <transform x="0" pX="0" pY="0" skX="0" skY="0" scX="1" y="0" scY="1"/>
    </frame>
   </timeline>
   <timeline name="sellUltraTowerCase" scale="1" pX="0" pY="0" offset="0">
    <frame z="0" duration="3">
     <transform x="0" pX="0" pY="0" skX="0" skY="0" scX="1" y="0" scY="1"/>
    </frame>
    <frame z="0" duration="1">
     <transform x="0" pX="0" pY="0" skX="0" skY="0" scX="1" y="0" scY="1"/>
    </frame>
   </timeline>
   <frame duration="3"/>
   <frame duration="1"/>
  </animation>
 </armature>
 <armature name="fastBuyUltraCont">
  <skin name="default">
   <slot name="indicator2" z="0" parent="indicator2">
    <display name="indicator" type="armature">
     <transform scY="1" skY="0" x="0" scX="1" skX="0" y="0"/>
    </display>
   </slot>
   <slot name="indicator3" z="1" parent="indicator3">
    <display name="indicator" type="armature">
     <transform scY="1" skY="0" x="0" scX="1" skX="0" y="0"/>
    </display>
   </slot>
   <slot name="indicator4" z="2" parent="indicator4">
    <display name="indicator" type="armature">
     <transform scY="1" skY="0" x="0" scX="1" skX="0" y="0"/>
    </display>
   </slot>
   <slot name="indicator1" z="3" parent="indicator1">
    <display name="indicator" type="armature">
     <transform scY="1" skY="0" x="0" scX="1" skX="0" y="0"/>
    </display>
   </slot>
   <slot name="btnFastBuyUltra" z="4" parent="btnFastBuyUltra">
    <display name="btnFastBuyUltra" type="armature">
     <transform scY="1" skY="0" x="0" scX="1" skX="0" y="0"/>
    </display>
   </slot>
  </skin>
  <bone name="indicator4">
   <transform y="-16" skY="0" x="54" scX="0.4" skX="0" scY="0.4"/>
  </bone>
  <bone name="indicator3">
   <transform y="24" skY="0" x="26" scX="0.4" skX="0" scY="0.4"/>
  </bone>
  <bone name="indicator2">
   <transform y="24" skY="0" x="-26" scX="0.4" skX="0" scY="0.4"/>
  </bone>
  <bone name="indicator1">
   <transform y="-16" skY="0" x="-54" scX="0.4" skX="0" scY="0.4"/>
  </bone>
  <bone name="btnFastBuyUltra">
   <transform y="-11.5" skY="0" x="0" scX="0.47" skX="0" scY="0.47"/>
  </bone>
  <animation name="fastBuyUltraCont" scale="1" loop="1" fadeInTime="0.3" autoTween="NaN" duration="6" tweenEasing="NaN">
   <timeline name="indicator2" scale="1" pX="0" pY="0" offset="0">
    <frame z="0" duration="2" tweenEasing="0">
     <transform x="0" pX="0" pY="0" skX="0" skY="0" scX="1" y="0" scY="1"/>
    </frame>
    <frame z="0" duration="1" tweenEasing="0">
     <transform x="0" pX="0" pY="0" skX="0" skY="0" scX="2.7" y="0" scY="2.7"/>
    </frame>
    <frame z="0" duration="1" tweenEasing="0">
     <transform x="-0.05000000000000071" pX="0" pY="0" skX="0" skY="0" scX="2.6" y="0" scY="2.6"/>
    </frame>
    <frame z="0" duration="1">
     <transform x="0" pX="0" pY="0" skX="0" skY="0" scX="2.5" y="0" scY="2.5"/>
    </frame>
    <frame z="0" duration="1">
     <transform x="0" pX="0" pY="0" skX="0" skY="0" scX="2.5" y="0" scY="2.5"/>
    </frame>
   </timeline>
   <timeline name="indicator3" scale="1" pX="0" pY="0" offset="0">
    <frame z="0" duration="2" tweenEasing="0">
     <transform x="0" pX="0" pY="0" skX="0" skY="0" scX="1" y="0" scY="1"/>
    </frame>
    <frame z="0" duration="1" tweenEasing="0">
     <transform x="0" pX="0" pY="0" skX="0" skY="0" scX="2.7" y="0" scY="2.7"/>
    </frame>
    <frame z="0" duration="1" tweenEasing="0">
     <transform x="0.05000000000000071" pX="0" pY="0" skX="0" skY="0" scX="2.6" y="0" scY="2.6"/>
    </frame>
    <frame z="0" duration="1">
     <transform x="0" pX="0" pY="0" skX="0" skY="0" scX="2.5" y="0" scY="2.5"/>
    </frame>
    <frame z="0" duration="1">
     <transform x="0" pX="0" pY="0" skX="0" skY="0" scX="2.5" y="0" scY="2.5"/>
    </frame>
   </timeline>
   <timeline name="indicator4" scale="1" pX="0" pY="0" offset="0">
    <frame z="0" duration="2" tweenEasing="0">
     <transform x="0" pX="0" pY="0" skX="0" skY="0" scX="1" y="0" scY="1"/>
    </frame>
    <frame z="0" duration="2" tweenEasing="0">
     <transform x="0" pX="0" pY="0" skX="0" skY="0" scX="2.7" y="0" scY="2.7"/>
    </frame>
    <frame z="0" duration="1">
     <transform x="0" pX="0" pY="0" skX="0" skY="0" scX="2.5" y="0" scY="2.5"/>
    </frame>
    <frame z="0" duration="1">
     <transform x="0" pX="0" pY="0" skX="0" skY="0" scX="2.5" y="0" scY="2.5"/>
    </frame>
   </timeline>
   <timeline name="indicator1" scale="1" pX="0" pY="0" offset="0">
    <frame z="0" duration="2" tweenEasing="0">
     <transform x="0" pX="0" pY="0" skX="0" skY="0" scX="1" y="0" scY="1"/>
    </frame>
    <frame z="0" duration="2" tweenEasing="0">
     <transform x="0" pX="0" pY="0" skX="0" skY="0" scX="2.7" y="0" scY="2.7"/>
    </frame>
    <frame z="0" duration="1">
     <transform x="0" pX="0" pY="0" skX="0" skY="0" scX="2.5" y="0" scY="2.5"/>
    </frame>
    <frame z="0" duration="1">
     <transform x="0" pX="0" pY="0" skX="0" skY="0" scX="2.5" y="0" scY="2.5"/>
    </frame>
   </timeline>
   <timeline name="btnFastBuyUltra" scale="1" pX="0" pY="0" offset="0">
    <frame z="0" duration="2" tweenEasing="0">
     <transform x="0" pX="0" pY="0" skX="0" skY="0" scX="1" y="0" scY="1"/>
    </frame>
    <frame z="0" duration="2" tweenEasing="0">
     <transform x="0" pX="0" pY="0" skX="0" skY="0" scX="2.297872340425532" y="0" scY="2.297872340425532"/>
    </frame>
    <frame z="0" duration="1">
     <transform x="0" pX="0" pY="0" skX="0" skY="0" scX="2.127659574468085" y="0.5" scY="2.127659574468085"/>
    </frame>
    <frame z="0" duration="1">
     <transform x="0" pX="0" pY="0" skX="0" skY="0" scX="2.127659574468085" y="0.5" scY="2.127659574468085"/>
    </frame>
   </timeline>
   <frame duration="5"/>
   <frame duration="1"/>
  </animation>
 </armature>
 <armature name="indicator">
  <skin name="default">
   <slot name="Layer 1" z="0" parent="Layer 1">
    <display name="Shape/shape 11193" type="image">
     <transform x="0" pX="11" pY="9" skX="0" skY="0" scX="1" y="0" scY="1"/>
    </display>
    <display name="Shape/shape 11195" type="image">
     <transform x="0" pX="11" pY="9" skX="0" skY="0" scX="1" y="0" scY="1"/>
    </display>
    <display name="Shape/shape 11196" type="image">
     <transform x="0" pX="9" pY="8.75" skX="0" skY="0" scX="1" y="0" scY="1"/>
    </display>
   </slot>
  </skin>
  <bone name="Layer 1">
   <transform y="0" skY="0" x="0" scX="1" skX="0" scY="1"/>
  </bone>
  <animation name="unnamed" scale="1" loop="1" duration="4" autoTween="NaN" fadeInTime="0" tweenEasing="NaN">
   <timeline name="Layer 1" scale="1" pX="0" pY="0" offset="0">
    <frame z="0" duration="1">
     <transform x="0" pX="0" pY="0" skX="0" skY="0" scX="1" y="0" scY="1"/>
    </frame>
    <frame displayIndex="1" z="0" duration="1">
     <transform x="0" pX="0" pY="0" skX="0" skY="0" scX="1" y="0" scY="1"/>
    </frame>
    <frame displayIndex="2" z="0" duration="1">
     <transform x="0" pX="0" pY="0" skX="0" skY="0" scX="1" y="0" scY="1"/>
    </frame>
    <frame displayIndex="2" z="0" duration="1">
     <transform x="0" pX="0" pY="0" skX="0" skY="0" scX="1" y="0" scY="1"/>
    </frame>
   </timeline>
  </animation>
 </armature>
 <armature name="btnFastBuyUltra">
  <skin name="default">
   <slot name="bg" z="0" parent="bg">
    <display name="Shape/shape 11199" type="image">
     <transform x="0" pX="22" pY="21" skX="0" skY="0" scX="1" y="0" scY="1"/>
    </display>
   </slot>
   <slot name="labelTXT" z="1" parent="labelTXT">
    <display name="元件 1" type="image">
     <transform x="-24.45" pX="3.1" pY="0" skX="0" skY="0" scX="1" y="-22" scY="1"/>
    </display>
    <display name="元件 2" type="image">
     <transform x="-26.9" pX="3.35" pY="0" skX="0" skY="0" scX="1" y="-24.2" scY="1"/>
    </display>
    <display name="元件 3" type="image">
     <transform x="-24.45" pX="3.05" pY="0" skX="0" skY="0" scX="1" y="-22" scY="1"/>
    </display>
    <display name="元件 4" type="image">
     <transform x="-24.45" pX="3.05" pY="0" skX="0" skY="0" scX="1" y="-22" scY="1"/>
    </display>
   </slot>
   <slot name="costTXT" z="2" parent="costTXT">
    <display name="text" type="text">
     <transform scY="1" skY="0" x="-2" scX="1" skX="0" y="-2"/>
     <text alignV="top" face="微软雅黑" size="12" lineType="single line" alignH="left" textType="dynamic" width="38" bold="0" text="0" height="36" italic="0">
      <color g="203" r="255" b="0" a="255"/>
     </text>
    </display>
   </slot>
   <slot name="fastBuyUltraCase" z="3" parent="fastBuyUltraCase">
    <display name="case" type="image">
     <transform x="0" pX="25" pY="25" skX="0" skY="0" scX="1" y="0" scY="1"/>
    </display>
   </slot>
  </skin>
  <bone name="costTXT">
   <transform y="10.55" skY="0" x="1.5" scX="1" skX="0" scY="1"/>
  </bone>
  <bone name="labelTXT">
   <transform y="0" skY="0" x="0" scX="1" skX="0" scY="1"/>
  </bone>
  <bone name="bg">
   <transform y="0" skY="0" x="0" scX="1" skX="0" scY="1"/>
  </bone>
  <bone name="fastBuyUltraCase">
   <transform y="-0.55" skY="0" x="-0.15" scX="0.83" skX="0" scY="0.83"/>
  </bone>
  <animation name="btnFastBuyUltra" scale="1" loop="1" fadeInTime="0.3" autoTween="NaN" duration="5" tweenEasing="NaN">
   <timeline name="bg" scale="1" pX="0" pY="0" offset="0">
    <frame z="0" duration="4">
     <transform x="0" pX="0" pY="0" skX="0" skY="0" scX="1" y="0" scY="1"/>
    </frame>
    <frame z="0" duration="1">
     <transform x="0" pX="0" pY="0" skX="0" skY="0" scX="1" y="0" scY="1"/>
    </frame>
   </timeline>
   <timeline name="labelTXT" scale="1" pX="0" pY="0" offset="0">
    <frame z="0" duration="1">
     <transform x="0" pX="0" pY="0" skX="0" skY="0" scX="1" y="0" scY="1"/>
    </frame>
    <frame displayIndex="1" z="0" duration="1">
     <transform x="3.4" pX="0" pY="0" skX="0" skY="0" scX="1" y="1.2" scY="1"/>
    </frame>
    <frame displayIndex="2" z="0" duration="1">
     <transform x="3.35" pX="0" pY="0" skX="0" skY="0" scX="1" y="1" scY="1"/>
    </frame>
    <frame displayIndex="3" z="0" duration="1">
     <transform x="3.35" pX="0" pY="0" skX="0" skY="0" scX="1" y="1" scY="1"/>
    </frame>
    <frame displayIndex="3" z="0" duration="1">
     <transform x="3.35" pX="0" pY="0" skX="0" skY="0" scX="1" y="1" scY="1"/>
    </frame>
   </timeline>
   <timeline name="costTXT" scale="1" pX="0" pY="0" offset="0">
    <frame z="0" duration="1">
     <transform x="0" pX="0" pY="0" skX="0" skY="0" scX="1" y="0" scY="1"/>
    </frame>
    <frame z="0" duration="1">
     <transform x="0" pX="0" pY="0" skX="0" skY="0" scX="1.1" y="0.75" scY="1.1"/>
     <colorTransform bM="0" gO="0" bO="0" aM="100" rM="100" aO="0" gM="100" rO="0"/>
    </frame>
    <frame z="0" duration="1">
     <transform x="0" pX="0" pY="0" skX="0" skY="0" scX="1" y="0" scY="1"/>
     <colorTransform bM="20" gO="0" bO="0" aM="100" rM="100" aO="0" gM="80" rO="0"/>
    </frame>
    <frame z="0" duration="1">
     <transform x="0" pX="0" pY="0" skX="0" skY="0" scX="1" y="0" scY="1"/>
     <colorTransform bM="60" gO="0" bO="0" aM="100" rM="60" aO="0" gM="60" rO="0"/>
    </frame>
    <frame z="0" duration="1">
     <transform x="0" pX="0" pY="0" skX="0" skY="0" scX="1" y="0" scY="1"/>
     <colorTransform bM="60" gO="0" bO="0" aM="100" rM="60" aO="0" gM="60" rO="0"/>
    </frame>
   </timeline>
   <timeline name="fastBuyUltraCase" scale="1" pX="0" pY="0" offset="0">
    <frame z="0" duration="4">
     <transform x="0" pX="0" pY="0" skX="0" skY="0" scX="1" y="0" scY="1"/>
    </frame>
    <frame z="0" duration="1">
     <transform x="0" pX="0" pY="0" skX="0" skY="0" scX="1" y="0" scY="1"/>
    </frame>
   </timeline>
   <frame duration="4"/>
   <frame duration="1"/>
  </animation>
 </armature>
</root>