<TextureAtlas name="UltraTowerMenu_mc" imagePath="texture.png">
 <SubTexture name="Shape/shape 10975" x="264" y="528" width="113" height="113"/>
 <SubTexture name="Shape/shape 11079" x="378" y="528" width="138" height="96"/>
 <SubTexture name="Shape/shape 10977" x="132" y="0" width="130" height="130"/>
 <SubTexture name="Shape/shape 10979" x="792" y="132" width="130" height="130"/>
 <SubTexture name="Shape/shape 10981" x="528" y="264" width="130" height="130"/>
 <SubTexture name="Shape/shape 10983" x="132" y="264" width="130" height="130"/>
 <SubTexture name="Shape/shape 10985" x="132" y="396" width="130" height="130"/>
 <SubTexture name="Shape/shape 10987" x="528" y="132" width="130" height="130"/>
 <SubTexture name="Shape/shape 10989" x="660" y="396" width="130" height="130"/>
 <SubTexture name="Shape/shape 10991" x="528" y="0" width="130" height="130"/>
 <SubTexture name="Shape/shape 10993" x="660" y="132" width="130" height="130"/>
 <SubTexture name="Shape/shape 10995" x="396" y="264" width="130" height="130"/>
 <SubTexture name="Shape/shape 10997" x="132" y="528" width="130" height="130"/>
 <SubTexture name="Shape/shape 10999" x="264" y="396" width="130" height="130"/>
 <SubTexture name="Shape/shape 11001" x="264" y="0" width="130" height="130"/>
 <SubTexture name="Shape/shape 11003" x="792" y="396" width="130" height="130"/>
 <SubTexture name="Shape/shape 11005" x="660" y="264" width="130" height="130"/>
 <SubTexture name="Shape/shape 11007" x="0" y="264" width="130" height="130"/>
 <SubTexture name="Shape/shape 11009" x="0" y="528" width="130" height="130"/>
 <SubTexture name="Shape/shape 11011" x="528" y="396" width="130" height="130"/>
 <SubTexture name="Shape/shape 11013" x="660" y="0" width="130" height="130"/>
 <SubTexture name="Shape/shape 11015" x="396" y="396" width="130" height="130"/>
 <SubTexture name="Shape/shape 11017" x="396" y="0" width="130" height="130"/>
 <SubTexture name="Shape/shape 11019" x="132" y="132" width="130" height="130"/>
 <SubTexture name="Shape/shape 11021" x="396" y="132" width="130" height="130"/>
 <SubTexture name="Shape/shape 11023" x="792" y="264" width="130" height="130"/>
 <SubTexture name="Shape/shape 11025" x="0" y="0" width="130" height="130"/>
 <SubTexture name="Shape/shape 11027" x="0" y="132" width="130" height="130"/>
 <SubTexture name="Shape/shape 11029" x="792" y="0" width="130" height="130"/>
 <SubTexture name="Shape/shape 11031" x="264" y="132" width="130" height="130"/>
 <SubTexture name="Shape/shape 11033" x="264" y="264" width="130" height="130"/>
 <SubTexture name="Shape/shape 11035" x="0" y="396" width="130" height="130"/>
 <SubTexture name="Shape/shape 11183" x="924" y="106" width="51" height="51"/>
 <SubTexture name="Shape/shape 11186" x="924" y="53" width="51" height="51"/>
 <SubTexture name="Shape/shape 11188" x="924" y="159" width="51" height="51"/>
 <SubTexture name="Shape/shape 11190" x="924" y="0" width="51" height="51"/>
 <SubTexture name="case" x="924" y="212" width="50" height="50"/>
 <SubTexture name="位图 1" x="975" y="278" width="43" height="37"/>
 <SubTexture name="Shape/shape 11144" x="977" y="141" width="45" height="45"/>
 <SubTexture name="Shape/shape 11174" x="977" y="188" width="45" height="45"/>
 <SubTexture name="Shape/shape 11176" x="977" y="47" width="45" height="45"/>
 <SubTexture name="Shape/shape 11178" x="977" y="94" width="45" height="45"/>
 <SubTexture name="Shape/shape 11180" x="977" y="0" width="45" height="45"/>
 <SubTexture name="位图 4" x="924" y="426" width="52" height="30"/>
 <SubTexture name="位图 5" x="924" y="394" width="52" height="30"/>
 <SubTexture name="位图 6" x="924" y="362" width="52" height="30"/>
 <SubTexture name="Shape/shape 11193" x="924" y="313" width="22" height="18"/>
 <SubTexture name="Shape/shape 11195" x="948" y="313" width="22" height="18"/>
 <SubTexture name="Shape/shape 11196" x="972" y="317" width="19" height="18"/>
 <SubTexture name="Shape/shape 11199" x="976" y="235" width="44" height="41"/>
 <SubTexture name="元件 1" x="924" y="458" width="57" height="22"/>
 <SubTexture name="元件 2" x="924" y="336" width="61" height="25"/>
 <SubTexture name="元件 3" x="924" y="481" width="56" height="22"/>
 <SubTexture name="元件 4" x="924" y="504" width="56" height="22"/>
 <SubTexture name="位图 3" x="924" y="264" width="49" height="47"/>
</TextureAtlas>