<dragonBones name="1yrt" frameRate="30" version="2.3">
 <armature name="Sprite/sprite 10794">
  <bone name="Layer 1">
   <transform x="0" y="0" skX="0" skY="0" scX="1" scY="1"/>
  </bone>
  <skin name="default">
   <slot name="Layer 1" parent="Layer 1" z="0">
    <display name="Shape/shape 10773" type="image">
     <transform x="0" y="0" skX="0" skY="0" scX="1" scY="1"/>
    </display>
    <display name="Shape/shape 10775" type="image">
     <transform x="0" y="0" skX="0" skY="0" scX="1" scY="1" pX="22" pY="0"/>
    </display>
    <display name="Shape/shape 10777" type="image">
     <transform x="0" y="0" skX="0" skY="0" scX="1" scY="1" pX="22" pY="0"/>
    </display>
    <display name="Shape/shape 10779" type="image">
     <transform x="0" y="0" skX="0" skY="0" scX="1" scY="1" pX="22" pY="0"/>
    </display>
    <display name="Shape/shape 10781" type="image">
     <transform x="0" y="0" skX="0" skY="0" scX="1" scY="1" pX="22" pY="0"/>
    </display>
    <display name="Shape/shape 10783" type="image">
     <transform x="0" y="0" skX="0" skY="0" scX="1" scY="1" pX="22" pY="0"/>
    </display>
    <display name="Shape/shape 10785" type="image">
     <transform x="0" y="0" skX="0" skY="0" scX="1" scY="1" pX="22" pY="0"/>
    </display>
    <display name="Shape/shape 10787" type="image">
     <transform x="0" y="0" skX="0" skY="0" scX="1" scY="1" pX="22" pY="0"/>
    </display>
    <display name="Shape/shape 10789" type="image">
     <transform x="0" y="0" skX="0" skY="0" scX="1" scY="1" pX="22" pY="0"/>
    </display>
    <display name="Shape/shape 10791" type="image">
     <transform x="0" y="0" skX="0" skY="0" scX="1" scY="1"/>
    </display>
    <display name="Shape/shape 10793" type="image">
     <transform x="0" y="0" skX="0" skY="0" scX="1" scY="1"/>
    </display>
   </slot>
  </skin>
  <animation name="BulletTower6_1_mc" fadeInTime="0.3" duration="17" scale="1" loop="1" autoTween="1" tweenEasing="NaN">
   <timeline name="Layer 1" scale="1" offset="0">
    <frame z="0" duration="1">
     <transform x="0" y="0" skX="0" skY="0" scX="1" scY="1" pX="0" pY="0"/>
    </frame>
    <frame z="0" displayIndex="1" duration="2">
     <transform x="0" y="0" skX="0" skY="0" scX="1" scY="1" pX="0" pY="0"/>
    </frame>
    <frame z="0" displayIndex="2" duration="2">
     <transform x="0" y="0" skX="0" skY="0" scX="1" scY="1" pX="0" pY="0"/>
    </frame>
    <frame z="0" displayIndex="3" duration="1">
     <transform x="0" y="0" skX="0" skY="0" scX="1" scY="1" pX="0" pY="0"/>
    </frame>
    <frame z="0" displayIndex="4" duration="2">
     <transform x="0" y="0" skX="0" skY="0" scX="1" scY="1" pX="0" pY="0"/>
    </frame>
    <frame z="0" displayIndex="5" duration="1">
     <transform x="0" y="0" skX="0" skY="0" scX="1" scY="1" pX="0" pY="0"/>
    </frame>
    <frame z="0" displayIndex="6" duration="2">
     <transform x="0" y="0" skX="0" skY="0" scX="1" scY="1" pX="0" pY="0"/>
    </frame>
    <frame z="0" displayIndex="7" duration="2">
     <transform x="0" y="0" skX="0" skY="0" scX="1" scY="1" pX="0" pY="0"/>
    </frame>
    <frame z="0" displayIndex="8" duration="2">
     <transform x="0" y="0" skX="0" skY="0" scX="1" scY="1" pX="0" pY="0"/>
    </frame>
    <frame z="0" displayIndex="9" duration="1">
     <transform x="0" y="0" skX="0" skY="0" scX="1" scY="1" pX="0" pY="0"/>
    </frame>
    <frame z="0" displayIndex="10" duration="1">
     <transform x="0" y="0" skX="0" skY="0" scX="1" scY="1" pX="0" pY="0"/>
    </frame>
   </timeline>
  </animation>
 </armature>
</dragonBones>