<root name="Unit9_mc" isGlobal="0" frameRate="30" version="3.0">
 <armature name="Unit9_mc">
  <skin name="default">
   <slot name="dust4" z="0" parent="dust4">
    <display name="dust4" type="image">
     <transform scX="1" x="0" scY="1" y="0" pX="25" pY="25" skX="0" skY="0"/>
    </display>
   </slot>
   <slot name="selectUnit" z="1" parent="selectUnit">
    <display name="selectUnit" type="image">
     <transform scX="1" x="0" scY="1" y="0" pX="25" pY="25" skX="0" skY="0"/>
    </display>
   </slot>
   <slot name="shadow" z="2" parent="shadow">
    <display name="sprite 7652" type="image">
     <transform scX="1" x="0" scY="1" y="0" pX="25" pY="25" skX="0" skY="0"/>
    </display>
   </slot>
   <slot name="cont" z="3" parent="cont">
    <display name="cont" type="armature">
     <transform scX="1" x="0" skX="0" scY="1" y="0" skY="0"/>
    </display>
   </slot>
   <slot name="healthBar" z="4" parent="healthBar">
    <display name="healthBar" type="image">
     <transform scX="1" x="0" scY="1" y="0" pX="25" pY="25" skX="0" skY="0"/>
    </display>
   </slot>
   <slot name="armor" z="5" parent="armor">
    <display name="armor" type="image">
     <transform scX="1" x="0" scY="1" y="0" pX="25" pY="25" skX="0" skY="0"/>
    </display>
   </slot>
   <slot name="iceEffect" z="6" parent="iceEffect">
    <display name="iceEffect" type="image">
     <transform scX="1" x="0" scY="1" y="0" pX="25" pY="25" skX="0" skY="0"/>
    </display>
   </slot>
   <slot name="fireEffect" z="7" parent="fireEffect">
    <display name="fireEffect" type="image">
     <transform scX="1" x="0" scY="1" y="0" pX="25" pY="25" skX="0" skY="0"/>
    </display>
   </slot>
   <slot name="iceFreez" z="8" parent="iceFreez">
    <display name="iceFreez" type="image">
     <transform scX="1" x="0" scY="1" y="0" pX="25" pY="25" skX="0" skY="0"/>
    </display>
   </slot>
   <slot name="levinAttack" z="9" parent="levinAttack">
    <display name="levinattack" type="image">
     <transform scX="1" x="0" scY="1" y="0" pX="25" pY="25" skX="0" skY="0"/>
    </display>
   </slot>
   <slot name="iceAttack" z="10" parent="iceAttack">
    <display name="iceattack" type="image">
     <transform scX="1" x="0" scY="1" y="0" pX="25" pY="25" skX="0" skY="0"/>
    </display>
   </slot>
   <slot name="fireAttack" z="11" parent="fireAttack">
    <display name="fireattack" type="image">
     <transform scX="1" x="0" scY="1" y="0" pX="25" pY="25" skX="0" skY="0"/>
    </display>
   </slot>
   <slot name="dust3" z="12" parent="dust3">
    <display name="dust3" type="image">
     <transform scX="1" x="0" scY="1" y="0" pX="25" pY="25" skX="0" skY="0"/>
    </display>
   </slot>
   <slot name="dust2" z="13" parent="dust2">
    <display name="dust2" type="image">
     <transform scX="1" x="0" scY="1" y="0" pX="25" pY="25" skX="0" skY="0"/>
    </display>
   </slot>
   <slot name="dust1" z="14" parent="dust1">
    <display name="dust1" type="image">
     <transform scX="1" x="0" scY="1" y="0" pX="25" pY="25" skX="0" skY="0"/>
    </display>
   </slot>
   <slot name="buffSpeed" z="15" parent="buffSpeed">
    <display name="buffSpeed" type="image">
     <transform scX="1" x="0" scY="1" y="0" pX="25" pY="25" skX="0" skY="0"/>
    </display>
   </slot>
   <slot name="airShock" z="16" parent="airShock">
    <display name="airShock" type="image">
     <transform scX="1" x="0" scY="1" y="0" pX="25" pY="25" skX="0" skY="0"/>
    </display>
   </slot>
   <slot name="buffHP" z="17" parent="buffHP">
    <display name="buffHP" type="image">
     <transform scX="1" x="0" scY="1" y="0" pX="25" pY="25" skX="0" skY="0"/>
    </display>
   </slot>
   <slot name="iceDeath" z="18" parent="iceDeath">
    <display name="iceDeath" type="image">
     <transform scX="1" x="0" scY="1" y="0" pX="25" pY="25" skX="0" skY="0"/>
    </display>
   </slot>
   <slot name="stoneDeath" z="19" parent="stoneDeath">
    <display name="stonedeath" type="image">
     <transform scX="1" x="0" scY="1" y="0" pX="25" pY="25" skX="0" skY="0"/>
    </display>
   </slot>
   <slot name="levinDeath" z="20" parent="levinDeath">
    <display name="levindeath" type="image">
     <transform scX="1" x="0" scY="1" y="0" pX="25" pY="25" skX="0" skY="0"/>
    </display>
   </slot>
   <slot name="unitCase" z="21" parent="unitCase">
    <display name="case" type="image">
     <transform scX="1" x="0" scY="1" y="0" pX="25" pY="25" skX="0" skY="0"/>
    </display>
   </slot>
  </skin>
  <bone name="fireAttack">
   <transform scX="0.7" x="2" skX="0" scY="0.7" y="-5" skY="0"/>
  </bone>
  <bone name="selectUnit">
   <transform scX="1.47" x="-0.7" skX="0" scY="1.47" y="0" skY="0"/>
  </bone>
  <bone name="shadow">
   <transform scX="1.77" x="1.85" skX="0" scY="0.78" y="-1.1" skY="0"/>
  </bone>
  <bone name="cont">
   <transform scX="1" x="-0.2" skX="5.33" scY="1.01" y="-0.05" skY="0.77"/>
  </bone>
  <bone name="healthBar">
   <transform scX="1" x="0" skX="0" scY="1" y="-26" skY="0"/>
  </bone>
  <bone name="armor">
   <transform scX="0.76" x="-1" skX="0" scY="0.76" y="0" skY="0"/>
  </bone>
  <bone name="iceEffect">
   <transform scX="0.46" x="3" skX="0" scY="0.46" y="0" skY="0"/>
  </bone>
  <bone name="fireEffect">
   <transform scX="0.69" x="1" skX="0" scY="0.69" y="-24" skY="0"/>
  </bone>
  <bone name="iceFreez">
   <transform scX="0.68" x="0" skX="0" scY="0.68" y="-10" skY="0"/>
  </bone>
  <bone name="levinAttack">
   <transform scX="1" x="3" skX="0" scY="1" y="-8" skY="0"/>
  </bone>
  <bone name="iceAttack">
   <transform scX="0.7" x="0" skX="0" scY="0.7" y="-8" skY="0"/>
  </bone>
  <bone name="dust4">
   <transform scX="1" x="1" skX="0" scY="1" y="-5" skY="0"/>
  </bone>
  <bone name="dust3">
   <transform scX="1" x="2" skX="0" scY="1" y="0" skY="0"/>
  </bone>
  <bone name="dust2">
   <transform scX="0.46" x="2" skX="0" scY="0.46" y="2" skY="0"/>
  </bone>
  <bone name="dust1">
   <transform scX="0.46" x="-1" skX="0" scY="0.46" y="1" skY="0"/>
  </bone>
  <bone name="buffSpeed">
   <transform scX="0.4" x="-15" skX="0" scY="0.4" y="-8" skY="0"/>
  </bone>
  <bone name="airShock">
   <transform scX="1.2" x="0" skX="0" scY="1.2" y="-26" skY="0"/>
  </bone>
  <bone name="buffHP">
   <transform scX="1" x="0" skX="0" scY="1" y="-13" skY="0"/>
  </bone>
  <bone name="iceDeath">
   <transform scX="0.78" x="0" skX="0" scY="0.78" y="-8" skY="0"/>
  </bone>
  <bone name="stoneDeath">
   <transform scX="1.64" x="1" skX="0" scY="1.54" y="-9" skY="0"/>
  </bone>
  <bone name="levinDeath">
   <transform scX="1.08" x="1" skX="0" scY="1.16" y="-8" skY="0"/>
  </bone>
  <bone name="unitCase">
   <transform scX="0.53" x="-0.75" skX="0" scY="0.6" y="-9.05" skY="0"/>
  </bone>
  <animation name="Unit9_mc" scale="1" loop="1" autoTween="NaN" fadeInTime="0.3" duration="40" tweenEasing="NaN">
   <timeline pX="0" name="dust4" pY="0" scale="1" offset="0">
    <frame z="0" duration="39">
     <transform scX="1" x="0" scY="1" y="0" pX="0" pY="0" skX="0" skY="0"/>
    </frame>
    <frame z="0" duration="1">
     <transform scX="1" x="0" scY="1" y="0" pX="0" pY="0" skX="0" skY="0"/>
    </frame>
   </timeline>
   <timeline pX="0" name="selectUnit" pY="0" scale="1" offset="0">
    <frame z="0" duration="39">
     <transform scX="1" x="0" scY="1" y="0" pX="0" pY="0" skX="0" skY="0"/>
    </frame>
    <frame z="0" duration="1">
     <transform scX="1" x="0" scY="1" y="0" pX="0" pY="0" skX="0" skY="0"/>
    </frame>
   </timeline>
   <timeline pX="0" name="shadow" pY="0" scale="1" offset="0">
    <frame z="0" duration="8" tweenEasing="0">
     <transform scX="1" x="0" scY="1" y="0" pX="0" pY="0" skX="0" skY="0"/>
    </frame>
    <frame z="0" duration="5" tweenEasing="0">
     <transform scX="0.8813559322033898" x="-3.7" scY="0.7564102564102564" y="0.30000000000000004" pX="0" pY="0" skX="0" skY="0"/>
    </frame>
    <frame z="0" duration="2" tweenEasing="0">
     <transform scX="0.519774011299435" x="-1.85" scY="0.5512820512820512" y="1.1" pX="0" pY="0" skX="0" skY="0"/>
    </frame>
    <frame z="0" duration="1" tweenEasing="0">
     <transform scX="0.5932203389830508" x="-1.4500000000000002" scY="0.6153846153846153" y="0.8" pX="0" pY="0" skX="0" skY="0"/>
    </frame>
    <frame z="0" duration="2" tweenEasing="0">
     <transform scX="0.6949152542372882" x="-1.1" scY="0.717948717948718" y="0.6500000000000001" pX="0" pY="0" skX="0" skY="0"/>
    </frame>
    <frame z="0" duration="1">
     <transform scX="0.8983050847457628" x="-0.3500000000000001" scY="0.9102564102564101" y="0.20000000000000007" pX="0" pY="0" skX="0" skY="0"/>
    </frame>
    <frame z="0" duration="1" tweenEasing="0">
     <transform scX="1" x="0" scY="1" y="0" pX="0" pY="0" skX="0" skY="0"/>
    </frame>
    <frame z="0" duration="2" tweenEasing="0">
     <transform scX="1" x="0" scY="1" y="0" pX="0" pY="0" skX="0" skY="0"/>
    </frame>
    <frame z="0" duration="1" tweenEasing="0">
     <transform scX="0.983050847457627" x="-0.5" scY="0.9358974358974358" y="0.2500000000000001" pX="0" pY="0" skX="0" skY="0"/>
    </frame>
    <frame z="0" duration="3" tweenEasing="0">
     <transform scX="0.9717514124293785" x="-0.6500000000000001" scY="0.9102564102564101" y="0.40000000000000013" pX="0" pY="0" skX="0" skY="0"/>
    </frame>
    <frame z="0" duration="2" tweenEasing="0">
     <transform scX="0.943502824858757" x="-1.35" scY="0.8205128205128205" y="0.8500000000000001" pX="0" pY="0" skX="0" skY="0"/>
    </frame>
    <frame z="0" duration="1" tweenEasing="0">
     <transform scX="0.9209039548022598" x="-1.85" scY="0.7564102564102564" y="1.1" pX="0" pY="0" skX="0" skY="0"/>
    </frame>
    <frame z="0" duration="1" tweenEasing="0">
     <transform scX="0.847457627118644" x="-1.85" scY="0.717948717948718" y="1" pX="0" pY="0" skX="0" skY="0.5"/>
    </frame>
    <frame z="0" duration="1" tweenEasing="0">
     <transform scX="0.768361581920904" x="-1.9000000000000001" scY="0.6794871794871795" y="0.8500000000000001" pX="0" pY="0" skX="0" skY="1"/>
    </frame>
    <frame z="0" duration="2" tweenEasing="0">
     <transform scX="0.6949152542372882" x="-1.85" scY="0.6282051282051282" y="0.8" pX="0" pY="0" skX="0" skY="1.51"/>
    </frame>
    <frame z="0" duration="1" tweenEasing="0">
     <transform scX="0.5423728813559322" x="-1.85" scY="0.5512820512820512" y="0.6000000000000001" pX="0" pY="0" skX="0" skY="2.51"/>
    </frame>
    <frame z="0" duration="5" tweenEasing="0">
     <transform scX="0.519774011299435" x="-1.85" scY="0.5256410256410255" y="0.6000000000000001" pX="0" pY="0" skX="0" skY="2.5"/>
    </frame>
    <frame z="0" duration="1">
     <transform scX="1" x="0" scY="1" y="0" pX="0" pY="0" skX="0" skY="0"/>
    </frame>
   </timeline>
   <timeline pX="0" name="cont" pY="0" scale="1" offset="0">
    <frame z="0" duration="1" tweenEasing="0">
     <transform scX="1" x="0" scY="1" y="0" pX="0" pY="0" skX="0" skY="0"/>
    </frame>
    <frame z="0" duration="1" tweenEasing="0">
     <transform scX="1" x="-0.25" scY="0.9900990099009901" y="0" pX="0" pY="0" skX="-1.7800000000000002" skY="-0.26"/>
    </frame>
    <frame z="0" duration="1" tweenEasing="0">
     <transform scX="1" x="-0.45" scY="0.9900990099009901" y="0.05" pX="0" pY="0" skX="-3.55" skY="-0.51"/>
    </frame>
    <frame z="0" duration="1" tweenEasing="0">
     <transform scX="1" x="-0.7" scY="0.9900990099009901" y="0.05" pX="0" pY="0" skX="-5.33" skY="-0.77"/>
    </frame>
    <frame z="0" duration="3" tweenEasing="0">
     <transform scX="1" x="-0.8" scY="0.9900990099009901" y="0.1" pX="0" pY="0" skX="-6.41" skY="-1.33"/>
    </frame>
    <frame z="0" duration="1" tweenEasing="0">
     <transform scX="1" x="-1.35" scY="0.9900990099009901" y="-0.05" pX="0" pY="0" skX="-10.4" skY="-3.58"/>
    </frame>
    <frame z="0" duration="1" tweenEasing="0">
     <transform scX="1" x="-1.5" scY="0.9900990099009901" y="-0.4" pX="0" pY="0" skX="-11.66" skY="-4.33"/>
    </frame>
    <frame z="0" duration="3" tweenEasing="0">
     <transform scX="1" x="-1.3" scY="0.9900990099009901" y="-1.15" pX="0" pY="0" skX="-10.6" skY="-3.84"/>
    </frame>
    <frame z="0" duration="1" tweenEasing="0">
     <transform scX="1" x="-0.8" scY="0.9900990099009901" y="-3.35" pX="0" pY="0" skX="-6.67" skY="-2.3600000000000003"/>
    </frame>
    <frame z="0" duration="2" tweenEasing="0">
     <transform scX="1" x="-0.8" scY="0.9900990099009901" y="-4" pX="0" pY="0" skX="-5.8" skY="-2.05"/>
    </frame>
    <frame z="0" duration="4" tweenEasing="0">
     <transform scX="1" x="-0.55" scY="0.9702970297029703" y="-4" pX="0" pY="0" skX="-4.0600000000000005" skY="-1.32"/>
    </frame>
    <frame z="0" duration="1" tweenEasing="0">
     <transform scX="1" x="-0.14999999999999997" scY="1" y="0.6000000000000001" pX="0" pY="0" skX="-0.8200000000000003" skY="-0.27"/>
    </frame>
    <frame z="0" duration="2" tweenEasing="0">
     <transform scX="1" x="0.55" scY="1" y="0.39999999999999997" pX="0" pY="0" skX="2.709999999999999" skY="2.5"/>
    </frame>
    <frame z="0" duration="1" tweenEasing="0">
     <transform scX="1" x="-0.09999999999999998" scY="0.9900990099009901" y="0.9" pX="0" pY="0" skX="-2.7800000000000002" skY="0.2599999999999998"/>
    </frame>
    <frame z="0" duration="2" tweenEasing="0">
     <transform scX="1" x="-0.45" scY="0.9900990099009901" y="0.55" pX="0" pY="0" skX="-5.33" skY="-0.77"/>
    </frame>
    <frame z="0" duration="1" tweenEasing="0">
     <transform scX="1" x="-0.6499999999999999" scY="0.9900990099009901" y="0.55" pX="0" pY="0" skX="-6.9" skY="-1.08"/>
    </frame>
    <frame z="0" duration="2" tweenEasing="0">
     <transform scX="1" x="-0.75" scY="0.9900990099009901" y="0.6000000000000001" pX="0" pY="0" skX="-7.6899999999999995" skY="-1.32"/>
    </frame>
    <frame z="0" duration="5" tweenEasing="0">
     <transform scX="1" x="-1" scY="0.9900990099009901" y="0.6000000000000001" pX="0" pY="0" skX="-9.64" skY="-1.82"/>
    </frame>
    <frame z="0" duration="1" tweenEasing="0">
     <transform scX="1" x="-0.55" scY="0.9900990099009901" y="-3.85" pX="0" pY="0" skX="-5.8" skY="-2.05"/>
    </frame>
    <frame z="0" duration="1" tweenEasing="0">
     <transform scX="1" x="-0.35000000000000003" scY="0.9702970297029703" y="-4.6000000000000005" pX="0" pY="0" skX="-4.36" skY="-1.32"/>
    </frame>
    <frame z="0" duration="1" tweenEasing="0">
     <transform scX="1" x="-0.25" scY="0.9702970297029703" y="-3.6500000000000004" pX="0" pY="0" skX="-3.5300000000000002" skY="-0.79"/>
    </frame>
    <frame z="0" duration="3" tweenEasing="0">
     <transform scX="1" x="-0.09999999999999998" scY="0.9801980198019802" y="-2.8000000000000003" pX="0" pY="0" skX="-2.5" skY="-0.26"/>
    </frame>
    <frame z="0" duration="1">
     <transform scX="1" x="0.35" scY="0.9900990099009901" y="-0.09999999999999999" pX="0" pY="0" skX="0.7699999999999996" skY="1.5099999999999998"/>
    </frame>
   </timeline>
   <timeline pX="0" name="healthBar" pY="0" scale="1" offset="0">
    <frame z="0" duration="39">
     <transform scX="1" x="0" scY="1" y="0" pX="0" pY="0" skX="0" skY="0"/>
    </frame>
    <frame z="0" duration="1">
     <transform scX="1" x="0" scY="1" y="0" pX="0" pY="0" skX="0" skY="0"/>
    </frame>
   </timeline>
   <timeline pX="0" name="armor" pY="0" scale="1" offset="0">
    <frame z="0" duration="39">
     <transform scX="1" x="0" scY="1" y="0" pX="0" pY="0" skX="0" skY="0"/>
    </frame>
    <frame z="0" duration="1">
     <transform scX="1" x="0" scY="1" y="0" pX="0" pY="0" skX="0" skY="0"/>
    </frame>
   </timeline>
   <timeline pX="0" name="iceEffect" pY="0" scale="1" offset="0">
    <frame z="0" duration="39">
     <transform scX="1" x="0" scY="1" y="0" pX="0" pY="0" skX="0" skY="0"/>
    </frame>
    <frame z="0" duration="1">
     <transform scX="1" x="0" scY="1" y="0" pX="0" pY="0" skX="0" skY="0"/>
    </frame>
   </timeline>
   <timeline pX="0" name="fireEffect" pY="0" scale="1" offset="0">
    <frame z="0" duration="39">
     <transform scX="1" x="0" scY="1" y="0" pX="0" pY="0" skX="0" skY="0"/>
    </frame>
    <frame z="0" duration="1">
     <transform scX="1" x="0" scY="1" y="0" pX="0" pY="0" skX="0" skY="0"/>
    </frame>
   </timeline>
   <timeline pX="0" name="iceFreez" pY="0" scale="1" offset="0">
    <frame z="0" duration="39">
     <transform scX="1" x="0" scY="1" y="0" pX="0" pY="0" skX="0" skY="0"/>
    </frame>
    <frame z="0" duration="1">
     <transform scX="1" x="0" scY="1" y="0" pX="0" pY="0" skX="0" skY="0"/>
    </frame>
   </timeline>
   <timeline pX="0" name="levinAttack" pY="0" scale="1" offset="0">
    <frame z="0" duration="39">
     <transform scX="1" x="0" scY="1" y="0" pX="0" pY="0" skX="0" skY="0"/>
    </frame>
    <frame z="0" duration="1">
     <transform scX="1" x="0" scY="1" y="0" pX="0" pY="0" skX="0" skY="0"/>
    </frame>
   </timeline>
   <timeline pX="0" name="iceAttack" pY="0" scale="1" offset="0">
    <frame z="0" duration="39">
     <transform scX="1" x="0" scY="1" y="0" pX="0" pY="0" skX="0" skY="0"/>
    </frame>
    <frame z="0" duration="1">
     <transform scX="1" x="0" scY="1" y="0" pX="0" pY="0" skX="0" skY="0"/>
    </frame>
   </timeline>
   <timeline pX="0" name="fireAttack" pY="0" scale="1" offset="0">
    <frame z="0" duration="39">
     <transform scX="1" x="0" scY="1" y="0" pX="0" pY="0" skX="0" skY="0"/>
    </frame>
    <frame z="0" duration="1">
     <transform scX="1" x="0" scY="1" y="0" pX="0" pY="0" skX="0" skY="0"/>
    </frame>
   </timeline>
   <timeline pX="0" name="dust3" pY="0" scale="1" offset="0">
    <frame z="0" duration="39">
     <transform scX="1" x="0" scY="1" y="0" pX="0" pY="0" skX="0" skY="0"/>
    </frame>
    <frame z="0" duration="1">
     <transform scX="1" x="0" scY="1" y="0" pX="0" pY="0" skX="0" skY="0"/>
    </frame>
   </timeline>
   <timeline pX="0" name="dust2" pY="0" scale="1" offset="0">
    <frame z="0" duration="39">
     <transform scX="1" x="0" scY="1" y="0" pX="0" pY="0" skX="0" skY="0"/>
    </frame>
    <frame z="0" duration="1">
     <transform scX="1" x="0" scY="1" y="0" pX="0" pY="0" skX="0" skY="0"/>
    </frame>
   </timeline>
   <timeline pX="0" name="dust1" pY="0" scale="1" offset="0">
    <frame z="0" duration="39">
     <transform scX="1" x="0" scY="1" y="0" pX="0" pY="0" skX="0" skY="0"/>
    </frame>
    <frame z="0" duration="1">
     <transform scX="1" x="0" scY="1" y="0" pX="0" pY="0" skX="0" skY="0"/>
    </frame>
   </timeline>
   <timeline pX="0" name="buffSpeed" pY="0" scale="1" offset="0">
    <frame z="0" duration="39">
     <transform scX="1" x="0" scY="1" y="0" pX="0" pY="0" skX="0" skY="0"/>
    </frame>
    <frame z="0" duration="1">
     <transform scX="1" x="0" scY="1" y="0" pX="0" pY="0" skX="0" skY="0"/>
    </frame>
   </timeline>
   <timeline pX="0" name="airShock" pY="0" scale="1" offset="0">
    <frame z="0" duration="39">
     <transform scX="1" x="0" scY="1" y="0" pX="0" pY="0" skX="0" skY="0"/>
    </frame>
    <frame z="0" duration="1">
     <transform scX="1" x="0" scY="1" y="0" pX="0" pY="0" skX="0" skY="0"/>
    </frame>
   </timeline>
   <timeline pX="0" name="buffHP" pY="0" scale="1" offset="0">
    <frame z="0" duration="39">
     <transform scX="1" x="0" scY="1" y="0" pX="0" pY="0" skX="0" skY="0"/>
    </frame>
    <frame z="0" duration="1">
     <transform scX="1" x="0" scY="1" y="0" pX="0" pY="0" skX="0" skY="0"/>
    </frame>
   </timeline>
   <timeline pX="0" name="iceDeath" pY="0" scale="1" offset="0">
    <frame z="0" duration="39">
     <transform scX="1" x="0" scY="1" y="0" pX="0" pY="0" skX="0" skY="0"/>
    </frame>
    <frame z="0" duration="1">
     <transform scX="1" x="0" scY="1" y="0" pX="0" pY="0" skX="0" skY="0"/>
    </frame>
   </timeline>
   <timeline pX="0" name="stoneDeath" pY="0" scale="1" offset="0">
    <frame z="0" duration="39">
     <transform scX="1" x="0" scY="1" y="0" pX="0" pY="0" skX="0" skY="0"/>
    </frame>
    <frame z="0" duration="1">
     <transform scX="1" x="0" scY="1" y="0" pX="0" pY="0" skX="0" skY="0"/>
    </frame>
   </timeline>
   <timeline pX="0" name="levinDeath" pY="0" scale="1" offset="0">
    <frame z="0" duration="39">
     <transform scX="1" x="0" scY="1" y="0" pX="0" pY="0" skX="0" skY="0"/>
    </frame>
    <frame z="0" duration="1">
     <transform scX="1" x="0" scY="1" y="0" pX="0" pY="0" skX="0" skY="0"/>
    </frame>
   </timeline>
   <timeline pX="0" name="unitCase" pY="0" scale="1" offset="0">
    <frame z="0" duration="39">
     <transform scX="1" x="0" scY="1" y="0" pX="0" pY="0" skX="0" skY="0"/>
    </frame>
    <frame z="0" duration="1">
     <transform scX="1" x="0" scY="1" y="0" pX="0" pY="0" skX="0" skY="0"/>
    </frame>
   </timeline>
   <frame duration="39"/>
   <frame duration="1"/>
  </animation>
 </armature>
 <armature name="cont">
  <skin name="default">
   <slot name="Layer 1" z="0" parent="Layer 1">
    <display name="Shape/shape 2638" type="image">
     <transform scX="1" x="0" scY="1" y="0" pX="21" pY="35" skX="0" skY="0"/>
    </display>
    <display name="Shape/shape 2640" type="image">
     <transform scX="1" x="0" scY="1" y="0" pX="21" pY="35" skX="0" skY="0"/>
    </display>
    <display name="Shape/shape 2642" type="image">
     <transform scX="1" x="0" scY="1" y="0" pX="21" pY="35" skX="0" skY="0"/>
    </display>
    <display name="Shape/shape 2644" type="image">
     <transform scX="1" x="0" scY="1" y="0" pX="21" pY="35" skX="0" skY="0"/>
    </display>
    <display name="Shape/shape 2646" type="image">
     <transform scX="1" x="0" scY="1" y="0" pX="21" pY="35" skX="0" skY="0"/>
    </display>
    <display name="Shape/shape 2648" type="image">
     <transform scX="1" x="0" scY="1" y="0" pX="21" pY="35" skX="0" skY="0"/>
    </display>
    <display name="Shape/shape 2650" type="image">
     <transform scX="1" x="0" scY="1" y="0" pX="21" pY="35" skX="0" skY="0"/>
    </display>
    <display name="Shape/shape 2652" type="image">
     <transform scX="1" x="0" scY="1" y="0" pX="21" pY="35" skX="0" skY="0"/>
    </display>
    <display name="Shape/shape 2654" type="image">
     <transform scX="1" x="0" scY="1" y="0" pX="21" pY="35" skX="0" skY="0"/>
    </display>
    <display name="Shape/shape 2656" type="image">
     <transform scX="1" x="0" scY="1" y="0" pX="21" pY="35" skX="0" skY="0"/>
    </display>
    <display name="Shape/shape 2658" type="image">
     <transform scX="1" x="0" scY="1" y="0" pX="21" pY="35" skX="0" skY="0"/>
    </display>
    <display name="Shape/shape 2660" type="image">
     <transform scX="1" x="0" scY="1" y="0" pX="21" pY="35" skX="0" skY="0"/>
    </display>
    <display name="Shape/shape 2662" type="image">
     <transform scX="1" x="0" scY="1" y="0" pX="21" pY="35" skX="0" skY="0"/>
    </display>
    <display name="Shape/shape 2664" type="image">
     <transform scX="1" x="0" scY="1" y="0" pX="21" pY="35" skX="0" skY="0"/>
    </display>
    <display name="Shape/shape 2666" type="image">
     <transform scX="1" x="0" scY="1" y="0" pX="21" pY="35" skX="0" skY="0"/>
    </display>
    <display name="Shape/shape 2668" type="image">
     <transform scX="1" x="0" scY="1" y="0" pX="19" pY="34" skX="0" skY="0"/>
    </display>
    <display name="Shape/shape 2670" type="image">
     <transform scX="1" x="0" scY="1" y="0" pX="19" pY="34" skX="0" skY="0"/>
    </display>
    <display name="Shape/shape 2672" type="image">
     <transform scX="1" x="0" scY="1" y="0" pX="19" pY="34" skX="0" skY="0"/>
    </display>
    <display name="Shape/shape 2674" type="image">
     <transform scX="1" x="0" scY="1" y="0" pX="19" pY="34" skX="0" skY="0"/>
    </display>
    <display name="Shape/shape 2676" type="image">
     <transform scX="1" x="0" scY="1" y="0" pX="19" pY="34" skX="0" skY="0"/>
    </display>
    <display name="Shape/shape 2678" type="image">
     <transform scX="1" x="0" scY="1" y="0" pX="19" pY="34" skX="0" skY="0"/>
    </display>
    <display name="Shape/shape 2680" type="image">
     <transform scX="1" x="0" scY="1" y="0" pX="19" pY="34" skX="0" skY="0"/>
    </display>
    <display name="Shape/shape 2682" type="image">
     <transform scX="1" x="0" scY="1" y="0" pX="19" pY="34" skX="0" skY="0"/>
    </display>
    <display name="Shape/shape 2684" type="image">
     <transform scX="1" x="0" scY="1" y="0" pX="19" pY="34" skX="0" skY="0"/>
    </display>
    <display name="Shape/shape 2686" type="image">
     <transform scX="1" x="0" scY="1" y="0" pX="19" pY="34" skX="0" skY="0"/>
    </display>
    <display name="Shape/shape 2688" type="image">
     <transform scX="1" x="0" scY="1" y="0" pX="19" pY="34" skX="0" skY="0"/>
    </display>
    <display name="Shape/shape 2690" type="image">
     <transform scX="1" x="0" scY="1" y="0" pX="19" pY="34" skX="0" skY="0"/>
    </display>
    <display name="Shape/shape 2692" type="image">
     <transform scX="1" x="0" scY="1" y="0" pX="19" pY="34" skX="0" skY="0"/>
    </display>
    <display name="Shape/shape 2694" type="image">
     <transform scX="1" x="0" scY="1" y="0" pX="19" pY="34" skX="0" skY="0"/>
    </display>
    <display name="Shape/shape 2696" type="image">
     <transform scX="1" x="0" scY="1" y="0" pX="19" pY="34" skX="0" skY="0"/>
    </display>
   </slot>
  </skin>
  <bone name="Layer 1">
   <transform scX="1" x="0" skX="0" scY="1" y="0" skY="0"/>
  </bone>
  <animation fadeInTime="0.3" scale="1" loop="1" autoTween="NaN" name="cont" duration="61" tweenEasing="NaN">
   <timeline pX="0" name="Layer 1" pY="0" scale="1" offset="0">
    <frame z="0" duration="2">
     <transform scX="1" x="0" scY="1" y="0" pX="0" pY="0" skX="0" skY="0"/>
    </frame>
    <frame displayIndex="1" z="0" duration="2">
     <transform scX="1" x="0" scY="1" y="0" pX="0" pY="0" skX="0" skY="0"/>
    </frame>
    <frame displayIndex="2" z="0" duration="2">
     <transform scX="1" x="0" scY="1" y="0" pX="0" pY="0" skX="0" skY="0"/>
    </frame>
    <frame displayIndex="3" z="0" duration="2">
     <transform scX="1" x="0" scY="1" y="0" pX="0" pY="0" skX="0" skY="0"/>
    </frame>
    <frame displayIndex="4" z="0" duration="2">
     <transform scX="1" x="0" scY="1" y="0" pX="0" pY="0" skX="0" skY="0"/>
    </frame>
    <frame displayIndex="5" z="0" duration="2">
     <transform scX="1" x="0" scY="1" y="0" pX="0" pY="0" skX="0" skY="0"/>
    </frame>
    <frame displayIndex="6" z="0" duration="2">
     <transform scX="1" x="0" scY="1" y="0" pX="0" pY="0" skX="0" skY="0"/>
    </frame>
    <frame displayIndex="7" z="0" duration="2">
     <transform scX="1" x="0" scY="1" y="0" pX="0" pY="0" skX="0" skY="0"/>
    </frame>
    <frame displayIndex="8" z="0" duration="2">
     <transform scX="1" x="0" scY="1" y="0" pX="0" pY="0" skX="0" skY="0"/>
    </frame>
    <frame displayIndex="9" z="0" duration="2">
     <transform scX="1" x="0" scY="1" y="0" pX="0" pY="0" skX="0" skY="0"/>
    </frame>
    <frame displayIndex="10" z="0" duration="2">
     <transform scX="1" x="0" scY="1" y="0" pX="0" pY="0" skX="0" skY="0"/>
    </frame>
    <frame displayIndex="11" z="0" duration="2">
     <transform scX="1" x="0" scY="1" y="0" pX="0" pY="0" skX="0" skY="0"/>
    </frame>
    <frame displayIndex="12" z="0" duration="2">
     <transform scX="1" x="0" scY="1" y="0" pX="0" pY="0" skX="0" skY="0"/>
    </frame>
    <frame displayIndex="13" z="0" duration="2">
     <transform scX="1" x="0" scY="1" y="0" pX="0" pY="0" skX="0" skY="0"/>
    </frame>
    <frame displayIndex="14" z="0" duration="2">
     <transform scX="1" x="0" scY="1" y="0" pX="0" pY="0" skX="0" skY="0"/>
    </frame>
    <frame displayIndex="15" z="0" duration="2">
     <transform scX="1" x="0" scY="1" y="0" pX="0" pY="0" skX="0" skY="0"/>
    </frame>
    <frame displayIndex="16" z="0" duration="2">
     <transform scX="1" x="0" scY="1" y="0" pX="0" pY="0" skX="0" skY="0"/>
    </frame>
    <frame displayIndex="17" z="0" duration="2">
     <transform scX="1" x="0" scY="1" y="0" pX="0" pY="0" skX="0" skY="0"/>
    </frame>
    <frame displayIndex="18" z="0" duration="2">
     <transform scX="1" x="0" scY="1" y="0" pX="0" pY="0" skX="0" skY="0"/>
    </frame>
    <frame displayIndex="19" z="0" duration="2">
     <transform scX="1" x="0" scY="1" y="0" pX="0" pY="0" skX="0" skY="0"/>
    </frame>
    <frame displayIndex="20" z="0" duration="2">
     <transform scX="1" x="0" scY="1" y="0" pX="0" pY="0" skX="0" skY="0"/>
    </frame>
    <frame displayIndex="21" z="0" duration="2">
     <transform scX="1" x="0" scY="1" y="0" pX="0" pY="0" skX="0" skY="0"/>
    </frame>
    <frame displayIndex="22" z="0" duration="2">
     <transform scX="1" x="0" scY="1" y="0" pX="0" pY="0" skX="0" skY="0"/>
    </frame>
    <frame displayIndex="23" z="0" duration="2">
     <transform scX="1" x="0" scY="1" y="0" pX="0" pY="0" skX="0" skY="0"/>
    </frame>
    <frame displayIndex="24" z="0" duration="2">
     <transform scX="1" x="0" scY="1" y="0" pX="0" pY="0" skX="0" skY="0"/>
    </frame>
    <frame displayIndex="25" z="0" duration="2">
     <transform scX="1" x="0" scY="1" y="0" pX="0" pY="0" skX="0" skY="0"/>
    </frame>
    <frame displayIndex="26" z="0" duration="2">
     <transform scX="1" x="0" scY="1" y="0" pX="0" pY="0" skX="0" skY="0"/>
    </frame>
    <frame displayIndex="27" z="0" duration="2">
     <transform scX="1" x="0" scY="1" y="0" pX="0" pY="0" skX="0" skY="0"/>
    </frame>
    <frame displayIndex="28" z="0" duration="2">
     <transform scX="1" x="0" scY="1" y="0" pX="0" pY="0" skX="0" skY="0"/>
    </frame>
    <frame displayIndex="29" z="0" duration="2">
     <transform scX="1" x="0" scY="1" y="0" pX="0" pY="0" skX="0" skY="0"/>
    </frame>
    <frame displayIndex="29" z="0" duration="1">
     <transform scX="1" x="0" scY="1" y="0" pX="0" pY="0" skX="0" skY="0"/>
    </frame>
   </timeline>
  </animation>
 </armature>
</root>