<root name="Tower2_mc" isGlobal="0" frameRate="30" version="3.0">
 <armature name="Tower2_mc">
  <skin name="default">
   <slot name="bg" z="0" parent="bg">
    <display name="Shape/shape 4485" type="image">
     <transform scX="1" x="0" scY="1" y="0" pX="27" pY="44" skX="0" skY="0"/>
    </display>
   </slot>
   <slot name="cont" z="1" parent="cont">
    <display name="Shape/shape 4487" type="image">
     <transform scX="1" x="0" scY="1" y="0" pX="17" pY="21" skX="0" skY="0"/>
    </display>
    <display name="Shape/shape 4489" type="image">
     <transform scX="1" x="0" scY="1" y="0" pX="17" pY="21" skX="0" skY="0"/>
    </display>
    <display name="Shape/shape 4491" type="image">
     <transform scX="1" x="0" scY="1" y="0" pX="17" pY="21" skX="0" skY="0"/>
    </display>
    <display name="Shape/shape 4493" type="image">
     <transform scX="1" x="0" scY="1" y="0" pX="17" pY="21" skX="0" skY="0"/>
    </display>
    <display name="Shape/shape 4495" type="image">
     <transform scX="1" x="0" scY="1" y="0" pX="17" pY="21" skX="0" skY="0"/>
    </display>
    <display name="Shape/shape 4497" type="image">
     <transform scX="1" x="0" scY="1" y="0" pX="17" pY="21" skX="0" skY="0"/>
    </display>
    <display name="Shape/shape 4499" type="image">
     <transform scX="1" x="0" scY="1" y="0" pX="17" pY="21" skX="0" skY="0"/>
    </display>
    <display name="Shape/shape 4501" type="image">
     <transform scX="1" x="0" scY="1" y="0" pX="17" pY="21" skX="0" skY="0"/>
    </display>
    <display name="Shape/shape 4503" type="image">
     <transform scX="1" x="0" scY="1" y="0" pX="17" pY="21" skX="0" skY="0"/>
    </display>
    <display name="Shape/shape 4505" type="image">
     <transform scX="1" x="0" scY="1" y="0" pX="17" pY="21" skX="0" skY="0"/>
    </display>
    <display name="Shape/shape 4507" type="image">
     <transform scX="1" x="0" scY="1" y="0" pX="17" pY="21" skX="0" skY="0"/>
    </display>
    <display name="Shape/shape 4509" type="image">
     <transform scX="1" x="0" scY="1" y="0" pX="17" pY="21" skX="0" skY="0"/>
    </display>
    <display name="Shape/shape 4511" type="image">
     <transform scX="1" x="0" scY="1" y="0" pX="17" pY="21" skX="0" skY="0"/>
    </display>
    <display name="Shape/shape 4513" type="image">
     <transform scX="1" x="0" scY="1" y="0" pX="17" pY="21" skX="0" skY="0"/>
    </display>
    <display name="Shape/shape 4515" type="image">
     <transform scX="1" x="0" scY="1" y="0" pX="17" pY="21" skX="0" skY="0"/>
    </display>
    <display name="Shape/shape 4517" type="image">
     <transform scX="1" x="0" scY="1" y="0" pX="17" pY="21" skX="0" skY="0"/>
    </display>
    <display name="Shape/shape 4519" type="image">
     <transform scX="1" x="0" scY="1" y="0" pX="17" pY="21" skX="0" skY="0"/>
    </display>
    <display name="Shape/shape 4521" type="image">
     <transform scX="1" x="0" scY="1" y="0" pX="17" pY="21" skX="0" skY="0"/>
    </display>
    <display name="Shape/shape 4523" type="image">
     <transform scX="1" x="0" scY="1" y="0" pX="17" pY="21" skX="0" skY="0"/>
    </display>
    <display name="Shape/shape 4525" type="image">
     <transform scX="1" x="0" scY="1" y="0" pX="17" pY="21" skX="0" skY="0"/>
    </display>
    <display name="Shape/shape 4527" type="image">
     <transform scX="1" x="0" scY="1" y="0" pX="17" pY="21" skX="0" skY="0"/>
    </display>
    <display name="Shape/shape 4529" type="image">
     <transform scX="1" x="0" scY="1" y="0" pX="17" pY="21" skX="0" skY="0"/>
    </display>
    <display name="Shape/shape 4531" type="image">
     <transform scX="1" x="0" scY="1" y="0" pX="17" pY="21" skX="0" skY="0"/>
    </display>
    <display name="Shape/shape 4533" type="image">
     <transform scX="1" x="0" scY="1" y="0" pX="17" pY="21" skX="0" skY="0"/>
    </display>
    <display name="Shape/shape 4535" type="image">
     <transform scX="1" x="0" scY="1" y="0" pX="17" pY="21" skX="0" skY="0"/>
    </display>
   </slot>
   <slot name="selectTower" z="2" parent="selectTower">
    <display name="selectTower" type="image">
     <transform scX="1" x="0" scY="1" y="0" pX="31" pY="48" skX="0" skY="0"/>
    </display>
   </slot>
   <slot name="sphere1" z="3" parent="sphere1">
    <display name="bullet" type="armature">
     <transform scX="1" x="0" skX="0" scY="1" y="0" skY="0"/>
    </display>
   </slot>
   <slot name="sphere2_1" z="4" parent="sphere2_1">
    <display name="sphere2_2.bullet" type="armature">
     <transform scX="1" x="0" skX="0" scY="1" y="0" skY="0"/>
    </display>
   </slot>
   <slot name="sphere2_2" z="5" parent="sphere2_2">
    <display name="sphere2_2.bullet" type="armature">
     <transform scX="1" x="0" skX="0" scY="1" y="0" skY="0"/>
    </display>
   </slot>
   <slot name="boneBlock" z="6" parent="boneBlock">
    <display name="case" type="image">
     <transform scX="1" x="0" scY="1" y="0" pX="25" pY="25" skX="0" skY="0"/>
    </display>
   </slot>
   <slot name="blockTower" z="7" parent="blockTower">
    <display name="case" type="image">
     <transform scX="1" x="0" scY="1" y="0" pX="25" pY="25" skX="0" skY="0"/>
    </display>
   </slot>
   <slot name="towerCase" z="8" parent="towerCase">
    <display name="case" type="image">
     <transform scX="1" x="0" scY="1" y="0" pX="25" pY="25" skX="0" skY="0"/>
    </display>
   </slot>
  </skin>
  <bone name="sphere2_1">
   <transform scX="1" x="0" skX="0" scY="1" y="-20" skY="0"/>
  </bone>
  <bone name="cont">
   <transform scX="1" x="0" skX="0" scY="1" y="0" skY="0"/>
  </bone>
  <bone name="selectTower">
   <transform scX="1" x="0" skX="0" scY="1" y="0" skY="0"/>
  </bone>
  <bone name="sphere1">
   <transform scX="1" x="0" skX="0" scY="1" y="-20" skY="0"/>
  </bone>
  <bone name="bg">
   <transform scX="1" x="0" skX="0" scY="1" y="0" skY="0"/>
  </bone>
  <bone name="sphere2_2">
   <transform scX="1" x="0" skX="0" scY="1" y="-20" skY="0"/>
  </bone>
  <bone name="boneBlock">
   <transform scX="1" x="-3" skX="0" scY="1" y="-1" skY="0"/>
  </bone>
  <bone name="blockTower">
   <transform scX="1" x="1" skX="0" scY="1" y="-14" skY="0"/>
  </bone>
  <bone name="towerCase">
   <transform scX="0.88" x="0" skX="0" scY="1.05" y="-16" skY="0"/>
  </bone>
  <animation fadeInTime="0.3" scale="1" loop="1" autoTween="NaN" name="Tower2_mc" duration="26" tweenEasing="NaN">
   <timeline pX="0" name="bg" pY="0" scale="1" offset="0">
    <frame z="0" duration="25">
     <transform scX="1" x="0" scY="1" y="0" pX="0" pY="0" skX="0" skY="0"/>
    </frame>
    <frame z="0" duration="1">
     <transform scX="1" x="0" scY="1" y="0" pX="0" pY="0" skX="0" skY="0"/>
    </frame>
   </timeline>
   <timeline pX="0" name="cont" pY="0" scale="1" offset="0">
    <frame z="0" duration="1">
     <transform scX="1" x="0" scY="1" y="0" pX="0" pY="0" skX="0" skY="0"/>
    </frame>
    <frame displayIndex="1" z="0" duration="1">
     <transform scX="1" x="0" scY="1" y="0" pX="0" pY="0" skX="0" skY="0"/>
    </frame>
    <frame displayIndex="2" z="0" duration="1">
     <transform scX="1" x="0" scY="1" y="0" pX="0" pY="0" skX="0" skY="0"/>
    </frame>
    <frame displayIndex="3" z="0" duration="1">
     <transform scX="1" x="0" scY="1" y="0" pX="0" pY="0" skX="0" skY="0"/>
    </frame>
    <frame displayIndex="4" z="0" duration="1">
     <transform scX="1" x="0" scY="1" y="0" pX="0" pY="0" skX="0" skY="0"/>
    </frame>
    <frame displayIndex="5" z="0" duration="1">
     <transform scX="1" x="0" scY="1" y="0" pX="0" pY="0" skX="0" skY="0"/>
    </frame>
    <frame displayIndex="6" z="0" duration="1">
     <transform scX="1" x="0" scY="1" y="0" pX="0" pY="0" skX="0" skY="0"/>
    </frame>
    <frame displayIndex="7" z="0" duration="1">
     <transform scX="1" x="0" scY="1" y="0" pX="0" pY="0" skX="0" skY="0"/>
    </frame>
    <frame displayIndex="8" z="0" duration="1">
     <transform scX="1" x="0" scY="1" y="0" pX="0" pY="0" skX="0" skY="0"/>
    </frame>
    <frame displayIndex="9" z="0" duration="1">
     <transform scX="1" x="0" scY="1" y="0" pX="0" pY="0" skX="0" skY="0"/>
    </frame>
    <frame displayIndex="10" z="0" duration="1">
     <transform scX="1" x="0" scY="1" y="0" pX="0" pY="0" skX="0" skY="0"/>
    </frame>
    <frame displayIndex="11" z="0" duration="1">
     <transform scX="1" x="0" scY="1" y="0" pX="0" pY="0" skX="0" skY="0"/>
    </frame>
    <frame displayIndex="12" z="0" duration="1">
     <transform scX="1" x="0" scY="1" y="0" pX="0" pY="0" skX="0" skY="0"/>
    </frame>
    <frame displayIndex="13" z="0" duration="1">
     <transform scX="1" x="0" scY="1" y="0" pX="0" pY="0" skX="0" skY="0"/>
    </frame>
    <frame displayIndex="14" z="0" duration="1">
     <transform scX="1" x="0" scY="1" y="0" pX="0" pY="0" skX="0" skY="0"/>
    </frame>
    <frame displayIndex="15" z="0" duration="1">
     <transform scX="1" x="0" scY="1" y="0" pX="0" pY="0" skX="0" skY="0"/>
    </frame>
    <frame displayIndex="16" z="0" duration="1">
     <transform scX="1" x="0" scY="1" y="0" pX="0" pY="0" skX="0" skY="0"/>
    </frame>
    <frame displayIndex="17" z="0" duration="1">
     <transform scX="1" x="0" scY="1" y="0" pX="0" pY="0" skX="0" skY="0"/>
    </frame>
    <frame displayIndex="18" z="0" duration="1">
     <transform scX="1" x="0" scY="1" y="0" pX="0" pY="0" skX="0" skY="0"/>
    </frame>
    <frame displayIndex="19" z="0" duration="1">
     <transform scX="1" x="0" scY="1" y="0" pX="0" pY="0" skX="0" skY="0"/>
    </frame>
    <frame displayIndex="20" z="0" duration="1">
     <transform scX="1" x="0" scY="1" y="0" pX="0" pY="0" skX="0" skY="0"/>
    </frame>
    <frame displayIndex="21" z="0" duration="1">
     <transform scX="1" x="0" scY="1" y="0" pX="0" pY="0" skX="0" skY="0"/>
    </frame>
    <frame displayIndex="22" z="0" duration="1">
     <transform scX="1" x="0" scY="1" y="0" pX="0" pY="0" skX="0" skY="0"/>
    </frame>
    <frame displayIndex="23" z="0" duration="1">
     <transform scX="1" x="0" scY="1" y="0" pX="0" pY="0" skX="0" skY="0"/>
    </frame>
    <frame displayIndex="24" z="0" duration="1">
     <transform scX="1" x="0" scY="1" y="0" pX="0" pY="0" skX="0" skY="0"/>
    </frame>
    <frame displayIndex="24" z="0" duration="1">
     <transform scX="1" x="0" scY="1" y="0" pX="0" pY="0" skX="0" skY="0"/>
    </frame>
   </timeline>
   <timeline pX="0" name="selectTower" pY="0" scale="1" offset="0">
    <frame z="0" duration="25">
     <transform scX="1" x="0" scY="1" y="0" pX="0" pY="0" skX="0" skY="0"/>
    </frame>
    <frame z="0" duration="1">
     <transform scX="1" x="0" scY="1" y="0" pX="0" pY="0" skX="0" skY="0"/>
    </frame>
   </timeline>
   <timeline pX="0" name="sphere1" pY="0" scale="1" offset="0">
    <frame z="0" duration="25">
     <transform scX="1" x="0" scY="1" y="0" pX="0" pY="0" skX="0" skY="0"/>
    </frame>
    <frame z="0" duration="1">
     <transform scX="1" x="0" scY="1" y="0" pX="0" pY="0" skX="0" skY="0"/>
    </frame>
   </timeline>
   <timeline pX="0" name="sphere2_1" pY="0" scale="1" offset="0">
    <frame z="0" duration="25">
     <transform scX="1" x="0" scY="1" y="0" pX="0" pY="0" skX="0" skY="0"/>
    </frame>
    <frame z="0" duration="1">
     <transform scX="1" x="0" scY="1" y="0" pX="0" pY="0" skX="0" skY="0"/>
    </frame>
   </timeline>
   <timeline pX="0" name="sphere2_2" pY="0" scale="1" offset="0">
    <frame z="0" duration="25">
     <transform scX="1" x="0" scY="1" y="0" pX="0" pY="0" skX="0" skY="0"/>
    </frame>
    <frame z="0" duration="1">
     <transform scX="1" x="0" scY="1" y="0" pX="0" pY="0" skX="0" skY="0"/>
    </frame>
   </timeline>
   <timeline pX="0" name="boneBlock" pY="0" scale="1" offset="0">
    <frame z="0" duration="25">
     <transform scX="1" x="0" scY="1" y="0" pX="0" pY="0" skX="0" skY="0"/>
    </frame>
    <frame displayIndex="-1" duration="1"/>
   </timeline>
   <timeline pX="0" name="blockTower" pY="0" scale="1" offset="0">
    <frame z="0" duration="25">
     <transform scX="1" x="0" scY="1" y="0" pX="0" pY="0" skX="0" skY="0"/>
    </frame>
    <frame displayIndex="-1" duration="1"/>
   </timeline>
   <timeline pX="0" name="towerCase" pY="0" scale="1" offset="0">
    <frame z="0" duration="25">
     <transform scX="1" x="0" scY="1" y="0" pX="0" pY="0" skX="0" skY="0"/>
    </frame>
    <frame z="0" duration="1">
     <transform scX="1" x="0" scY="1" y="0" pX="0" pY="0" skX="0" skY="0"/>
    </frame>
   </timeline>
  </animation>
 </armature>
 <armature name="bullet">
  <skin name="default">
   <slot name="cont" z="0" parent="cont">
    <display name="sphere" type="armature">
     <transform scX="1" x="0" scY="1" y="0" pX="0" pY="0" skX="0" skY="0"/>
    </display>
   </slot>
  </skin>
  <bone name="cont">
   <transform scX="0.77" x="-15.15" skX="0" scY="0.77" y="-24.25" skY="0"/>
  </bone>
  <animation name="bullet" scale="1" loop="1" autoTween="NaN" fadeInTime="0.3" duration="40" tweenEasing="NaN">
   <timeline pX="0" name="cont" pY="0" scale="1" offset="0">
    <frame z="0" duration="1" tweenEasing="0">
     <transform scX="1" x="0" scY="1" y="0" pX="0" pY="0" skX="0" skY="0"/>
    </frame>
    <frame z="0" duration="1" tweenEasing="0">
     <transform scX="1" x="0.5" scY="1" y="-1.9499999999999993" pX="0" pY="0" skX="0" skY="0"/>
    </frame>
    <frame z="0" duration="1" tweenEasing="0">
     <transform scX="1" x="1.75" scY="1" y="-3.5500000000000007" pX="0" pY="0" skX="0" skY="0"/>
    </frame>
    <frame z="0" duration="13" tweenEasing="0">
     <transform scX="1" x="3.3499999999999996" scY="1" y="-4.850000000000001" pX="0" pY="0" skX="0" skY="0"/>
    </frame>
    <frame z="0" duration="1" tweenEasing="0">
     <transform scX="1" x="28.6" scY="1" y="-3.6000000000000014" pX="0" pY="0" skX="0" skY="0"/>
    </frame>
    <frame z="0" duration="1" tweenEasing="0">
     <transform scX="1" x="29.85" scY="1" y="-1.9499999999999993" pX="0" pY="0" skX="0" skY="0"/>
    </frame>
    <frame z="0" duration="3" tweenEasing="0">
     <transform scX="1" x="30.3" scY="1" y="0" pX="0" pY="0" skX="0" skY="0"/>
    </frame>
    <frame z="0" duration="14" tweenEasing="0">
     <transform scX="1" x="26.950000000000003" scY="1" y="4.75" pX="0" pY="0" skX="0" skY="0"/>
    </frame>
    <frame z="0" duration="1" tweenEasing="0">
     <transform scX="1" x="3.3499999999999996" scY="1" y="4.850000000000001" pX="0" pY="0" skX="0" skY="0"/>
    </frame>
    <frame z="0" duration="1" tweenEasing="0">
     <transform scX="1" x="1.700000000000001" scY="1" y="3.5500000000000007" pX="0" pY="0" skX="0" skY="0"/>
    </frame>
    <frame z="0" duration="1" tweenEasing="0">
     <transform scX="1" x="0.45000000000000107" scY="1" y="1.9499999999999993" pX="0" pY="0" skX="0" skY="0"/>
    </frame>
    <frame z="0" duration="1">
     <transform scX="1" x="0" scY="1" y="0" pX="0" pY="0" skX="0" skY="0"/>
    </frame>
    <frame z="0" duration="1">
     <transform scX="1" x="0" scY="1" y="0" pX="0" pY="0" skX="0" skY="0"/>
    </frame>
   </timeline>
   <frame duration="39"/>
   <frame duration="1"/>
  </animation>
 </armature>
 <armature name="sphere2_2.bullet">
  <skin name="default">
   <slot name="bullet" z="0" parent="bullet">
    <display name="sphere" type="armature">
     <transform scX="1" x="0" skX="0" scY="1" y="0" skY="0"/>
    </display>
   </slot>
  </skin>
  <bone name="bullet">
   <transform scX="0.77" x="-15.15" skX="0" scY="0.77" y="-24.25" skY="0"/>
  </bone>
  <animation name="bullet" scale="1" loop="1" autoTween="NaN" fadeInTime="0.3" duration="47" tweenEasing="NaN">
   <timeline pX="0" name="bullet" pY="0" scale="1" offset="0">
    <frame z="0" duration="1" tweenEasing="0">
     <transform scX="1" x="0" scY="1" y="0" pX="0" pY="0" skX="0" skY="0"/>
    </frame>
    <frame z="0" duration="1" tweenEasing="0">
     <transform scX="1" x="0.34999999999999964" scY="1" y="-1.6499999999999986" pX="0" pY="0" skX="0" skY="0"/>
    </frame>
    <frame z="0" duration="17" tweenEasing="0">
     <transform scX="1" x="1.25" scY="1" y="-3.0500000000000007" pX="0" pY="0" skX="0" skY="0"/>
    </frame>
    <frame z="0" duration="1" tweenEasing="0">
     <transform scX="1" x="28.15" scY="1" y="-4" pX="0" pY="0" skX="0" skY="0"/>
    </frame>
    <frame z="0" duration="1" tweenEasing="0">
     <transform scX="1" x="29.35" scY="1" y="-2.75" pX="0" pY="0" skX="0" skY="0"/>
    </frame>
    <frame z="0" duration="1" tweenEasing="0">
     <transform scX="1" x="30.05" scY="1" y="-1.3500000000000014" pX="0" pY="0" skX="0" skY="0"/>
    </frame>
    <frame z="0" duration="3" tweenEasing="0">
     <transform scX="1" x="30.15" scY="1" y="0.3000000000000007" pX="0" pY="0" skX="0" skY="0"/>
    </frame>
    <frame z="0" duration="1" tweenEasing="0">
     <transform scX="1" x="27.3" scY="1" y="4.449999999999999" pX="0" pY="0" skX="0" skY="0"/>
    </frame>
    <frame z="0" duration="17" tweenEasing="0">
     <transform scX="1" x="25.9" scY="1" y="5.449999999999999" pX="0" pY="0" skX="0" skY="0"/>
    </frame>
    <frame z="0" duration="1" tweenEasing="0">
     <transform scX="1" x="1.4000000000000004" scY="1" y="3.3000000000000007" pX="0" pY="0" skX="0" skY="0"/>
    </frame>
    <frame z="0" duration="1" tweenEasing="0">
     <transform scX="1" x="0.34999999999999964" scY="1" y="1.75" pX="0" pY="0" skX="0" skY="0"/>
    </frame>
    <frame z="0" duration="1">
     <transform scX="1" x="0" scY="1" y="0" pX="0" pY="0" skX="0" skY="0"/>
    </frame>
    <frame z="0" duration="1">
     <transform scX="1" x="0" scY="1" y="0" pX="0" pY="0" skX="0" skY="0"/>
    </frame>
   </timeline>
   <frame duration="46"/>
   <frame duration="1"/>
  </animation>
 </armature>
 <armature name="sphere">
  <skin name="default">
   <slot name="cont" z="0" parent="cont">
    <display name="case" type="image">
     <transform scX="1" x="0" scY="1" y="0" pX="25" pY="25" skX="0" skY="0"/>
    </display>
   </slot>
  </skin>
  <bone name="cont">
   <transform scX="0.5" x="0" skX="0" scY="0.44" y="0" skY="0"/>
  </bone>
  <animation fadeInTime="0" scale="1" loop="1" autoTween="NaN" name="unnamed" duration="5" tweenEasing="NaN">
   <timeline pX="0" name="cont" pY="0" scale="1" offset="0">
    <frame z="0" duration="4">
     <transform scX="1" x="0" scY="1" y="0" pX="0" pY="0" skX="0" skY="0"/>
    </frame>
    <frame z="0" duration="1">
     <transform scX="1" x="0" scY="1" y="0" pX="0" pY="0" skX="0" skY="0"/>
    </frame>
   </timeline>
  </animation>
 </armature>
</root>