<root name="Tower2_mc" isGlobal="0" frameRate="30" version="3.0">
 <armature name="Tower2_mc">
  <skin name="default">
   <slot name="bg" z="0" parent="bg">
    <display name="Shape/shape 4485" type="image">
     <transform x="0" pX="27" pY="44" skX="0" skY="0" scX="1" y="0" scY="1"/>
    </display>
   </slot>
   <slot name="cont" z="1" parent="cont">
    <display name="Shape/shape 4487" type="image">
     <transform x="0" pX="17" pY="21" skX="0" skY="0" scX="1" y="0" scY="1"/>
    </display>
    <display name="Shape/shape 4489" type="image">
     <transform x="0" pX="17" pY="21" skX="0" skY="0" scX="1" y="0" scY="1"/>
    </display>
    <display name="Shape/shape 4491" type="image">
     <transform x="0" pX="17" pY="21" skX="0" skY="0" scX="1" y="0" scY="1"/>
    </display>
    <display name="Shape/shape 4493" type="image">
     <transform x="0" pX="17" pY="21" skX="0" skY="0" scX="1" y="0" scY="1"/>
    </display>
    <display name="Shape/shape 4495" type="image">
     <transform x="0" pX="17" pY="21" skX="0" skY="0" scX="1" y="0" scY="1"/>
    </display>
    <display name="Shape/shape 4497" type="image">
     <transform x="0" pX="17" pY="21" skX="0" skY="0" scX="1" y="0" scY="1"/>
    </display>
    <display name="Shape/shape 4499" type="image">
     <transform x="0" pX="17" pY="21" skX="0" skY="0" scX="1" y="0" scY="1"/>
    </display>
    <display name="Shape/shape 4501" type="image">
     <transform x="0" pX="17" pY="21" skX="0" skY="0" scX="1" y="0" scY="1"/>
    </display>
    <display name="Shape/shape 4503" type="image">
     <transform x="0" pX="17" pY="21" skX="0" skY="0" scX="1" y="0" scY="1"/>
    </display>
    <display name="Shape/shape 4505" type="image">
     <transform x="0" pX="17" pY="21" skX="0" skY="0" scX="1" y="0" scY="1"/>
    </display>
    <display name="Shape/shape 4507" type="image">
     <transform x="0" pX="17" pY="21" skX="0" skY="0" scX="1" y="0" scY="1"/>
    </display>
    <display name="Shape/shape 4509" type="image">
     <transform x="0" pX="17" pY="21" skX="0" skY="0" scX="1" y="0" scY="1"/>
    </display>
    <display name="Shape/shape 4511" type="image">
     <transform x="0" pX="17" pY="21" skX="0" skY="0" scX="1" y="0" scY="1"/>
    </display>
    <display name="Shape/shape 4513" type="image">
     <transform x="0" pX="17" pY="21" skX="0" skY="0" scX="1" y="0" scY="1"/>
    </display>
    <display name="Shape/shape 4515" type="image">
     <transform x="0" pX="17" pY="21" skX="0" skY="0" scX="1" y="0" scY="1"/>
    </display>
    <display name="Shape/shape 4517" type="image">
     <transform x="0" pX="17" pY="21" skX="0" skY="0" scX="1" y="0" scY="1"/>
    </display>
    <display name="Shape/shape 4519" type="image">
     <transform x="0" pX="17" pY="21" skX="0" skY="0" scX="1" y="0" scY="1"/>
    </display>
    <display name="Shape/shape 4521" type="image">
     <transform x="0" pX="17" pY="21" skX="0" skY="0" scX="1" y="0" scY="1"/>
    </display>
    <display name="Shape/shape 4523" type="image">
     <transform x="0" pX="17" pY="21" skX="0" skY="0" scX="1" y="0" scY="1"/>
    </display>
    <display name="Shape/shape 4525" type="image">
     <transform x="0" pX="17" pY="21" skX="0" skY="0" scX="1" y="0" scY="1"/>
    </display>
    <display name="Shape/shape 4527" type="image">
     <transform x="0" pX="17" pY="21" skX="0" skY="0" scX="1" y="0" scY="1"/>
    </display>
    <display name="Shape/shape 4529" type="image">
     <transform x="0" pX="17" pY="21" skX="0" skY="0" scX="1" y="0" scY="1"/>
    </display>
    <display name="Shape/shape 4531" type="image">
     <transform x="0" pX="17" pY="21" skX="0" skY="0" scX="1" y="0" scY="1"/>
    </display>
    <display name="Shape/shape 4533" type="image">
     <transform x="0" pX="17" pY="21" skX="0" skY="0" scX="1" y="0" scY="1"/>
    </display>
    <display name="Shape/shape 4535" type="image">
     <transform x="0" pX="17" pY="21" skX="0" skY="0" scX="1" y="0" scY="1"/>
    </display>
   </slot>
   <slot name="selectTower" z="2" parent="selectTower">
    <display name="selectTower" type="image">
     <transform x="0" pX="31" pY="48" skX="0" skY="0" scX="1" y="0" scY="1"/>
    </display>
   </slot>
   <slot name="sphere1" z="3" parent="sphere1">
    <display name="bullet" type="armature">
     <transform scY="1" skY="0" x="0" scX="1" skX="0" y="0"/>
    </display>
   </slot>
   <slot name="sphere2_1" z="4" parent="sphere2_1">
    <display name="sphere2_2.bullet" type="armature">
     <transform scY="1" skY="0" x="0" scX="1" skX="0" y="0"/>
    </display>
   </slot>
   <slot name="sphere2_2" z="5" parent="sphere2_2">
    <display name="sphere2_2.bullet" type="armature">
     <transform scY="1" skY="0" x="0" scX="1" skX="0" y="0"/>
    </display>
   </slot>
   <slot name="boneBlock" z="6" parent="boneBlock">
    <display name="case" type="image">
     <transform x="0" pX="25" pY="25" skX="0" skY="0" scX="1" y="0" scY="1"/>
    </display>
   </slot>
   <slot name="blockTower" z="7" parent="blockTower">
    <display name="case" type="image">
     <transform x="0" pX="25" pY="25" skX="0" skY="0" scX="1" y="0" scY="1"/>
    </display>
   </slot>
   <slot name="towerCase" z="8" parent="towerCase">
    <display name="case" type="image">
     <transform x="0" pX="25" pY="25" skX="0" skY="0" scX="1" y="0" scY="1"/>
    </display>
   </slot>
  </skin>
  <bone name="sphere2_1">
   <transform y="-20" skY="0" x="0" scX="1" skX="0" scY="1"/>
  </bone>
  <bone name="cont">
   <transform y="0" skY="0" x="0" scX="1" skX="0" scY="1"/>
  </bone>
  <bone name="selectTower">
   <transform y="0" skY="0" x="0" scX="1" skX="0" scY="1"/>
  </bone>
  <bone name="sphere1">
   <transform y="-20" skY="0" x="0" scX="1" skX="0" scY="1"/>
  </bone>
  <bone name="bg">
   <transform y="0" skY="0" x="0" scX="1" skX="0" scY="1"/>
  </bone>
  <bone name="sphere2_2">
   <transform y="-20" skY="0" x="0" scX="1" skX="0" scY="1"/>
  </bone>
  <bone name="boneBlock">
   <transform y="-1" skY="0" x="-3" scX="1" skX="0" scY="1"/>
  </bone>
  <bone name="blockTower">
   <transform y="-14" skY="0" x="1" scX="1" skX="0" scY="1"/>
  </bone>
  <bone name="towerCase">
   <transform y="-16" skY="0" x="0" scX="0.88" skX="0" scY="1.05"/>
  </bone>
  <animation name="Tower2_mc" scale="1" loop="1" duration="26" autoTween="NaN" fadeInTime="0.3" tweenEasing="NaN">
   <timeline name="bg" scale="1" pX="0" pY="0" offset="0">
    <frame z="0" duration="25">
     <transform x="0" pX="0" pY="0" skX="0" skY="0" scX="1" y="0" scY="1"/>
    </frame>
    <frame z="0" duration="1">
     <transform x="0" pX="0" pY="0" skX="0" skY="0" scX="1" y="0" scY="1"/>
    </frame>
   </timeline>
   <timeline name="cont" scale="1" pX="0" pY="0" offset="0">
    <frame z="0" duration="1">
     <transform x="0" pX="0" pY="0" skX="0" skY="0" scX="1" y="0" scY="1"/>
    </frame>
    <frame displayIndex="1" z="0" duration="1">
     <transform x="0" pX="0" pY="0" skX="0" skY="0" scX="1" y="0" scY="1"/>
    </frame>
    <frame displayIndex="2" z="0" duration="1">
     <transform x="0" pX="0" pY="0" skX="0" skY="0" scX="1" y="0" scY="1"/>
    </frame>
    <frame displayIndex="3" z="0" duration="1">
     <transform x="0" pX="0" pY="0" skX="0" skY="0" scX="1" y="0" scY="1"/>
    </frame>
    <frame displayIndex="4" z="0" duration="1">
     <transform x="0" pX="0" pY="0" skX="0" skY="0" scX="1" y="0" scY="1"/>
    </frame>
    <frame displayIndex="5" z="0" duration="1">
     <transform x="0" pX="0" pY="0" skX="0" skY="0" scX="1" y="0" scY="1"/>
    </frame>
    <frame displayIndex="6" z="0" duration="1">
     <transform x="0" pX="0" pY="0" skX="0" skY="0" scX="1" y="0" scY="1"/>
    </frame>
    <frame displayIndex="7" z="0" duration="1">
     <transform x="0" pX="0" pY="0" skX="0" skY="0" scX="1" y="0" scY="1"/>
    </frame>
    <frame displayIndex="8" z="0" duration="1">
     <transform x="0" pX="0" pY="0" skX="0" skY="0" scX="1" y="0" scY="1"/>
    </frame>
    <frame displayIndex="9" z="0" duration="1">
     <transform x="0" pX="0" pY="0" skX="0" skY="0" scX="1" y="0" scY="1"/>
    </frame>
    <frame displayIndex="10" z="0" duration="1">
     <transform x="0" pX="0" pY="0" skX="0" skY="0" scX="1" y="0" scY="1"/>
    </frame>
    <frame displayIndex="11" z="0" duration="1">
     <transform x="0" pX="0" pY="0" skX="0" skY="0" scX="1" y="0" scY="1"/>
    </frame>
    <frame displayIndex="12" z="0" duration="1">
     <transform x="0" pX="0" pY="0" skX="0" skY="0" scX="1" y="0" scY="1"/>
    </frame>
    <frame displayIndex="13" z="0" duration="1">
     <transform x="0" pX="0" pY="0" skX="0" skY="0" scX="1" y="0" scY="1"/>
    </frame>
    <frame displayIndex="14" z="0" duration="1">
     <transform x="0" pX="0" pY="0" skX="0" skY="0" scX="1" y="0" scY="1"/>
    </frame>
    <frame displayIndex="15" z="0" duration="1">
     <transform x="0" pX="0" pY="0" skX="0" skY="0" scX="1" y="0" scY="1"/>
    </frame>
    <frame displayIndex="16" z="0" duration="1">
     <transform x="0" pX="0" pY="0" skX="0" skY="0" scX="1" y="0" scY="1"/>
    </frame>
    <frame displayIndex="17" z="0" duration="1">
     <transform x="0" pX="0" pY="0" skX="0" skY="0" scX="1" y="0" scY="1"/>
    </frame>
    <frame displayIndex="18" z="0" duration="1">
     <transform x="0" pX="0" pY="0" skX="0" skY="0" scX="1" y="0" scY="1"/>
    </frame>
    <frame displayIndex="19" z="0" duration="1">
     <transform x="0" pX="0" pY="0" skX="0" skY="0" scX="1" y="0" scY="1"/>
    </frame>
    <frame displayIndex="20" z="0" duration="1">
     <transform x="0" pX="0" pY="0" skX="0" skY="0" scX="1" y="0" scY="1"/>
    </frame>
    <frame displayIndex="21" z="0" duration="1">
     <transform x="0" pX="0" pY="0" skX="0" skY="0" scX="1" y="0" scY="1"/>
    </frame>
    <frame displayIndex="22" z="0" duration="1">
     <transform x="0" pX="0" pY="0" skX="0" skY="0" scX="1" y="0" scY="1"/>
    </frame>
    <frame displayIndex="23" z="0" duration="1">
     <transform x="0" pX="0" pY="0" skX="0" skY="0" scX="1" y="0" scY="1"/>
    </frame>
    <frame displayIndex="24" z="0" duration="1">
     <transform x="0" pX="0" pY="0" skX="0" skY="0" scX="1" y="0" scY="1"/>
    </frame>
    <frame displayIndex="24" z="0" duration="1">
     <transform x="0" pX="0" pY="0" skX="0" skY="0" scX="1" y="0" scY="1"/>
    </frame>
   </timeline>
   <timeline name="selectTower" scale="1" pX="0" pY="0" offset="0">
    <frame z="0" duration="25">
     <transform x="0" pX="0" pY="0" skX="0" skY="0" scX="1" y="0" scY="1"/>
    </frame>
    <frame z="0" duration="1">
     <transform x="0" pX="0" pY="0" skX="0" skY="0" scX="1" y="0" scY="1"/>
    </frame>
   </timeline>
   <timeline name="sphere1" scale="1" pX="0" pY="0" offset="0">
    <frame z="0" duration="25">
     <transform x="0" pX="0" pY="0" skX="0" skY="0" scX="1" y="0" scY="1"/>
    </frame>
    <frame z="0" duration="1">
     <transform x="0" pX="0" pY="0" skX="0" skY="0" scX="1" y="0" scY="1"/>
    </frame>
   </timeline>
   <timeline name="sphere2_1" scale="1" pX="0" pY="0" offset="0">
    <frame z="0" duration="25">
     <transform x="0" pX="0" pY="0" skX="0" skY="0" scX="1" y="0" scY="1"/>
    </frame>
    <frame z="0" duration="1">
     <transform x="0" pX="0" pY="0" skX="0" skY="0" scX="1" y="0" scY="1"/>
    </frame>
   </timeline>
   <timeline name="sphere2_2" scale="1" pX="0" pY="0" offset="0">
    <frame z="0" duration="25">
     <transform x="0" pX="0" pY="0" skX="0" skY="0" scX="1" y="0" scY="1"/>
    </frame>
    <frame z="0" duration="1">
     <transform x="0" pX="0" pY="0" skX="0" skY="0" scX="1" y="0" scY="1"/>
    </frame>
   </timeline>
   <timeline name="boneBlock" scale="1" pX="0" pY="0" offset="0">
    <frame z="0" duration="25">
     <transform x="0" pX="0" pY="0" skX="0" skY="0" scX="1" y="0" scY="1"/>
    </frame>
    <frame displayIndex="-1" duration="1"/>
   </timeline>
   <timeline name="blockTower" scale="1" pX="0" pY="0" offset="0">
    <frame z="0" duration="25">
     <transform x="0" pX="0" pY="0" skX="0" skY="0" scX="1" y="0" scY="1"/>
    </frame>
    <frame displayIndex="-1" duration="1"/>
   </timeline>
   <timeline name="towerCase" scale="1" pX="0" pY="0" offset="0">
    <frame z="0" duration="25">
     <transform x="0" pX="0" pY="0" skX="0" skY="0" scX="1" y="0" scY="1"/>
    </frame>
    <frame z="0" duration="1">
     <transform x="0" pX="0" pY="0" skX="0" skY="0" scX="1" y="0" scY="1"/>
    </frame>
   </timeline>
  </animation>
 </armature>
 <armature name="bullet">
  <skin name="default">
   <slot name="bullet" z="0" parent="bullet">
    <display name="sphere" type="image">
     <transform x="0" pX="12.5" pY="11" skX="0" skY="0" scX="1" y="0" scY="1"/>
    </display>
   </slot>
  </skin>
  <bone name="bullet">
   <transform y="-24.25" skY="0" x="-15.15" scX="0.77" skX="0" scY="0.77"/>
  </bone>
  <animation name="bullet" scale="1" loop="1" fadeInTime="0.3" autoTween="NaN" duration="40" tweenEasing="NaN">
   <timeline name="bullet" scale="1" pX="0" pY="0" offset="0">
    <frame z="0" duration="1" tweenEasing="0">
     <transform x="0" pX="0" pY="0" skX="0" skY="0" scX="1" y="0" scY="1"/>
    </frame>
    <frame z="0" duration="1" tweenEasing="0">
     <transform x="0.5" pX="0" pY="0" skX="0" skY="0" scX="1" y="-1.9499999999999993" scY="1"/>
    </frame>
    <frame z="0" duration="1" tweenEasing="0">
     <transform x="1.75" pX="0" pY="0" skX="0" skY="0" scX="1" y="-3.5500000000000007" scY="1"/>
    </frame>
    <frame z="0" duration="13" tweenEasing="0">
     <transform x="3.3499999999999996" pX="0" pY="0" skX="0" skY="0" scX="1" y="-4.850000000000001" scY="1"/>
    </frame>
    <frame z="0" duration="1" tweenEasing="0">
     <transform x="28.6" pX="0" pY="0" skX="0" skY="0" scX="1" y="-3.6000000000000014" scY="1"/>
    </frame>
    <frame z="0" duration="1" tweenEasing="0">
     <transform x="29.85" pX="0" pY="0" skX="0" skY="0" scX="1" y="-1.9499999999999993" scY="1"/>
    </frame>
    <frame z="0" duration="3" tweenEasing="0">
     <transform x="30.3" pX="0" pY="0" skX="0" skY="0" scX="1" y="0" scY="1"/>
    </frame>
    <frame z="0" duration="14" tweenEasing="0">
     <transform x="26.950000000000003" pX="0" pY="0" skX="0" skY="0" scX="1" y="4.75" scY="1"/>
    </frame>
    <frame z="0" duration="1" tweenEasing="0">
     <transform x="3.3499999999999996" pX="0" pY="0" skX="0" skY="0" scX="1" y="4.850000000000001" scY="1"/>
    </frame>
    <frame z="0" duration="1" tweenEasing="0">
     <transform x="1.700000000000001" pX="0" pY="0" skX="0" skY="0" scX="1" y="3.5500000000000007" scY="1"/>
    </frame>
    <frame z="0" duration="1" tweenEasing="0">
     <transform x="0.45000000000000107" pX="0" pY="0" skX="0" skY="0" scX="1" y="1.9499999999999993" scY="1"/>
    </frame>
    <frame z="0" duration="1">
     <transform x="0" pX="0" pY="0" skX="0" skY="0" scX="1" y="0" scY="1"/>
    </frame>
    <frame z="0" duration="1">
     <transform x="0" pX="0" pY="0" skX="0" skY="0" scX="1" y="0" scY="1"/>
    </frame>
   </timeline>
   <frame duration="39"/>
   <frame duration="1"/>
  </animation>
 </armature>
 <armature name="sphere2_2.bullet">
  <skin name="default">
   <slot name="bullet" z="0" parent="bullet">
    <display name="sphere" type="image">
     <transform x="0" pX="12.5" pY="11" skX="0" skY="0" scX="1" y="0" scY="1"/>
    </display>
   </slot>
  </skin>
  <bone name="bullet">
   <transform y="-24.25" skY="0" x="-15.15" scX="0.77" skX="0" scY="0.77"/>
  </bone>
  <animation name="bullet" scale="1" loop="1" fadeInTime="0.3" autoTween="NaN" duration="47" tweenEasing="NaN">
   <timeline name="bullet" scale="1" pX="0" pY="0" offset="0">
    <frame z="0" duration="1" tweenEasing="0">
     <transform x="0" pX="0" pY="0" skX="0" skY="0" scX="1" y="0" scY="1"/>
    </frame>
    <frame z="0" duration="1" tweenEasing="0">
     <transform x="0.34999999999999964" pX="0" pY="0" skX="0" skY="0" scX="1" y="-1.6499999999999986" scY="1"/>
    </frame>
    <frame z="0" duration="17" tweenEasing="0">
     <transform x="1.25" pX="0" pY="0" skX="0" skY="0" scX="1" y="-3.0500000000000007" scY="1"/>
    </frame>
    <frame z="0" duration="1" tweenEasing="0">
     <transform x="28.15" pX="0" pY="0" skX="0" skY="0" scX="1" y="-4" scY="1"/>
    </frame>
    <frame z="0" duration="1" tweenEasing="0">
     <transform x="29.35" pX="0" pY="0" skX="0" skY="0" scX="1" y="-2.75" scY="1"/>
    </frame>
    <frame z="0" duration="1" tweenEasing="0">
     <transform x="30.05" pX="0" pY="0" skX="0" skY="0" scX="1" y="-1.3500000000000014" scY="1"/>
    </frame>
    <frame z="0" duration="3" tweenEasing="0">
     <transform x="30.15" pX="0" pY="0" skX="0" skY="0" scX="1" y="0.3000000000000007" scY="1"/>
    </frame>
    <frame z="0" duration="1" tweenEasing="0">
     <transform x="27.3" pX="0" pY="0" skX="0" skY="0" scX="1" y="4.449999999999999" scY="1"/>
    </frame>
    <frame z="0" duration="17" tweenEasing="0">
     <transform x="25.9" pX="0" pY="0" skX="0" skY="0" scX="1" y="5.449999999999999" scY="1"/>
    </frame>
    <frame z="0" duration="1" tweenEasing="0">
     <transform x="1.4000000000000004" pX="0" pY="0" skX="0" skY="0" scX="1" y="3.3000000000000007" scY="1"/>
    </frame>
    <frame z="0" duration="1" tweenEasing="0">
     <transform x="0.34999999999999964" pX="0" pY="0" skX="0" skY="0" scX="1" y="1.75" scY="1"/>
    </frame>
    <frame z="0" duration="1">
     <transform x="0" pX="0" pY="0" skX="0" skY="0" scX="1" y="0" scY="1"/>
    </frame>
    <frame z="0" duration="1">
     <transform x="0" pX="0" pY="0" skX="0" skY="0" scX="1" y="0" scY="1"/>
    </frame>
   </timeline>
   <frame duration="46"/>
   <frame duration="1"/>
  </animation>
 </armature>
</root>