<TextureAtlas name="Tower2_mc" imagePath="texture.png">
 <SubTexture name="Shape/shape 4485" x="60" y="0" width="49" height="54"/>
 <SubTexture name="Shape/shape 4487" x="0" y="189" width="39" height="39"/>
 <SubTexture name="Shape/shape 4489" x="204" y="41" width="39" height="39"/>
 <SubTexture name="Shape/shape 4491" x="0" y="107" width="39" height="39"/>
 <SubTexture name="Shape/shape 4493" x="152" y="82" width="39" height="39"/>
 <SubTexture name="Shape/shape 4495" x="123" y="205" width="39" height="39"/>
 <SubTexture name="Shape/shape 4497" x="111" y="52" width="39" height="39"/>
 <SubTexture name="Shape/shape 4499" x="0" y="66" width="39" height="39"/>
 <SubTexture name="Shape/shape 4501" x="193" y="82" width="39" height="39"/>
 <SubTexture name="Shape/shape 4503" x="101" y="93" width="39" height="39"/>
 <SubTexture name="Shape/shape 4505" x="164" y="205" width="39" height="39"/>
 <SubTexture name="Shape/shape 4507" x="205" y="164" width="39" height="39"/>
 <SubTexture name="Shape/shape 4509" x="60" y="56" width="39" height="39"/>
 <SubTexture name="Shape/shape 4511" x="41" y="179" width="39" height="39"/>
 <SubTexture name="Shape/shape 4513" x="82" y="175" width="39" height="39"/>
 <SubTexture name="Shape/shape 4515" x="142" y="123" width="39" height="39"/>
 <SubTexture name="Shape/shape 4517" x="123" y="164" width="39" height="39"/>
 <SubTexture name="Shape/shape 4519" x="0" y="148" width="39" height="39"/>
 <SubTexture name="Shape/shape 4521" x="183" y="123" width="39" height="39"/>
 <SubTexture name="Shape/shape 4523" x="163" y="0" width="39" height="39"/>
 <SubTexture name="Shape/shape 4525" x="164" y="164" width="39" height="39"/>
 <SubTexture name="Shape/shape 4527" x="163" y="41" width="39" height="39"/>
 <SubTexture name="Shape/shape 4529" x="41" y="97" width="39" height="39"/>
 <SubTexture name="Shape/shape 4531" x="41" y="138" width="39" height="39"/>
 <SubTexture name="Shape/shape 4533" x="204" y="0" width="39" height="39"/>
 <SubTexture name="Shape/shape 4535" x="82" y="134" width="39" height="39"/>
 <SubTexture name="selectTower" x="0" y="0" width="58" height="64"/>
 <SubTexture name="case" x="111" y="0" width="50" height="50"/>
</TextureAtlas>