<TextureAtlas name="OpenLevel_mc" imagePath="texture.png">
 <SubTexture name="Symbol 1600" x="0" y="0" width="700" height="500"/>
 <SubTexture name="__dbTextures/Symbol 6089/Layer 14_0" x="702" y="0" width="608" height="449"/>
 <SubTexture name="位图 13" x="1830" y="776" width="44" height="21"/>
 <SubTexture name="位图 14" x="682" y="502" width="13" height="14"/>
 <SubTexture name="位图 15" x="230" y="654" width="58" height="29"/>
 <SubTexture name="位图 16" x="290" y="654" width="56" height="29"/>
 <SubTexture name="位图 17" x="1126" y="451" width="172" height="36"/>
 <SubTexture name="位图 18" x="2026" y="129" width="15" height="34"/>
 <SubTexture name="位图 19" x="2026" y="0" width="17" height="58"/>
 <SubTexture name="位图 20" x="432" y="685" width="34" height="29"/>
 <SubTexture name="位图 21" x="1510" y="682" width="31" height="20"/>
 <SubTexture name="位图 22" x="83" y="780" width="36" height="16"/>
 <SubTexture name="位图 23" x="37" y="780" width="44" height="19"/>
 <SubTexture name="位图 24" x="417" y="765" width="44" height="29"/>
 <SubTexture name="位图 25" x="411" y="654" width="55" height="29"/>
 <SubTexture name="位图 26" x="468" y="654" width="54" height="29"/>
 <SubTexture name="位图 27" x="371" y="765" width="44" height="29"/>
 <SubTexture name="位图 28" x="2026" y="60" width="20" height="31"/>
 <SubTexture name="Symbol 5714" x="0" y="780" width="36" height="29"/>
 <SubTexture name="Symbol 5717" x="1664" y="776" width="36" height="29"/>
 <SubTexture name="Symbol 5720" x="1793" y="776" width="36" height="29"/>
 <SubTexture name="Symbol 5723" x="1876" y="776" width="36" height="29"/>
 <SubTexture name="元件 5" x="314" y="685" width="30" height="13"/>
 <SubTexture name="元件 6" x="1766" y="654" width="31" height="24"/>
 <SubTexture name="元件 3" x="2018" y="527" width="29" height="24"/>
 <SubTexture name="元件 1" x="2018" y="552" width="29" height="24"/>
 <SubTexture name="Symbol 47" x="1974" y="0" width="50" height="50"/>
 <SubTexture name="__dbTextures/Symbol 5757/Layer 2_0" x="1762" y="0" width="210" height="150"/>
 <SubTexture name="__dbTextures/Symbol 5757/Layer 2_1" x="1550" y="152" width="210" height="150"/>
 <SubTexture name="__dbTextures/Symbol 5757/Layer 2_2" x="1760" y="456" width="210" height="150"/>
 <SubTexture name="__dbTextures/Symbol 5757/Layer 2_3" x="1312" y="329" width="210" height="150"/>
 <SubTexture name="__dbTextures/Symbol 5757/Layer 2_4" x="1312" y="177" width="210" height="150"/>
 <SubTexture name="__dbTextures/Symbol 5757/Layer 2_5" x="702" y="451" width="210" height="150"/>
 <SubTexture name="__dbTextures/Symbol 5757/Layer 2_6" x="1548" y="456" width="210" height="150"/>
 <SubTexture name="__dbTextures/Symbol 5757/Layer 2_7" x="212" y="502" width="210" height="150"/>
 <SubTexture name="__dbTextures/Symbol 5757/Layer 2_8" x="0" y="502" width="210" height="150"/>
 <SubTexture name="__dbTextures/Symbol 5757/Layer 2_9" x="424" y="502" width="210" height="150"/>
 <SubTexture name="__dbTextures/Symbol 5757/Layer 2_10" x="1550" y="304" width="210" height="150"/>
 <SubTexture name="__dbTextures/Symbol 5757/Layer 2_11" x="914" y="451" width="210" height="150"/>
 <SubTexture name="__dbTextures/Symbol 5757/Layer 2_12" x="1762" y="152" width="210" height="150"/>
 <SubTexture name="__dbTextures/Symbol 5757/Layer 2_13" x="1762" y="304" width="210" height="150"/>
 <SubTexture name="__dbTextures/Symbol 5757/Layer 2_14" x="1550" y="0" width="210" height="150"/>
 <SubTexture name="__dbTextures/Symbol 5757/Layer 2_15" x="1300" y="481" width="210" height="150"/>
 <SubTexture name="Symbol 5728" x="1312" y="0" width="237" height="176"/>
 <SubTexture name="Symbol 5759" x="778" y="603" width="94" height="101"/>
 <SubTexture name="Symbol 5773" x="1126" y="592" width="94" height="101"/>
 <SubTexture name="Symbol 5775" x="682" y="603" width="94" height="101"/>
 <SubTexture name="Symbol 5770" x="1974" y="104" width="50" height="50"/>
 <SubTexture name="Symbol 5778" x="1126" y="489" width="94" height="101"/>
 <SubTexture name="Symbol 5780" x="906" y="603" width="94" height="101"/>
 <SubTexture name="Symbol 5782" x="247" y="765" width="39" height="37"/>
 <SubTexture name="__dbTextures/Symbol 5784/Layer 1_1" x="331" y="765" width="39" height="37"/>
 <SubTexture name="Symbol 5786" x="2020" y="252" width="27" height="20"/>
 <SubTexture name="Symbol 5785" x="2020" y="296" width="26" height="20"/>
 <SubTexture name="位图 8" x="348" y="654" width="61" height="23"/>
 <SubTexture name="位图 9" x="664" y="706" width="54" height="24"/>
 <SubTexture name="位图 10" x="2026" y="93" width="15" height="34"/>
 <SubTexture name="位图 11" x="2020" y="165" width="25" height="31"/>
 <SubTexture name="位图 12" x="1766" y="679" width="30" height="22"/>
 <SubTexture name="位图 1" x="2018" y="498" width="27" height="27"/>
 <SubTexture name="位图 2" x="1544" y="608" width="160" height="25"/>
 <SubTexture name="位图 3" x="1524" y="177" width="24" height="27"/>
 <SubTexture name="位图 4" x="2020" y="227" width="26" height="23"/>
 <SubTexture name="位图 5" x="2020" y="198" width="25" height="27"/>
 <SubTexture name="位图 6" x="524" y="654" width="54" height="27"/>
 <SubTexture name="位图 7" x="1170" y="753" width="48" height="27"/>
 <SubTexture name="__dbTextures/Symbol 6088/Layer 12_0" x="688" y="782" width="275" height="60"/>
 <SubTexture name="Symbol 5834" x="1002" y="603" width="85" height="55"/>
 <SubTexture name="Symbol 6083" x="2008" y="706" width="38" height="38"/>
 <SubTexture name="Symbol 6085" x="2008" y="666" width="38" height="38"/>
 <SubTexture name="Symbol 6087" x="1964" y="746" width="38" height="38"/>
 <SubTexture name="__dbTextures/Symbol 5768/Layer 1_0" x="594" y="766" width="45" height="26"/>
 <SubTexture name="__dbTextures/Symbol 5768/Layer 1_3" x="519" y="776" width="45" height="26"/>
 <SubTexture name="__dbTextures/Symbol 5768/Layer 1_6" x="1117" y="775" width="45" height="26"/>
 <SubTexture name="__dbTextures/Symbol 5768/Layer 1_9" x="1701" y="776" width="45" height="26"/>
 <SubTexture name="__dbTextures/Symbol 5768/Layer 1_12" x="1070" y="775" width="45" height="26"/>
 <SubTexture name="__dbTextures/Symbol 5768/Layer 1_15" x="641" y="770" width="45" height="26"/>
 <SubTexture name="__dbTextures/Symbol 5822/Layer 1_0" x="874" y="653" width="30" height="48"/>
 <SubTexture name="__dbTextures/Symbol 5822/Layer 1_2" x="1512" y="482" width="30" height="48"/>
 <SubTexture name="__dbTextures/Symbol 5822/Layer 1_4" x="1936" y="608" width="30" height="48"/>
 <SubTexture name="__dbTextures/Symbol 5822/Layer 1_6" x="1268" y="539" width="30" height="48"/>
 <SubTexture name="__dbTextures/Symbol 5822/Layer 1_8" x="1512" y="632" width="30" height="48"/>
 <SubTexture name="__dbTextures/Symbol 5822/Layer 1_10" x="1268" y="639" width="30" height="48"/>
 <SubTexture name="__dbTextures/Symbol 5822/Layer 1_12" x="1512" y="532" width="30" height="48"/>
 <SubTexture name="__dbTextures/Symbol 5822/Layer 1_14" x="1512" y="582" width="30" height="48"/>
 <SubTexture name="__dbTextures/Symbol 5822/Layer 1_16" x="1268" y="489" width="30" height="48"/>
 <SubTexture name="__dbTextures/Symbol 5822/Layer 1_18" x="1089" y="653" width="30" height="48"/>
 <SubTexture name="__dbTextures/Symbol 5822/Layer 1_20" x="874" y="603" width="30" height="48"/>
 <SubTexture name="__dbTextures/Symbol 5822/Layer 1_22" x="2014" y="616" width="30" height="48"/>
 <SubTexture name="__dbTextures/Symbol 5822/Layer 1_24" x="1268" y="589" width="30" height="48"/>
 <SubTexture name="__dbTextures/Symbol 5822/Layer 1_26" x="1089" y="603" width="30" height="48"/>
 <SubTexture name="__dbTextures/Symbol 5905/Layer 1_0" x="1222" y="535" width="44" height="44"/>
 <SubTexture name="__dbTextures/Symbol 5905/Layer 1_1" x="138" y="654" width="44" height="44"/>
 <SubTexture name="__dbTextures/Symbol 5905/Layer 1_2" x="46" y="654" width="44" height="44"/>
 <SubTexture name="__dbTextures/Symbol 5905/Layer 1_3" x="1438" y="633" width="44" height="44"/>
 <SubTexture name="__dbTextures/Symbol 5905/Layer 1_4" x="636" y="594" width="44" height="44"/>
 <SubTexture name="__dbTextures/Symbol 5905/Layer 1_5" x="1974" y="248" width="44" height="44"/>
 <SubTexture name="__dbTextures/Symbol 5905/Layer 1_6" x="1222" y="627" width="44" height="44"/>
 <SubTexture name="__dbTextures/Symbol 5905/Layer 1_7" x="1844" y="608" width="44" height="44"/>
 <SubTexture name="__dbTextures/Symbol 5905/Layer 1_8" x="1222" y="489" width="44" height="44"/>
 <SubTexture name="__dbTextures/Symbol 5905/Layer 1_9" x="0" y="654" width="44" height="44"/>
 <SubTexture name="__dbTextures/Symbol 5905/Layer 1_10" x="1590" y="635" width="44" height="44"/>
 <SubTexture name="__dbTextures/Symbol 5905/Layer 1_11" x="1752" y="608" width="44" height="44"/>
 <SubTexture name="__dbTextures/Symbol 5905/Layer 1_12" x="1392" y="633" width="44" height="44"/>
 <SubTexture name="__dbTextures/Symbol 5905/Layer 1_13" x="1706" y="608" width="44" height="44"/>
 <SubTexture name="__dbTextures/Symbol 5905/Layer 1_14" x="1974" y="432" width="44" height="44"/>
 <SubTexture name="__dbTextures/Symbol 5905/Layer 1_15" x="1972" y="524" width="44" height="44"/>
 <SubTexture name="__dbTextures/Symbol 5905/Layer 1_16" x="1300" y="633" width="44" height="44"/>
 <SubTexture name="__dbTextures/Symbol 5905/Layer 1_17" x="92" y="654" width="44" height="44"/>
 <SubTexture name="__dbTextures/Symbol 5905/Layer 1_18" x="1972" y="570" width="44" height="44"/>
 <SubTexture name="__dbTextures/Symbol 5905/Layer 1_19" x="1968" y="616" width="44" height="44"/>
 <SubTexture name="__dbTextures/Symbol 5905/Layer 1_20" x="1974" y="386" width="44" height="44"/>
 <SubTexture name="__dbTextures/Symbol 5905/Layer 1_21" x="1346" y="633" width="44" height="44"/>
 <SubTexture name="__dbTextures/Symbol 5905/Layer 1_22" x="1798" y="608" width="44" height="44"/>
 <SubTexture name="__dbTextures/Symbol 5905/Layer 1_23" x="1544" y="635" width="44" height="44"/>
 <SubTexture name="__dbTextures/Symbol 5905/Layer 1_24" x="1974" y="156" width="44" height="44"/>
 <SubTexture name="__dbTextures/Symbol 5905/Layer 1_25" x="1974" y="202" width="44" height="44"/>
 <SubTexture name="__dbTextures/Symbol 5905/Layer 1_26" x="1222" y="581" width="44" height="44"/>
 <SubTexture name="__dbTextures/Symbol 5905/Layer 1_27" x="1974" y="294" width="44" height="44"/>
 <SubTexture name="__dbTextures/Symbol 5905/Layer 1_28" x="184" y="654" width="44" height="44"/>
 <SubTexture name="__dbTextures/Symbol 5905/Layer 1_29" x="636" y="548" width="44" height="44"/>
 <SubTexture name="__dbTextures/Symbol 5905/Layer 1_30" x="1636" y="635" width="44" height="44"/>
 <SubTexture name="__dbTextures/Symbol 5905/Layer 1_31" x="636" y="502" width="44" height="44"/>
 <SubTexture name="__dbTextures/Symbol 5905/Layer 1_32" x="1890" y="608" width="44" height="44"/>
 <SubTexture name="__dbTextures/Symbol 5905/Layer 1_33" x="1972" y="478" width="44" height="44"/>
 <SubTexture name="__dbTextures/Symbol 5905/Layer 1_34" x="1974" y="340" width="44" height="44"/>
 <SubTexture name="__dbTextures/Symbol 5905/Layer 1_60" x="636" y="640" width="44" height="44"/>
 <SubTexture name="__dbTextures/Symbol 5936/Layer 2_0" x="1442" y="759" width="35" height="40"/>
 <SubTexture name="__dbTextures/Symbol 5936/Layer 2_2" x="1627" y="761" width="35" height="40"/>
 <SubTexture name="__dbTextures/Symbol 5936/Layer 2_4" x="2004" y="746" width="35" height="40"/>
 <SubTexture name="__dbTextures/Symbol 5936/Layer 2_6" x="1590" y="761" width="35" height="40"/>
 <SubTexture name="__dbTextures/Symbol 5936/Layer 2_8" x="1405" y="759" width="35" height="40"/>
 <SubTexture name="__dbTextures/Symbol 5936/Layer 2_10" x="1220" y="753" width="35" height="40"/>
 <SubTexture name="__dbTextures/Symbol 5936/Layer 2_12" x="1331" y="759" width="35" height="40"/>
 <SubTexture name="__dbTextures/Symbol 5936/Layer 2_14" x="1479" y="759" width="35" height="40"/>
 <SubTexture name="__dbTextures/Symbol 5936/Layer 2_16" x="210" y="765" width="35" height="40"/>
 <SubTexture name="__dbTextures/Symbol 5936/Layer 2_18" x="1516" y="761" width="35" height="40"/>
 <SubTexture name="__dbTextures/Symbol 5936/Layer 2_20" x="1257" y="759" width="35" height="40"/>
 <SubTexture name="__dbTextures/Symbol 5936/Layer 2_22" x="294" y="759" width="35" height="40"/>
 <SubTexture name="__dbTextures/Symbol 5936/Layer 2_24" x="1553" y="761" width="35" height="40"/>
 <SubTexture name="__dbTextures/Symbol 5936/Layer 2_26" x="1294" y="759" width="35" height="40"/>
 <SubTexture name="__dbTextures/Symbol 5936/Layer 2_28" x="482" y="763" width="35" height="40"/>
 <SubTexture name="__dbTextures/Symbol 5936/Layer 2_30" x="1368" y="759" width="35" height="40"/>
 <SubTexture name="Symbol 4085" x="1974" y="52" width="50" height="50"/>
 <SubTexture name="__dbTextures/Symbol 6012/Layer 2_0" x="126" y="742" width="40" height="36"/>
 <SubTexture name="__dbTextures/Symbol 6012/Layer 2_1" x="944" y="744" width="40" height="36"/>
 <SubTexture name="__dbTextures/Symbol 6012/Layer 2_2" x="1289" y="721" width="40" height="36"/>
 <SubTexture name="__dbTextures/Symbol 6012/Layer 2_3" x="398" y="727" width="40" height="36"/>
 <SubTexture name="__dbTextures/Symbol 6012/Layer 2_4" x="84" y="742" width="40" height="36"/>
 <SubTexture name="__dbTextures/Symbol 6012/Layer 2_5" x="1247" y="715" width="40" height="36"/>
 <SubTexture name="__dbTextures/Symbol 6012/Layer 2_6" x="1086" y="737" width="40" height="36"/>
 <SubTexture name="__dbTextures/Symbol 6012/Layer 2_7" x="1205" y="715" width="40" height="36"/>
 <SubTexture name="__dbTextures/Symbol 6012/Layer 2_8" x="804" y="706" width="40" height="36"/>
 <SubTexture name="__dbTextures/Symbol 6012/Layer 2_9" x="1499" y="721" width="40" height="36"/>
 <SubTexture name="__dbTextures/Symbol 6012/Layer 2_10" x="1541" y="723" width="40" height="36"/>
 <SubTexture name="__dbTextures/Symbol 6012/Layer 2_11" x="860" y="744" width="40" height="36"/>
 <SubTexture name="__dbTextures/Symbol 6012/Layer 2_12" x="1128" y="737" width="40" height="36"/>
 <SubTexture name="__dbTextures/Symbol 6012/Layer 2_13" x="1667" y="738" width="40" height="36"/>
 <SubTexture name="__dbTextures/Symbol 6012/Layer 2_14" x="1751" y="745" width="40" height="36"/>
 <SubTexture name="__dbTextures/Symbol 6012/Layer 2_15" x="720" y="706" width="40" height="36"/>
 <SubTexture name="__dbTextures/Symbol 6012/Layer 2_16" x="1331" y="721" width="40" height="36"/>
 <SubTexture name="__dbTextures/Symbol 6012/Layer 2_17" x="356" y="727" width="40" height="36"/>
 <SubTexture name="__dbTextures/Symbol 6012/Layer 2_18" x="734" y="744" width="40" height="36"/>
 <SubTexture name="__dbTextures/Symbol 6012/Layer 2_19" x="210" y="727" width="40" height="36"/>
 <SubTexture name="__dbTextures/Symbol 6012/Layer 2_20" x="1373" y="721" width="40" height="36"/>
 <SubTexture name="__dbTextures/Symbol 6012/Layer 2_21" x="818" y="744" width="40" height="36"/>
 <SubTexture name="__dbTextures/Symbol 6012/Layer 2_22" x="1583" y="723" width="40" height="36"/>
 <SubTexture name="__dbTextures/Symbol 6012/Layer 2_23" x="762" y="706" width="40" height="36"/>
 <SubTexture name="__dbTextures/Symbol 6012/Layer 2_24" x="1457" y="721" width="40" height="36"/>
 <SubTexture name="__dbTextures/Symbol 6012/Layer 2_25" x="1838" y="738" width="40" height="36"/>
 <SubTexture name="__dbTextures/Symbol 6012/Layer 2_26" x="846" y="706" width="40" height="36"/>
 <SubTexture name="__dbTextures/Symbol 6012/Layer 2_27" x="1415" y="721" width="40" height="36"/>
 <SubTexture name="__dbTextures/Symbol 6012/Layer 2_28" x="1796" y="738" width="40" height="36"/>
 <SubTexture name="__dbTextures/Symbol 6012/Layer 2_29" x="1880" y="738" width="40" height="36"/>
 <SubTexture name="__dbTextures/Symbol 6012/Layer 2_30" x="650" y="732" width="40" height="36"/>
 <SubTexture name="__dbTextures/Symbol 6012/Layer 2_31" x="510" y="725" width="40" height="36"/>
 <SubTexture name="__dbTextures/Symbol 6012/Layer 2_32" x="692" y="744" width="40" height="36"/>
 <SubTexture name="__dbTextures/Symbol 6012/Layer 2_33" x="314" y="721" width="40" height="36"/>
 <SubTexture name="__dbTextures/Symbol 6012/Layer 2_34" x="1922" y="742" width="40" height="36"/>
 <SubTexture name="__dbTextures/Symbol 6012/Layer 2_35" x="888" y="706" width="40" height="36"/>
 <SubTexture name="__dbTextures/Symbol 6012/Layer 2_36" x="986" y="744" width="40" height="36"/>
 <SubTexture name="__dbTextures/Symbol 6012/Layer 2_37" x="930" y="706" width="40" height="36"/>
 <SubTexture name="__dbTextures/Symbol 6012/Layer 2_38" x="0" y="742" width="40" height="36"/>
 <SubTexture name="__dbTextures/Symbol 6012/Layer 2_39" x="1709" y="738" width="40" height="36"/>
 <SubTexture name="__dbTextures/Symbol 6012/Layer 2_40" x="168" y="742" width="40" height="36"/>
 <SubTexture name="__dbTextures/Symbol 6012/Layer 2_41" x="1625" y="723" width="40" height="36"/>
 <SubTexture name="__dbTextures/Symbol 6012/Layer 2_42" x="776" y="744" width="40" height="36"/>
 <SubTexture name="__dbTextures/Symbol 6012/Layer 2_43" x="440" y="727" width="40" height="36"/>
 <SubTexture name="__dbTextures/Symbol 6012/Layer 2_44" x="42" y="742" width="40" height="36"/>
 <SubTexture name="__dbTextures/Symbol 6012/Layer 2_45" x="552" y="738" width="40" height="36"/>
 <SubTexture name="__dbTextures/Symbol 6012/Layer 2_46" x="1028" y="744" width="40" height="36"/>
 <SubTexture name="__dbTextures/Symbol 6012/Layer 2_47" x="252" y="727" width="40" height="36"/>
 <SubTexture name="__dbTextures/Symbol 6012/Layer 2_48" x="902" y="744" width="40" height="36"/>
 <SubTexture name="__dbTextures/Symbol 6012/Layer 2_49" x="608" y="728" width="40" height="36"/>
 <SubTexture name="__dbTextures/Symbol 6034/Layer 2_0" x="1524" y="206" width="24" height="21"/>
 <SubTexture name="__dbTextures/Symbol 6034/Layer 2_2" x="2020" y="385" width="23" height="21"/>
 <SubTexture name="__dbTextures/Symbol 6034/Layer 2_4" x="2020" y="408" width="23" height="20"/>
 <SubTexture name="__dbTextures/Symbol 6034/Layer 2_6" x="2018" y="577" width="22" height="20"/>
 <SubTexture name="__dbTextures/Symbol 6034/Layer 2_8" x="2020" y="362" width="23" height="21"/>
 <SubTexture name="__dbTextures/Symbol 6034/Layer 2_10" x="2020" y="273" width="25" height="21"/>
 <SubTexture name="__dbTextures/Symbol 6034/Layer 2_13" x="1524" y="367" width="23" height="21"/>
 <SubTexture name="__dbTextures/Symbol 6034/Layer 2_15" x="2020" y="476" width="22" height="20"/>
 <SubTexture name="__dbTextures/Symbol 6034/Layer 2_17" x="1524" y="414" width="23" height="20"/>
 <SubTexture name="__dbTextures/Symbol 6034/Layer 2_19" x="1524" y="344" width="23" height="21"/>
 <SubTexture name="__dbTextures/Symbol 6034/Layer 2_21" x="1524" y="229" width="24" height="21"/>
 <SubTexture name="__dbTextures/Symbol 6034/Layer 2_23" x="1524" y="252" width="24" height="21"/>
 <SubTexture name="__dbTextures/Symbol 6034/Layer 2_25" x="2020" y="340" width="24" height="20"/>
 <SubTexture name="__dbTextures/Symbol 6034/Layer 2_27" x="1524" y="321" width="24" height="21"/>
 <SubTexture name="__dbTextures/Symbol 6034/Layer 2_29" x="1524" y="436" width="22" height="21"/>
 <SubTexture name="__dbTextures/Symbol 6034/Layer 2_31" x="2020" y="430" width="22" height="21"/>
 <SubTexture name="__dbTextures/Symbol 6034/Layer 2_33" x="1524" y="390" width="22" height="22"/>
 <SubTexture name="__dbTextures/Symbol 6034/Layer 2_36" x="1524" y="459" width="22" height="21"/>
 <SubTexture name="__dbTextures/Symbol 6034/Layer 2_38" x="2020" y="453" width="22" height="21"/>
 <SubTexture name="__dbTextures/Symbol 6034/Layer 2_40" x="1524" y="298" width="24" height="21"/>
 <SubTexture name="__dbTextures/Symbol 6034/Layer 2_42" x="1524" y="275" width="24" height="21"/>
 <SubTexture name="__dbTextures/Symbol 6034/Layer 2_44" x="2020" y="317" width="24" height="21"/>
 <SubTexture name="__dbTextures/Symbol 6079/Layer 2_0" x="622" y="686" width="40" height="40"/>
 <SubTexture name="__dbTextures/Symbol 6079/Layer 2_1" x="1544" y="681" width="40" height="40"/>
 <SubTexture name="__dbTextures/Symbol 6079/Layer 2_2" x="1384" y="679" width="40" height="40"/>
 <SubTexture name="__dbTextures/Symbol 6079/Layer 2_3" x="42" y="700" width="40" height="40"/>
 <SubTexture name="__dbTextures/Symbol 6079/Layer 2_4" x="1924" y="658" width="40" height="40"/>
 <SubTexture name="__dbTextures/Symbol 6079/Layer 2_5" x="126" y="700" width="40" height="40"/>
 <SubTexture name="__dbTextures/Symbol 6079/Layer 2_6" x="1882" y="654" width="40" height="40"/>
 <SubTexture name="__dbTextures/Symbol 6079/Layer 2_7" x="1342" y="679" width="40" height="40"/>
 <SubTexture name="__dbTextures/Symbol 6079/Layer 2_8" x="1798" y="696" width="40" height="40"/>
 <SubTexture name="__dbTextures/Symbol 6079/Layer 2_9" x="1468" y="679" width="40" height="40"/>
 <SubTexture name="__dbTextures/Symbol 6079/Layer 2_10" x="1670" y="696" width="40" height="40"/>
 <SubTexture name="__dbTextures/Symbol 6079/Layer 2_11" x="524" y="683" width="40" height="40"/>
 <SubTexture name="__dbTextures/Symbol 6079/Layer 2_12" x="566" y="696" width="40" height="40"/>
 <SubTexture name="__dbTextures/Symbol 6079/Layer 2_13" x="580" y="654" width="40" height="40"/>
 <SubTexture name="__dbTextures/Symbol 6079/Layer 2_14" x="1121" y="695" width="40" height="40"/>
 <SubTexture name="__dbTextures/Symbol 6079/Layer 2_15" x="1586" y="681" width="40" height="40"/>
 <SubTexture name="__dbTextures/Symbol 6079/Layer 2_16" x="1682" y="654" width="40" height="40"/>
 <SubTexture name="__dbTextures/Symbol 6079/Layer 2_17" x="230" y="685" width="40" height="40"/>
 <SubTexture name="__dbTextures/Symbol 6079/Layer 2_18" x="1966" y="704" width="40" height="40"/>
 <SubTexture name="__dbTextures/Symbol 6079/Layer 2_19" x="1798" y="654" width="40" height="40"/>
 <SubTexture name="__dbTextures/Symbol 6079/Layer 2_20" x="1966" y="662" width="40" height="40"/>
 <SubTexture name="__dbTextures/Symbol 6079/Layer 2_21" x="390" y="685" width="40" height="40"/>
 <SubTexture name="__dbTextures/Symbol 6079/Layer 2_22" x="0" y="700" width="40" height="40"/>
 <SubTexture name="__dbTextures/Symbol 6079/Layer 2_23" x="468" y="685" width="40" height="40"/>
 <SubTexture name="__dbTextures/Symbol 6079/Layer 2_24" x="1754" y="703" width="40" height="40"/>
 <SubTexture name="__dbTextures/Symbol 6079/Layer 2_25" x="1044" y="702" width="40" height="40"/>
 <SubTexture name="__dbTextures/Symbol 6079/Layer 2_26" x="84" y="700" width="40" height="40"/>
 <SubTexture name="__dbTextures/Symbol 6079/Layer 2_27" x="1163" y="695" width="40" height="40"/>
 <SubTexture name="__dbTextures/Symbol 6079/Layer 2_28" x="348" y="679" width="40" height="40"/>
 <SubTexture name="__dbTextures/Symbol 6079/Layer 2_29" x="1712" y="696" width="40" height="40"/>
 <SubTexture name="__dbTextures/Symbol 6079/Layer 2_30" x="1840" y="654" width="40" height="40"/>
 <SubTexture name="__dbTextures/Symbol 6079/Layer 2_31" x="1044" y="660" width="40" height="40"/>
 <SubTexture name="__dbTextures/Symbol 6079/Layer 2_32" x="1840" y="696" width="40" height="40"/>
 <SubTexture name="__dbTextures/Symbol 6079/Layer 2_33" x="1002" y="660" width="40" height="40"/>
 <SubTexture name="__dbTextures/Symbol 6079/Layer 2_34" x="1628" y="681" width="40" height="40"/>
 <SubTexture name="__dbTextures/Symbol 6079/Layer 2_35" x="168" y="700" width="40" height="40"/>
 <SubTexture name="__dbTextures/Symbol 6079/Layer 2_36" x="1002" y="702" width="40" height="40"/>
 <SubTexture name="__dbTextures/Symbol 6079/Layer 2_37" x="1426" y="679" width="40" height="40"/>
 <SubTexture name="__dbTextures/Symbol 6079/Layer 2_38" x="1924" y="700" width="40" height="40"/>
 <SubTexture name="__dbTextures/Symbol 6079/Layer 2_39" x="1882" y="696" width="40" height="40"/>
 <SubTexture name="__dbTextures/Symbol 6079/Layer 2_40" x="1222" y="673" width="40" height="40"/>
 <SubTexture name="__dbTextures/Symbol 6079/Layer 2_41" x="1724" y="654" width="40" height="40"/>
 <SubTexture name="__dbTextures/Symbol 6079/Layer 2_42" x="1300" y="679" width="40" height="40"/>
 <SubTexture name="__dbTextures/Symbol 6079/Layer 2_43" x="272" y="685" width="40" height="40"/>
</TextureAtlas>