<TextureAtlas name="OpenLevel_mc" imagePath="texture.png">
 <SubTexture name="Symbol 1600" x="0" y="0" width="700" height="500"/>
 <SubTexture name="__dbTextures/board/Layer 14_0" x="702" y="0" width="608" height="449"/>
 <SubTexture name="位图 13" x="1603" y="1134" width="116" height="71"/>
 <SubTexture name="Symbol 5714" x="548" y="1056" width="36" height="29"/>
 <SubTexture name="Symbol 5717" x="1875" y="1092" width="36" height="29"/>
 <SubTexture name="Symbol 5720" x="503" y="1076" width="36" height="29"/>
 <SubTexture name="Symbol 5723" x="1958" y="1086" width="36" height="29"/>
 <SubTexture name="元件 5" x="1546" y="858" width="30" height="13"/>
 <SubTexture name="元件 6" x="1791" y="746" width="31" height="24"/>
 <SubTexture name="元件 3" x="1823" y="747" width="29" height="24"/>
 <SubTexture name="元件 1" x="596" y="768" width="29" height="24"/>
 <SubTexture name="Symbol 47" x="1976" y="210" width="50" height="50"/>
 <SubTexture name="__dbTextures/map/Layer 2_1" x="1579" y="678" width="210" height="150"/>
 <SubTexture name="__dbTextures/map/Layer 2_2" x="0" y="965" width="210" height="150"/>
 <SubTexture name="__dbTextures/map/Layer 2_3" x="1589" y="526" width="210" height="150"/>
 <SubTexture name="__dbTextures/map/Layer 2_4" x="973" y="916" width="210" height="150"/>
 <SubTexture name="__dbTextures/map/Layer 2_5" x="694" y="917" width="210" height="150"/>
 <SubTexture name="__dbTextures/map/Layer 2_6" x="1579" y="830" width="210" height="150"/>
 <SubTexture name="__dbTextures/map/Layer 2_7" x="1546" y="982" width="210" height="150"/>
 <SubTexture name="__dbTextures/map/Layer 2_8" x="277" y="812" width="210" height="150"/>
 <SubTexture name="__dbTextures/map/Layer 2_9" x="676" y="1069" width="210" height="150"/>
 <SubTexture name="__dbTextures/map/Layer 2_10" x="948" y="1068" width="210" height="150"/>
 <SubTexture name="__dbTextures/map/Layer 2_11" x="1292" y="858" width="210" height="150"/>
 <SubTexture name="__dbTextures/map/Layer 2_12" x="1589" y="374" width="210" height="150"/>
 <SubTexture name="__dbTextures/map/Layer 2_13" x="254" y="964" width="210" height="150"/>
 <SubTexture name="__dbTextures/map/Layer 2_14" x="0" y="813" width="210" height="150"/>
 <SubTexture name="__dbTextures/map/Layer 2_15" x="1269" y="1010" width="210" height="150"/>
 <SubTexture name="Symbol 5728" x="1589" y="197" width="237" height="176"/>
 <SubTexture name="Symbol 5759" x="1858" y="582" width="94" height="101"/>
 <SubTexture name="Symbol 5773" x="1859" y="479" width="94" height="101"/>
 <SubTexture name="Symbol 5775" x="1859" y="273" width="94" height="101"/>
 <SubTexture name="Symbol 5770" x="1986" y="158" width="50" height="50"/>
 <SubTexture name="Symbol 5778" x="554" y="502" width="94" height="101"/>
 <SubTexture name="Symbol 5780" x="1859" y="376" width="94" height="101"/>
 <SubTexture name="Symbol 5782" x="1835" y="1055" width="39" height="37"/>
 <SubTexture name="__dbTextures/star3/Layer 1_1" x="1795" y="1055" width="39" height="37"/>
 <SubTexture name="Symbol 5786" x="600" y="747" width="27" height="20"/>
 <SubTexture name="Symbol 5785" x="668" y="776" width="26" height="20"/>
 <SubTexture name="__dbTextures/status/Layer 1_1" x="1861" y="0" width="183" height="57"/>
 <SubTexture name="__dbTextures/status/Layer 1_2" x="466" y="1114" width="204" height="57"/>
 <SubTexture name="__dbTextures/status/Layer 1_3" x="212" y="1116" width="190" height="57"/>
 <SubTexture name="__dbTextures/status/Layer 1_4" x="0" y="1117" width="190" height="57"/>
 <SubTexture name="位图 1" x="1861" y="186" width="113" height="85"/>
 <SubTexture name="位图 2" x="1861" y="59" width="178" height="45"/>
 <SubTexture name="位图 3" x="1758" y="1094" width="107" height="78"/>
 <SubTexture name="位图 4" x="1912" y="1116" width="119" height="75"/>
 <SubTexture name="位图 5" x="1861" y="106" width="123" height="78"/>
 <SubTexture name="位图 6" x="1481" y="1134" width="120" height="72"/>
 <SubTexture name="位图 7" x="600" y="712" width="27" height="33"/>
 <SubTexture name="Symbol 5834" x="554" y="605" width="85" height="55"/>
 <SubTexture name="Symbol 6083" x="1815" y="814" width="38" height="38"/>
 <SubTexture name="Symbol 6085" x="1959" y="1046" width="38" height="38"/>
 <SubTexture name="Symbol 6087" x="508" y="1036" width="38" height="38"/>
 <SubTexture name="__dbTextures/description/Layer 9_0" x="1589" y="0" width="270" height="195"/>
 <SubTexture name="__dbTextures/description/Layer 9_1" x="973" y="765" width="275" height="149"/>
 <SubTexture name="__dbTextures/description/Layer 9_2" x="1312" y="209" width="275" height="170"/>
 <SubTexture name="__dbTextures/description/Layer 9_3" x="979" y="451" width="275" height="158"/>
 <SubTexture name="__dbTextures/description/Layer 9_4" x="277" y="659" width="275" height="151"/>
 <SubTexture name="__dbTextures/description/Layer 9_5" x="1312" y="381" width="275" height="168"/>
 <SubTexture name="__dbTextures/description/Layer 9_6" x="702" y="451" width="275" height="164"/>
 <SubTexture name="__dbTextures/description/Layer 9_7" x="696" y="617" width="275" height="151"/>
 <SubTexture name="__dbTextures/description/Layer 9_8" x="1312" y="0" width="275" height="207"/>
 <SubTexture name="__dbTextures/description/Layer 9_9" x="1302" y="707" width="275" height="149"/>
 <SubTexture name="__dbTextures/description/Layer 9_10" x="0" y="502" width="275" height="156"/>
 <SubTexture name="__dbTextures/description/Layer 9_11" x="277" y="502" width="275" height="155"/>
 <SubTexture name="__dbTextures/description/Layer 9_12" x="1302" y="551" width="275" height="154"/>
 <SubTexture name="__dbTextures/description/Layer 9_13" x="979" y="611" width="275" height="152"/>
 <SubTexture name="__dbTextures/description/Layer 9_14" x="0" y="660" width="275" height="151"/>
 <SubTexture name="__dbTextures/description/Layer 9_15" x="696" y="770" width="275" height="145"/>
 <SubTexture name="__dbTextures/eyes/Layer 1_3" x="1160" y="1068" width="45" height="26"/>
 <SubTexture name="__dbTextures/eyes/Layer 1_6" x="540" y="1086" width="45" height="26"/>
 <SubTexture name="__dbTextures/eyes/Layer 1_9" x="629" y="1068" width="45" height="26"/>
 <SubTexture name="__dbTextures/eyes/Layer 1_12" x="888" y="1069" width="45" height="26"/>
 <SubTexture name="__dbTextures/eyes/Layer 1_15" x="1995" y="1088" width="45" height="26"/>
 <SubTexture name="__dbTextures/fire/Layer 1_2" x="1791" y="696" width="30" height="48"/>
 <SubTexture name="__dbTextures/fire/Layer 1_4" x="1825" y="597" width="30" height="48"/>
 <SubTexture name="__dbTextures/fire/Layer 1_6" x="1823" y="697" width="30" height="48"/>
 <SubTexture name="__dbTextures/fire/Layer 1_8" x="1827" y="347" width="30" height="48"/>
 <SubTexture name="__dbTextures/fire/Layer 1_10" x="600" y="662" width="30" height="48"/>
 <SubTexture name="__dbTextures/fire/Layer 1_12" x="1827" y="397" width="30" height="48"/>
 <SubTexture name="__dbTextures/fire/Layer 1_14" x="1827" y="297" width="30" height="48"/>
 <SubTexture name="__dbTextures/fire/Layer 1_16" x="1826" y="497" width="30" height="48"/>
 <SubTexture name="__dbTextures/fire/Layer 1_18" x="1825" y="647" width="30" height="48"/>
 <SubTexture name="__dbTextures/fire/Layer 1_20" x="1826" y="547" width="30" height="48"/>
 <SubTexture name="__dbTextures/fire/Layer 1_22" x="1827" y="447" width="30" height="48"/>
 <SubTexture name="__dbTextures/fire/Layer 1_24" x="1827" y="247" width="30" height="48"/>
 <SubTexture name="__dbTextures/fire/Layer 1_26" x="1827" y="197" width="30" height="48"/>
 <SubTexture name="__dbTextures/getSphere/Layer 1_1" x="1955" y="308" width="44" height="44"/>
 <SubTexture name="__dbTextures/getSphere/Layer 1_2" x="1954" y="676" width="44" height="44"/>
 <SubTexture name="__dbTextures/getSphere/Layer 1_3" x="1955" y="492" width="44" height="44"/>
 <SubTexture name="__dbTextures/getSphere/Layer 1_4" x="1954" y="584" width="44" height="44"/>
 <SubTexture name="__dbTextures/getSphere/Layer 1_5" x="2001" y="308" width="44" height="44"/>
 <SubTexture name="__dbTextures/getSphere/Layer 1_6" x="632" y="686" width="44" height="44"/>
 <SubTexture name="__dbTextures/getSphere/Layer 1_7" x="641" y="640" width="44" height="44"/>
 <SubTexture name="__dbTextures/getSphere/Layer 1_8" x="2001" y="446" width="44" height="44"/>
 <SubTexture name="__dbTextures/getSphere/Layer 1_9" x="650" y="594" width="44" height="44"/>
 <SubTexture name="__dbTextures/getSphere/Layer 1_10" x="554" y="708" width="44" height="44"/>
 <SubTexture name="__dbTextures/getSphere/Layer 1_11" x="1976" y="262" width="44" height="44"/>
 <SubTexture name="__dbTextures/getSphere/Layer 1_12" x="1955" y="400" width="44" height="44"/>
 <SubTexture name="__dbTextures/getSphere/Layer 1_13" x="2001" y="492" width="44" height="44"/>
 <SubTexture name="__dbTextures/getSphere/Layer 1_14" x="1256" y="497" width="44" height="44"/>
 <SubTexture name="__dbTextures/getSphere/Layer 1_15" x="1256" y="589" width="44" height="44"/>
 <SubTexture name="__dbTextures/getSphere/Layer 1_16" x="2000" y="630" width="44" height="44"/>
 <SubTexture name="__dbTextures/getSphere/Layer 1_17" x="2000" y="584" width="44" height="44"/>
 <SubTexture name="__dbTextures/getSphere/Layer 1_18" x="554" y="662" width="44" height="44"/>
 <SubTexture name="__dbTextures/getSphere/Layer 1_19" x="2000" y="676" width="44" height="44"/>
 <SubTexture name="__dbTextures/getSphere/Layer 1_20" x="2001" y="400" width="44" height="44"/>
 <SubTexture name="__dbTextures/getSphere/Layer 1_21" x="1256" y="681" width="44" height="44"/>
 <SubTexture name="__dbTextures/getSphere/Layer 1_22" x="650" y="502" width="44" height="44"/>
 <SubTexture name="__dbTextures/getSphere/Layer 1_23" x="1256" y="635" width="44" height="44"/>
 <SubTexture name="__dbTextures/getSphere/Layer 1_24" x="1954" y="630" width="44" height="44"/>
 <SubTexture name="__dbTextures/getSphere/Layer 1_25" x="1857" y="685" width="44" height="44"/>
 <SubTexture name="__dbTextures/getSphere/Layer 1_26" x="1955" y="446" width="44" height="44"/>
 <SubTexture name="__dbTextures/getSphere/Layer 1_27" x="1955" y="538" width="44" height="44"/>
 <SubTexture name="__dbTextures/getSphere/Layer 1_28" x="2001" y="538" width="44" height="44"/>
 <SubTexture name="__dbTextures/getSphere/Layer 1_29" x="2001" y="354" width="44" height="44"/>
 <SubTexture name="__dbTextures/getSphere/Layer 1_30" x="1903" y="685" width="44" height="44"/>
 <SubTexture name="__dbTextures/getSphere/Layer 1_31" x="1256" y="543" width="44" height="44"/>
 <SubTexture name="__dbTextures/getSphere/Layer 1_32" x="1949" y="722" width="44" height="44"/>
 <SubTexture name="__dbTextures/getSphere/Layer 1_33" x="650" y="548" width="44" height="44"/>
 <SubTexture name="__dbTextures/getSphere/Layer 1_34" x="1256" y="451" width="44" height="44"/>
 <SubTexture name="__dbTextures/getSphere/Layer 1_60" x="1955" y="354" width="44" height="44"/>
 <SubTexture name="__dbTextures/fireSphere/Layer 2_2" x="657" y="858" width="35" height="40"/>
 <SubTexture name="__dbTextures/fireSphere/Layer 2_4" x="657" y="1026" width="35" height="40"/>
 <SubTexture name="__dbTextures/fireSphere/Layer 2_6" x="1921" y="1050" width="35" height="40"/>
 <SubTexture name="__dbTextures/fireSphere/Layer 2_8" x="657" y="984" width="35" height="40"/>
 <SubTexture name="__dbTextures/fireSphere/Layer 2_10" x="1884" y="1050" width="35" height="40"/>
 <SubTexture name="__dbTextures/fireSphere/Layer 2_12" x="1999" y="1046" width="35" height="40"/>
 <SubTexture name="__dbTextures/fireSphere/Layer 2_14" x="212" y="1053" width="35" height="40"/>
 <SubTexture name="__dbTextures/fireSphere/Layer 2_16" x="1227" y="1051" width="35" height="40"/>
 <SubTexture name="__dbTextures/fireSphere/Layer 2_18" x="1818" y="772" width="35" height="40"/>
 <SubTexture name="__dbTextures/fireSphere/Layer 2_20" x="592" y="1052" width="35" height="40"/>
 <SubTexture name="__dbTextures/fireSphere/Layer 2_22" x="1758" y="1052" width="35" height="40"/>
 <SubTexture name="__dbTextures/fireSphere/Layer 2_24" x="657" y="942" width="35" height="40"/>
 <SubTexture name="__dbTextures/fireSphere/Layer 2_26" x="1481" y="1052" width="35" height="40"/>
 <SubTexture name="__dbTextures/fireSphere/Layer 2_28" x="657" y="900" width="35" height="40"/>
 <SubTexture name="__dbTextures/fireSphere/Layer 2_30" x="466" y="1052" width="35" height="40"/>
 <SubTexture name="Symbol 4085" x="1986" y="106" width="50" height="50"/>
 <SubTexture name="__dbTextures/iceSphere/Layer 2_1" x="531" y="922" width="40" height="36"/>
 <SubTexture name="__dbTextures/iceSphere/Layer 2_2" x="212" y="977" width="40" height="36"/>
 <SubTexture name="__dbTextures/iceSphere/Layer 2_3" x="1842" y="1017" width="40" height="36"/>
 <SubTexture name="__dbTextures/iceSphere/Layer 2_4" x="1917" y="1012" width="40" height="36"/>
 <SubTexture name="__dbTextures/iceSphere/Layer 2_5" x="1800" y="1017" width="40" height="36"/>
 <SubTexture name="__dbTextures/iceSphere/Layer 2_6" x="906" y="1031" width="40" height="36"/>
 <SubTexture name="__dbTextures/iceSphere/Layer 2_7" x="615" y="900" width="40" height="36"/>
 <SubTexture name="__dbTextures/iceSphere/Layer 2_8" x="2001" y="1008" width="40" height="36"/>
 <SubTexture name="__dbTextures/iceSphere/Layer 2_9" x="2001" y="932" width="40" height="36"/>
 <SubTexture name="__dbTextures/iceSphere/Layer 2_10" x="212" y="939" width="40" height="36"/>
 <SubTexture name="__dbTextures/iceSphere/Layer 2_11" x="906" y="955" width="40" height="36"/>
 <SubTexture name="__dbTextures/iceSphere/Layer 2_12" x="1959" y="970" width="40" height="36"/>
 <SubTexture name="__dbTextures/iceSphere/Layer 2_13" x="1833" y="979" width="40" height="36"/>
 <SubTexture name="__dbTextures/iceSphere/Layer 2_14" x="1875" y="941" width="40" height="36"/>
 <SubTexture name="__dbTextures/iceSphere/Layer 2_15" x="1227" y="1013" width="40" height="36"/>
 <SubTexture name="__dbTextures/iceSphere/Layer 2_16" x="1504" y="900" width="40" height="36"/>
 <SubTexture name="__dbTextures/iceSphere/Layer 2_17" x="1959" y="1008" width="40" height="36"/>
 <SubTexture name="__dbTextures/iceSphere/Layer 2_18" x="1917" y="974" width="40" height="36"/>
 <SubTexture name="__dbTextures/iceSphere/Layer 2_19" x="1959" y="932" width="40" height="36"/>
 <SubTexture name="__dbTextures/iceSphere/Layer 2_20" x="1185" y="992" width="40" height="36"/>
 <SubTexture name="__dbTextures/iceSphere/Layer 2_21" x="1791" y="976" width="40" height="36"/>
 <SubTexture name="__dbTextures/iceSphere/Layer 2_22" x="1917" y="936" width="40" height="36"/>
 <SubTexture name="__dbTextures/iceSphere/Layer 2_23" x="212" y="1015" width="40" height="36"/>
 <SubTexture name="__dbTextures/iceSphere/Layer 2_24" x="906" y="993" width="40" height="36"/>
 <SubTexture name="__dbTextures/iceSphere/Layer 2_25" x="573" y="942" width="40" height="36"/>
 <SubTexture name="__dbTextures/iceSphere/Layer 2_26" x="1791" y="938" width="40" height="36"/>
 <SubTexture name="__dbTextures/iceSphere/Layer 2_27" x="1227" y="975" width="40" height="36"/>
 <SubTexture name="__dbTextures/iceSphere/Layer 2_28" x="508" y="998" width="40" height="36"/>
 <SubTexture name="__dbTextures/iceSphere/Layer 2_29" x="615" y="1014" width="40" height="36"/>
 <SubTexture name="__dbTextures/iceSphere/Layer 2_30" x="906" y="917" width="40" height="36"/>
 <SubTexture name="__dbTextures/iceSphere/Layer 2_31" x="1185" y="1030" width="40" height="36"/>
 <SubTexture name="__dbTextures/iceSphere/Layer 2_32" x="1875" y="979" width="40" height="36"/>
 <SubTexture name="__dbTextures/iceSphere/Layer 2_33" x="1185" y="954" width="40" height="36"/>
 <SubTexture name="__dbTextures/iceSphere/Layer 2_34" x="615" y="976" width="40" height="36"/>
 <SubTexture name="__dbTextures/iceSphere/Layer 2_35" x="489" y="938" width="40" height="36"/>
 <SubTexture name="__dbTextures/iceSphere/Layer 2_36" x="1227" y="937" width="40" height="36"/>
 <SubTexture name="__dbTextures/iceSphere/Layer 2_37" x="1833" y="941" width="40" height="36"/>
 <SubTexture name="__dbTextures/iceSphere/Layer 2_38" x="1185" y="916" width="40" height="36"/>
 <SubTexture name="__dbTextures/iceSphere/Layer 2_39" x="550" y="1018" width="40" height="36"/>
 <SubTexture name="__dbTextures/iceSphere/Layer 2_40" x="466" y="1014" width="40" height="36"/>
 <SubTexture name="__dbTextures/iceSphere/Layer 2_41" x="2001" y="970" width="40" height="36"/>
 <SubTexture name="__dbTextures/iceSphere/Layer 2_42" x="1758" y="1014" width="40" height="36"/>
 <SubTexture name="__dbTextures/iceSphere/Layer 2_43" x="573" y="980" width="40" height="36"/>
 <SubTexture name="__dbTextures/iceSphere/Layer 2_44" x="1504" y="938" width="40" height="36"/>
 <SubTexture name="__dbTextures/iceSphere/Layer 2_45" x="531" y="960" width="40" height="36"/>
 <SubTexture name="__dbTextures/iceSphere/Layer 2_46" x="1504" y="976" width="40" height="36"/>
 <SubTexture name="__dbTextures/iceSphere/Layer 2_47" x="1481" y="1014" width="40" height="36"/>
 <SubTexture name="__dbTextures/iceSphere/Layer 2_48" x="615" y="938" width="40" height="36"/>
 <SubTexture name="__dbTextures/iceSphere/Layer 2_49" x="466" y="976" width="40" height="36"/>
 <SubTexture name="__dbTextures/stoneSphere/Layer 2_2" x="1801" y="488" width="23" height="21"/>
 <SubTexture name="__dbTextures/stoneSphere/Layer 2_4" x="671" y="732" width="23" height="20"/>
 <SubTexture name="__dbTextures/stoneSphere/Layer 2_6" x="596" y="793" width="22" height="20"/>
 <SubTexture name="__dbTextures/stoneSphere/Layer 2_8" x="1801" y="511" width="23" height="21"/>
 <SubTexture name="__dbTextures/stoneSphere/Layer 2_10" x="1791" y="771" width="25" height="21"/>
 <SubTexture name="__dbTextures/stoneSphere/Layer 2_13" x="1801" y="534" width="23" height="21"/>
 <SubTexture name="__dbTextures/stoneSphere/Layer 2_15" x="1791" y="794" width="22" height="20"/>
 <SubTexture name="__dbTextures/stoneSphere/Layer 2_17" x="671" y="754" width="23" height="20"/>
 <SubTexture name="__dbTextures/stoneSphere/Layer 2_19" x="1801" y="557" width="23" height="21"/>
 <SubTexture name="__dbTextures/stoneSphere/Layer 2_21" x="1801" y="374" width="24" height="21"/>
 <SubTexture name="__dbTextures/stoneSphere/Layer 2_23" x="1801" y="443" width="24" height="21"/>
 <SubTexture name="__dbTextures/stoneSphere/Layer 2_25" x="1801" y="466" width="24" height="20"/>
 <SubTexture name="__dbTextures/stoneSphere/Layer 2_27" x="1801" y="397" width="24" height="21"/>
 <SubTexture name="__dbTextures/stoneSphere/Layer 2_29" x="1801" y="604" width="22" height="21"/>
 <SubTexture name="__dbTextures/stoneSphere/Layer 2_31" x="1801" y="673" width="22" height="21"/>
 <SubTexture name="__dbTextures/stoneSphere/Layer 2_33" x="1801" y="580" width="22" height="22"/>
 <SubTexture name="__dbTextures/stoneSphere/Layer 2_36" x="1801" y="627" width="22" height="21"/>
 <SubTexture name="__dbTextures/stoneSphere/Layer 2_38" x="1801" y="650" width="22" height="21"/>
 <SubTexture name="__dbTextures/stoneSphere/Layer 2_40" x="2022" y="262" width="24" height="21"/>
 <SubTexture name="__dbTextures/stoneSphere/Layer 2_42" x="1801" y="420" width="24" height="21"/>
 <SubTexture name="__dbTextures/stoneSphere/Layer 2_44" x="2022" y="285" width="24" height="21"/>
 <SubTexture name="__dbTextures/levinSphere/Layer 2_0" x="212" y="897" width="40" height="40"/>
 <SubTexture name="__dbTextures/levinSphere/Layer 2_1" x="531" y="838" width="40" height="40"/>
 <SubTexture name="__dbTextures/levinSphere/Layer 2_2" x="489" y="812" width="40" height="40"/>
 <SubTexture name="__dbTextures/levinSphere/Layer 2_3" x="554" y="796" width="40" height="40"/>
 <SubTexture name="__dbTextures/levinSphere/Layer 2_4" x="1897" y="815" width="40" height="40"/>
 <SubTexture name="__dbTextures/levinSphere/Layer 2_5" x="554" y="754" width="40" height="40"/>
 <SubTexture name="__dbTextures/levinSphere/Layer 2_6" x="1250" y="853" width="40" height="40"/>
 <SubTexture name="__dbTextures/levinSphere/Layer 2_7" x="1981" y="890" width="40" height="40"/>
 <SubTexture name="__dbTextures/levinSphere/Layer 2_8" x="1939" y="768" width="40" height="40"/>
 <SubTexture name="__dbTextures/levinSphere/Layer 2_9" x="1256" y="727" width="40" height="40"/>
 <SubTexture name="__dbTextures/levinSphere/Layer 2_10" x="1504" y="858" width="40" height="40"/>
 <SubTexture name="__dbTextures/levinSphere/Layer 2_11" x="596" y="816" width="40" height="40"/>
 <SubTexture name="__dbTextures/levinSphere/Layer 2_12" x="1917" y="894" width="40" height="40"/>
 <SubTexture name="__dbTextures/levinSphere/Layer 2_13" x="1833" y="899" width="40" height="40"/>
 <SubTexture name="__dbTextures/levinSphere/Layer 2_14" x="489" y="854" width="40" height="40"/>
 <SubTexture name="__dbTextures/levinSphere/Layer 2_15" x="1791" y="896" width="40" height="40"/>
 <SubTexture name="__dbTextures/levinSphere/Layer 2_16" x="1897" y="773" width="40" height="40"/>
 <SubTexture name="__dbTextures/levinSphere/Layer 2_17" x="1939" y="852" width="40" height="40"/>
 <SubTexture name="__dbTextures/levinSphere/Layer 2_18" x="1995" y="764" width="40" height="40"/>
 <SubTexture name="__dbTextures/levinSphere/Layer 2_19" x="1875" y="899" width="40" height="40"/>
 <SubTexture name="__dbTextures/levinSphere/Layer 2_20" x="1897" y="731" width="40" height="40"/>
 <SubTexture name="__dbTextures/levinSphere/Layer 2_21" x="1939" y="810" width="40" height="40"/>
 <SubTexture name="__dbTextures/levinSphere/Layer 2_22" x="1855" y="773" width="40" height="40"/>
 <SubTexture name="__dbTextures/levinSphere/Layer 2_23" x="1995" y="722" width="40" height="40"/>
 <SubTexture name="__dbTextures/levinSphere/Layer 2_24" x="573" y="858" width="40" height="40"/>
 <SubTexture name="__dbTextures/levinSphere/Layer 2_25" x="1855" y="815" width="40" height="40"/>
 <SubTexture name="__dbTextures/levinSphere/Layer 2_26" x="531" y="880" width="40" height="40"/>
 <SubTexture name="__dbTextures/levinSphere/Layer 2_27" x="1855" y="731" width="40" height="40"/>
 <SubTexture name="__dbTextures/levinSphere/Layer 2_28" x="489" y="896" width="40" height="40"/>
 <SubTexture name="__dbTextures/levinSphere/Layer 2_29" x="212" y="855" width="40" height="40"/>
 <SubTexture name="__dbTextures/levinSphere/Layer 2_30" x="1250" y="811" width="40" height="40"/>
 <SubTexture name="__dbTextures/levinSphere/Layer 2_31" x="626" y="774" width="40" height="40"/>
 <SubTexture name="__dbTextures/levinSphere/Layer 2_32" x="638" y="816" width="40" height="40"/>
 <SubTexture name="__dbTextures/levinSphere/Layer 2_33" x="1981" y="806" width="40" height="40"/>
 <SubTexture name="__dbTextures/levinSphere/Layer 2_34" x="629" y="732" width="40" height="40"/>
 <SubTexture name="__dbTextures/levinSphere/Layer 2_35" x="1250" y="769" width="40" height="40"/>
 <SubTexture name="__dbTextures/levinSphere/Layer 2_36" x="1250" y="895" width="40" height="40"/>
 <SubTexture name="__dbTextures/levinSphere/Layer 2_37" x="1875" y="857" width="40" height="40"/>
 <SubTexture name="__dbTextures/levinSphere/Layer 2_38" x="1791" y="854" width="40" height="40"/>
 <SubTexture name="__dbTextures/levinSphere/Layer 2_39" x="1981" y="848" width="40" height="40"/>
 <SubTexture name="__dbTextures/levinSphere/Layer 2_40" x="212" y="813" width="40" height="40"/>
 <SubTexture name="__dbTextures/levinSphere/Layer 2_41" x="615" y="858" width="40" height="40"/>
 <SubTexture name="__dbTextures/levinSphere/Layer 2_42" x="573" y="900" width="40" height="40"/>
 <SubTexture name="__dbTextures/levinSphere/Layer 2_43" x="1833" y="857" width="40" height="40"/>
</TextureAtlas>