<root name="Training_8_mc" isGlobal="0" frameRate="30" version="3.0">
 <armature name="Training_8_mc">
  <skin name="default">
   <slot name="Layer 1" z="0" parent="Layer 1">
    <display name="Shape/shape 5222" type="image">
     <transform scX="1" x="0" scY="1" y="0" pX="350" pY="250" skX="0" skY="0"/>
    </display>
    <display name="Sprite/sprite 5256" type="image">
     <transform scX="1" x="0" scY="1" y="0" pX="350" pY="250" skX="0" skY="0"/>
    </display>
   </slot>
   <slot name="cont" z="1" parent="cont">
    <display name="Sprite/sprite 12807" type="armature">
     <transform scX="1" x="0" skX="0" scY="1" y="0" skY="0"/>
    </display>
   </slot>
  </skin>
  <bone name="Layer 1">
   <transform scX="1.14" x="0" skX="0" scY="1.2" y="0" skY="0"/>
  </bone>
  <bone name="cont">
   <transform scX="1" x="0" skX="0" scY="1" y="180.95" skY="0"/>
  </bone>
  <animation name="Training_8_mc" scale="1" loop="1" autoTween="NaN" fadeInTime="0.3" duration="15" tweenEasing="NaN">
   <timeline pX="0" name="Layer 1" pY="0" scale="1" offset="0">
    <frame z="0" duration="6" tweenEasing="0">
     <transform scX="1" x="0" scY="1" y="0" pX="0" pY="0" skX="0" skY="0"/>
     <colorTransform bM="100" gO="0" bO="0" aM="0" rM="100" aO="0" gM="100" rO="0"/>
    </frame>
    <frame z="0" duration="1">
     <transform scX="1" x="0" scY="1" y="0" pX="0" pY="0" skX="0" skY="0"/>
    </frame>
    <frame z="0" duration="6">
     <transform scX="1" x="0" scY="1" y="0" pX="0" pY="0" skX="0" skY="0"/>
    </frame>
    <frame displayIndex="1" z="0" duration="1">
     <transform scX="1" x="0" scY="1" y="0" pX="0" pY="0" skX="0" skY="0"/>
    </frame>
    <frame displayIndex="1" z="0" duration="1">
     <transform scX="1" x="0" scY="1" y="0" pX="0" pY="0" skX="0" skY="0"/>
    </frame>
   </timeline>
   <timeline pX="0" name="cont" pY="0" scale="1" offset="0">
    <frame z="0" duration="4" tweenEasing="0">
     <transform scX="1" x="0" scY="1" y="0" pX="0" pY="0" skX="0" skY="0"/>
     <colorTransform bM="100" gO="0" bO="0" aM="40" rM="100" aO="0" gM="100" rO="0"/>
    </frame>
    <frame z="0" duration="2" tweenEasing="0">
     <transform scX="1" x="0" scY="1" y="-180" pX="0" pY="0" skX="0" skY="0"/>
    </frame>
    <frame z="0" duration="3" tweenEasing="0">
     <transform scX="1.11" x="0" scY="1.11" y="-209.64999999999998" pX="0" pY="0" skX="0" skY="0"/>
    </frame>
    <frame z="0" duration="2" tweenEasing="0">
     <transform scX="0.98" x="0" scY="0.98" y="-177" pX="0" pY="0" skX="0" skY="0"/>
    </frame>
    <frame z="0" duration="2" tweenEasing="0">
     <transform scX="1.03" x="0" scY="1" y="-180.45" pX="0" pY="0" skX="0" skY="0"/>
    </frame>
    <frame z="0" duration="1">
     <transform scX="1" x="0" scY="1" y="-180.95" pX="0" pY="0" skX="0" skY="0"/>
    </frame>
    <frame z="0" duration="1">
     <transform scX="1" x="0" scY="1" y="-180.95" pX="0" pY="0" skX="0" skY="0"/>
    </frame>
   </timeline>
   <frame duration="14"/>
   <frame duration="1"/>
  </animation>
 </armature>
 <armature name="Sprite/sprite 12807">
  <skin name="default">
   <slot name="Layer 5" z="0" parent="Layer 5">
    <display name="__dbTextures/Sprite/sprite 12807/Layer 5_0" type="image">
     <transform scX="1" x="-15.5" scY="1" y="-174.95" pX="0" pY="0" skX="0" skY="0"/>
    </display>
    <display name="__dbTextures/Sprite/sprite 12807/Layer 5_1" type="image">
     <transform scX="1" x="-55.15" scY="1" y="-175.95" pX="0" pY="0" skX="0" skY="0"/>
    </display>
    <display name="__dbTextures/Sprite/sprite 12807/Layer 5_2" type="image">
     <transform scX="1" x="-94.75" scY="1" y="-176.95" pX="0" pY="0" skX="0" skY="0"/>
    </display>
    <display name="__dbTextures/Sprite/sprite 12807/Layer 5_3" type="image">
     <transform scX="1" x="-134.4" scY="1" y="-177.95" pX="0" pY="0" skX="0" skY="0"/>
    </display>
    <display name="__dbTextures/Sprite/sprite 12807/Layer 5_4" type="image">
     <transform scX="1" x="-174.05" scY="1" y="-179" pX="0" pY="0" skX="0" skY="0"/>
    </display>
    <display name="__dbTextures/Sprite/sprite 12807/Layer 5_5" type="image">
     <transform scX="1" x="-213.7" scY="1" y="-180" pX="0" pY="0" skX="0" skY="0"/>
    </display>
    <display name="__dbTextures/Sprite/sprite 12807/Layer 5_6" type="image">
     <transform scX="1" x="-253.35" scY="1" y="-181" pX="0" pY="0" skX="0" skY="0"/>
    </display>
    <display name="__dbTextures/Sprite/sprite 12807/Layer 5_7" type="image">
     <transform scX="1" x="-293" scY="1" y="-182" pX="0" pY="0" skX="0" skY="0"/>
    </display>
    <display name="__dbTextures/Sprite/sprite 12807/Layer 5_15" type="image">
     <transform scX="1" x="-293" scY="1" y="-182" pX="0" pY="0" skX="0" skY="0"/>
    </display>
   </slot>
   <slot name="cont1" z="1" parent="cont1">
    <display name="__dbTextures/Sprite/sprite 12807/cont1_0" type="image">
     <transform scX="1" x="-15" scY="1" y="-171.5" pX="0" pY="0" skX="0" skY="0"/>
    </display>
    <display name="__dbTextures/Sprite/sprite 12807/cont1_1" type="image">
     <transform scX="1" x="-54.55" scY="1" y="-171.5" pX="0" pY="0" skX="0" skY="0"/>
    </display>
    <display name="__dbTextures/Sprite/sprite 12807/cont1_2" type="image">
     <transform scX="1" x="-94.15" scY="1" y="-171.5" pX="0" pY="0" skX="0" skY="0"/>
    </display>
    <display name="__dbTextures/Sprite/sprite 12807/cont1_3" type="image">
     <transform scX="1" x="-133.75" scY="1" y="-171.5" pX="0" pY="0" skX="0" skY="0"/>
    </display>
    <display name="__dbTextures/Sprite/sprite 12807/cont1_4" type="image">
     <transform scX="1" x="-173.3" scY="1" y="-171.5" pX="0" pY="0" skX="0" skY="0"/>
    </display>
    <display name="__dbTextures/Sprite/sprite 12807/cont1_5" type="image">
     <transform scX="1" x="-212.9" scY="1" y="-171.5" pX="0" pY="0" skX="0" skY="0"/>
    </display>
    <display name="__dbTextures/Sprite/sprite 12807/cont1_6" type="image">
     <transform scX="1" x="-252.5" scY="1" y="-171.5" pX="0" pY="0" skX="0" skY="0"/>
    </display>
    <display name="Symbol 12806" type="armature">
     <transform scX="1" x="0" skX="0" scY="1" y="0" skY="0"/>
    </display>
   </slot>
   <slot name="Layer 2" z="2" parent="Layer 2">
    <display name="Symbol 10319" type="image">
     <transform scX="1" x="0" scY="1" y="0" pX="21" pY="148" skX="0" skY="0"/>
    </display>
   </slot>
   <slot name="Layer 1" z="3" parent="Layer 1">
    <display name="Symbol 10321" type="image">
     <transform scX="1" x="0" scY="1" y="0" pX="22" pY="150" skX="0" skY="0"/>
    </display>
   </slot>
  </skin>
  <bone name="Layer 2">
   <transform scX="1.19" x="11.95" skX="0" scY="1.19" y="0" skY="0"/>
  </bone>
  <bone name="cont1">
   <transform scX="1" x="-10" skX="0" scY="1" y="0.2" skY="0"/>
  </bone>
  <bone name="Layer 5">
   <transform scX="1" x="-14.5" skX="0" scY="1" y="-4.05" skY="0"/>
  </bone>
  <bone name="Layer 1">
   <transform scX="1.19" x="-11.95" skX="0" scY="1.19" y="0" skY="0"/>
  </bone>
  <animation name="cont" scale="1" loop="1" autoTween="NaN" fadeInTime="0.3" duration="16" tweenEasing="NaN">
   <timeline pX="0" name="Layer 5" pY="0" scale="1" offset="0">
    <frame z="0" duration="1" tweenEasing="NaN">
     <transform scX="1" x="0" scY="1" y="0" pX="0" pY="0" skX="0" skY="0"/>
    </frame>
    <frame z="0" displayIndex="1" duration="1" tweenEasing="NaN">
     <transform scX="1" x="2.1999999999999993" scY="1" y="1" pX="0" pY="0" skX="0" skY="0"/>
    </frame>
    <frame z="0" displayIndex="2" duration="1" tweenEasing="NaN">
     <transform scX="1" x="4.4" scY="1" y="2" pX="0" pY="0" skX="0" skY="0"/>
    </frame>
    <frame z="0" displayIndex="3" duration="1" tweenEasing="NaN">
     <transform scX="1" x="6.6" scY="1" y="3" pX="0" pY="0" skX="0" skY="0"/>
    </frame>
    <frame z="0" displayIndex="4" duration="1" tweenEasing="NaN">
     <transform scX="1" x="8.85" scY="1" y="4.05" pX="0" pY="0" skX="0" skY="0"/>
    </frame>
    <frame z="0" displayIndex="5" duration="1" tweenEasing="NaN">
     <transform scX="1" x="11.05" scY="1" y="5.05" pX="0" pY="0" skX="0" skY="0"/>
    </frame>
    <frame z="0" displayIndex="6" duration="1" tweenEasing="NaN">
     <transform scX="1" x="13.3" scY="1" y="6.05" pX="0" pY="0" skX="0" skY="0"/>
    </frame>
    <frame z="0" displayIndex="7" duration="8" tweenEasing="NaN">
     <transform scX="1" x="15.5" scY="1" y="7.05" pX="0" pY="0" skX="0" skY="0"/>
    </frame>
    <frame z="0" displayIndex="8" duration="1" tweenEasing="NaN">
     <transform scX="1" x="15.5" scY="1" y="7.05" pX="0" pY="0" skX="0" skY="0"/>
    </frame>
   </timeline>
   <timeline pX="0" name="cont1" pY="0" scale="1" offset="0">
    <frame z="0" duration="1" tweenEasing="NaN">
     <transform scX="1" x="0" scY="1" y="0" pX="0" pY="0" skX="0" skY="0"/>
    </frame>
    <frame z="0" displayIndex="1" duration="1" tweenEasing="NaN">
     <transform scX="1" x="1.9000000000000004" scY="1" y="0" pX="0" pY="0" skX="0" skY="0"/>
    </frame>
    <frame z="0" displayIndex="2" duration="1" tweenEasing="NaN">
     <transform scX="1" x="3.8" scY="1" y="0" pX="0" pY="0" skX="0" skY="0"/>
    </frame>
    <frame z="0" displayIndex="3" duration="1" tweenEasing="NaN">
     <transform scX="1" x="5.75" scY="1" y="0" pX="0" pY="0" skX="0" skY="0"/>
    </frame>
    <frame z="0" displayIndex="4" duration="1" tweenEasing="NaN">
     <transform scX="1" x="7.65" scY="1" y="0" pX="0" pY="0" skX="0" skY="0"/>
    </frame>
    <frame z="0" displayIndex="5" duration="1" tweenEasing="NaN">
     <transform scX="1" x="9.55" scY="1" y="0" pX="0" pY="0" skX="0" skY="0"/>
    </frame>
    <frame z="0" displayIndex="6" duration="1" tweenEasing="NaN">
     <transform scX="1" x="11.5" scY="1" y="0" pX="0" pY="0" skX="0" skY="0"/>
    </frame>
    <frame displayIndex="7" z="0" duration="8">
     <transform scX="1" x="10" scY="1" y="-3.2" pX="0" pY="0" skX="0" skY="0"/>
    </frame>
    <frame displayIndex="7" z="0" duration="1">
     <transform scX="1" x="10" scY="1" y="-3.2" pX="0" pY="0" skX="0" skY="0"/>
    </frame>
   </timeline>
   <timeline pX="0" name="Layer 2" pY="0" scale="1" offset="0">
    <frame z="0" duration="1">
     <transform scX="1" x="0" scY="1" y="0" pX="0" pY="0" skX="0" skY="0"/>
    </frame>
    <frame z="0" duration="1">
     <transform scX="1" x="37.150000000000006" scY="1" y="0" pX="0" pY="0" skX="0" skY="0"/>
    </frame>
    <frame z="0" duration="1">
     <transform scX="1" x="74.3" scY="1" y="0" pX="0" pY="0" skX="0" skY="0"/>
    </frame>
    <frame z="0" duration="1">
     <transform scX="1" x="111.45" scY="1" y="0" pX="0" pY="0" skX="0" skY="0"/>
    </frame>
    <frame z="0" duration="1">
     <transform scX="1" x="148.60000000000002" scY="1" y="0" pX="0" pY="0" skX="0" skY="0"/>
    </frame>
    <frame z="0" duration="1">
     <transform scX="1" x="185.75" scY="1" y="0" pX="0" pY="0" skX="0" skY="0"/>
    </frame>
    <frame z="0" duration="1">
     <transform scX="1" x="222.9" scY="1" y="0" pX="0" pY="0" skX="0" skY="0"/>
    </frame>
    <frame z="0" duration="8">
     <transform scX="1" x="260.05" scY="1" y="0" pX="0" pY="0" skX="0" skY="0"/>
    </frame>
    <frame z="0" duration="1">
     <transform scX="1" x="260.05" scY="1" y="0" pX="0" pY="0" skX="0" skY="0"/>
    </frame>
   </timeline>
   <timeline pX="0" name="Layer 1" pY="0" scale="1" offset="0">
    <frame z="0" duration="1">
     <transform scX="1" x="0" scY="1" y="0" pX="0" pY="0" skX="0" skY="0"/>
    </frame>
    <frame z="0" duration="1">
     <transform scX="1" x="-37" scY="1" y="0" pX="0" pY="0" skX="0" skY="0"/>
    </frame>
    <frame z="0" duration="1">
     <transform scX="1" x="-74" scY="1" y="0" pX="0" pY="0" skX="0" skY="0"/>
    </frame>
    <frame z="0" duration="1">
     <transform scX="1" x="-111" scY="1" y="0" pX="0" pY="0" skX="0" skY="0"/>
    </frame>
    <frame z="0" duration="1">
     <transform scX="1" x="-148.05" scY="1" y="0" pX="0" pY="0" skX="0" skY="0"/>
    </frame>
    <frame z="0" duration="1">
     <transform scX="1" x="-185.05" scY="1" y="0" pX="0" pY="0" skX="0" skY="0"/>
    </frame>
    <frame z="0" duration="1">
     <transform scX="1" x="-222.05" scY="1" y="0" pX="0" pY="0" skX="0" skY="0"/>
    </frame>
    <frame z="0" duration="8">
     <transform scX="1" x="-259.05" scY="1" y="0" pX="0" pY="0" skX="0" skY="0"/>
    </frame>
    <frame z="0" duration="1">
     <transform scX="1" x="-259.05" scY="1" y="0" pX="0" pY="0" skX="0" skY="0"/>
    </frame>
   </timeline>
   <frame duration="15"/>
   <frame duration="1"/>
  </animation>
 </armature>
 <armature name="Symbol 12806">
  <skin name="default">
   <slot name="Layer 13" z="0" parent="Layer 13">
    <display name="__dbTextures/Symbol 12806/Layer 13_0" type="image">
     <transform scX="1" x="-135.5" scY="1" y="-29" pX="0" pY="0" skX="0" skY="0"/>
    </display>
    <display name="__dbTextures/Symbol 12806/Layer 13_2" type="image">
     <transform scX="1" x="-135.5" scY="1" y="-29" pX="0" pY="0" skX="0" skY="0"/>
    </display>
   </slot>
   <slot name="Layer 12" z="1" parent="Layer 12">
    <display name="__dbTextures/Symbol 12806/Layer 12_0" type="image">
     <transform scX="1" x="-131" scY="1" y="-94" pX="0" pY="0" skX="0" skY="0"/>
    </display>
    <display name="__dbTextures/Symbol 12806/Layer 12_1" type="image">
     <transform scX="1" x="-131" scY="1" y="-94" pX="0" pY="0" skX="0" skY="0"/>
    </display>
    <display name="__dbTextures/Symbol 12806/Layer 12_2" type="image">
     <transform scX="1" x="-131" scY="1" y="-94" pX="0" pY="0" skX="0" skY="0"/>
    </display>
   </slot>
   <slot name="Layer 11" z="2" parent="Layer 11">
    <display name="__dbTextures/Symbol 12806/Layer 11_0" type="image">
     <transform scX="1" x="-107" scY="1" y="-95.5" pX="0" pY="0" skX="0" skY="0"/>
    </display>
    <display name="__dbTextures/Symbol 12806/Layer 11_1" type="image">
     <transform scX="1" x="-111.75" scY="1" y="-68.7" pX="0" pY="0" skX="0" skY="0"/>
    </display>
    <display name="__dbTextures/Symbol 12806/Layer 11_2" type="image">
     <transform scX="1" x="-111.75" scY="1" y="-68.7" pX="0" pY="0" skX="0" skY="0"/>
    </display>
   </slot>
   <slot name="Layer 4" z="3" parent="Layer 4">
    <display name="Symbol 12798" type="image">
     <transform scX="1" x="0" scY="1" y="0" pX="251" pY="105" skX="0" skY="0"/>
    </display>
    <display name="Symbol 12805" type="image">
     <transform scX="1" x="0" scY="1" y="0" pX="251" pY="105" skX="0" skY="0"/>
    </display>
   </slot>
   <slot name="btnOk" z="4" parent="btnOk">
    <display name="Symbol 10240" type="armature">
     <transform scX="1" x="0" skX="0" scY="1" y="0" skY="0"/>
    </display>
   </slot>
   <slot name="btnRight" z="5" parent="btnRight">
    <display name="Symbol 3975" type="armature">
     <transform scX="1" x="0" skX="0" scY="1" y="0" skY="0"/>
    </display>
   </slot>
   <slot name="btnLeft" z="6" parent="btnLeft">
    <display name="Symbol 3975" type="armature">
     <transform scX="1" x="0" skX="0" scY="1" y="0" skY="0"/>
    </display>
   </slot>
  </skin>
  <bone name="Layer 4">
   <transform scX="1" x="0" skX="0" scY="1" y="0" skY="0"/>
  </bone>
  <bone name="Layer 12">
   <transform scX="1" x="-110" skX="0" scY="1" y="-2" skY="0"/>
  </bone>
  <bone name="Layer 11">
   <transform scX="1" x="147" skX="0" scY="1" y="0.5" skY="0"/>
  </bone>
  <bone name="Layer 13">
   <transform scX="1" x="5.7" skX="0" scY="1" y="-139.3" skY="0"/>
  </bone>
  <bone name="btnOk">
   <transform scX="1" x="0" skX="0" scY="1" y="145" skY="0"/>
  </bone>
  <bone name="btnRight">
   <transform scX="1" x="200" skX="0" scY="1" y="145" skY="0"/>
  </bone>
  <bone name="btnLeft">
   <transform scX="-1" x="-200" skX="0" scY="1" y="145" skY="0"/>
  </bone>
  <animation name="cont1" scale="1" loop="1" autoTween="NaN" fadeInTime="0.3" duration="3" tweenEasing="NaN">
   <timeline pX="0" name="Layer 13" pY="0" scale="1" offset="0">
    <frame z="0" duration="2" tweenEasing="NaN">
     <transform scX="1" x="0" scY="1" y="0" pX="0" pY="0" skX="0" skY="0"/>
    </frame>
    <frame z="0" displayIndex="1" duration="1" tweenEasing="NaN">
     <transform scX="1" x="0" scY="1" y="0" pX="0" pY="0" skX="0" skY="0"/>
    </frame>
   </timeline>
   <timeline pX="0" name="Layer 12" pY="0" scale="1" offset="0">
    <frame z="0" duration="1" tweenEasing="NaN">
     <transform scX="1" x="0" scY="1" y="0" pX="0" pY="0" skX="0" skY="0"/>
    </frame>
    <frame z="0" displayIndex="1" duration="1" tweenEasing="NaN">
     <transform scX="1" x="0" scY="1" y="0" pX="0" pY="0" skX="0" skY="0"/>
    </frame>
    <frame z="0" displayIndex="2" duration="1" tweenEasing="NaN">
     <transform scX="1" x="0" scY="1" y="0" pX="0" pY="0" skX="0" skY="0"/>
    </frame>
   </timeline>
   <timeline pX="0" name="Layer 11" pY="0" scale="1" offset="0">
    <frame z="0" duration="1" tweenEasing="NaN">
     <transform scX="1" x="0" scY="1" y="0" pX="0" pY="0" skX="0" skY="0"/>
    </frame>
    <frame z="0" displayIndex="1" duration="1" tweenEasing="NaN">
     <transform scX="1" x="1.25" scY="1" y="-20.8" pX="0" pY="0" skX="0" skY="0"/>
    </frame>
    <frame z="0" displayIndex="2" duration="1" tweenEasing="NaN">
     <transform scX="1" x="1.25" scY="1" y="-20.8" pX="0" pY="0" skX="0" skY="0"/>
    </frame>
   </timeline>
   <timeline pX="0" name="Layer 4" pY="0" scale="1" offset="0">
    <frame z="0" duration="1">
     <transform scX="1" x="0" scY="1" y="0" pX="0" pY="0" skX="0" skY="0"/>
    </frame>
    <frame displayIndex="1" z="0" duration="1">
     <transform scX="1" x="0" scY="1" y="0" pX="0" pY="0" skX="0" skY="0"/>
    </frame>
    <frame displayIndex="1" z="0" duration="1">
     <transform scX="1" x="0" scY="1" y="0" pX="0" pY="0" skX="0" skY="0"/>
    </frame>
   </timeline>
   <timeline pX="0" name="btnOk" pY="0" scale="1" offset="0">
    <frame z="0" duration="2">
     <transform scX="1" x="0" scY="1" y="0" pX="0" pY="0" skX="0" skY="0"/>
    </frame>
    <frame z="0" duration="1">
     <transform scX="1" x="0" scY="1" y="0" pX="0" pY="0" skX="0" skY="0"/>
    </frame>
   </timeline>
   <timeline pX="0" name="btnRight" pY="0" scale="1" offset="0">
    <frame z="0" duration="2">
     <transform scX="1" x="0" scY="1" y="0" pX="0" pY="0" skX="0" skY="0"/>
    </frame>
    <frame z="0" duration="1">
     <transform scX="1" x="0" scY="1" y="0" pX="0" pY="0" skX="0" skY="0"/>
    </frame>
   </timeline>
   <timeline pX="0" name="btnLeft" pY="0" scale="1" offset="0">
    <frame z="0" duration="2">
     <transform scX="1" x="0" scY="1" y="0" pX="0" pY="0" skX="0" skY="0"/>
    </frame>
    <frame z="0" duration="1">
     <transform scX="1" x="0" scY="1" y="0" pX="0" pY="0" skX="0" skY="0"/>
    </frame>
   </timeline>
   <frame duration="2"/>
   <frame duration="1"/>
  </animation>
 </armature>
 <armature name="Symbol 10240">
  <skin name="default">
   <slot name="Layer 2" z="0" parent="Layer 2">
    <display name="__dbTextures/Symbol 10240/Layer 2_1" type="image">
     <transform scX="1" x="-52.2" scY="1" y="-29.1" pX="0" pY="0" skX="0" skY="0"/>
    </display>
    <display name="__dbTextures/Symbol 10240/Layer 2_2" type="image">
     <transform scX="1" x="-52.2" scY="1" y="-29.1" pX="0" pY="0" skX="0" skY="0"/>
    </display>
    <display name="__dbTextures/Symbol 10240/Layer 2_3" type="image">
     <transform scX="1" x="-52.2" scY="1" y="-29.1" pX="0" pY="0" skX="0" skY="0"/>
    </display>
   </slot>
   <slot name="okCase" z="1" parent="okCase">
    <display name="Symbol 47" type="image">
     <transform scX="1" x="0" scY="1" y="0" pX="25" pY="25" skX="0" skY="0"/>
    </display>
   </slot>
  </skin>
  <bone name="Layer 2">
   <transform scX="1" x="-0.5" skX="0" scY="1" y="0.25" skY="0"/>
  </bone>
  <bone name="okCase">
   <transform scX="1.22" x="-1.7" skX="0" scY="0.67" y="-1.8" skY="0"/>
  </bone>
  <animation name="btnOk" scale="1" loop="1" autoTween="NaN" fadeInTime="0.3" duration="4" tweenEasing="NaN">
   <timeline pX="0" name="Layer 2" pY="0" scale="1" offset="0">
    <frame displayIndex="-1" duration="1"/>
    <frame z="0" duration="1" tweenEasing="NaN">
     <transform scX="1" x="0" scY="1" y="0" pX="0" pY="0" skX="0" skY="0"/>
    </frame>
    <frame z="0" displayIndex="1" duration="1" tweenEasing="NaN">
     <transform scX="1" x="0" scY="1" y="0" pX="0" pY="0" skX="0" skY="0"/>
    </frame>
    <frame z="0" displayIndex="2" duration="1" tweenEasing="NaN">
     <transform scX="1" x="0" scY="1" y="0" pX="0" pY="0" skX="0" skY="0"/>
    </frame>
   </timeline>
   <timeline pX="0" name="okCase" pY="0" scale="1" offset="0">
    <frame z="0" duration="3">
     <transform scX="1" x="0" scY="1" y="0" pX="0" pY="0" skX="0" skY="0"/>
    </frame>
    <frame z="0" duration="1">
     <transform scX="1" x="0" scY="1" y="0" pX="0" pY="0" skX="0" skY="0"/>
    </frame>
   </timeline>
   <frame duration="3"/>
   <frame duration="1"/>
  </animation>
 </armature>
 <armature name="Symbol 3975">
  <skin name="default">
   <slot name="Layer 2" z="0" parent="Layer 2">
    <display name="__dbTextures/Symbol 3975/Layer 2_1" type="image">
     <transform scX="1" x="-22.25" scY="1" y="-17.5" pX="0" pY="0" skX="0" skY="0"/>
    </display>
    <display name="__dbTextures/Symbol 3975/Layer 2_2" type="image">
     <transform scX="1" x="-22.25" scY="1" y="-17.5" pX="0" pY="0" skX="0" skY="0"/>
    </display>
    <display name="__dbTextures/Symbol 3975/Layer 2_3" type="image">
     <transform scX="1" x="-22.25" scY="1" y="-17.5" pX="0" pY="0" skX="0" skY="0"/>
    </display>
   </slot>
   <slot name="arrowCase" z="1" parent="arrowCase">
    <display name="Symbol 47" type="image">
     <transform scX="1" x="0" scY="1" y="0" pX="25" pY="25" skX="0" skY="0"/>
    </display>
   </slot>
  </skin>
  <bone name="Layer 2">
   <transform scX="1" x="0.25" skX="0" scY="1" y="-0.5" skY="0"/>
  </bone>
  <bone name="arrowCase">
   <transform scX="0.76" x="0" skX="0" scY="0.6" y="-0.45" skY="0"/>
  </bone>
  <animation name="btnRight" scale="1" loop="1" autoTween="NaN" fadeInTime="0.3" duration="4" tweenEasing="NaN">
   <timeline pX="0" name="Layer 2" pY="0" scale="1" offset="0">
    <frame displayIndex="-1" duration="1"/>
    <frame z="0" duration="1" tweenEasing="NaN">
     <transform scX="1" x="0" scY="1" y="0" pX="0" pY="0" skX="0" skY="0"/>
    </frame>
    <frame z="0" displayIndex="1" duration="1" tweenEasing="NaN">
     <transform scX="1" x="0" scY="1" y="0" pX="0" pY="0" skX="0" skY="0"/>
    </frame>
    <frame z="0" displayIndex="2" duration="1" tweenEasing="NaN">
     <transform scX="1" x="0" scY="1" y="0" pX="0" pY="0" skX="0" skY="0"/>
    </frame>
   </timeline>
   <timeline pX="0" name="arrowCase" pY="0" scale="1" offset="0">
    <frame z="0" duration="3">
     <transform scX="1" x="0" scY="1" y="0" pX="0" pY="0" skX="0" skY="0"/>
    </frame>
    <frame z="0" duration="1">
     <transform scX="1" x="0" scY="1" y="0" pX="0" pY="0" skX="0" skY="0"/>
    </frame>
   </timeline>
   <frame duration="3"/>
   <frame duration="1"/>
  </animation>
 </armature>
</root>