<TextureAtlas name="DeathAit2_mc" imagePath="texture.png">
 <SubTexture name="Shape/shape 1553" x="62" y="0" width="60" height="84"/>
 <SubTexture name="Shape/shape 1555" x="124" y="0" width="60" height="84"/>
 <SubTexture name="Shape/shape 1557" x="186" y="0" width="60" height="84"/>
 <SubTexture name="Shape/shape 1559" x="62" y="86" width="60" height="84"/>
 <SubTexture name="Shape/shape 1561" x="0" y="172" width="60" height="84"/>
 <SubTexture name="Shape/shape 1563" x="186" y="86" width="60" height="84"/>
 <SubTexture name="Shape/shape 1565" x="0" y="86" width="60" height="84"/>
 <SubTexture name="Shape/shape 1567" x="0" y="0" width="60" height="84"/>
 <SubTexture name="Shape/shape 1569" x="124" y="86" width="60" height="84"/>
</TextureAtlas>