<TextureAtlas name="LevelsMenu_mc" imagePath="texture.png">
 <SubTexture name="Shape/shape 421" x="0" y="0" width="800" height="600"/>
 <SubTexture name="Shape/shape 624" x="802" y="0" width="800" height="600"/>
 <SubTexture name="__dbTextures/Sprite/sprite 699/2_174" x="1222" y="853" width="20" height="29"/>
 <SubTexture name="__dbTextures/Sprite/sprite 699/2_175" x="1808" y="765" width="28" height="57"/>
 <SubTexture name="__dbTextures/Sprite/sprite 699/2_176" x="1714" y="660" width="33" height="79"/>
 <SubTexture name="__dbTextures/Sprite/sprite 699/2_177" x="1529" y="738" width="44" height="93"/>
 <SubTexture name="__dbTextures/Sprite/sprite 699/2_178" x="1529" y="639" width="44" height="98"/>
 <SubTexture name="__dbTextures/Sprite/sprite 699/2_73" x="755" y="881" width="22" height="7"/>
 <SubTexture name="__dbTextures/Sprite/sprite 699/2_74" x="1236" y="1012" width="39" height="11"/>
 <SubTexture name="__dbTextures/Sprite/sprite 699/2_75" x="896" y="997" width="52" height="8"/>
 <SubTexture name="__dbTextures/Sprite/sprite 699/2_76" x="1827" y="989" width="56" height="12"/>
 <SubTexture name="__dbTextures/Sprite/sprite 699/2_77" x="1738" y="988" width="49" height="22"/>
 <SubTexture name="__dbTextures/Sprite/sprite 699/2_78" x="0" y="953" width="64" height="33"/>
 <SubTexture name="__dbTextures/Sprite/sprite 699/2_0_166" x="1386" y="1013" width="33" height="12"/>
 <SubTexture name="__dbTextures/Sprite/sprite 699/2_0_168" x="1891" y="974" width="69" height="12"/>
 <SubTexture name="__dbTextures/Sprite/sprite 699/2_0_169" x="1575" y="987" width="78" height="12"/>
 <SubTexture name="__dbTextures/Sprite/sprite 699/2_0_170" x="1386" y="1026" width="98" height="12"/>
 <SubTexture name="__dbTextures/Sprite/sprite 699/2_0_171" x="467" y="1028" width="113" height="24"/>
 <SubTexture name="__dbTextures/Sprite/sprite 699/2_0_172" x="589" y="1026" width="116" height="26"/>
 <SubTexture name="__dbTextures/Sprite/sprite 699/2_0_173" x="453" y="704" width="119" height="35"/>
 <SubTexture name="__dbTextures/Sprite/sprite 699/2_1_158" x="1016" y="1014" width="34" height="8"/>
 <SubTexture name="__dbTextures/Sprite/sprite 699/2_1_159" x="787" y="993" width="53" height="9"/>
 <SubTexture name="__dbTextures/Sprite/sprite 699/2_1_160" x="279" y="977" width="77" height="16"/>
 <SubTexture name="__dbTextures/Sprite/sprite 699/2_1_161" x="215" y="958" width="63" height="27"/>
 <SubTexture name="__dbTextures/Sprite/sprite 699/2_1_162" x="135" y="930" width="92" height="27"/>
 <SubTexture name="__dbTextures/Sprite/sprite 699/2_1_163" x="450" y="882" width="84" height="38"/>
 <SubTexture name="__dbTextures/Sprite/sprite 699/2_1_164" x="452" y="809" width="95" height="38"/>
 <SubTexture name="__dbTextures/Sprite/sprite 699/2_1_165" x="311" y="680" width="105" height="68"/>
 <SubTexture name="__dbTextures/Sprite/sprite 699/2_2_148" x="0" y="1013" width="32" height="16"/>
 <SubTexture name="__dbTextures/Sprite/sprite 699/2_2_149" x="1333" y="986" width="54" height="21"/>
 <SubTexture name="__dbTextures/Sprite/sprite 699/2_2_150" x="1524" y="957" width="64" height="26"/>
 <SubTexture name="__dbTextures/Sprite/sprite 699/2_2_151" x="1518" y="984" width="56" height="20"/>
 <SubTexture name="__dbTextures/Sprite/sprite 699/2_2_152" x="130" y="958" width="84" height="28"/>
 <SubTexture name="__dbTextures/Sprite/sprite 699/2_2_153" x="116" y="987" width="88" height="22"/>
 <SubTexture name="__dbTextures/Sprite/sprite 699/2_2_154" x="453" y="740" width="117" height="32"/>
 <SubTexture name="__dbTextures/Sprite/sprite 699/2_2_155" x="452" y="773" width="112" height="35"/>
 <SubTexture name="__dbTextures/Sprite/sprite 699/2_2_156" x="1281" y="678" width="138" height="36"/>
 <SubTexture name="__dbTextures/Sprite/sprite 699/2_2_157" x="1424" y="602" width="160" height="36"/>
 <SubTexture name="__dbTextures/Sprite/sprite 699/2_3_136" x="791" y="640" width="9" height="8"/>
 <SubTexture name="__dbTextures/Sprite/sprite 699/2_3_137" x="1144" y="820" width="15" height="32"/>
 <SubTexture name="__dbTextures/Sprite/sprite 699/2_3_138" x="1574" y="797" width="19" height="52"/>
 <SubTexture name="__dbTextures/Sprite/sprite 699/2_3_139" x="1502" y="727" width="26" height="65"/>
 <SubTexture name="__dbTextures/Sprite/sprite 699/2_3_140" x="657" y="704" width="32" height="71"/>
 <SubTexture name="__dbTextures/Sprite/sprite 699/2_3_141" x="417" y="680" width="35" height="73"/>
 <SubTexture name="__dbTextures/Sprite/sprite 699/2_3_142" x="1357" y="793" width="47" height="76"/>
 <SubTexture name="__dbTextures/Sprite/sprite 699/2_3_143" x="250" y="776" width="47" height="76"/>
 <SubTexture name="__dbTextures/Sprite/sprite 699/2_3_144" x="1524" y="832" width="47" height="76"/>
 <SubTexture name="__dbTextures/Sprite/sprite 699/2_3_145" x="1748" y="765" width="59" height="77"/>
 <SubTexture name="__dbTextures/Sprite/sprite 699/2_3_146" x="700" y="602" width="90" height="89"/>
 <SubTexture name="__dbTextures/Sprite/sprite 699/2_3_147" x="1748" y="675" width="90" height="89"/>
 <SubTexture name="__dbTextures/Sprite/sprite 699/2_4_124" x="791" y="622" width="9" height="8"/>
 <SubTexture name="__dbTextures/Sprite/sprite 699/2_4_125" x="1243" y="872" width="18" height="16"/>
 <SubTexture name="__dbTextures/Sprite/sprite 699/2_4_126" x="1963" y="851" width="18" height="23"/>
 <SubTexture name="__dbTextures/Sprite/sprite 699/2_4_127" x="779" y="836" width="18" height="28"/>
 <SubTexture name="__dbTextures/Sprite/sprite 699/2_4_128" x="1982" y="813" width="21" height="46"/>
 <SubTexture name="__dbTextures/Sprite/sprite 699/2_4_129" x="884" y="771" width="23" height="61"/>
 <SubTexture name="__dbTextures/Sprite/sprite 699/2_4_130" x="1121" y="704" width="28" height="65"/>
 <SubTexture name="__dbTextures/Sprite/sprite 699/2_4_131" x="1245" y="704" width="27" height="65"/>
 <SubTexture name="__dbTextures/Sprite/sprite 699/2_4_132" x="884" y="704" width="30" height="66"/>
 <SubTexture name="__dbTextures/Sprite/sprite 699/2_4_133" x="2005" y="659" width="40" height="72"/>
 <SubTexture name="__dbTextures/Sprite/sprite 699/2_4_134" x="1837" y="770" width="45" height="83"/>
 <SubTexture name="__dbTextures/Sprite/sprite 699/2_5_108" x="192" y="1013" width="25" height="23"/>
 <SubTexture name="__dbTextures/Sprite/sprite 699/2_5_109" x="1800" y="915" width="33" height="36"/>
 <SubTexture name="__dbTextures/Sprite/sprite 699/2_5_110" x="1401" y="958" width="47" height="38"/>
 <SubTexture name="__dbTextures/Sprite/sprite 699/2_5_111" x="1808" y="823" width="28" height="51"/>
 <SubTexture name="__dbTextures/Sprite/sprite 699/2_5_112" x="1837" y="854" width="55" height="58"/>
 <SubTexture name="__dbTextures/Sprite/sprite 699/2_5_113" x="1897" y="747" width="85" height="64"/>
 <SubTexture name="__dbTextures/Sprite/sprite 699/2_5_114" x="159" y="681" width="91" height="78"/>
 <SubTexture name="__dbTextures/Sprite/sprite 699/2_5_115" x="0" y="687" width="83" height="75"/>
 <SubTexture name="__dbTextures/Sprite/sprite 699/2_5_116" x="1604" y="660" width="109" height="75"/>
 <SubTexture name="__dbTextures/Sprite/sprite 699/2_5_117" x="1604" y="580" width="140" height="79"/>
 <SubTexture name="__dbTextures/Sprite/sprite 699/2_5_118" x="1900" y="579" width="144" height="79"/>
 <SubTexture name="__dbTextures/Sprite/sprite 699/2_5_119" x="0" y="602" width="158" height="84"/>
 <SubTexture name="__dbTextures/Sprite/sprite 699/2_5_120" x="311" y="602" width="148" height="77"/>
 <SubTexture name="__dbTextures/Sprite/sprite 699/2_5_121" x="1281" y="602" width="142" height="75"/>
 <SubTexture name="__dbTextures/Sprite/sprite 699/2_5_122" x="159" y="602" width="151" height="78"/>
 <SubTexture name="__dbTextures/Sprite/sprite 699/2_6_101" x="1660" y="874" width="18" height="14"/>
 <SubTexture name="__dbTextures/Sprite/sprite 699/2_6_102" x="1982" y="860" width="21" height="22"/>
 <SubTexture name="__dbTextures/Sprite/sprite 699/2_6_103" x="787" y="1003" width="33" height="25"/>
 <SubTexture name="__dbTextures/Sprite/sprite 699/2_6_104" x="1660" y="968" width="43" height="25"/>
 <SubTexture name="__dbTextures/Sprite/sprite 699/2_6_105" x="563" y="955" width="65" height="25"/>
 <SubTexture name="__dbTextures/Sprite/sprite 699/2_6_106" x="450" y="848" width="96" height="33"/>
 <SubTexture name="__dbTextures/Sprite/sprite 699/2_6_107" x="138" y="903" width="97" height="26"/>
 <SubTexture name="__dbTextures/Sprite/sprite 699/2_7_90" x="1022" y="875" width="14" height="11"/>
 <SubTexture name="__dbTextures/Sprite/sprite 699/2_7_91" x="33" y="1013" width="26" height="21"/>
 <SubTexture name="__dbTextures/Sprite/sprite 699/2_7_92" x="1276" y="1012" width="28" height="23"/>
 <SubTexture name="__dbTextures/Sprite/sprite 699/2_7_93" x="65" y="984" width="50" height="29"/>
 <SubTexture name="__dbTextures/Sprite/sprite 699/2_7_94" x="517" y="960" width="44" height="26"/>
 <SubTexture name="__dbTextures/Sprite/sprite 699/2_7_95" x="2003" y="952" width="44" height="26"/>
 <SubTexture name="__dbTextures/Sprite/sprite 699/2_7_96" x="1830" y="954" width="60" height="34"/>
 <SubTexture name="__dbTextures/Sprite/sprite 699/2_7_97" x="1259" y="950" width="73" height="34"/>
 <SubTexture name="__dbTextures/Sprite/sprite 699/2_7_98" x="296" y="892" width="82" height="37"/>
 <SubTexture name="__dbTextures/Sprite/sprite 699/2_7_99" x="1405" y="864" width="78" height="47"/>
 <SubTexture name="__dbTextures/Sprite/sprite 699/2_7_100" x="1099" y="898" width="60" height="48"/>
 <SubTexture name="__dbTextures/Sprite/sprite 699/2_8_81" x="138" y="880" width="14" height="5"/>
 <SubTexture name="__dbTextures/Sprite/sprite 699/2_8_82" x="1119" y="890" width="19" height="7"/>
 <SubTexture name="__dbTextures/Sprite/sprite 699/2_8_83" x="222" y="882" width="23" height="8"/>
 <SubTexture name="__dbTextures/Sprite/sprite 699/2_8_84" x="60" y="1014" width="32" height="11"/>
 <SubTexture name="__dbTextures/Sprite/sprite 699/2_8_85" x="1388" y="997" width="45" height="15"/>
 <SubTexture name="__dbTextures/Sprite/sprite 699/2_8_86" x="1034" y="998" width="45" height="15"/>
 <SubTexture name="__dbTextures/Sprite/sprite 699/2_8_87" x="1589" y="970" width="68" height="16"/>
 <SubTexture name="__dbTextures/Sprite/sprite 699/2_8_88" x="1449" y="973" width="68" height="16"/>
 <SubTexture name="__dbTextures/Sprite/sprite 699/2_8_89" x="439" y="968" width="77" height="20"/>
 <SubTexture name="__dbTextures/Sprite/sprite 699/2_9_67" x="881" y="873" width="20" height="14"/>
 <SubTexture name="__dbTextures/Sprite/sprite 699/2_9_68" x="1788" y="989" width="38" height="26"/>
 <SubTexture name="__dbTextures/Sprite/sprite 699/2_9_69" x="2004" y="874" width="43" height="39"/>
 <SubTexture name="__dbTextures/Sprite/sprite 699/2_9_70" x="408" y="754" width="43" height="49"/>
 <SubTexture name="__dbTextures/Sprite/sprite 699/2_9_71" x="1352" y="870" width="48" height="56"/>
 <SubTexture name="__dbTextures/Sprite/sprite 699/2_9_72" x="246" y="853" width="49" height="65"/>
 <SubTexture name="__dbTextures/Sprite/sprite 699/2_10_61" x="1963" y="875" width="16" height="14"/>
 <SubTexture name="__dbTextures/Sprite/sprite 699/2_10_62" x="880" y="888" width="24" height="23"/>
 <SubTexture name="__dbTextures/Sprite/sprite 699/2_10_63" x="305" y="994" width="34" height="28"/>
 <SubTexture name="__dbTextures/Sprite/sprite 699/2_10_64" x="997" y="969" width="36" height="30"/>
 <SubTexture name="__dbTextures/Sprite/sprite 699/2_10_65" x="1743" y="895" width="56" height="55"/>
 <SubTexture name="__dbTextures/Sprite/sprite 699/2_10_66" x="1357" y="715" width="60" height="77"/>
 <SubTexture name="__dbTextures/Sprite/sprite 699/2_11_56" x="547" y="874" width="15" height="16"/>
 <SubTexture name="__dbTextures/Sprite/sprite 699/2_11_57" x="1333" y="838" width="20" height="29"/>
 <SubTexture name="__dbTextures/Sprite/sprite 699/2_11_58" x="883" y="833" width="21" height="39"/>
 <SubTexture name="__dbTextures/Sprite/sprite 699/2_11_59" x="1709" y="790" width="30" height="49"/>
 <SubTexture name="__dbTextures/Sprite/sprite 699/2_11_60" x="999" y="704" width="37" height="55"/>
 <SubTexture name="__dbTextures/Sprite/sprite 699/2_12_49" x="72" y="831" width="10" height="5"/>
 <SubTexture name="__dbTextures/Sprite/sprite 699/2_12_50" x="1405" y="833" width="10" height="5"/>
 <SubTexture name="__dbTextures/Sprite/sprite 699/2_12_51" x="121" y="1020" width="31" height="7"/>
 <SubTexture name="__dbTextures/Sprite/sprite 699/2_12_52" x="1308" y="1008" width="46" height="9"/>
 <SubTexture name="__dbTextures/Sprite/sprite 699/2_12_53" x="116" y="1010" width="46" height="9"/>
 <SubTexture name="__dbTextures/Sprite/sprite 699/2_12_54" x="1434" y="1011" width="43" height="9"/>
 <SubTexture name="__dbTextures/Sprite/sprite 699/2_12_55" x="1333" y="969" width="67" height="16"/>
 <SubTexture name="__dbTextures/Sprite/sprite 699/2_13_45" x="1024" y="797" width="12" height="19"/>
 <SubTexture name="__dbTextures/Sprite/sprite 699/2_13_46" x="382" y="857" width="19" height="29"/>
 <SubTexture name="__dbTextures/Sprite/sprite 699/2_13_47" x="1572" y="850" width="20" height="30"/>
 <SubTexture name="__dbTextures/Sprite/sprite 699/2_13_48" x="267" y="994" width="37" height="25"/>
 <SubTexture name="__dbTextures/Sprite/sprite 699/2_14_40" x="791" y="631" width="9" height="8"/>
 <SubTexture name="__dbTextures/Sprite/sprite 699/2_14_42" x="1308" y="985" width="24" height="18"/>
 <SubTexture name="__dbTextures/Sprite/sprite 699/2_14_43" x="1757" y="1011" width="28" height="22"/>
 <SubTexture name="__dbTextures/Sprite/sprite 699/2_14_44" x="649" y="876" width="39" height="40"/>
 <SubTexture name="__dbTextures/Sprite/sprite 699/2_15_37" x="791" y="678" width="9" height="8"/>
 <SubTexture name="__dbTextures/Sprite/sprite 699/2_15_38" x="72" y="794" width="11" height="20"/>
 <SubTexture name="__dbTextures/Sprite/sprite 699/2_15_39" x="72" y="763" width="11" height="30"/>
 <SubTexture name="__dbTextures/Sprite/sprite 699/2_16_35" x="1574" y="668" width="7" height="6"/>
 <SubTexture name="__dbTextures/Sprite/sprite 699/2_16_36" x="1022" y="861" width="14" height="13"/>
 <SubTexture name="__dbTextures/Sprite/sprite 699/2_17_33" x="1745" y="580" width="5" height="10"/>
 <SubTexture name="__dbTextures/Sprite/sprite 699/2_17_34" x="1745" y="600" width="5" height="5"/>
 <SubTexture name="__dbTextures/Sprite/sprite 699/2_18_30" x="1405" y="817" width="12" height="15"/>
 <SubTexture name="__dbTextures/Sprite/sprite 699/2_18_32" x="783" y="803" width="13" height="32"/>
 <SubTexture name="__dbTextures/Sprite/sprite 699/2_19_28" x="1574" y="648" width="9" height="9"/>
 <SubTexture name="__dbTextures/Sprite/sprite 699/2_19_29" x="1119" y="875" width="19" height="14"/>
 <SubTexture name="__dbTextures/Sprite/sprite 699/2_20_26" x="1980" y="883" width="21" height="8"/>
 <SubTexture name="__dbTextures/Sprite/sprite 699/2_20_27" x="377" y="1013" width="31" height="15"/>
 <SubTexture name="__dbTextures/Sprite/sprite 699/2_21_24" x="630" y="887" width="18" height="10"/>
 <SubTexture name="__dbTextures/Sprite/sprite 699/2_21_25" x="1081" y="1017" width="29" height="10"/>
 <SubTexture name="__dbTextures/Sprite/sprite 699/2_22_22" x="1574" y="658" width="8" height="9"/>
 <SubTexture name="__dbTextures/Sprite/sprite 699/2_22_23" x="1022" y="845" width="14" height="14"/>
 <SubTexture name="__dbTextures/Sprite/sprite 699/2_23_19" x="1574" y="682" width="7" height="6"/>
 <SubTexture name="__dbTextures/Sprite/sprite 699/2_23_20" x="1501" y="880" width="20" height="11"/>
 <SubTexture name="__dbTextures/Sprite/sprite 699/2_24_12" x="755" y="889" width="19" height="10"/>
 <SubTexture name="__dbTextures/Sprite/sprite 699/2_24_14" x="437" y="1013" width="29" height="17"/>
 <SubTexture name="__dbTextures/Sprite/sprite 699/2_25_10" x="791" y="659" width="8" height="10"/>
 <SubTexture name="__dbTextures/Sprite/sprite 699/2_25_11" x="1022" y="824" width="13" height="20"/>
 <SubTexture name="__dbTextures/Sprite/sprite 699/2_26_6" x="1574" y="639" width="10" height="7"/>
 <SubTexture name="__dbTextures/Sprite/sprite 699/2_26_8" x="1156" y="1014" width="25" height="17"/>
 <SubTexture name="__dbTextures/Sprite/sprite 699/2_27_3" x="1024" y="818" width="11" height="5"/>
 <SubTexture name="__dbTextures/Sprite/sprite 699/2_27_4" x="1242" y="889" width="23" height="5"/>
 <SubTexture name="__dbTextures/Sprite/sprite 699/2_28_1" x="791" y="670" width="9" height="7"/>
 <SubTexture name="__dbTextures/Sprite/sprite 699/1_0" x="791" y="649" width="8" height="9"/>
 <SubTexture name="Shape/shape 701" x="1839" y="675" width="56" height="93"/>
 <SubTexture name="Shape/shape 703" x="251" y="681" width="56" height="93"/>
 <SubTexture name="Shape/shape 749" x="1900" y="659" width="103" height="86"/>
 <SubTexture name="Shape/shape 751" x="1424" y="639" width="103" height="86"/>
 <SubTexture name="Shape/shape 714" x="84" y="762" width="70" height="74"/>
 <SubTexture name="Shape/shape 747" x="0" y="763" width="70" height="74"/>
 <SubTexture name="Sprite/case" x="905" y="903" width="50" height="50"/>
 <SubTexture name="__dbTextures/Sprite/sprite 776/Layer 3_1" x="1752" y="194" width="146" height="95"/>
 <SubTexture name="__dbTextures/Sprite/sprite 776/Layer 3_2" x="1752" y="97" width="146" height="95"/>
 <SubTexture name="__dbTextures/Sprite/sprite 776/Layer 3_3" x="1604" y="291" width="146" height="95"/>
 <SubTexture name="__dbTextures/Sprite/sprite 776/Layer 3_4" x="1900" y="0" width="146" height="95"/>
 <SubTexture name="__dbTextures/Sprite/sprite 776/Layer 3_5" x="1900" y="194" width="146" height="95"/>
 <SubTexture name="__dbTextures/Sprite/sprite 776/Layer 3_6" x="1604" y="97" width="146" height="95"/>
 <SubTexture name="__dbTextures/Sprite/sprite 776/Layer 3_7" x="1604" y="194" width="146" height="95"/>
 <SubTexture name="__dbTextures/Sprite/sprite 776/Layer 3_8" x="1900" y="97" width="146" height="95"/>
 <SubTexture name="__dbTextures/Sprite/sprite 776/Layer 3_9" x="1604" y="0" width="146" height="95"/>
 <SubTexture name="__dbTextures/Sprite/sprite 776/Layer 3_11" x="1752" y="0" width="146" height="95"/>
 <SubTexture name="__dbTextures/Sprite/sprite 268/Layer 2_0" x="408" y="804" width="42" height="42"/>
 <SubTexture name="__dbTextures/Sprite/sprite 268/Layer 2_1" x="1660" y="920" width="43" height="46"/>
 <SubTexture name="__dbTextures/Sprite/sprite 268/Layer 2_2" x="2004" y="830" width="42" height="42"/>
 <SubTexture name="Symbol 47" x="1037" y="903" width="50" height="50"/>
 <SubTexture name="__dbTextures/Sprite/book/Layer 3_1" x="1900" y="483" width="146" height="94"/>
 <SubTexture name="__dbTextures/Sprite/book/Layer 3_2" x="1752" y="291" width="146" height="94"/>
 <SubTexture name="__dbTextures/Sprite/book/Layer 3_3" x="1752" y="579" width="146" height="94"/>
 <SubTexture name="__dbTextures/Sprite/book/Layer 3_4" x="1752" y="387" width="146" height="94"/>
 <SubTexture name="__dbTextures/Sprite/book/Layer 3_5" x="1900" y="291" width="146" height="94"/>
 <SubTexture name="__dbTextures/Sprite/book/Layer 3_6" x="1604" y="484" width="146" height="94"/>
 <SubTexture name="__dbTextures/Sprite/book/Layer 3_7" x="1604" y="388" width="146" height="94"/>
 <SubTexture name="__dbTextures/Sprite/book/Layer 3_8" x="1752" y="483" width="146" height="94"/>
 <SubTexture name="__dbTextures/Sprite/book/Layer 3_10" x="1900" y="387" width="146" height="94"/>
 <SubTexture name="__dbTextures/Sprite/upgrades/Layer 4_1" x="460" y="602" width="118" height="100"/>
 <SubTexture name="__dbTextures/Sprite/upgrades/Layer 4_2" x="921" y="602" width="118" height="100"/>
 <SubTexture name="__dbTextures/Sprite/upgrades/Layer 4_3" x="801" y="602" width="118" height="100"/>
 <SubTexture name="__dbTextures/Sprite/upgrades/Layer 4_4" x="1041" y="602" width="118" height="100"/>
 <SubTexture name="__dbTextures/Sprite/upgrades/Layer 4_5" x="580" y="602" width="118" height="100"/>
 <SubTexture name="__dbTextures/Sprite/upgrades/Layer 4_6" x="1161" y="602" width="118" height="100"/>
 <SubTexture name="Shape/shape 245" x="1160" y="841" width="60" height="60"/>
 <SubTexture name="Shape/shape 247" x="1037" y="841" width="60" height="60"/>
 <SubTexture name="Shape/shape 249" x="798" y="841" width="60" height="60"/>
 <SubTexture name="Shape/shape 251" x="905" y="841" width="60" height="60"/>
 <SubTexture name="Shape/shape 254" x="84" y="687" width="71" height="73"/>
 <SubTexture name="Shape/shape 256" x="309" y="749" width="71" height="73"/>
 <SubTexture name="Shape/shape 258" x="157" y="760" width="71" height="73"/>
 <SubTexture name="Shape/shape 260" x="690" y="761" width="71" height="73"/>
 <SubTexture name="Shape/shape 429" x="1150" y="724" width="9" height="2"/>
 <SubTexture name="Shape/shape 432" x="1150" y="728" width="9" height="2"/>
 <SubTexture name="Shape/shape 431" x="1150" y="732" width="9" height="2"/>
 <SubTexture name="Shape/shape 430" x="1150" y="720" width="9" height="2"/>
 <SubTexture name="Shape/shape 424" x="1572" y="881" width="19" height="11"/>
 <SubTexture name="Shape/shape 427" x="1222" y="883" width="19" height="11"/>
 <SubTexture name="Shape/shape 428" x="1099" y="883" width="19" height="11"/>
 <SubTexture name="Shape/shape 441" x="791" y="687" width="7" height="2"/>
 <SubTexture name="Shape/shape 443" x="1574" y="689" width="7" height="2"/>
 <SubTexture name="Shape/shape 444" x="791" y="690" width="7" height="2"/>
 <SubTexture name="Shape/shape 446" x="1574" y="692" width="7" height="2"/>
 <SubTexture name="Shape/shape 448" x="1150" y="704" width="10" height="2"/>
 <SubTexture name="Shape/shape 436" x="778" y="885" width="19" height="10"/>
 <SubTexture name="Shape/shape 439" x="860" y="887" width="19" height="10"/>
 <SubTexture name="Shape/shape 440" x="381" y="887" width="19" height="10"/>
 <SubTexture name="Shape/shape 442" x="1150" y="712" width="10" height="2"/>
 <SubTexture name="Shape/shape 445" x="1150" y="716" width="10" height="2"/>
 <SubTexture name="Shape/shape 447" x="1150" y="708" width="10" height="2"/>
 <SubTexture name="Shape/shape 450" x="1227" y="821" width="17" height="31"/>
 <SubTexture name="Shape/shape 451" x="364" y="824" width="16" height="29"/>
 <SubTexture name="Shape/shape 452" x="1103" y="831" width="16" height="27"/>
 <SubTexture name="Shape/shape 453" x="1883" y="807" width="13" height="25"/>
 <SubTexture name="Shape/shape 454" x="1405" y="793" width="12" height="23"/>
 <SubTexture name="Shape/shape 455" x="138" y="838" width="17" height="23"/>
 <SubTexture name="Shape/shape 456" x="1142" y="853" width="17" height="19"/>
 <SubTexture name="Shape/shape 457" x="1099" y="860" width="19" height="22"/>
 <SubTexture name="Shape/shape 458" x="860" y="867" width="20" height="19"/>
 <SubTexture name="Shape/shape 459" x="364" y="854" width="17" height="19"/>
 <SubTexture name="Shape/shape 460" x="1333" y="868" width="18" height="18"/>
 <SubTexture name="Shape/shape 461" x="138" y="862" width="16" height="17"/>
 <SubTexture name="Shape/shape 462" x="778" y="865" width="19" height="18"/>
 <SubTexture name="Shape/shape 463" x="1660" y="855" width="18" height="18"/>
 <SubTexture name="Shape/shape 464" x="630" y="869" width="18" height="17"/>
 <SubTexture name="Shape/shape 465" x="1142" y="873" width="17" height="15"/>
 <SubTexture name="Shape/shape 466" x="1484" y="863" width="17" height="15"/>
 <SubTexture name="Shape/shape 467" x="364" y="874" width="16" height="15"/>
 <SubTexture name="Shape/shape 468" x="1484" y="879" width="16" height="15"/>
 <SubTexture name="Shape/shape 469" x="72" y="815" width="11" height="15"/>
 <SubTexture name="Shape/shape 471" x="997" y="866" width="24" height="26"/>
 <SubTexture name="Shape/shape 472" x="984" y="1001" width="31" height="29"/>
 <SubTexture name="Shape/shape 491" x="896" y="1006" width="27" height="29"/>
 <SubTexture name="Shape/shape 492" x="755" y="860" width="22" height="20"/>
 <SubTexture name="Shape/shape 473" x="1654" y="994" width="33" height="30"/>
 <SubTexture name="Shape/shape 474" x="1688" y="995" width="32" height="29"/>
 <SubTexture name="Shape/shape 475" x="614" y="995" width="32" height="30"/>
 <SubTexture name="Shape/shape 476" x="711" y="995" width="31" height="31"/>
 <SubTexture name="Shape/shape 477" x="678" y="995" width="32" height="30"/>
 <SubTexture name="Shape/shape 478" x="967" y="901" width="29" height="31"/>
 <SubTexture name="Shape/shape 479" x="1575" y="1000" width="30" height="30"/>
 <SubTexture name="Shape/shape 480" x="2001" y="1004" width="28" height="29"/>
 <SubTexture name="Shape/shape 481" x="517" y="987" width="33" height="31"/>
 <SubTexture name="Shape/shape 482" x="535" y="891" width="28" height="30"/>
 <SubTexture name="Shape/shape 483" x="477" y="989" width="33" height="32"/>
 <SubTexture name="Shape/shape 484" x="647" y="995" width="30" height="30"/>
 <SubTexture name="Shape/shape 485" x="863" y="990" width="32" height="31"/>
 <SubTexture name="Shape/shape 486" x="1972" y="1000" width="28" height="30"/>
 <SubTexture name="Shape/shape 487" x="1606" y="1000" width="30" height="31"/>
 <SubTexture name="Shape/shape 488" x="1126" y="993" width="29" height="31"/>
 <SubTexture name="Shape/shape 489" x="1493" y="1005" width="27" height="30"/>
 <SubTexture name="Shape/shape 490" x="1942" y="1000" width="29" height="32"/>
 <SubTexture name="Shape/shape 494" x="1024" y="760" width="12" height="36"/>
 <SubTexture name="Shape/shape 495" x="1883" y="770" width="12" height="36"/>
 <SubTexture name="Shape/shape 509" x="784" y="693" width="15" height="54"/>
 <SubTexture name="Shape/shape 510" x="784" y="748" width="13" height="54"/>
 <SubTexture name="Shape/shape 496" x="230" y="820" width="15" height="40"/>
 <SubTexture name="Shape/shape 497" x="763" y="818" width="15" height="41"/>
 <SubTexture name="Shape/shape 498" x="1484" y="796" width="16" height="44"/>
 <SubTexture name="Shape/shape 499" x="548" y="809" width="15" height="44"/>
 <SubTexture name="Shape/shape 500" x="1227" y="773" width="16" height="47"/>
 <SubTexture name="Shape/shape 501" x="1660" y="805" width="18" height="49"/>
 <SubTexture name="Shape/shape 502" x="1144" y="770" width="16" height="49"/>
 <SubTexture name="Shape/shape 503" x="1333" y="784" width="23" height="53"/>
 <SubTexture name="Shape/shape 504" x="1502" y="793" width="21" height="56"/>
 <SubTexture name="Shape/shape 505" x="763" y="761" width="19" height="56"/>
 <SubTexture name="Shape/shape 506" x="230" y="760" width="19" height="58"/>
 <SubTexture name="Shape/shape 507" x="864" y="773" width="17" height="57"/>
 <SubTexture name="Shape/shape 508" x="1103" y="773" width="17" height="57"/>
 <SubTexture name="Shape/shape 512" x="1808" y="875" width="25" height="39"/>
 <SubTexture name="Shape/shape 513" x="974" y="827" width="23" height="37"/>
 <SubTexture name="Shape/shape 530" x="2045" y="590" width="1" height="3"/>
 <SubTexture name="Shape/shape 531" x="2045" y="586" width="2" height="3"/>
 <SubTexture name="Shape/shape 514" x="1679" y="841" width="27" height="42"/>
 <SubTexture name="Shape/shape 515" x="653" y="835" width="35" height="40"/>
 <SubTexture name="Shape/shape 516" x="1709" y="840" width="35" height="39"/>
 <SubTexture name="Shape/shape 517" x="868" y="912" width="34" height="39"/>
 <SubTexture name="Shape/shape 518" x="1707" y="880" width="35" height="38"/>
 <SubTexture name="Shape/shape 519" x="1707" y="919" width="32" height="37"/>
 <SubTexture name="Shape/shape 520" x="1705" y="957" width="32" height="37"/>
 <SubTexture name="Shape/shape 521" x="359" y="969" width="33" height="34"/>
 <SubTexture name="Shape/shape 522" x="752" y="976" width="34" height="32"/>
 <SubTexture name="Shape/shape 523" x="952" y="996" width="31" height="30"/>
 <SubTexture name="Shape/shape 524" x="1205" y="1004" width="30" height="27"/>
 <SubTexture name="Shape/shape 525" x="1355" y="1008" width="30" height="25"/>
 <SubTexture name="Shape/shape 526" x="924" y="1006" width="27" height="25"/>
 <SubTexture name="Shape/shape 527" x="1521" y="1005" width="28" height="28"/>
 <SubTexture name="Shape/shape 528" x="791" y="602" width="9" height="19"/>
 <SubTexture name="Shape/shape 529" x="1574" y="676" width="8" height="5"/>
 <SubTexture name="Shape/shape 533" x="2045" y="579" width="2" height="6"/>
 <SubTexture name="Shape/shape 534" x="1745" y="591" width="6" height="8"/>
 <SubTexture name="Shape/shape 552" x="1904" y="1012" width="26" height="23"/>
 <SubTexture name="Shape/shape 553" x="222" y="861" width="22" height="20"/>
 <SubTexture name="Shape/shape 535" x="1709" y="740" width="38" height="49"/>
 <SubTexture name="Shape/shape 536" x="2005" y="782" width="39" height="47"/>
 <SubTexture name="Shape/shape 537" x="2005" y="732" width="42" height="49"/>
 <SubTexture name="Shape/shape 538" x="401" y="895" width="44" height="47"/>
 <SubTexture name="Shape/shape 539" x="405" y="848" width="44" height="46"/>
 <SubTexture name="Shape/shape 540" x="1037" y="955" width="47" height="42"/>
 <SubTexture name="Shape/shape 541" x="1160" y="944" width="47" height="42"/>
 <SubTexture name="Shape/shape 542" x="903" y="955" width="48" height="41"/>
 <SubTexture name="Shape/shape 543" x="635" y="917" width="52" height="39"/>
 <SubTexture name="Shape/shape 544" x="1472" y="933" width="51" height="38"/>
 <SubTexture name="Shape/shape 545" x="629" y="957" width="48" height="37"/>
 <SubTexture name="Shape/shape 546" x="517" y="922" width="45" height="37"/>
 <SubTexture name="Shape/shape 547" x="1222" y="895" width="43" height="36"/>
 <SubTexture name="Shape/shape 548" x="1963" y="892" width="40" height="36"/>
 <SubTexture name="Shape/shape 549" x="1962" y="967" width="39" height="32"/>
 <SubTexture name="Shape/shape 550" x="393" y="981" width="34" height="31"/>
 <SubTexture name="Shape/shape 551" x="821" y="1003" width="31" height="27"/>
 <SubTexture name="Shape/shape 563" x="547" y="854" width="16" height="19"/>
 <SubTexture name="Shape/shape 564" x="2045" y="594" width="1" height="2"/>
 <SubTexture name="Shape/shape 555" x="1574" y="730" width="22" height="66"/>
 <SubTexture name="Shape/shape 556" x="1983" y="747" width="21" height="65"/>
 <SubTexture name="Shape/shape 557" x="631" y="773" width="21" height="63"/>
 <SubTexture name="Shape/shape 558" x="1585" y="602" width="18" height="63"/>
 <SubTexture name="Shape/shape 559" x="1583" y="666" width="17" height="63"/>
 <SubTexture name="Shape/shape 560" x="1963" y="812" width="18" height="38"/>
 <SubTexture name="Shape/shape 561" x="864" y="831" width="18" height="35"/>
 <SubTexture name="Shape/shape 562" x="1484" y="841" width="17" height="21"/>
 <SubTexture name="Shape/shape 565" x="1502" y="850" width="20" height="29"/>
 <SubTexture name="Shape/shape 566" x="631" y="837" width="20" height="31"/>
 <SubTexture name="Shape/shape 567" x="1245" y="836" width="20" height="35"/>
 <SubTexture name="Shape/shape 568" x="1120" y="835" width="21" height="38"/>
 <SubTexture name="Shape/shape 569" x="999" y="823" width="22" height="42"/>
 <SubTexture name="Shape/shape 570" x="382" y="811" width="22" height="45"/>
 <SubTexture name="Shape/shape 571" x="974" y="773" width="24" height="53"/>
 <SubTexture name="Shape/shape 572" x="653" y="776" width="25" height="58"/>
 <SubTexture name="Shape/shape 573" x="382" y="749" width="25" height="61"/>
 <SubTexture name="Shape/shape 574" x="999" y="760" width="24" height="62"/>
 <SubTexture name="Shape/shape 575" x="1121" y="770" width="22" height="64"/>
 <SubTexture name="Shape/shape 576" x="1245" y="770" width="21" height="65"/>
 <SubTexture name="Shape/shape 578" x="1493" y="990" width="24" height="8"/>
 <SubTexture name="Shape/shape 579" x="251" y="1020" width="25" height="9"/>
 <SubTexture name="Shape/shape 598" x="1869" y="1012" width="34" height="15"/>
 <SubTexture name="Shape/shape 599" x="1745" y="606" width="3" height="4"/>
 <SubTexture name="Shape/shape 580" x="1305" y="1018" width="28" height="12"/>
 <SubTexture name="Shape/shape 581" x="93" y="1020" width="27" height="12"/>
 <SubTexture name="Shape/shape 582" x="1051" y="1014" width="29" height="14"/>
 <SubTexture name="Shape/shape 583" x="218" y="1013" width="32" height="14"/>
 <SubTexture name="Shape/shape 584" x="551" y="1011" width="36" height="16"/>
 <SubTexture name="Shape/shape 585" x="1827" y="1002" width="41" height="17"/>
 <SubTexture name="Shape/shape 586" x="1449" y="990" width="43" height="20"/>
 <SubTexture name="Shape/shape 587" x="428" y="989" width="48" height="23"/>
 <SubTexture name="Shape/shape 588" x="1891" y="987" width="50" height="24"/>
 <SubTexture name="Shape/shape 589" x="215" y="986" width="50" height="26"/>
 <SubTexture name="Shape/shape 590" x="0" y="987" width="50" height="25"/>
 <SubTexture name="Shape/shape 591" x="1256" y="985" width="51" height="26"/>
 <SubTexture name="Shape/shape 592" x="2002" y="979" width="43" height="24"/>
 <SubTexture name="Shape/shape 593" x="952" y="971" width="43" height="24"/>
 <SubTexture name="Shape/shape 594" x="1085" y="993" width="39" height="23"/>
 <SubTexture name="Shape/shape 595" x="340" y="1004" width="35" height="22"/>
 <SubTexture name="Shape/shape 596" x="743" y="1009" width="35" height="20"/>
 <SubTexture name="Shape/shape 597" x="1721" y="1011" width="35" height="16"/>
 <SubTexture name="Shape/shape 609" x="1740" y="951" width="52" height="36"/>
 <SubTexture name="Shape/shape 610" x="1208" y="970" width="47" height="33"/>
 <SubTexture name="Shape/shape 611" x="1574" y="695" width="7" height="1"/>
 <SubTexture name="Shape/shape 612" x="1156" y="987" width="48" height="26"/>
 <SubTexture name="Shape/shape 601" x="66" y="906" width="68" height="48"/>
 <SubTexture name="Shape/shape 602" x="1893" y="880" width="69" height="50"/>
 <SubTexture name="Shape/shape 603" x="1593" y="921" width="66" height="47"/>
 <SubTexture name="Shape/shape 604" x="1593" y="873" width="66" height="47"/>
 <SubTexture name="Shape/shape 605" x="688" y="952" width="63" height="42"/>
 <SubTexture name="Shape/shape 606" x="1338" y="927" width="62" height="41"/>
 <SubTexture name="Shape/shape 607" x="1160" y="903" width="58" height="39"/>
 <SubTexture name="Shape/shape 608" x="236" y="919" width="53" height="38"/>
 <SubTexture name="Shape/shape 613" x="65" y="955" width="64" height="28"/>
 <SubTexture name="Shape/shape 614" x="795" y="950" width="67" height="41"/>
 <SubTexture name="Shape/shape 615" x="291" y="931" width="67" height="45"/>
 <SubTexture name="Shape/shape 616" x="564" y="909" width="70" height="45"/>
 <SubTexture name="Shape/shape 617" x="1401" y="912" width="70" height="45"/>
 <SubTexture name="Shape/shape 618" x="446" y="921" width="70" height="46"/>
 <SubTexture name="Shape/shape 619" x="1524" y="909" width="68" height="47"/>
 <SubTexture name="Shape/shape 620" x="1266" y="903" width="71" height="46"/>
 <SubTexture name="Shape/shape 621" x="795" y="903" width="72" height="46"/>
 <SubTexture name="Shape/shape 728" x="573" y="704" width="82" height="67"/>
 <SubTexture name="Shape/shape 730" x="915" y="704" width="82" height="67"/>
 <SubTexture name="Shape/shape 732" x="700" y="692" width="82" height="67"/>
 <SubTexture name="Shape/shape 734" x="1273" y="715" width="82" height="67"/>
 <SubTexture name="Shape/shape 736" x="1418" y="727" width="82" height="67"/>
 <SubTexture name="Shape/shape 738" x="800" y="704" width="82" height="67"/>
 <SubTexture name="Shape/shape 740" x="1161" y="704" width="82" height="67"/>
 <SubTexture name="Shape/shape 742" x="1037" y="704" width="82" height="67"/>
 <SubTexture name="Shape/shape 744" x="1597" y="736" width="82" height="67"/>
 <SubTexture name="Shape/shape 715" x="1745" y="843" width="62" height="51"/>
 <SubTexture name="Shape/shape 716" x="1266" y="852" width="66" height="50"/>
 <SubTexture name="Shape/shape 717" x="689" y="904" width="65" height="47"/>
 <SubTexture name="Shape/shape 718" x="1089" y="947" width="66" height="45"/>
 <SubTexture name="Shape/shape 719" x="1892" y="931" width="69" height="42"/>
 <SubTexture name="Shape/shape 705" x="1681" y="797" width="27" height="43"/>
 <SubTexture name="Shape/shape 707" x="1679" y="884" width="27" height="35"/>
 <SubTexture name="Shape/shape 709" x="409" y="1013" width="27" height="20"/>
 <SubTexture name="Shape/shape 704" x="1681" y="736" width="27" height="60"/>
 <SubTexture name="Shape/shape 706" x="1786" y="1016" width="34" height="8"/>
 <SubTexture name="Shape/shape 708" x="562" y="981" width="51" height="28"/>
 <SubTexture name="Sprite/sprite 711" x="967" y="866" width="29" height="34"/>
 <SubTexture name="Shape/shape 712" x="1834" y="913" width="57" height="40"/>
 <SubTexture name="Sprite/sprite 325" x="997" y="893" width="39" height="37"/>
 <SubTexture name="Shape/shape 722" x="163" y="1010" width="27" height="27"/>
 <SubTexture name="Shape/shape 725" x="1793" y="952" width="35" height="35"/>
 <SubTexture name="Shape/shape 804" x="0" y="839" width="64" height="66"/>
 <SubTexture name="Shape/shape 806" x="1161" y="773" width="64" height="66"/>
 <SubTexture name="Shape/shape 808" x="156" y="835" width="64" height="66"/>
 <SubTexture name="Shape/shape 810" x="1594" y="805" width="64" height="66"/>
 <SubTexture name="Shape/shape 812" x="1897" y="812" width="64" height="66"/>
 <SubTexture name="Shape/shape 814" x="72" y="838" width="64" height="66"/>
 <SubTexture name="Shape/shape 816" x="1037" y="773" width="64" height="66"/>
 <SubTexture name="Shape/shape 818" x="798" y="773" width="64" height="66"/>
 <SubTexture name="Shape/shape 820" x="1267" y="784" width="64" height="66"/>
 <SubTexture name="Shape/shape 822" x="565" y="773" width="64" height="66"/>
 <SubTexture name="Shape/shape 824" x="564" y="841" width="64" height="66"/>
 <SubTexture name="Shape/shape 826" x="689" y="836" width="64" height="66"/>
 <SubTexture name="Shape/shape 828" x="298" y="824" width="64" height="66"/>
 <SubTexture name="Shape/shape 830" x="908" y="773" width="64" height="66"/>
 <SubTexture name="Shape/shape 832" x="1418" y="796" width="64" height="66"/>
 <SubTexture name="Shape/shape 846" x="957" y="933" width="38" height="36"/>
 <SubTexture name="Shape/shape 849" x="755" y="900" width="38" height="36"/>
 <SubTexture name="Shape/shape 851" x="863" y="952" width="38" height="36"/>
 <SubTexture name="Shape/shape 853" x="755" y="938" width="38" height="36"/>
 <SubTexture name="Shape/shape 855" x="2004" y="914" width="38" height="36"/>
 <SubTexture name="Shape/shape 857" x="359" y="931" width="38" height="36"/>
 <SubTexture name="Shape/shape 859" x="399" y="943" width="38" height="36"/>
 <SubTexture name="Shape/shape 861" x="1963" y="929" width="38" height="36"/>
 <SubTexture name="Shape/shape 863" x="1484" y="895" width="38" height="36"/>
 <SubTexture name="Shape/shape 865" x="997" y="931" width="38" height="36"/>
 <SubTexture name="Shape/shape 867" x="1219" y="932" width="38" height="36"/>
 <SubTexture name="位图 1" x="0" y="907" width="63" height="44"/>
</TextureAtlas>