<TextureAtlas name="LevelsMenu_mc" imagePath="texture.png">
 <SubTexture name="Shape/shape 421" x="802" y="0" width="800" height="600"/>
 <SubTexture name="Shape/shape 624" x="0" y="0" width="800" height="600"/>
 <SubTexture name="Sprite/level" x="1246" y="776" width="28" height="61"/>
 <SubTexture name="__dbTextures/Sprite/sprite 699/2_174" x="1809" y="931" width="20" height="29"/>
 <SubTexture name="__dbTextures/Sprite/sprite 699/2_175" x="2015" y="807" width="28" height="57"/>
 <SubTexture name="__dbTextures/Sprite/sprite 699/2_176" x="878" y="704" width="33" height="79"/>
 <SubTexture name="__dbTextures/Sprite/sprite 699/2_177" x="1855" y="676" width="44" height="93"/>
 <SubTexture name="__dbTextures/Sprite/sprite 699/2_178" x="746" y="602" width="44" height="98"/>
 <SubTexture name="__dbTextures/Sprite/sprite 699/2_73" x="1496" y="970" width="22" height="7"/>
 <SubTexture name="__dbTextures/Sprite/sprite 699/2_74" x="287" y="959" width="39" height="11"/>
 <SubTexture name="__dbTextures/Sprite/sprite 699/2_75" x="1991" y="952" width="52" height="8"/>
 <SubTexture name="__dbTextures/Sprite/sprite 699/2_76" x="299" y="925" width="56" height="12"/>
 <SubTexture name="__dbTextures/Sprite/sprite 699/2_77" x="1016" y="920" width="49" height="22"/>
 <SubTexture name="__dbTextures/Sprite/sprite 699/2_78" x="1900" y="845" width="64" height="33"/>
 <SubTexture name="__dbTextures/Sprite/sprite 699/2_0_166" x="656" y="964" width="33" height="12"/>
 <SubTexture name="__dbTextures/Sprite/sprite 699/2_0_168" x="583" y="898" width="69" height="12"/>
 <SubTexture name="__dbTextures/Sprite/sprite 699/2_0_169" x="777" y="922" width="78" height="12"/>
 <SubTexture name="__dbTextures/Sprite/sprite 699/2_0_170" x="1271" y="980" width="98" height="12"/>
 <SubTexture name="__dbTextures/Sprite/sprite 699/2_0_171" x="912" y="740" width="113" height="24"/>
 <SubTexture name="__dbTextures/Sprite/sprite 699/2_0_172" x="1032" y="737" width="116" height="26"/>
 <SubTexture name="__dbTextures/Sprite/sprite 699/2_0_173" x="912" y="704" width="119" height="35"/>
 <SubTexture name="__dbTextures/Sprite/sprite 699/2_1_158" x="892" y="964" width="34" height="8"/>
 <SubTexture name="__dbTextures/Sprite/sprite 699/2_1_159" x="1016" y="943" width="53" height="9"/>
 <SubTexture name="__dbTextures/Sprite/sprite 699/2_1_160" x="1274" y="912" width="77" height="16"/>
 <SubTexture name="__dbTextures/Sprite/sprite 699/2_1_161" x="450" y="856" width="63" height="27"/>
 <SubTexture name="__dbTextures/Sprite/sprite 699/2_1_162" x="1539" y="978" width="92" height="27"/>
 <SubTexture name="__dbTextures/Sprite/sprite 699/2_1_163" x="1275" y="813" width="84" height="38"/>
 <SubTexture name="__dbTextures/Sprite/sprite 699/2_1_164" x="1280" y="740" width="95" height="38"/>
 <SubTexture name="__dbTextures/Sprite/sprite 699/2_1_165" x="599" y="682" width="105" height="68"/>
 <SubTexture name="__dbTextures/Sprite/sprite 699/2_2_148" x="1991" y="961" width="32" height="16"/>
 <SubTexture name="__dbTextures/Sprite/sprite 699/2_2_149" x="1022" y="898" width="54" height="21"/>
 <SubTexture name="__dbTextures/Sprite/sprite 699/2_2_150" x="1389" y="876" width="64" height="26"/>
 <SubTexture name="__dbTextures/Sprite/sprite 699/2_2_151" x="1742" y="897" width="56" height="20"/>
 <SubTexture name="__dbTextures/Sprite/sprite 699/2_2_152" x="514" y="980" width="84" height="28"/>
 <SubTexture name="__dbTextures/Sprite/sprite 699/2_2_153" x="1026" y="981" width="88" height="22"/>
 <SubTexture name="__dbTextures/Sprite/sprite 699/2_2_154" x="1032" y="704" width="117" height="32"/>
 <SubTexture name="__dbTextures/Sprite/sprite 699/2_2_155" x="1280" y="704" width="112" height="35"/>
 <SubTexture name="__dbTextures/Sprite/sprite 699/2_2_156" x="460" y="682" width="138" height="36"/>
 <SubTexture name="__dbTextures/Sprite/sprite 699/2_2_157" x="1852" y="982" width="160" height="36"/>
 <SubTexture name="__dbTextures/Sprite/sprite 699/2_3_136" x="1594" y="620" width="9" height="8"/>
 <SubTexture name="__dbTextures/Sprite/sprite 699/2_3_137" x="1999" y="914" width="15" height="32"/>
 <SubTexture name="__dbTextures/Sprite/sprite 699/2_3_138" x="1722" y="874" width="19" height="52"/>
 <SubTexture name="__dbTextures/Sprite/sprite 699/2_3_139" x="2020" y="741" width="26" height="65"/>
 <SubTexture name="__dbTextures/Sprite/sprite 699/2_3_140" x="1247" y="704" width="32" height="71"/>
 <SubTexture name="__dbTextures/Sprite/sprite 699/2_3_141" x="665" y="751" width="35" height="73"/>
 <SubTexture name="__dbTextures/Sprite/sprite 699/2_3_142" x="746" y="701" width="47" height="76"/>
 <SubTexture name="__dbTextures/Sprite/sprite 699/2_3_143" x="1466" y="704" width="47" height="76"/>
 <SubTexture name="__dbTextures/Sprite/sprite 699/2_3_144" x="250" y="759" width="47" height="76"/>
 <SubTexture name="__dbTextures/Sprite/sprite 699/2_3_145" x="92" y="687" width="59" height="77"/>
 <SubTexture name="__dbTextures/Sprite/sprite 699/2_3_146" x="159" y="681" width="90" height="89"/>
 <SubTexture name="__dbTextures/Sprite/sprite 699/2_3_147" x="311" y="680" width="90" height="89"/>
 <SubTexture name="__dbTextures/Sprite/sprite 699/2_4_124" x="1594" y="602" width="9" height="8"/>
 <SubTexture name="__dbTextures/Sprite/sprite 699/2_4_125" x="835" y="969" width="18" height="16"/>
 <SubTexture name="__dbTextures/Sprite/sprite 699/2_4_126" x="510" y="947" width="18" height="23"/>
 <SubTexture name="__dbTextures/Sprite/sprite 699/2_4_127" x="1938" y="941" width="18" height="28"/>
 <SubTexture name="__dbTextures/Sprite/sprite 699/2_4_128" x="1809" y="884" width="21" height="46"/>
 <SubTexture name="__dbTextures/Sprite/sprite 699/2_4_129" x="224" y="833" width="23" height="61"/>
 <SubTexture name="__dbTextures/Sprite/sprite 699/2_4_130" x="1855" y="770" width="28" height="65"/>
 <SubTexture name="__dbTextures/Sprite/sprite 699/2_4_131" x="2020" y="675" width="27" height="65"/>
 <SubTexture name="__dbTextures/Sprite/sprite 699/2_4_132" x="1811" y="752" width="30" height="66"/>
 <SubTexture name="__dbTextures/Sprite/sprite 699/2_4_133" x="705" y="682" width="40" height="72"/>
 <SubTexture name="__dbTextures/Sprite/sprite 699/2_4_134" x="402" y="680" width="45" height="83"/>
 <SubTexture name="__dbTextures/Sprite/sprite 699/2_5_108" x="222" y="935" width="25" height="23"/>
 <SubTexture name="__dbTextures/Sprite/sprite 699/2_5_109" x="623" y="911" width="33" height="36"/>
 <SubTexture name="__dbTextures/Sprite/sprite 699/2_5_110" x="1454" y="879" width="47" height="38"/>
 <SubTexture name="__dbTextures/Sprite/sprite 699/2_5_111" x="1246" y="838" width="28" height="51"/>
 <SubTexture name="__dbTextures/Sprite/sprite 699/2_5_112" x="1454" y="781" width="55" height="58"/>
 <SubTexture name="__dbTextures/Sprite/sprite 699/2_5_113" x="1161" y="704" width="85" height="64"/>
 <SubTexture name="__dbTextures/Sprite/sprite 699/2_5_114" x="0" y="687" width="91" height="78"/>
 <SubTexture name="__dbTextures/Sprite/sprite 699/2_5_115" x="794" y="704" width="83" height="75"/>
 <SubTexture name="__dbTextures/Sprite/sprite 699/2_5_116" x="1745" y="676" width="109" height="75"/>
 <SubTexture name="__dbTextures/Sprite/sprite 699/2_5_117" x="605" y="602" width="140" height="79"/>
 <SubTexture name="__dbTextures/Sprite/sprite 699/2_5_118" x="460" y="602" width="144" height="79"/>
 <SubTexture name="__dbTextures/Sprite/sprite 699/2_5_119" x="0" y="602" width="158" height="84"/>
 <SubTexture name="__dbTextures/Sprite/sprite 699/2_5_120" x="311" y="602" width="148" height="77"/>
 <SubTexture name="__dbTextures/Sprite/sprite 699/2_5_121" x="1602" y="676" width="142" height="75"/>
 <SubTexture name="__dbTextures/Sprite/sprite 699/2_5_122" x="159" y="602" width="151" height="78"/>
 <SubTexture name="__dbTextures/Sprite/sprite 699/2_6_101" x="56" y="970" width="18" height="14"/>
 <SubTexture name="__dbTextures/Sprite/sprite 699/2_6_102" x="1830" y="960" width="21" height="22"/>
 <SubTexture name="__dbTextures/Sprite/sprite 699/2_6_103" x="1957" y="952" width="33" height="25"/>
 <SubTexture name="__dbTextures/Sprite/sprite 699/2_6_104" x="436" y="925" width="43" height="25"/>
 <SubTexture name="__dbTextures/Sprite/sprite 699/2_6_105" x="1898" y="879" width="65" height="25"/>
 <SubTexture name="__dbTextures/Sprite/sprite 699/2_6_106" x="1275" y="779" width="96" height="33"/>
 <SubTexture name="__dbTextures/Sprite/sprite 699/2_6_107" x="656" y="977" width="97" height="26"/>
 <SubTexture name="__dbTextures/Sprite/sprite 699/2_7_90" x="1077" y="898" width="14" height="11"/>
 <SubTexture name="__dbTextures/Sprite/sprite 699/2_7_91" x="467" y="962" width="26" height="21"/>
 <SubTexture name="__dbTextures/Sprite/sprite 699/2_7_92" x="1709" y="957" width="28" height="23"/>
 <SubTexture name="__dbTextures/Sprite/sprite 699/2_7_93" x="0" y="883" width="50" height="29"/>
 <SubTexture name="__dbTextures/Sprite/sprite 699/2_7_94" x="1145" y="923" width="44" height="26"/>
 <SubTexture name="__dbTextures/Sprite/sprite 699/2_7_95" x="88" y="925" width="44" height="26"/>
 <SubTexture name="__dbTextures/Sprite/sprite 699/2_7_96" x="1392" y="841" width="60" height="34"/>
 <SubTexture name="__dbTextures/Sprite/sprite 699/2_7_97" x="300" y="890" width="73" height="34"/>
 <SubTexture name="__dbTextures/Sprite/sprite 699/2_7_98" x="1275" y="852" width="82" height="37"/>
 <SubTexture name="__dbTextures/Sprite/sprite 699/2_7_99" x="788" y="780" width="78" height="47"/>
 <SubTexture name="__dbTextures/Sprite/sprite 699/2_7_100" x="0" y="834" width="60" height="48"/>
 <SubTexture name="__dbTextures/Sprite/sprite 699/2_8_81" x="51" y="899" width="14" height="5"/>
 <SubTexture name="__dbTextures/Sprite/sprite 699/2_8_82" x="892" y="974" width="19" height="7"/>
 <SubTexture name="__dbTextures/Sprite/sprite 699/2_8_83" x="1472" y="970" width="23" height="8"/>
 <SubTexture name="__dbTextures/Sprite/sprite 699/2_8_84" x="728" y="964" width="32" height="11"/>
 <SubTexture name="__dbTextures/Sprite/sprite 699/2_8_85" x="1006" y="953" width="45" height="15"/>
 <SubTexture name="__dbTextures/Sprite/sprite 699/2_8_86" x="846" y="953" width="45" height="15"/>
 <SubTexture name="__dbTextures/Sprite/sprite 699/2_8_87" x="585" y="881" width="68" height="16"/>
 <SubTexture name="__dbTextures/Sprite/sprite 699/2_8_88" x="88" y="881" width="68" height="16"/>
 <SubTexture name="__dbTextures/Sprite/sprite 699/2_8_89" x="1274" y="891" width="77" height="20"/>
 <SubTexture name="__dbTextures/Sprite/sprite 699/2_9_67" x="854" y="969" width="20" height="14"/>
 <SubTexture name="__dbTextures/Sprite/sprite 699/2_9_68" x="248" y="943" width="38" height="26"/>
 <SubTexture name="__dbTextures/Sprite/sprite 699/2_9_69" x="740" y="876" width="43" height="39"/>
 <SubTexture name="__dbTextures/Sprite/sprite 699/2_9_70" x="701" y="755" width="43" height="49"/>
 <SubTexture name="__dbTextures/Sprite/sprite 699/2_9_71" x="1966" y="777" width="48" height="56"/>
 <SubTexture name="__dbTextures/Sprite/sprite 699/2_9_72" x="402" y="764" width="49" height="65"/>
 <SubTexture name="__dbTextures/Sprite/sprite 699/2_10_61" x="875" y="969" width="16" height="14"/>
 <SubTexture name="__dbTextures/Sprite/sprite 699/2_10_62" x="31" y="954" width="24" height="23"/>
 <SubTexture name="__dbTextures/Sprite/sprite 699/2_10_63" x="1352" y="946" width="34" height="28"/>
 <SubTexture name="__dbTextures/Sprite/sprite 699/2_10_64" x="691" y="934" width="36" height="30"/>
 <SubTexture name="__dbTextures/Sprite/sprite 699/2_10_65" x="1594" y="820" width="56" height="55"/>
 <SubTexture name="__dbTextures/Sprite/sprite 699/2_10_66" x="250" y="681" width="60" height="77"/>
 <SubTexture name="__dbTextures/Sprite/sprite 699/2_11_56" x="1535" y="944" width="15" height="16"/>
 <SubTexture name="__dbTextures/Sprite/sprite 699/2_11_57" x="1190" y="923" width="20" height="29"/>
 <SubTexture name="__dbTextures/Sprite/sprite 699/2_11_58" x="374" y="897" width="21" height="39"/>
 <SubTexture name="__dbTextures/Sprite/sprite 699/2_11_59" x="1358" y="855" width="30" height="49"/>
 <SubTexture name="__dbTextures/Sprite/sprite 699/2_11_60" x="978" y="765" width="37" height="55"/>
 <SubTexture name="__dbTextures/Sprite/sprite 699/2_12_49" x="448" y="748" width="10" height="5"/>
 <SubTexture name="__dbTextures/Sprite/sprite 699/2_12_50" x="1149" y="743" width="10" height="5"/>
 <SubTexture name="__dbTextures/Sprite/sprite 699/2_12_51" x="1895" y="967" width="31" height="7"/>
 <SubTexture name="__dbTextures/Sprite/sprite 699/2_12_52" x="728" y="954" width="46" height="9"/>
 <SubTexture name="__dbTextures/Sprite/sprite 699/2_12_53" x="892" y="954" width="46" height="9"/>
 <SubTexture name="__dbTextures/Sprite/sprite 699/2_12_54" x="1425" y="957" width="43" height="9"/>
 <SubTexture name="__dbTextures/Sprite/sprite 699/2_12_55" x="1022" y="881" width="67" height="16"/>
 <SubTexture name="__dbTextures/Sprite/sprite 699/2_13_45" x="298" y="796" width="12" height="19"/>
 <SubTexture name="__dbTextures/Sprite/sprite 699/2_13_46" x="373" y="937" width="19" height="29"/>
 <SubTexture name="__dbTextures/Sprite/sprite 699/2_13_47" x="1831" y="929" width="20" height="30"/>
 <SubTexture name="__dbTextures/Sprite/sprite 699/2_13_48" x="1497" y="944" width="37" height="25"/>
 <SubTexture name="__dbTextures/Sprite/sprite 699/2_14_40" x="1594" y="611" width="9" height="8"/>
 <SubTexture name="__dbTextures/Sprite/sprite 699/2_14_42" x="1852" y="961" width="24" height="18"/>
 <SubTexture name="__dbTextures/Sprite/sprite 699/2_14_43" x="1614" y="954" width="28" height="22"/>
 <SubTexture name="__dbTextures/Sprite/sprite 699/2_14_44" x="447" y="884" width="39" height="40"/>
 <SubTexture name="__dbTextures/Sprite/sprite 699/2_15_37" x="791" y="650" width="9" height="8"/>
 <SubTexture name="__dbTextures/Sprite/sprite 699/2_15_38" x="448" y="711" width="11" height="20"/>
 <SubTexture name="__dbTextures/Sprite/sprite 699/2_15_39" x="448" y="680" width="11" height="30"/>
 <SubTexture name="__dbTextures/Sprite/sprite 699/2_16_35" x="1594" y="667" width="7" height="6"/>
 <SubTexture name="__dbTextures/Sprite/sprite 699/2_16_36" x="681" y="896" width="14" height="13"/>
 <SubTexture name="__dbTextures/Sprite/sprite 699/2_17_33" x="1594" y="650" width="5" height="10"/>
 <SubTexture name="__dbTextures/Sprite/sprite 699/2_17_34" x="1594" y="661" width="5" height="5"/>
 <SubTexture name="__dbTextures/Sprite/sprite 699/2_18_30" x="1842" y="813" width="12" height="15"/>
 <SubTexture name="__dbTextures/Sprite/sprite 699/2_18_32" x="1580" y="807" width="13" height="32"/>
 <SubTexture name="__dbTextures/Sprite/sprite 699/2_19_28" x="791" y="622" width="9" height="9"/>
 <SubTexture name="__dbTextures/Sprite/sprite 699/2_19_29" x="1006" y="969" width="19" height="14"/>
 <SubTexture name="__dbTextures/Sprite/sprite 699/2_20_26" x="289" y="971" width="21" height="8"/>
 <SubTexture name="__dbTextures/Sprite/sprite 699/2_20_27" x="1209" y="963" width="31" height="15"/>
 <SubTexture name="__dbTextures/Sprite/sprite 699/2_21_24" x="1126" y="972" width="18" height="10"/>
 <SubTexture name="__dbTextures/Sprite/sprite 699/2_21_25" x="690" y="966" width="29" height="10"/>
 <SubTexture name="__dbTextures/Sprite/sprite 699/2_22_22" x="791" y="632" width="8" height="9"/>
 <SubTexture name="__dbTextures/Sprite/sprite 699/2_22_23" x="51" y="883" width="14" height="14"/>
 <SubTexture name="__dbTextures/Sprite/sprite 699/2_23_19" x="791" y="674" width="7" height="6"/>
 <SubTexture name="__dbTextures/Sprite/sprite 699/2_23_20" x="248" y="970" width="20" height="11"/>
 <SubTexture name="__dbTextures/Sprite/sprite 699/2_24_12" x="602" y="972" width="19" height="10"/>
 <SubTexture name="__dbTextures/Sprite/sprite 699/2_24_14" x="1241" y="963" width="29" height="17"/>
 <SubTexture name="__dbTextures/Sprite/sprite 699/2_25_10" x="1594" y="639" width="8" height="10"/>
 <SubTexture name="__dbTextures/Sprite/sprite 699/2_25_11" x="681" y="875" width="13" height="20"/>
 <SubTexture name="__dbTextures/Sprite/sprite 699/2_26_6" x="1150" y="704" width="10" height="7"/>
 <SubTexture name="__dbTextures/Sprite/sprite 699/2_26_8" x="222" y="959" width="25" height="17"/>
 <SubTexture name="__dbTextures/Sprite/sprite 699/2_27_3" x="1149" y="737" width="11" height="5"/>
 <SubTexture name="__dbTextures/Sprite/sprite 699/2_27_4" x="1102" y="972" width="23" height="5"/>
 <SubTexture name="__dbTextures/Sprite/sprite 699/2_28_1" x="791" y="642" width="9" height="7"/>
 <SubTexture name="__dbTextures/Sprite/sprite 699/1_0" x="1594" y="629" width="8" height="9"/>
 <SubTexture name="__dbTextures/Sprite/sprite 776/Layer 3_0" x="1604" y="291" width="146" height="95"/>
 <SubTexture name="__dbTextures/Sprite/sprite 776/Layer 3_1" x="1752" y="194" width="146" height="95"/>
 <SubTexture name="__dbTextures/Sprite/sprite 776/Layer 3_2" x="1752" y="97" width="146" height="95"/>
 <SubTexture name="__dbTextures/Sprite/sprite 776/Layer 3_3" x="1604" y="194" width="146" height="95"/>
 <SubTexture name="__dbTextures/Sprite/sprite 776/Layer 3_4" x="1752" y="0" width="146" height="95"/>
 <SubTexture name="__dbTextures/Sprite/sprite 776/Layer 3_5" x="1604" y="0" width="146" height="95"/>
 <SubTexture name="__dbTextures/Sprite/sprite 776/Layer 3_6" x="1900" y="0" width="146" height="95"/>
 <SubTexture name="__dbTextures/Sprite/sprite 776/Layer 3_7" x="1752" y="291" width="146" height="95"/>
 <SubTexture name="__dbTextures/Sprite/sprite 776/Layer 3_8" x="1900" y="97" width="146" height="95"/>
 <SubTexture name="__dbTextures/Sprite/sprite 776/Layer 3_9" x="1604" y="97" width="146" height="95"/>
 <SubTexture name="__dbTextures/Sprite/sprite 776/Layer 3_11" x="1900" y="194" width="146" height="95"/>
 <SubTexture name="Sprite/case" x="859" y="831" width="50" height="50"/>
 <SubTexture name="__dbTextures/Sprite/sprite 268/Layer 2_0" x="978" y="869" width="42" height="42"/>
 <SubTexture name="__dbTextures/Sprite/sprite 268/Layer 2_1" x="742" y="828" width="43" height="46"/>
 <SubTexture name="__dbTextures/Sprite/sprite 268/Layer 2_2" x="696" y="853" width="42" height="42"/>
 <SubTexture name="Symbol 47" x="311" y="838" width="50" height="50"/>
 <SubTexture name="__dbTextures/Sprite/book/Layer 3_0" x="1604" y="388" width="146" height="94"/>
 <SubTexture name="__dbTextures/Sprite/book/Layer 3_1" x="1900" y="579" width="146" height="94"/>
 <SubTexture name="__dbTextures/Sprite/book/Layer 3_2" x="1752" y="580" width="146" height="94"/>
 <SubTexture name="__dbTextures/Sprite/book/Layer 3_3" x="1752" y="388" width="146" height="94"/>
 <SubTexture name="__dbTextures/Sprite/book/Layer 3_4" x="1900" y="387" width="146" height="94"/>
 <SubTexture name="__dbTextures/Sprite/book/Layer 3_5" x="1752" y="484" width="146" height="94"/>
 <SubTexture name="__dbTextures/Sprite/book/Layer 3_6" x="1604" y="484" width="146" height="94"/>
 <SubTexture name="__dbTextures/Sprite/book/Layer 3_7" x="1900" y="291" width="146" height="94"/>
 <SubTexture name="__dbTextures/Sprite/book/Layer 3_8" x="1900" y="483" width="146" height="94"/>
 <SubTexture name="__dbTextures/Sprite/book/Layer 3_10" x="1604" y="580" width="146" height="94"/>
 <SubTexture name="__dbTextures/Sprite/upgrades/Layer 4_0" x="1281" y="602" width="118" height="100"/>
 <SubTexture name="__dbTextures/Sprite/upgrades/Layer 4_1" x="1900" y="675" width="118" height="100"/>
 <SubTexture name="__dbTextures/Sprite/upgrades/Layer 4_2" x="921" y="602" width="118" height="100"/>
 <SubTexture name="__dbTextures/Sprite/upgrades/Layer 4_3" x="801" y="602" width="118" height="100"/>
 <SubTexture name="__dbTextures/Sprite/upgrades/Layer 4_4" x="1041" y="602" width="118" height="100"/>
 <SubTexture name="__dbTextures/Sprite/upgrades/Layer 4_5" x="1401" y="602" width="118" height="100"/>
 <SubTexture name="__dbTextures/Sprite/upgrades/Layer 4_6" x="1161" y="602" width="118" height="100"/>
 <SubTexture name="Shape/shape 245" x="1392" y="779" width="60" height="60"/>
 <SubTexture name="Shape/shape 247" x="595" y="819" width="60" height="60"/>
 <SubTexture name="Shape/shape 249" x="452" y="794" width="60" height="60"/>
 <SubTexture name="Shape/shape 251" x="533" y="787" width="60" height="60"/>
 <SubTexture name="Shape/shape 254" x="460" y="719" width="71" height="73"/>
 <SubTexture name="Shape/shape 256" x="1521" y="602" width="71" height="73"/>
 <SubTexture name="Shape/shape 258" x="1521" y="677" width="71" height="73"/>
 <SubTexture name="Shape/shape 260" x="1393" y="704" width="71" height="73"/>
 <SubTexture name="Shape/shape 429" x="1150" y="733" width="9" height="2"/>
 <SubTexture name="Shape/shape 432" x="1149" y="753" width="9" height="2"/>
 <SubTexture name="Shape/shape 431" x="1149" y="749" width="9" height="2"/>
 <SubTexture name="Shape/shape 430" x="1150" y="729" width="9" height="2"/>
 <SubTexture name="Shape/shape 424" x="1519" y="970" width="19" height="11"/>
 <SubTexture name="Shape/shape 427" x="1927" y="970" width="19" height="11"/>
 <SubTexture name="Shape/shape 428" x="269" y="971" width="19" height="11"/>
 <SubTexture name="Shape/shape 441" x="791" y="681" width="7" height="2"/>
 <SubTexture name="Shape/shape 443" x="1594" y="678" width="7" height="2"/>
 <SubTexture name="Shape/shape 444" x="1594" y="681" width="7" height="2"/>
 <SubTexture name="Shape/shape 446" x="1594" y="675" width="7" height="2"/>
 <SubTexture name="Shape/shape 448" x="1150" y="717" width="10" height="2"/>
 <SubTexture name="Shape/shape 436" x="494" y="971" width="19" height="10"/>
 <SubTexture name="Shape/shape 439" x="311" y="971" width="19" height="10"/>
 <SubTexture name="Shape/shape 440" x="1387" y="971" width="19" height="10"/>
 <SubTexture name="Shape/shape 442" x="1150" y="725" width="10" height="2"/>
 <SubTexture name="Shape/shape 445" x="1150" y="713" width="10" height="2"/>
 <SubTexture name="Shape/shape 447" x="1150" y="721" width="10" height="2"/>
 <SubTexture name="Shape/shape 450" x="1629" y="922" width="17" height="31"/>
 <SubTexture name="Shape/shape 451" x="942" y="916" width="16" height="29"/>
 <SubTexture name="Shape/shape 452" x="356" y="925" width="16" height="27"/>
 <SubTexture name="Shape/shape 453" x="363" y="838" width="13" height="25"/>
 <SubTexture name="Shape/shape 454" x="1842" y="789" width="12" height="23"/>
 <SubTexture name="Shape/shape 455" x="1877" y="951" width="17" height="23"/>
 <SubTexture name="Shape/shape 456" x="372" y="967" width="17" height="19"/>
 <SubTexture name="Shape/shape 457" x="602" y="949" width="19" height="22"/>
 <SubTexture name="Shape/shape 458" x="1476" y="950" width="20" height="19"/>
 <SubTexture name="Shape/shape 459" x="957" y="967" width="17" height="19"/>
 <SubTexture name="Shape/shape 460" x="790" y="967" width="18" height="18"/>
 <SubTexture name="Shape/shape 461" x="942" y="946" width="16" height="17"/>
 <SubTexture name="Shape/shape 462" x="1808" y="961" width="19" height="18"/>
 <SubTexture name="Shape/shape 463" x="130" y="964" width="18" height="18"/>
 <SubTexture name="Shape/shape 464" x="1453" y="967" width="18" height="17"/>
 <SubTexture name="Shape/shape 465" x="93" y="970" width="17" height="15"/>
 <SubTexture name="Shape/shape 466" x="75" y="970" width="17" height="15"/>
 <SubTexture name="Shape/shape 467" x="959" y="950" width="16" height="15"/>
 <SubTexture name="Shape/shape 468" x="111" y="970" width="16" height="15"/>
 <SubTexture name="Shape/shape 469" x="448" y="732" width="11" height="15"/>
 <SubTexture name="Shape/shape 471" x="1852" y="934" width="24" height="26"/>
 <SubTexture name="Shape/shape 472" x="1677" y="951" width="31" height="29"/>
 <SubTexture name="Shape/shape 491" x="1246" y="933" width="27" height="29"/>
 <SubTexture name="Shape/shape 492" x="133" y="943" width="22" height="20"/>
 <SubTexture name="Shape/shape 473" x="1580" y="946" width="33" height="30"/>
 <SubTexture name="Shape/shape 474" x="1145" y="950" width="32" height="29"/>
 <SubTexture name="Shape/shape 475" x="623" y="948" width="32" height="30"/>
 <SubTexture name="Shape/shape 476" x="1777" y="918" width="31" height="31"/>
 <SubTexture name="Shape/shape 477" x="569" y="949" width="32" height="30"/>
 <SubTexture name="Shape/shape 478" x="480" y="930" width="29" height="31"/>
 <SubTexture name="Shape/shape 479" x="0" y="951" width="30" height="30"/>
 <SubTexture name="Shape/shape 480" x="1551" y="948" width="28" height="29"/>
 <SubTexture name="Shape/shape 481" x="1318" y="929" width="33" height="31"/>
 <SubTexture name="Shape/shape 482" x="1551" y="917" width="28" height="30"/>
 <SubTexture name="Shape/shape 483" x="812" y="935" width="33" height="32"/>
 <SubTexture name="Shape/shape 484" x="1777" y="950" width="30" height="30"/>
 <SubTexture name="Shape/shape 485" x="2015" y="919" width="32" height="31"/>
 <SubTexture name="Shape/shape 486" x="193" y="930" width="28" height="30"/>
 <SubTexture name="Shape/shape 487" x="436" y="951" width="30" height="31"/>
 <SubTexture name="Shape/shape 488" x="976" y="951" width="29" height="31"/>
 <SubTexture name="Shape/shape 489" x="1117" y="915" width="27" height="30"/>
 <SubTexture name="Shape/shape 490" x="1647" y="951" width="29" height="32"/>
 <SubTexture name="Shape/shape 494" x="1842" y="752" width="12" height="36"/>
 <SubTexture name="Shape/shape 495" x="298" y="759" width="12" height="36"/>
 <SubTexture name="Shape/shape 509" x="1376" y="740" width="15" height="54"/>
 <SubTexture name="Shape/shape 510" x="1580" y="752" width="13" height="54"/>
 <SubTexture name="Shape/shape 496" x="40" y="913" width="15" height="40"/>
 <SubTexture name="Shape/shape 497" x="1884" y="815" width="15" height="41"/>
 <SubTexture name="Shape/shape 498" x="140" y="898" width="16" height="44"/>
 <SubTexture name="Shape/shape 499" x="1884" y="770" width="15" height="44"/>
 <SubTexture name="Shape/shape 500" x="959" y="882" width="16" height="47"/>
 <SubTexture name="Shape/shape 501" x="203" y="880" width="18" height="49"/>
 <SubTexture name="Shape/shape 502" x="514" y="858" width="16" height="49"/>
 <SubTexture name="Shape/shape 503" x="657" y="875" width="23" height="53"/>
 <SubTexture name="Shape/shape 504" x="1224" y="835" width="21" height="56"/>
 <SubTexture name="Shape/shape 505" x="1834" y="829" width="19" height="56"/>
 <SubTexture name="Shape/shape 506" x="1372" y="795" width="19" height="58"/>
 <SubTexture name="Shape/shape 507" x="1726" y="816" width="17" height="57"/>
 <SubTexture name="Shape/shape 508" x="1880" y="857" width="17" height="57"/>
 <SubTexture name="Shape/shape 512" x="222" y="895" width="25" height="39"/>
 <SubTexture name="Shape/shape 513" x="1854" y="895" width="23" height="37"/>
 <SubTexture name="Shape/shape 530" x="1600" y="662" width="1" height="3"/>
 <SubTexture name="Shape/shape 531" x="798" y="659" width="2" height="3"/>
 <SubTexture name="Shape/shape 514" x="1246" y="890" width="27" height="42"/>
 <SubTexture name="Shape/shape 515" x="1352" y="905" width="35" height="40"/>
 <SubTexture name="Shape/shape 516" x="157" y="918" width="35" height="39"/>
 <SubTexture name="Shape/shape 517" x="1742" y="918" width="34" height="39"/>
 <SubTexture name="Shape/shape 518" x="1440" y="918" width="35" height="38"/>
 <SubTexture name="Shape/shape 519" x="1213" y="892" width="32" height="37"/>
 <SubTexture name="Shape/shape 520" x="1688" y="913" width="32" height="37"/>
 <SubTexture name="Shape/shape 521" x="657" y="929" width="33" height="34"/>
 <SubTexture name="Shape/shape 522" x="1211" y="930" width="34" height="32"/>
 <SubTexture name="Shape/shape 523" x="56" y="939" width="31" height="30"/>
 <SubTexture name="Shape/shape 524" x="1178" y="953" width="30" height="27"/>
 <SubTexture name="Shape/shape 525" x="1274" y="954" width="30" height="25"/>
 <SubTexture name="Shape/shape 526" x="1117" y="946" width="27" height="25"/>
 <SubTexture name="Shape/shape 527" x="343" y="954" width="28" height="28"/>
 <SubTexture name="Shape/shape 528" x="791" y="602" width="9" height="19"/>
 <SubTexture name="Shape/shape 529" x="791" y="668" width="8" height="5"/>
 <SubTexture name="Shape/shape 533" x="1600" y="650" width="2" height="6"/>
 <SubTexture name="Shape/shape 534" x="791" y="659" width="6" height="8"/>
 <SubTexture name="Shape/shape 552" x="192" y="961" width="26" height="23"/>
 <SubTexture name="Shape/shape 553" x="2024" y="961" width="22" height="20"/>
 <SubTexture name="Shape/shape 535" x="657" y="825" width="38" height="49"/>
 <SubTexture name="Shape/shape 536" x="701" y="805" width="39" height="47"/>
 <SubTexture name="Shape/shape 537" x="745" y="778" width="42" height="49"/>
 <SubTexture name="Shape/shape 538" x="978" y="821" width="44" height="47"/>
 <SubTexture name="Shape/shape 539" x="867" y="784" width="44" height="46"/>
 <SubTexture name="Shape/shape 540" x="399" y="873" width="47" height="42"/>
 <SubTexture name="Shape/shape 541" x="402" y="830" width="47" height="42"/>
 <SubTexture name="Shape/shape 542" x="1966" y="834" width="48" height="41"/>
 <SubTexture name="Shape/shape 543" x="532" y="849" width="52" height="39"/>
 <SubTexture name="Shape/shape 544" x="248" y="878" width="51" height="38"/>
 <SubTexture name="Shape/shape 545" x="1965" y="876" width="48" height="37"/>
 <SubTexture name="Shape/shape 546" x="157" y="880" width="45" height="37"/>
 <SubTexture name="Shape/shape 547" x="858" y="883" width="43" height="36"/>
 <SubTexture name="Shape/shape 548" x="696" y="897" width="40" height="36"/>
 <SubTexture name="Shape/shape 549" x="858" y="920" width="39" height="32"/>
 <SubTexture name="Shape/shape 550" x="777" y="935" width="34" height="31"/>
 <SubTexture name="Shape/shape 551" x="1070" y="953" width="31" height="27"/>
 <SubTexture name="Shape/shape 563" x="959" y="930" width="16" height="19"/>
 <SubTexture name="Shape/shape 564" x="798" y="663" width="1" height="2"/>
 <SubTexture name="Shape/shape 555" x="66" y="766" width="22" height="66"/>
 <SubTexture name="Shape/shape 556" x="1224" y="769" width="21" height="65"/>
 <SubTexture name="Shape/shape 557" x="377" y="833" width="21" height="63"/>
 <SubTexture name="Shape/shape 558" x="1726" y="752" width="18" height="63"/>
 <SubTexture name="Shape/shape 559" x="514" y="794" width="17" height="63"/>
 <SubTexture name="Shape/shape 560" x="510" y="908" width="18" height="38"/>
 <SubTexture name="Shape/shape 561" x="1878" y="915" width="18" height="35"/>
 <SubTexture name="Shape/shape 562" x="1052" y="953" width="17" height="21"/>
 <SubTexture name="Shape/shape 565" x="1721" y="927" width="20" height="29"/>
 <SubTexture name="Shape/shape 566" x="1476" y="918" width="20" height="31"/>
 <SubTexture name="Shape/shape 567" x="1938" y="905" width="20" height="35"/>
 <SubTexture name="Shape/shape 568" x="66" y="899" width="21" height="38"/>
 <SubTexture name="Shape/shape 569" x="1831" y="886" width="22" height="42"/>
 <SubTexture name="Shape/shape 570" x="487" y="884" width="22" height="45"/>
 <SubTexture name="Shape/shape 571" x="2015" y="865" width="24" height="53"/>
 <SubTexture name="Shape/shape 572" x="1854" y="836" width="25" height="58"/>
 <SubTexture name="Shape/shape 573" x="224" y="771" width="25" height="61"/>
 <SubTexture name="Shape/shape 574" x="377" y="770" width="24" height="62"/>
 <SubTexture name="Shape/shape 575" x="1811" y="819" width="22" height="64"/>
 <SubTexture name="Shape/shape 576" x="66" y="833" width="21" height="65"/>
 <SubTexture name="Shape/shape 578" x="1026" y="969" width="24" height="8"/>
 <SubTexture name="Shape/shape 579" x="809" y="968" width="25" height="9"/>
 <SubTexture name="Shape/shape 598" x="1738" y="958" width="34" height="15"/>
 <SubTexture name="Shape/shape 599" x="1600" y="657" width="3" height="4"/>
 <SubTexture name="Shape/shape 580" x="761" y="967" width="28" height="12"/>
 <SubTexture name="Shape/shape 581" x="1425" y="967" width="27" height="12"/>
 <SubTexture name="Shape/shape 582" x="927" y="964" width="29" height="14"/>
 <SubTexture name="Shape/shape 583" x="1305" y="962" width="32" height="14"/>
 <SubTexture name="Shape/shape 584" x="1387" y="954" width="36" height="16"/>
 <SubTexture name="Shape/shape 585" x="88" y="952" width="41" height="17"/>
 <SubTexture name="Shape/shape 586" x="299" y="938" width="43" height="20"/>
 <SubTexture name="Shape/shape 587" x="1580" y="922" width="48" height="23"/>
 <SubTexture name="Shape/shape 588" x="248" y="918" width="50" height="24"/>
 <SubTexture name="Shape/shape 589" x="88" y="898" width="50" height="26"/>
 <SubTexture name="Shape/shape 590" x="1389" y="903" width="50" height="25"/>
 <SubTexture name="Shape/shape 591" x="531" y="889" width="51" height="26"/>
 <SubTexture name="Shape/shape 592" x="1388" y="929" width="43" height="24"/>
 <SubTexture name="Shape/shape 593" x="1274" y="929" width="43" height="24"/>
 <SubTexture name="Shape/shape 594" x="1897" y="943" width="39" height="23"/>
 <SubTexture name="Shape/shape 595" x="393" y="954" width="35" height="22"/>
 <SubTexture name="Shape/shape 596" x="529" y="954" width="35" height="20"/>
 <SubTexture name="Shape/shape 597" x="156" y="958" width="35" height="16"/>
 <SubTexture name="Shape/shape 609" x="1092" y="878" width="52" height="36"/>
 <SubTexture name="Shape/shape 610" x="911" y="882" width="47" height="33"/>
 <SubTexture name="Shape/shape 611" x="791" y="684" width="7" height="1"/>
 <SubTexture name="Shape/shape 612" x="1502" y="917" width="48" height="26"/>
 <SubTexture name="Shape/shape 601" x="1023" y="832" width="68" height="48"/>
 <SubTexture name="Shape/shape 602" x="1510" y="820" width="69" height="50"/>
 <SubTexture name="Shape/shape 603" x="911" y="833" width="66" height="47"/>
 <SubTexture name="Shape/shape 604" x="1744" y="820" width="66" height="47"/>
 <SubTexture name="Shape/shape 605" x="1157" y="837" width="63" height="42"/>
 <SubTexture name="Shape/shape 606" x="248" y="836" width="62" height="41"/>
 <SubTexture name="Shape/shape 607" x="157" y="839" width="58" height="39"/>
 <SubTexture name="Shape/shape 608" x="1454" y="840" width="53" height="38"/>
 <SubTexture name="Shape/shape 613" x="1744" y="868" width="64" height="28"/>
 <SubTexture name="Shape/shape 614" x="1145" y="880" width="67" height="41"/>
 <SubTexture name="Shape/shape 615" x="1580" y="876" width="67" height="45"/>
 <SubTexture name="Shape/shape 616" x="1651" y="867" width="70" height="45"/>
 <SubTexture name="Shape/shape 617" x="1509" y="871" width="70" height="45"/>
 <SubTexture name="Shape/shape 618" x="787" y="875" width="70" height="46"/>
 <SubTexture name="Shape/shape 619" x="88" y="833" width="68" height="47"/>
 <SubTexture name="Shape/shape 620" x="787" y="828" width="71" height="46"/>
 <SubTexture name="Shape/shape 621" x="1651" y="820" width="72" height="46"/>
 <SubTexture name="Shape/shape 804" x="599" y="751" width="64" height="66"/>
 <SubTexture name="Shape/shape 806" x="92" y="765" width="64" height="66"/>
 <SubTexture name="Shape/shape 808" x="1900" y="777" width="64" height="66"/>
 <SubTexture name="Shape/shape 810" x="1026" y="764" width="64" height="66"/>
 <SubTexture name="Shape/shape 812" x="0" y="766" width="64" height="66"/>
 <SubTexture name="Shape/shape 814" x="1660" y="752" width="64" height="66"/>
 <SubTexture name="Shape/shape 816" x="533" y="719" width="64" height="66"/>
 <SubTexture name="Shape/shape 818" x="1514" y="752" width="64" height="66"/>
 <SubTexture name="Shape/shape 820" x="158" y="771" width="64" height="66"/>
 <SubTexture name="Shape/shape 822" x="1594" y="752" width="64" height="66"/>
 <SubTexture name="Shape/shape 824" x="1745" y="752" width="64" height="66"/>
 <SubTexture name="Shape/shape 826" x="1092" y="764" width="64" height="66"/>
 <SubTexture name="Shape/shape 828" x="912" y="765" width="64" height="66"/>
 <SubTexture name="Shape/shape 830" x="1158" y="769" width="64" height="66"/>
 <SubTexture name="Shape/shape 832" x="311" y="770" width="64" height="66"/>
 <SubTexture name="Shape/shape 846" x="1959" y="914" width="38" height="36"/>
 <SubTexture name="Shape/shape 849" x="737" y="916" width="38" height="36"/>
 <SubTexture name="Shape/shape 851" x="1077" y="915" width="38" height="36"/>
 <SubTexture name="Shape/shape 853" x="1648" y="913" width="38" height="36"/>
 <SubTexture name="Shape/shape 855" x="529" y="916" width="38" height="36"/>
 <SubTexture name="Shape/shape 857" x="0" y="913" width="38" height="36"/>
 <SubTexture name="Shape/shape 859" x="396" y="916" width="38" height="36"/>
 <SubTexture name="Shape/shape 861" x="1898" y="905" width="38" height="36"/>
 <SubTexture name="Shape/shape 863" x="902" y="916" width="38" height="36"/>
 <SubTexture name="Shape/shape 865" x="583" y="911" width="38" height="36"/>
 <SubTexture name="Shape/shape 867" x="976" y="913" width="38" height="36"/>
 <SubTexture name="位图 1" x="1092" y="832" width="63" height="44"/>
</TextureAtlas>