<TextureAtlas name="worldSphere_mc" imagePath="texture.png">
 <SubTexture name="Shape/shape 12189" x="0" y="0" width="374" height="77"/>
 <SubTexture name="Shape/shape 12171" x="487" y="922" width="33" height="22"/>
 <SubTexture name="Shape/shape 12182" x="455" y="922" width="31" height="20"/>
 <SubTexture name="lightUp" x="873" y="888" width="40" height="28"/>
 <SubTexture name="Case" x="966" y="598" width="50" height="50"/>
 <SubTexture name="Shape/shape 12185" x="826" y="888" width="46" height="26"/>
 <SubTexture name="Shape/shape 12186" x="216" y="890" width="42" height="23"/>
 <SubTexture name="Shape/shape 12191" x="198" y="746" width="59" height="59"/>
 <SubTexture name="Shape/shape 12193" x="402" y="808" width="32" height="32"/>
 <SubTexture name="Shape/shape 12276" x="145" y="891" width="32" height="32"/>
 <SubTexture name="Shape/shape 12279" x="570" y="804" width="59" height="47"/>
 <SubTexture name="Shape/shape 12362" x="74" y="888" width="32" height="32"/>
 <SubTexture name="Shape/shape 12365" x="258" y="746" width="59" height="59"/>
 <SubTexture name="Shape/shape 12448" x="402" y="842" width="32" height="32"/>
 <SubTexture name="Shape/shape 12451" x="966" y="650" width="48" height="49"/>
 <SubTexture name="Shape/shape 12533" x="74" y="854" width="32" height="32"/>
 <SubTexture name="Shape/shape 12536" x="330" y="78" width="43" height="42"/>
 <SubTexture name="Shape/shape 12538" x="969" y="0" width="51" height="52"/>
 <SubTexture name="Shape/shape 12540" x="966" y="492" width="51" height="52"/>
 <SubTexture name="Shape/shape 12542" x="969" y="108" width="51" height="52"/>
 <SubTexture name="Shape/shape 12544" x="966" y="438" width="51" height="52"/>
 <SubTexture name="Shape/shape 12546" x="969" y="54" width="51" height="52"/>
 <SubTexture name="Shape/shape 12548" x="966" y="330" width="51" height="52"/>
 <SubTexture name="Shape/shape 12550" x="966" y="276" width="51" height="52"/>
 <SubTexture name="Shape/shape 12552" x="966" y="384" width="51" height="52"/>
 <SubTexture name="Shape/shape 12555" x="966" y="219" width="56" height="56"/>
 <SubTexture name="Shape/shape 12557" x="132" y="746" width="64" height="62"/>
 <SubTexture name="Shape/shape 12559" x="966" y="162" width="56" height="56"/>
 <SubTexture name="butCase" x="966" y="546" width="50" height="50"/>
 <SubTexture name="Shape/shape 8558" x="384" y="876" width="35" height="40"/>
 <SubTexture name="Shape/shape 8559" x="715" y="888" width="35" height="40"/>
 <SubTexture name="Shape/shape 8560" x="436" y="850" width="35" height="40"/>
 <SubTexture name="Shape/shape 8561" x="960" y="868" width="35" height="40"/>
 <SubTexture name="Shape/shape 8562" x="282" y="878" width="35" height="40"/>
 <SubTexture name="Shape/shape 8563" x="604" y="888" width="35" height="40"/>
 <SubTexture name="Shape/shape 8564" x="37" y="854" width="35" height="40"/>
 <SubTexture name="Shape/shape 8565" x="678" y="888" width="35" height="40"/>
 <SubTexture name="Shape/shape 8566" x="504" y="850" width="35" height="40"/>
 <SubTexture name="Shape/shape 8567" x="567" y="853" width="35" height="40"/>
 <SubTexture name="Shape/shape 8568" x="641" y="888" width="35" height="40"/>
 <SubTexture name="Shape/shape 8569" x="108" y="852" width="35" height="40"/>
 <SubTexture name="Shape/shape 8570" x="789" y="888" width="35" height="40"/>
 <SubTexture name="Shape/shape 8571" x="0" y="854" width="35" height="40"/>
 <SubTexture name="Shape/shape 8572" x="752" y="888" width="35" height="40"/>
 <SubTexture name="Shape/shape 10921" x="353" y="918" width="32" height="29"/>
 <SubTexture name="Shape/shape 10922" x="860" y="918" width="32" height="29"/>
 <SubTexture name="Shape/shape 10923" x="387" y="918" width="32" height="29"/>
 <SubTexture name="Shape/shape 10924" x="455" y="892" width="32" height="29"/>
 <SubTexture name="Shape/shape 10925" x="315" y="922" width="32" height="29"/>
 <SubTexture name="Shape/shape 10926" x="247" y="914" width="32" height="29"/>
 <SubTexture name="Shape/shape 10927" x="34" y="896" width="32" height="29"/>
 <SubTexture name="Shape/shape 10928" x="68" y="922" width="32" height="29"/>
 <SubTexture name="Shape/shape 10929" x="319" y="892" width="32" height="29"/>
 <SubTexture name="Shape/shape 10930" x="949" y="910" width="32" height="29"/>
 <SubTexture name="Shape/shape 10931" x="421" y="892" width="32" height="29"/>
 <SubTexture name="Shape/shape 10932" x="281" y="920" width="32" height="29"/>
 <SubTexture name="Shape/shape 10933" x="557" y="895" width="32" height="29"/>
 <SubTexture name="Shape/shape 10934" x="179" y="921" width="32" height="29"/>
 <SubTexture name="Shape/shape 10935" x="523" y="892" width="32" height="29"/>
 <SubTexture name="Shape/shape 10936" x="915" y="891" width="32" height="29"/>
 <SubTexture name="Shape/shape 10937" x="0" y="896" width="32" height="29"/>
 <SubTexture name="Shape/shape 10938" x="826" y="915" width="32" height="29"/>
 <SubTexture name="Shape/shape 10939" x="983" y="910" width="32" height="29"/>
 <SubTexture name="Shape/shape 10940" x="179" y="891" width="32" height="29"/>
 <SubTexture name="Shape/shape 10941" x="421" y="922" width="32" height="29"/>
 <SubTexture name="Shape/shape 10942" x="489" y="892" width="32" height="29"/>
 <SubTexture name="Shape/shape 10943" x="213" y="914" width="32" height="29"/>
 <SubTexture name="Shape/shape 10944" x="108" y="894" width="32" height="29"/>
 <SubTexture name="Shape/shape 10945" x="894" y="921" width="32" height="29"/>
 <SubTexture name="Shape/shape 4305" x="541" y="850" width="24" height="21"/>
 <SubTexture name="Shape/shape 4307" x="740" y="850" width="23" height="21"/>
 <SubTexture name="Shape/shape 4309" x="145" y="852" width="23" height="20"/>
 <SubTexture name="Shape/shape 4311" x="108" y="812" width="22" height="20"/>
 <SubTexture name="Shape/shape 4313" x="809" y="804" width="23" height="21"/>
 <SubTexture name="Shape/shape 4315" x="672" y="804" width="25" height="21"/>
 <SubTexture name="Shape/shape 4316" x="809" y="827" width="23" height="21"/>
 <SubTexture name="Shape/shape 4317" x="942" y="827" width="22" height="20"/>
 <SubTexture name="Shape/shape 4318" x="604" y="853" width="23" height="20"/>
 <SubTexture name="Shape/shape 4319" x="809" y="850" width="23" height="21"/>
 <SubTexture name="Shape/shape 4320" x="672" y="827" width="24" height="21"/>
 <SubTexture name="Shape/shape 4322" x="478" y="808" width="24" height="21"/>
 <SubTexture name="Shape/shape 4324" x="672" y="850" width="24" height="20"/>
 <SubTexture name="Shape/shape 4326" x="741" y="804" width="24" height="21"/>
 <SubTexture name="Shape/shape 4328" x="546" y="808" width="22" height="21"/>
 <SubTexture name="Shape/shape 4330" x="942" y="804" width="22" height="21"/>
 <SubTexture name="Shape/shape 4332" x="876" y="804" width="22" height="22"/>
 <SubTexture name="Shape/shape 4333" x="42" y="812" width="22" height="21"/>
 <SubTexture name="Shape/shape 4334" x="174" y="810" width="22" height="21"/>
 <SubTexture name="Shape/shape 4336" x="478" y="831" width="24" height="21"/>
 <SubTexture name="Shape/shape 4337" x="741" y="827" width="24" height="21"/>
 <SubTexture name="Shape/shape 4340" x="330" y="206" width="40" height="40"/>
 <SubTexture name="Shape/shape 4342" x="966" y="826" width="40" height="40"/>
 <SubTexture name="Shape/shape 4344" x="330" y="122" width="40" height="40"/>
 <SubTexture name="Shape/shape 4346" x="330" y="584" width="40" height="40"/>
 <SubTexture name="Shape/shape 4348" x="330" y="332" width="40" height="40"/>
 <SubTexture name="Shape/shape 4350" x="630" y="804" width="40" height="40"/>
 <SubTexture name="Shape/shape 4352" x="966" y="784" width="40" height="40"/>
 <SubTexture name="Shape/shape 4354" x="876" y="846" width="40" height="40"/>
 <SubTexture name="Shape/shape 4356" x="767" y="846" width="40" height="40"/>
 <SubTexture name="Shape/shape 4358" x="330" y="500" width="40" height="40"/>
 <SubTexture name="Shape/shape 4360" x="360" y="808" width="40" height="40"/>
 <SubTexture name="Shape/shape 4362" x="330" y="290" width="40" height="40"/>
 <SubTexture name="Shape/shape 4364" x="0" y="812" width="40" height="40"/>
 <SubTexture name="Shape/shape 4366" x="330" y="374" width="40" height="40"/>
 <SubTexture name="Shape/shape 4368" x="132" y="810" width="40" height="40"/>
 <SubTexture name="Shape/shape 4370" x="342" y="850" width="40" height="40"/>
 <SubTexture name="Shape/shape 4372" x="330" y="542" width="40" height="40"/>
 <SubTexture name="Shape/shape 4374" x="630" y="846" width="40" height="40"/>
 <SubTexture name="Shape/shape 4376" x="318" y="794" width="40" height="40"/>
 <SubTexture name="Shape/shape 4378" x="66" y="812" width="40" height="40"/>
 <SubTexture name="Shape/shape 4380" x="318" y="752" width="40" height="40"/>
 <SubTexture name="Shape/shape 4382" x="767" y="804" width="40" height="40"/>
 <SubTexture name="Shape/shape 4384" x="900" y="804" width="40" height="40"/>
 <SubTexture name="Shape/shape 4386" x="330" y="164" width="40" height="40"/>
 <SubTexture name="Shape/shape 4388" x="966" y="742" width="40" height="40"/>
 <SubTexture name="Shape/shape 4390" x="330" y="668" width="40" height="40"/>
 <SubTexture name="Shape/shape 4392" x="834" y="846" width="40" height="40"/>
 <SubTexture name="Shape/shape 4394" x="198" y="807" width="40" height="40"/>
 <SubTexture name="Shape/shape 4396" x="966" y="700" width="40" height="40"/>
 <SubTexture name="Shape/shape 4398" x="699" y="804" width="40" height="40"/>
 <SubTexture name="Shape/shape 4400" x="504" y="808" width="40" height="40"/>
 <SubTexture name="Shape/shape 4402" x="330" y="710" width="40" height="40"/>
 <SubTexture name="Shape/shape 4404" x="330" y="458" width="40" height="40"/>
 <SubTexture name="Shape/shape 4406" x="330" y="626" width="40" height="40"/>
 <SubTexture name="Shape/shape 4408" x="174" y="849" width="40" height="40"/>
 <SubTexture name="Shape/shape 4410" x="330" y="416" width="40" height="40"/>
 <SubTexture name="Shape/shape 4412" x="436" y="808" width="40" height="40"/>
 <SubTexture name="Shape/shape 4414" x="240" y="848" width="40" height="40"/>
 <SubTexture name="Shape/shape 4416" x="834" y="804" width="40" height="40"/>
 <SubTexture name="Shape/shape 4418" x="918" y="849" width="40" height="40"/>
 <SubTexture name="Shape/shape 4420" x="330" y="248" width="40" height="40"/>
 <SubTexture name="Shape/shape 4422" x="300" y="836" width="40" height="40"/>
 <SubTexture name="Shape/shape 4424" x="698" y="846" width="40" height="40"/>
 <SubTexture name="Shape/shape 4426" x="258" y="806" width="40" height="40"/>
 <SubTexture name="Shape/shape 12176" x="1008" y="700" width="12" height="15"/>
 <SubTexture name="Shape/shape 12178" x="1008" y="716" width="13" height="13"/>
 <SubTexture name="Shape/shape 12195" x="903" y="70" width="64" height="68"/>
 <SubTexture name="Shape/shape 12197" x="573" y="70" width="64" height="68"/>
 <SubTexture name="Shape/shape 12199" x="570" y="140" width="64" height="68"/>
 <SubTexture name="Shape/shape 12201" x="702" y="140" width="64" height="68"/>
 <SubTexture name="Shape/shape 12203" x="0" y="148" width="64" height="68"/>
 <SubTexture name="Shape/shape 12205" x="198" y="78" width="64" height="68"/>
 <SubTexture name="Shape/shape 12207" x="834" y="140" width="64" height="68"/>
 <SubTexture name="Shape/shape 12209" x="132" y="148" width="64" height="68"/>
 <SubTexture name="Shape/shape 12211" x="132" y="78" width="64" height="68"/>
 <SubTexture name="Shape/shape 12213" x="441" y="70" width="64" height="68"/>
 <SubTexture name="Shape/shape 12215" x="771" y="70" width="64" height="68"/>
 <SubTexture name="Shape/shape 12217" x="636" y="140" width="64" height="68"/>
 <SubTexture name="Shape/shape 12219" x="372" y="140" width="64" height="68"/>
 <SubTexture name="Shape/shape 12221" x="900" y="140" width="64" height="68"/>
 <SubTexture name="Shape/shape 12223" x="705" y="70" width="64" height="68"/>
 <SubTexture name="Shape/shape 12225" x="198" y="148" width="64" height="68"/>
 <SubTexture name="Shape/shape 12227" x="639" y="0" width="64" height="68"/>
 <SubTexture name="Shape/shape 12229" x="837" y="70" width="64" height="68"/>
 <SubTexture name="Shape/shape 12231" x="264" y="148" width="64" height="68"/>
 <SubTexture name="Shape/shape 12233" x="372" y="210" width="64" height="68"/>
 <SubTexture name="Shape/shape 12235" x="264" y="78" width="64" height="68"/>
 <SubTexture name="Shape/shape 12237" x="0" y="78" width="64" height="68"/>
 <SubTexture name="Shape/shape 12239" x="903" y="0" width="64" height="68"/>
 <SubTexture name="Shape/shape 12241" x="375" y="0" width="64" height="68"/>
 <SubTexture name="Shape/shape 12243" x="771" y="0" width="64" height="68"/>
 <SubTexture name="Shape/shape 12245" x="441" y="0" width="64" height="68"/>
 <SubTexture name="Shape/shape 12247" x="66" y="78" width="64" height="68"/>
 <SubTexture name="Shape/shape 12249" x="438" y="210" width="64" height="68"/>
 <SubTexture name="Shape/shape 12251" x="504" y="210" width="64" height="68"/>
 <SubTexture name="Shape/shape 12253" x="837" y="0" width="64" height="68"/>
 <SubTexture name="Shape/shape 12255" x="705" y="0" width="64" height="68"/>
 <SubTexture name="Shape/shape 12257" x="573" y="0" width="64" height="68"/>
 <SubTexture name="Shape/shape 12259" x="504" y="140" width="64" height="68"/>
 <SubTexture name="Shape/shape 12261" x="375" y="70" width="64" height="68"/>
 <SubTexture name="Shape/shape 12263" x="507" y="70" width="64" height="68"/>
 <SubTexture name="Shape/shape 12265" x="66" y="148" width="64" height="68"/>
 <SubTexture name="Shape/shape 12267" x="639" y="70" width="64" height="68"/>
 <SubTexture name="Shape/shape 12269" x="768" y="140" width="64" height="68"/>
 <SubTexture name="Shape/shape 12271" x="507" y="0" width="64" height="68"/>
 <SubTexture name="Shape/shape 12273" x="438" y="140" width="64" height="68"/>
 <SubTexture name="Shape/shape 12281" x="264" y="218" width="64" height="64"/>
 <SubTexture name="Shape/shape 12283" x="768" y="474" width="64" height="64"/>
 <SubTexture name="Shape/shape 12285" x="438" y="478" width="64" height="64"/>
 <SubTexture name="Shape/shape 12287" x="834" y="210" width="64" height="64"/>
 <SubTexture name="Shape/shape 12289" x="702" y="210" width="64" height="64"/>
 <SubTexture name="Shape/shape 12291" x="636" y="276" width="64" height="64"/>
 <SubTexture name="Shape/shape 12293" x="0" y="284" width="64" height="64"/>
 <SubTexture name="Shape/shape 12295" x="768" y="408" width="64" height="64"/>
 <SubTexture name="Shape/shape 12297" x="264" y="614" width="64" height="64"/>
 <SubTexture name="Shape/shape 12299" x="0" y="746" width="64" height="64"/>
 <SubTexture name="Shape/shape 12301" x="198" y="548" width="64" height="64"/>
 <SubTexture name="Shape/shape 12303" x="570" y="540" width="64" height="64"/>
 <SubTexture name="Shape/shape 12305" x="900" y="606" width="64" height="64"/>
 <SubTexture name="Shape/shape 12307" x="636" y="474" width="64" height="64"/>
 <SubTexture name="Shape/shape 12309" x="438" y="544" width="64" height="64"/>
 <SubTexture name="Shape/shape 12311" x="504" y="412" width="64" height="64"/>
 <SubTexture name="Shape/shape 12313" x="834" y="606" width="64" height="64"/>
 <SubTexture name="Shape/shape 12315" x="438" y="742" width="64" height="64"/>
 <SubTexture name="Shape/shape 12317" x="900" y="672" width="64" height="64"/>
 <SubTexture name="Shape/shape 12319" x="834" y="474" width="64" height="64"/>
 <SubTexture name="Shape/shape 12321" x="264" y="350" width="64" height="64"/>
 <SubTexture name="Shape/shape 12323" x="0" y="218" width="64" height="64"/>
 <SubTexture name="Shape/shape 12325" x="702" y="606" width="64" height="64"/>
 <SubTexture name="Shape/shape 12327" x="834" y="276" width="64" height="64"/>
 <SubTexture name="Shape/shape 12329" x="66" y="218" width="64" height="64"/>
 <SubTexture name="Shape/shape 12331" x="264" y="482" width="64" height="64"/>
 <SubTexture name="Shape/shape 12333" x="636" y="540" width="64" height="64"/>
 <SubTexture name="Shape/shape 12335" x="198" y="218" width="64" height="64"/>
 <SubTexture name="Shape/shape 12337" x="900" y="540" width="64" height="64"/>
 <SubTexture name="Shape/shape 12339" x="504" y="280" width="64" height="64"/>
 <SubTexture name="Shape/shape 12341" x="132" y="548" width="64" height="64"/>
 <SubTexture name="Shape/shape 12343" x="702" y="342" width="64" height="64"/>
 <SubTexture name="Shape/shape 12345" x="66" y="350" width="64" height="64"/>
 <SubTexture name="Shape/shape 12347" x="570" y="210" width="64" height="64"/>
 <SubTexture name="Shape/shape 12349" x="702" y="738" width="64" height="64"/>
 <SubTexture name="Shape/shape 12351" x="0" y="416" width="64" height="64"/>
 <SubTexture name="Shape/shape 12353" x="132" y="416" width="64" height="64"/>
 <SubTexture name="Shape/shape 12355" x="900" y="474" width="64" height="64"/>
 <SubTexture name="Shape/shape 12357" x="66" y="680" width="64" height="64"/>
 <SubTexture name="Shape/shape 12359" x="834" y="738" width="64" height="64"/>
 <SubTexture name="Shape/shape 12367" x="834" y="540" width="64" height="64"/>
 <SubTexture name="Shape/shape 12369" x="264" y="548" width="64" height="64"/>
 <SubTexture name="Shape/shape 12371" x="702" y="540" width="64" height="64"/>
 <SubTexture name="Shape/shape 12373" x="198" y="482" width="64" height="64"/>
 <SubTexture name="Shape/shape 12375" x="504" y="478" width="64" height="64"/>
 <SubTexture name="Shape/shape 12377" x="636" y="408" width="64" height="64"/>
 <SubTexture name="Shape/shape 12379" x="0" y="350" width="64" height="64"/>
 <SubTexture name="Shape/shape 12381" x="900" y="342" width="64" height="64"/>
 <SubTexture name="Shape/shape 12383" x="438" y="280" width="64" height="64"/>
 <SubTexture name="Shape/shape 12385" x="132" y="284" width="64" height="64"/>
 <SubTexture name="Shape/shape 12387" x="768" y="276" width="64" height="64"/>
 <SubTexture name="Shape/shape 12389" x="636" y="210" width="64" height="64"/>
 <SubTexture name="Shape/shape 12391" x="66" y="416" width="64" height="64"/>
 <SubTexture name="Shape/shape 12393" x="570" y="408" width="64" height="64"/>
 <SubTexture name="Shape/shape 12395" x="570" y="606" width="64" height="64"/>
 <SubTexture name="Shape/shape 12397" x="372" y="742" width="64" height="64"/>
 <SubTexture name="Shape/shape 12399" x="570" y="342" width="64" height="64"/>
 <SubTexture name="Shape/shape 12401" x="198" y="284" width="64" height="64"/>
 <SubTexture name="Shape/shape 12403" x="198" y="680" width="64" height="64"/>
 <SubTexture name="Shape/shape 12405" x="570" y="672" width="64" height="64"/>
 <SubTexture name="Shape/shape 12407" x="570" y="276" width="64" height="64"/>
 <SubTexture name="Shape/shape 12409" x="702" y="672" width="64" height="64"/>
 <SubTexture name="Shape/shape 12411" x="66" y="548" width="64" height="64"/>
 <SubTexture name="Shape/shape 12413" x="504" y="346" width="64" height="64"/>
 <SubTexture name="Shape/shape 12415" x="66" y="746" width="64" height="64"/>
 <SubTexture name="Shape/shape 12417" x="768" y="672" width="64" height="64"/>
 <SubTexture name="Shape/shape 12419" x="768" y="342" width="64" height="64"/>
 <SubTexture name="Shape/shape 12421" x="636" y="606" width="64" height="64"/>
 <SubTexture name="Shape/shape 12423" x="636" y="672" width="64" height="64"/>
 <SubTexture name="Shape/shape 12425" x="834" y="342" width="64" height="64"/>
 <SubTexture name="Shape/shape 12427" x="264" y="416" width="64" height="64"/>
 <SubTexture name="Shape/shape 12429" x="636" y="342" width="64" height="64"/>
 <SubTexture name="Shape/shape 12431" x="132" y="350" width="64" height="64"/>
 <SubTexture name="Shape/shape 12433" x="372" y="610" width="64" height="64"/>
 <SubTexture name="Shape/shape 12435" x="372" y="478" width="64" height="64"/>
 <SubTexture name="Shape/shape 12437" x="900" y="738" width="64" height="64"/>
 <SubTexture name="Shape/shape 12439" x="372" y="544" width="64" height="64"/>
 <SubTexture name="Shape/shape 12441" x="264" y="284" width="64" height="64"/>
 <SubTexture name="Shape/shape 12443" x="0" y="482" width="64" height="64"/>
 <SubTexture name="Shape/shape 12445" x="570" y="474" width="64" height="64"/>
 <SubTexture name="Shape/shape 12453" x="132" y="614" width="64" height="64"/>
 <SubTexture name="Shape/shape 12455" x="438" y="676" width="64" height="64"/>
 <SubTexture name="Shape/shape 12457" x="264" y="680" width="64" height="64"/>
 <SubTexture name="Shape/shape 12459" x="768" y="738" width="64" height="64"/>
 <SubTexture name="Shape/shape 12461" x="636" y="738" width="64" height="64"/>
 <SubTexture name="Shape/shape 12463" x="504" y="676" width="64" height="64"/>
 <SubTexture name="Shape/shape 12465" x="834" y="408" width="64" height="64"/>
 <SubTexture name="Shape/shape 12467" x="504" y="544" width="64" height="64"/>
 <SubTexture name="Shape/shape 12469" x="504" y="742" width="64" height="64"/>
 <SubTexture name="Shape/shape 12471" x="570" y="738" width="64" height="64"/>
 <SubTexture name="Shape/shape 12473" x="0" y="680" width="64" height="64"/>
 <SubTexture name="Shape/shape 12475" x="132" y="680" width="64" height="64"/>
 <SubTexture name="Shape/shape 12477" x="438" y="610" width="64" height="64"/>
 <SubTexture name="Shape/shape 12479" x="0" y="614" width="64" height="64"/>
 <SubTexture name="Shape/shape 12481" x="768" y="606" width="64" height="64"/>
 <SubTexture name="Shape/shape 12483" x="66" y="482" width="64" height="64"/>
 <SubTexture name="Shape/shape 12485" x="702" y="474" width="64" height="64"/>
 <SubTexture name="Shape/shape 12487" x="900" y="408" width="64" height="64"/>
 <SubTexture name="Shape/shape 12489" x="438" y="346" width="64" height="64"/>
 <SubTexture name="Shape/shape 12491" x="438" y="412" width="64" height="64"/>
 <SubTexture name="Shape/shape 12493" x="900" y="276" width="64" height="64"/>
 <SubTexture name="Shape/shape 12495" x="132" y="218" width="64" height="64"/>
 <SubTexture name="Shape/shape 12497" x="198" y="614" width="64" height="64"/>
 <SubTexture name="Shape/shape 12499" x="66" y="614" width="64" height="64"/>
 <SubTexture name="Shape/shape 12501" x="504" y="610" width="64" height="64"/>
 <SubTexture name="Shape/shape 12503" x="198" y="416" width="64" height="64"/>
 <SubTexture name="Shape/shape 12505" x="372" y="412" width="64" height="64"/>
 <SubTexture name="Shape/shape 12507" x="702" y="408" width="64" height="64"/>
 <SubTexture name="Shape/shape 12509" x="198" y="350" width="64" height="64"/>
 <SubTexture name="Shape/shape 12511" x="372" y="676" width="64" height="64"/>
 <SubTexture name="Shape/shape 12513" x="834" y="672" width="64" height="64"/>
 <SubTexture name="Shape/shape 12515" x="372" y="346" width="64" height="64"/>
 <SubTexture name="Shape/shape 12517" x="0" y="548" width="64" height="64"/>
 <SubTexture name="Shape/shape 12519" x="66" y="284" width="64" height="64"/>
 <SubTexture name="Shape/shape 12521" x="372" y="280" width="64" height="64"/>
 <SubTexture name="Shape/shape 12523" x="702" y="276" width="64" height="64"/>
 <SubTexture name="Shape/shape 12525" x="768" y="540" width="64" height="64"/>
 <SubTexture name="Shape/shape 12527" x="900" y="210" width="64" height="64"/>
 <SubTexture name="Shape/shape 12529" x="768" y="210" width="64" height="64"/>
 <SubTexture name="Shape/shape 12530" x="132" y="482" width="64" height="64"/>
</TextureAtlas>