<root name="unit_27" isGlobal="0" frameRate="30" version="3.0">
 <armature name="loader">
  <skin name="default">
   <slot name="cont" z="0" parent="cont">
    <display name="contSlot" type="armature">
     <transform/>
    </display>
   </slot>
  </skin>
  <bone name="cont">
   <transform x="-0.05" skX="1.81"/>
  </bone>
  <animation fadeInTime="0.3" autoTween="1" name="cont" duration="32" tweenEasing="NaN">
   <timeline name="cont">
    <frame z="0" duration="2" tweenEasing="0">
     <transform/>
    </frame>
    <frame z="0" duration="1" tweenEasing="0">
     <transform scY="0.99" y="-0.2" skX="0.49"/>
    </frame>
    <frame z="0" duration="1" tweenEasing="0">
     <transform x="-0.05" scY="0.98" y="-0.35" skX="0.73"/>
    </frame>
    <frame z="0" duration="1" tweenEasing="0">
     <transform x="-0.05" scY="0.99" y="-0.4" skX="2"/>
    </frame>
    <frame z="0" duration="3" tweenEasing="0">
     <transform x="-0.1" y="-0.5" skX="3.45"/>
    </frame>
    <frame z="0" duration="1" tweenEasing="0">
     <transform scX="1.04" x="0.15" y="-3.35" skX="-4.36"/>
    </frame>
    <frame z="0" duration="7" tweenEasing="0">
     <transform scX="1.03" x="0.1" y="-2.9" skX="-4.08"/>
    </frame>
    <frame z="0" duration="1" tweenEasing="0">
     <transform/>
    </frame>
    <frame z="0" duration="2" tweenEasing="0">
     <transform x="-0.05" y="-0.1" skX="0.73"/>
    </frame>
    <frame z="0" duration="1" tweenEasing="0">
     <transform x="-0.05" scY="0.99" y="-0.3" skX="2"/>
    </frame>
    <frame z="0" duration="1" tweenEasing="0">
     <transform x="-0.1" scY="0.99" y="-0.4" skX="2.72"/>
    </frame>
    <frame z="0" duration="3" tweenEasing="0">
     <transform x="-0.1" y="-0.5" skX="3.45"/>
    </frame>
    <frame z="0" duration="7" tweenEasing="0">
     <transform scX="1.04" x="0.2" scY="1.01" y="-3.35" skX="-5.81"/>
    </frame>
    <frame z="0" duration="1">
     <transform x="0.05" y="-0.5" skX="-1.81"/>
    </frame>
   </timeline>
  </animation>
 </armature>
 <armature name="contSlot">
  <skin name="default">
   <slot name="contSlot" z="0" parent="contSlot">
    <display name="Shape/shape 3587" type="image">
     <transform pX="14" pY="22"/>
    </display>
    <display name="Shape/shape 3589" type="image">
     <transform pX="14" pY="22"/>
    </display>
    <display name="Shape/shape 3591" type="image">
     <transform pX="14" pY="22"/>
    </display>
    <display name="Shape/shape 3593" type="image">
     <transform pX="14" pY="22"/>
    </display>
    <display name="Shape/shape 3595" type="image">
     <transform pX="14" pY="22"/>
    </display>
    <display name="Shape/shape 3597" type="image">
     <transform pX="14" pY="22"/>
    </display>
    <display name="Shape/shape 3599" type="image">
     <transform pX="14" pY="22"/>
    </display>
    <display name="Shape/shape 3601" type="image">
     <transform pX="14" pY="22"/>
    </display>
    <display name="Shape/shape 3603" type="image">
     <transform pX="14" pY="22"/>
    </display>
    <display name="Shape/shape 3605" type="image">
     <transform pX="14" pY="22"/>
    </display>
    <display name="Shape/shape 3607" type="image">
     <transform pX="14" pY="22"/>
    </display>
    <display name="Shape/shape 3609" type="image">
     <transform pX="14" pY="22"/>
    </display>
    <display name="Shape/shape 3611" type="image">
     <transform pX="14" pY="22"/>
    </display>
    <display name="Shape/shape 3613" type="image">
     <transform pX="14" pY="22"/>
    </display>
    <display name="Shape/shape 3615" type="image">
     <transform pX="14" pY="22"/>
    </display>
    <display name="Shape/shape 3617" type="image">
     <transform pX="14" pY="22"/>
    </display>
   </slot>
  </skin>
  <bone name="contSlot">
   <transform/>
  </bone>
  <animation fadeInTime="0.3" autoTween="1" name="dir" duration="16" tweenEasing="NaN">
   <timeline name="contSlot">
    <frame z="0" duration="1">
     <transform/>
    </frame>
    <frame displayIndex="1" z="0" duration="1">
     <transform/>
    </frame>
    <frame displayIndex="2" z="0" duration="1">
     <transform/>
    </frame>
    <frame displayIndex="3" z="0" duration="1">
     <transform/>
    </frame>
    <frame displayIndex="4" z="0" duration="1">
     <transform/>
    </frame>
    <frame displayIndex="5" z="0" duration="1">
     <transform/>
    </frame>
    <frame displayIndex="6" z="0" duration="1">
     <transform/>
    </frame>
    <frame displayIndex="7" z="0" duration="1">
     <transform/>
    </frame>
    <frame displayIndex="8" z="0" duration="1">
     <transform/>
    </frame>
    <frame displayIndex="9" z="0" duration="1">
     <transform/>
    </frame>
    <frame displayIndex="10" z="0" duration="1">
     <transform/>
    </frame>
    <frame displayIndex="11" z="0" duration="1">
     <transform/>
    </frame>
    <frame displayIndex="12" z="0" duration="1">
     <transform/>
    </frame>
    <frame displayIndex="13" z="0" duration="1">
     <transform/>
    </frame>
    <frame displayIndex="14" z="0" duration="1">
     <transform/>
    </frame>
    <frame displayIndex="15" z="0" duration="1">
     <transform/>
    </frame>
   </timeline>
  </animation>
 </armature>
</root>