<TextureAtlas name="unit_27" imagePath="texture.png">
 <SubTexture name="Shape/shape 3587" x="87" y="0" width="27" height="28"/>
 <SubTexture name="Shape/shape 3589" x="0" y="90" width="27" height="28"/>
 <SubTexture name="Shape/shape 3591" x="29" y="60" width="27" height="28"/>
 <SubTexture name="Shape/shape 3593" x="87" y="90" width="27" height="28"/>
 <SubTexture name="Shape/shape 3595" x="58" y="60" width="27" height="28"/>
 <SubTexture name="Shape/shape 3597" x="0" y="60" width="27" height="28"/>
 <SubTexture name="Shape/shape 3599" x="58" y="30" width="27" height="28"/>
 <SubTexture name="Shape/shape 3601" x="87" y="30" width="27" height="28"/>
 <SubTexture name="Shape/shape 3603" x="29" y="90" width="27" height="28"/>
 <SubTexture name="Shape/shape 3605" x="0" y="30" width="27" height="28"/>
 <SubTexture name="Shape/shape 3607" x="58" y="90" width="27" height="28"/>
 <SubTexture name="Shape/shape 3609" x="29" y="30" width="27" height="28"/>
 <SubTexture name="Shape/shape 3611" x="29" y="0" width="27" height="28"/>
 <SubTexture name="Shape/shape 3613" x="0" y="0" width="27" height="28"/>
 <SubTexture name="Shape/shape 3615" x="87" y="60" width="27" height="28"/>
 <SubTexture name="Shape/shape 3617" x="58" y="0" width="27" height="28"/>
</TextureAtlas>