<root name="star" isGlobal="0" frameRate="30" version="3.0">
 <armature name="star">
  <skin name="default">
   <slot name="Layer 2" z="0" parent="Layer 2">
    <display name="__dbTextures/star/Layer 2_0" type="image">
     <transform x="-35" pX="0" pY="0" skX="0" skY="0" scX="1" y="-19" scY="1"/>
    </display>
   </slot>
   <slot name="starsTXT" z="1" parent="starsTXT">
    <display name="位图 1" type="image">
     <transform x="-24.5" pX="0" pY="0" skX="0" skY="0" scX="1" y="-18" scY="1"/>
    </display>
   </slot>
  </skin>
  <bone name="Layer 2">
   <transform y="23" skY="0" x="758" scX="1" skX="0" scY="1"/>
  </bone>
  <bone name="starsTXT">
   <transform y="21.85" skY="0" x="776.45" scX="1" skX="0" scY="0.56"/>
  </bone>
  <animation name="star_mc" scale="1" loop="1" duration="1" autoTween="NaN" fadeInTime="0.3" tweenEasing="NaN">
   <timeline name="Layer 2" scale="1" pX="0" pY="0" offset="0">
    <frame z="0" duration="1" tweenEasing="NaN">
     <transform x="0" pX="0" pY="0" skX="0" skY="0" scX="1" y="0" scY="1"/>
    </frame>
   </timeline>
   <timeline name="starsTXT" scale="1" pX="0" pY="0" offset="0">
    <frame z="0" duration="1">
     <transform x="0" pX="0" pY="0" skX="0" skY="0" scX="1" y="0" scY="1"/>
    </frame>
   </timeline>
  </animation>
 </armature>
</root>