<root name="star" isGlobal="0" frameRate="30" version="3.0">
 <armature name="star">
  <skin name="default">
   <slot name="Layer 2" z="0" parent="Layer 2">
    <display name="__dbTextures/star/Layer 2_0" type="image">
     <transform scX="1" x="-35" scY="1" y="-19" pX="0" pY="0" skX="0" skY="0"/>
    </display>
   </slot>
   <slot name="starsTXT" z="1" parent="starsTXT">
    <display name="位图 1" type="image">
     <transform scX="1" x="-24.5" scY="1" y="-18" pX="0" pY="0" skX="0" skY="0"/>
    </display>
   </slot>
  </skin>
  <bone name="Layer 2">
   <transform scX="1" x="758" skX="0" scY="1" y="23" skY="0"/>
  </bone>
  <bone name="starsTXT">
   <transform scX="1" x="776.45" skX="0" scY="1" y="22.85" skY="0"/>
  </bone>
  <animation fadeInTime="0.3" scale="1" loop="1" autoTween="NaN" name="star_mc" duration="1" tweenEasing="NaN">
   <timeline pX="0" name="Layer 2" pY="0" scale="1" offset="0">
    <frame z="0" duration="1" tweenEasing="NaN">
     <transform scX="1" x="0" scY="1" y="0" pX="0" pY="0" skX="0" skY="0"/>
    </frame>
   </timeline>
   <timeline pX="0" name="starsTXT" pY="0" scale="1" offset="0">
    <frame z="0" duration="1">
     <transform scX="1" x="0" scY="1" y="0" pX="0" pY="0" skX="0" skY="0"/>
    </frame>
   </timeline>
  </animation>
 </armature>
</root>