<dragonBones name="1yrt" frameRate="30" version="2.3">
 <armature name="FireSphere">
  <bone name="Layer 1">
   <transform x="0" y="0" skX="0" skY="0" scX="1" scY="1"/>
  </bone>
  <bone name="Layer 2">
   <transform x="-0.85" y="4.2" skX="0" skY="0" scX="0.9" scY="0.9"/>
  </bone>
  <skin name="default">
   <slot name="Layer 1" parent="Layer 1" z="0">
    <display name="Shape/shape 8558" type="image">
     <transform x="0" y="0" skX="0" skY="0" scX="1" scY="1" pX="17" pY="20"/>
    </display>
    <display name="Shape/shape 8559" type="image">
     <transform x="0" y="0" skX="0" skY="0" scX="1" scY="1" pX="17" pY="20"/>
    </display>
    <display name="Shape/shape 8560" type="image">
     <transform x="0" y="0" skX="0" skY="0" scX="1" scY="1" pX="17" pY="20"/>
    </display>
    <display name="Shape/shape 8561" type="image">
     <transform x="0" y="0" skX="0" skY="0" scX="1" scY="1" pX="17" pY="20"/>
    </display>
    <display name="Shape/shape 8562" type="image">
     <transform x="0" y="0" skX="0" skY="0" scX="1" scY="1" pX="17" pY="20"/>
    </display>
    <display name="Shape/shape 8563" type="image">
     <transform x="0" y="0" skX="0" skY="0" scX="1" scY="1" pX="17" pY="20"/>
    </display>
    <display name="Shape/shape 8564" type="image">
     <transform x="0" y="0" skX="0" skY="0" scX="1" scY="1" pX="17" pY="20"/>
    </display>
    <display name="Shape/shape 8565" type="image">
     <transform x="0" y="0" skX="0" skY="0" scX="1" scY="1" pX="17" pY="20"/>
    </display>
    <display name="Shape/shape 8566" type="image">
     <transform x="0" y="0" skX="0" skY="0" scX="1" scY="1" pX="17" pY="20"/>
    </display>
    <display name="Shape/shape 8567" type="image">
     <transform x="0" y="0" skX="0" skY="0" scX="1" scY="1" pX="17" pY="20"/>
    </display>
    <display name="Shape/shape 8568" type="image">
     <transform x="0" y="0" skX="0" skY="0" scX="1" scY="1" pX="17" pY="20"/>
    </display>
    <display name="Shape/shape 8569" type="image">
     <transform x="0" y="0" skX="0" skY="0" scX="1" scY="1" pX="17" pY="20"/>
    </display>
    <display name="Shape/shape 8570" type="image">
     <transform x="0" y="0" skX="0" skY="0" scX="1" scY="1" pX="17" pY="20"/>
    </display>
    <display name="Shape/shape 8571" type="image">
     <transform x="0" y="0" skX="0" skY="0" scX="1" scY="1" pX="17" pY="20"/>
    </display>
    <display name="Shape/shape 8572" type="image">
     <transform x="0" y="0" skX="0" skY="0" scX="1" scY="1" pX="17" pY="20"/>
    </display>
   </slot>
   <slot name="Layer 2" parent="Layer 2" z="1">
    <display name="Sprite/sprite 4085" type="image">
     <transform x="0" y="0" skX="0" skY="0" scX="1" scY="1" pX="25" pY="25"/>
    </display>
   </slot>
  </skin>
  <animation name="FireSphere" fadeInTime="0.3" duration="30" scale="1" loop="1" autoTween="1" tweenEasing="NaN">
   <timeline name="Layer 1" scale="1" offset="0">
    <frame z="0" duration="2">
     <transform x="0" y="0" skX="0" skY="0" scX="1" scY="1" pX="0" pY="0"/>
    </frame>
    <frame z="0" displayIndex="1" duration="2">
     <transform x="0" y="0" skX="0" skY="0" scX="1" scY="1" pX="0" pY="0"/>
    </frame>
    <frame z="0" displayIndex="2" duration="2">
     <transform x="0" y="0" skX="0" skY="0" scX="1" scY="1" pX="0" pY="0"/>
    </frame>
    <frame z="0" displayIndex="3" duration="2">
     <transform x="0" y="0" skX="0" skY="0" scX="1" scY="1" pX="0" pY="0"/>
    </frame>
    <frame z="0" displayIndex="4" duration="2">
     <transform x="0" y="0" skX="0" skY="0" scX="1" scY="1" pX="0" pY="0"/>
    </frame>
    <frame z="0" displayIndex="5" duration="2">
     <transform x="0" y="0" skX="0" skY="0" scX="1" scY="1" pX="0" pY="0"/>
    </frame>
    <frame z="0" displayIndex="6" duration="2">
     <transform x="0" y="0" skX="0" skY="0" scX="1" scY="1" pX="0" pY="0"/>
    </frame>
    <frame z="0" displayIndex="7" duration="2">
     <transform x="0" y="0" skX="0" skY="0" scX="1" scY="1" pX="0" pY="0"/>
    </frame>
    <frame z="0" displayIndex="8" duration="2">
     <transform x="0" y="0" skX="0" skY="0" scX="1" scY="1" pX="0" pY="0"/>
    </frame>
    <frame z="0" displayIndex="9" duration="2">
     <transform x="0" y="0" skX="0" skY="0" scX="1" scY="1" pX="0" pY="0"/>
    </frame>
    <frame z="0" displayIndex="10" duration="2">
     <transform x="0" y="0" skX="0" skY="0" scX="1" scY="1" pX="0" pY="0"/>
    </frame>
    <frame z="0" displayIndex="11" duration="2">
     <transform x="0" y="0" skX="0" skY="0" scX="1" scY="1" pX="0" pY="0"/>
    </frame>
    <frame z="0" displayIndex="12" duration="2">
     <transform x="0" y="0" skX="0" skY="0" scX="1" scY="1" pX="0" pY="0"/>
    </frame>
    <frame z="0" displayIndex="13" duration="2">
     <transform x="0" y="0" skX="0" skY="0" scX="1" scY="1" pX="0" pY="0"/>
    </frame>
    <frame z="0" displayIndex="14" duration="2">
     <transform x="0" y="0" skX="0" skY="0" scX="1" scY="1" pX="0" pY="0"/>
    </frame>
   </timeline>
   <timeline name="Layer 2" scale="1" offset="0">
    <frame z="1" duration="30">
     <transform x="-0.85" y="4.2" skX="0" skY="0" scX="0.9" scY="0.9" pX="0" pY="0"/>
    </frame>
   </timeline>
  </animation>
 </armature>
</dragonBones>