<TextureAtlas name="DeathAit3_mc" imagePath="texture.png">
 <SubTexture name="Shape/shape 1229" x="0" y="86" width="60" height="84"/>
 <SubTexture name="Shape/shape 1231" x="124" y="86" width="60" height="84"/>
 <SubTexture name="Shape/shape 1233" x="186" y="86" width="60" height="84"/>
 <SubTexture name="Shape/shape 1235" x="0" y="0" width="60" height="84"/>
 <SubTexture name="Shape/shape 1237" x="62" y="86" width="60" height="84"/>
 <SubTexture name="Shape/shape 1239" x="186" y="0" width="60" height="84"/>
 <SubTexture name="Shape/shape 1241" x="62" y="0" width="60" height="84"/>
 <SubTexture name="Shape/shape 1243" x="124" y="0" width="60" height="84"/>
</TextureAtlas>