<TextureAtlas name="MiddleScreen_mc" imagePath="texture.png">
 <SubTexture name="Shape/shape 83" x="0" y="0" width="800" height="600"/>
 <SubTexture name="Shape/shape 2" x="802" y="312" width="410" height="310"/>
 <SubTexture name="Shape/shape 5" x="1714" y="476" width="141" height="141"/>
 <SubTexture name="Shape/shape 7" x="1382" y="312" width="166" height="162"/>
 <SubTexture name="Shape/shape 17" x="802" y="0" width="410" height="310"/>
 <SubTexture name="Shape/shape 19" x="1878" y="312" width="145" height="145"/>
 <SubTexture name="Shape/shape 21" x="1550" y="312" width="162" height="166"/>
 <SubTexture name="Shape/shape 24" x="1626" y="0" width="410" height="310"/>
 <SubTexture name="Shape/shape 26" x="1382" y="476" width="141" height="145"/>
 <SubTexture name="Shape/shape 28" x="1214" y="312" width="166" height="166"/>
 <SubTexture name="Shape/shape 10" x="1214" y="0" width="410" height="310"/>
 <SubTexture name="Shape/shape 12" x="1878" y="459" width="145" height="141"/>
 <SubTexture name="Shape/shape 14" x="1714" y="312" width="162" height="162"/>
</TextureAtlas>