<root name="Unit20_backDeath_mc" isGlobal="0" frameRate="30" version="3.0">
 <armature name="Unit20_backDeath_mc">
  <skin name="default">
   <slot name="cont" z="0" parent="cont">
    <display name="Shape/shape 3145" type="image">
     <transform scX="1" x="0" scY="1" y="0" pX="20.5" pY="24.5" skX="0" skY="0"/>
    </display>
    <display name="Shape/shape 10852" type="image">
     <transform scX="1" x="0" scY="1" y="0" pX="57" pY="85" skX="0" skY="0"/>
    </display>
    <display name="Shape/shape 10854" type="image">
     <transform scX="1" x="0" scY="1" y="0" pX="57" pY="85" skX="0" skY="0"/>
    </display>
    <display name="Shape/shape 10856" type="image">
     <transform scX="1" x="0" scY="1" y="0" pX="57" pY="85" skX="0" skY="0"/>
    </display>
    <display name="Shape/shape 10858" type="image">
     <transform scX="1" x="0" scY="1" y="0" pX="57" pY="85" skX="0" skY="0"/>
    </display>
    <display name="Shape/shape 10860" type="image">
     <transform scX="1" x="0" scY="1" y="0" pX="57" pY="85" skX="0" skY="0"/>
    </display>
    <display name="Shape/shape 10862" type="image">
     <transform scX="1" x="0" scY="1" y="0" pX="57" pY="85" skX="0" skY="0"/>
    </display>
    <display name="Shape/shape 10864" type="image">
     <transform scX="1" x="0" scY="1" y="0" pX="57" pY="85" skX="0" skY="0"/>
    </display>
    <display name="Shape/shape 10866" type="image">
     <transform scX="1" x="0" scY="1" y="0" pX="57" pY="85" skX="0" skY="0"/>
    </display>
    <display name="Shape/shape 10868" type="image">
     <transform scX="1" x="0" scY="1" y="0" pX="57" pY="85" skX="0" skY="0"/>
    </display>
    <display name="Shape/shape 10870" type="image">
     <transform scX="1" x="0" scY="1" y="0" pX="57" pY="85" skX="0" skY="0"/>
    </display>
    <display name="Shape/shape 10872" type="image">
     <transform scX="1" x="0" scY="1" y="0" pX="57" pY="85" skX="0" skY="0"/>
    </display>
    <display name="Shape/shape 10874" type="image">
     <transform scX="1" x="0" scY="1" y="0" pX="57" pY="85" skX="0" skY="0"/>
    </display>
    <display name="Shape/shape 10876" type="image">
     <transform scX="1" x="0" scY="1" y="0" pX="57" pY="85" skX="0" skY="0"/>
    </display>
    <display name="Shape/shape 10878" type="image">
     <transform scX="1" x="0" scY="1" y="0" pX="57" pY="85" skX="0" skY="0"/>
    </display>
    <display name="Shape/shape 10880" type="image">
     <transform scX="1" x="0" scY="1" y="0" pX="57" pY="85" skX="0" skY="0"/>
    </display>
    <display name="Shape/shape 10882" type="image">
     <transform scX="1" x="0" scY="1" y="0" pX="57" pY="85" skX="0" skY="0"/>
    </display>
    <display name="Shape/shape 10884" type="image">
     <transform scX="1" x="0" scY="1" y="0" pX="57" pY="85" skX="0" skY="0"/>
    </display>
    <display name="Shape/shape 10886" type="image">
     <transform scX="1" x="0" scY="1" y="0" pX="57" pY="85" skX="0" skY="0"/>
    </display>
    <display name="Shape/shape 10888" type="image">
     <transform scX="1" x="0" scY="1" y="0" pX="57" pY="85" skX="0" skY="0"/>
    </display>
    <display name="Shape/shape 10890" type="image">
     <transform scX="1" x="0" scY="1" y="0" pX="57" pY="85" skX="0" skY="0"/>
    </display>
    <display name="Shape/shape 10892" type="image">
     <transform scX="1" x="0" scY="1" y="0" pX="57" pY="85" skX="0" skY="0"/>
    </display>
    <display name="Shape/shape 10894" type="image">
     <transform scX="1" x="0" scY="1" y="0" pX="57" pY="85" skX="0" skY="0"/>
    </display>
    <display name="Shape/shape 10896" type="image">
     <transform scX="1" x="0" scY="1" y="0" pX="57" pY="85" skX="0" skY="0"/>
    </display>
    <display name="Shape/shape 10898" type="image">
     <transform scX="1" x="0" scY="1" y="0" pX="57" pY="85" skX="0" skY="0"/>
    </display>
    <display name="Shape/shape 10900" type="image">
     <transform scX="1" x="0" scY="1" y="0" pX="57" pY="85" skX="0" skY="0"/>
    </display>
    <display name="Shape/shape 10902" type="image">
     <transform scX="1" x="0" scY="1" y="0" pX="57" pY="85" skX="0" skY="0"/>
    </display>
    <display name="Shape/shape 10904" type="image">
     <transform scX="1" x="0" scY="1" y="0" pX="57" pY="85" skX="0" skY="0"/>
    </display>
   </slot>
  </skin>
  <bone name="cont">
   <transform scX="1" x="0" skX="0" scY="1" y="0" skY="0"/>
  </bone>
  <animation fadeInTime="0.3" scale="1" loop="1" autoTween="NaN" name="Unit20_backDeath_mc" duration="28" tweenEasing="NaN">
   <timeline pX="0" name="cont" pY="0" scale="1" offset="0">
    <frame z="0" duration="1">
     <transform scX="1" x="0" scY="1" y="0" pX="0" pY="0" skX="0" skY="0"/>
    </frame>
    <frame displayIndex="1" z="0" duration="1">
     <transform scX="1" x="0" scY="1" y="0" pX="0" pY="0" skX="0" skY="0"/>
    </frame>
    <frame displayIndex="2" z="0" duration="1">
     <transform scX="1" x="0" scY="1" y="0" pX="0" pY="0" skX="0" skY="0"/>
    </frame>
    <frame displayIndex="3" z="0" duration="1">
     <transform scX="1" x="0" scY="1" y="0" pX="0" pY="0" skX="0" skY="0"/>
    </frame>
    <frame displayIndex="4" z="0" duration="1">
     <transform scX="1" x="0" scY="1" y="0" pX="0" pY="0" skX="0" skY="0"/>
    </frame>
    <frame displayIndex="5" z="0" duration="1">
     <transform scX="1" x="0" scY="1" y="0" pX="0" pY="0" skX="0" skY="0"/>
    </frame>
    <frame displayIndex="6" z="0" duration="1">
     <transform scX="1" x="0" scY="1" y="0" pX="0" pY="0" skX="0" skY="0"/>
    </frame>
    <frame displayIndex="7" z="0" duration="1">
     <transform scX="1" x="0" scY="1" y="0" pX="0" pY="0" skX="0" skY="0"/>
    </frame>
    <frame displayIndex="8" z="0" duration="1">
     <transform scX="1" x="0" scY="1" y="0" pX="0" pY="0" skX="0" skY="0"/>
    </frame>
    <frame displayIndex="9" z="0" duration="1">
     <transform scX="1" x="0" scY="1" y="0" pX="0" pY="0" skX="0" skY="0"/>
    </frame>
    <frame displayIndex="10" z="0" duration="1">
     <transform scX="1" x="0" scY="1" y="0" pX="0" pY="0" skX="0" skY="0"/>
    </frame>
    <frame displayIndex="11" z="0" duration="1">
     <transform scX="1" x="0" scY="1" y="0" pX="0" pY="0" skX="0" skY="0"/>
    </frame>
    <frame displayIndex="12" z="0" duration="1">
     <transform scX="1" x="0" scY="1" y="0" pX="0" pY="0" skX="0" skY="0"/>
    </frame>
    <frame displayIndex="13" z="0" duration="1">
     <transform scX="1" x="0" scY="1" y="0" pX="0" pY="0" skX="0" skY="0"/>
    </frame>
    <frame displayIndex="14" z="0" duration="1">
     <transform scX="1" x="0" scY="1" y="0" pX="0" pY="0" skX="0" skY="0"/>
    </frame>
    <frame displayIndex="15" z="0" duration="1">
     <transform scX="1" x="0" scY="1" y="0" pX="0" pY="0" skX="0" skY="0"/>
    </frame>
    <frame displayIndex="16" z="0" duration="1">
     <transform scX="1" x="0" scY="1" y="0" pX="0" pY="0" skX="0" skY="0"/>
    </frame>
    <frame displayIndex="17" z="0" duration="1">
     <transform scX="1" x="0" scY="1" y="0" pX="0" pY="0" skX="0" skY="0"/>
    </frame>
    <frame displayIndex="18" z="0" duration="1">
     <transform scX="1" x="0" scY="1" y="0" pX="0" pY="0" skX="0" skY="0"/>
    </frame>
    <frame displayIndex="19" z="0" duration="1">
     <transform scX="1" x="0" scY="1" y="0" pX="0" pY="0" skX="0" skY="0"/>
    </frame>
    <frame displayIndex="20" z="0" duration="1">
     <transform scX="1" x="0" scY="1" y="0" pX="0" pY="0" skX="0" skY="0"/>
    </frame>
    <frame displayIndex="21" z="0" duration="1">
     <transform scX="1" x="0" scY="1" y="0" pX="0" pY="0" skX="0" skY="0"/>
    </frame>
    <frame displayIndex="22" z="0" duration="1">
     <transform scX="1" x="0" scY="1" y="0" pX="0" pY="0" skX="0" skY="0"/>
    </frame>
    <frame displayIndex="23" z="0" duration="1">
     <transform scX="1" x="0" scY="1" y="0" pX="0" pY="0" skX="0" skY="0"/>
    </frame>
    <frame displayIndex="24" z="0" duration="1">
     <transform scX="1" x="0" scY="1" y="0" pX="0" pY="0" skX="0" skY="0"/>
    </frame>
    <frame displayIndex="25" z="0" duration="1">
     <transform scX="1" x="0" scY="1" y="0" pX="0" pY="0" skX="0" skY="0"/>
    </frame>
    <frame displayIndex="26" z="0" duration="1">
     <transform scX="1" x="0" scY="1" y="0" pX="0" pY="0" skX="0" skY="0"/>
    </frame>
    <frame displayIndex="27" z="0" duration="1">
     <transform scX="1" x="0" scY="1" y="0" pX="0" pY="0" skX="0" skY="0"/>
    </frame>
   </timeline>
  </animation>
 </armature>
</root>