<root name="NewLevel_mc" isGlobal="0" frameRate="30" version="3.0">
 <armature name="NewLevel_mc">
  <skin name="default">
   <slot name="Layer 1" z="0" parent="Layer 1">
    <display name="Shape/shape 872" type="image">
     <transform scX="1" x="0" scY="1" y="0" pX="14" pY="70" skX="0" skY="0"/>
    </display>
    <display name="Shape/shape 874" type="image">
     <transform scX="1" x="0" scY="1" y="0" pX="14" pY="70" skX="0" skY="0"/>
    </display>
    <display name="Shape/shape 876" type="image">
     <transform scX="1" x="0" scY="1" y="0" pX="14" pY="70" skX="0" skY="0"/>
    </display>
    <display name="Shape/shape 878" type="image">
     <transform scX="1" x="0" scY="1" y="0" pX="14" pY="70" skX="0" skY="0"/>
    </display>
    <display name="Shape/shape 880" type="image">
     <transform scX="1" x="0" scY="1" y="0" pX="14" pY="70" skX="0" skY="0"/>
    </display>
    <display name="Shape/shape 882" type="image">
     <transform scX="1" x="0" scY="1" y="0" pX="14" pY="70" skX="0" skY="0"/>
    </display>
    <display name="Shape/shape 884" type="image">
     <transform scX="1" x="0" scY="1" y="0" pX="14" pY="70" skX="0" skY="0"/>
    </display>
    <display name="Shape/shape 886" type="image">
     <transform scX="1" x="0" scY="1" y="0" pX="14" pY="70" skX="0" skY="0"/>
    </display>
    <display name="Shape/shape 888" type="image">
     <transform scX="1" x="0" scY="1" y="0" pX="14" pY="70" skX="0" skY="0"/>
    </display>
    <display name="Shape/shape 890" type="image">
     <transform scX="1" x="0" scY="1" y="0" pX="14" pY="70" skX="0" skY="0"/>
    </display>
    <display name="Shape/shape 892" type="image">
     <transform scX="1" x="0" scY="1" y="0" pX="14" pY="70" skX="0" skY="0"/>
    </display>
    <display name="Shape/shape 894" type="image">
     <transform scX="1" x="0" scY="1" y="0" pX="14" pY="39" skX="0" skY="0"/>
    </display>
   </slot>
  </skin>
  <bone name="Layer 1">
   <transform scX="1" x="0" skX="0" scY="1" y="0" skY="0"/>
  </bone>
  <animation fadeInTime="0.3" scale="1" loop="1" autoTween="NaN" name="NewLevel_mc" duration="12" tweenEasing="NaN">
   <timeline pX="0" name="Layer 1" pY="0" scale="1" offset="0">
    <frame z="0" duration="1">
     <transform scX="1" x="0" scY="1" y="0" pX="0" pY="0" skX="0" skY="0"/>
    </frame>
    <frame displayIndex="1" z="0" duration="1">
     <transform scX="1" x="0" scY="1" y="0" pX="0" pY="0" skX="0" skY="0"/>
    </frame>
    <frame displayIndex="2" z="0" duration="1">
     <transform scX="1" x="0" scY="1" y="0" pX="0" pY="0" skX="0" skY="0"/>
    </frame>
    <frame displayIndex="3" z="0" duration="1">
     <transform scX="1" x="0" scY="1" y="0" pX="0" pY="0" skX="0" skY="0"/>
    </frame>
    <frame displayIndex="4" z="0" duration="1">
     <transform scX="1" x="0" scY="1" y="0" pX="0" pY="0" skX="0" skY="0"/>
    </frame>
    <frame displayIndex="5" z="0" duration="1">
     <transform scX="1" x="0" scY="1" y="0" pX="0" pY="0" skX="0" skY="0"/>
    </frame>
    <frame displayIndex="6" z="0" duration="1">
     <transform scX="1" x="0" scY="1" y="0" pX="0" pY="0" skX="0" skY="0"/>
    </frame>
    <frame displayIndex="7" z="0" duration="1">
     <transform scX="1" x="0" scY="1" y="0" pX="0" pY="0" skX="0" skY="0"/>
    </frame>
    <frame displayIndex="8" z="0" duration="1">
     <transform scX="1" x="0" scY="1" y="0" pX="0" pY="0" skX="0" skY="0"/>
    </frame>
    <frame displayIndex="9" z="0" duration="1">
     <transform scX="1" x="0" scY="1" y="0" pX="0" pY="0" skX="0" skY="0"/>
    </frame>
    <frame displayIndex="10" z="0" duration="1">
     <transform scX="1" x="0" scY="1" y="0" pX="0" pY="0" skX="0" skY="0"/>
    </frame>
    <frame displayIndex="11" z="0" duration="1">
     <transform scX="1" x="0" scY="1" y="0" pX="0" pY="0" skX="0" skY="0"/>
    </frame>
   </timeline>
  </animation>
 </armature>
</root>