<root name="DeifficultyLevel_mc" isGlobal="0" frameRate="30" version="3.0">
 <armature name="DeifficultyLevel_mc">
  <skin name="default">
   <slot name="bg" z="0" parent="bg">
    <display name="Symbol 5222" type="image">
     <transform x="0" pX="350" pY="250" skX="0" skY="0" scX="1" y="0" scY="1"/>
    </display>
    <display name="Symbol 5256" type="image">
     <transform x="0" pX="350" pY="250" skX="0" skY="0" scX="1" y="0" scY="1"/>
    </display>
   </slot>
   <slot name="first" z="1" parent="first">
    <display name="Symbol 5255" type="armature">
     <transform scY="1" skY="0" x="0" scX="1" skX="0" y="0"/>
    </display>
   </slot>
  </skin>
  <bone name="bg">
   <transform y="300" skY="0" x="400" scX="1.14" skX="0" scY="1.2"/>
  </bone>
  <bone name="first">
   <transform y="480" skY="0" x="400" scX="1" skX="0" scY="1"/>
  </bone>
  <animation name="DeifficultyLevel_mc" scale="1" loop="1" duration="14" autoTween="NaN" fadeInTime="0.3" tweenEasing="NaN">
   <timeline name="bg" scale="1" pX="0" pY="0" offset="0">
    <frame z="0" duration="1">
     <transform x="0" pX="0" pY="0" skX="0" skY="0" scX="1" y="0" scY="1"/>
     <colorTransform bM="100" gO="0" bO="0" aM="0" rM="100" aO="0" gM="100" rO="0"/>
    </frame>
    <frame z="0" duration="1">
     <transform x="0" pX="0" pY="0" skX="0" skY="0" scX="1" y="0" scY="1"/>
     <colorTransform bM="100" gO="0" bO="0" aM="17" rM="100" aO="0" gM="100" rO="0"/>
    </frame>
    <frame z="0" duration="1">
     <transform x="0" pX="0" pY="0" skX="0" skY="0" scX="1" y="0" scY="1"/>
     <colorTransform bM="100" gO="0" bO="0" aM="33" rM="100" aO="0" gM="100" rO="0"/>
    </frame>
    <frame z="0" duration="1">
     <transform x="0" pX="0" pY="0" skX="0" skY="0" scX="1" y="0" scY="1"/>
     <colorTransform bM="100" gO="0" bO="0" aM="50" rM="100" aO="0" gM="100" rO="0"/>
    </frame>
    <frame z="0" duration="1">
     <transform x="0" pX="0" pY="0" skX="0" skY="0" scX="1" y="0" scY="1"/>
     <colorTransform bM="100" gO="0" bO="0" aM="67" rM="100" aO="0" gM="100" rO="0"/>
    </frame>
    <frame z="0" duration="1">
     <transform x="0" pX="0" pY="0" skX="0" skY="0" scX="1" y="0" scY="1"/>
     <colorTransform bM="100" gO="0" bO="0" aM="83" rM="100" aO="0" gM="100" rO="0"/>
    </frame>
    <frame z="0" duration="1">
     <transform x="0" pX="0" pY="0" skX="0" skY="0" scX="1" y="0" scY="1"/>
    </frame>
    <frame z="0" duration="6">
     <transform x="0" pX="0" pY="0" skX="0" skY="0" scX="1" y="0" scY="1"/>
    </frame>
    <frame displayIndex="1" z="0" duration="1">
     <transform x="0" pX="0" pY="0" skX="0" skY="0" scX="1" y="0" scY="1"/>
    </frame>
   </timeline>
   <timeline name="first" scale="1" pX="0" pY="0" offset="0">
    <frame z="0" duration="1">
     <transform x="0" pX="0" pY="0" skX="0" skY="0" scX="1" y="0" scY="1"/>
     <colorTransform bM="100" gO="0" bO="0" aM="40" rM="100" aO="0" gM="100" rO="0"/>
    </frame>
    <frame z="0" duration="1">
     <transform x="0" pX="0" pY="0" skX="0" skY="0" scX="1" y="-45" scY="1"/>
     <colorTransform bM="100" gO="0" bO="0" aM="55" rM="100" aO="0" gM="100" rO="0"/>
    </frame>
    <frame z="0" duration="1">
     <transform x="0" pX="0" pY="0" skX="0" skY="0" scX="1" y="-90" scY="1"/>
     <colorTransform bM="100" gO="0" bO="0" aM="70" rM="100" aO="0" gM="100" rO="0"/>
    </frame>
    <frame z="0" duration="1">
     <transform x="0" pX="0" pY="0" skX="0" skY="0" scX="1" y="-135" scY="1"/>
     <colorTransform bM="100" gO="0" bO="0" aM="85" rM="100" aO="0" gM="100" rO="0"/>
    </frame>
    <frame z="0" duration="1">
     <transform x="0" pX="0" pY="0" skX="0" skY="0" scX="1" y="-180" scY="1"/>
    </frame>
    <frame z="0" duration="1">
     <transform x="0" pX="0" pY="0" skX="0" skY="0" scX="1.05" y="-185.25" scY="1.05"/>
    </frame>
    <frame z="0" duration="1">
     <transform x="0" pX="0" pY="0" skX="0" skY="0" scX="1.11" y="-190.5" scY="1.11"/>
    </frame>
    <frame z="0" duration="1">
     <transform x="0" pX="0" pY="0" skX="0" skY="0" scX="1.07" y="-187" scY="1.07"/>
    </frame>
    <frame z="0" duration="1">
     <transform x="0" pX="0" pY="0" skX="0" skY="0" scX="1.02" y="-183.5" scY="1.02"/>
    </frame>
    <frame z="0" duration="1">
     <transform x="0" pX="0" pY="0" skX="0" skY="0" scX="0.98" y="-180" scY="0.98"/>
    </frame>
    <frame z="0" duration="1">
     <transform x="0" pX="0" pY="0" skX="0" skY="0" scX="1.01" y="-180" scY="0.99"/>
    </frame>
    <frame z="0" duration="1">
     <transform x="0" pX="0" pY="0" skX="0" skY="0" scX="1.03" y="-180" scY="1"/>
    </frame>
    <frame z="0" duration="1">
     <transform x="0" pX="0" pY="0" skX="0" skY="0" scX="1.02" y="-180" scY="1"/>
    </frame>
    <frame z="0" duration="1">
     <transform x="0" pX="0" pY="0" skX="0" skY="0" scX="1" y="-180" scY="1"/>
    </frame>
   </timeline>
  </animation>
 </armature>
 <armature name="Symbol 5255">
  <skin name="default">
   <slot name="图层 3" z="0" parent="图层 3">
    <display name="__dbTextures/Symbol 5255/图层 3_0" type="image">
     <transform x="-5.6" pX="0" pY="0" skX="0" skY="0" scX="1" y="-182" scY="1"/>
    </display>
    <display name="__dbTextures/Symbol 5255/图层 3_1" type="image">
     <transform x="-40.4" pX="0" pY="0" skX="0" skY="0" scX="1" y="-182" scY="1"/>
    </display>
    <display name="__dbTextures/Symbol 5255/图层 3_2" type="image">
     <transform x="-75.25" pX="0" pY="0" skX="0" skY="0" scX="1" y="-182" scY="1"/>
    </display>
    <display name="__dbTextures/Symbol 5255/图层 3_3" type="image">
     <transform x="-110.1" pX="0" pY="0" skX="0" skY="0" scX="1" y="-182" scY="1"/>
    </display>
    <display name="__dbTextures/Symbol 5255/图层 3_4" type="image">
     <transform x="-144.95" pX="0" pY="0" skX="0" skY="0" scX="1" y="-182" scY="1"/>
    </display>
    <display name="__dbTextures/Symbol 5255/图层 3_5" type="image">
     <transform x="-144.95" pX="0" pY="0" skX="0" skY="0" scX="1" y="-182" scY="1"/>
    </display>
    <display name="__dbTextures/Symbol 5255/图层 3_6" type="image">
     <transform x="-144.95" pX="0" pY="0" skX="0" skY="0" scX="1" y="-182" scY="1"/>
    </display>
    <display name="__dbTextures/Symbol 5255/图层 3_7" type="image">
     <transform x="-144.95" pX="0" pY="0" skX="0" skY="0" scX="1" y="-182" scY="1"/>
    </display>
    <display name="__dbTextures/Symbol 5255/图层 3_8" type="image">
     <transform x="-144.95" pX="0" pY="0" skX="0" skY="0" scX="1" y="-182" scY="1"/>
    </display>
    <display name="__dbTextures/Symbol 5255/图层 3_9" type="image">
     <transform x="-144.95" pX="0" pY="0" skX="0" skY="0" scX="1" y="-182" scY="1"/>
    </display>
   </slot>
   <slot name="图层 3_0" z="1" parent="图层 3_0">
    <display name="__dbTextures/Symbol 5255/图层 3_0_0" type="image">
     <transform x="-5.55" pX="0" pY="0" skX="0" skY="0" scX="1" y="-182" scY="1"/>
    </display>
    <display name="__dbTextures/Symbol 5255/图层 3_0_1" type="image">
     <transform x="-41.45" pX="0" pY="0" skX="0" skY="0" scX="1" y="-182" scY="1"/>
    </display>
    <display name="__dbTextures/Symbol 5255/图层 3_0_2" type="image">
     <transform x="-77.3" pX="0" pY="0" skX="0" skY="0" scX="1" y="-182" scY="1"/>
    </display>
    <display name="__dbTextures/Symbol 5255/图层 3_0_3" type="image">
     <transform x="-113.15" pX="0" pY="0" skX="0" skY="0" scX="1" y="-182" scY="1"/>
    </display>
    <display name="__dbTextures/Symbol 5255/图层 3_0_4" type="image">
     <transform x="-149.05" pX="0" pY="0" skX="0" skY="0" scX="1" y="-182" scY="1"/>
    </display>
    <display name="__dbTextures/Symbol 5255/图层 3_0_5" type="image">
     <transform x="-149.05" pX="0" pY="0" skX="0" skY="0" scX="1" y="-182" scY="1"/>
    </display>
    <display name="__dbTextures/Symbol 5255/图层 3_0_6" type="image">
     <transform x="-149.05" pX="0" pY="0" skX="0" skY="0" scX="1" y="-182" scY="1"/>
    </display>
    <display name="__dbTextures/Symbol 5255/图层 3_0_7" type="image">
     <transform x="-149.05" pX="0" pY="0" skX="0" skY="0" scX="1" y="-182" scY="1"/>
    </display>
    <display name="__dbTextures/Symbol 5255/图层 3_0_8" type="image">
     <transform x="-149.05" pX="0" pY="0" skX="0" skY="0" scX="1" y="-182" scY="1"/>
    </display>
    <display name="__dbTextures/Symbol 5255/图层 3_0_9" type="image">
     <transform x="-149.05" pX="0" pY="0" skX="0" skY="0" scX="1" y="-182" scY="1"/>
    </display>
   </slot>
   <slot name="Layer 9" z="2" parent="Layer 9">
    <display name="__dbTextures/Symbol 5255/Layer 9_0" type="image">
     <transform x="-129.5" pX="0" pY="0" skX="0" skY="0" scX="1" y="-29" scY="1"/>
    </display>
    <display name="__dbTextures/Symbol 5255/Layer 9_9" type="image">
     <transform x="-129.5" pX="0" pY="0" skX="0" skY="0" scX="1" y="-29" scY="1"/>
    </display>
   </slot>
   <slot name="Layer 8" z="3" parent="Layer 8">
    <display name="__dbTextures/Symbol 5255/Layer 8_0" type="image">
     <transform x="-216" pX="0" pY="0" skX="0" skY="0" scX="1" y="-35.75" scY="1"/>
    </display>
    <display name="__dbTextures/Symbol 5255/Layer 8_9" type="image">
     <transform x="-216" pX="0" pY="0" skX="0" skY="0" scX="1" y="-35.75" scY="1"/>
    </display>
   </slot>
   <slot name="easy" z="4" parent="easy">
    <display name="Symbol 5234" type="armature">
     <transform scY="1" skY="0" x="0" scX="1" skX="0" y="0"/>
    </display>
   </slot>
   <slot name="normal" z="5" parent="normal">
    <display name="Symbol 5241" type="armature">
     <transform scY="1" skY="0" x="0" scX="1" skX="0" y="0"/>
    </display>
   </slot>
   <slot name="hard" z="6" parent="hard">
    <display name="Symbol 5248" type="armature">
     <transform scY="1" skY="0" x="0" scX="1" skX="0" y="0"/>
    </display>
   </slot>
   <slot name="Layer 2" z="7" parent="Layer 2">
    <display name="Symbol 5251" type="image">
     <transform x="0" pX="21" pY="148" skX="0" skY="0" scX="1" y="0" scY="1"/>
    </display>
   </slot>
   <slot name="Layer 1" z="8" parent="Layer 1">
    <display name="Symbol 5253" type="image">
     <transform x="0" pX="22" pY="150" skX="0" skY="0" scX="1" y="0" scY="1"/>
    </display>
   </slot>
  </skin>
  <bone name="easy">
   <transform y="-10" skY="0" x="-180" scX="1" skX="0" scY="1"/>
  </bone>
  <bone name="图层 3_0">
   <transform y="3" skY="0" x="1.45" scX="1" skX="0" scY="1"/>
  </bone>
  <bone name="Layer 9">
   <transform y="-113.3" skY="0" x="1.2" scX="1" skX="0" scY="1"/>
  </bone>
  <bone name="Layer 8">
   <transform y="88.25" skY="0" x="-10.55" scX="1" skX="0" scY="1"/>
  </bone>
  <bone name="图层 3">
   <transform y="3" skY="0" x="-7.7" scX="1" skX="0" scY="1"/>
  </bone>
  <bone name="normal">
   <transform y="-9" skY="0" x="0" scX="1" skX="0" scY="1"/>
  </bone>
  <bone name="hard">
   <transform y="-21" skY="0" x="180" scX="1" skX="0" scY="1"/>
  </bone>
  <bone name="Layer 2">
   <transform y="0" skY="0" x="11.95" scX="1.19" skX="0" scY="1.19"/>
  </bone>
  <bone name="Layer 1">
   <transform y="0" skY="0" x="-11.95" scX="1.19" skX="0" scY="1.19"/>
  </bone>
  <animation name="first" scale="1" loop="1" fadeInTime="0.3" autoTween="NaN" duration="10" tweenEasing="NaN">
   <timeline name="图层 3" scale="1" pX="0" pY="0" offset="0">
    <frame z="0" duration="1" tweenEasing="NaN">
     <transform x="0" pX="0" pY="0" skX="0" skY="0" scX="1" y="0" scY="1"/>
    </frame>
    <frame z="0" displayIndex="1" duration="1" tweenEasing="NaN">
     <transform x="-34.849999999999994" pX="0" pY="0" skX="0" skY="0" scX="1" y="0" scY="1"/>
    </frame>
    <frame z="0" displayIndex="2" duration="1" tweenEasing="NaN">
     <transform x="-69.7" pX="0" pY="0" skX="0" skY="0" scX="1" y="0" scY="1"/>
    </frame>
    <frame z="0" displayIndex="3" duration="1" tweenEasing="NaN">
     <transform x="-104.5" pX="0" pY="0" skX="0" skY="0" scX="1" y="0" scY="1"/>
    </frame>
    <frame z="0" displayIndex="4" duration="1" tweenEasing="NaN">
     <transform x="-139.35000000000002" pX="0" pY="0" skX="0" skY="0" scX="1" y="0" scY="1"/>
    </frame>
    <frame z="0" displayIndex="5" duration="1" tweenEasing="NaN">
     <transform x="-139.35000000000002" pX="0" pY="0" skX="0" skY="0" scX="1" y="0" scY="1"/>
    </frame>
    <frame z="0" displayIndex="6" duration="1" tweenEasing="NaN">
     <transform x="-139.35000000000002" pX="0" pY="0" skX="0" skY="0" scX="1" y="0" scY="1"/>
    </frame>
    <frame z="0" displayIndex="7" duration="1" tweenEasing="NaN">
     <transform x="-139.35000000000002" pX="0" pY="0" skX="0" skY="0" scX="1" y="0" scY="1"/>
    </frame>
    <frame z="0" displayIndex="8" duration="1" tweenEasing="NaN">
     <transform x="-139.35000000000002" pX="0" pY="0" skX="0" skY="0" scX="1" y="0" scY="1"/>
    </frame>
    <frame z="0" displayIndex="9" duration="1" tweenEasing="NaN">
     <transform x="-139.35000000000002" pX="0" pY="0" skX="0" skY="0" scX="1" y="0" scY="1"/>
    </frame>
   </timeline>
   <timeline name="图层 3_0" scale="1" pX="0" pY="0" offset="0">
    <frame z="0" duration="1" tweenEasing="NaN">
     <transform x="0" pX="0" pY="0" skX="0" skY="0" scX="1" y="0" scY="1"/>
    </frame>
    <frame z="0" displayIndex="1" duration="1" tweenEasing="NaN">
     <transform x="35.9" pX="0" pY="0" skX="0" skY="0" scX="1" y="0" scY="1"/>
    </frame>
    <frame z="0" displayIndex="2" duration="1" tweenEasing="NaN">
     <transform x="71.75" pX="0" pY="0" skX="0" skY="0" scX="1" y="0" scY="1"/>
    </frame>
    <frame z="0" displayIndex="3" duration="1" tweenEasing="NaN">
     <transform x="107.6" pX="0" pY="0" skX="0" skY="0" scX="1" y="0" scY="1"/>
    </frame>
    <frame z="0" displayIndex="4" duration="1" tweenEasing="NaN">
     <transform x="143.5" pX="0" pY="0" skX="0" skY="0" scX="1" y="0" scY="1"/>
    </frame>
    <frame z="0" displayIndex="5" duration="1" tweenEasing="NaN">
     <transform x="143.5" pX="0" pY="0" skX="0" skY="0" scX="1" y="0" scY="1"/>
    </frame>
    <frame z="0" displayIndex="6" duration="1" tweenEasing="NaN">
     <transform x="143.5" pX="0" pY="0" skX="0" skY="0" scX="1" y="0" scY="1"/>
    </frame>
    <frame z="0" displayIndex="7" duration="1" tweenEasing="NaN">
     <transform x="143.5" pX="0" pY="0" skX="0" skY="0" scX="1" y="0" scY="1"/>
    </frame>
    <frame z="0" displayIndex="8" duration="1" tweenEasing="NaN">
     <transform x="143.5" pX="0" pY="0" skX="0" skY="0" scX="1" y="0" scY="1"/>
    </frame>
    <frame z="0" displayIndex="9" duration="1" tweenEasing="NaN">
     <transform x="143.5" pX="0" pY="0" skX="0" skY="0" scX="1" y="0" scY="1"/>
    </frame>
   </timeline>
   <timeline name="Layer 9" scale="1" pX="0" pY="0" offset="0">
    <frame z="0" duration="9" tweenEasing="NaN">
     <transform x="0" pX="0" pY="0" skX="0" skY="0" scX="1" y="0" scY="1"/>
    </frame>
    <frame z="0" displayIndex="1" duration="1" tweenEasing="NaN">
     <transform x="0" pX="0" pY="0" skX="0" skY="0" scX="1" y="0" scY="1"/>
    </frame>
   </timeline>
   <timeline name="Layer 8" scale="1" pX="0" pY="0" offset="0">
    <frame z="0" duration="9" tweenEasing="NaN">
     <transform x="0" pX="0" pY="0" skX="0" skY="0" scX="1" y="0" scY="1"/>
    </frame>
    <frame z="0" displayIndex="1" duration="1" tweenEasing="NaN">
     <transform x="0" pX="0" pY="0" skX="0" skY="0" scX="1" y="0" scY="1"/>
    </frame>
   </timeline>
   <timeline name="easy" scale="1" pX="0" pY="0" offset="0">
    <frame displayIndex="-1" duration="6"/>
    <frame z="0" duration="3">
     <transform x="0" pX="0" pY="0" skX="0" skY="0" scX="1" y="0" scY="1"/>
    </frame>
    <frame z="0" duration="1">
     <transform x="0" pX="0" pY="0" skX="0" skY="0" scX="1" y="0" scY="1"/>
    </frame>
   </timeline>
   <timeline name="normal" scale="1" pX="0" pY="0" offset="0">
    <frame displayIndex="-1" duration="2"/>
    <frame z="0" duration="7">
     <transform x="0" pX="0" pY="0" skX="0" skY="0" scX="1" y="0" scY="1"/>
    </frame>
    <frame z="0" duration="1">
     <transform x="0" pX="0" pY="0" skX="0" skY="0" scX="1" y="0" scY="1"/>
    </frame>
   </timeline>
   <timeline name="hard" scale="1" pX="0" pY="0" offset="0">
    <frame displayIndex="-1" duration="6"/>
    <frame z="0" duration="3">
     <transform x="0" pX="0" pY="0" skX="0" skY="0" scX="1" y="0" scY="1"/>
    </frame>
    <frame z="0" duration="1">
     <transform x="0" pX="0" pY="0" skX="0" skY="0" scX="1" y="0" scY="1"/>
    </frame>
   </timeline>
   <timeline name="Layer 2" scale="1" pX="0" pY="0" offset="0">
    <frame z="0" duration="1">
     <transform x="0" pX="0" pY="0" skX="0" skY="0" scX="1" y="0" scY="1"/>
    </frame>
    <frame z="0" duration="1">
     <transform x="37.150000000000006" pX="0" pY="0" skX="0" skY="0" scX="1" y="0" scY="1"/>
    </frame>
    <frame z="0" duration="1">
     <transform x="74.3" pX="0" pY="0" skX="0" skY="0" scX="1" y="0" scY="1"/>
    </frame>
    <frame z="0" duration="1">
     <transform x="111.45" pX="0" pY="0" skX="0" skY="0" scX="1" y="0" scY="1"/>
    </frame>
    <frame z="0" duration="1">
     <transform x="148.60000000000002" pX="0" pY="0" skX="0" skY="0" scX="1" y="0" scY="1"/>
    </frame>
    <frame z="0" duration="1">
     <transform x="185.75" pX="0" pY="0" skX="0" skY="0" scX="1" y="0" scY="1"/>
    </frame>
    <frame z="0" duration="1">
     <transform x="222.9" pX="0" pY="0" skX="0" skY="0" scX="1" y="0" scY="1"/>
    </frame>
    <frame z="0" duration="2">
     <transform x="260.05" pX="0" pY="0" skX="0" skY="0" scX="1" y="0" scY="1"/>
    </frame>
    <frame z="0" duration="1">
     <transform x="260.05" pX="0" pY="0" skX="0" skY="0" scX="1" y="0" scY="1"/>
    </frame>
   </timeline>
   <timeline name="Layer 1" scale="1" pX="0" pY="0" offset="0">
    <frame z="0" duration="1">
     <transform x="0" pX="0" pY="0" skX="0" skY="0" scX="1" y="0" scY="1"/>
    </frame>
    <frame z="0" duration="1">
     <transform x="-37" pX="0" pY="0" skX="0" skY="0" scX="1" y="0" scY="1"/>
    </frame>
    <frame z="0" duration="1">
     <transform x="-74" pX="0" pY="0" skX="0" skY="0" scX="1" y="0" scY="1"/>
    </frame>
    <frame z="0" duration="1">
     <transform x="-111" pX="0" pY="0" skX="0" skY="0" scX="1" y="0" scY="1"/>
    </frame>
    <frame z="0" duration="1">
     <transform x="-148.05" pX="0" pY="0" skX="0" skY="0" scX="1" y="0" scY="1"/>
    </frame>
    <frame z="0" duration="1">
     <transform x="-185.05" pX="0" pY="0" skX="0" skY="0" scX="1" y="0" scY="1"/>
    </frame>
    <frame z="0" duration="1">
     <transform x="-222.05" pX="0" pY="0" skX="0" skY="0" scX="1" y="0" scY="1"/>
    </frame>
    <frame z="0" duration="2">
     <transform x="-259.05" pX="0" pY="0" skX="0" skY="0" scX="1" y="0" scY="1"/>
    </frame>
    <frame z="0" duration="1">
     <transform x="-259.05" pX="0" pY="0" skX="0" skY="0" scX="1" y="0" scY="1"/>
    </frame>
   </timeline>
   <frame duration="9"/>
   <frame duration="1"/>
  </animation>
 </armature>
 <armature name="Symbol 5234">
  <skin name="default">
   <slot name="Layer 2" z="0" parent="Layer 2">
    <display name="__dbTextures/Symbol 5234/Layer 2_0" type="image">
     <transform x="-80" pX="0" pY="0" skX="0" skY="0" scX="1" y="-69" scY="1"/>
    </display>
    <display name="__dbTextures/Symbol 5234/Layer 2_1" type="image">
     <transform x="-80" pX="0" pY="0" skX="0" skY="0" scX="1" y="-69" scY="1"/>
    </display>
    <display name="__dbTextures/Symbol 5234/Layer 2_2" type="image">
     <transform x="-80" pX="0" pY="0" skX="0" skY="0" scX="1" y="-69" scY="1"/>
    </display>
    <display name="__dbTextures/Symbol 5234/Layer 2_3" type="image">
     <transform x="-80" pX="0" pY="0" skX="0" skY="0" scX="1" y="-69" scY="1"/>
    </display>
   </slot>
   <slot name="complexityCase" z="1" parent="complexityCase">
    <display name="Symbol 47" type="image">
     <transform x="0" pX="25" pY="25" skX="0" skY="0" scX="1" y="0" scY="1"/>
    </display>
   </slot>
  </skin>
  <bone name="Layer 2">
   <transform y="0" skY="0" x="0" scX="1" skX="0" scY="1"/>
  </bone>
  <bone name="complexityCase">
   <transform y="0" skY="0" x="0" scX="3.2" skX="0" scY="2.76"/>
  </bone>
  <animation name="easy" scale="1" loop="1" fadeInTime="0.3" autoTween="NaN" duration="4" tweenEasing="NaN">
   <timeline name="Layer 2" scale="1" pX="0" pY="0" offset="0">
    <frame z="0" duration="1" tweenEasing="NaN">
     <transform x="0" pX="0" pY="0" skX="0" skY="0" scX="1" y="0" scY="1"/>
    </frame>
    <frame z="0" displayIndex="1" duration="1" tweenEasing="NaN">
     <transform x="0" pX="0" pY="0" skX="0" skY="0" scX="1" y="0" scY="1"/>
    </frame>
    <frame z="0" displayIndex="2" duration="1" tweenEasing="NaN">
     <transform x="0" pX="0" pY="0" skX="0" skY="0" scX="1" y="0" scY="1"/>
    </frame>
    <frame z="0" displayIndex="3" duration="1" tweenEasing="NaN">
     <transform x="0" pX="0" pY="0" skX="0" skY="0" scX="1" y="0" scY="1"/>
    </frame>
   </timeline>
   <timeline name="complexityCase" scale="1" pX="0" pY="0" offset="0">
    <frame z="0" duration="3">
     <transform x="0" pX="0" pY="0" skX="0" skY="0" scX="1" y="0" scY="1"/>
    </frame>
    <frame z="0" duration="1">
     <transform x="0" pX="0" pY="0" skX="0" skY="0" scX="1" y="0" scY="1"/>
    </frame>
   </timeline>
   <frame duration="3"/>
   <frame duration="1"/>
  </animation>
 </armature>
 <armature name="Symbol 5241">
  <skin name="default">
   <slot name="Layer 2" z="0" parent="Layer 2">
    <display name="__dbTextures/Symbol 5241/Layer 2_0" type="image">
     <transform x="-80" pX="0" pY="0" skX="0" skY="0" scX="1" y="-69.5" scY="1"/>
    </display>
    <display name="__dbTextures/Symbol 5241/Layer 2_1" type="image">
     <transform x="-80" pX="0" pY="0" skX="0" skY="0" scX="1" y="-69.5" scY="1"/>
    </display>
    <display name="__dbTextures/Symbol 5241/Layer 2_2" type="image">
     <transform x="-80" pX="0" pY="0" skX="0" skY="0" scX="1" y="-69.5" scY="1"/>
    </display>
    <display name="__dbTextures/Symbol 5241/Layer 2_3" type="image">
     <transform x="-80" pX="0" pY="0" skX="0" skY="0" scX="1" y="-69.5" scY="1"/>
    </display>
   </slot>
   <slot name="complexityCase" z="1" parent="complexityCase">
    <display name="Symbol 47" type="image">
     <transform x="0" pX="25" pY="25" skX="0" skY="0" scX="1" y="0" scY="1"/>
    </display>
   </slot>
  </skin>
  <bone name="Layer 2">
   <transform y="-0.5" skY="0" x="0" scX="1" skX="0" scY="1"/>
  </bone>
  <bone name="complexityCase">
   <transform y="0" skY="0" x="0" scX="3.2" skX="0" scY="2.76"/>
  </bone>
  <animation name="normal" scale="1" loop="1" fadeInTime="0.3" autoTween="NaN" duration="4" tweenEasing="NaN">
   <timeline name="Layer 2" scale="1" pX="0" pY="0" offset="0">
    <frame z="0" duration="1" tweenEasing="NaN">
     <transform x="0" pX="0" pY="0" skX="0" skY="0" scX="1" y="0" scY="1"/>
    </frame>
    <frame z="0" displayIndex="1" duration="1" tweenEasing="NaN">
     <transform x="0" pX="0" pY="0" skX="0" skY="0" scX="1" y="0" scY="1"/>
    </frame>
    <frame z="0" displayIndex="2" duration="1" tweenEasing="NaN">
     <transform x="0" pX="0" pY="0" skX="0" skY="0" scX="1" y="0" scY="1"/>
    </frame>
    <frame z="0" displayIndex="3" duration="1" tweenEasing="NaN">
     <transform x="0" pX="0" pY="0" skX="0" skY="0" scX="1" y="0" scY="1"/>
    </frame>
   </timeline>
   <timeline name="complexityCase" scale="1" pX="0" pY="0" offset="0">
    <frame z="0" duration="3">
     <transform x="0" pX="0" pY="0" skX="0" skY="0" scX="1" y="0" scY="1"/>
    </frame>
    <frame z="0" duration="1">
     <transform x="0" pX="0" pY="0" skX="0" skY="0" scX="1" y="0" scY="1"/>
    </frame>
   </timeline>
   <frame duration="3"/>
   <frame duration="1"/>
  </animation>
 </armature>
 <armature name="Symbol 5248">
  <skin name="default">
   <slot name="Layer 2" z="0" parent="Layer 2">
    <display name="__dbTextures/Symbol 5248/Layer 2_0" type="image">
     <transform x="-80" pX="0" pY="0" skX="0" skY="0" scX="1" y="-74" scY="1"/>
    </display>
    <display name="__dbTextures/Symbol 5248/Layer 2_1" type="image">
     <transform x="-80" pX="0" pY="0" skX="0" skY="0" scX="1" y="-74" scY="1"/>
    </display>
    <display name="__dbTextures/Symbol 5248/Layer 2_2" type="image">
     <transform x="-80" pX="0" pY="0" skX="0" skY="0" scX="1" y="-74" scY="1"/>
    </display>
    <display name="__dbTextures/Symbol 5248/Layer 2_3" type="image">
     <transform x="-80" pX="0" pY="0" skX="0" skY="0" scX="1" y="-74" scY="1"/>
    </display>
   </slot>
   <slot name="complexityCase" z="1" parent="complexityCase">
    <display name="Symbol 47" type="image">
     <transform x="0" pX="25" pY="25" skX="0" skY="0" scX="1" y="0" scY="1"/>
    </display>
   </slot>
  </skin>
  <bone name="Layer 2">
   <transform y="0" skY="0" x="0" scX="1" skX="0" scY="1"/>
  </bone>
  <bone name="complexityCase">
   <transform y="0" skY="0" x="0" scX="3.2" skX="0" scY="2.76"/>
  </bone>
  <animation name="hard" scale="1" loop="1" fadeInTime="0.3" autoTween="NaN" duration="4" tweenEasing="NaN">
   <timeline name="Layer 2" scale="1" pX="0" pY="0" offset="0">
    <frame z="0" duration="1" tweenEasing="NaN">
     <transform x="0" pX="0" pY="0" skX="0" skY="0" scX="1" y="0" scY="1"/>
    </frame>
    <frame z="0" displayIndex="1" duration="1" tweenEasing="NaN">
     <transform x="0" pX="0" pY="0" skX="0" skY="0" scX="1" y="0" scY="1"/>
    </frame>
    <frame z="0" displayIndex="2" duration="1" tweenEasing="NaN">
     <transform x="0" pX="0" pY="0" skX="0" skY="0" scX="1" y="0" scY="1"/>
    </frame>
    <frame z="0" displayIndex="3" duration="1" tweenEasing="NaN">
     <transform x="0" pX="0" pY="0" skX="0" skY="0" scX="1" y="0" scY="1"/>
    </frame>
   </timeline>
   <timeline name="complexityCase" scale="1" pX="0" pY="0" offset="0">
    <frame z="0" duration="3">
     <transform x="0" pX="0" pY="0" skX="0" skY="0" scX="1" y="0" scY="1"/>
    </frame>
    <frame z="0" duration="1">
     <transform x="0" pX="0" pY="0" skX="0" skY="0" scX="1" y="0" scY="1"/>
    </frame>
   </timeline>
   <frame duration="3"/>
   <frame duration="1"/>
  </animation>
 </armature>
</root>