<TextureAtlas name="DeifficultyLevel_mc" imagePath="texture.png">
 <SubTexture name="Symbol 5222" x="0" y="0" width="700" height="500"/>
 <SubTexture name="Symbol 5256" x="702" y="0" width="700" height="500"/>
 <SubTexture name="__dbTextures/Symbol 5255/Layer 10_0" x="1404" y="0" width="586" height="364"/>
 <SubTexture name="位图 2" x="1404" y="437" width="259" height="58"/>
 <SubTexture name="位图 1" x="1404" y="366" width="432" height="69"/>
 <SubTexture name="Symbol 5251" x="1992" y="302" width="43" height="298"/>
 <SubTexture name="Symbol 5253" x="1992" y="0" width="45" height="300"/>
 <SubTexture name="__dbTextures/Symbol 5234/Layer 2_0" x="810" y="502" width="160" height="138"/>
 <SubTexture name="__dbTextures/Symbol 5234/Layer 2_1" x="486" y="502" width="160" height="138"/>
 <SubTexture name="__dbTextures/Symbol 5234/Layer 2_2" x="648" y="502" width="160" height="138"/>
 <SubTexture name="Symbol 47" x="1838" y="366" width="50" height="50"/>
 <SubTexture name="__dbTextures/Symbol 5241/Layer 2_0" x="324" y="502" width="160" height="139"/>
 <SubTexture name="__dbTextures/Symbol 5241/Layer 2_1" x="162" y="502" width="160" height="139"/>
 <SubTexture name="__dbTextures/Symbol 5241/Layer 2_2" x="0" y="502" width="160" height="139"/>
 <SubTexture name="__dbTextures/Symbol 5248/Layer 2_0" x="1827" y="437" width="160" height="148"/>
 <SubTexture name="__dbTextures/Symbol 5248/Layer 2_1" x="1404" y="497" width="160" height="148"/>
 <SubTexture name="__dbTextures/Symbol 5248/Layer 2_2" x="1665" y="437" width="160" height="148"/>
</TextureAtlas>